----------------------------------------TEACHER----------------------------------------
init_std                                 0.01
embedding_dim                            400
----------------------------------------TEACHER----------------------------------------
----------------------------------------STUDENT----------------------------------------
init_std                                 0.01
embedding_dim                            20
----------------------------------------STUDENT----------------------------------------
----------------------------------------ARGUMENTS----------------------------------------
run_all                                  False
seed                                     0
gpu_id                                   0
no_log                                   False
no_save                                  False
suffix                                   anchor_marginal_power4_es20
verbose                                  False
ablation                                 False
task                                     rec
dataset                                  citeulike
batch_size                               2048
num_ns                                   1
neg_sampling_on_all                      False
T_backbone                               bpr
S_backbone                               bpr
model                                    arcekd
preload                                  False
postsave                                 False
train_teacher                            False
ckpt_interval                            -1
epochs                                   1000
lr                                       0.001
wd                                       1e-05
lmbda                                    500
srce_alpha                               1.0
srce_s                                   20.0
srce_eta                                 1.0
srce_Lu                                  20
srce_mode                                union
srce_kappa                               0.0
eval_period                              1
K_list                                   [10, 20]
early_stop_metric                        NDCG
early_stop_K                             20
early_stop_patience                      30
LOG_DIR                                  logs/
CONFIG_DIR                               configs/
DATA_DIR                                 data/
CKPT_DIR                                 checkpoints/
CRAFT_DIR                                crafts/
mkd_tau                                  1
mkd_K                                    50
mkd_L                                    50
mkd_T                                    10
mkd_mxK                                  200
mkd_beta                                 3
sample_rank                              False
arce_sampler                             marginal
arce_mix_alpha                           0.9
arce_sampling_power                      4
arce_gamma_mode                          sample_overlap
----------------------------------------ARGUMENTS----------------------------------------
----------------------------------------Teacher----------------------------------------
09/05/2026,07:22:01: ------------------------------
09/05/2026,07:22:01: valid Recall@10: 0.06778 Recall@20: 0.10315 NDCG@10: 0.04052 NDCG@20: 0.05027
09/05/2026,07:22:01: test Recall@10: 0.02747 Recall@20: 0.04385 NDCG@10: 0.01551 NDCG@20: 0.02003
----------------------------------------------------------------------------------------
09/05/2026,07:22:01: Epoch [1/1000]
09/05/2026,07:22:01: Negative sampling...
09/05/2026,07:22:03: Model's personal time...
09/05/2026,07:22:03: Model diagnostics: arce_anchor_count_mean=0.112665, arce_blocker_budget_mean=49.887333, arce_blocker_entropy_mean=5.295020, arce_closure_difficulty_mean=1.604772, arce_closure_difficulty_std=0.018529, arce_gamma_effective_beta=3.000000, arce_gamma_max=1.000000, arce_gamma_mean=0.993461, arce_gamma_min=0.835270, arce_gamma_mode=sample_overlap, arce_gamma_reassignment_l1_mean=0.000000, arce_gamma_std=0.019448, arce_sample_gamma_mean=0.993461, arce_sampled_teacher_overlap_mean=0.002253, arce_sampler=marginal, arce_sampling_power=4.000000, arce_teacher_missing_mass_mean=0.997778, arce_teacher_missing_mass_std=0.011310
09/05/2026,07:22:03: Training...
09/05/2026,07:22:04: Evaluating...
09/05/2026,07:22:04: 	Train Loss: 4615812.5000 (base: 1390.9955, kd: 9228.8438), Elapsed: train 2.84 test 0.33 *
09/05/2026,07:22:04: 	Recall@10: 0.01902 Recall@20: 0.02582 NDCG@10: 0.01140 NDCG@20: 0.01321 
09/05/2026,07:22:04: 	Recall@10: 0.00759 Recall@20: 0.01018 NDCG@10: 0.00451 NDCG@20: 0.00524 
09/05/2026,07:22:04: Epoch [2/1000]
09/05/2026,07:22:04: Negative sampling...
09/05/2026,07:22:06: Model's personal time...
09/05/2026,07:22:06: Model diagnostics: arce_anchor_count_mean=6.672926, arce_blocker_budget_mean=43.327072, arce_blocker_entropy_mean=5.134849, arce_closure_difficulty_mean=1.159489, arce_closure_difficulty_std=0.281863, arce_gamma_effective_beta=3.000000, arce_gamma_max=1.000000, arce_gamma_mean=0.706253, arce_gamma_min=0.155673, arce_gamma_mode=sample_overlap, arce_gamma_reassignment_l1_mean=0.000000, arce_gamma_std=0.207887, arce_sample_gamma_mean=0.706253, arce_sampled_teacher_overlap_mean=0.133459, arce_sampler=marginal, arce_sampling_power=4.000000, arce_teacher_missing_mass_mean=0.712810, arce_teacher_missing_mass_std=0.196532
09/05/2026,07:22:06: Training...
09/05/2026,07:22:07: Evaluating...
09/05/2026,07:22:07: 	Train Loss: 4262367.5000 (base: 1382.0375, kd: 8521.9697), Elapsed: train 2.62 test 0.26 *
09/05/2026,07:22:07: 	Recall@10: 0.03206 Recall@20: 0.04712 NDCG@10: 0.02058 NDCG@20: 0.02461 
09/05/2026,07:22:07: 	Recall@10: 0.01272 Recall@20: 0.02089 NDCG@10: 0.00769 NDCG@20: 0.00993 
09/05/2026,07:22:07: Epoch [3/1000]
09/05/2026,07:22:07: Negative sampling...
09/05/2026,07:22:09: Model's personal time...
09/05/2026,07:22:09: Model diagnostics: arce_anchor_count_mean=11.513891, arce_blocker_budget_mean=38.486107, arce_blocker_entropy_mean=5.070016, arce_closure_difficulty_mean=1.032510, arce_closure_difficulty_std=0.272772, arce_gamma_effective_beta=3.000000, arce_gamma_max=1.000000, arce_gamma_mean=0.541125, arce_gamma_min=0.122456, arce_gamma_mode=sample_overlap, arce_gamma_reassignment_l1_mean=0.000000, arce_gamma_std=0.203642, arce_sample_gamma_mean=0.541125, arce_sampled_teacher_overlap_mean=0.230278, arce_sampler=marginal, arce_sampling_power=4.000000, arce_teacher_missing_mass_mean=0.602758, arce_teacher_missing_mass_std=0.189978
09/05/2026,07:22:09: Training...
09/05/2026,07:22:10: Evaluating...
09/05/2026,07:22:10: 	Train Loss: 4156596.2500 (base: 1364.9883, kd: 8310.4619), Elapsed: train 2.42 test 0.26 *
09/05/2026,07:22:10: 	Recall@10: 0.03471 Recall@20: 0.04854 NDCG@10: 0.02233 NDCG@20: 0.02602 
09/05/2026,07:22:10: 	Recall@10: 0.01387 Recall@20: 0.02036 NDCG@10: 0.00833 NDCG@20: 0.01014 
09/05/2026,07:22:10: Epoch [4/1000]
09/05/2026,07:22:10: Negative sampling...
09/05/2026,07:22:11: Model's personal time...
09/05/2026,07:22:11: Model diagnostics: arce_anchor_count_mean=11.878138, arce_blocker_budget_mean=38.121861, arce_blocker_entropy_mean=5.064612, arce_closure_difficulty_mean=1.035715, arce_closure_difficulty_std=0.255104, arce_gamma_effective_beta=3.000000, arce_gamma_max=1.000000, arce_gamma_mean=0.520587, arce_gamma_min=0.165299, arce_gamma_mode=sample_overlap, arce_gamma_reassignment_l1_mean=0.000000, arce_gamma_std=0.178963, arce_sample_gamma_mean=0.520587, arce_sampled_teacher_overlap_mean=0.237563, arce_sampler=marginal, arce_sampling_power=4.000000, arce_teacher_missing_mass_mean=0.592274, arce_teacher_missing_mass_std=0.174952
09/05/2026,07:22:11: Training...
09/05/2026,07:22:12: Evaluating...
09/05/2026,07:22:13: 	Train Loss: 4075079.0000 (base: 1342.7417, kd: 8147.4722), Elapsed: train 2.30 test 0.27 *
09/05/2026,07:22:13: 	Recall@10: 0.03844 Recall@20: 0.05395 NDCG@10: 0.02407 NDCG@20: 0.02831 
09/05/2026,07:22:13: 	Recall@10: 0.01403 Recall@20: 0.02255 NDCG@10: 0.00856 NDCG@20: 0.01100 
09/05/2026,07:22:13: Epoch [5/1000]
09/05/2026,07:22:13: Negative sampling...
09/05/2026,07:22:14: Model's personal time...
09/05/2026,07:22:14: Model diagnostics: arce_anchor_count_mean=13.512742, arce_blocker_budget_mean=36.487259, arce_blocker_entropy_mean=5.043313, arce_closure_difficulty_mean=1.022451, arce_closure_difficulty_std=0.260524, arce_gamma_effective_beta=3.000000, arce_gamma_max=1.000000, arce_gamma_mean=0.476831, arce_gamma_min=0.155673, arce_gamma_mode=sample_overlap, arce_gamma_reassignment_l1_mean=0.000000, arce_gamma_std=0.180445, arce_sample_gamma_mean=0.476831, arce_sampled_teacher_overlap_mean=0.270255, arce_sampler=marginal, arce_sampling_power=4.000000, arce_teacher_missing_mass_mean=0.563859, arce_teacher_missing_mass_std=0.175921
09/05/2026,07:22:14: Training...
09/05/2026,07:22:15: Evaluating...
09/05/2026,07:22:15: 	Train Loss: 3971957.5000 (base: 1311.5848, kd: 7941.2920), Elapsed: train 2.65 test 0.27 *
09/05/2026,07:22:15: 	Recall@10: 0.03930 Recall@20: 0.05583 NDCG@10: 0.02439 NDCG@20: 0.02885 
09/05/2026,07:22:15: 	Recall@10: 0.01470 Recall@20: 0.02377 NDCG@10: 0.00880 NDCG@20: 0.01136 
09/05/2026,07:22:15: Epoch [6/1000]
09/05/2026,07:22:15: Negative sampling...
09/05/2026,07:22:17: Model's personal time...
09/05/2026,07:22:17: Model diagnostics: arce_anchor_count_mean=14.360222, arce_blocker_budget_mean=35.639778, arce_blocker_entropy_mean=5.005903, arce_closure_difficulty_mean=1.014863, arce_closure_difficulty_std=0.264729, arce_gamma_effective_beta=3.000000, arce_gamma_max=1.000000, arce_gamma_mean=0.455378, arce_gamma_min=0.138069, arce_gamma_mode=sample_overlap, arce_gamma_reassignment_l1_mean=0.000000, arce_gamma_std=0.178649, arce_sample_gamma_mean=0.455378, arce_sampled_teacher_overlap_mean=0.287204, arce_sampler=marginal, arce_sampling_power=4.000000, arce_teacher_missing_mass_mean=0.546066, arce_teacher_missing_mass_std=0.175474
09/05/2026,07:22:17: Training...
09/05/2026,07:22:18: Evaluating...
09/05/2026,07:22:18: 	Train Loss: 3879271.0000 (base: 1275.7332, kd: 7755.9907), Elapsed: train 2.48 test 0.30 *
09/05/2026,07:22:18: 	Recall@10: 0.03964 Recall@20: 0.05664 NDCG@10: 0.02496 NDCG@20: 0.02955 
09/05/2026,07:22:18: 	Recall@10: 0.01558 Recall@20: 0.02456 NDCG@10: 0.00910 NDCG@20: 0.01163 
09/05/2026,07:22:18: Epoch [7/1000]
09/05/2026,07:22:18: Negative sampling...
09/05/2026,07:22:20: Model's personal time...
09/05/2026,07:22:20: Model diagnostics: arce_anchor_count_mean=15.574247, arce_blocker_budget_mean=34.425751, arce_blocker_entropy_mean=4.940673, arce_closure_difficulty_mean=1.003027, arce_closure_difficulty_std=0.276426, arce_gamma_effective_beta=3.000000, arce_gamma_max=1.000000, arce_gamma_mean=0.428374, arce_gamma_min=0.108609, arce_gamma_mode=sample_overlap, arce_gamma_reassignment_l1_mean=0.000000, arce_gamma_std=0.181150, arce_sample_gamma_mean=0.428374, arce_sampled_teacher_overlap_mean=0.311485, arce_sampler=marginal, arce_sampling_power=4.000000, arce_teacher_missing_mass_mean=0.525069, arce_teacher_missing_mass_std=0.179411
09/05/2026,07:22:20: Training...
09/05/2026,07:22:21: Evaluating...
09/05/2026,07:22:21: 	Train Loss: 3795152.5000 (base: 1234.2159, kd: 7587.8364), Elapsed: train 2.74 test 0.26 *
09/05/2026,07:22:21: 	Recall@10: 0.04260 Recall@20: 0.06024 NDCG@10: 0.02634 NDCG@20: 0.03115 
09/05/2026,07:22:21: 	Recall@10: 0.01759 Recall@20: 0.02606 NDCG@10: 0.00970 NDCG@20: 0.01205 
09/05/2026,07:22:21: Epoch [8/1000]
09/05/2026,07:22:21: Negative sampling...
09/05/2026,07:22:23: Model's personal time...
09/05/2026,07:22:23: Model diagnostics: arce_anchor_count_mean=16.507952, arce_blocker_budget_mean=33.492046, arce_blocker_entropy_mean=4.866997, arce_closure_difficulty_mean=0.994230, arce_closure_difficulty_std=0.282621, arce_gamma_effective_beta=3.000000, arce_gamma_max=1.000000, arce_gamma_mean=0.407001, arce_gamma_min=0.115325, arce_gamma_mode=sample_overlap, arce_gamma_reassignment_l1_mean=0.000000, arce_gamma_std=0.178501, arce_sample_gamma_mean=0.407001, arce_sampled_teacher_overlap_mean=0.330159, arce_sampler=marginal, arce_sampling_power=4.000000, arce_teacher_missing_mass_mean=0.507464, arce_teacher_missing_mass_std=0.179901
09/05/2026,07:22:23: Training...
09/05/2026,07:22:24: Evaluating...
09/05/2026,07:22:24: 	Train Loss: 3727922.5000 (base: 1190.4569, kd: 7453.4644), Elapsed: train 2.91 test 0.27 *
09/05/2026,07:22:24: 	Recall@10: 0.04490 Recall@20: 0.06033 NDCG@10: 0.02723 NDCG@20: 0.03148 
09/05/2026,07:22:24: 	Recall@10: 0.01859 Recall@20: 0.02689 NDCG@10: 0.01002 NDCG@20: 0.01234 
09/05/2026,07:22:24: Epoch [9/1000]
09/05/2026,07:22:24: Negative sampling...
09/05/2026,07:22:26: Model's personal time...
09/05/2026,07:22:26: Model diagnostics: arce_anchor_count_mean=17.480743, arce_blocker_budget_mean=32.519257, arce_blocker_entropy_mean=4.788821, arce_closure_difficulty_mean=0.984026, arce_closure_difficulty_std=0.289190, arce_gamma_effective_beta=3.000000, arce_gamma_max=1.000000, arce_gamma_mean=0.386254, arce_gamma_min=0.115325, arce_gamma_mode=sample_overlap, arce_gamma_reassignment_l1_mean=0.000000, arce_gamma_std=0.176287, arce_sample_gamma_mean=0.386254, arce_sampled_teacher_overlap_mean=0.349615, arce_sampler=marginal, arce_sampling_power=4.000000, arce_teacher_missing_mass_mean=0.489952, arce_teacher_missing_mass_std=0.181187
09/05/2026,07:22:26: Training...
09/05/2026,07:22:27: Evaluating...
09/05/2026,07:22:27: 	Train Loss: 3675883.7500 (base: 1143.8292, kd: 7349.4795), Elapsed: train 2.44 test 0.25 *
09/05/2026,07:22:27: 	Recall@10: 0.04650 Recall@20: 0.06439 NDCG@10: 0.02816 NDCG@20: 0.03317 
09/05/2026,07:22:27: 	Recall@10: 0.01960 Recall@20: 0.02842 NDCG@10: 0.01032 NDCG@20: 0.01274 
09/05/2026,07:22:27: Epoch [10/1000]
09/05/2026,07:22:27: Negative sampling...
09/05/2026,07:22:29: Model's personal time...
09/05/2026,07:22:29: Model diagnostics: arce_anchor_count_mean=18.444147, arce_blocker_budget_mean=31.555853, arce_blocker_entropy_mean=4.712746, arce_closure_difficulty_mean=0.971372, arce_closure_difficulty_std=0.296601, arce_gamma_effective_beta=3.000000, arce_gamma_max=1.000000, arce_gamma_mean=0.367707, arce_gamma_min=0.090718, arce_gamma_mode=sample_overlap, arce_gamma_reassignment_l1_mean=0.000000, arce_gamma_std=0.176434, arce_sample_gamma_mean=0.367707, arce_sampled_teacher_overlap_mean=0.368883, arce_sampler=marginal, arce_sampling_power=4.000000, arce_teacher_missing_mass_mean=0.472602, arce_teacher_missing_mass_std=0.182824
09/05/2026,07:22:29: Training...
09/05/2026,07:22:30: Evaluating...
09/05/2026,07:22:30: 	Train Loss: 3637514.0000 (base: 1097.7362, kd: 7272.8325), Elapsed: train 2.52 test 0.26 *
09/05/2026,07:22:30: 	Recall@10: 0.04873 Recall@20: 0.06701 NDCG@10: 0.02969 NDCG@20: 0.03471 
09/05/2026,07:22:30: 	Recall@10: 0.02011 Recall@20: 0.02942 NDCG@10: 0.01067 NDCG@20: 0.01327 
09/05/2026,07:22:30: Epoch [11/1000]
09/05/2026,07:22:30: Negative sampling...
09/05/2026,07:22:31: Model's personal time...
09/05/2026,07:22:31: Model diagnostics: arce_anchor_count_mean=19.402184, arce_blocker_budget_mean=30.597815, arce_blocker_entropy_mean=4.638543, arce_closure_difficulty_mean=0.955937, arce_closure_difficulty_std=0.303149, arce_gamma_effective_beta=3.000000, arce_gamma_max=1.000000, arce_gamma_mean=0.349454, arce_gamma_min=0.096328, arce_gamma_mode=sample_overlap, arce_gamma_reassignment_l1_mean=0.000000, arce_gamma_std=0.174119, arce_sample_gamma_mean=0.349454, arce_sampled_teacher_overlap_mean=0.388044, arce_sampler=marginal, arce_sampling_power=4.000000, arce_teacher_missing_mass_mean=0.455361, arce_teacher_missing_mass_std=0.183647
09/05/2026,07:22:31: Training...
09/05/2026,07:22:33: Evaluating...
09/05/2026,07:22:33: 	Train Loss: 3609094.5000 (base: 1052.2782, kd: 7216.0840), Elapsed: train 2.59 test 0.26 *
09/05/2026,07:22:33: 	Recall@10: 0.05107 Recall@20: 0.07015 NDCG@10: 0.03071 NDCG@20: 0.03589 
09/05/2026,07:22:33: 	Recall@10: 0.02079 Recall@20: 0.02971 NDCG@10: 0.01138 NDCG@20: 0.01384 
09/05/2026,07:22:33: Epoch [12/1000]
09/05/2026,07:22:33: Negative sampling...
09/05/2026,07:22:34: Model's personal time...
09/05/2026,07:22:34: Model diagnostics: arce_anchor_count_mean=20.174171, arce_blocker_budget_mean=29.825829, arce_blocker_entropy_mean=4.587753, arce_closure_difficulty_mean=0.943187, arce_closure_difficulty_std=0.306591, arce_gamma_effective_beta=3.000000, arce_gamma_max=1.000000, arce_gamma_mean=0.334861, arce_gamma_min=0.085435, arce_gamma_mode=sample_overlap, arce_gamma_reassignment_l1_mean=0.000000, arce_gamma_std=0.170108, arce_sample_gamma_mean=0.334861, arce_sampled_teacher_overlap_mean=0.403483, arce_sampler=marginal, arce_sampling_power=4.000000, arce_teacher_missing_mass_mean=0.440426, arce_teacher_missing_mass_std=0.182587
09/05/2026,07:22:34: Training...
09/05/2026,07:22:35: Evaluating...
09/05/2026,07:22:35: 	Train Loss: 3584133.7500 (base: 1008.7846, kd: 7166.2500), Elapsed: train 2.36 test 0.25 *
09/05/2026,07:22:35: 	Recall@10: 0.05199 Recall@20: 0.07105 NDCG@10: 0.03162 NDCG@20: 0.03683 
09/05/2026,07:22:35: 	Recall@10: 0.02082 Recall@20: 0.03033 NDCG@10: 0.01128 NDCG@20: 0.01390 
09/05/2026,07:22:35: Epoch [13/1000]
09/05/2026,07:22:35: Negative sampling...
09/05/2026,07:22:37: Model's personal time...
09/05/2026,07:22:37: Model diagnostics: arce_anchor_count_mean=20.892700, arce_blocker_budget_mean=29.107300, arce_blocker_entropy_mean=4.529039, arce_closure_difficulty_mean=0.929721, arce_closure_difficulty_std=0.310271, arce_gamma_effective_beta=3.000000, arce_gamma_max=1.000000, arce_gamma_mean=0.322038, arce_gamma_min=0.090718, arce_gamma_mode=sample_overlap, arce_gamma_reassignment_l1_mean=0.000000, arce_gamma_std=0.167117, arce_sample_gamma_mean=0.322038, arce_sampled_teacher_overlap_mean=0.417854, arce_sampler=marginal, arce_sampling_power=4.000000, arce_teacher_missing_mass_mean=0.426850, arce_teacher_missing_mass_std=0.182350
09/05/2026,07:22:37: Training...
09/05/2026,07:22:38: Evaluating...
09/05/2026,07:22:38: 	Train Loss: 3564612.5000 (base: 969.1559, kd: 7127.2856), Elapsed: train 2.53 test 0.34 *
09/05/2026,07:22:38: 	Recall@10: 0.05268 Recall@20: 0.07432 NDCG@10: 0.03195 NDCG@20: 0.03782 
09/05/2026,07:22:38: 	Recall@10: 0.02188 Recall@20: 0.03075 NDCG@10: 0.01178 NDCG@20: 0.01421 
09/05/2026,07:22:38: Epoch [14/1000]
09/05/2026,07:22:38: Negative sampling...
09/05/2026,07:22:40: Model's personal time...
09/05/2026,07:22:40: Model diagnostics: arce_anchor_count_mean=21.654722, arce_blocker_budget_mean=28.345276, arce_blocker_entropy_mean=4.485175, arce_closure_difficulty_mean=0.915626, arce_closure_difficulty_std=0.313753, arce_gamma_effective_beta=3.000000, arce_gamma_max=1.000000, arce_gamma_mean=0.308979, arce_gamma_min=0.075774, arce_gamma_mode=sample_overlap, arce_gamma_reassignment_l1_mean=0.000000, arce_gamma_std=0.163298, arce_sample_gamma_mean=0.308979, arce_sampled_teacher_overlap_mean=0.433094, arce_sampler=marginal, arce_sampling_power=4.000000, arce_teacher_missing_mass_mean=0.413055, arce_teacher_missing_mass_std=0.181298
09/05/2026,07:22:40: Training...
09/05/2026,07:22:41: Evaluating...
09/05/2026,07:22:41: 	Train Loss: 3548076.2500 (base: 930.4571, kd: 7094.2920), Elapsed: train 2.87 test 0.34 *
09/05/2026,07:22:41: 	Recall@10: 0.05366 Recall@20: 0.07725 NDCG@10: 0.03268 NDCG@20: 0.03906 
09/05/2026,07:22:41: 	Recall@10: 0.02213 Recall@20: 0.03203 NDCG@10: 0.01222 NDCG@20: 0.01489 
09/05/2026,07:22:41: Epoch [15/1000]
09/05/2026,07:22:41: Negative sampling...
09/05/2026,07:22:43: Model's personal time...
09/05/2026,07:22:43: Model diagnostics: arce_anchor_count_mean=22.296225, arce_blocker_budget_mean=27.703773, arce_blocker_entropy_mean=4.463413, arce_closure_difficulty_mean=0.902579, arce_closure_difficulty_std=0.315150, arce_gamma_effective_beta=3.000000, arce_gamma_max=1.000000, arce_gamma_mean=0.298135, arce_gamma_min=0.075774, arce_gamma_mode=sample_overlap, arce_gamma_reassignment_l1_mean=0.000000, arce_gamma_std=0.160268, arce_sample_gamma_mean=0.298135, arce_sampled_teacher_overlap_mean=0.445924, arce_sampler=marginal, arce_sampling_power=4.000000, arce_teacher_missing_mass_mean=0.400354, arce_teacher_missing_mass_std=0.179973
09/05/2026,07:22:43: Training...
09/05/2026,07:22:44: Evaluating...
09/05/2026,07:22:45: 	Train Loss: 3534569.0000 (base: 896.0635, kd: 7067.3462), Elapsed: train 2.71 test 0.32 *
09/05/2026,07:22:45: 	Recall@10: 0.05433 Recall@20: 0.07940 NDCG@10: 0.03300 NDCG@20: 0.03985 
09/05/2026,07:22:45: 	Recall@10: 0.02268 Recall@20: 0.03361 NDCG@10: 0.01228 NDCG@20: 0.01523 
09/05/2026,07:22:45: Epoch [16/1000]
09/05/2026,07:22:45: Negative sampling...
09/05/2026,07:22:46: Model's personal time...
09/05/2026,07:22:46: Model diagnostics: arce_anchor_count_mean=22.839815, arce_blocker_budget_mean=27.160183, arce_blocker_entropy_mean=4.434650, arce_closure_difficulty_mean=0.890167, arce_closure_difficulty_std=0.315309, arce_gamma_effective_beta=3.000000, arce_gamma_max=1.000000, arce_gamma_mean=0.288764, arce_gamma_min=0.071361, arce_gamma_mode=sample_overlap, arce_gamma_reassignment_l1_mean=0.000000, arce_gamma_std=0.156840, arce_sample_gamma_mean=0.288764, arce_sampled_teacher_overlap_mean=0.456796, arce_sampler=marginal, arce_sampling_power=4.000000, arce_teacher_missing_mass_mean=0.389195, arce_teacher_missing_mass_std=0.177800
09/05/2026,07:22:46: Training...
09/05/2026,07:22:47: Evaluating...
09/05/2026,07:22:47: 	Train Loss: 3523353.7500 (base: 861.4935, kd: 7044.9844), Elapsed: train 2.49 test 0.27 *
09/05/2026,07:22:47: 	Recall@10: 0.05528 Recall@20: 0.07988 NDCG@10: 0.03380 NDCG@20: 0.04052 
09/05/2026,07:22:47: 	Recall@10: 0.02347 Recall@20: 0.03363 NDCG@10: 0.01274 NDCG@20: 0.01546 
09/05/2026,07:22:47: Epoch [17/1000]
09/05/2026,07:22:47: Negative sampling...
09/05/2026,07:22:49: Model's personal time...
09/05/2026,07:22:49: Model diagnostics: arce_anchor_count_mean=23.317110, arce_blocker_budget_mean=26.682890, arce_blocker_entropy_mean=4.399501, arce_closure_difficulty_mean=0.879406, arce_closure_difficulty_std=0.317404, arce_gamma_effective_beta=3.000000, arce_gamma_max=1.000000, arce_gamma_mean=0.281200, arce_gamma_min=0.067206, arce_gamma_mode=sample_overlap, arce_gamma_reassignment_l1_mean=0.000000, arce_gamma_std=0.154065, arce_sample_gamma_mean=0.281200, arce_sampled_teacher_overlap_mean=0.466342, arce_sampler=marginal, arce_sampling_power=4.000000, arce_teacher_missing_mass_mean=0.379699, arce_teacher_missing_mass_std=0.176245
09/05/2026,07:22:49: Training...
09/05/2026,07:22:50: Evaluating...
09/05/2026,07:22:50: 	Train Loss: 3512858.7500 (base: 832.8757, kd: 7024.0518), Elapsed: train 2.64 test 0.27 *
09/05/2026,07:22:50: 	Recall@10: 0.05551 Recall@20: 0.08153 NDCG@10: 0.03394 NDCG@20: 0.04103 
09/05/2026,07:22:50: 	Recall@10: 0.02290 Recall@20: 0.03488 NDCG@10: 0.01272 NDCG@20: 0.01588 
09/05/2026,07:22:50: Epoch [18/1000]
09/05/2026,07:22:50: Negative sampling...
09/05/2026,07:22:52: Model's personal time...
09/05/2026,07:22:52: Model diagnostics: arce_anchor_count_mean=23.799004, arce_blocker_budget_mean=26.200996, arce_blocker_entropy_mean=4.380860, arce_closure_difficulty_mean=0.868182, arce_closure_difficulty_std=0.318015, arce_gamma_effective_beta=3.000000, arce_gamma_max=1.000000, arce_gamma_mean=0.273315, arce_gamma_min=0.067206, arce_gamma_mode=sample_overlap, arce_gamma_reassignment_l1_mean=0.000000, arce_gamma_std=0.150038, arce_sample_gamma_mean=0.273315, arce_sampled_teacher_overlap_mean=0.475980, arce_sampler=marginal, arce_sampling_power=4.000000, arce_teacher_missing_mass_mean=0.369718, arce_teacher_missing_mass_std=0.173754
09/05/2026,07:22:52: Training...
09/05/2026,07:22:53: Evaluating...
09/05/2026,07:22:53: 	Train Loss: 3504698.0000 (base: 806.2620, kd: 7007.7832), Elapsed: train 2.54 test 0.30 *
09/05/2026,07:22:53: 	Recall@10: 0.05582 Recall@20: 0.08119 NDCG@10: 0.03435 NDCG@20: 0.04125 
09/05/2026,07:22:53: 	Recall@10: 0.02366 Recall@20: 0.03514 NDCG@10: 0.01321 NDCG@20: 0.01630 
09/05/2026,07:22:53: Epoch [19/1000]
09/05/2026,07:22:53: Negative sampling...
09/05/2026,07:22:54: Model's personal time...
09/05/2026,07:22:54: Model diagnostics: arce_anchor_count_mean=24.178961, arce_blocker_budget_mean=25.821037, arce_blocker_entropy_mean=4.365739, arce_closure_difficulty_mean=0.858664, arce_closure_difficulty_std=0.318852, arce_gamma_effective_beta=3.000000, arce_gamma_max=1.000000, arce_gamma_mean=0.267370, arce_gamma_min=0.067206, arce_gamma_mode=sample_overlap, arce_gamma_reassignment_l1_mean=0.000000, arce_gamma_std=0.147699, arce_sample_gamma_mean=0.267370, arce_sampled_teacher_overlap_mean=0.483579, arce_sampler=marginal, arce_sampling_power=4.000000, arce_teacher_missing_mass_mean=0.361373, arce_teacher_missing_mass_std=0.172285
09/05/2026,07:22:54: Training...
09/05/2026,07:22:56: Evaluating...
09/05/2026,07:22:56: 	Train Loss: 3496664.0000 (base: 780.3729, kd: 6991.7676), Elapsed: train 2.75 test 0.32 *
09/05/2026,07:22:56: 	Recall@10: 0.05667 Recall@20: 0.08366 NDCG@10: 0.03458 NDCG@20: 0.04187 
09/05/2026,07:22:56: 	Recall@10: 0.02309 Recall@20: 0.03488 NDCG@10: 0.01294 NDCG@20: 0.01614 
09/05/2026,07:22:56: Epoch [20/1000]
09/05/2026,07:22:56: Negative sampling...
09/05/2026,07:22:58: Model's personal time...
09/05/2026,07:22:58: Model diagnostics: arce_anchor_count_mean=24.609503, arce_blocker_budget_mean=25.390495, arce_blocker_entropy_mean=4.346707, arce_closure_difficulty_mean=0.849531, arce_closure_difficulty_std=0.320051, arce_gamma_effective_beta=3.000000, arce_gamma_max=1.000000, arce_gamma_mean=0.260761, arce_gamma_min=0.059606, arce_gamma_mode=sample_overlap, arce_gamma_reassignment_l1_mean=0.000000, arce_gamma_std=0.144657, arce_sample_gamma_mean=0.260761, arce_sampled_teacher_overlap_mean=0.492190, arce_sampler=marginal, arce_sampling_power=4.000000, arce_teacher_missing_mass_mean=0.353039, arce_teacher_missing_mass_std=0.170393
09/05/2026,07:22:58: Training...
09/05/2026,07:22:59: Evaluating...
09/05/2026,07:22:59: 	Train Loss: 3490033.0000 (base: 754.3649, kd: 6978.5566), Elapsed: train 2.86 test 0.27
09/05/2026,07:22:59: 	Recall@10: 0.05788 Recall@20: 0.08310 NDCG@10: 0.03482 NDCG@20: 0.04174 
09/05/2026,07:22:59: 	Recall@10: 0.02398 Recall@20: 0.03545 NDCG@10: 0.01341 NDCG@20: 0.01652 
09/05/2026,07:22:59: Epoch [21/1000]
09/05/2026,07:22:59: Negative sampling...
09/05/2026,07:23:01: Model's personal time...
09/05/2026,07:23:01: Model diagnostics: arce_anchor_count_mean=24.976814, arce_blocker_budget_mean=25.023184, arce_blocker_entropy_mean=4.327785, arce_closure_difficulty_mean=0.839946, arce_closure_difficulty_std=0.319348, arce_gamma_effective_beta=3.000000, arce_gamma_max=1.000000, arce_gamma_mean=0.255116, arce_gamma_min=0.059606, arce_gamma_mode=sample_overlap, arce_gamma_reassignment_l1_mean=0.000000, arce_gamma_std=0.141916, arce_sample_gamma_mean=0.255116, arce_sampled_teacher_overlap_mean=0.499536, arce_sampler=marginal, arce_sampling_power=4.000000, arce_teacher_missing_mass_mean=0.345168, arce_teacher_missing_mass_std=0.168026
09/05/2026,07:23:01: Training...
09/05/2026,07:23:02: Evaluating...
09/05/2026,07:23:02: 	Train Loss: 3485073.5000 (base: 731.5602, kd: 6968.6841), Elapsed: train 2.63 test 0.27 *
09/05/2026,07:23:02: 	Recall@10: 0.05854 Recall@20: 0.08372 NDCG@10: 0.03520 NDCG@20: 0.04212 
09/05/2026,07:23:02: 	Recall@10: 0.02416 Recall@20: 0.03560 NDCG@10: 0.01343 NDCG@20: 0.01656 
09/05/2026,07:23:02: Epoch [22/1000]
09/05/2026,07:23:02: Negative sampling...
09/05/2026,07:23:04: Model's personal time...
09/05/2026,07:23:04: Model diagnostics: arce_anchor_count_mean=25.268633, arce_blocker_budget_mean=24.731365, arce_blocker_entropy_mean=4.314262, arce_closure_difficulty_mean=0.831522, arce_closure_difficulty_std=0.319659, arce_gamma_effective_beta=3.000000, arce_gamma_max=1.000000, arce_gamma_mean=0.250773, arce_gamma_min=0.063292, arce_gamma_mode=sample_overlap, arce_gamma_reassignment_l1_mean=0.000000, arce_gamma_std=0.139882, arce_sample_gamma_mean=0.250773, arce_sampled_teacher_overlap_mean=0.505373, arce_sampler=marginal, arce_sampling_power=4.000000, arce_teacher_missing_mass_mean=0.338201, arce_teacher_missing_mass_std=0.166367
09/05/2026,07:23:04: Training...
09/05/2026,07:23:05: Evaluating...
09/05/2026,07:23:05: 	Train Loss: 3479882.5000 (base: 713.1623, kd: 6958.3379), Elapsed: train 2.65 test 0.27 *
09/05/2026,07:23:05: 	Recall@10: 0.05952 Recall@20: 0.08537 NDCG@10: 0.03561 NDCG@20: 0.04272 
09/05/2026,07:23:05: 	Recall@10: 0.02463 Recall@20: 0.03627 NDCG@10: 0.01363 NDCG@20: 0.01680 
09/05/2026,07:23:05: Epoch [23/1000]
09/05/2026,07:23:05: Negative sampling...
09/05/2026,07:23:06: Model's personal time...
09/05/2026,07:23:06: Model diagnostics: arce_anchor_count_mean=25.587469, arce_blocker_budget_mean=24.412531, arce_blocker_entropy_mean=4.294272, arce_closure_difficulty_mean=0.822546, arce_closure_difficulty_std=0.318832, arce_gamma_effective_beta=3.000000, arce_gamma_max=1.000000, arce_gamma_mean=0.246047, arce_gamma_min=0.063292, arce_gamma_mode=sample_overlap, arce_gamma_reassignment_l1_mean=0.000000, arce_gamma_std=0.137309, arce_sample_gamma_mean=0.246047, arce_sampled_teacher_overlap_mean=0.511749, arce_sampler=marginal, arce_sampling_power=4.000000, arce_teacher_missing_mass_mean=0.331143, arce_teacher_missing_mass_std=0.163939
09/05/2026,07:23:06: Training...
09/05/2026,07:23:08: Evaluating...
09/05/2026,07:23:08: 	Train Loss: 3475436.0000 (base: 690.6931, kd: 6949.4902), Elapsed: train 2.54 test 0.27 *
09/05/2026,07:23:08: 	Recall@10: 0.05913 Recall@20: 0.08575 NDCG@10: 0.03550 NDCG@20: 0.04281 
09/05/2026,07:23:08: 	Recall@10: 0.02491 Recall@20: 0.03584 NDCG@10: 0.01368 NDCG@20: 0.01668 
09/05/2026,07:23:08: Epoch [24/1000]
09/05/2026,07:23:08: Negative sampling...
09/05/2026,07:23:09: Model's personal time...
09/05/2026,07:23:09: Model diagnostics: arce_anchor_count_mean=25.921633, arce_blocker_budget_mean=24.078367, arce_blocker_entropy_mean=4.288325, arce_closure_difficulty_mean=0.813647, arce_closure_difficulty_std=0.318269, arce_gamma_effective_beta=3.000000, arce_gamma_max=1.000000, arce_gamma_mean=0.241289, arce_gamma_min=0.059606, arce_gamma_mode=sample_overlap, arce_gamma_reassignment_l1_mean=0.000000, arce_gamma_std=0.135075, arce_sample_gamma_mean=0.241289, arce_sampled_teacher_overlap_mean=0.518433, arce_sampler=marginal, arce_sampling_power=4.000000, arce_teacher_missing_mass_mean=0.323733, arce_teacher_missing_mass_std=0.161551
09/05/2026,07:23:09: Training...
09/05/2026,07:23:10: Evaluating...
09/05/2026,07:23:11: 	Train Loss: 3471336.7500 (base: 670.7401, kd: 6941.3320), Elapsed: train 2.52 test 0.26 *
09/05/2026,07:23:11: 	Recall@10: 0.05953 Recall@20: 0.08784 NDCG@10: 0.03550 NDCG@20: 0.04325 
09/05/2026,07:23:11: 	Recall@10: 0.02453 Recall@20: 0.03672 NDCG@10: 0.01367 NDCG@20: 0.01701 
09/05/2026,07:23:11: Epoch [25/1000]
09/05/2026,07:23:11: Negative sampling...
09/05/2026,07:23:12: Model's personal time...
09/05/2026,07:23:12: Model diagnostics: arce_anchor_count_mean=26.157885, arce_blocker_budget_mean=23.842115, arce_blocker_entropy_mean=4.271132, arce_closure_difficulty_mean=0.806306, arce_closure_difficulty_std=0.317711, arce_gamma_effective_beta=3.000000, arce_gamma_max=1.000000, arce_gamma_mean=0.237706, arce_gamma_min=0.059606, arce_gamma_mode=sample_overlap, arce_gamma_reassignment_l1_mean=0.000000, arce_gamma_std=0.133235, arce_sample_gamma_mean=0.237706, arce_sampled_teacher_overlap_mean=0.523158, arce_sampler=marginal, arce_sampling_power=4.000000, arce_teacher_missing_mass_mean=0.317970, arce_teacher_missing_mass_std=0.159326
09/05/2026,07:23:12: Training...
09/05/2026,07:23:13: Evaluating...
09/05/2026,07:23:13: 	Train Loss: 3468027.2500 (base: 653.7573, kd: 6934.7466), Elapsed: train 2.35 test 0.28 *
09/05/2026,07:23:13: 	Recall@10: 0.05931 Recall@20: 0.08882 NDCG@10: 0.03553 NDCG@20: 0.04359 
09/05/2026,07:23:13: 	Recall@10: 0.02491 Recall@20: 0.03621 NDCG@10: 0.01391 NDCG@20: 0.01702 
09/05/2026,07:23:13: Epoch [26/1000]
09/05/2026,07:23:13: Negative sampling...
09/05/2026,07:23:15: Model's personal time...
09/05/2026,07:23:15: Model diagnostics: arce_anchor_count_mean=26.423262, arce_blocker_budget_mean=23.576738, arce_blocker_entropy_mean=4.264343, arce_closure_difficulty_mean=0.799739, arce_closure_difficulty_std=0.317692, arce_gamma_effective_beta=3.000000, arce_gamma_max=1.000000, arce_gamma_mean=0.234346, arce_gamma_min=0.056135, arce_gamma_mode=sample_overlap, arce_gamma_reassignment_l1_mean=0.000000, arce_gamma_std=0.132356, arce_sample_gamma_mean=0.234346, arce_sampled_teacher_overlap_mean=0.528465, arce_sampler=marginal, arce_sampling_power=4.000000, arce_teacher_missing_mass_mean=0.312588, arce_teacher_missing_mass_std=0.158226
09/05/2026,07:23:15: Training...
09/05/2026,07:23:16: Evaluating...
09/05/2026,07:23:16: 	Train Loss: 3464093.2500 (base: 637.5484, kd: 6926.9116), Elapsed: train 2.61 test 0.27 *
09/05/2026,07:23:16: 	Recall@10: 0.06150 Recall@20: 0.08930 NDCG@10: 0.03630 NDCG@20: 0.04392 
09/05/2026,07:23:16: 	Recall@10: 0.02536 Recall@20: 0.03678 NDCG@10: 0.01397 NDCG@20: 0.01713 
09/05/2026,07:23:16: Epoch [27/1000]
09/05/2026,07:23:16: Negative sampling...
09/05/2026,07:23:18: Model's personal time...
09/05/2026,07:23:18: Model diagnostics: arce_anchor_count_mean=26.672733, arce_blocker_budget_mean=23.327265, arce_blocker_entropy_mean=4.249625, arce_closure_difficulty_mean=0.793016, arce_closure_difficulty_std=0.316129, arce_gamma_effective_beta=3.000000, arce_gamma_max=1.000000, arce_gamma_mean=0.230548, arce_gamma_min=0.059606, arce_gamma_mode=sample_overlap, arce_gamma_reassignment_l1_mean=0.000000, arce_gamma_std=0.129735, arce_sample_gamma_mean=0.230548, arce_sampled_teacher_overlap_mean=0.533455, arce_sampler=marginal, arce_sampling_power=4.000000, arce_teacher_missing_mass_mean=0.306936, arce_teacher_missing_mass_std=0.155224
09/05/2026,07:23:18: Training...
09/05/2026,07:23:19: Evaluating...
09/05/2026,07:23:19: 	Train Loss: 3460820.5000 (base: 621.9855, kd: 6920.3965), Elapsed: train 2.51 test 0.25 *
09/05/2026,07:23:19: 	Recall@10: 0.06124 Recall@20: 0.08983 NDCG@10: 0.03623 NDCG@20: 0.04410 
09/05/2026,07:23:19: 	Recall@10: 0.02500 Recall@20: 0.03637 NDCG@10: 0.01382 NDCG@20: 0.01695 
09/05/2026,07:23:19: Epoch [28/1000]
09/05/2026,07:23:19: Negative sampling...
09/05/2026,07:23:20: Model's personal time...
09/05/2026,07:23:20: Model diagnostics: arce_anchor_count_mean=26.904770, arce_blocker_budget_mean=23.095228, arce_blocker_entropy_mean=4.240130, arce_closure_difficulty_mean=0.786750, arce_closure_difficulty_std=0.315520, arce_gamma_effective_beta=3.000000, arce_gamma_max=1.000000, arce_gamma_mean=0.227360, arce_gamma_min=0.056135, arce_gamma_mode=sample_overlap, arce_gamma_reassignment_l1_mean=0.000000, arce_gamma_std=0.127843, arce_sample_gamma_mean=0.227360, arce_sampled_teacher_overlap_mean=0.538095, arce_sampler=marginal, arce_sampling_power=4.000000, arce_teacher_missing_mass_mean=0.301915, arce_teacher_missing_mass_std=0.153786
09/05/2026,07:23:20: Training...
09/05/2026,07:23:21: Evaluating...
09/05/2026,07:23:22: 	Train Loss: 3458329.5000 (base: 606.5828, kd: 6915.4458), Elapsed: train 2.45 test 0.26 *
09/05/2026,07:23:22: 	Recall@10: 0.06264 Recall@20: 0.08931 NDCG@10: 0.03674 NDCG@20: 0.04416 
09/05/2026,07:23:22: 	Recall@10: 0.02495 Recall@20: 0.03651 NDCG@10: 0.01391 NDCG@20: 0.01709 
09/05/2026,07:23:22: Epoch [29/1000]
09/05/2026,07:23:22: Negative sampling...
09/05/2026,07:23:23: Model's personal time...
09/05/2026,07:23:23: Model diagnostics: arce_anchor_count_mean=27.093121, arce_blocker_budget_mean=22.906878, arce_blocker_entropy_mean=4.226368, arce_closure_difficulty_mean=0.781384, arce_closure_difficulty_std=0.314439, arce_gamma_effective_beta=3.000000, arce_gamma_max=1.000000, arce_gamma_mean=0.224616, arce_gamma_min=0.056135, arce_gamma_mode=sample_overlap, arce_gamma_reassignment_l1_mean=0.000000, arce_gamma_std=0.126226, arce_sample_gamma_mean=0.224616, arce_sampled_teacher_overlap_mean=0.541862, arce_sampler=marginal, arce_sampling_power=4.000000, arce_teacher_missing_mass_mean=0.297503, arce_teacher_missing_mass_std=0.152020
09/05/2026,07:23:23: Training...
09/05/2026,07:23:24: Evaluating...
09/05/2026,07:23:24: 	Train Loss: 3455228.0000 (base: 593.9823, kd: 6909.2676), Elapsed: train 2.51 test 0.33 *
09/05/2026,07:23:24: 	Recall@10: 0.06239 Recall@20: 0.08976 NDCG@10: 0.03693 NDCG@20: 0.04451 
09/05/2026,07:23:24: 	Recall@10: 0.02514 Recall@20: 0.03661 NDCG@10: 0.01382 NDCG@20: 0.01698 
09/05/2026,07:23:24: Epoch [30/1000]
09/05/2026,07:23:24: Negative sampling...
09/05/2026,07:23:26: Model's personal time...
09/05/2026,07:23:26: Model diagnostics: arce_anchor_count_mean=27.304272, arce_blocker_budget_mean=22.695726, arce_blocker_entropy_mean=4.212270, arce_closure_difficulty_mean=0.775412, arce_closure_difficulty_std=0.313548, arce_gamma_effective_beta=3.000000, arce_gamma_max=1.000000, arce_gamma_mean=0.221807, arce_gamma_min=0.056135, arce_gamma_mode=sample_overlap, arce_gamma_reassignment_l1_mean=0.000000, arce_gamma_std=0.124449, arce_sample_gamma_mean=0.221807, arce_sampled_teacher_overlap_mean=0.546085, arce_sampler=marginal, arce_sampling_power=4.000000, arce_teacher_missing_mass_mean=0.292887, arce_teacher_missing_mass_std=0.149921
09/05/2026,07:23:26: Training...
09/05/2026,07:23:27: Evaluating...
09/05/2026,07:23:28: 	Train Loss: 3453255.0000 (base: 578.6539, kd: 6905.3530), Elapsed: train 2.97 test 0.28 *
09/05/2026,07:23:28: 	Recall@10: 0.06258 Recall@20: 0.08997 NDCG@10: 0.03711 NDCG@20: 0.04468 
09/05/2026,07:23:28: 	Recall@10: 0.02576 Recall@20: 0.03704 NDCG@10: 0.01402 NDCG@20: 0.01713 
09/05/2026,07:23:28: Epoch [31/1000]
09/05/2026,07:23:28: Negative sampling...
09/05/2026,07:23:29: Model's personal time...
09/05/2026,07:23:29: Model diagnostics: arce_anchor_count_mean=27.484959, arce_blocker_budget_mean=22.515041, arce_blocker_entropy_mean=4.197243, arce_closure_difficulty_mean=0.770064, arce_closure_difficulty_std=0.313095, arce_gamma_effective_beta=3.000000, arce_gamma_max=0.941765, arce_gamma_mean=0.219243, arce_gamma_min=0.056135, arce_gamma_mode=sample_overlap, arce_gamma_reassignment_l1_mean=0.000000, arce_gamma_std=0.122973, arce_sample_gamma_mean=0.219243, arce_sampled_teacher_overlap_mean=0.549699, arce_sampler=marginal, arce_sampling_power=4.000000, arce_teacher_missing_mass_mean=0.288847, arce_teacher_missing_mass_std=0.148492
09/05/2026,07:23:29: Training...
09/05/2026,07:23:30: Evaluating...
09/05/2026,07:23:31: 	Train Loss: 3450553.5000 (base: 567.1949, kd: 6899.9727), Elapsed: train 2.71 test 0.30 *
09/05/2026,07:23:31: 	Recall@10: 0.06235 Recall@20: 0.09000 NDCG@10: 0.03726 NDCG@20: 0.04482 
09/05/2026,07:23:31: 	Recall@10: 0.02555 Recall@20: 0.03817 NDCG@10: 0.01400 NDCG@20: 0.01742 
09/05/2026,07:23:31: Epoch [32/1000]
09/05/2026,07:23:31: Negative sampling...
09/05/2026,07:23:32: Model's personal time...
09/05/2026,07:23:32: Model diagnostics: arce_anchor_count_mean=27.690170, arce_blocker_budget_mean=22.309830, arce_blocker_entropy_mean=4.184824, arce_closure_difficulty_mean=0.765105, arce_closure_difficulty_std=0.312264, arce_gamma_effective_beta=3.000000, arce_gamma_max=0.941765, arce_gamma_mean=0.216583, arce_gamma_min=0.052866, arce_gamma_mode=sample_overlap, arce_gamma_reassignment_l1_mean=0.000000, arce_gamma_std=0.121906, arce_sample_gamma_mean=0.216583, arce_sampled_teacher_overlap_mean=0.553803, arce_sampler=marginal, arce_sampling_power=4.000000, arce_teacher_missing_mass_mean=0.284535, arce_teacher_missing_mass_std=0.146516
09/05/2026,07:23:32: Training...
09/05/2026,07:23:33: Evaluating...
09/05/2026,07:23:34: 	Train Loss: 3448689.2500 (base: 555.3771, kd: 6896.2676), Elapsed: train 2.61 test 0.29
09/05/2026,07:23:34: 	Recall@10: 0.06187 Recall@20: 0.08937 NDCG@10: 0.03704 NDCG@20: 0.04461 
09/05/2026,07:23:34: 	Recall@10: 0.02569 Recall@20: 0.03763 NDCG@10: 0.01408 NDCG@20: 0.01733 
09/05/2026,07:23:34: Epoch [33/1000]
09/05/2026,07:23:34: Negative sampling...
09/05/2026,07:23:35: Model's personal time...
09/05/2026,07:23:35: Model diagnostics: arce_anchor_count_mean=27.843266, arce_blocker_budget_mean=22.156734, arce_blocker_entropy_mean=4.173744, arce_closure_difficulty_mean=0.760394, arce_closure_difficulty_std=0.311641, arce_gamma_effective_beta=3.000000, arce_gamma_max=0.941765, arce_gamma_mean=0.214520, arce_gamma_min=0.056135, arce_gamma_mode=sample_overlap, arce_gamma_reassignment_l1_mean=0.000000, arce_gamma_std=0.120529, arce_sample_gamma_mean=0.214520, arce_sampled_teacher_overlap_mean=0.556865, arce_sampler=marginal, arce_sampling_power=4.000000, arce_teacher_missing_mass_mean=0.280865, arce_teacher_missing_mass_std=0.144790
09/05/2026,07:23:35: Training...
09/05/2026,07:23:36: Evaluating...
09/05/2026,07:23:36: 	Train Loss: 3445912.7500 (base: 542.9227, kd: 6890.7397), Elapsed: train 2.50 test 0.30
09/05/2026,07:23:36: 	Recall@10: 0.06277 Recall@20: 0.08922 NDCG@10: 0.03728 NDCG@20: 0.04459 
09/05/2026,07:23:36: 	Recall@10: 0.02569 Recall@20: 0.03846 NDCG@10: 0.01407 NDCG@20: 0.01756 
09/05/2026,07:23:36: Epoch [34/1000]
09/05/2026,07:23:36: Negative sampling...
09/05/2026,07:23:38: Model's personal time...
09/05/2026,07:23:38: Model diagnostics: arce_anchor_count_mean=28.026058, arce_blocker_budget_mean=21.973942, arce_blocker_entropy_mean=4.159997, arce_closure_difficulty_mean=0.755369, arce_closure_difficulty_std=0.311699, arce_gamma_effective_beta=3.000000, arce_gamma_max=0.941765, arce_gamma_mean=0.212164, arce_gamma_min=0.056135, arce_gamma_mode=sample_overlap, arce_gamma_reassignment_l1_mean=0.000000, arce_gamma_std=0.119384, arce_sample_gamma_mean=0.212164, arce_sampled_teacher_overlap_mean=0.560521, arce_sampler=marginal, arce_sampling_power=4.000000, arce_teacher_missing_mass_mean=0.277269, arce_teacher_missing_mass_std=0.144033
09/05/2026,07:23:38: Training...
09/05/2026,07:23:39: Evaluating...
09/05/2026,07:23:39: 	Train Loss: 3445221.7500 (base: 532.9357, kd: 6889.3774), Elapsed: train 2.69 test 0.27
09/05/2026,07:23:39: 	Recall@10: 0.06252 Recall@20: 0.08902 NDCG@10: 0.03727 NDCG@20: 0.04461 
09/05/2026,07:23:39: 	Recall@10: 0.02617 Recall@20: 0.03880 NDCG@10: 0.01420 NDCG@20: 0.01763 
09/05/2026,07:23:39: Epoch [35/1000]
09/05/2026,07:23:39: Negative sampling...
09/05/2026,07:23:41: Model's personal time...
09/05/2026,07:23:41: Model diagnostics: arce_anchor_count_mean=28.156544, arce_blocker_budget_mean=21.843456, arce_blocker_entropy_mean=4.143232, arce_closure_difficulty_mean=0.750788, arce_closure_difficulty_std=0.310321, arce_gamma_effective_beta=3.000000, arce_gamma_max=1.000000, arce_gamma_mean=0.210474, arce_gamma_min=0.056135, arce_gamma_mode=sample_overlap, arce_gamma_reassignment_l1_mean=0.000000, arce_gamma_std=0.118430, arce_sample_gamma_mean=0.210474, arce_sampled_teacher_overlap_mean=0.563131, arce_sampler=marginal, arce_sampling_power=4.000000, arce_teacher_missing_mass_mean=0.274009, arce_teacher_missing_mass_std=0.142150
09/05/2026,07:23:41: Training...
09/05/2026,07:23:42: Evaluating...
09/05/2026,07:23:42: 	Train Loss: 3443065.7500 (base: 521.0045, kd: 6885.0898), Elapsed: train 2.58 test 0.30 *
09/05/2026,07:23:42: 	Recall@10: 0.06301 Recall@20: 0.09016 NDCG@10: 0.03737 NDCG@20: 0.04490 
09/05/2026,07:23:42: 	Recall@10: 0.02636 Recall@20: 0.03877 NDCG@10: 0.01438 NDCG@20: 0.01777 
09/05/2026,07:23:42: Epoch [36/1000]
09/05/2026,07:23:42: Negative sampling...
09/05/2026,07:23:44: Model's personal time...
09/05/2026,07:23:44: Model diagnostics: arce_anchor_count_mean=28.355816, arce_blocker_budget_mean=21.644184, arce_blocker_entropy_mean=4.134519, arce_closure_difficulty_mean=0.745849, arce_closure_difficulty_std=0.310090, arce_gamma_effective_beta=3.000000, arce_gamma_max=0.941765, arce_gamma_mean=0.208013, arce_gamma_min=0.052866, arce_gamma_mode=sample_overlap, arce_gamma_reassignment_l1_mean=0.000000, arce_gamma_std=0.117112, arce_sample_gamma_mean=0.208013, arce_sampled_teacher_overlap_mean=0.567116, arce_sampler=marginal, arce_sampling_power=4.000000, arce_teacher_missing_mass_mean=0.270189, arce_teacher_missing_mass_std=0.140985
09/05/2026,07:23:44: Training...
09/05/2026,07:23:45: Evaluating...
09/05/2026,07:23:45: 	Train Loss: 3442602.7500 (base: 511.9442, kd: 6884.1816), Elapsed: train 2.70 test 0.29 *
09/05/2026,07:23:45: 	Recall@10: 0.06301 Recall@20: 0.09002 NDCG@10: 0.03748 NDCG@20: 0.04494 
09/05/2026,07:23:45: 	Recall@10: 0.02703 Recall@20: 0.03915 NDCG@10: 0.01457 NDCG@20: 0.01786 
09/05/2026,07:23:45: Epoch [37/1000]
09/05/2026,07:23:45: Negative sampling...
09/05/2026,07:23:47: Model's personal time...
09/05/2026,07:23:47: Model diagnostics: arce_anchor_count_mean=28.464647, arce_blocker_budget_mean=21.535351, arce_blocker_entropy_mean=4.120629, arce_closure_difficulty_mean=0.741652, arce_closure_difficulty_std=0.309593, arce_gamma_effective_beta=3.000000, arce_gamma_max=1.000000, arce_gamma_mean=0.206698, arce_gamma_min=0.056135, arce_gamma_mode=sample_overlap, arce_gamma_reassignment_l1_mean=0.000000, arce_gamma_std=0.116689, arce_sample_gamma_mean=0.206698, arce_sampled_teacher_overlap_mean=0.569293, arce_sampler=marginal, arce_sampling_power=4.000000, arce_teacher_missing_mass_mean=0.267400, arce_teacher_missing_mass_std=0.139878
09/05/2026,07:23:47: Training...
09/05/2026,07:23:48: Evaluating...
09/05/2026,07:23:48: 	Train Loss: 3440990.5000 (base: 500.8698, kd: 6880.9795), Elapsed: train 2.67 test 0.27 *
09/05/2026,07:23:48: 	Recall@10: 0.06341 Recall@20: 0.09071 NDCG@10: 0.03787 NDCG@20: 0.04535 
09/05/2026,07:23:48: 	Recall@10: 0.02589 Recall@20: 0.03904 NDCG@10: 0.01426 NDCG@20: 0.01782 
09/05/2026,07:23:48: Epoch [38/1000]
09/05/2026,07:23:48: Negative sampling...
09/05/2026,07:23:50: Model's personal time...
09/05/2026,07:23:50: Model diagnostics: arce_anchor_count_mean=28.646101, arce_blocker_budget_mean=21.353899, arce_blocker_entropy_mean=4.106875, arce_closure_difficulty_mean=0.737335, arce_closure_difficulty_std=0.309514, arce_gamma_effective_beta=3.000000, arce_gamma_max=0.941765, arce_gamma_mean=0.204462, arce_gamma_min=0.052866, arce_gamma_mode=sample_overlap, arce_gamma_reassignment_l1_mean=0.000000, arce_gamma_std=0.115427, arce_sample_gamma_mean=0.204462, arce_sampled_teacher_overlap_mean=0.572922, arce_sampler=marginal, arce_sampling_power=4.000000, arce_teacher_missing_mass_mean=0.264134, arce_teacher_missing_mass_std=0.138935
09/05/2026,07:23:50: Training...
09/05/2026,07:23:51: Evaluating...
09/05/2026,07:23:51: 	Train Loss: 3440293.2500 (base: 492.4941, kd: 6879.6011), Elapsed: train 2.69 test 0.27 *
09/05/2026,07:23:51: 	Recall@10: 0.06389 Recall@20: 0.09110 NDCG@10: 0.03796 NDCG@20: 0.04539 
09/05/2026,07:23:51: 	Recall@10: 0.02619 Recall@20: 0.03931 NDCG@10: 0.01439 NDCG@20: 0.01795 
09/05/2026,07:23:51: Epoch [39/1000]
09/05/2026,07:23:51: Negative sampling...
09/05/2026,07:23:53: Model's personal time...
09/05/2026,07:23:53: Model diagnostics: arce_anchor_count_mean=28.774286, arce_blocker_budget_mean=21.225714, arce_blocker_entropy_mean=4.097592, arce_closure_difficulty_mean=0.732870, arce_closure_difficulty_std=0.308552, arce_gamma_effective_beta=3.000000, arce_gamma_max=0.941765, arce_gamma_mean=0.202807, arce_gamma_min=0.056135, arce_gamma_mode=sample_overlap, arce_gamma_reassignment_l1_mean=0.000000, arce_gamma_std=0.113989, arce_sample_gamma_mean=0.202807, arce_sampled_teacher_overlap_mean=0.575486, arce_sampler=marginal, arce_sampling_power=4.000000, arce_teacher_missing_mass_mean=0.260959, arce_teacher_missing_mass_std=0.137050
09/05/2026,07:23:53: Training...
09/05/2026,07:23:54: Evaluating...
09/05/2026,07:23:54: 	Train Loss: 3439089.0000 (base: 484.7493, kd: 6877.2080), Elapsed: train 2.51 test 0.26
09/05/2026,07:23:54: 	Recall@10: 0.06472 Recall@20: 0.09048 NDCG@10: 0.03821 NDCG@20: 0.04529 
09/05/2026,07:23:54: 	Recall@10: 0.02630 Recall@20: 0.03994 NDCG@10: 0.01426 NDCG@20: 0.01792 
09/05/2026,07:23:54: Epoch [40/1000]
09/05/2026,07:23:54: Negative sampling...
09/05/2026,07:23:55: Model's personal time...
09/05/2026,07:23:55: Model diagnostics: arce_anchor_count_mean=28.915310, arce_blocker_budget_mean=21.084690, arce_blocker_entropy_mean=4.085163, arce_closure_difficulty_mean=0.729223, arce_closure_difficulty_std=0.308255, arce_gamma_effective_beta=3.000000, arce_gamma_max=0.941765, arce_gamma_mean=0.201221, arce_gamma_min=0.052866, arce_gamma_mode=sample_overlap, arce_gamma_reassignment_l1_mean=0.000000, arce_gamma_std=0.113731, arce_sample_gamma_mean=0.201221, arce_sampled_teacher_overlap_mean=0.578306, arce_sampler=marginal, arce_sampling_power=4.000000, arce_teacher_missing_mass_mean=0.258227, arce_teacher_missing_mass_std=0.136092
09/05/2026,07:23:55: Training...
09/05/2026,07:23:57: Evaluating...
09/05/2026,07:23:57: 	Train Loss: 3438219.0000 (base: 476.2260, kd: 6875.4858), Elapsed: train 2.56 test 0.30
09/05/2026,07:23:57: 	Recall@10: 0.06462 Recall@20: 0.08965 NDCG@10: 0.03823 NDCG@20: 0.04512 
09/05/2026,07:23:57: 	Recall@10: 0.02636 Recall@20: 0.03927 NDCG@10: 0.01430 NDCG@20: 0.01783 
09/05/2026,07:23:57: Epoch [41/1000]
09/05/2026,07:23:57: Negative sampling...
09/05/2026,07:23:58: Model's personal time...
09/05/2026,07:23:58: Model diagnostics: arce_anchor_count_mean=29.051159, arce_blocker_budget_mean=20.948841, arce_blocker_entropy_mean=4.077025, arce_closure_difficulty_mean=0.724950, arce_closure_difficulty_std=0.307929, arce_gamma_effective_beta=3.000000, arce_gamma_max=0.941765, arce_gamma_mean=0.199618, arce_gamma_min=0.052866, arce_gamma_mode=sample_overlap, arce_gamma_reassignment_l1_mean=0.000000, arce_gamma_std=0.113061, arce_sample_gamma_mean=0.199618, arce_sampled_teacher_overlap_mean=0.581023, arce_sampler=marginal, arce_sampling_power=4.000000, arce_teacher_missing_mass_mean=0.255387, arce_teacher_missing_mass_std=0.135215
09/05/2026,07:23:58: Training...
09/05/2026,07:23:59: Evaluating...
09/05/2026,07:24:00: 	Train Loss: 3437914.5000 (base: 468.2001, kd: 6874.8926), Elapsed: train 2.53 test 0.34 *
09/05/2026,07:24:00: 	Recall@10: 0.06485 Recall@20: 0.09104 NDCG@10: 0.03836 NDCG@20: 0.04556 
09/05/2026,07:24:00: 	Recall@10: 0.02627 Recall@20: 0.03938 NDCG@10: 0.01426 NDCG@20: 0.01784 
09/05/2026,07:24:00: Epoch [42/1000]
09/05/2026,07:24:00: Negative sampling...
09/05/2026,07:24:01: Model's personal time...
09/05/2026,07:24:01: Model diagnostics: arce_anchor_count_mean=29.170721, arce_blocker_budget_mean=20.829277, arce_blocker_entropy_mean=4.069291, arce_closure_difficulty_mean=0.721534, arce_closure_difficulty_std=0.307313, arce_gamma_effective_beta=3.000000, arce_gamma_max=0.941765, arce_gamma_mean=0.198220, arce_gamma_min=0.052866, arce_gamma_mode=sample_overlap, arce_gamma_reassignment_l1_mean=0.000000, arce_gamma_std=0.112433, arce_sample_gamma_mean=0.198220, arce_sampled_teacher_overlap_mean=0.583414, arce_sampler=marginal, arce_sampling_power=4.000000, arce_teacher_missing_mass_mean=0.252945, arce_teacher_missing_mass_std=0.134239
09/05/2026,07:24:01: Training...
09/05/2026,07:24:02: Evaluating...
09/05/2026,07:24:03: 	Train Loss: 3436957.0000 (base: 462.0312, kd: 6872.9897), Elapsed: train 2.54 test 0.35 *
09/05/2026,07:24:03: 	Recall@10: 0.06414 Recall@20: 0.09100 NDCG@10: 0.03812 NDCG@20: 0.04556 
09/05/2026,07:24:03: 	Recall@10: 0.02704 Recall@20: 0.03951 NDCG@10: 0.01453 NDCG@20: 0.01790 
09/05/2026,07:24:03: Epoch [43/1000]
09/05/2026,07:24:03: Negative sampling...
09/05/2026,07:24:04: Model's personal time...
09/05/2026,07:24:04: Model diagnostics: arce_anchor_count_mean=29.280704, arce_blocker_budget_mean=20.719296, arce_blocker_entropy_mean=4.053052, arce_closure_difficulty_mean=0.717538, arce_closure_difficulty_std=0.306297, arce_gamma_effective_beta=3.000000, arce_gamma_max=0.941765, arce_gamma_mean=0.196833, arce_gamma_min=0.052866, arce_gamma_mode=sample_overlap, arce_gamma_reassignment_l1_mean=0.000000, arce_gamma_std=0.111691, arce_sample_gamma_mean=0.196833, arce_sampled_teacher_overlap_mean=0.585614, arce_sampler=marginal, arce_sampling_power=4.000000, arce_teacher_missing_mass_mean=0.250309, arce_teacher_missing_mass_std=0.132726
09/05/2026,07:24:04: Training...
09/05/2026,07:24:05: Evaluating...
09/05/2026,07:24:06: 	Train Loss: 3435794.0000 (base: 452.5593, kd: 6870.6831), Elapsed: train 2.89 test 0.26 *
09/05/2026,07:24:06: 	Recall@10: 0.06439 Recall@20: 0.09206 NDCG@10: 0.03815 NDCG@20: 0.04575 
09/05/2026,07:24:06: 	Recall@10: 0.02742 Recall@20: 0.03966 NDCG@10: 0.01467 NDCG@20: 0.01796 
09/05/2026,07:24:06: Epoch [44/1000]
09/05/2026,07:24:06: Negative sampling...
09/05/2026,07:24:07: Model's personal time...
09/05/2026,07:24:07: Model diagnostics: arce_anchor_count_mean=29.415596, arce_blocker_budget_mean=20.584402, arce_blocker_entropy_mean=4.045540, arce_closure_difficulty_mean=0.713843, arce_closure_difficulty_std=0.305500, arce_gamma_effective_beta=3.000000, arce_gamma_max=1.000000, arce_gamma_mean=0.195217, arce_gamma_min=0.052866, arce_gamma_mode=sample_overlap, arce_gamma_reassignment_l1_mean=0.000000, arce_gamma_std=0.110953, arce_sample_gamma_mean=0.195217, arce_sampled_teacher_overlap_mean=0.588312, arce_sampler=marginal, arce_sampling_power=4.000000, arce_teacher_missing_mass_mean=0.247654, arce_teacher_missing_mass_std=0.131714
09/05/2026,07:24:07: Training...
09/05/2026,07:24:09: Evaluating...
09/05/2026,07:24:09: 	Train Loss: 3435730.0000 (base: 447.2903, kd: 6870.5649), Elapsed: train 2.78 test 0.27 *
09/05/2026,07:24:09: 	Recall@10: 0.06405 Recall@20: 0.09227 NDCG@10: 0.03835 NDCG@20: 0.04614 
09/05/2026,07:24:09: 	Recall@10: 0.02732 Recall@20: 0.03999 NDCG@10: 0.01471 NDCG@20: 0.01812 
09/05/2026,07:24:09: Epoch [45/1000]
09/05/2026,07:24:09: Negative sampling...
09/05/2026,07:24:10: Model's personal time...
09/05/2026,07:24:10: Model diagnostics: arce_anchor_count_mean=29.531902, arce_blocker_budget_mean=20.468098, arce_blocker_entropy_mean=4.032515, arce_closure_difficulty_mean=0.710114, arce_closure_difficulty_std=0.304697, arce_gamma_effective_beta=3.000000, arce_gamma_max=0.941765, arce_gamma_mean=0.193788, arce_gamma_min=0.052866, arce_gamma_mode=sample_overlap, arce_gamma_reassignment_l1_mean=0.000000, arce_gamma_std=0.109960, arce_sample_gamma_mean=0.193788, arce_sampled_teacher_overlap_mean=0.590638, arce_sampler=marginal, arce_sampling_power=4.000000, arce_teacher_missing_mass_mean=0.245323, arce_teacher_missing_mass_std=0.130688
09/05/2026,07:24:10: Training...
09/05/2026,07:24:11: Evaluating...
09/05/2026,07:24:12: 	Train Loss: 3434617.5000 (base: 440.1047, kd: 6868.3545), Elapsed: train 2.57 test 0.27 *
09/05/2026,07:24:12: 	Recall@10: 0.06340 Recall@20: 0.09232 NDCG@10: 0.03827 NDCG@20: 0.04617 
09/05/2026,07:24:12: 	Recall@10: 0.02724 Recall@20: 0.04019 NDCG@10: 0.01474 NDCG@20: 0.01824 
09/05/2026,07:24:12: Epoch [46/1000]
09/05/2026,07:24:12: Negative sampling...
09/05/2026,07:24:13: Model's personal time...
09/05/2026,07:24:13: Model diagnostics: arce_anchor_count_mean=29.633646, arce_blocker_budget_mean=20.366354, arce_blocker_entropy_mean=4.020819, arce_closure_difficulty_mean=0.706676, arce_closure_difficulty_std=0.304350, arce_gamma_effective_beta=3.000000, arce_gamma_max=0.941765, arce_gamma_mean=0.192700, arce_gamma_min=0.052866, arce_gamma_mode=sample_overlap, arce_gamma_reassignment_l1_mean=0.000000, arce_gamma_std=0.109722, arce_sample_gamma_mean=0.192700, arce_sampled_teacher_overlap_mean=0.592673, arce_sampler=marginal, arce_sampling_power=4.000000, arce_teacher_missing_mass_mean=0.243135, arce_teacher_missing_mass_std=0.129838
09/05/2026,07:24:13: Training...
09/05/2026,07:24:14: Evaluating...
09/05/2026,07:24:14: 	Train Loss: 3433787.7500 (base: 431.0088, kd: 6866.7134), Elapsed: train 2.57 test 0.26
09/05/2026,07:24:14: 	Recall@10: 0.06422 Recall@20: 0.09231 NDCG@10: 0.03839 NDCG@20: 0.04608 
09/05/2026,07:24:14: 	Recall@10: 0.02751 Recall@20: 0.04010 NDCG@10: 0.01489 NDCG@20: 0.01829 
09/05/2026,07:24:14: Epoch [47/1000]
09/05/2026,07:24:14: Negative sampling...
09/05/2026,07:24:16: Model's personal time...
09/05/2026,07:24:16: Model diagnostics: arce_anchor_count_mean=29.736347, arce_blocker_budget_mean=20.263651, arce_blocker_entropy_mean=4.007458, arce_closure_difficulty_mean=0.703563, arce_closure_difficulty_std=0.303748, arce_gamma_effective_beta=3.000000, arce_gamma_max=0.941765, arce_gamma_mean=0.191489, arce_gamma_min=0.052866, arce_gamma_mode=sample_overlap, arce_gamma_reassignment_l1_mean=0.000000, arce_gamma_std=0.109073, arce_sample_gamma_mean=0.191489, arce_sampled_teacher_overlap_mean=0.594727, arce_sampler=marginal, arce_sampling_power=4.000000, arce_teacher_missing_mass_mean=0.241070, arce_teacher_missing_mass_std=0.128893
09/05/2026,07:24:16: Training...
09/05/2026,07:24:17: Evaluating...
09/05/2026,07:24:17: 	Train Loss: 3433803.0000 (base: 425.7034, kd: 6866.7549), Elapsed: train 2.61 test 0.28 *
09/05/2026,07:24:17: 	Recall@10: 0.06310 Recall@20: 0.09337 NDCG@10: 0.03814 NDCG@20: 0.04640 
09/05/2026,07:24:17: 	Recall@10: 0.02699 Recall@20: 0.04014 NDCG@10: 0.01463 NDCG@20: 0.01820 
09/05/2026,07:24:17: Epoch [48/1000]
09/05/2026,07:24:17: Negative sampling...
09/05/2026,07:24:19: Model's personal time...
09/05/2026,07:24:19: Model diagnostics: arce_anchor_count_mean=29.842306, arce_blocker_budget_mean=20.157692, arce_blocker_entropy_mean=3.993494, arce_closure_difficulty_mean=0.700677, arce_closure_difficulty_std=0.303232, arce_gamma_effective_beta=3.000000, arce_gamma_max=0.941765, arce_gamma_mean=0.190336, arce_gamma_min=0.052866, arce_gamma_mode=sample_overlap, arce_gamma_reassignment_l1_mean=0.000000, arce_gamma_std=0.108703, arce_sample_gamma_mean=0.190336, arce_sampled_teacher_overlap_mean=0.596846, arce_sampler=marginal, arce_sampling_power=4.000000, arce_teacher_missing_mass_mean=0.239067, arce_teacher_missing_mass_std=0.127983
09/05/2026,07:24:19: Training...
09/05/2026,07:24:20: Evaluating...
09/05/2026,07:24:20: 	Train Loss: 3432453.7500 (base: 418.4481, kd: 6864.0698), Elapsed: train 2.62 test 0.28 *
09/05/2026,07:24:20: 	Recall@10: 0.06328 Recall@20: 0.09404 NDCG@10: 0.03845 NDCG@20: 0.04687 
09/05/2026,07:24:20: 	Recall@10: 0.02670 Recall@20: 0.04074 NDCG@10: 0.01468 NDCG@20: 0.01847 
09/05/2026,07:24:20: Epoch [49/1000]
09/05/2026,07:24:20: Negative sampling...
09/05/2026,07:24:22: Model's personal time...
09/05/2026,07:24:22: Model diagnostics: arce_anchor_count_mean=29.968767, arce_blocker_budget_mean=20.031231, arce_blocker_entropy_mean=3.984882, arce_closure_difficulty_mean=0.696947, arce_closure_difficulty_std=0.302592, arce_gamma_effective_beta=3.000000, arce_gamma_max=0.941765, arce_gamma_mean=0.188901, arce_gamma_min=0.056135, arce_gamma_mode=sample_overlap, arce_gamma_reassignment_l1_mean=0.000000, arce_gamma_std=0.108004, arce_sample_gamma_mean=0.188901, arce_sampled_teacher_overlap_mean=0.599375, arce_sampler=marginal, arce_sampling_power=4.000000, arce_teacher_missing_mass_mean=0.236619, arce_teacher_missing_mass_std=0.126987
09/05/2026,07:24:22: Training...
09/05/2026,07:24:23: Evaluating...
09/05/2026,07:24:23: 	Train Loss: 3432022.7500 (base: 413.2484, kd: 6863.2188), Elapsed: train 2.37 test 0.27 *
09/05/2026,07:24:23: 	Recall@10: 0.06328 Recall@20: 0.09451 NDCG@10: 0.03846 NDCG@20: 0.04693 
09/05/2026,07:24:23: 	Recall@10: 0.02667 Recall@20: 0.04033 NDCG@10: 0.01462 NDCG@20: 0.01835 
09/05/2026,07:24:23: Epoch [50/1000]
09/05/2026,07:24:23: Negative sampling...
09/05/2026,07:24:24: Model's personal time...
09/05/2026,07:24:24: Model diagnostics: arce_anchor_count_mean=30.073385, arce_blocker_budget_mean=19.926615, arce_blocker_entropy_mean=3.976717, arce_closure_difficulty_mean=0.693152, arce_closure_difficulty_std=0.301625, arce_gamma_effective_beta=3.000000, arce_gamma_max=0.941765, arce_gamma_mean=0.187630, arce_gamma_min=0.052866, arce_gamma_mode=sample_overlap, arce_gamma_reassignment_l1_mean=0.000000, arce_gamma_std=0.106997, arce_sample_gamma_mean=0.187630, arce_sampled_teacher_overlap_mean=0.601468, arce_sampler=marginal, arce_sampling_power=4.000000, arce_teacher_missing_mass_mean=0.234339, arce_teacher_missing_mass_std=0.125721
09/05/2026,07:24:24: Training...
09/05/2026,07:24:25: Evaluating...
09/05/2026,07:24:26: 	Train Loss: 3432311.7500 (base: 409.0925, kd: 6863.8052), Elapsed: train 2.53 test 0.27 *
09/05/2026,07:24:26: 	Recall@10: 0.06437 Recall@20: 0.09378 NDCG@10: 0.03908 NDCG@20: 0.04709 
09/05/2026,07:24:26: 	Recall@10: 0.02709 Recall@20: 0.04018 NDCG@10: 0.01467 NDCG@20: 0.01824 
09/05/2026,07:24:26: Epoch [51/1000]
09/05/2026,07:24:26: Negative sampling...
09/05/2026,07:24:27: Model's personal time...
09/05/2026,07:24:27: Model diagnostics: arce_anchor_count_mean=30.163057, arce_blocker_budget_mean=19.836941, arce_blocker_entropy_mean=3.964191, arce_closure_difficulty_mean=0.690398, arce_closure_difficulty_std=0.300974, arce_gamma_effective_beta=3.000000, arce_gamma_max=0.941765, arce_gamma_mean=0.186461, arce_gamma_min=0.052866, arce_gamma_mode=sample_overlap, arce_gamma_reassignment_l1_mean=0.000000, arce_gamma_std=0.106022, arce_sample_gamma_mean=0.186461, arce_sampled_teacher_overlap_mean=0.603261, arce_sampler=marginal, arce_sampling_power=4.000000, arce_teacher_missing_mass_mean=0.232529, arce_teacher_missing_mass_std=0.124881
09/05/2026,07:24:27: Training...
09/05/2026,07:24:28: Evaluating...
09/05/2026,07:24:28: 	Train Loss: 3431302.5000 (base: 401.1844, kd: 6861.8032), Elapsed: train 2.43 test 0.27
09/05/2026,07:24:28: 	Recall@10: 0.06380 Recall@20: 0.09414 NDCG@10: 0.03872 NDCG@20: 0.04696 
09/05/2026,07:24:28: 	Recall@10: 0.02679 Recall@20: 0.04027 NDCG@10: 0.01456 NDCG@20: 0.01822 
09/05/2026,07:24:28: Epoch [52/1000]
09/05/2026,07:24:28: Negative sampling...
09/05/2026,07:24:30: Model's personal time...
09/05/2026,07:24:30: Model diagnostics: arce_anchor_count_mean=30.270166, arce_blocker_budget_mean=19.729834, arce_blocker_entropy_mean=3.955288, arce_closure_difficulty_mean=0.687631, arce_closure_difficulty_std=0.300693, arce_gamma_effective_beta=3.000000, arce_gamma_max=0.941765, arce_gamma_mean=0.185293, arce_gamma_min=0.052866, arce_gamma_mode=sample_overlap, arce_gamma_reassignment_l1_mean=0.000000, arce_gamma_std=0.105496, arce_sample_gamma_mean=0.185293, arce_sampled_teacher_overlap_mean=0.605403, arce_sampler=marginal, arce_sampling_power=4.000000, arce_teacher_missing_mass_mean=0.230765, arce_teacher_missing_mass_std=0.124434
09/05/2026,07:24:30: Training...
09/05/2026,07:24:31: Evaluating...
09/05/2026,07:24:31: 	Train Loss: 3431486.5000 (base: 396.0500, kd: 6862.1816), Elapsed: train 2.49 test 0.32 *
09/05/2026,07:24:31: 	Recall@10: 0.06377 Recall@20: 0.09418 NDCG@10: 0.03889 NDCG@20: 0.04723 
09/05/2026,07:24:31: 	Recall@10: 0.02616 Recall@20: 0.04045 NDCG@10: 0.01439 NDCG@20: 0.01830 
09/05/2026,07:24:31: Epoch [53/1000]
09/05/2026,07:24:31: Negative sampling...
09/05/2026,07:24:33: Model's personal time...
09/05/2026,07:24:33: Model diagnostics: arce_anchor_count_mean=30.365395, arce_blocker_budget_mean=19.634604, arce_blocker_entropy_mean=3.942439, arce_closure_difficulty_mean=0.684975, arce_closure_difficulty_std=0.299963, arce_gamma_effective_beta=3.000000, arce_gamma_max=0.941765, arce_gamma_mean=0.184177, arce_gamma_min=0.052866, arce_gamma_mode=sample_overlap, arce_gamma_reassignment_l1_mean=0.000000, arce_gamma_std=0.104897, arce_sample_gamma_mean=0.184177, arce_sampled_teacher_overlap_mean=0.607308, arce_sampler=marginal, arce_sampling_power=4.000000, arce_teacher_missing_mass_mean=0.229012, arce_teacher_missing_mass_std=0.123544
09/05/2026,07:24:33: Training...
09/05/2026,07:24:34: Evaluating...
09/05/2026,07:24:34: 	Train Loss: 3430827.0000 (base: 392.8534, kd: 6860.8687), Elapsed: train 2.43 test 0.26 *
09/05/2026,07:24:34: 	Recall@10: 0.06390 Recall@20: 0.09412 NDCG@10: 0.03899 NDCG@20: 0.04726 
09/05/2026,07:24:34: 	Recall@10: 0.02673 Recall@20: 0.04051 NDCG@10: 0.01462 NDCG@20: 0.01840 
09/05/2026,07:24:34: Epoch [54/1000]
09/05/2026,07:24:34: Negative sampling...
09/05/2026,07:24:35: Model's personal time...
09/05/2026,07:24:35: Model diagnostics: arce_anchor_count_mean=30.472504, arce_blocker_budget_mean=19.527496, arce_blocker_entropy_mean=3.936352, arce_closure_difficulty_mean=0.681431, arce_closure_difficulty_std=0.299220, arce_gamma_effective_beta=3.000000, arce_gamma_max=0.941765, arce_gamma_mean=0.182953, arce_gamma_min=0.052866, arce_gamma_mode=sample_overlap, arce_gamma_reassignment_l1_mean=0.000000, arce_gamma_std=0.104150, arce_sample_gamma_mean=0.182953, arce_sampled_teacher_overlap_mean=0.609450, arce_sampler=marginal, arce_sampling_power=4.000000, arce_teacher_missing_mass_mean=0.226956, arce_teacher_missing_mass_std=0.122659
09/05/2026,07:24:35: Training...
09/05/2026,07:24:36: Evaluating...
09/05/2026,07:24:37: 	Train Loss: 3430744.5000 (base: 388.2490, kd: 6860.7124), Elapsed: train 2.61 test 0.26 *
09/05/2026,07:24:37: 	Recall@10: 0.06360 Recall@20: 0.09460 NDCG@10: 0.03893 NDCG@20: 0.04743 
09/05/2026,07:24:37: 	Recall@10: 0.02723 Recall@20: 0.04080 NDCG@10: 0.01491 NDCG@20: 0.01864 
09/05/2026,07:24:37: Epoch [55/1000]
09/05/2026,07:24:37: Negative sampling...
09/05/2026,07:24:38: Model's personal time...
09/05/2026,07:24:38: Model diagnostics: arce_anchor_count_mean=30.546656, arce_blocker_budget_mean=19.453342, arce_blocker_entropy_mean=3.924744, arce_closure_difficulty_mean=0.678711, arce_closure_difficulty_std=0.298921, arce_gamma_effective_beta=3.000000, arce_gamma_max=0.835270, arce_gamma_mean=0.182153, arce_gamma_min=0.052866, arce_gamma_mode=sample_overlap, arce_gamma_reassignment_l1_mean=0.000000, arce_gamma_std=0.103775, arce_sample_gamma_mean=0.182153, arce_sampled_teacher_overlap_mean=0.610933, arce_sampler=marginal, arce_sampling_power=4.000000, arce_teacher_missing_mass_mean=0.225471, arce_teacher_missing_mass_std=0.122109
09/05/2026,07:24:38: Training...
09/05/2026,07:24:39: Evaluating...
09/05/2026,07:24:40: 	Train Loss: 3430912.0000 (base: 384.6333, kd: 6861.0547), Elapsed: train 2.47 test 0.32
09/05/2026,07:24:40: 	Recall@10: 0.06319 Recall@20: 0.09448 NDCG@10: 0.03863 NDCG@20: 0.04731 
09/05/2026,07:24:40: 	Recall@10: 0.02780 Recall@20: 0.04051 NDCG@10: 0.01510 NDCG@20: 0.01859 
09/05/2026,07:24:40: Epoch [56/1000]
09/05/2026,07:24:40: Negative sampling...
09/05/2026,07:24:41: Model's personal time...
09/05/2026,07:24:41: Model diagnostics: arce_anchor_count_mean=30.637478, arce_blocker_budget_mean=19.362522, arce_blocker_entropy_mean=3.916419, arce_closure_difficulty_mean=0.675784, arce_closure_difficulty_std=0.298489, arce_gamma_effective_beta=3.000000, arce_gamma_max=0.886920, arce_gamma_mean=0.181093, arce_gamma_min=0.052866, arce_gamma_mode=sample_overlap, arce_gamma_reassignment_l1_mean=0.000000, arce_gamma_std=0.103139, arce_sample_gamma_mean=0.181093, arce_sampled_teacher_overlap_mean=0.612750, arce_sampler=marginal, arce_sampling_power=4.000000, arce_teacher_missing_mass_mean=0.223776, arce_teacher_missing_mass_std=0.121498
09/05/2026,07:24:41: Training...
09/05/2026,07:24:42: Evaluating...
09/05/2026,07:24:42: 	Train Loss: 3430112.5000 (base: 378.0726, kd: 6859.4692), Elapsed: train 2.66 test 0.27 *
09/05/2026,07:24:42: 	Recall@10: 0.06366 Recall@20: 0.09479 NDCG@10: 0.03901 NDCG@20: 0.04758 
09/05/2026,07:24:42: 	Recall@10: 0.02761 Recall@20: 0.04074 NDCG@10: 0.01512 NDCG@20: 0.01874 
09/05/2026,07:24:42: Epoch [57/1000]
09/05/2026,07:24:42: Negative sampling...
09/05/2026,07:24:44: Model's personal time...
09/05/2026,07:24:44: Model diagnostics: arce_anchor_count_mean=30.724468, arce_blocker_budget_mean=19.275532, arce_blocker_entropy_mean=3.903139, arce_closure_difficulty_mean=0.673410, arce_closure_difficulty_std=0.298074, arce_gamma_effective_beta=3.000000, arce_gamma_max=0.886920, arce_gamma_mean=0.180075, arce_gamma_min=0.052866, arce_gamma_mode=sample_overlap, arce_gamma_reassignment_l1_mean=0.000000, arce_gamma_std=0.102568, arce_sample_gamma_mean=0.180075, arce_sampled_teacher_overlap_mean=0.614489, arce_sampler=marginal, arce_sampling_power=4.000000, arce_teacher_missing_mass_mean=0.222270, arce_teacher_missing_mass_std=0.120789
09/05/2026,07:24:44: Training...
09/05/2026,07:24:45: Evaluating...
09/05/2026,07:24:45: 	Train Loss: 3429880.7500 (base: 372.9418, kd: 6859.0156), Elapsed: train 2.34 test 0.28 *
09/05/2026,07:24:45: 	Recall@10: 0.06384 Recall@20: 0.09526 NDCG@10: 0.03922 NDCG@20: 0.04785 
09/05/2026,07:24:45: 	Recall@10: 0.02804 Recall@20: 0.04127 NDCG@10: 0.01512 NDCG@20: 0.01874 
09/05/2026,07:24:45: Epoch [58/1000]
09/05/2026,07:24:45: Negative sampling...
09/05/2026,07:24:47: Model's personal time...
09/05/2026,07:24:47: Model diagnostics: arce_anchor_count_mean=30.812033, arce_blocker_budget_mean=19.187967, arce_blocker_entropy_mean=3.891721, arce_closure_difficulty_mean=0.670528, arce_closure_difficulty_std=0.297304, arce_gamma_effective_beta=3.000000, arce_gamma_max=0.835270, arce_gamma_mean=0.179095, arce_gamma_min=0.052866, arce_gamma_mode=sample_overlap, arce_gamma_reassignment_l1_mean=0.000000, arce_gamma_std=0.101880, arce_sample_gamma_mean=0.179095, arce_sampled_teacher_overlap_mean=0.616241, arce_sampler=marginal, arce_sampling_power=4.000000, arce_teacher_missing_mass_mean=0.220701, arce_teacher_missing_mass_std=0.120195
09/05/2026,07:24:47: Training...
09/05/2026,07:24:48: Evaluating...
09/05/2026,07:24:48: 	Train Loss: 3429536.0000 (base: 370.0772, kd: 6858.3320), Elapsed: train 2.63 test 0.26
09/05/2026,07:24:48: 	Recall@10: 0.06431 Recall@20: 0.09584 NDCG@10: 0.03905 NDCG@20: 0.04773 
09/05/2026,07:24:48: 	Recall@10: 0.02785 Recall@20: 0.04110 NDCG@10: 0.01515 NDCG@20: 0.01878 
09/05/2026,07:24:48: Epoch [59/1000]
09/05/2026,07:24:48: Negative sampling...
09/05/2026,07:24:49: Model's personal time...
09/05/2026,07:24:49: Model diagnostics: arce_anchor_count_mean=30.895382, arce_blocker_budget_mean=19.104618, arce_blocker_entropy_mean=3.881363, arce_closure_difficulty_mean=0.668100, arce_closure_difficulty_std=0.296857, arce_gamma_effective_beta=3.000000, arce_gamma_max=0.835270, arce_gamma_mean=0.178149, arce_gamma_min=0.052866, arce_gamma_mode=sample_overlap, arce_gamma_reassignment_l1_mean=0.000000, arce_gamma_std=0.101364, arce_sample_gamma_mean=0.178149, arce_sampled_teacher_overlap_mean=0.617908, arce_sampler=marginal, arce_sampling_power=4.000000, arce_teacher_missing_mass_mean=0.219192, arce_teacher_missing_mass_std=0.119549
09/05/2026,07:24:49: Training...
09/05/2026,07:24:51: Evaluating...
09/05/2026,07:24:51: 	Train Loss: 3429257.7500 (base: 364.9804, kd: 6857.7856), Elapsed: train 2.87 test 0.35 *
09/05/2026,07:24:51: 	Recall@10: 0.06413 Recall@20: 0.09597 NDCG@10: 0.03916 NDCG@20: 0.04790 
09/05/2026,07:24:51: 	Recall@10: 0.02817 Recall@20: 0.04156 NDCG@10: 0.01526 NDCG@20: 0.01891 
09/05/2026,07:24:51: Epoch [60/1000]
09/05/2026,07:24:51: Negative sampling...
09/05/2026,07:24:53: Model's personal time...
09/05/2026,07:24:53: Model diagnostics: arce_anchor_count_mean=31.007280, arce_blocker_budget_mean=18.992718, arce_blocker_entropy_mean=3.869857, arce_closure_difficulty_mean=0.665311, arce_closure_difficulty_std=0.296403, arce_gamma_effective_beta=3.000000, arce_gamma_max=0.835270, arce_gamma_mean=0.176881, arce_gamma_min=0.052866, arce_gamma_mode=sample_overlap, arce_gamma_reassignment_l1_mean=0.000000, arce_gamma_std=0.100514, arce_sample_gamma_mean=0.176881, arce_sampled_teacher_overlap_mean=0.620146, arce_sampler=marginal, arce_sampling_power=4.000000, arce_teacher_missing_mass_mean=0.217547, arce_teacher_missing_mass_std=0.119049
09/05/2026,07:24:53: Training...
09/05/2026,07:24:54: Evaluating...
09/05/2026,07:24:55: 	Train Loss: 3429108.7500 (base: 362.9128, kd: 6857.4922), Elapsed: train 3.04 test 0.27 *
09/05/2026,07:24:55: 	Recall@10: 0.06496 Recall@20: 0.09599 NDCG@10: 0.03967 NDCG@20: 0.04816 
09/05/2026,07:24:55: 	Recall@10: 0.02825 Recall@20: 0.04125 NDCG@10: 0.01530 NDCG@20: 0.01883 
09/05/2026,07:24:55: Epoch [61/1000]
09/05/2026,07:24:55: Negative sampling...
09/05/2026,07:24:56: Model's personal time...
09/05/2026,07:24:56: Model diagnostics: arce_anchor_count_mean=31.075109, arce_blocker_budget_mean=18.924891, arce_blocker_entropy_mean=3.859358, arce_closure_difficulty_mean=0.662769, arce_closure_difficulty_std=0.295732, arce_gamma_effective_beta=3.000000, arce_gamma_max=0.835270, arce_gamma_mean=0.176116, arce_gamma_min=0.052866, arce_gamma_mode=sample_overlap, arce_gamma_reassignment_l1_mean=0.000000, arce_gamma_std=0.100022, arce_sample_gamma_mean=0.176116, arce_sampled_teacher_overlap_mean=0.621502, arce_sampler=marginal, arce_sampling_power=4.000000, arce_teacher_missing_mass_mean=0.216137, arce_teacher_missing_mass_std=0.118315
09/05/2026,07:24:56: Training...
09/05/2026,07:24:57: Evaluating...
09/05/2026,07:24:57: 	Train Loss: 3429179.2500 (base: 357.4044, kd: 6857.6440), Elapsed: train 2.69 test 0.28
09/05/2026,07:24:57: 	Recall@10: 0.06458 Recall@20: 0.09622 NDCG@10: 0.03914 NDCG@20: 0.04779 
09/05/2026,07:24:57: 	Recall@10: 0.02833 Recall@20: 0.04191 NDCG@10: 0.01532 NDCG@20: 0.01903 
09/05/2026,07:24:57: Epoch [62/1000]
09/05/2026,07:24:57: Negative sampling...
09/05/2026,07:24:59: Model's personal time...
09/05/2026,07:24:59: Model diagnostics: arce_anchor_count_mean=31.170340, arce_blocker_budget_mean=18.829660, arce_blocker_entropy_mean=3.850722, arce_closure_difficulty_mean=0.659959, arce_closure_difficulty_std=0.294917, arce_gamma_effective_beta=3.000000, arce_gamma_max=0.835270, arce_gamma_mean=0.175113, arce_gamma_min=0.052866, arce_gamma_mode=sample_overlap, arce_gamma_reassignment_l1_mean=0.000000, arce_gamma_std=0.099734, arce_sample_gamma_mean=0.175113, arce_sampled_teacher_overlap_mean=0.623407, arce_sampler=marginal, arce_sampling_power=4.000000, arce_teacher_missing_mass_mean=0.214487, arce_teacher_missing_mass_std=0.117621
09/05/2026,07:24:59: Training...
09/05/2026,07:25:00: Evaluating...
09/05/2026,07:25:01: 	Train Loss: 3429464.0000 (base: 350.0647, kd: 6858.2280), Elapsed: train 2.88 test 0.34
09/05/2026,07:25:01: 	Recall@10: 0.06513 Recall@20: 0.09612 NDCG@10: 0.03938 NDCG@20: 0.04792 
09/05/2026,07:25:01: 	Recall@10: 0.02804 Recall@20: 0.04134 NDCG@10: 0.01523 NDCG@20: 0.01889 
09/05/2026,07:25:01: Epoch [63/1000]
09/05/2026,07:25:01: Negative sampling...
09/05/2026,07:25:02: Model's personal time...
09/05/2026,07:25:02: Model diagnostics: arce_anchor_count_mean=31.257904, arce_blocker_budget_mean=18.742096, arce_blocker_entropy_mean=3.841907, arce_closure_difficulty_mean=0.657080, arce_closure_difficulty_std=0.293781, arce_gamma_effective_beta=3.000000, arce_gamma_max=0.835270, arce_gamma_mean=0.174084, arce_gamma_min=0.052866, arce_gamma_mode=sample_overlap, arce_gamma_reassignment_l1_mean=0.000000, arce_gamma_std=0.098853, arce_sample_gamma_mean=0.174084, arce_sampled_teacher_overlap_mean=0.625158, arce_sampler=marginal, arce_sampling_power=4.000000, arce_teacher_missing_mass_mean=0.212911, arce_teacher_missing_mass_std=0.116741
09/05/2026,07:25:02: Training...
09/05/2026,07:25:03: Evaluating...
09/05/2026,07:25:04: 	Train Loss: 3429579.7500 (base: 348.5163, kd: 6858.4624), Elapsed: train 2.63 test 0.27
09/05/2026,07:25:04: 	Recall@10: 0.06553 Recall@20: 0.09561 NDCG@10: 0.03950 NDCG@20: 0.04778 
09/05/2026,07:25:04: 	Recall@10: 0.02769 Recall@20: 0.04126 NDCG@10: 0.01512 NDCG@20: 0.01888 
09/05/2026,07:25:04: Epoch [64/1000]
09/05/2026,07:25:04: Negative sampling...
09/05/2026,07:25:05: Model's personal time...
09/05/2026,07:25:05: Model diagnostics: arce_anchor_count_mean=31.350834, arce_blocker_budget_mean=18.649166, arce_blocker_entropy_mean=3.834805, arce_closure_difficulty_mean=0.654440, arce_closure_difficulty_std=0.293082, arce_gamma_effective_beta=3.000000, arce_gamma_max=0.835270, arce_gamma_mean=0.173008, arce_gamma_min=0.052866, arce_gamma_mode=sample_overlap, arce_gamma_reassignment_l1_mean=0.000000, arce_gamma_std=0.097886, arce_sample_gamma_mean=0.173008, arce_sampled_teacher_overlap_mean=0.627017, arce_sampler=marginal, arce_sampling_power=4.000000, arce_teacher_missing_mass_mean=0.211440, arce_teacher_missing_mass_std=0.116067
09/05/2026,07:25:05: Training...
09/05/2026,07:25:06: Evaluating...
09/05/2026,07:25:06: 	Train Loss: 3429529.0000 (base: 341.1664, kd: 6858.3760), Elapsed: train 2.53 test 0.26
09/05/2026,07:25:06: 	Recall@10: 0.06508 Recall@20: 0.09604 NDCG@10: 0.03941 NDCG@20: 0.04791 
09/05/2026,07:25:06: 	Recall@10: 0.02770 Recall@20: 0.04145 NDCG@10: 0.01513 NDCG@20: 0.01893 
09/05/2026,07:25:06: Epoch [65/1000]
09/05/2026,07:25:06: Negative sampling...
09/05/2026,07:25:08: Model's personal time...
09/05/2026,07:25:08: Model diagnostics: arce_anchor_count_mean=31.433607, arce_blocker_budget_mean=18.566391, arce_blocker_entropy_mean=3.825127, arce_closure_difficulty_mean=0.651713, arce_closure_difficulty_std=0.292303, arce_gamma_effective_beta=3.000000, arce_gamma_max=0.835270, arce_gamma_mean=0.172158, arce_gamma_min=0.052866, arce_gamma_mode=sample_overlap, arce_gamma_reassignment_l1_mean=0.000000, arce_gamma_std=0.097674, arce_sample_gamma_mean=0.172158, arce_sampled_teacher_overlap_mean=0.628672, arce_sampler=marginal, arce_sampling_power=4.000000, arce_teacher_missing_mass_mean=0.209964, arce_teacher_missing_mass_std=0.115481
09/05/2026,07:25:08: Training...
09/05/2026,07:25:09: Evaluating...
09/05/2026,07:25:09: 	Train Loss: 3429112.7500 (base: 341.9484, kd: 6857.5415), Elapsed: train 2.57 test 0.29
09/05/2026,07:25:09: 	Recall@10: 0.06556 Recall@20: 0.09673 NDCG@10: 0.03947 NDCG@20: 0.04798 
09/05/2026,07:25:09: 	Recall@10: 0.02776 Recall@20: 0.04175 NDCG@10: 0.01509 NDCG@20: 0.01896 
09/05/2026,07:25:09: Epoch [66/1000]
09/05/2026,07:25:09: Negative sampling...
09/05/2026,07:25:11: Model's personal time...
09/05/2026,07:25:11: Model diagnostics: arce_anchor_count_mean=31.512167, arce_blocker_budget_mean=18.487833, arce_blocker_entropy_mean=3.815179, arce_closure_difficulty_mean=0.649619, arce_closure_difficulty_std=0.292024, arce_gamma_effective_beta=3.000000, arce_gamma_max=0.835270, arce_gamma_mean=0.171198, arce_gamma_min=0.052866, arce_gamma_mode=sample_overlap, arce_gamma_reassignment_l1_mean=0.000000, arce_gamma_std=0.096742, arce_sample_gamma_mean=0.171198, arce_sampled_teacher_overlap_mean=0.630243, arce_sampler=marginal, arce_sampling_power=4.000000, arce_teacher_missing_mass_mean=0.208769, arce_teacher_missing_mass_std=0.115011
09/05/2026,07:25:11: Training...
09/05/2026,07:25:12: Evaluating...
09/05/2026,07:25:12: 	Train Loss: 3429558.5000 (base: 335.4146, kd: 6858.4463), Elapsed: train 2.67 test 0.27 *
09/05/2026,07:25:12: 	Recall@10: 0.06533 Recall@20: 0.09638 NDCG@10: 0.03967 NDCG@20: 0.04822 
09/05/2026,07:25:12: 	Recall@10: 0.02809 Recall@20: 0.04097 NDCG@10: 0.01526 NDCG@20: 0.01882 
09/05/2026,07:25:12: Epoch [67/1000]
09/05/2026,07:25:12: Negative sampling...
09/05/2026,07:25:14: Model's personal time...
09/05/2026,07:25:14: Model diagnostics: arce_anchor_count_mean=31.609312, arce_blocker_budget_mean=18.390688, arce_blocker_entropy_mean=3.808266, arce_closure_difficulty_mean=0.646631, arce_closure_difficulty_std=0.291277, arce_gamma_effective_beta=3.000000, arce_gamma_max=0.835270, arce_gamma_mean=0.170165, arce_gamma_min=0.052866, arce_gamma_mode=sample_overlap, arce_gamma_reassignment_l1_mean=0.000000, arce_gamma_std=0.096248, arce_sample_gamma_mean=0.170165, arce_sampled_teacher_overlap_mean=0.632186, arce_sampler=marginal, arce_sampling_power=4.000000, arce_teacher_missing_mass_mean=0.207181, arce_teacher_missing_mass_std=0.114454
09/05/2026,07:25:14: Training...
09/05/2026,07:25:15: Evaluating...
09/05/2026,07:25:15: 	Train Loss: 3429609.5000 (base: 333.9334, kd: 6858.5518), Elapsed: train 2.57 test 0.27
09/05/2026,07:25:15: 	Recall@10: 0.06571 Recall@20: 0.09540 NDCG@10: 0.03964 NDCG@20: 0.04782 
09/05/2026,07:25:15: 	Recall@10: 0.02775 Recall@20: 0.04077 NDCG@10: 0.01511 NDCG@20: 0.01873 
09/05/2026,07:25:15: Epoch [68/1000]
09/05/2026,07:25:15: Negative sampling...
09/05/2026,07:25:16: Model's personal time...
09/05/2026,07:25:16: Model diagnostics: arce_anchor_count_mean=31.698793, arce_blocker_budget_mean=18.301207, arce_blocker_entropy_mean=3.798325, arce_closure_difficulty_mean=0.643989, arce_closure_difficulty_std=0.290642, arce_gamma_effective_beta=3.000000, arce_gamma_max=0.835270, arce_gamma_mean=0.169183, arce_gamma_min=0.052866, arce_gamma_mode=sample_overlap, arce_gamma_reassignment_l1_mean=0.000000, arce_gamma_std=0.095604, arce_sample_gamma_mean=0.169183, arce_sampled_teacher_overlap_mean=0.633976, arce_sampler=marginal, arce_sampling_power=4.000000, arce_teacher_missing_mass_mean=0.205695, arce_teacher_missing_mass_std=0.113824
09/05/2026,07:25:16: Training...
09/05/2026,07:25:18: Evaluating...
09/05/2026,07:25:18: 	Train Loss: 3429376.2500 (base: 329.0520, kd: 6858.0942), Elapsed: train 2.47 test 0.26
09/05/2026,07:25:18: 	Recall@10: 0.06525 Recall@20: 0.09660 NDCG@10: 0.03949 NDCG@20: 0.04815 
09/05/2026,07:25:18: 	Recall@10: 0.02778 Recall@20: 0.04155 NDCG@10: 0.01509 NDCG@20: 0.01887 
09/05/2026,07:25:18: Epoch [69/1000]
09/05/2026,07:25:18: Negative sampling...
09/05/2026,07:25:19: Model's personal time...
09/05/2026,07:25:19: Model diagnostics: arce_anchor_count_mean=31.769878, arce_blocker_budget_mean=18.230120, arce_blocker_entropy_mean=3.789092, arce_closure_difficulty_mean=0.641803, arce_closure_difficulty_std=0.289883, arce_gamma_effective_beta=3.000000, arce_gamma_max=0.835270, arce_gamma_mean=0.168390, arce_gamma_min=0.052866, arce_gamma_mode=sample_overlap, arce_gamma_reassignment_l1_mean=0.000000, arce_gamma_std=0.095003, arce_sample_gamma_mean=0.168390, arce_sampled_teacher_overlap_mean=0.635397, arce_sampler=marginal, arce_sampling_power=4.000000, arce_teacher_missing_mass_mean=0.204590, arce_teacher_missing_mass_std=0.113224
09/05/2026,07:25:19: Training...
09/05/2026,07:25:20: Evaluating...
09/05/2026,07:25:21: 	Train Loss: 3429596.0000 (base: 325.8608, kd: 6858.5405), Elapsed: train 2.60 test 0.26 *
09/05/2026,07:25:21: 	Recall@10: 0.06565 Recall@20: 0.09795 NDCG@10: 0.03975 NDCG@20: 0.04862 
09/05/2026,07:25:21: 	Recall@10: 0.02804 Recall@20: 0.04152 NDCG@10: 0.01521 NDCG@20: 0.01892 
09/05/2026,07:25:21: Epoch [70/1000]
09/05/2026,07:25:21: Negative sampling...
09/05/2026,07:25:22: Model's personal time...
09/05/2026,07:25:22: Model diagnostics: arce_anchor_count_mean=31.844797, arce_blocker_budget_mean=18.155203, arce_blocker_entropy_mean=3.780893, arce_closure_difficulty_mean=0.639436, arce_closure_difficulty_std=0.289058, arce_gamma_effective_beta=3.000000, arce_gamma_max=0.835270, arce_gamma_mean=0.167561, arce_gamma_min=0.052866, arce_gamma_mode=sample_overlap, arce_gamma_reassignment_l1_mean=0.000000, arce_gamma_std=0.094485, arce_sample_gamma_mean=0.167561, arce_sampled_teacher_overlap_mean=0.636896, arce_sampler=marginal, arce_sampling_power=4.000000, arce_teacher_missing_mass_mean=0.203357, arce_teacher_missing_mass_std=0.112579
09/05/2026,07:25:22: Training...
09/05/2026,07:25:23: Evaluating...
09/05/2026,07:25:24: 	Train Loss: 3429410.5000 (base: 323.6278, kd: 6858.1738), Elapsed: train 2.65 test 0.25
09/05/2026,07:25:24: 	Recall@10: 0.06554 Recall@20: 0.09673 NDCG@10: 0.03958 NDCG@20: 0.04809 
09/05/2026,07:25:24: 	Recall@10: 0.02808 Recall@20: 0.04190 NDCG@10: 0.01517 NDCG@20: 0.01895 
09/05/2026,07:25:24: Epoch [71/1000]
09/05/2026,07:25:24: Negative sampling...
09/05/2026,07:25:25: Model's personal time...
09/05/2026,07:25:25: Model diagnostics: arce_anchor_count_mean=31.919909, arce_blocker_budget_mean=18.080091, arce_blocker_entropy_mean=3.772554, arce_closure_difficulty_mean=0.636901, arce_closure_difficulty_std=0.288391, arce_gamma_effective_beta=3.000000, arce_gamma_max=0.786628, arce_gamma_mean=0.166681, arce_gamma_min=0.052866, arce_gamma_mode=sample_overlap, arce_gamma_reassignment_l1_mean=0.000000, arce_gamma_std=0.093612, arce_sample_gamma_mean=0.166681, arce_sampled_teacher_overlap_mean=0.638398, arce_sampler=marginal, arce_sampling_power=4.000000, arce_teacher_missing_mass_mean=0.202067, arce_teacher_missing_mass_std=0.111857
09/05/2026,07:25:25: Training...
09/05/2026,07:25:26: Evaluating...
09/05/2026,07:25:26: 	Train Loss: 3429204.2500 (base: 321.8515, kd: 6857.7637), Elapsed: train 2.64 test 0.33
09/05/2026,07:25:26: 	Recall@10: 0.06630 Recall@20: 0.09656 NDCG@10: 0.04002 NDCG@20: 0.04835 
09/05/2026,07:25:26: 	Recall@10: 0.02728 Recall@20: 0.04181 NDCG@10: 0.01500 NDCG@20: 0.01897 
09/05/2026,07:25:26: Epoch [72/1000]
09/05/2026,07:25:26: Negative sampling...
09/05/2026,07:25:28: Model's personal time...
09/05/2026,07:25:28: Model diagnostics: arce_anchor_count_mean=32.012646, arce_blocker_budget_mean=17.987354, arce_blocker_entropy_mean=3.764719, arce_closure_difficulty_mean=0.634217, arce_closure_difficulty_std=0.287845, arce_gamma_effective_beta=3.000000, arce_gamma_max=0.786628, arce_gamma_mean=0.165661, arce_gamma_min=0.052866, arce_gamma_mode=sample_overlap, arce_gamma_reassignment_l1_mean=0.000000, arce_gamma_std=0.092744, arce_sample_gamma_mean=0.165661, arce_sampled_teacher_overlap_mean=0.640253, arce_sampler=marginal, arce_sampling_power=4.000000, arce_teacher_missing_mass_mean=0.200649, arce_teacher_missing_mass_std=0.111322
09/05/2026,07:25:28: Training...
09/05/2026,07:25:29: Evaluating...
09/05/2026,07:25:29: 	Train Loss: 3430072.7500 (base: 321.2112, kd: 6859.5039), Elapsed: train 2.69 test 0.26
09/05/2026,07:25:29: 	Recall@10: 0.06628 Recall@20: 0.09670 NDCG@10: 0.03984 NDCG@20: 0.04818 
09/05/2026,07:25:29: 	Recall@10: 0.02763 Recall@20: 0.04208 NDCG@10: 0.01509 NDCG@20: 0.01905 
09/05/2026,07:25:29: Epoch [73/1000]
09/05/2026,07:25:29: Negative sampling...
09/05/2026,07:25:31: Model's personal time...
09/05/2026,07:25:31: Model diagnostics: arce_anchor_count_mean=32.097721, arce_blocker_budget_mean=17.902281, arce_blocker_entropy_mean=3.757307, arce_closure_difficulty_mean=0.631471, arce_closure_difficulty_std=0.287237, arce_gamma_effective_beta=3.000000, arce_gamma_max=0.786628, arce_gamma_mean=0.164665, arce_gamma_min=0.052866, arce_gamma_mode=sample_overlap, arce_gamma_reassignment_l1_mean=0.000000, arce_gamma_std=0.091888, arce_sample_gamma_mean=0.164665, arce_sampled_teacher_overlap_mean=0.641954, arce_sampler=marginal, arce_sampling_power=4.000000, arce_teacher_missing_mass_mean=0.199245, arce_teacher_missing_mass_std=0.110727
09/05/2026,07:25:31: Training...
09/05/2026,07:25:32: Evaluating...
09/05/2026,07:25:32: 	Train Loss: 3429386.5000 (base: 315.7310, kd: 6858.1416), Elapsed: train 2.39 test 0.31 *
09/05/2026,07:25:32: 	Recall@10: 0.06670 Recall@20: 0.09810 NDCG@10: 0.04006 NDCG@20: 0.04870 
09/05/2026,07:25:32: 	Recall@10: 0.02728 Recall@20: 0.04166 NDCG@10: 0.01503 NDCG@20: 0.01895 
09/05/2026,07:25:32: Epoch [74/1000]
09/05/2026,07:25:32: Negative sampling...
09/05/2026,07:25:34: Model's personal time...
09/05/2026,07:25:34: Model diagnostics: arce_anchor_count_mean=32.181259, arce_blocker_budget_mean=17.818739, arce_blocker_entropy_mean=3.747739, arce_closure_difficulty_mean=0.628971, arce_closure_difficulty_std=0.286518, arce_gamma_effective_beta=3.000000, arce_gamma_max=0.786628, arce_gamma_mean=0.163717, arce_gamma_min=0.052866, arce_gamma_mode=sample_overlap, arce_gamma_reassignment_l1_mean=0.000000, arce_gamma_std=0.090967, arce_sample_gamma_mean=0.163717, arce_sampled_teacher_overlap_mean=0.643625, arce_sampler=marginal, arce_sampling_power=4.000000, arce_teacher_missing_mass_mean=0.197999, arce_teacher_missing_mass_std=0.110100
09/05/2026,07:25:34: Training...
09/05/2026,07:25:35: Evaluating...
09/05/2026,07:25:35: 	Train Loss: 3429417.5000 (base: 312.9987, kd: 6858.2090), Elapsed: train 2.55 test 0.26
09/05/2026,07:25:35: 	Recall@10: 0.06590 Recall@20: 0.09718 NDCG@10: 0.03983 NDCG@20: 0.04840 
09/05/2026,07:25:35: 	Recall@10: 0.02761 Recall@20: 0.04208 NDCG@10: 0.01513 NDCG@20: 0.01910 
09/05/2026,07:25:35: Epoch [75/1000]
09/05/2026,07:25:35: Negative sampling...
09/05/2026,07:25:36: Model's personal time...
09/05/2026,07:25:36: Model diagnostics: arce_anchor_count_mean=32.242191, arce_blocker_budget_mean=17.757809, arce_blocker_entropy_mean=3.742605, arce_closure_difficulty_mean=0.626947, arce_closure_difficulty_std=0.285946, arce_gamma_effective_beta=3.000000, arce_gamma_max=0.786628, arce_gamma_mean=0.162997, arce_gamma_min=0.052866, arce_gamma_mode=sample_overlap, arce_gamma_reassignment_l1_mean=0.000000, arce_gamma_std=0.090327, arce_sample_gamma_mean=0.162997, arce_sampled_teacher_overlap_mean=0.644844, arce_sampler=marginal, arce_sampling_power=4.000000, arce_teacher_missing_mass_mean=0.196893, arce_teacher_missing_mass_std=0.109469
09/05/2026,07:25:36: Training...
09/05/2026,07:25:37: Evaluating...
09/05/2026,07:25:38: 	Train Loss: 3429602.5000 (base: 309.3280, kd: 6858.5859), Elapsed: train 2.51 test 0.33
09/05/2026,07:25:38: 	Recall@10: 0.06701 Recall@20: 0.09639 NDCG@10: 0.04044 NDCG@20: 0.04851 
09/05/2026,07:25:38: 	Recall@10: 0.02755 Recall@20: 0.04182 NDCG@10: 0.01520 NDCG@20: 0.01912 
09/05/2026,07:25:38: Epoch [76/1000]
09/05/2026,07:25:38: Negative sampling...
09/05/2026,07:25:39: Model's personal time...
09/05/2026,07:25:39: Model diagnostics: arce_anchor_count_mean=32.321133, arce_blocker_budget_mean=17.678865, arce_blocker_entropy_mean=3.734674, arce_closure_difficulty_mean=0.624809, arce_closure_difficulty_std=0.285188, arce_gamma_effective_beta=3.000000, arce_gamma_max=0.786628, arce_gamma_mean=0.162127, arce_gamma_min=0.052866, arce_gamma_mode=sample_overlap, arce_gamma_reassignment_l1_mean=0.000000, arce_gamma_std=0.089706, arce_sample_gamma_mean=0.162127, arce_sampled_teacher_overlap_mean=0.646423, arce_sampler=marginal, arce_sampling_power=4.000000, arce_teacher_missing_mass_mean=0.195696, arce_teacher_missing_mass_std=0.108734
09/05/2026,07:25:39: Training...
09/05/2026,07:25:41: Evaluating...
09/05/2026,07:25:41: 	Train Loss: 3429568.0000 (base: 308.4157, kd: 6858.5190), Elapsed: train 2.80 test 0.33
09/05/2026,07:25:41: 	Recall@10: 0.06668 Recall@20: 0.09765 NDCG@10: 0.04017 NDCG@20: 0.04867 
09/05/2026,07:25:41: 	Recall@10: 0.02715 Recall@20: 0.04300 NDCG@10: 0.01498 NDCG@20: 0.01929 
09/05/2026,07:25:41: Epoch [77/1000]
09/05/2026,07:25:41: Negative sampling...
09/05/2026,07:25:43: Model's personal time...
09/05/2026,07:25:43: Model diagnostics: arce_anchor_count_mean=32.381489, arce_blocker_budget_mean=17.618509, arce_blocker_entropy_mean=3.726655, arce_closure_difficulty_mean=0.622618, arce_closure_difficulty_std=0.284898, arce_gamma_effective_beta=3.000000, arce_gamma_max=0.786628, arce_gamma_mean=0.161480, arce_gamma_min=0.052866, arce_gamma_mode=sample_overlap, arce_gamma_reassignment_l1_mean=0.000000, arce_gamma_std=0.089154, arce_sample_gamma_mean=0.161480, arce_sampled_teacher_overlap_mean=0.647630, arce_sampler=marginal, arce_sampling_power=4.000000, arce_teacher_missing_mass_mean=0.194667, arce_teacher_missing_mass_std=0.108370
09/05/2026,07:25:43: Training...
09/05/2026,07:25:44: Evaluating...
09/05/2026,07:25:44: 	Train Loss: 3429651.7500 (base: 303.8438, kd: 6858.6958), Elapsed: train 2.85 test 0.25
09/05/2026,07:25:44: 	Recall@10: 0.06738 Recall@20: 0.09696 NDCG@10: 0.04039 NDCG@20: 0.04858 
09/05/2026,07:25:44: 	Recall@10: 0.02694 Recall@20: 0.04225 NDCG@10: 0.01499 NDCG@20: 0.01916 
09/05/2026,07:25:44: Epoch [78/1000]
09/05/2026,07:25:44: Negative sampling...
09/05/2026,07:25:45: Model's personal time...
09/05/2026,07:25:45: Model diagnostics: arce_anchor_count_mean=32.455452, arce_blocker_budget_mean=17.544548, arce_blocker_entropy_mean=3.717490, arce_closure_difficulty_mean=0.620457, arce_closure_difficulty_std=0.284442, arce_gamma_effective_beta=3.000000, arce_gamma_max=0.786628, arce_gamma_mean=0.160636, arce_gamma_min=0.052866, arce_gamma_mode=sample_overlap, arce_gamma_reassignment_l1_mean=0.000000, arce_gamma_std=0.088329, arce_sample_gamma_mean=0.160636, arce_sampled_teacher_overlap_mean=0.649109, arce_sampler=marginal, arce_sampling_power=4.000000, arce_teacher_missing_mass_mean=0.193605, arce_teacher_missing_mass_std=0.107808
09/05/2026,07:25:45: Training...
09/05/2026,07:25:47: Evaluating...
09/05/2026,07:25:47: 	Train Loss: 3429965.2500 (base: 303.4478, kd: 6859.3237), Elapsed: train 2.60 test 0.29 *
09/05/2026,07:25:47: 	Recall@10: 0.06650 Recall@20: 0.09783 NDCG@10: 0.04018 NDCG@20: 0.04890 
09/05/2026,07:25:47: 	Recall@10: 0.02708 Recall@20: 0.04235 NDCG@10: 0.01504 NDCG@20: 0.01920 
09/05/2026,07:25:47: Epoch [79/1000]
09/05/2026,07:25:47: Negative sampling...
09/05/2026,07:25:48: Model's personal time...
09/05/2026,07:25:48: Model diagnostics: arce_anchor_count_mean=32.524620, arce_blocker_budget_mean=17.475378, arce_blocker_entropy_mean=3.711326, arce_closure_difficulty_mean=0.618840, arce_closure_difficulty_std=0.283913, arce_gamma_effective_beta=3.000000, arce_gamma_max=0.786628, arce_gamma_mean=0.159838, arce_gamma_min=0.052866, arce_gamma_mode=sample_overlap, arce_gamma_reassignment_l1_mean=0.000000, arce_gamma_std=0.087725, arce_sample_gamma_mean=0.159838, arce_sampled_teacher_overlap_mean=0.650492, arce_sampler=marginal, arce_sampling_power=4.000000, arce_teacher_missing_mass_mean=0.192555, arce_teacher_missing_mass_std=0.107110
09/05/2026,07:25:48: Training...
09/05/2026,07:25:50: Evaluating...
09/05/2026,07:25:50: 	Train Loss: 3429873.5000 (base: 299.1163, kd: 6859.1484), Elapsed: train 2.66 test 0.33
09/05/2026,07:25:50: 	Recall@10: 0.06698 Recall@20: 0.09752 NDCG@10: 0.04050 NDCG@20: 0.04889 
09/05/2026,07:25:50: 	Recall@10: 0.02685 Recall@20: 0.04230 NDCG@10: 0.01489 NDCG@20: 0.01912 
09/05/2026,07:25:50: Epoch [80/1000]
09/05/2026,07:25:50: Negative sampling...
09/05/2026,07:25:51: Model's personal time...
09/05/2026,07:25:51: Model diagnostics: arce_anchor_count_mean=32.612377, arce_blocker_budget_mean=17.387623, arce_blocker_entropy_mean=3.703863, arce_closure_difficulty_mean=0.616494, arce_closure_difficulty_std=0.283697, arce_gamma_effective_beta=3.000000, arce_gamma_max=0.786628, arce_gamma_mean=0.158976, arce_gamma_min=0.052866, arce_gamma_mode=sample_overlap, arce_gamma_reassignment_l1_mean=0.000000, arce_gamma_std=0.087285, arce_sample_gamma_mean=0.158976, arce_sampled_teacher_overlap_mean=0.652248, arce_sampler=marginal, arce_sampling_power=4.000000, arce_teacher_missing_mass_mean=0.191388, arce_teacher_missing_mass_std=0.106896
09/05/2026,07:25:51: Training...
09/05/2026,07:25:52: Evaluating...
09/05/2026,07:25:53: 	Train Loss: 3430230.7500 (base: 296.2198, kd: 6859.8687), Elapsed: train 2.49 test 0.27
09/05/2026,07:25:53: 	Recall@10: 0.06640 Recall@20: 0.09728 NDCG@10: 0.04032 NDCG@20: 0.04876 
09/05/2026,07:25:53: 	Recall@10: 0.02737 Recall@20: 0.04266 NDCG@10: 0.01518 NDCG@20: 0.01935 
09/05/2026,07:25:53: Epoch [81/1000]
09/05/2026,07:25:53: Negative sampling...
09/05/2026,07:25:54: Model's personal time...
09/05/2026,07:25:54: Model diagnostics: arce_anchor_count_mean=32.685764, arce_blocker_budget_mean=17.314236, arce_blocker_entropy_mean=3.697543, arce_closure_difficulty_mean=0.614657, arce_closure_difficulty_std=0.283338, arce_gamma_effective_beta=3.000000, arce_gamma_max=0.786628, arce_gamma_mean=0.158067, arce_gamma_min=0.052866, arce_gamma_mode=sample_overlap, arce_gamma_reassignment_l1_mean=0.000000, arce_gamma_std=0.086183, arce_sample_gamma_mean=0.158067, arce_sampled_teacher_overlap_mean=0.653715, arce_sampler=marginal, arce_sampling_power=4.000000, arce_teacher_missing_mass_mean=0.190344, arce_teacher_missing_mass_std=0.106371
09/05/2026,07:25:54: Training...
09/05/2026,07:25:55: Evaluating...
09/05/2026,07:25:55: 	Train Loss: 3430131.2500 (base: 295.1190, kd: 6859.6719), Elapsed: train 2.37 test 0.29 *
09/05/2026,07:25:55: 	Recall@10: 0.06641 Recall@20: 0.09840 NDCG@10: 0.04020 NDCG@20: 0.04903 
09/05/2026,07:25:55: 	Recall@10: 0.02742 Recall@20: 0.04217 NDCG@10: 0.01516 NDCG@20: 0.01920 
09/05/2026,07:25:55: Epoch [82/1000]
09/05/2026,07:25:55: Negative sampling...
09/05/2026,07:25:57: Model's personal time...
09/05/2026,07:25:57: Model diagnostics: arce_anchor_count_mean=32.761833, arce_blocker_budget_mean=17.238169, arce_blocker_entropy_mean=3.692044, arce_closure_difficulty_mean=0.612554, arce_closure_difficulty_std=0.283081, arce_gamma_effective_beta=3.000000, arce_gamma_max=0.786628, arce_gamma_mean=0.157326, arce_gamma_min=0.052866, arce_gamma_mode=sample_overlap, arce_gamma_reassignment_l1_mean=0.000000, arce_gamma_std=0.085726, arce_sample_gamma_mean=0.157326, arce_sampled_teacher_overlap_mean=0.655237, arce_sampler=marginal, arce_sampling_power=4.000000, arce_teacher_missing_mass_mean=0.189268, arce_teacher_missing_mass_std=0.106050
09/05/2026,07:25:57: Training...
09/05/2026,07:25:58: Evaluating...
09/05/2026,07:25:58: 	Train Loss: 3430269.0000 (base: 287.4214, kd: 6859.9629), Elapsed: train 2.44 test 0.33
09/05/2026,07:25:58: 	Recall@10: 0.06659 Recall@20: 0.09711 NDCG@10: 0.04016 NDCG@20: 0.04861 
09/05/2026,07:25:58: 	Recall@10: 0.02742 Recall@20: 0.04269 NDCG@10: 0.01512 NDCG@20: 0.01929 
09/05/2026,07:25:58: Epoch [83/1000]
09/05/2026,07:25:58: Negative sampling...
09/05/2026,07:25:59: Model's personal time...
09/05/2026,07:25:59: Model diagnostics: arce_anchor_count_mean=32.827553, arce_blocker_budget_mean=17.172447, arce_blocker_entropy_mean=3.687379, arce_closure_difficulty_mean=0.610292, arce_closure_difficulty_std=0.282769, arce_gamma_effective_beta=3.000000, arce_gamma_max=0.786628, arce_gamma_mean=0.156684, arce_gamma_min=0.052866, arce_gamma_mode=sample_overlap, arce_gamma_reassignment_l1_mean=0.000000, arce_gamma_std=0.085447, arce_sample_gamma_mean=0.156684, arce_sampled_teacher_overlap_mean=0.656551, arce_sampler=marginal, arce_sampling_power=4.000000, arce_teacher_missing_mass_mean=0.188223, arce_teacher_missing_mass_std=0.105769
09/05/2026,07:25:59: Training...
09/05/2026,07:26:01: Evaluating...
09/05/2026,07:26:01: 	Train Loss: 3430445.7500 (base: 288.4913, kd: 6860.3149), Elapsed: train 2.50 test 0.26 *
09/05/2026,07:26:01: 	Recall@10: 0.06689 Recall@20: 0.09747 NDCG@10: 0.04078 NDCG@20: 0.04926 
09/05/2026,07:26:01: 	Recall@10: 0.02703 Recall@20: 0.04219 NDCG@10: 0.01498 NDCG@20: 0.01915 
09/05/2026,07:26:01: Epoch [84/1000]
09/05/2026,07:26:01: Negative sampling...
09/05/2026,07:26:02: Model's personal time...
09/05/2026,07:26:02: Model diagnostics: arce_anchor_count_mean=32.893082, arce_blocker_budget_mean=17.106916, arce_blocker_entropy_mean=3.681424, arce_closure_difficulty_mean=0.608080, arce_closure_difficulty_std=0.282096, arce_gamma_effective_beta=3.000000, arce_gamma_max=0.786628, arce_gamma_mean=0.155949, arce_gamma_min=0.052866, arce_gamma_mode=sample_overlap, arce_gamma_reassignment_l1_mean=0.000000, arce_gamma_std=0.084827, arce_sample_gamma_mean=0.155949, arce_sampled_teacher_overlap_mean=0.657862, arce_sampler=marginal, arce_sampling_power=4.000000, arce_teacher_missing_mass_mean=0.187202, arce_teacher_missing_mass_std=0.105273
09/05/2026,07:26:02: Training...
09/05/2026,07:26:03: Evaluating...
09/05/2026,07:26:04: 	Train Loss: 3430566.5000 (base: 285.3391, kd: 6860.5625), Elapsed: train 2.43 test 0.25
09/05/2026,07:26:04: 	Recall@10: 0.06590 Recall@20: 0.09745 NDCG@10: 0.04003 NDCG@20: 0.04879 
09/05/2026,07:26:04: 	Recall@10: 0.02707 Recall@20: 0.04273 NDCG@10: 0.01490 NDCG@20: 0.01915 
09/05/2026,07:26:04: Epoch [85/1000]
09/05/2026,07:26:04: Negative sampling...
09/05/2026,07:26:05: Model's personal time...
09/05/2026,07:26:05: Model diagnostics: arce_anchor_count_mean=32.961487, arce_blocker_budget_mean=17.038513, arce_blocker_entropy_mean=3.677061, arce_closure_difficulty_mean=0.605994, arce_closure_difficulty_std=0.281812, arce_gamma_effective_beta=3.000000, arce_gamma_max=0.786628, arce_gamma_mean=0.155278, arce_gamma_min=0.052866, arce_gamma_mode=sample_overlap, arce_gamma_reassignment_l1_mean=0.000000, arce_gamma_std=0.084381, arce_sample_gamma_mean=0.155278, arce_sampled_teacher_overlap_mean=0.659230, arce_sampler=marginal, arce_sampling_power=4.000000, arce_teacher_missing_mass_mean=0.186179, arce_teacher_missing_mass_std=0.104832
09/05/2026,07:26:05: Training...
09/05/2026,07:26:06: Evaluating...
09/05/2026,07:26:06: 	Train Loss: 3430470.2500 (base: 282.1064, kd: 6860.3755), Elapsed: train 2.50 test 0.27
09/05/2026,07:26:06: 	Recall@10: 0.06691 Recall@20: 0.09709 NDCG@10: 0.04043 NDCG@20: 0.04879 
09/05/2026,07:26:06: 	Recall@10: 0.02753 Recall@20: 0.04311 NDCG@10: 0.01524 NDCG@20: 0.01948 
09/05/2026,07:26:06: Epoch [86/1000]
09/05/2026,07:26:06: Negative sampling...
09/05/2026,07:26:08: Model's personal time...
09/05/2026,07:26:08: Model diagnostics: arce_anchor_count_mean=33.020695, arce_blocker_budget_mean=16.979305, arce_blocker_entropy_mean=3.673120, arce_closure_difficulty_mean=0.604055, arce_closure_difficulty_std=0.281571, arce_gamma_effective_beta=3.000000, arce_gamma_max=0.786628, arce_gamma_mean=0.154674, arce_gamma_min=0.052866, arce_gamma_mode=sample_overlap, arce_gamma_reassignment_l1_mean=0.000000, arce_gamma_std=0.083946, arce_sample_gamma_mean=0.154674, arce_sampled_teacher_overlap_mean=0.660414, arce_sampler=marginal, arce_sampling_power=4.000000, arce_teacher_missing_mass_mean=0.185290, arce_teacher_missing_mass_std=0.104621
09/05/2026,07:26:08: Training...
09/05/2026,07:26:09: Evaluating...
09/05/2026,07:26:09: 	Train Loss: 3431458.5000 (base: 280.6524, kd: 6862.3560), Elapsed: train 2.64 test 0.26
09/05/2026,07:26:09: 	Recall@10: 0.06610 Recall@20: 0.09720 NDCG@10: 0.04029 NDCG@20: 0.04884 
09/05/2026,07:26:09: 	Recall@10: 0.02735 Recall@20: 0.04297 NDCG@10: 0.01529 NDCG@20: 0.01951 
09/05/2026,07:26:09: Epoch [87/1000]
09/05/2026,07:26:09: Negative sampling...
09/05/2026,07:26:11: Model's personal time...
09/05/2026,07:26:11: Model diagnostics: arce_anchor_count_mean=33.082966, arce_blocker_budget_mean=16.917034, arce_blocker_entropy_mean=3.662456, arce_closure_difficulty_mean=0.602022, arce_closure_difficulty_std=0.281047, arce_gamma_effective_beta=3.000000, arce_gamma_max=0.786628, arce_gamma_mean=0.153978, arce_gamma_min=0.052866, arce_gamma_mode=sample_overlap, arce_gamma_reassignment_l1_mean=0.000000, arce_gamma_std=0.083301, arce_sample_gamma_mean=0.153978, arce_sampled_teacher_overlap_mean=0.661659, arce_sampler=marginal, arce_sampling_power=4.000000, arce_teacher_missing_mass_mean=0.184355, arce_teacher_missing_mass_std=0.104203
09/05/2026,07:26:11: Training...
09/05/2026,07:26:12: Evaluating...
09/05/2026,07:26:12: 	Train Loss: 3431084.7500 (base: 278.6163, kd: 6861.6123), Elapsed: train 2.53 test 0.26
09/05/2026,07:26:12: 	Recall@10: 0.06741 Recall@20: 0.09712 NDCG@10: 0.04094 NDCG@20: 0.04915 
09/05/2026,07:26:12: 	Recall@10: 0.02777 Recall@20: 0.04345 NDCG@10: 0.01536 NDCG@20: 0.01957 
09/05/2026,07:26:12: Epoch [88/1000]
09/05/2026,07:26:12: Negative sampling...
09/05/2026,07:26:13: Model's personal time...
09/05/2026,07:26:13: Model diagnostics: arce_anchor_count_mean=33.147537, arce_blocker_budget_mean=16.852463, arce_blocker_entropy_mean=3.658762, arce_closure_difficulty_mean=0.600075, arce_closure_difficulty_std=0.280171, arce_gamma_effective_beta=3.000000, arce_gamma_max=0.786628, arce_gamma_mean=0.153263, arce_gamma_min=0.052866, arce_gamma_mode=sample_overlap, arce_gamma_reassignment_l1_mean=0.000000, arce_gamma_std=0.082681, arce_sample_gamma_mean=0.153263, arce_sampled_teacher_overlap_mean=0.662951, arce_sampler=marginal, arce_sampling_power=4.000000, arce_teacher_missing_mass_mean=0.183401, arce_teacher_missing_mass_std=0.103573
09/05/2026,07:26:13: Training...
09/05/2026,07:26:15: Evaluating...
09/05/2026,07:26:15: 	Train Loss: 3431379.5000 (base: 278.4228, kd: 6862.2026), Elapsed: train 2.81 test 0.33
09/05/2026,07:26:15: 	Recall@10: 0.06681 Recall@20: 0.09751 NDCG@10: 0.04054 NDCG@20: 0.04907 
09/05/2026,07:26:15: 	Recall@10: 0.02740 Recall@20: 0.04271 NDCG@10: 0.01531 NDCG@20: 0.01943 
09/05/2026,07:26:15: Epoch [89/1000]
09/05/2026,07:26:15: Negative sampling...
09/05/2026,07:26:17: Model's personal time...
09/05/2026,07:26:17: Model diagnostics: arce_anchor_count_mean=33.221882, arce_blocker_budget_mean=16.778118, arce_blocker_entropy_mean=3.653534, arce_closure_difficulty_mean=0.598130, arce_closure_difficulty_std=0.279779, arce_gamma_effective_beta=3.000000, arce_gamma_max=0.786628, arce_gamma_mean=0.152470, arce_gamma_min=0.052866, arce_gamma_mode=sample_overlap, arce_gamma_reassignment_l1_mean=0.000000, arce_gamma_std=0.082007, arce_sample_gamma_mean=0.152470, arce_sampled_teacher_overlap_mean=0.664438, arce_sampler=marginal, arce_sampling_power=4.000000, arce_teacher_missing_mass_mean=0.182410, arce_teacher_missing_mass_std=0.103199
09/05/2026,07:26:17: Training...
09/05/2026,07:26:18: Evaluating...
09/05/2026,07:26:18: 	Train Loss: 3431476.2500 (base: 275.4395, kd: 6862.4019), Elapsed: train 2.41 test 0.33
09/05/2026,07:26:18: 	Recall@10: 0.06743 Recall@20: 0.09755 NDCG@10: 0.04071 NDCG@20: 0.04900 
09/05/2026,07:26:18: 	Recall@10: 0.02743 Recall@20: 0.04282 NDCG@10: 0.01524 NDCG@20: 0.01941 
09/05/2026,07:26:18: Epoch [90/1000]
09/05/2026,07:26:18: Negative sampling...
09/05/2026,07:26:19: Model's personal time...
09/05/2026,07:26:19: Model diagnostics: arce_anchor_count_mean=33.278980, arce_blocker_budget_mean=16.721020, arce_blocker_entropy_mean=3.648877, arce_closure_difficulty_mean=0.596436, arce_closure_difficulty_std=0.279458, arce_gamma_effective_beta=3.000000, arce_gamma_max=0.786628, arce_gamma_mean=0.151847, arce_gamma_min=0.052866, arce_gamma_mode=sample_overlap, arce_gamma_reassignment_l1_mean=0.000000, arce_gamma_std=0.081440, arce_sample_gamma_mean=0.151847, arce_sampled_teacher_overlap_mean=0.665580, arce_sampler=marginal, arce_sampling_power=4.000000, arce_teacher_missing_mass_mean=0.181574, arce_teacher_missing_mass_std=0.102741
09/05/2026,07:26:19: Training...
09/05/2026,07:26:20: Evaluating...
09/05/2026,07:26:21: 	Train Loss: 3431035.2500 (base: 273.8557, kd: 6861.5229), Elapsed: train 2.61 test 0.34
09/05/2026,07:26:21: 	Recall@10: 0.06745 Recall@20: 0.09750 NDCG@10: 0.04064 NDCG@20: 0.04895 
09/05/2026,07:26:21: 	Recall@10: 0.02776 Recall@20: 0.04301 NDCG@10: 0.01538 NDCG@20: 0.01947 
09/05/2026,07:26:21: Epoch [91/1000]
09/05/2026,07:26:21: Negative sampling...
09/05/2026,07:26:22: Model's personal time...
09/05/2026,07:26:22: Model diagnostics: arce_anchor_count_mean=33.327648, arce_blocker_budget_mean=16.672350, arce_blocker_entropy_mean=3.642917, arce_closure_difficulty_mean=0.594450, arce_closure_difficulty_std=0.279069, arce_gamma_effective_beta=3.000000, arce_gamma_max=0.786628, arce_gamma_mean=0.151342, arce_gamma_min=0.052866, arce_gamma_mode=sample_overlap, arce_gamma_reassignment_l1_mean=0.000000, arce_gamma_std=0.081039, arce_sample_gamma_mean=0.151342, arce_sampled_teacher_overlap_mean=0.666553, arce_sampler=marginal, arce_sampling_power=4.000000, arce_teacher_missing_mass_mean=0.180836, arce_teacher_missing_mass_std=0.102654
09/05/2026,07:26:22: Training...
09/05/2026,07:26:24: Evaluating...
09/05/2026,07:26:24: 	Train Loss: 3431338.5000 (base: 271.1311, kd: 6862.1343), Elapsed: train 2.69 test 0.27 *
09/05/2026,07:26:24: 	Recall@10: 0.06621 Recall@20: 0.09827 NDCG@10: 0.04058 NDCG@20: 0.04944 
09/05/2026,07:26:24: 	Recall@10: 0.02738 Recall@20: 0.04322 NDCG@10: 0.01512 NDCG@20: 0.01939 
09/05/2026,07:26:24: Epoch [92/1000]
09/05/2026,07:26:24: Negative sampling...
09/05/2026,07:26:25: Model's personal time...
09/05/2026,07:26:25: Model diagnostics: arce_anchor_count_mean=33.395287, arce_blocker_budget_mean=16.604713, arce_blocker_entropy_mean=3.637571, arce_closure_difficulty_mean=0.592575, arce_closure_difficulty_std=0.278884, arce_gamma_effective_beta=3.000000, arce_gamma_max=0.786628, arce_gamma_mean=0.150685, arce_gamma_min=0.052866, arce_gamma_mode=sample_overlap, arce_gamma_reassignment_l1_mean=0.000000, arce_gamma_std=0.080620, arce_sample_gamma_mean=0.150685, arce_sampled_teacher_overlap_mean=0.667906, arce_sampler=marginal, arce_sampling_power=4.000000, arce_teacher_missing_mass_mean=0.179861, arce_teacher_missing_mass_std=0.102345
09/05/2026,07:26:25: Training...
09/05/2026,07:26:26: Evaluating...
09/05/2026,07:26:27: 	Train Loss: 3432170.5000 (base: 268.9450, kd: 6863.8022), Elapsed: train 2.56 test 0.29
09/05/2026,07:26:27: 	Recall@10: 0.06747 Recall@20: 0.09787 NDCG@10: 0.04078 NDCG@20: 0.04919 
09/05/2026,07:26:27: 	Recall@10: 0.02746 Recall@20: 0.04336 NDCG@10: 0.01525 NDCG@20: 0.01952 
09/05/2026,07:26:27: Epoch [93/1000]
09/05/2026,07:26:27: Negative sampling...
09/05/2026,07:26:28: Model's personal time...
09/05/2026,07:26:28: Model diagnostics: arce_anchor_count_mean=33.463116, arce_blocker_budget_mean=16.536884, arce_blocker_entropy_mean=3.632554, arce_closure_difficulty_mean=0.590803, arce_closure_difficulty_std=0.278525, arce_gamma_effective_beta=3.000000, arce_gamma_max=0.786628, arce_gamma_mean=0.150007, arce_gamma_min=0.052866, arce_gamma_mode=sample_overlap, arce_gamma_reassignment_l1_mean=0.000000, arce_gamma_std=0.080122, arce_sample_gamma_mean=0.150007, arce_sampled_teacher_overlap_mean=0.669262, arce_sampler=marginal, arce_sampling_power=4.000000, arce_teacher_missing_mass_mean=0.179028, arce_teacher_missing_mass_std=0.101961
09/05/2026,07:26:28: Training...
09/05/2026,07:26:29: Evaluating...
09/05/2026,07:26:29: 	Train Loss: 3431779.7500 (base: 263.6933, kd: 6863.0317), Elapsed: train 2.57 test 0.26
09/05/2026,07:26:29: 	Recall@10: 0.06702 Recall@20: 0.09745 NDCG@10: 0.04055 NDCG@20: 0.04896 
09/05/2026,07:26:29: 	Recall@10: 0.02755 Recall@20: 0.04343 NDCG@10: 0.01523 NDCG@20: 0.01949 
09/05/2026,07:26:29: Epoch [94/1000]
09/05/2026,07:26:29: Negative sampling...
09/05/2026,07:26:31: Model's personal time...
09/05/2026,07:26:31: Model diagnostics: arce_anchor_count_mean=33.505077, arce_blocker_budget_mean=16.494923, arce_blocker_entropy_mean=3.626922, arce_closure_difficulty_mean=0.588973, arce_closure_difficulty_std=0.278166, arce_gamma_effective_beta=3.000000, arce_gamma_max=0.786628, arce_gamma_mean=0.149586, arce_gamma_min=0.049787, arce_gamma_mode=sample_overlap, arce_gamma_reassignment_l1_mean=0.000000, arce_gamma_std=0.079831, arce_sample_gamma_mean=0.149586, arce_sampled_teacher_overlap_mean=0.670102, arce_sampler=marginal, arce_sampling_power=4.000000, arce_teacher_missing_mass_mean=0.178328, arce_teacher_missing_mass_std=0.101758
09/05/2026,07:26:31: Training...
09/05/2026,07:26:32: Evaluating...
09/05/2026,07:26:32: 	Train Loss: 3432397.0000 (base: 267.2764, kd: 6864.2593), Elapsed: train 2.65 test 0.26
09/05/2026,07:26:32: 	Recall@10: 0.06638 Recall@20: 0.09776 NDCG@10: 0.04031 NDCG@20: 0.04899 
09/05/2026,07:26:32: 	Recall@10: 0.02752 Recall@20: 0.04390 NDCG@10: 0.01516 NDCG@20: 0.01954 
09/05/2026,07:26:32: Epoch [95/1000]
09/05/2026,07:26:32: Negative sampling...
09/05/2026,07:26:34: Model's personal time...
09/05/2026,07:26:34: Model diagnostics: arce_anchor_count_mean=33.569267, arce_blocker_budget_mean=16.430733, arce_blocker_entropy_mean=3.624245, arce_closure_difficulty_mean=0.587224, arce_closure_difficulty_std=0.277708, arce_gamma_effective_beta=3.000000, arce_gamma_max=0.786628, arce_gamma_mean=0.148893, arce_gamma_min=0.052866, arce_gamma_mode=sample_overlap, arce_gamma_reassignment_l1_mean=0.000000, arce_gamma_std=0.079025, arce_sample_gamma_mean=0.148893, arce_sampled_teacher_overlap_mean=0.671385, arce_sampler=marginal, arce_sampling_power=4.000000, arce_teacher_missing_mass_mean=0.177445, arce_teacher_missing_mass_std=0.101322
09/05/2026,07:26:34: Training...
09/05/2026,07:26:35: Evaluating...
09/05/2026,07:26:35: 	Train Loss: 3432007.5000 (base: 262.4394, kd: 6863.4902), Elapsed: train 2.55 test 0.27
09/05/2026,07:26:35: 	Recall@10: 0.06645 Recall@20: 0.09822 NDCG@10: 0.04009 NDCG@20: 0.04886 
09/05/2026,07:26:35: 	Recall@10: 0.02746 Recall@20: 0.04309 NDCG@10: 0.01516 NDCG@20: 0.01939 
09/05/2026,07:26:35: Epoch [96/1000]
09/05/2026,07:26:35: Negative sampling...
09/05/2026,07:26:37: Model's personal time...
09/05/2026,07:26:37: Model diagnostics: arce_anchor_count_mean=33.640160, arce_blocker_budget_mean=16.359838, arce_blocker_entropy_mean=3.620610, arce_closure_difficulty_mean=0.585392, arce_closure_difficulty_std=0.277391, arce_gamma_effective_beta=3.000000, arce_gamma_max=0.786628, arce_gamma_mean=0.148200, arce_gamma_min=0.049787, arce_gamma_mode=sample_overlap, arce_gamma_reassignment_l1_mean=0.000000, arce_gamma_std=0.078499, arce_sample_gamma_mean=0.148200, arce_sampled_teacher_overlap_mean=0.672803, arce_sampler=marginal, arce_sampling_power=4.000000, arce_teacher_missing_mass_mean=0.176539, arce_teacher_missing_mass_std=0.101005
09/05/2026,07:26:37: Training...
09/05/2026,07:26:38: Evaluating...
09/05/2026,07:26:38: 	Train Loss: 3433058.5000 (base: 263.5150, kd: 6865.5903), Elapsed: train 2.48 test 0.27
09/05/2026,07:26:38: 	Recall@10: 0.06612 Recall@20: 0.09959 NDCG@10: 0.04014 NDCG@20: 0.04936 
09/05/2026,07:26:38: 	Recall@10: 0.02803 Recall@20: 0.04362 NDCG@10: 0.01539 NDCG@20: 0.01959 
09/05/2026,07:26:38: Epoch [97/1000]
09/05/2026,07:26:38: Negative sampling...
09/05/2026,07:26:39: Model's personal time...
09/05/2026,07:26:39: Model diagnostics: arce_anchor_count_mean=33.700901, arce_blocker_budget_mean=16.299099, arce_blocker_entropy_mean=3.617628, arce_closure_difficulty_mean=0.583809, arce_closure_difficulty_std=0.277075, arce_gamma_effective_beta=3.000000, arce_gamma_max=0.786628, arce_gamma_mean=0.147600, arce_gamma_min=0.052866, arce_gamma_mode=sample_overlap, arce_gamma_reassignment_l1_mean=0.000000, arce_gamma_std=0.078222, arce_sample_gamma_mean=0.147600, arce_sampled_teacher_overlap_mean=0.674018, arce_sampler=marginal, arce_sampling_power=4.000000, arce_teacher_missing_mass_mean=0.175703, arce_teacher_missing_mass_std=0.100625
09/05/2026,07:26:39: Training...
09/05/2026,07:26:40: Evaluating...
09/05/2026,07:26:41: 	Train Loss: 3432186.7500 (base: 257.5890, kd: 6863.8584), Elapsed: train 2.46 test 0.27 *
09/05/2026,07:26:41: 	Recall@10: 0.06618 Recall@20: 0.09930 NDCG@10: 0.04022 NDCG@20: 0.04946 
09/05/2026,07:26:41: 	Recall@10: 0.02784 Recall@20: 0.04333 NDCG@10: 0.01524 NDCG@20: 0.01943 
09/05/2026,07:26:41: Epoch [98/1000]
09/05/2026,07:26:41: Negative sampling...
09/05/2026,07:26:42: Model's personal time...
09/05/2026,07:26:42: Model diagnostics: arce_anchor_count_mean=33.752636, arce_blocker_budget_mean=16.247366, arce_blocker_entropy_mean=3.611556, arce_closure_difficulty_mean=0.582095, arce_closure_difficulty_std=0.276740, arce_gamma_effective_beta=3.000000, arce_gamma_max=0.786628, arce_gamma_mean=0.147086, arce_gamma_min=0.052866, arce_gamma_mode=sample_overlap, arce_gamma_reassignment_l1_mean=0.000000, arce_gamma_std=0.077765, arce_sample_gamma_mean=0.147086, arce_sampled_teacher_overlap_mean=0.675053, arce_sampler=marginal, arce_sampling_power=4.000000, arce_teacher_missing_mass_mean=0.174974, arce_teacher_missing_mass_std=0.100338
09/05/2026,07:26:42: Training...
09/05/2026,07:26:43: Evaluating...
09/05/2026,07:26:44: 	Train Loss: 3432370.2500 (base: 256.1766, kd: 6864.2280), Elapsed: train 2.70 test 0.33 *
09/05/2026,07:26:44: 	Recall@10: 0.06532 Recall@20: 0.09944 NDCG@10: 0.04012 NDCG@20: 0.04960 
09/05/2026,07:26:44: 	Recall@10: 0.02784 Recall@20: 0.04378 NDCG@10: 0.01520 NDCG@20: 0.01951 
09/05/2026,07:26:44: Epoch [99/1000]
09/05/2026,07:26:44: Negative sampling...
09/05/2026,07:26:45: Model's personal time...
09/05/2026,07:26:45: Model diagnostics: arce_anchor_count_mean=33.787506, arce_blocker_budget_mean=16.212492, arce_blocker_entropy_mean=3.604893, arce_closure_difficulty_mean=0.580697, arce_closure_difficulty_std=0.276549, arce_gamma_effective_beta=3.000000, arce_gamma_max=0.786628, arce_gamma_mean=0.146697, arce_gamma_min=0.052866, arce_gamma_mode=sample_overlap, arce_gamma_reassignment_l1_mean=0.000000, arce_gamma_std=0.077274, arce_sample_gamma_mean=0.146697, arce_sampled_teacher_overlap_mean=0.675750, arce_sampler=marginal, arce_sampling_power=4.000000, arce_teacher_missing_mass_mean=0.174499, arce_teacher_missing_mass_std=0.100314
09/05/2026,07:26:45: Training...
09/05/2026,07:26:46: Evaluating...
09/05/2026,07:26:47: 	Train Loss: 3432641.2500 (base: 252.7794, kd: 6864.7773), Elapsed: train 2.68 test 0.36
09/05/2026,07:26:47: 	Recall@10: 0.06557 Recall@20: 0.10002 NDCG@10: 0.03988 NDCG@20: 0.04946 
09/05/2026,07:26:47: 	Recall@10: 0.02817 Recall@20: 0.04429 NDCG@10: 0.01534 NDCG@20: 0.01969 
09/05/2026,07:26:47: Epoch [100/1000]
09/05/2026,07:26:47: Negative sampling...
09/05/2026,07:26:48: Model's personal time...
09/05/2026,07:26:48: Model diagnostics: arce_anchor_count_mean=33.841923, arce_blocker_budget_mean=16.158075, arce_blocker_entropy_mean=3.599426, arce_closure_difficulty_mean=0.579031, arce_closure_difficulty_std=0.276066, arce_gamma_effective_beta=3.000000, arce_gamma_max=0.786628, arce_gamma_mean=0.146183, arce_gamma_min=0.052866, arce_gamma_mode=sample_overlap, arce_gamma_reassignment_l1_mean=0.000000, arce_gamma_std=0.077021, arce_sample_gamma_mean=0.146183, arce_sampled_teacher_overlap_mean=0.676838, arce_sampler=marginal, arce_sampling_power=4.000000, arce_teacher_missing_mass_mean=0.173731, arce_teacher_missing_mass_std=0.100036
09/05/2026,07:26:48: Training...
09/05/2026,07:26:49: Evaluating...
09/05/2026,07:26:50: 	Train Loss: 3432799.5000 (base: 250.1870, kd: 6865.0986), Elapsed: train 2.64 test 0.30
09/05/2026,07:26:50: 	Recall@10: 0.06552 Recall@20: 0.09863 NDCG@10: 0.03978 NDCG@20: 0.04893 
09/05/2026,07:26:50: 	Recall@10: 0.02787 Recall@20: 0.04403 NDCG@10: 0.01526 NDCG@20: 0.01961 
09/05/2026,07:26:50: Epoch [101/1000]
09/05/2026,07:26:50: Negative sampling...
09/05/2026,07:26:51: Model's personal time...
09/05/2026,07:26:51: Model diagnostics: arce_anchor_count_mean=33.900364, arce_blocker_budget_mean=16.099636, arce_blocker_entropy_mean=3.595756, arce_closure_difficulty_mean=0.577180, arce_closure_difficulty_std=0.275469, arce_gamma_effective_beta=3.000000, arce_gamma_max=0.786628, arce_gamma_mean=0.145558, arce_gamma_min=0.049787, arce_gamma_mode=sample_overlap, arce_gamma_reassignment_l1_mean=0.000000, arce_gamma_std=0.076312, arce_sample_gamma_mean=0.145558, arce_sampled_teacher_overlap_mean=0.678007, arce_sampler=marginal, arce_sampling_power=4.000000, arce_teacher_missing_mass_mean=0.172899, arce_teacher_missing_mass_std=0.099606
09/05/2026,07:26:51: Training...
09/05/2026,07:26:53: Evaluating...
09/05/2026,07:26:53: 	Train Loss: 3433334.5000 (base: 249.3099, kd: 6866.1709), Elapsed: train 2.79 test 0.32 *
09/05/2026,07:26:53: 	Recall@10: 0.06637 Recall@20: 0.10015 NDCG@10: 0.04042 NDCG@20: 0.04973 
09/05/2026,07:26:53: 	Recall@10: 0.02755 Recall@20: 0.04357 NDCG@10: 0.01520 NDCG@20: 0.01951 
09/05/2026,07:26:53: Epoch [102/1000]
09/05/2026,07:26:53: Negative sampling...
09/05/2026,07:26:54: Model's personal time...
09/05/2026,07:26:54: Model diagnostics: arce_anchor_count_mean=33.942707, arce_blocker_budget_mean=16.057291, arce_blocker_entropy_mean=3.591035, arce_closure_difficulty_mean=0.575735, arce_closure_difficulty_std=0.275145, arce_gamma_effective_beta=3.000000, arce_gamma_max=0.786628, arce_gamma_mean=0.145165, arce_gamma_min=0.052866, arce_gamma_mode=sample_overlap, arce_gamma_reassignment_l1_mean=0.000000, arce_gamma_std=0.075996, arce_sample_gamma_mean=0.145165, arce_sampled_teacher_overlap_mean=0.678854, arce_sampler=marginal, arce_sampling_power=4.000000, arce_teacher_missing_mass_mean=0.172333, arce_teacher_missing_mass_std=0.099448
09/05/2026,07:26:54: Training...
09/05/2026,07:26:55: Evaluating...
09/05/2026,07:26:56: 	Train Loss: 3432911.5000 (base: 249.1039, kd: 6865.3247), Elapsed: train 2.61 test 0.26
09/05/2026,07:26:56: 	Recall@10: 0.06581 Recall@20: 0.10013 NDCG@10: 0.03989 NDCG@20: 0.04941 
09/05/2026,07:26:56: 	Recall@10: 0.02771 Recall@20: 0.04334 NDCG@10: 0.01532 NDCG@20: 0.01955 
09/05/2026,07:26:56: Epoch [103/1000]
09/05/2026,07:26:56: Negative sampling...
09/05/2026,07:26:57: Model's personal time...
09/05/2026,07:26:57: Model diagnostics: arce_anchor_count_mean=33.992146, arce_blocker_budget_mean=16.007856, arce_blocker_entropy_mean=3.586470, arce_closure_difficulty_mean=0.573960, arce_closure_difficulty_std=0.274561, arce_gamma_effective_beta=3.000000, arce_gamma_max=0.786628, arce_gamma_mean=0.144663, arce_gamma_min=0.049787, arce_gamma_mode=sample_overlap, arce_gamma_reassignment_l1_mean=0.000000, arce_gamma_std=0.075503, arce_sample_gamma_mean=0.144663, arce_sampled_teacher_overlap_mean=0.679843, arce_sampler=marginal, arce_sampling_power=4.000000, arce_teacher_missing_mass_mean=0.171582, arce_teacher_missing_mass_std=0.099059
09/05/2026,07:26:57: Training...
09/05/2026,07:26:58: Evaluating...
09/05/2026,07:26:58: 	Train Loss: 3433704.5000 (base: 248.0991, kd: 6866.9131), Elapsed: train 2.45 test 0.34
09/05/2026,07:26:58: 	Recall@10: 0.06575 Recall@20: 0.09962 NDCG@10: 0.04006 NDCG@20: 0.04946 
09/05/2026,07:26:58: 	Recall@10: 0.02765 Recall@20: 0.04343 NDCG@10: 0.01527 NDCG@20: 0.01952 
09/05/2026,07:26:58: Epoch [104/1000]
09/05/2026,07:26:58: Negative sampling...
09/05/2026,07:27:00: Model's personal time...
09/05/2026,07:27:00: Model diagnostics: arce_anchor_count_mean=34.041195, arce_blocker_budget_mean=15.958804, arce_blocker_entropy_mean=3.583468, arce_closure_difficulty_mean=0.572234, arce_closure_difficulty_std=0.274185, arce_gamma_effective_beta=3.000000, arce_gamma_max=0.786628, arce_gamma_mean=0.144170, arce_gamma_min=0.049787, arce_gamma_mode=sample_overlap, arce_gamma_reassignment_l1_mean=0.000000, arce_gamma_std=0.075088, arce_sample_gamma_mean=0.144170, arce_sampled_teacher_overlap_mean=0.680824, arce_sampler=marginal, arce_sampling_power=4.000000, arce_teacher_missing_mass_mean=0.170892, arce_teacher_missing_mass_std=0.098929
09/05/2026,07:27:00: Training...
09/05/2026,07:27:01: Evaluating...
09/05/2026,07:27:02: 	Train Loss: 3433523.5000 (base: 246.3336, kd: 6866.5547), Elapsed: train 2.79 test 0.33
09/05/2026,07:27:02: 	Recall@10: 0.06518 Recall@20: 0.09988 NDCG@10: 0.03977 NDCG@20: 0.04935 
09/05/2026,07:27:02: 	Recall@10: 0.02774 Recall@20: 0.04322 NDCG@10: 0.01526 NDCG@20: 0.01946 
09/05/2026,07:27:02: Epoch [105/1000]
09/05/2026,07:27:02: Negative sampling...
09/05/2026,07:27:03: Model's personal time...
09/05/2026,07:27:03: Model diagnostics: arce_anchor_count_mean=34.105957, arce_blocker_budget_mean=15.894041, arce_blocker_entropy_mean=3.582242, arce_closure_difficulty_mean=0.570019, arce_closure_difficulty_std=0.273493, arce_gamma_effective_beta=3.000000, arce_gamma_max=0.786628, arce_gamma_mean=0.143535, arce_gamma_min=0.049787, arce_gamma_mode=sample_overlap, arce_gamma_reassignment_l1_mean=0.000000, arce_gamma_std=0.074527, arce_sample_gamma_mean=0.143535, arce_sampled_teacher_overlap_mean=0.682119, arce_sampler=marginal, arce_sampling_power=4.000000, arce_teacher_missing_mass_mean=0.169954, arce_teacher_missing_mass_std=0.098456
09/05/2026,07:27:03: Training...
09/05/2026,07:27:04: Evaluating...
09/05/2026,07:27:04: 	Train Loss: 3434344.5000 (base: 246.0356, kd: 6868.1963), Elapsed: train 2.56 test 0.32
09/05/2026,07:27:04: 	Recall@10: 0.06710 Recall@20: 0.10001 NDCG@10: 0.04028 NDCG@20: 0.04935 
09/05/2026,07:27:04: 	Recall@10: 0.02784 Recall@20: 0.04310 NDCG@10: 0.01536 NDCG@20: 0.01951 
09/05/2026,07:27:04: Epoch [106/1000]
09/05/2026,07:27:04: Negative sampling...
09/05/2026,07:27:06: Model's personal time...
09/05/2026,07:27:06: Model diagnostics: arce_anchor_count_mean=34.155586, arce_blocker_budget_mean=15.844415, arce_blocker_entropy_mean=3.576977, arce_closure_difficulty_mean=0.568449, arce_closure_difficulty_std=0.273191, arce_gamma_effective_beta=3.000000, arce_gamma_max=0.786628, arce_gamma_mean=0.143066, arce_gamma_min=0.052866, arce_gamma_mode=sample_overlap, arce_gamma_reassignment_l1_mean=0.000000, arce_gamma_std=0.074081, arce_sample_gamma_mean=0.143066, arce_sampled_teacher_overlap_mean=0.683112, arce_sampler=marginal, arce_sampling_power=4.000000, arce_teacher_missing_mass_mean=0.169297, arce_teacher_missing_mass_std=0.098318
09/05/2026,07:27:06: Training...
09/05/2026,07:27:07: Evaluating...
09/05/2026,07:27:07: 	Train Loss: 3433924.2500 (base: 241.0386, kd: 6867.3667), Elapsed: train 2.61 test 0.31
09/05/2026,07:27:07: 	Recall@10: 0.06616 Recall@20: 0.09997 NDCG@10: 0.04004 NDCG@20: 0.04936 
09/05/2026,07:27:07: 	Recall@10: 0.02814 Recall@20: 0.04279 NDCG@10: 0.01538 NDCG@20: 0.01936 
09/05/2026,07:27:07: Epoch [107/1000]
09/05/2026,07:27:07: Negative sampling...
09/05/2026,07:27:09: Model's personal time...
09/05/2026,07:27:09: Model diagnostics: arce_anchor_count_mean=34.201572, arce_blocker_budget_mean=15.798429, arce_blocker_entropy_mean=3.569146, arce_closure_difficulty_mean=0.566702, arce_closure_difficulty_std=0.272706, arce_gamma_effective_beta=3.000000, arce_gamma_max=0.786628, arce_gamma_mean=0.142608, arce_gamma_min=0.052866, arce_gamma_mode=sample_overlap, arce_gamma_reassignment_l1_mean=0.000000, arce_gamma_std=0.073625, arce_sample_gamma_mean=0.142608, arce_sampled_teacher_overlap_mean=0.684031, arce_sampler=marginal, arce_sampling_power=4.000000, arce_teacher_missing_mass_mean=0.168644, arce_teacher_missing_mass_std=0.098083
09/05/2026,07:27:09: Training...
09/05/2026,07:27:10: Evaluating...
09/05/2026,07:27:10: 	Train Loss: 3434403.2500 (base: 241.5066, kd: 6868.3232), Elapsed: train 2.48 test 0.27
09/05/2026,07:27:10: 	Recall@10: 0.06635 Recall@20: 0.09963 NDCG@10: 0.03982 NDCG@20: 0.04899 
09/05/2026,07:27:10: 	Recall@10: 0.02848 Recall@20: 0.04328 NDCG@10: 0.01545 NDCG@20: 0.01946 
09/05/2026,07:27:10: Epoch [108/1000]
09/05/2026,07:27:10: Negative sampling...
09/05/2026,07:27:12: Model's personal time...
09/05/2026,07:27:12: Model diagnostics: arce_anchor_count_mean=34.247364, arce_blocker_budget_mean=15.752634, arce_blocker_entropy_mean=3.566187, arce_closure_difficulty_mean=0.565190, arce_closure_difficulty_std=0.272594, arce_gamma_effective_beta=3.000000, arce_gamma_max=0.740818, arce_gamma_mean=0.142155, arce_gamma_min=0.052866, arce_gamma_mode=sample_overlap, arce_gamma_reassignment_l1_mean=0.000000, arce_gamma_std=0.073137, arce_sample_gamma_mean=0.142155, arce_sampled_teacher_overlap_mean=0.684947, arce_sampler=marginal, arce_sampling_power=4.000000, arce_teacher_missing_mass_mean=0.167998, arce_teacher_missing_mass_std=0.097869
09/05/2026,07:27:12: Training...
09/05/2026,07:27:13: Evaluating...
09/05/2026,07:27:13: 	Train Loss: 3434680.7500 (base: 240.9583, kd: 6868.8799), Elapsed: train 2.43 test 0.25
09/05/2026,07:27:13: 	Recall@10: 0.06618 Recall@20: 0.10071 NDCG@10: 0.03996 NDCG@20: 0.04944 
09/05/2026,07:27:13: 	Recall@10: 0.02841 Recall@20: 0.04346 NDCG@10: 0.01551 NDCG@20: 0.01958 
09/05/2026,07:27:13: Epoch [109/1000]
09/05/2026,07:27:13: Negative sampling...
09/05/2026,07:27:14: Model's personal time...
09/05/2026,07:27:14: Model diagnostics: arce_anchor_count_mean=34.287220, arce_blocker_budget_mean=15.712780, arce_blocker_entropy_mean=3.561090, arce_closure_difficulty_mean=0.563668, arce_closure_difficulty_std=0.271935, arce_gamma_effective_beta=3.000000, arce_gamma_max=0.786628, arce_gamma_mean=0.141767, arce_gamma_min=0.052866, arce_gamma_mode=sample_overlap, arce_gamma_reassignment_l1_mean=0.000000, arce_gamma_std=0.072866, arce_sample_gamma_mean=0.141767, arce_sampled_teacher_overlap_mean=0.685744, arce_sampler=marginal, arce_sampling_power=4.000000, arce_teacher_missing_mass_mean=0.167414, arce_teacher_missing_mass_std=0.097643
09/05/2026,07:27:14: Training...
09/05/2026,07:27:15: Evaluating...
09/05/2026,07:27:16: 	Train Loss: 3434974.2500 (base: 238.0639, kd: 6869.4727), Elapsed: train 2.51 test 0.27
09/05/2026,07:27:16: 	Recall@10: 0.06708 Recall@20: 0.10052 NDCG@10: 0.04011 NDCG@20: 0.04926 
09/05/2026,07:27:16: 	Recall@10: 0.02803 Recall@20: 0.04370 NDCG@10: 0.01537 NDCG@20: 0.01960 
09/05/2026,07:27:16: Epoch [110/1000]
09/05/2026,07:27:16: Negative sampling...
09/05/2026,07:27:17: Model's personal time...
09/05/2026,07:27:17: Model diagnostics: arce_anchor_count_mean=34.330715, arce_blocker_budget_mean=15.669285, arce_blocker_entropy_mean=3.558755, arce_closure_difficulty_mean=0.561785, arce_closure_difficulty_std=0.271548, arce_gamma_effective_beta=3.000000, arce_gamma_max=0.740818, arce_gamma_mean=0.141329, arce_gamma_min=0.052866, arce_gamma_mode=sample_overlap, arce_gamma_reassignment_l1_mean=0.000000, arce_gamma_std=0.072491, arce_sample_gamma_mean=0.141329, arce_sampled_teacher_overlap_mean=0.686614, arce_sampler=marginal, arce_sampling_power=4.000000, arce_teacher_missing_mass_mean=0.166731, arce_teacher_missing_mass_std=0.097441
09/05/2026,07:27:17: Training...
09/05/2026,07:27:18: Evaluating...
09/05/2026,07:27:18: 	Train Loss: 3434650.5000 (base: 239.5332, kd: 6868.8213), Elapsed: train 2.48 test 0.25
09/05/2026,07:27:18: 	Recall@10: 0.06626 Recall@20: 0.10042 NDCG@10: 0.04001 NDCG@20: 0.04939 
09/05/2026,07:27:18: 	Recall@10: 0.02774 Recall@20: 0.04312 NDCG@10: 0.01527 NDCG@20: 0.01941 
09/05/2026,07:27:18: Epoch [111/1000]
09/05/2026,07:27:18: Negative sampling...
09/05/2026,07:27:20: Model's personal time...
09/05/2026,07:27:20: Model diagnostics: arce_anchor_count_mean=34.375359, arce_blocker_budget_mean=15.624640, arce_blocker_entropy_mean=3.549112, arce_closure_difficulty_mean=0.560302, arce_closure_difficulty_std=0.271067, arce_gamma_effective_beta=3.000000, arce_gamma_max=0.740818, arce_gamma_mean=0.140863, arce_gamma_min=0.052866, arce_gamma_mode=sample_overlap, arce_gamma_reassignment_l1_mean=0.000000, arce_gamma_std=0.071798, arce_sample_gamma_mean=0.140863, arce_sampled_teacher_overlap_mean=0.687507, arce_sampler=marginal, arce_sampling_power=4.000000, arce_teacher_missing_mass_mean=0.166191, arce_teacher_missing_mass_std=0.097203
09/05/2026,07:27:20: Training...
09/05/2026,07:27:21: Evaluating...
09/05/2026,07:27:21: 	Train Loss: 3435249.0000 (base: 233.9676, kd: 6870.0298), Elapsed: train 2.68 test 0.26
09/05/2026,07:27:21: 	Recall@10: 0.06683 Recall@20: 0.10087 NDCG@10: 0.04017 NDCG@20: 0.04952 
09/05/2026,07:27:21: 	Recall@10: 0.02790 Recall@20: 0.04361 NDCG@10: 0.01539 NDCG@20: 0.01963 
09/05/2026,07:27:21: Epoch [112/1000]
09/05/2026,07:27:21: Negative sampling...
09/05/2026,07:27:23: Model's personal time...
09/05/2026,07:27:23: Model diagnostics: arce_anchor_count_mean=34.422112, arce_blocker_budget_mean=15.577888, arce_blocker_entropy_mean=3.547045, arce_closure_difficulty_mean=0.558700, arce_closure_difficulty_std=0.270862, arce_gamma_effective_beta=3.000000, arce_gamma_max=0.740818, arce_gamma_mean=0.140439, arce_gamma_min=0.052866, arce_gamma_mode=sample_overlap, arce_gamma_reassignment_l1_mean=0.000000, arce_gamma_std=0.071623, arce_sample_gamma_mean=0.140439, arce_sampled_teacher_overlap_mean=0.688442, arce_sampler=marginal, arce_sampling_power=4.000000, arce_teacher_missing_mass_mean=0.165529, arce_teacher_missing_mass_std=0.097035
09/05/2026,07:27:23: Training...
09/05/2026,07:27:24: Evaluating...
09/05/2026,07:27:24: 	Train Loss: 3435449.5000 (base: 234.4515, kd: 6870.4297), Elapsed: train 2.59 test 0.35
09/05/2026,07:27:24: 	Recall@10: 0.06622 Recall@20: 0.10094 NDCG@10: 0.04015 NDCG@20: 0.04971 
09/05/2026,07:27:24: 	Recall@10: 0.02806 Recall@20: 0.04315 NDCG@10: 0.01545 NDCG@20: 0.01953 
09/05/2026,07:27:24: Epoch [113/1000]
09/05/2026,07:27:24: Negative sampling...
09/05/2026,07:27:26: Model's personal time...
09/05/2026,07:27:26: Model diagnostics: arce_anchor_count_mean=34.474037, arce_blocker_budget_mean=15.525963, arce_blocker_entropy_mean=3.544248, arce_closure_difficulty_mean=0.557270, arce_closure_difficulty_std=0.270616, arce_gamma_effective_beta=3.000000, arce_gamma_max=0.740818, arce_gamma_mean=0.139956, arce_gamma_min=0.052866, arce_gamma_mode=sample_overlap, arce_gamma_reassignment_l1_mean=0.000000, arce_gamma_std=0.071283, arce_sample_gamma_mean=0.139956, arce_sampled_teacher_overlap_mean=0.689481, arce_sampler=marginal, arce_sampling_power=4.000000, arce_teacher_missing_mass_mean=0.164808, arce_teacher_missing_mass_std=0.096684
09/05/2026,07:27:26: Training...
09/05/2026,07:27:27: Evaluating...
09/05/2026,07:27:27: 	Train Loss: 3434898.7500 (base: 230.2461, kd: 6869.3374), Elapsed: train 2.33 test 0.26
09/05/2026,07:27:27: 	Recall@10: 0.06609 Recall@20: 0.10026 NDCG@10: 0.04005 NDCG@20: 0.04947 
09/05/2026,07:27:27: 	Recall@10: 0.02793 Recall@20: 0.04378 NDCG@10: 0.01535 NDCG@20: 0.01961 
09/05/2026,07:27:27: Epoch [114/1000]
09/05/2026,07:27:27: Negative sampling...
09/05/2026,07:27:28: Model's personal time...
09/05/2026,07:27:28: Model diagnostics: arce_anchor_count_mean=34.526920, arce_blocker_budget_mean=15.473079, arce_blocker_entropy_mean=3.541970, arce_closure_difficulty_mean=0.555267, arce_closure_difficulty_std=0.269931, arce_gamma_effective_beta=3.000000, arce_gamma_max=0.740818, arce_gamma_mean=0.139418, arce_gamma_min=0.049787, arce_gamma_mode=sample_overlap, arce_gamma_reassignment_l1_mean=0.000000, arce_gamma_std=0.070659, arce_sample_gamma_mean=0.139418, arce_sampled_teacher_overlap_mean=0.690538, arce_sampler=marginal, arce_sampling_power=4.000000, arce_teacher_missing_mass_mean=0.164025, arce_teacher_missing_mass_std=0.096369
09/05/2026,07:27:28: Training...
09/05/2026,07:27:29: Evaluating...
09/05/2026,07:27:30: 	Train Loss: 3435306.0000 (base: 234.7557, kd: 6870.1426), Elapsed: train 2.51 test 0.28
09/05/2026,07:27:30: 	Recall@10: 0.06646 Recall@20: 0.10098 NDCG@10: 0.04003 NDCG@20: 0.04954 
09/05/2026,07:27:30: 	Recall@10: 0.02789 Recall@20: 0.04275 NDCG@10: 0.01534 NDCG@20: 0.01938 
09/05/2026,07:27:30: Epoch [115/1000]
09/05/2026,07:27:30: Negative sampling...
09/05/2026,07:27:31: Model's personal time...
09/05/2026,07:27:31: Model diagnostics: arce_anchor_count_mean=34.565243, arce_blocker_budget_mean=15.434757, arce_blocker_entropy_mean=3.538110, arce_closure_difficulty_mean=0.553818, arce_closure_difficulty_std=0.269530, arce_gamma_effective_beta=3.000000, arce_gamma_max=0.740818, arce_gamma_mean=0.139105, arce_gamma_min=0.049787, arce_gamma_mode=sample_overlap, arce_gamma_reassignment_l1_mean=0.000000, arce_gamma_std=0.070600, arce_sample_gamma_mean=0.139105, arce_sampled_teacher_overlap_mean=0.691305, arce_sampler=marginal, arce_sampling_power=4.000000, arce_teacher_missing_mass_mean=0.163438, arce_teacher_missing_mass_std=0.096139
09/05/2026,07:27:31: Training...
09/05/2026,07:27:32: Evaluating...
09/05/2026,07:27:33: 	Train Loss: 3435703.7500 (base: 230.9167, kd: 6870.9458), Elapsed: train 2.67 test 0.27
09/05/2026,07:27:33: 	Recall@10: 0.06706 Recall@20: 0.09945 NDCG@10: 0.04027 NDCG@20: 0.04929 
09/05/2026,07:27:33: 	Recall@10: 0.02795 Recall@20: 0.04309 NDCG@10: 0.01535 NDCG@20: 0.01943 
09/05/2026,07:27:33: Epoch [116/1000]
09/05/2026,07:27:33: Negative sampling...
09/05/2026,07:27:34: Model's personal time...
09/05/2026,07:27:34: Model diagnostics: arce_anchor_count_mean=34.604137, arce_blocker_budget_mean=15.395861, arce_blocker_entropy_mean=3.532021, arce_closure_difficulty_mean=0.552149, arce_closure_difficulty_std=0.268824, arce_gamma_effective_beta=3.000000, arce_gamma_max=0.740818, arce_gamma_mean=0.138708, arce_gamma_min=0.049787, arce_gamma_mode=sample_overlap, arce_gamma_reassignment_l1_mean=0.000000, arce_gamma_std=0.070254, arce_sample_gamma_mean=0.138708, arce_sampled_teacher_overlap_mean=0.692083, arce_sampler=marginal, arce_sampling_power=4.000000, arce_teacher_missing_mass_mean=0.162838, arce_teacher_missing_mass_std=0.095821
09/05/2026,07:27:34: Training...
09/05/2026,07:27:35: Evaluating...
09/05/2026,07:27:35: 	Train Loss: 3436095.5000 (base: 228.3351, kd: 6871.7354), Elapsed: train 2.59 test 0.26
09/05/2026,07:27:35: 	Recall@10: 0.06682 Recall@20: 0.09998 NDCG@10: 0.04015 NDCG@20: 0.04923 
09/05/2026,07:27:35: 	Recall@10: 0.02731 Recall@20: 0.04262 NDCG@10: 0.01516 NDCG@20: 0.01936 
09/05/2026,07:27:35: Epoch [117/1000]
09/05/2026,07:27:35: Negative sampling...
09/05/2026,07:27:37: Model's personal time...
09/05/2026,07:27:37: Model diagnostics: arce_anchor_count_mean=34.656448, arce_blocker_budget_mean=15.343553, arce_blocker_entropy_mean=3.531966, arce_closure_difficulty_mean=0.550753, arce_closure_difficulty_std=0.268581, arce_gamma_effective_beta=3.000000, arce_gamma_max=0.740818, arce_gamma_mean=0.138189, arce_gamma_min=0.049787, arce_gamma_mode=sample_overlap, arce_gamma_reassignment_l1_mean=0.000000, arce_gamma_std=0.069742, arce_sample_gamma_mean=0.138189, arce_sampled_teacher_overlap_mean=0.693129, arce_sampler=marginal, arce_sampling_power=4.000000, arce_teacher_missing_mass_mean=0.162154, arce_teacher_missing_mass_std=0.095522
09/05/2026,07:27:37: Training...
09/05/2026,07:27:38: Evaluating...
09/05/2026,07:27:38: 	Train Loss: 3436182.5000 (base: 227.0181, kd: 6871.9111), Elapsed: train 2.60 test 0.28
09/05/2026,07:27:38: 	Recall@10: 0.06647 Recall@20: 0.10037 NDCG@10: 0.04010 NDCG@20: 0.04945 
09/05/2026,07:27:38: 	Recall@10: 0.02751 Recall@20: 0.04345 NDCG@10: 0.01510 NDCG@20: 0.01940 
09/05/2026,07:27:38: Epoch [118/1000]
09/05/2026,07:27:38: Negative sampling...
09/05/2026,07:27:40: Model's personal time...
09/05/2026,07:27:40: Model diagnostics: arce_anchor_count_mean=34.696877, arce_blocker_budget_mean=15.303123, arce_blocker_entropy_mean=3.526490, arce_closure_difficulty_mean=0.549251, arce_closure_difficulty_std=0.268159, arce_gamma_effective_beta=3.000000, arce_gamma_max=0.740818, arce_gamma_mean=0.137789, arce_gamma_min=0.049787, arce_gamma_mode=sample_overlap, arce_gamma_reassignment_l1_mean=0.000000, arce_gamma_std=0.069271, arce_sample_gamma_mean=0.137789, arce_sampled_teacher_overlap_mean=0.693937, arce_sampler=marginal, arce_sampling_power=4.000000, arce_teacher_missing_mass_mean=0.161595, arce_teacher_missing_mass_std=0.095321
09/05/2026,07:27:40: Training...
09/05/2026,07:27:41: Evaluating...
09/05/2026,07:27:41: 	Train Loss: 3436276.2500 (base: 225.3639, kd: 6872.1011), Elapsed: train 2.65 test 0.27
09/05/2026,07:27:41: 	Recall@10: 0.06755 Recall@20: 0.10049 NDCG@10: 0.04036 NDCG@20: 0.04941 
09/05/2026,07:27:41: 	Recall@10: 0.02780 Recall@20: 0.04292 NDCG@10: 0.01535 NDCG@20: 0.01946 
09/05/2026,07:27:41: Epoch [119/1000]
09/05/2026,07:27:41: Negative sampling...
09/05/2026,07:27:43: Model's personal time...
09/05/2026,07:27:43: Model diagnostics: arce_anchor_count_mean=34.727150, arce_blocker_budget_mean=15.272849, arce_blocker_entropy_mean=3.521626, arce_closure_difficulty_mean=0.547807, arce_closure_difficulty_std=0.267796, arce_gamma_effective_beta=3.000000, arce_gamma_max=0.740818, arce_gamma_mean=0.137521, arce_gamma_min=0.049787, arce_gamma_mode=sample_overlap, arce_gamma_reassignment_l1_mean=0.000000, arce_gamma_std=0.069148, arce_sample_gamma_mean=0.137521, arce_sampled_teacher_overlap_mean=0.694543, arce_sampler=marginal, arce_sampling_power=4.000000, arce_teacher_missing_mass_mean=0.161094, arce_teacher_missing_mass_std=0.095157
09/05/2026,07:27:43: Training...
09/05/2026,07:27:44: Evaluating...
09/05/2026,07:27:44: 	Train Loss: 3435962.7500 (base: 220.9014, kd: 6871.4839), Elapsed: train 2.75 test 0.26
09/05/2026,07:27:44: 	Recall@10: 0.06756 Recall@20: 0.09989 NDCG@10: 0.04033 NDCG@20: 0.04932 
09/05/2026,07:27:44: 	Recall@10: 0.02741 Recall@20: 0.04329 NDCG@10: 0.01514 NDCG@20: 0.01945 
09/05/2026,07:27:44: Epoch [120/1000]
09/05/2026,07:27:44: Negative sampling...
09/05/2026,07:27:46: Model's personal time...
09/05/2026,07:27:46: Model diagnostics: arce_anchor_count_mean=34.780609, arce_blocker_budget_mean=15.219391, arce_blocker_entropy_mean=3.517887, arce_closure_difficulty_mean=0.546214, arce_closure_difficulty_std=0.267547, arce_gamma_effective_beta=3.000000, arce_gamma_max=0.740818, arce_gamma_mean=0.137047, arce_gamma_min=0.049787, arce_gamma_mode=sample_overlap, arce_gamma_reassignment_l1_mean=0.000000, arce_gamma_std=0.068818, arce_sample_gamma_mean=0.137047, arce_sampled_teacher_overlap_mean=0.695612, arce_sampler=marginal, arce_sampling_power=4.000000, arce_teacher_missing_mass_mean=0.160462, arce_teacher_missing_mass_std=0.095046
09/05/2026,07:27:46: Training...
09/05/2026,07:27:47: Evaluating...
09/05/2026,07:27:47: 	Train Loss: 3436021.7500 (base: 222.0826, kd: 6871.5991), Elapsed: train 2.70 test 0.27
09/05/2026,07:27:47: 	Recall@10: 0.06731 Recall@20: 0.10069 NDCG@10: 0.04050 NDCG@20: 0.04970 
09/05/2026,07:27:47: 	Recall@10: 0.02789 Recall@20: 0.04280 NDCG@10: 0.01535 NDCG@20: 0.01943 
09/05/2026,07:27:47: Epoch [121/1000]
09/05/2026,07:27:47: Negative sampling...
09/05/2026,07:27:49: Model's personal time...
09/05/2026,07:27:49: Model diagnostics: arce_anchor_count_mean=34.813183, arce_blocker_budget_mean=15.186817, arce_blocker_entropy_mean=3.515625, arce_closure_difficulty_mean=0.544646, arce_closure_difficulty_std=0.267152, arce_gamma_effective_beta=3.000000, arce_gamma_max=0.740818, arce_gamma_mean=0.136689, arce_gamma_min=0.049787, arce_gamma_mode=sample_overlap, arce_gamma_reassignment_l1_mean=0.000000, arce_gamma_std=0.068270, arce_sample_gamma_mean=0.136689, arce_sampled_teacher_overlap_mean=0.696264, arce_sampler=marginal, arce_sampling_power=4.000000, arce_teacher_missing_mass_mean=0.159925, arce_teacher_missing_mass_std=0.094783
09/05/2026,07:27:49: Training...
09/05/2026,07:27:50: Evaluating...
09/05/2026,07:27:50: 	Train Loss: 3436338.2500 (base: 221.3578, kd: 6872.2334), Elapsed: train 2.44 test 0.27 *
09/05/2026,07:27:50: 	Recall@10: 0.06707 Recall@20: 0.10094 NDCG@10: 0.04042 NDCG@20: 0.04975 
09/05/2026,07:27:50: 	Recall@10: 0.02769 Recall@20: 0.04358 NDCG@10: 0.01520 NDCG@20: 0.01951 
09/05/2026,07:27:50: Epoch [122/1000]
09/05/2026,07:27:50: Negative sampling...
09/05/2026,07:27:51: Model's personal time...
09/05/2026,07:27:51: Model diagnostics: arce_anchor_count_mean=34.847095, arce_blocker_budget_mean=15.152903, arce_blocker_entropy_mean=3.511038, arce_closure_difficulty_mean=0.543388, arce_closure_difficulty_std=0.266804, arce_gamma_effective_beta=3.000000, arce_gamma_max=0.740818, arce_gamma_mean=0.136353, arce_gamma_min=0.049787, arce_gamma_mode=sample_overlap, arce_gamma_reassignment_l1_mean=0.000000, arce_gamma_std=0.067946, arce_sample_gamma_mean=0.136353, arce_sampled_teacher_overlap_mean=0.696942, arce_sampler=marginal, arce_sampling_power=4.000000, arce_teacher_missing_mass_mean=0.159424, arce_teacher_missing_mass_std=0.094574
09/05/2026,07:27:51: Training...
09/05/2026,07:27:53: Evaluating...
09/05/2026,07:27:53: 	Train Loss: 3437024.5000 (base: 220.6349, kd: 6873.6069), Elapsed: train 2.68 test 0.30
09/05/2026,07:27:53: 	Recall@10: 0.06699 Recall@20: 0.10097 NDCG@10: 0.04025 NDCG@20: 0.04964 
09/05/2026,07:27:53: 	Recall@10: 0.02741 Recall@20: 0.04296 NDCG@10: 0.01513 NDCG@20: 0.01939 
09/05/2026,07:27:53: Epoch [123/1000]
09/05/2026,07:27:53: Negative sampling...
09/05/2026,07:27:54: Model's personal time...
09/05/2026,07:27:54: Model diagnostics: arce_anchor_count_mean=34.896725, arce_blocker_budget_mean=15.103276, arce_blocker_entropy_mean=3.506695, arce_closure_difficulty_mean=0.541946, arce_closure_difficulty_std=0.266328, arce_gamma_effective_beta=3.000000, arce_gamma_max=0.740818, arce_gamma_mean=0.135913, arce_gamma_min=0.049787, arce_gamma_mode=sample_overlap, arce_gamma_reassignment_l1_mean=0.000000, arce_gamma_std=0.067714, arce_sample_gamma_mean=0.135913, arce_sampled_teacher_overlap_mean=0.697934, arce_sampler=marginal, arce_sampling_power=4.000000, arce_teacher_missing_mass_mean=0.158782, arce_teacher_missing_mass_std=0.094253
09/05/2026,07:27:54: Training...
09/05/2026,07:27:55: Evaluating...
09/05/2026,07:27:56: 	Train Loss: 3436823.5000 (base: 216.8283, kd: 6873.2134), Elapsed: train 2.53 test 0.32
09/05/2026,07:27:56: 	Recall@10: 0.06732 Recall@20: 0.10090 NDCG@10: 0.04047 NDCG@20: 0.04969 
09/05/2026,07:27:56: 	Recall@10: 0.02750 Recall@20: 0.04268 NDCG@10: 0.01509 NDCG@20: 0.01921 
09/05/2026,07:27:56: Epoch [124/1000]
09/05/2026,07:27:56: Negative sampling...
09/05/2026,07:27:57: Model's personal time...
09/05/2026,07:27:57: Model diagnostics: arce_anchor_count_mean=34.934853, arce_blocker_budget_mean=15.065146, arce_blocker_entropy_mean=3.504012, arce_closure_difficulty_mean=0.540713, arce_closure_difficulty_std=0.265994, arce_gamma_effective_beta=3.000000, arce_gamma_max=0.740818, arce_gamma_mean=0.135543, arce_gamma_min=0.049787, arce_gamma_mode=sample_overlap, arce_gamma_reassignment_l1_mean=0.000000, arce_gamma_std=0.067323, arce_sample_gamma_mean=0.135543, arce_sampled_teacher_overlap_mean=0.698697, arce_sampler=marginal, arce_sampling_power=4.000000, arce_teacher_missing_mass_mean=0.158331, arce_teacher_missing_mass_std=0.094105
09/05/2026,07:27:57: Training...
09/05/2026,07:27:58: Evaluating...
09/05/2026,07:27:59: 	Train Loss: 3437613.7500 (base: 216.5682, kd: 6874.7944), Elapsed: train 2.62 test 0.32
09/05/2026,07:27:59: 	Recall@10: 0.06639 Recall@20: 0.10079 NDCG@10: 0.04019 NDCG@20: 0.04975 
09/05/2026,07:27:59: 	Recall@10: 0.02746 Recall@20: 0.04263 NDCG@10: 0.01512 NDCG@20: 0.01925 
09/05/2026,07:27:59: Epoch [125/1000]
09/05/2026,07:27:59: Negative sampling...
09/05/2026,07:28:00: Model's personal time...
09/05/2026,07:28:00: Model diagnostics: arce_anchor_count_mean=34.983521, arce_blocker_budget_mean=15.016479, arce_blocker_entropy_mean=3.501980, arce_closure_difficulty_mean=0.539434, arce_closure_difficulty_std=0.265767, arce_gamma_effective_beta=3.000000, arce_gamma_max=0.740818, arce_gamma_mean=0.135099, arce_gamma_min=0.049787, arce_gamma_mode=sample_overlap, arce_gamma_reassignment_l1_mean=0.000000, arce_gamma_std=0.067003, arce_sample_gamma_mean=0.135099, arce_sampled_teacher_overlap_mean=0.699670, arce_sampler=marginal, arce_sampling_power=4.000000, arce_teacher_missing_mass_mean=0.157763, arce_teacher_missing_mass_std=0.093907
09/05/2026,07:28:00: Training...
09/05/2026,07:28:01: Evaluating...
09/05/2026,07:28:02: 	Train Loss: 3437297.0000 (base: 214.7874, kd: 6874.1636), Elapsed: train 2.79 test 0.34 *
09/05/2026,07:28:02: 	Recall@10: 0.06828 Recall@20: 0.10173 NDCG@10: 0.04060 NDCG@20: 0.04985 
09/05/2026,07:28:02: 	Recall@10: 0.02761 Recall@20: 0.04320 NDCG@10: 0.01520 NDCG@20: 0.01942 
09/05/2026,07:28:02: Epoch [126/1000]
09/05/2026,07:28:02: Negative sampling...
09/05/2026,07:28:03: Model's personal time...
09/05/2026,07:28:03: Model diagnostics: arce_anchor_count_mean=35.024334, arce_blocker_budget_mean=14.975666, arce_blocker_entropy_mean=3.501237, arce_closure_difficulty_mean=0.537594, arce_closure_difficulty_std=0.265335, arce_gamma_effective_beta=3.000000, arce_gamma_max=0.740818, arce_gamma_mean=0.134764, arce_gamma_min=0.049787, arce_gamma_mode=sample_overlap, arce_gamma_reassignment_l1_mean=0.000000, arce_gamma_std=0.066850, arce_sample_gamma_mean=0.134764, arce_sampled_teacher_overlap_mean=0.700487, arce_sampler=marginal, arce_sampling_power=4.000000, arce_teacher_missing_mass_mean=0.157127, arce_teacher_missing_mass_std=0.093836
09/05/2026,07:28:03: Training...
09/05/2026,07:28:04: Evaluating...
09/05/2026,07:28:05: 	Train Loss: 3437641.7500 (base: 214.7360, kd: 6874.8540), Elapsed: train 2.55 test 0.26
09/05/2026,07:28:05: 	Recall@10: 0.06799 Recall@20: 0.10074 NDCG@10: 0.04045 NDCG@20: 0.04946 
09/05/2026,07:28:05: 	Recall@10: 0.02765 Recall@20: 0.04292 NDCG@10: 0.01524 NDCG@20: 0.01937 
09/05/2026,07:28:05: Epoch [127/1000]
09/05/2026,07:28:05: Negative sampling...
09/05/2026,07:28:06: Model's personal time...
09/05/2026,07:28:06: Model diagnostics: arce_anchor_count_mean=35.059780, arce_blocker_budget_mean=14.940218, arce_blocker_entropy_mean=3.496613, arce_closure_difficulty_mean=0.536134, arce_closure_difficulty_std=0.264708, arce_gamma_effective_beta=3.000000, arce_gamma_max=0.740818, arce_gamma_mean=0.134407, arce_gamma_min=0.049787, arce_gamma_mode=sample_overlap, arce_gamma_reassignment_l1_mean=0.000000, arce_gamma_std=0.066469, arce_sample_gamma_mean=0.134407, arce_sampled_teacher_overlap_mean=0.701196, arce_sampler=marginal, arce_sampling_power=4.000000, arce_teacher_missing_mass_mean=0.156501, arce_teacher_missing_mass_std=0.093312
09/05/2026,07:28:06: Training...
09/05/2026,07:28:07: Evaluating...
09/05/2026,07:28:07: 	Train Loss: 3438069.5000 (base: 215.5862, kd: 6875.7085), Elapsed: train 2.43 test 0.26
09/05/2026,07:28:07: 	Recall@10: 0.06780 Recall@20: 0.10055 NDCG@10: 0.04061 NDCG@20: 0.04965 
09/05/2026,07:28:07: 	Recall@10: 0.02804 Recall@20: 0.04285 NDCG@10: 0.01543 NDCG@20: 0.01945 
09/05/2026,07:28:07: Epoch [128/1000]
09/05/2026,07:28:07: Negative sampling...
09/05/2026,07:28:09: Model's personal time...
09/05/2026,07:28:09: Model diagnostics: arce_anchor_count_mean=35.108257, arce_blocker_budget_mean=14.891742, arce_blocker_entropy_mean=3.497754, arce_closure_difficulty_mean=0.534443, arce_closure_difficulty_std=0.264178, arce_gamma_effective_beta=3.000000, arce_gamma_max=0.740818, arce_gamma_mean=0.133971, arce_gamma_min=0.049787, arce_gamma_mode=sample_overlap, arce_gamma_reassignment_l1_mean=0.000000, arce_gamma_std=0.066088, arce_sample_gamma_mean=0.133971, arce_sampled_teacher_overlap_mean=0.702165, arce_sampler=marginal, arce_sampling_power=4.000000, arce_teacher_missing_mass_mean=0.155878, arce_teacher_missing_mass_std=0.093151
09/05/2026,07:28:09: Training...
09/05/2026,07:28:10: Evaluating...
09/05/2026,07:28:10: 	Train Loss: 3437686.7500 (base: 212.7128, kd: 6874.9482), Elapsed: train 2.61 test 0.26
09/05/2026,07:28:10: 	Recall@10: 0.06754 Recall@20: 0.10053 NDCG@10: 0.04038 NDCG@20: 0.04951 
09/05/2026,07:28:10: 	Recall@10: 0.02789 Recall@20: 0.04240 NDCG@10: 0.01544 NDCG@20: 0.01939 
09/05/2026,07:28:10: Epoch [129/1000]
09/05/2026,07:28:10: Negative sampling...
09/05/2026,07:28:12: Model's personal time...
09/05/2026,07:28:12: Model diagnostics: arce_anchor_count_mean=35.146194, arce_blocker_budget_mean=14.853804, arce_blocker_entropy_mean=3.497412, arce_closure_difficulty_mean=0.532698, arce_closure_difficulty_std=0.263646, arce_gamma_effective_beta=3.000000, arce_gamma_max=0.740818, arce_gamma_mean=0.133604, arce_gamma_min=0.052866, arce_gamma_mode=sample_overlap, arce_gamma_reassignment_l1_mean=0.000000, arce_gamma_std=0.065746, arce_sample_gamma_mean=0.133604, arce_sampled_teacher_overlap_mean=0.702924, arce_sampler=marginal, arce_sampling_power=4.000000, arce_teacher_missing_mass_mean=0.155249, arce_teacher_missing_mass_std=0.092927
09/05/2026,07:28:12: Training...
09/05/2026,07:28:13: Evaluating...
09/05/2026,07:28:13: 	Train Loss: 3438532.2500 (base: 210.9483, kd: 6876.6426), Elapsed: train 2.36 test 0.26
09/05/2026,07:28:13: 	Recall@10: 0.06704 Recall@20: 0.10053 NDCG@10: 0.04014 NDCG@20: 0.04933 
09/05/2026,07:28:13: 	Recall@10: 0.02822 Recall@20: 0.04211 NDCG@10: 0.01531 NDCG@20: 0.01911 
09/05/2026,07:28:13: Epoch [130/1000]
09/05/2026,07:28:13: Negative sampling...
09/05/2026,07:28:14: Model's personal time...
09/05/2026,07:28:14: Model diagnostics: arce_anchor_count_mean=35.188160, arce_blocker_budget_mean=14.811841, arce_blocker_entropy_mean=3.494144, arce_closure_difficulty_mean=0.531392, arce_closure_difficulty_std=0.263211, arce_gamma_effective_beta=3.000000, arce_gamma_max=0.740818, arce_gamma_mean=0.133186, arce_gamma_min=0.049787, arce_gamma_mode=sample_overlap, arce_gamma_reassignment_l1_mean=0.000000, arce_gamma_std=0.065295, arce_sample_gamma_mean=0.133186, arce_sampled_teacher_overlap_mean=0.703763, arce_sampler=marginal, arce_sampling_power=4.000000, arce_teacher_missing_mass_mean=0.154687, arce_teacher_missing_mass_std=0.092558
09/05/2026,07:28:14: Training...
09/05/2026,07:28:15: Evaluating...
09/05/2026,07:28:16: 	Train Loss: 3437787.0000 (base: 208.1129, kd: 6875.1582), Elapsed: train 2.56 test 0.34
09/05/2026,07:28:16: 	Recall@10: 0.06792 Recall@20: 0.10132 NDCG@10: 0.04033 NDCG@20: 0.04954 
09/05/2026,07:28:16: 	Recall@10: 0.02813 Recall@20: 0.04214 NDCG@10: 0.01530 NDCG@20: 0.01909 
09/05/2026,07:28:16: Epoch [131/1000]
09/05/2026,07:28:16: Negative sampling...
09/05/2026,07:28:17: Model's personal time...
09/05/2026,07:28:17: Model diagnostics: arce_anchor_count_mean=35.221497, arce_blocker_budget_mean=14.778502, arce_blocker_entropy_mean=3.483776, arce_closure_difficulty_mean=0.530289, arce_closure_difficulty_std=0.262825, arce_gamma_effective_beta=3.000000, arce_gamma_max=0.740818, arce_gamma_mean=0.132875, arce_gamma_min=0.052866, arce_gamma_mode=sample_overlap, arce_gamma_reassignment_l1_mean=0.000000, arce_gamma_std=0.064976, arce_sample_gamma_mean=0.132875, arce_sampled_teacher_overlap_mean=0.704430, arce_sampler=marginal, arce_sampling_power=4.000000, arce_teacher_missing_mass_mean=0.154283, arce_teacher_missing_mass_std=0.092404
09/05/2026,07:28:17: Training...
09/05/2026,07:28:18: Evaluating...
09/05/2026,07:28:19: 	Train Loss: 3438718.5000 (base: 209.0781, kd: 6877.0190), Elapsed: train 2.61 test 0.25
09/05/2026,07:28:19: 	Recall@10: 0.06743 Recall@20: 0.10064 NDCG@10: 0.04023 NDCG@20: 0.04943 
09/05/2026,07:28:19: 	Recall@10: 0.02803 Recall@20: 0.04218 NDCG@10: 0.01536 NDCG@20: 0.01921 
09/05/2026,07:28:19: Epoch [132/1000]
09/05/2026,07:28:19: Negative sampling...
09/05/2026,07:28:20: Model's personal time...
09/05/2026,07:28:20: Model diagnostics: arce_anchor_count_mean=35.261353, arce_blocker_budget_mean=14.738647, arce_blocker_entropy_mean=3.484551, arce_closure_difficulty_mean=0.529302, arce_closure_difficulty_std=0.262639, arce_gamma_effective_beta=3.000000, arce_gamma_max=0.740818, arce_gamma_mean=0.132503, arce_gamma_min=0.052866, arce_gamma_mode=sample_overlap, arce_gamma_reassignment_l1_mean=0.000000, arce_gamma_std=0.064540, arce_sample_gamma_mean=0.132503, arce_sampled_teacher_overlap_mean=0.705227, arce_sampler=marginal, arce_sampling_power=4.000000, arce_teacher_missing_mass_mean=0.153820, arce_teacher_missing_mass_std=0.092249
09/05/2026,07:28:20: Training...
09/05/2026,07:28:21: Evaluating...
09/05/2026,07:28:21: 	Train Loss: 3438674.7500 (base: 205.5444, kd: 6876.9380), Elapsed: train 2.53 test 0.27
09/05/2026,07:28:21: 	Recall@10: 0.06831 Recall@20: 0.10153 NDCG@10: 0.04039 NDCG@20: 0.04964 
09/05/2026,07:28:21: 	Recall@10: 0.02707 Recall@20: 0.04240 NDCG@10: 0.01509 NDCG@20: 0.01925 
09/05/2026,07:28:21: Epoch [133/1000]
09/05/2026,07:28:21: Negative sampling...
09/05/2026,07:28:23: Model's personal time...
09/05/2026,07:28:23: Model diagnostics: arce_anchor_count_mean=35.283577, arce_blocker_budget_mean=14.716420, arce_blocker_entropy_mean=3.483299, arce_closure_difficulty_mean=0.528046, arce_closure_difficulty_std=0.262159, arce_gamma_effective_beta=3.000000, arce_gamma_max=0.740818, arce_gamma_mean=0.132313, arce_gamma_min=0.049787, arce_gamma_mode=sample_overlap, arce_gamma_reassignment_l1_mean=0.000000, arce_gamma_std=0.064407, arce_sample_gamma_mean=0.132313, arce_sampled_teacher_overlap_mean=0.705672, arce_sampler=marginal, arce_sampling_power=4.000000, arce_teacher_missing_mass_mean=0.153430, arce_teacher_missing_mass_std=0.092125
09/05/2026,07:28:23: Training...
09/05/2026,07:28:24: Evaluating...
09/05/2026,07:28:24: 	Train Loss: 3438483.5000 (base: 207.4453, kd: 6876.5522), Elapsed: train 2.47 test 0.26
09/05/2026,07:28:24: 	Recall@10: 0.06781 Recall@20: 0.10136 NDCG@10: 0.04040 NDCG@20: 0.04966 
09/05/2026,07:28:24: 	Recall@10: 0.02749 Recall@20: 0.04243 NDCG@10: 0.01514 NDCG@20: 0.01919 
09/05/2026,07:28:24: Epoch [134/1000]
09/05/2026,07:28:24: Negative sampling...
09/05/2026,07:28:25: Model's personal time...
09/05/2026,07:28:25: Model diagnostics: arce_anchor_count_mean=35.338188, arce_blocker_budget_mean=14.661813, arce_blocker_entropy_mean=3.481655, arce_closure_difficulty_mean=0.526596, arce_closure_difficulty_std=0.261981, arce_gamma_effective_beta=3.000000, arce_gamma_max=0.740818, arce_gamma_mean=0.131846, arce_gamma_min=0.049787, arce_gamma_mode=sample_overlap, arce_gamma_reassignment_l1_mean=0.000000, arce_gamma_std=0.064144, arce_sample_gamma_mean=0.131846, arce_sampled_teacher_overlap_mean=0.706764, arce_sampler=marginal, arce_sampling_power=4.000000, arce_teacher_missing_mass_mean=0.152808, arce_teacher_missing_mass_std=0.092002
09/05/2026,07:28:25: Training...
09/05/2026,07:28:27: Evaluating...
09/05/2026,07:28:27: 	Train Loss: 3438984.0000 (base: 207.6091, kd: 6877.5532), Elapsed: train 2.61 test 0.26
09/05/2026,07:28:27: 	Recall@10: 0.06802 Recall@20: 0.10167 NDCG@10: 0.04048 NDCG@20: 0.04976 
09/05/2026,07:28:27: 	Recall@10: 0.02755 Recall@20: 0.04254 NDCG@10: 0.01515 NDCG@20: 0.01921 
09/05/2026,07:28:27: Epoch [135/1000]
09/05/2026,07:28:27: Negative sampling...
09/05/2026,07:28:28: Model's personal time...
09/05/2026,07:28:28: Model diagnostics: arce_anchor_count_mean=35.376892, arce_blocker_budget_mean=14.623108, arce_blocker_entropy_mean=3.479338, arce_closure_difficulty_mean=0.525483, arce_closure_difficulty_std=0.261556, arce_gamma_effective_beta=3.000000, arce_gamma_max=0.697676, arce_gamma_mean=0.131440, arce_gamma_min=0.049787, arce_gamma_mode=sample_overlap, arce_gamma_reassignment_l1_mean=0.000000, arce_gamma_std=0.063528, arce_sample_gamma_mean=0.131440, arce_sampled_teacher_overlap_mean=0.707538, arce_sampler=marginal, arce_sampling_power=4.000000, arce_teacher_missing_mass_mean=0.152325, arce_teacher_missing_mass_std=0.091714
09/05/2026,07:28:28: Training...
09/05/2026,07:28:30: Evaluating...
09/05/2026,07:28:30: 	Train Loss: 3439081.5000 (base: 204.0151, kd: 6877.7549), Elapsed: train 2.68 test 0.33
09/05/2026,07:28:30: 	Recall@10: 0.06721 Recall@20: 0.10108 NDCG@10: 0.04003 NDCG@20: 0.04940 
09/05/2026,07:28:30: 	Recall@10: 0.02737 Recall@20: 0.04252 NDCG@10: 0.01509 NDCG@20: 0.01919 
09/05/2026,07:28:30: Epoch [136/1000]
09/05/2026,07:28:30: Negative sampling...
09/05/2026,07:28:31: Model's personal time...
09/05/2026,07:28:31: Model diagnostics: arce_anchor_count_mean=35.405823, arce_blocker_budget_mean=14.594175, arce_blocker_entropy_mean=3.475715, arce_closure_difficulty_mean=0.524395, arce_closure_difficulty_std=0.261089, arce_gamma_effective_beta=3.000000, arce_gamma_max=0.697676, arce_gamma_mean=0.131195, arce_gamma_min=0.049787, arce_gamma_mode=sample_overlap, arce_gamma_reassignment_l1_mean=0.000000, arce_gamma_std=0.063359, arce_sample_gamma_mean=0.131195, arce_sampled_teacher_overlap_mean=0.708117, arce_sampler=marginal, arce_sampling_power=4.000000, arce_teacher_missing_mass_mean=0.151881, arce_teacher_missing_mass_std=0.091491
09/05/2026,07:28:31: Training...
09/05/2026,07:28:32: Evaluating...
09/05/2026,07:28:33: 	Train Loss: 3439103.2500 (base: 203.8526, kd: 6877.7988), Elapsed: train 2.51 test 0.29
09/05/2026,07:28:33: 	Recall@10: 0.06723 Recall@20: 0.10162 NDCG@10: 0.04023 NDCG@20: 0.04979 
09/05/2026,07:28:33: 	Recall@10: 0.02691 Recall@20: 0.04178 NDCG@10: 0.01495 NDCG@20: 0.01900 
09/05/2026,07:28:33: Epoch [137/1000]
09/05/2026,07:28:33: Negative sampling...
09/05/2026,07:28:34: Model's personal time...
09/05/2026,07:28:34: Model diagnostics: arce_anchor_count_mean=35.433224, arce_blocker_budget_mean=14.566775, arce_blocker_entropy_mean=3.474581, arce_closure_difficulty_mean=0.523253, arce_closure_difficulty_std=0.260541, arce_gamma_effective_beta=3.000000, arce_gamma_max=0.697676, arce_gamma_mean=0.130912, arce_gamma_min=0.049787, arce_gamma_mode=sample_overlap, arce_gamma_reassignment_l1_mean=0.000000, arce_gamma_std=0.063046, arce_sample_gamma_mean=0.130912, arce_sampled_teacher_overlap_mean=0.708664, arce_sampler=marginal, arce_sampling_power=4.000000, arce_teacher_missing_mass_mean=0.151490, arce_teacher_missing_mass_std=0.091275
09/05/2026,07:28:34: Training...
09/05/2026,07:28:35: Evaluating...
09/05/2026,07:28:35: 	Train Loss: 3438850.5000 (base: 200.1199, kd: 6877.3008), Elapsed: train 2.39 test 0.28
09/05/2026,07:28:35: 	Recall@10: 0.06825 Recall@20: 0.10160 NDCG@10: 0.04056 NDCG@20: 0.04983 
09/05/2026,07:28:35: 	Recall@10: 0.02755 Recall@20: 0.04269 NDCG@10: 0.01517 NDCG@20: 0.01928 
09/05/2026,07:28:35: Epoch [138/1000]
09/05/2026,07:28:35: Negative sampling...
09/05/2026,07:28:37: Model's personal time...
09/05/2026,07:28:37: Model diagnostics: arce_anchor_count_mean=35.471737, arce_blocker_budget_mean=14.528262, arce_blocker_entropy_mean=3.469548, arce_closure_difficulty_mean=0.521965, arce_closure_difficulty_std=0.260079, arce_gamma_effective_beta=3.000000, arce_gamma_max=0.697676, arce_gamma_mean=0.130563, arce_gamma_min=0.049787, arce_gamma_mode=sample_overlap, arce_gamma_reassignment_l1_mean=0.000000, arce_gamma_std=0.062663, arce_sample_gamma_mean=0.130563, arce_sampled_teacher_overlap_mean=0.709435, arce_sampler=marginal, arce_sampling_power=4.000000, arce_teacher_missing_mass_mean=0.150973, arce_teacher_missing_mass_std=0.090990
09/05/2026,07:28:37: Training...
09/05/2026,07:28:38: Evaluating...
09/05/2026,07:28:39: 	Train Loss: 3439972.5000 (base: 199.0872, kd: 6879.5469), Elapsed: train 2.87 test 0.30 *
09/05/2026,07:28:39: 	Recall@10: 0.06735 Recall@20: 0.10218 NDCG@10: 0.04027 NDCG@20: 0.04994 
09/05/2026,07:28:39: 	Recall@10: 0.02741 Recall@20: 0.04137 NDCG@10: 0.01510 NDCG@20: 0.01894 
09/05/2026,07:28:39: Epoch [139/1000]
09/05/2026,07:28:39: Negative sampling...
09/05/2026,07:28:40: Model's personal time...
09/05/2026,07:28:40: Model diagnostics: arce_anchor_count_mean=35.499714, arce_blocker_budget_mean=14.500287, arce_blocker_entropy_mean=3.468807, arce_closure_difficulty_mean=0.520686, arce_closure_difficulty_std=0.259401, arce_gamma_effective_beta=3.000000, arce_gamma_max=0.697676, arce_gamma_mean=0.130316, arce_gamma_min=0.049787, arce_gamma_mode=sample_overlap, arce_gamma_reassignment_l1_mean=0.000000, arce_gamma_std=0.062492, arce_sample_gamma_mean=0.130316, arce_sampled_teacher_overlap_mean=0.709994, arce_sampler=marginal, arce_sampling_power=4.000000, arce_teacher_missing_mass_mean=0.150561, arce_teacher_missing_mass_std=0.090758
09/05/2026,07:28:40: Training...
09/05/2026,07:28:41: Evaluating...
09/05/2026,07:28:42: 	Train Loss: 3439079.7500 (base: 199.6660, kd: 6877.7603), Elapsed: train 2.76 test 0.35 *
09/05/2026,07:28:42: 	Recall@10: 0.06760 Recall@20: 0.10208 NDCG@10: 0.04048 NDCG@20: 0.05006 
09/05/2026,07:28:42: 	Recall@10: 0.02760 Recall@20: 0.04220 NDCG@10: 0.01516 NDCG@20: 0.01913 
09/05/2026,07:28:42: Epoch [140/1000]
09/05/2026,07:28:42: Negative sampling...
09/05/2026,07:28:43: Model's personal time...
09/05/2026,07:28:43: Model diagnostics: arce_anchor_count_mean=35.538418, arce_blocker_budget_mean=14.461582, arce_blocker_entropy_mean=3.465130, arce_closure_difficulty_mean=0.519632, arce_closure_difficulty_std=0.259177, arce_gamma_effective_beta=3.000000, arce_gamma_max=0.697676, arce_gamma_mean=0.129948, arce_gamma_min=0.049787, arce_gamma_mode=sample_overlap, arce_gamma_reassignment_l1_mean=0.000000, arce_gamma_std=0.062087, arce_sample_gamma_mean=0.129948, arce_sampled_teacher_overlap_mean=0.710768, arce_sampler=marginal, arce_sampling_power=4.000000, arce_teacher_missing_mass_mean=0.150051, arce_teacher_missing_mass_std=0.090472
09/05/2026,07:28:43: Training...
09/05/2026,07:28:44: Evaluating...
09/05/2026,07:28:45: 	Train Loss: 3439780.5000 (base: 200.2843, kd: 6879.1606), Elapsed: train 2.62 test 0.26
09/05/2026,07:28:45: 	Recall@10: 0.06742 Recall@20: 0.10232 NDCG@10: 0.04032 NDCG@20: 0.04995 
09/05/2026,07:28:45: 	Recall@10: 0.02753 Recall@20: 0.04172 NDCG@10: 0.01515 NDCG@20: 0.01903 
09/05/2026,07:28:45: Epoch [141/1000]
09/05/2026,07:28:45: Negative sampling...
09/05/2026,07:28:46: Model's personal time...
09/05/2026,07:28:46: Model diagnostics: arce_anchor_count_mean=35.565624, arce_blocker_budget_mean=14.434374, arce_blocker_entropy_mean=3.464754, arce_closure_difficulty_mean=0.518311, arce_closure_difficulty_std=0.258712, arce_gamma_effective_beta=3.000000, arce_gamma_max=0.697676, arce_gamma_mean=0.129694, arce_gamma_min=0.049787, arce_gamma_mode=sample_overlap, arce_gamma_reassignment_l1_mean=0.000000, arce_gamma_std=0.061845, arce_sample_gamma_mean=0.129694, arce_sampled_teacher_overlap_mean=0.711312, arce_sampler=marginal, arce_sampling_power=4.000000, arce_teacher_missing_mass_mean=0.149608, arce_teacher_missing_mass_std=0.090239
09/05/2026,07:28:46: Training...
09/05/2026,07:28:47: Evaluating...
09/05/2026,07:28:48: 	Train Loss: 3439260.7500 (base: 197.1902, kd: 6878.1270), Elapsed: train 2.67 test 0.29
09/05/2026,07:28:48: 	Recall@10: 0.06766 Recall@20: 0.10225 NDCG@10: 0.04042 NDCG@20: 0.05001 
09/05/2026,07:28:48: 	Recall@10: 0.02763 Recall@20: 0.04205 NDCG@10: 0.01511 NDCG@20: 0.01903 
09/05/2026,07:28:48: Epoch [142/1000]
09/05/2026,07:28:48: Negative sampling...
09/05/2026,07:28:49: Model's personal time...
09/05/2026,07:28:49: Model diagnostics: arce_anchor_count_mean=35.598389, arce_blocker_budget_mean=14.401609, arce_blocker_entropy_mean=3.459308, arce_closure_difficulty_mean=0.517270, arce_closure_difficulty_std=0.258187, arce_gamma_effective_beta=3.000000, arce_gamma_max=0.697676, arce_gamma_mean=0.129388, arce_gamma_min=0.049787, arce_gamma_mode=sample_overlap, arce_gamma_reassignment_l1_mean=0.000000, arce_gamma_std=0.061538, arce_sample_gamma_mean=0.129388, arce_sampled_teacher_overlap_mean=0.711968, arce_sampler=marginal, arce_sampling_power=4.000000, arce_teacher_missing_mass_mean=0.149150, arce_teacher_missing_mass_std=0.090051
09/05/2026,07:28:49: Training...
09/05/2026,07:28:50: Evaluating...
09/05/2026,07:28:50: 	Train Loss: 3439548.7500 (base: 194.4499, kd: 6878.7085), Elapsed: train 2.50 test 0.26 *
09/05/2026,07:28:50: 	Recall@10: 0.06712 Recall@20: 0.10304 NDCG@10: 0.04036 NDCG@20: 0.05028 
09/05/2026,07:28:50: 	Recall@10: 0.02696 Recall@20: 0.04153 NDCG@10: 0.01493 NDCG@20: 0.01893 
09/05/2026,07:28:50: Epoch [143/1000]
09/05/2026,07:28:50: Negative sampling...
09/05/2026,07:28:52: Model's personal time...
09/05/2026,07:28:52: Model diagnostics: arce_anchor_count_mean=35.630390, arce_blocker_budget_mean=14.369611, arce_blocker_entropy_mean=3.456251, arce_closure_difficulty_mean=0.516153, arce_closure_difficulty_std=0.257944, arce_gamma_effective_beta=3.000000, arce_gamma_max=0.697676, arce_gamma_mean=0.129133, arce_gamma_min=0.049787, arce_gamma_mode=sample_overlap, arce_gamma_reassignment_l1_mean=0.000000, arce_gamma_std=0.061440, arce_sample_gamma_mean=0.129133, arce_sampled_teacher_overlap_mean=0.712608, arce_sampler=marginal, arce_sampling_power=4.000000, arce_teacher_missing_mass_mean=0.148745, arce_teacher_missing_mass_std=0.089981
09/05/2026,07:28:52: Training...
09/05/2026,07:28:53: Evaluating...
09/05/2026,07:28:53: 	Train Loss: 3440121.5000 (base: 194.0975, kd: 6879.8550), Elapsed: train 2.54 test 0.27 *
09/05/2026,07:28:53: 	Recall@10: 0.06690 Recall@20: 0.10280 NDCG@10: 0.04040 NDCG@20: 0.05030 
09/05/2026,07:28:53: 	Recall@10: 0.02725 Recall@20: 0.04196 NDCG@10: 0.01496 NDCG@20: 0.01896 
09/05/2026,07:28:53: Epoch [144/1000]
09/05/2026,07:28:53: Negative sampling...
09/05/2026,07:28:54: Model's personal time...
09/05/2026,07:28:54: Model diagnostics: arce_anchor_count_mean=35.652805, arce_blocker_budget_mean=14.347193, arce_blocker_entropy_mean=3.456000, arce_closure_difficulty_mean=0.515089, arce_closure_difficulty_std=0.257700, arce_gamma_effective_beta=3.000000, arce_gamma_max=0.697676, arce_gamma_mean=0.128954, arce_gamma_min=0.049787, arce_gamma_mode=sample_overlap, arce_gamma_reassignment_l1_mean=0.000000, arce_gamma_std=0.061360, arce_sample_gamma_mean=0.128954, arce_sampled_teacher_overlap_mean=0.713056, arce_sampler=marginal, arce_sampling_power=4.000000, arce_teacher_missing_mass_mean=0.148434, arce_teacher_missing_mass_std=0.089926
09/05/2026,07:28:54: Training...
09/05/2026,07:28:56: Evaluating...
09/05/2026,07:28:56: 	Train Loss: 3439167.2500 (base: 193.4097, kd: 6877.9478), Elapsed: train 2.57 test 0.30
09/05/2026,07:28:56: 	Recall@10: 0.06698 Recall@20: 0.10231 NDCG@10: 0.04040 NDCG@20: 0.05017 
09/05/2026,07:28:56: 	Recall@10: 0.02742 Recall@20: 0.04206 NDCG@10: 0.01513 NDCG@20: 0.01913 
09/05/2026,07:28:56: Epoch [145/1000]
09/05/2026,07:28:56: Negative sampling...
09/05/2026,07:28:57: Model's personal time...
09/05/2026,07:28:57: Model diagnostics: arce_anchor_count_mean=35.678101, arce_blocker_budget_mean=14.321900, arce_blocker_entropy_mean=3.449744, arce_closure_difficulty_mean=0.513992, arce_closure_difficulty_std=0.256949, arce_gamma_effective_beta=3.000000, arce_gamma_max=0.697676, arce_gamma_mean=0.128728, arce_gamma_min=0.049787, arce_gamma_mode=sample_overlap, arce_gamma_reassignment_l1_mean=0.000000, arce_gamma_std=0.061204, arce_sample_gamma_mean=0.128728, arce_sampled_teacher_overlap_mean=0.713562, arce_sampler=marginal, arce_sampling_power=4.000000, arce_teacher_missing_mass_mean=0.148038, arce_teacher_missing_mass_std=0.089741
09/05/2026,07:28:57: Training...
09/05/2026,07:28:59: Evaluating...
09/05/2026,07:28:59: 	Train Loss: 3440138.5000 (base: 191.2915, kd: 6879.8940), Elapsed: train 2.54 test 0.27
09/05/2026,07:28:59: 	Recall@10: 0.06683 Recall@20: 0.10259 NDCG@10: 0.04040 NDCG@20: 0.05030 
09/05/2026,07:28:59: 	Recall@10: 0.02715 Recall@20: 0.04203 NDCG@10: 0.01497 NDCG@20: 0.01901 
09/05/2026,07:28:59: Epoch [146/1000]
09/05/2026,07:28:59: Negative sampling...
09/05/2026,07:29:00: Model's personal time...
09/05/2026,07:29:00: Model diagnostics: arce_anchor_count_mean=35.708946, arce_blocker_budget_mean=14.291052, arce_blocker_entropy_mean=3.450384, arce_closure_difficulty_mean=0.513042, arce_closure_difficulty_std=0.256804, arce_gamma_effective_beta=3.000000, arce_gamma_max=0.697676, arce_gamma_mean=0.128442, arce_gamma_min=0.049787, arce_gamma_mode=sample_overlap, arce_gamma_reassignment_l1_mean=0.000000, arce_gamma_std=0.060899, arce_sample_gamma_mean=0.128442, arce_sampled_teacher_overlap_mean=0.714179, arce_sampler=marginal, arce_sampling_power=4.000000, arce_teacher_missing_mass_mean=0.147635, arce_teacher_missing_mass_std=0.089550
09/05/2026,07:29:00: Training...
09/05/2026,07:29:01: Evaluating...
09/05/2026,07:29:02: 	Train Loss: 3439964.7500 (base: 187.1866, kd: 6879.5547), Elapsed: train 2.58 test 0.27
09/05/2026,07:29:02: 	Recall@10: 0.06670 Recall@20: 0.10292 NDCG@10: 0.04020 NDCG@20: 0.05023 
09/05/2026,07:29:02: 	Recall@10: 0.02696 Recall@20: 0.04186 NDCG@10: 0.01495 NDCG@20: 0.01900 
09/05/2026,07:29:02: Epoch [147/1000]
09/05/2026,07:29:02: Negative sampling...
09/05/2026,07:29:03: Model's personal time...
09/05/2026,07:29:03: Model diagnostics: arce_anchor_count_mean=35.750336, arce_blocker_budget_mean=14.249664, arce_blocker_entropy_mean=3.448350, arce_closure_difficulty_mean=0.511707, arce_closure_difficulty_std=0.256467, arce_gamma_effective_beta=3.000000, arce_gamma_max=0.697676, arce_gamma_mean=0.128079, arce_gamma_min=0.049787, arce_gamma_mode=sample_overlap, arce_gamma_reassignment_l1_mean=0.000000, arce_gamma_std=0.060609, arce_sample_gamma_mean=0.128079, arce_sampled_teacher_overlap_mean=0.715007, arce_sampler=marginal, arce_sampling_power=4.000000, arce_teacher_missing_mass_mean=0.147088, arce_teacher_missing_mass_std=0.089371
09/05/2026,07:29:03: Training...
09/05/2026,07:29:04: Evaluating...
09/05/2026,07:29:05: 	Train Loss: 3439985.0000 (base: 190.8914, kd: 6879.5879), Elapsed: train 2.64 test 0.26
09/05/2026,07:29:05: 	Recall@10: 0.06805 Recall@20: 0.10227 NDCG@10: 0.04064 NDCG@20: 0.05011 
09/05/2026,07:29:05: 	Recall@10: 0.02753 Recall@20: 0.04192 NDCG@10: 0.01512 NDCG@20: 0.01907 
09/05/2026,07:29:05: Epoch [148/1000]
09/05/2026,07:29:05: Negative sampling...
09/05/2026,07:29:06: Model's personal time...
09/05/2026,07:29:06: Model diagnostics: arce_anchor_count_mean=35.775246, arce_blocker_budget_mean=14.224755, arce_blocker_entropy_mean=3.449265, arce_closure_difficulty_mean=0.510648, arce_closure_difficulty_std=0.256351, arce_gamma_effective_beta=3.000000, arce_gamma_max=0.697676, arce_gamma_mean=0.127847, arce_gamma_min=0.049787, arce_gamma_mode=sample_overlap, arce_gamma_reassignment_l1_mean=0.000000, arce_gamma_std=0.060339, arce_sample_gamma_mean=0.127847, arce_sampled_teacher_overlap_mean=0.715505, arce_sampler=marginal, arce_sampling_power=4.000000, arce_teacher_missing_mass_mean=0.146770, arce_teacher_missing_mass_std=0.089323
09/05/2026,07:29:06: Training...
09/05/2026,07:29:07: Evaluating...
09/05/2026,07:29:07: 	Train Loss: 3440305.5000 (base: 190.5479, kd: 6880.2300), Elapsed: train 2.46 test 0.27
09/05/2026,07:29:07: 	Recall@10: 0.06762 Recall@20: 0.10269 NDCG@10: 0.04056 NDCG@20: 0.05026 
09/05/2026,07:29:07: 	Recall@10: 0.02755 Recall@20: 0.04236 NDCG@10: 0.01516 NDCG@20: 0.01919 
09/05/2026,07:29:07: Epoch [149/1000]
09/05/2026,07:29:07: Negative sampling...
09/05/2026,07:29:09: Model's personal time...
09/05/2026,07:29:09: Model diagnostics: arce_anchor_count_mean=35.812992, arce_blocker_budget_mean=14.187009, arce_blocker_entropy_mean=3.445425, arce_closure_difficulty_mean=0.509456, arce_closure_difficulty_std=0.255964, arce_gamma_effective_beta=3.000000, arce_gamma_max=0.697676, arce_gamma_mean=0.127547, arce_gamma_min=0.049787, arce_gamma_mode=sample_overlap, arce_gamma_reassignment_l1_mean=0.000000, arce_gamma_std=0.060210, arce_sample_gamma_mean=0.127547, arce_sampled_teacher_overlap_mean=0.716260, arce_sampler=marginal, arce_sampling_power=4.000000, arce_teacher_missing_mass_mean=0.146251, arce_teacher_missing_mass_std=0.089063
09/05/2026,07:29:09: Training...
09/05/2026,07:29:10: Evaluating...
09/05/2026,07:29:10: 	Train Loss: 3440329.7500 (base: 186.6751, kd: 6880.2866), Elapsed: train 2.55 test 0.26
09/05/2026,07:29:10: 	Recall@10: 0.06746 Recall@20: 0.10218 NDCG@10: 0.04053 NDCG@20: 0.05023 
09/05/2026,07:29:10: 	Recall@10: 0.02746 Recall@20: 0.04249 NDCG@10: 0.01518 NDCG@20: 0.01926 
09/05/2026,07:29:10: Epoch [150/1000]
09/05/2026,07:29:10: Negative sampling...
09/05/2026,07:29:11: Model's personal time...
09/05/2026,07:29:11: Model diagnostics: arce_anchor_count_mean=35.841923, arce_blocker_budget_mean=14.158076, arce_blocker_entropy_mean=3.446259, arce_closure_difficulty_mean=0.508153, arce_closure_difficulty_std=0.255400, arce_gamma_effective_beta=3.000000, arce_gamma_max=0.697676, arce_gamma_mean=0.127307, arce_gamma_min=0.049787, arce_gamma_mode=sample_overlap, arce_gamma_reassignment_l1_mean=0.000000, arce_gamma_std=0.060028, arce_sample_gamma_mean=0.127307, arce_sampled_teacher_overlap_mean=0.716838, arce_sampler=marginal, arce_sampling_power=4.000000, arce_teacher_missing_mass_mean=0.145774, arce_teacher_missing_mass_std=0.088849
09/05/2026,07:29:11: Training...
09/05/2026,07:29:13: Evaluating...
09/05/2026,07:29:13: 	Train Loss: 3440424.0000 (base: 182.5486, kd: 6880.4824), Elapsed: train 2.56 test 0.29 *
09/05/2026,07:29:13: 	Recall@10: 0.06789 Recall@20: 0.10273 NDCG@10: 0.04070 NDCG@20: 0.05039 
09/05/2026,07:29:13: 	Recall@10: 0.02688 Recall@20: 0.04161 NDCG@10: 0.01500 NDCG@20: 0.01903 
09/05/2026,07:29:13: Epoch [151/1000]
09/05/2026,07:29:13: Negative sampling...
09/05/2026,07:29:14: Model's personal time...
09/05/2026,07:29:14: Model diagnostics: arce_anchor_count_mean=35.884651, arce_blocker_budget_mean=14.115348, arce_blocker_entropy_mean=3.442629, arce_closure_difficulty_mean=0.506951, arce_closure_difficulty_std=0.255271, arce_gamma_effective_beta=3.000000, arce_gamma_max=0.697676, arce_gamma_mean=0.126903, arce_gamma_min=0.049787, arce_gamma_mode=sample_overlap, arce_gamma_reassignment_l1_mean=0.000000, arce_gamma_std=0.059540, arce_sample_gamma_mean=0.126903, arce_sampled_teacher_overlap_mean=0.717693, arce_sampler=marginal, arce_sampling_power=4.000000, arce_teacher_missing_mass_mean=0.145290, arce_teacher_missing_mass_std=0.088720
09/05/2026,07:29:14: Training...
09/05/2026,07:29:15: Evaluating...
09/05/2026,07:29:16: 	Train Loss: 3440711.0000 (base: 182.6018, kd: 6881.0566), Elapsed: train 2.45 test 0.26
09/05/2026,07:29:16: 	Recall@10: 0.06759 Recall@20: 0.10305 NDCG@10: 0.04036 NDCG@20: 0.05019 
09/05/2026,07:29:16: 	Recall@10: 0.02767 Recall@20: 0.04229 NDCG@10: 0.01519 NDCG@20: 0.01918 
09/05/2026,07:29:16: Epoch [152/1000]
09/05/2026,07:29:16: Negative sampling...
09/05/2026,07:29:17: Model's personal time...
09/05/2026,07:29:17: Model diagnostics: arce_anchor_count_mean=35.908218, arce_blocker_budget_mean=14.091780, arce_blocker_entropy_mean=3.441165, arce_closure_difficulty_mean=0.505893, arce_closure_difficulty_std=0.255061, arce_gamma_effective_beta=3.000000, arce_gamma_max=0.697676, arce_gamma_mean=0.126710, arce_gamma_min=0.049787, arce_gamma_mode=sample_overlap, arce_gamma_reassignment_l1_mean=0.000000, arce_gamma_std=0.059450, arce_sample_gamma_mean=0.126710, arce_sampled_teacher_overlap_mean=0.718164, arce_sampler=marginal, arce_sampling_power=4.000000, arce_teacher_missing_mass_mean=0.144914, arce_teacher_missing_mass_std=0.088581
09/05/2026,07:29:17: Training...
09/05/2026,07:29:18: Evaluating...
09/05/2026,07:29:18: 	Train Loss: 3440619.2500 (base: 180.3147, kd: 6880.8789), Elapsed: train 2.41 test 0.26
09/05/2026,07:29:18: 	Recall@10: 0.06743 Recall@20: 0.10235 NDCG@10: 0.04063 NDCG@20: 0.05038 
09/05/2026,07:29:18: 	Recall@10: 0.02729 Recall@20: 0.04235 NDCG@10: 0.01512 NDCG@20: 0.01920 
09/05/2026,07:29:18: Epoch [153/1000]
09/05/2026,07:29:18: Negative sampling...
09/05/2026,07:29:20: Model's personal time...
09/05/2026,07:29:20: Model diagnostics: arce_anchor_count_mean=35.939259, arce_blocker_budget_mean=14.060740, arce_blocker_entropy_mean=3.438236, arce_closure_difficulty_mean=0.504904, arce_closure_difficulty_std=0.254859, arce_gamma_effective_beta=3.000000, arce_gamma_max=0.697676, arce_gamma_mean=0.126442, arce_gamma_min=0.049787, arce_gamma_mode=sample_overlap, arce_gamma_reassignment_l1_mean=0.000000, arce_gamma_std=0.059313, arce_sample_gamma_mean=0.126442, arce_sampled_teacher_overlap_mean=0.718785, arce_sampler=marginal, arce_sampling_power=4.000000, arce_teacher_missing_mass_mean=0.144527, arce_teacher_missing_mass_std=0.088441
09/05/2026,07:29:20: Training...
09/05/2026,07:29:21: Evaluating...
09/05/2026,07:29:21: 	Train Loss: 3440738.5000 (base: 181.4368, kd: 6881.1147), Elapsed: train 2.37 test 0.26 *
09/05/2026,07:29:21: 	Recall@10: 0.06847 Recall@20: 0.10350 NDCG@10: 0.04097 NDCG@20: 0.05062 
09/05/2026,07:29:21: 	Recall@10: 0.02748 Recall@20: 0.04215 NDCG@10: 0.01516 NDCG@20: 0.01916 
09/05/2026,07:29:21: Epoch [154/1000]
09/05/2026,07:29:21: Negative sampling...
09/05/2026,07:29:22: Model's personal time...
09/05/2026,07:29:22: Model diagnostics: arce_anchor_count_mean=35.969727, arce_blocker_budget_mean=14.030273, arce_blocker_entropy_mean=3.438451, arce_closure_difficulty_mean=0.503903, arce_closure_difficulty_std=0.254768, arce_gamma_effective_beta=3.000000, arce_gamma_max=0.697676, arce_gamma_mean=0.126164, arce_gamma_min=0.049787, arce_gamma_mode=sample_overlap, arce_gamma_reassignment_l1_mean=0.000000, arce_gamma_std=0.058979, arce_sample_gamma_mean=0.126164, arce_sampled_teacher_overlap_mean=0.719395, arce_sampler=marginal, arce_sampling_power=4.000000, arce_teacher_missing_mass_mean=0.144135, arce_teacher_missing_mass_std=0.088280
09/05/2026,07:29:22: Training...
09/05/2026,07:29:24: Evaluating...
09/05/2026,07:29:24: 	Train Loss: 3441230.2500 (base: 189.4055, kd: 6882.0815), Elapsed: train 2.66 test 0.28
09/05/2026,07:29:24: 	Recall@10: 0.06773 Recall@20: 0.10280 NDCG@10: 0.04081 NDCG@20: 0.05053 
09/05/2026,07:29:24: 	Recall@10: 0.02719 Recall@20: 0.04273 NDCG@10: 0.01517 NDCG@20: 0.01938 
09/05/2026,07:29:24: Epoch [155/1000]
09/05/2026,07:29:24: Negative sampling...
09/05/2026,07:29:25: Model's personal time...
09/05/2026,07:29:25: Model diagnostics: arce_anchor_count_mean=35.997318, arce_blocker_budget_mean=14.002683, arce_blocker_entropy_mean=3.432585, arce_closure_difficulty_mean=0.502869, arce_closure_difficulty_std=0.254131, arce_gamma_effective_beta=3.000000, arce_gamma_max=0.697676, arce_gamma_mean=0.125891, arce_gamma_min=0.049787, arce_gamma_mode=sample_overlap, arce_gamma_reassignment_l1_mean=0.000000, arce_gamma_std=0.058631, arce_sample_gamma_mean=0.125891, arce_sampled_teacher_overlap_mean=0.719946, arce_sampler=marginal, arce_sampling_power=4.000000, arce_teacher_missing_mass_mean=0.143756, arce_teacher_missing_mass_std=0.088048
09/05/2026,07:29:25: Training...
09/05/2026,07:29:26: Evaluating...
09/05/2026,07:29:27: 	Train Loss: 3440988.7500 (base: 188.9414, kd: 6881.5991), Elapsed: train 2.55 test 0.27
09/05/2026,07:29:27: 	Recall@10: 0.06752 Recall@20: 0.10215 NDCG@10: 0.04064 NDCG@20: 0.05031 
09/05/2026,07:29:27: 	Recall@10: 0.02767 Recall@20: 0.04202 NDCG@10: 0.01532 NDCG@20: 0.01923 
09/05/2026,07:29:27: Epoch [156/1000]
09/05/2026,07:29:27: Negative sampling...
09/05/2026,07:29:28: Model's personal time...
09/05/2026,07:29:28: Model diagnostics: arce_anchor_count_mean=36.029316, arce_blocker_budget_mean=13.970684, arce_blocker_entropy_mean=3.433306, arce_closure_difficulty_mean=0.501960, arce_closure_difficulty_std=0.253978, arce_gamma_effective_beta=3.000000, arce_gamma_max=0.697676, arce_gamma_mean=0.125622, arce_gamma_min=0.049787, arce_gamma_mode=sample_overlap, arce_gamma_reassignment_l1_mean=0.000000, arce_gamma_std=0.058472, arce_sample_gamma_mean=0.125622, arce_sampled_teacher_overlap_mean=0.720586, arce_sampler=marginal, arce_sampling_power=4.000000, arce_teacher_missing_mass_mean=0.143323, arce_teacher_missing_mass_std=0.087861
09/05/2026,07:29:28: Training...
09/05/2026,07:29:29: Evaluating...
09/05/2026,07:29:30: 	Train Loss: 3441454.2500 (base: 189.9492, kd: 6882.5283), Elapsed: train 2.55 test 0.34
09/05/2026,07:29:30: 	Recall@10: 0.06688 Recall@20: 0.10107 NDCG@10: 0.04028 NDCG@20: 0.04978 
09/05/2026,07:29:30: 	Recall@10: 0.02690 Recall@20: 0.04283 NDCG@10: 0.01507 NDCG@20: 0.01937 
09/05/2026,07:29:30: Epoch [157/1000]
09/05/2026,07:29:30: Negative sampling...
09/05/2026,07:29:31: Model's personal time...
09/05/2026,07:29:31: Model diagnostics: arce_anchor_count_mean=36.056522, arce_blocker_budget_mean=13.943476, arce_blocker_entropy_mean=3.432472, arce_closure_difficulty_mean=0.500985, arce_closure_difficulty_std=0.253814, arce_gamma_effective_beta=3.000000, arce_gamma_max=0.697676, arce_gamma_mean=0.125391, arce_gamma_min=0.049787, arce_gamma_mode=sample_overlap, arce_gamma_reassignment_l1_mean=0.000000, arce_gamma_std=0.058230, arce_sample_gamma_mean=0.125391, arce_sampled_teacher_overlap_mean=0.721130, arce_sampler=marginal, arce_sampling_power=4.000000, arce_teacher_missing_mass_mean=0.142996, arce_teacher_missing_mass_std=0.087767
09/05/2026,07:29:31: Training...
09/05/2026,07:29:32: Evaluating...
09/05/2026,07:29:33: 	Train Loss: 3441405.2500 (base: 194.2665, kd: 6882.4214), Elapsed: train 2.62 test 0.33
09/05/2026,07:29:33: 	Recall@10: 0.06780 Recall@20: 0.10236 NDCG@10: 0.04059 NDCG@20: 0.05018 
09/05/2026,07:29:33: 	Recall@10: 0.02642 Recall@20: 0.04277 NDCG@10: 0.01478 NDCG@20: 0.01924 
09/05/2026,07:29:33: Epoch [158/1000]
09/05/2026,07:29:33: Negative sampling...
09/05/2026,07:29:34: Model's personal time...
09/05/2026,07:29:34: Model diagnostics: arce_anchor_count_mean=36.085838, arce_blocker_budget_mean=13.914160, arce_blocker_entropy_mean=3.432101, arce_closure_difficulty_mean=0.500033, arce_closure_difficulty_std=0.253729, arce_gamma_effective_beta=3.000000, arce_gamma_max=0.657047, arce_gamma_mean=0.125141, arce_gamma_min=0.049787, arce_gamma_mode=sample_overlap, arce_gamma_reassignment_l1_mean=0.000000, arce_gamma_std=0.057947, arce_sample_gamma_mean=0.125141, arce_sampled_teacher_overlap_mean=0.721717, arce_sampler=marginal, arce_sampling_power=4.000000, arce_teacher_missing_mass_mean=0.142657, arce_teacher_missing_mass_std=0.087730
09/05/2026,07:29:34: Training...
09/05/2026,07:29:35: Evaluating...
09/05/2026,07:29:36: 	Train Loss: 3440957.2500 (base: 188.5393, kd: 6881.5376), Elapsed: train 2.76 test 0.26
09/05/2026,07:29:36: 	Recall@10: 0.06753 Recall@20: 0.10183 NDCG@10: 0.04050 NDCG@20: 0.05010 
09/05/2026,07:29:36: 	Recall@10: 0.02700 Recall@20: 0.04323 NDCG@10: 0.01494 NDCG@20: 0.01934 
09/05/2026,07:29:36: Epoch [159/1000]
09/05/2026,07:29:36: Negative sampling...
09/05/2026,07:29:37: Model's personal time...
09/05/2026,07:29:37: Model diagnostics: arce_anchor_count_mean=36.111324, arce_blocker_budget_mean=13.888676, arce_blocker_entropy_mean=3.428543, arce_closure_difficulty_mean=0.499244, arce_closure_difficulty_std=0.253430, arce_gamma_effective_beta=3.000000, arce_gamma_max=0.657047, arce_gamma_mean=0.124918, arce_gamma_min=0.049787, arce_gamma_mode=sample_overlap, arce_gamma_reassignment_l1_mean=0.000000, arce_gamma_std=0.057797, arce_sample_gamma_mean=0.124918, arce_sampled_teacher_overlap_mean=0.722226, arce_sampler=marginal, arce_sampling_power=4.000000, arce_teacher_missing_mass_mean=0.142330, arce_teacher_missing_mass_std=0.087517
09/05/2026,07:29:37: Training...
09/05/2026,07:29:38: Evaluating...
09/05/2026,07:29:38: 	Train Loss: 3441800.0000 (base: 189.2648, kd: 6883.2217), Elapsed: train 2.41 test 0.26
09/05/2026,07:29:38: 	Recall@10: 0.06754 Recall@20: 0.10177 NDCG@10: 0.04057 NDCG@20: 0.05008 
09/05/2026,07:29:38: 	Recall@10: 0.02681 Recall@20: 0.04322 NDCG@10: 0.01495 NDCG@20: 0.01941 
09/05/2026,07:29:38: Epoch [160/1000]
09/05/2026,07:29:38: Negative sampling...
09/05/2026,07:29:40: Model's personal time...
09/05/2026,07:29:40: Model diagnostics: arce_anchor_count_mean=36.139874, arce_blocker_budget_mean=13.860126, arce_blocker_entropy_mean=3.427958, arce_closure_difficulty_mean=0.498102, arce_closure_difficulty_std=0.253174, arce_gamma_effective_beta=3.000000, arce_gamma_max=0.657047, arce_gamma_mean=0.124697, arce_gamma_min=0.049787, arce_gamma_mode=sample_overlap, arce_gamma_reassignment_l1_mean=0.000000, arce_gamma_std=0.057733, arce_sample_gamma_mean=0.124697, arce_sampled_teacher_overlap_mean=0.722797, arce_sampler=marginal, arce_sampling_power=4.000000, arce_teacher_missing_mass_mean=0.141935, arce_teacher_missing_mass_std=0.087453
09/05/2026,07:29:40: Training...
09/05/2026,07:29:41: Evaluating...
09/05/2026,07:29:41: 	Train Loss: 3441578.5000 (base: 185.5296, kd: 6882.7856), Elapsed: train 2.46 test 0.26
09/05/2026,07:29:41: 	Recall@10: 0.06775 Recall@20: 0.10159 NDCG@10: 0.04072 NDCG@20: 0.05011 
09/05/2026,07:29:41: 	Recall@10: 0.02672 Recall@20: 0.04323 NDCG@10: 0.01489 NDCG@20: 0.01936 
09/05/2026,07:29:41: Epoch [161/1000]
09/05/2026,07:29:41: Negative sampling...
09/05/2026,07:29:42: Model's personal time...
09/05/2026,07:29:42: Model diagnostics: arce_anchor_count_mean=36.164398, arce_blocker_budget_mean=13.835601, arce_blocker_entropy_mean=3.425470, arce_closure_difficulty_mean=0.496982, arce_closure_difficulty_std=0.252740, arce_gamma_effective_beta=3.000000, arce_gamma_max=0.657047, arce_gamma_mean=0.124505, arce_gamma_min=0.049787, arce_gamma_mode=sample_overlap, arce_gamma_reassignment_l1_mean=0.000000, arce_gamma_std=0.057640, arce_sample_gamma_mean=0.124505, arce_sampled_teacher_overlap_mean=0.723288, arce_sampler=marginal, arce_sampling_power=4.000000, arce_teacher_missing_mass_mean=0.141554, arce_teacher_missing_mass_std=0.087279
09/05/2026,07:29:42: Training...
09/05/2026,07:29:43: Evaluating...
09/05/2026,07:29:44: 	Train Loss: 3441381.2500 (base: 186.8098, kd: 6882.3882), Elapsed: train 2.35 test 0.30
09/05/2026,07:29:44: 	Recall@10: 0.06750 Recall@20: 0.10218 NDCG@10: 0.04064 NDCG@20: 0.05033 
09/05/2026,07:29:44: 	Recall@10: 0.02688 Recall@20: 0.04216 NDCG@10: 0.01500 NDCG@20: 0.01922 
09/05/2026,07:29:44: Epoch [162/1000]
09/05/2026,07:29:44: Negative sampling...
09/05/2026,07:29:45: Model's personal time...
09/05/2026,07:29:45: Model diagnostics: arce_anchor_count_mean=36.187965, arce_blocker_budget_mean=13.812033, arce_blocker_entropy_mean=3.421115, arce_closure_difficulty_mean=0.495968, arce_closure_difficulty_std=0.252300, arce_gamma_effective_beta=3.000000, arce_gamma_max=0.657047, arce_gamma_mean=0.124302, arce_gamma_min=0.049787, arce_gamma_mode=sample_overlap, arce_gamma_reassignment_l1_mean=0.000000, arce_gamma_std=0.057465, arce_sample_gamma_mean=0.124302, arce_sampled_teacher_overlap_mean=0.723759, arce_sampler=marginal, arce_sampling_power=4.000000, arce_teacher_missing_mass_mean=0.141166, arce_teacher_missing_mass_std=0.087037
09/05/2026,07:29:45: Training...
09/05/2026,07:29:46: Evaluating...
09/05/2026,07:29:47: 	Train Loss: 3442308.5000 (base: 185.7473, kd: 6884.2461), Elapsed: train 2.63 test 0.27
09/05/2026,07:29:47: 	Recall@10: 0.06756 Recall@20: 0.10256 NDCG@10: 0.04063 NDCG@20: 0.05034 
09/05/2026,07:29:47: 	Recall@10: 0.02678 Recall@20: 0.04293 NDCG@10: 0.01485 NDCG@20: 0.01926 
09/05/2026,07:29:47: Epoch [163/1000]
09/05/2026,07:29:47: Negative sampling...
09/05/2026,07:29:48: Model's personal time...
09/05/2026,07:29:48: Model diagnostics: arce_anchor_count_mean=36.218815, arce_blocker_budget_mean=13.781184, arce_blocker_entropy_mean=3.420715, arce_closure_difficulty_mean=0.495115, arce_closure_difficulty_std=0.252116, arce_gamma_effective_beta=3.000000, arce_gamma_max=0.657047, arce_gamma_mean=0.124040, arce_gamma_min=0.049787, arce_gamma_mode=sample_overlap, arce_gamma_reassignment_l1_mean=0.000000, arce_gamma_std=0.057259, arce_sample_gamma_mean=0.124040, arce_sampled_teacher_overlap_mean=0.724376, arce_sampler=marginal, arce_sampling_power=4.000000, arce_teacher_missing_mass_mean=0.140797, arce_teacher_missing_mass_std=0.086856
09/05/2026,07:29:48: Training...
09/05/2026,07:29:49: Evaluating...
09/05/2026,07:29:49: 	Train Loss: 3442380.0000 (base: 181.8812, kd: 6884.3965), Elapsed: train 2.63 test 0.28
09/05/2026,07:29:49: 	Recall@10: 0.06808 Recall@20: 0.10184 NDCG@10: 0.04080 NDCG@20: 0.05020 
09/05/2026,07:29:49: 	Recall@10: 0.02681 Recall@20: 0.04364 NDCG@10: 0.01493 NDCG@20: 0.01950 
09/05/2026,07:29:49: Epoch [164/1000]
09/05/2026,07:29:49: Negative sampling...
09/05/2026,07:29:51: Model's personal time...
09/05/2026,07:29:51: Model diagnostics: arce_anchor_count_mean=36.235294, arce_blocker_budget_mean=13.764706, arce_blocker_entropy_mean=3.417887, arce_closure_difficulty_mean=0.494273, arce_closure_difficulty_std=0.251657, arce_gamma_effective_beta=3.000000, arce_gamma_max=0.657047, arce_gamma_mean=0.123870, arce_gamma_min=0.049787, arce_gamma_mode=sample_overlap, arce_gamma_reassignment_l1_mean=0.000000, arce_gamma_std=0.057012, arce_sample_gamma_mean=0.123870, arce_sampled_teacher_overlap_mean=0.724706, arce_sampler=marginal, arce_sampling_power=4.000000, arce_teacher_missing_mass_mean=0.140517, arce_teacher_missing_mass_std=0.086655
09/05/2026,07:29:51: Training...
09/05/2026,07:29:52: Evaluating...
09/05/2026,07:29:52: 	Train Loss: 3442322.7500 (base: 184.2356, kd: 6884.2773), Elapsed: train 2.49 test 0.33
09/05/2026,07:29:52: 	Recall@10: 0.06747 Recall@20: 0.10236 NDCG@10: 0.04046 NDCG@20: 0.05020 
09/05/2026,07:29:52: 	Recall@10: 0.02715 Recall@20: 0.04271 NDCG@10: 0.01515 NDCG@20: 0.01943 
09/05/2026,07:29:52: Epoch [165/1000]
09/05/2026,07:29:52: Negative sampling...
09/05/2026,07:29:54: Model's personal time...
09/05/2026,07:29:54: Model diagnostics: arce_anchor_count_mean=36.259243, arce_blocker_budget_mean=13.740755, arce_blocker_entropy_mean=3.415727, arce_closure_difficulty_mean=0.493358, arce_closure_difficulty_std=0.251340, arce_gamma_effective_beta=3.000000, arce_gamma_max=0.657047, arce_gamma_mean=0.123675, arce_gamma_min=0.049787, arce_gamma_mode=sample_overlap, arce_gamma_reassignment_l1_mean=0.000000, arce_gamma_std=0.056875, arce_sample_gamma_mean=0.123675, arce_sampled_teacher_overlap_mean=0.725185, arce_sampler=marginal, arce_sampling_power=4.000000, arce_teacher_missing_mass_mean=0.140191, arce_teacher_missing_mass_std=0.086531
09/05/2026,07:29:54: Training...
09/05/2026,07:29:55: Evaluating...
09/05/2026,07:29:55: 	Train Loss: 3441867.0000 (base: 182.0120, kd: 6883.3696), Elapsed: train 2.43 test 0.25
09/05/2026,07:29:55: 	Recall@10: 0.06756 Recall@20: 0.10204 NDCG@10: 0.04051 NDCG@20: 0.05011 
09/05/2026,07:29:55: 	Recall@10: 0.02643 Recall@20: 0.04331 NDCG@10: 0.01477 NDCG@20: 0.01937 
09/05/2026,07:29:55: Epoch [166/1000]
09/05/2026,07:29:55: Negative sampling...
09/05/2026,07:29:56: Model's personal time...
09/05/2026,07:29:56: Model diagnostics: arce_anchor_count_mean=36.272083, arce_blocker_budget_mean=13.727917, arce_blocker_entropy_mean=3.410632, arce_closure_difficulty_mean=0.492493, arce_closure_difficulty_std=0.250755, arce_gamma_effective_beta=3.000000, arce_gamma_max=0.657047, arce_gamma_mean=0.123551, arce_gamma_min=0.049787, arce_gamma_mode=sample_overlap, arce_gamma_reassignment_l1_mean=0.000000, arce_gamma_std=0.056779, arce_sample_gamma_mean=0.123551, arce_sampled_teacher_overlap_mean=0.725442, arce_sampler=marginal, arce_sampling_power=4.000000, arce_teacher_missing_mass_mean=0.139937, arce_teacher_missing_mass_std=0.086361
09/05/2026,07:29:56: Training...
09/05/2026,07:29:57: Evaluating...
09/05/2026,07:29:58: 	Train Loss: 3442132.2500 (base: 183.6214, kd: 6883.8965), Elapsed: train 2.51 test 0.32
09/05/2026,07:29:58: 	Recall@10: 0.06749 Recall@20: 0.10245 NDCG@10: 0.04083 NDCG@20: 0.05052 
09/05/2026,07:29:58: 	Recall@10: 0.02639 Recall@20: 0.04369 NDCG@10: 0.01494 NDCG@20: 0.01962 
09/05/2026,07:29:58: Epoch [167/1000]
09/05/2026,07:29:58: Negative sampling...
09/05/2026,07:29:59: Model's personal time...
09/05/2026,07:29:59: Model diagnostics: arce_anchor_count_mean=36.295650, arce_blocker_budget_mean=13.704350, arce_blocker_entropy_mean=3.408925, arce_closure_difficulty_mean=0.491585, arce_closure_difficulty_std=0.250641, arce_gamma_effective_beta=3.000000, arce_gamma_max=0.657047, arce_gamma_mean=0.123369, arce_gamma_min=0.049787, arce_gamma_mode=sample_overlap, arce_gamma_reassignment_l1_mean=0.000000, arce_gamma_std=0.056698, arce_sample_gamma_mean=0.123369, arce_sampled_teacher_overlap_mean=0.725913, arce_sampler=marginal, arce_sampling_power=4.000000, arce_teacher_missing_mass_mean=0.139606, arce_teacher_missing_mass_std=0.086206
09/05/2026,07:29:59: Training...
09/05/2026,07:30:00: Evaluating...
09/05/2026,07:30:01: 	Train Loss: 3442797.0000 (base: 180.0553, kd: 6885.2339), Elapsed: train 2.68 test 0.34
09/05/2026,07:30:01: 	Recall@10: 0.06788 Recall@20: 0.10183 NDCG@10: 0.04062 NDCG@20: 0.05003 
09/05/2026,07:30:01: 	Recall@10: 0.02661 Recall@20: 0.04327 NDCG@10: 0.01490 NDCG@20: 0.01945 
09/05/2026,07:30:01: Epoch [168/1000]
09/05/2026,07:30:01: Negative sampling...
09/05/2026,07:30:02: Model's personal time...
09/05/2026,07:30:02: Model diagnostics: arce_anchor_count_mean=36.315578, arce_blocker_budget_mean=13.684422, arce_blocker_entropy_mean=3.409202, arce_closure_difficulty_mean=0.490952, arce_closure_difficulty_std=0.250210, arce_gamma_effective_beta=3.000000, arce_gamma_max=0.657047, arce_gamma_mean=0.123153, arce_gamma_min=0.049787, arce_gamma_mode=sample_overlap, arce_gamma_reassignment_l1_mean=0.000000, arce_gamma_std=0.056376, arce_sample_gamma_mean=0.123153, arce_sampled_teacher_overlap_mean=0.726312, arce_sampler=marginal, arce_sampling_power=4.000000, arce_teacher_missing_mass_mean=0.139346, arce_teacher_missing_mass_std=0.086048
09/05/2026,07:30:02: Training...
09/05/2026,07:30:03: Evaluating...
09/05/2026,07:30:04: 	Train Loss: 3442393.0000 (base: 181.5136, kd: 6884.4233), Elapsed: train 2.68 test 0.32
09/05/2026,07:30:04: 	Recall@10: 0.06819 Recall@20: 0.10148 NDCG@10: 0.04075 NDCG@20: 0.05007 
09/05/2026,07:30:04: 	Recall@10: 0.02610 Recall@20: 0.04369 NDCG@10: 0.01482 NDCG@20: 0.01963 
09/05/2026,07:30:04: Epoch [169/1000]
09/05/2026,07:30:04: Negative sampling...
09/05/2026,07:30:05: Model's personal time...
09/05/2026,07:30:05: Model diagnostics: arce_anchor_count_mean=36.344318, arce_blocker_budget_mean=13.655681, arce_blocker_entropy_mean=3.407612, arce_closure_difficulty_mean=0.490039, arce_closure_difficulty_std=0.250066, arce_gamma_effective_beta=3.000000, arce_gamma_max=0.657047, arce_gamma_mean=0.122929, arce_gamma_min=0.049787, arce_gamma_mode=sample_overlap, arce_gamma_reassignment_l1_mean=0.000000, arce_gamma_std=0.056237, arce_sample_gamma_mean=0.122929, arce_sampled_teacher_overlap_mean=0.726886, arce_sampler=marginal, arce_sampling_power=4.000000, arce_teacher_missing_mass_mean=0.138997, arce_teacher_missing_mass_std=0.085945
09/05/2026,07:30:05: Training...
09/05/2026,07:30:06: Evaluating...
09/05/2026,07:30:07: 	Train Loss: 3442457.7500 (base: 177.3607, kd: 6884.5605), Elapsed: train 2.58 test 0.31
09/05/2026,07:30:07: 	Recall@10: 0.06790 Recall@20: 0.10179 NDCG@10: 0.04066 NDCG@20: 0.05007 
09/05/2026,07:30:07: 	Recall@10: 0.02667 Recall@20: 0.04275 NDCG@10: 0.01497 NDCG@20: 0.01939 
09/05/2026,07:30:07: Epoch [170/1000]
09/05/2026,07:30:07: Negative sampling...
09/05/2026,07:30:08: Model's personal time...
09/05/2026,07:30:08: Model diagnostics: arce_anchor_count_mean=36.367119, arce_blocker_budget_mean=13.632879, arce_blocker_entropy_mean=3.404791, arce_closure_difficulty_mean=0.489243, arce_closure_difficulty_std=0.249758, arce_gamma_effective_beta=3.000000, arce_gamma_max=0.657047, arce_gamma_mean=0.122756, arce_gamma_min=0.049787, arce_gamma_mode=sample_overlap, arce_gamma_reassignment_l1_mean=0.000000, arce_gamma_std=0.056138, arce_sample_gamma_mean=0.122756, arce_sampled_teacher_overlap_mean=0.727342, arce_sampler=marginal, arce_sampling_power=4.000000, arce_teacher_missing_mass_mean=0.138674, arce_teacher_missing_mass_std=0.085771
09/05/2026,07:30:08: Training...
09/05/2026,07:30:09: Evaluating...
09/05/2026,07:30:10: 	Train Loss: 3442985.7500 (base: 181.9067, kd: 6885.6069), Elapsed: train 2.58 test 0.30
09/05/2026,07:30:10: 	Recall@10: 0.06800 Recall@20: 0.10209 NDCG@10: 0.04058 NDCG@20: 0.05008 
09/05/2026,07:30:10: 	Recall@10: 0.02632 Recall@20: 0.04330 NDCG@10: 0.01475 NDCG@20: 0.01939 
09/05/2026,07:30:10: Epoch [171/1000]
09/05/2026,07:30:10: Negative sampling...
09/05/2026,07:30:11: Model's personal time...
09/05/2026,07:30:11: Model diagnostics: arce_anchor_count_mean=36.398159, arce_blocker_budget_mean=13.601839, arce_blocker_entropy_mean=3.406440, arce_closure_difficulty_mean=0.487934, arce_closure_difficulty_std=0.249458, arce_gamma_effective_beta=3.000000, arce_gamma_max=0.657047, arce_gamma_mean=0.122534, arce_gamma_min=0.049787, arce_gamma_mode=sample_overlap, arce_gamma_reassignment_l1_mean=0.000000, arce_gamma_std=0.056023, arce_sample_gamma_mean=0.122534, arce_sampled_teacher_overlap_mean=0.727963, arce_sampler=marginal, arce_sampling_power=4.000000, arce_teacher_missing_mass_mean=0.138199, arce_teacher_missing_mass_std=0.085636
09/05/2026,07:30:11: Training...
09/05/2026,07:30:12: Evaluating...
09/05/2026,07:30:12: 	Train Loss: 3442901.5000 (base: 180.6906, kd: 6885.4419), Elapsed: train 2.63 test 0.31
09/05/2026,07:30:12: 	Recall@10: 0.06849 Recall@20: 0.10101 NDCG@10: 0.04086 NDCG@20: 0.05001 
09/05/2026,07:30:12: 	Recall@10: 0.02637 Recall@20: 0.04352 NDCG@10: 0.01472 NDCG@20: 0.01941 
09/05/2026,07:30:12: Epoch [172/1000]
09/05/2026,07:30:12: Negative sampling...
09/05/2026,07:30:14: Model's personal time...
09/05/2026,07:30:14: Model diagnostics: arce_anchor_count_mean=36.417320, arce_blocker_budget_mean=13.582679, arce_blocker_entropy_mean=3.405631, arce_closure_difficulty_mean=0.486943, arce_closure_difficulty_std=0.249108, arce_gamma_effective_beta=3.000000, arce_gamma_max=0.657047, arce_gamma_mean=0.122376, arce_gamma_min=0.049787, arce_gamma_mode=sample_overlap, arce_gamma_reassignment_l1_mean=0.000000, arce_gamma_std=0.055947, arce_sample_gamma_mean=0.122376, arce_sampled_teacher_overlap_mean=0.728346, arce_sampler=marginal, arce_sampling_power=4.000000, arce_teacher_missing_mass_mean=0.137877, arce_teacher_missing_mass_std=0.085529
09/05/2026,07:30:14: Training...
09/05/2026,07:30:15: Evaluating...
09/05/2026,07:30:15: 	Train Loss: 3443233.2500 (base: 178.4235, kd: 6886.1094), Elapsed: train 2.47 test 0.25
09/05/2026,07:30:15: 	Recall@10: 0.06844 Recall@20: 0.10197 NDCG@10: 0.04079 NDCG@20: 0.05016 
09/05/2026,07:30:15: 	Recall@10: 0.02683 Recall@20: 0.04343 NDCG@10: 0.01487 NDCG@20: 0.01941 
09/05/2026,07:30:15: Epoch [173/1000]
09/05/2026,07:30:15: Negative sampling...
09/05/2026,07:30:17: Model's personal time...
09/05/2026,07:30:17: Model diagnostics: arce_anchor_count_mean=36.433990, arce_blocker_budget_mean=13.566009, arce_blocker_entropy_mean=3.397650, arce_closure_difficulty_mean=0.486133, arce_closure_difficulty_std=0.249016, arce_gamma_effective_beta=3.000000, arce_gamma_max=0.657047, arce_gamma_mean=0.122245, arce_gamma_min=0.049787, arce_gamma_mode=sample_overlap, arce_gamma_reassignment_l1_mean=0.000000, arce_gamma_std=0.055915, arce_sample_gamma_mean=0.122245, arce_sampled_teacher_overlap_mean=0.728680, arce_sampler=marginal, arce_sampling_power=4.000000, arce_teacher_missing_mass_mean=0.137641, arce_teacher_missing_mass_std=0.085452
09/05/2026,07:30:17: Training...
09/05/2026,07:30:18: Evaluating...
09/05/2026,07:30:18: 	Train Loss: 3442835.2500 (base: 177.9547, kd: 6885.3149), Elapsed: train 2.48 test 0.29
09/05/2026,07:30:18: 	Recall@10: 0.06787 Recall@20: 0.10208 NDCG@10: 0.04078 NDCG@20: 0.05029 
09/05/2026,07:30:18: 	Recall@10: 0.02649 Recall@20: 0.04300 NDCG@10: 0.01496 NDCG@20: 0.01947 
09/05/2026,07:30:18: Epoch [174/1000]
09/05/2026,07:30:18: Negative sampling...
09/05/2026,07:30:19: Model's personal time...
09/05/2026,07:30:19: Model diagnostics: arce_anchor_count_mean=36.450279, arce_blocker_budget_mean=13.549722, arce_blocker_entropy_mean=3.395540, arce_closure_difficulty_mean=0.485429, arce_closure_difficulty_std=0.248611, arce_gamma_effective_beta=3.000000, arce_gamma_max=0.657047, arce_gamma_mean=0.122122, arce_gamma_min=0.049787, arce_gamma_mode=sample_overlap, arce_gamma_reassignment_l1_mean=0.000000, arce_gamma_std=0.055815, arce_sample_gamma_mean=0.122122, arce_sampled_teacher_overlap_mean=0.729006, arce_sampler=marginal, arce_sampling_power=4.000000, arce_teacher_missing_mass_mean=0.137424, arce_teacher_missing_mass_std=0.085416
09/05/2026,07:30:19: Training...
09/05/2026,07:30:21: Evaluating...
09/05/2026,07:30:21: 	Train Loss: 3443390.5000 (base: 176.0654, kd: 6886.4297), Elapsed: train 2.53 test 0.26
09/05/2026,07:30:21: 	Recall@10: 0.06852 Recall@20: 0.10250 NDCG@10: 0.04106 NDCG@20: 0.05048 
09/05/2026,07:30:21: 	Recall@10: 0.02639 Recall@20: 0.04296 NDCG@10: 0.01486 NDCG@20: 0.01944 
09/05/2026,07:30:21: Epoch [175/1000]
09/05/2026,07:30:21: Negative sampling...
09/05/2026,07:30:22: Model's personal time...
09/05/2026,07:30:22: Model diagnostics: arce_anchor_count_mean=36.486683, arce_blocker_budget_mean=13.513316, arce_blocker_entropy_mean=3.395024, arce_closure_difficulty_mean=0.484477, arce_closure_difficulty_std=0.248498, arce_gamma_effective_beta=3.000000, arce_gamma_max=0.657047, arce_gamma_mean=0.121812, arce_gamma_min=0.049787, arce_gamma_mode=sample_overlap, arce_gamma_reassignment_l1_mean=0.000000, arce_gamma_std=0.055514, arce_sample_gamma_mean=0.121812, arce_sampled_teacher_overlap_mean=0.729734, arce_sampler=marginal, arce_sampling_power=4.000000, arce_teacher_missing_mass_mean=0.136980, arce_teacher_missing_mass_std=0.085140
09/05/2026,07:30:22: Training...
09/05/2026,07:30:23: Evaluating...
09/05/2026,07:30:24: 	Train Loss: 3443552.0000 (base: 177.2171, kd: 6886.7500), Elapsed: train 2.46 test 0.26
09/05/2026,07:30:24: 	Recall@10: 0.06891 Recall@20: 0.10229 NDCG@10: 0.04110 NDCG@20: 0.05032 
09/05/2026,07:30:24: 	Recall@10: 0.02592 Recall@20: 0.04348 NDCG@10: 0.01472 NDCG@20: 0.01952 
09/05/2026,07:30:24: Epoch [176/1000]
09/05/2026,07:30:24: Negative sampling...
09/05/2026,07:30:25: Model's personal time...
09/05/2026,07:30:25: Model diagnostics: arce_anchor_count_mean=36.506611, arce_blocker_budget_mean=13.493389, arce_blocker_entropy_mean=3.395366, arce_closure_difficulty_mean=0.483540, arce_closure_difficulty_std=0.247969, arce_gamma_effective_beta=3.000000, arce_gamma_max=0.657047, arce_gamma_mean=0.121640, arce_gamma_min=0.049787, arce_gamma_mode=sample_overlap, arce_gamma_reassignment_l1_mean=0.000000, arce_gamma_std=0.055421, arce_sample_gamma_mean=0.121640, arce_sampled_teacher_overlap_mean=0.730132, arce_sampler=marginal, arce_sampling_power=4.000000, arce_teacher_missing_mass_mean=0.136659, arce_teacher_missing_mass_std=0.084964
09/05/2026,07:30:25: Training...
09/05/2026,07:30:26: Evaluating...
09/05/2026,07:30:26: 	Train Loss: 3443786.5000 (base: 176.6426, kd: 6887.2192), Elapsed: train 2.44 test 0.34
09/05/2026,07:30:26: 	Recall@10: 0.06804 Recall@20: 0.10220 NDCG@10: 0.04067 NDCG@20: 0.05019 
09/05/2026,07:30:26: 	Recall@10: 0.02642 Recall@20: 0.04348 NDCG@10: 0.01488 NDCG@20: 0.01954 
09/05/2026,07:30:26: Epoch [177/1000]
09/05/2026,07:30:26: Negative sampling...
09/05/2026,07:30:28: Model's personal time...
09/05/2026,07:30:28: Model diagnostics: arce_anchor_count_mean=36.518681, arce_blocker_budget_mean=13.481318, arce_blocker_entropy_mean=3.391997, arce_closure_difficulty_mean=0.482706, arce_closure_difficulty_std=0.247787, arce_gamma_effective_beta=3.000000, arce_gamma_max=0.657047, arce_gamma_mean=0.121564, arce_gamma_min=0.049787, arce_gamma_mode=sample_overlap, arce_gamma_reassignment_l1_mean=0.000000, arce_gamma_std=0.055426, arce_sample_gamma_mean=0.121564, arce_sampled_teacher_overlap_mean=0.730374, arce_sampler=marginal, arce_sampling_power=4.000000, arce_teacher_missing_mass_mean=0.136444, arce_teacher_missing_mass_std=0.084926
09/05/2026,07:30:28: Training...
09/05/2026,07:30:29: Evaluating...
09/05/2026,07:30:29: 	Train Loss: 3443750.7500 (base: 175.1320, kd: 6887.1519), Elapsed: train 2.45 test 0.26
09/05/2026,07:30:29: 	Recall@10: 0.06916 Recall@20: 0.10200 NDCG@10: 0.04128 NDCG@20: 0.05042 
09/05/2026,07:30:29: 	Recall@10: 0.02653 Recall@20: 0.04358 NDCG@10: 0.01486 NDCG@20: 0.01949 
09/05/2026,07:30:29: Epoch [178/1000]
09/05/2026,07:30:29: Negative sampling...
09/05/2026,07:30:30: Model's personal time...
09/05/2026,07:30:30: Model diagnostics: arce_anchor_count_mean=36.539757, arce_blocker_budget_mean=13.460241, arce_blocker_entropy_mean=3.390023, arce_closure_difficulty_mean=0.482006, arce_closure_difficulty_std=0.247696, arce_gamma_effective_beta=3.000000, arce_gamma_max=0.618783, arce_gamma_mean=0.121387, arce_gamma_min=0.049787, arce_gamma_mode=sample_overlap, arce_gamma_reassignment_l1_mean=0.000000, arce_gamma_std=0.055166, arce_sample_gamma_mean=0.121387, arce_sampled_teacher_overlap_mean=0.730795, arce_sampler=marginal, arce_sampling_power=4.000000, arce_teacher_missing_mass_mean=0.136200, arce_teacher_missing_mass_std=0.084837
09/05/2026,07:30:30: Training...
09/05/2026,07:30:31: Evaluating...
09/05/2026,07:30:32: 	Train Loss: 3443693.7500 (base: 174.0026, kd: 6887.0396), Elapsed: train 2.40 test 0.25
09/05/2026,07:30:32: 	Recall@10: 0.06871 Recall@20: 0.10267 NDCG@10: 0.04101 NDCG@20: 0.05042 
09/05/2026,07:30:32: 	Recall@10: 0.02679 Recall@20: 0.04296 NDCG@10: 0.01479 NDCG@20: 0.01923 
09/05/2026,07:30:32: Epoch [179/1000]
09/05/2026,07:30:32: Negative sampling...
09/05/2026,07:30:33: Model's personal time...
09/05/2026,07:30:33: Model diagnostics: arce_anchor_count_mean=36.556046, arce_blocker_budget_mean=13.443954, arce_blocker_entropy_mean=3.390465, arce_closure_difficulty_mean=0.481500, arce_closure_difficulty_std=0.247413, arce_gamma_effective_beta=3.000000, arce_gamma_max=0.582748, arce_gamma_mean=0.121210, arce_gamma_min=0.049787, arce_gamma_mode=sample_overlap, arce_gamma_reassignment_l1_mean=0.000000, arce_gamma_std=0.054892, arce_sample_gamma_mean=0.121210, arce_sampled_teacher_overlap_mean=0.731121, arce_sampler=marginal, arce_sampling_power=4.000000, arce_teacher_missing_mass_mean=0.135979, arce_teacher_missing_mass_std=0.084593
09/05/2026,07:30:33: Training...
09/05/2026,07:30:34: Evaluating...
09/05/2026,07:30:34: 	Train Loss: 3443717.5000 (base: 175.1508, kd: 6887.0845), Elapsed: train 2.41 test 0.26
09/05/2026,07:30:34: 	Recall@10: 0.06852 Recall@20: 0.10221 NDCG@10: 0.04104 NDCG@20: 0.05037 
09/05/2026,07:30:34: 	Recall@10: 0.02651 Recall@20: 0.04310 NDCG@10: 0.01467 NDCG@20: 0.01920 
09/05/2026,07:30:34: Epoch [180/1000]
09/05/2026,07:30:34: Negative sampling...
09/05/2026,07:30:36: Model's personal time...
09/05/2026,07:30:36: Model diagnostics: arce_anchor_count_mean=36.572140, arce_blocker_budget_mean=13.427859, arce_blocker_entropy_mean=3.390918, arce_closure_difficulty_mean=0.480824, arce_closure_difficulty_std=0.247235, arce_gamma_effective_beta=3.000000, arce_gamma_max=0.582748, arce_gamma_mean=0.121084, arce_gamma_min=0.049787, arce_gamma_mode=sample_overlap, arce_gamma_reassignment_l1_mean=0.000000, arce_gamma_std=0.054812, arce_sample_gamma_mean=0.121084, arce_sampled_teacher_overlap_mean=0.731443, arce_sampler=marginal, arce_sampling_power=4.000000, arce_teacher_missing_mass_mean=0.135765, arce_teacher_missing_mass_std=0.084556
09/05/2026,07:30:36: Training...
09/05/2026,07:30:37: Evaluating...
09/05/2026,07:30:37: 	Train Loss: 3443992.0000 (base: 173.5125, kd: 6887.6362), Elapsed: train 2.45 test 0.26
09/05/2026,07:30:37: 	Recall@10: 0.06828 Recall@20: 0.10193 NDCG@10: 0.04098 NDCG@20: 0.05029 
09/05/2026,07:30:37: 	Recall@10: 0.02610 Recall@20: 0.04298 NDCG@10: 0.01455 NDCG@20: 0.01921 
09/05/2026,07:30:37: Epoch [181/1000]
09/05/2026,07:30:37: Negative sampling...
09/05/2026,07:30:38: Model's personal time...
09/05/2026,07:30:38: Model diagnostics: arce_anchor_count_mean=36.594173, arce_blocker_budget_mean=13.405825, arce_blocker_entropy_mean=3.391384, arce_closure_difficulty_mean=0.480151, arce_closure_difficulty_std=0.247158, arce_gamma_effective_beta=3.000000, arce_gamma_max=0.582748, arce_gamma_mean=0.120891, arce_gamma_min=0.049787, arce_gamma_mode=sample_overlap, arce_gamma_reassignment_l1_mean=0.000000, arce_gamma_std=0.054593, arce_sample_gamma_mean=0.120891, arce_sampled_teacher_overlap_mean=0.731883, arce_sampler=marginal, arce_sampling_power=4.000000, arce_teacher_missing_mass_mean=0.135507, arce_teacher_missing_mass_std=0.084429
09/05/2026,07:30:38: Training...
09/05/2026,07:30:39: Evaluating...
09/05/2026,07:30:40: 	Train Loss: 3443375.0000 (base: 175.2337, kd: 6886.3999), Elapsed: train 2.41 test 0.26
09/05/2026,07:30:40: 	Recall@10: 0.06850 Recall@20: 0.10146 NDCG@10: 0.04129 NDCG@20: 0.05049 
09/05/2026,07:30:40: 	Recall@10: 0.02674 Recall@20: 0.04313 NDCG@10: 0.01469 NDCG@20: 0.01921 
09/05/2026,07:30:40: Epoch [182/1000]
09/05/2026,07:30:40: Negative sampling...
09/05/2026,07:30:41: Model's personal time...
09/05/2026,07:30:41: Model diagnostics: arce_anchor_count_mean=36.613525, arce_blocker_budget_mean=13.386473, arce_blocker_entropy_mean=3.388212, arce_closure_difficulty_mean=0.479283, arce_closure_difficulty_std=0.246909, arce_gamma_effective_beta=3.000000, arce_gamma_max=0.582748, arce_gamma_mean=0.120764, arce_gamma_min=0.049787, arce_gamma_mode=sample_overlap, arce_gamma_reassignment_l1_mean=0.000000, arce_gamma_std=0.054621, arce_sample_gamma_mean=0.120764, arce_sampled_teacher_overlap_mean=0.732271, arce_sampler=marginal, arce_sampling_power=4.000000, arce_teacher_missing_mass_mean=0.135229, arce_teacher_missing_mass_std=0.084402
09/05/2026,07:30:41: Training...
09/05/2026,07:30:42: Evaluating...
09/05/2026,07:30:42: 	Train Loss: 3444080.2500 (base: 171.1462, kd: 6887.8188), Elapsed: train 2.50 test 0.26
09/05/2026,07:30:42: 	Recall@10: 0.06875 Recall@20: 0.10251 NDCG@10: 0.04126 NDCG@20: 0.05057 
09/05/2026,07:30:42: 	Recall@10: 0.02634 Recall@20: 0.04264 NDCG@10: 0.01461 NDCG@20: 0.01910 
09/05/2026,07:30:42: Epoch [183/1000]
09/05/2026,07:30:42: Negative sampling...
09/05/2026,07:30:44: Model's personal time...
09/05/2026,07:30:44: Model diagnostics: arce_anchor_count_mean=36.645718, arce_blocker_budget_mean=13.354282, arce_blocker_entropy_mean=3.391317, arce_closure_difficulty_mean=0.478529, arce_closure_difficulty_std=0.246878, arce_gamma_effective_beta=3.000000, arce_gamma_max=0.582748, arce_gamma_mean=0.120484, arce_gamma_min=0.049787, arce_gamma_mode=sample_overlap, arce_gamma_reassignment_l1_mean=0.000000, arce_gamma_std=0.054314, arce_sample_gamma_mean=0.120484, arce_sampled_teacher_overlap_mean=0.732914, arce_sampler=marginal, arce_sampling_power=4.000000, arce_teacher_missing_mass_mean=0.134866, arce_teacher_missing_mass_std=0.084236
09/05/2026,07:30:44: Training...
09/05/2026,07:30:45: Evaluating...
09/05/2026,07:30:45: 	Train Loss: 3443649.2500 (base: 170.0444, kd: 6886.9585), Elapsed: train 2.58 test 0.26
09/05/2026,07:30:45: 	Recall@10: 0.06912 Recall@20: 0.10116 NDCG@10: 0.04133 NDCG@20: 0.05018 
09/05/2026,07:30:45: 	Recall@10: 0.02655 Recall@20: 0.04317 NDCG@10: 0.01474 NDCG@20: 0.01930 
09/05/2026,07:30:45: ------------------------------
09/05/2026,07:30:45: valid Recall@10: 0.06847 Recall@20: 0.10350 NDCG@10: 0.04097 NDCG@20: 0.05062
09/05/2026,07:30:45: test Recall@10: 0.02748 Recall@20: 0.04215 NDCG@10: 0.01516 NDCG@20: 0.01916
