----------------------------------------TEACHER----------------------------------------
init_std                                 0.01
embedding_dim                            400
----------------------------------------TEACHER----------------------------------------
----------------------------------------STUDENT----------------------------------------
init_std                                 0.01
embedding_dim                            20
----------------------------------------STUDENT----------------------------------------
----------------------------------------ARGUMENTS----------------------------------------
run_all                                  False
seed                                     0
gpu_id                                   0
no_log                                   False
no_save                                  False
suffix                                   anchor_marginal_logq01_es20
verbose                                  False
ablation                                 False
task                                     rec
dataset                                  citeulike
batch_size                               2048
num_ns                                   1
neg_sampling_on_all                      False
T_backbone                               bpr
S_backbone                               bpr
model                                    arcekd
preload                                  False
postsave                                 False
train_teacher                            False
ckpt_interval                            -1
epochs                                   1000
lr                                       0.001
wd                                       1e-05
lmbda                                    500
srce_alpha                               1.0
srce_s                                   20.0
srce_eta                                 1.0
srce_Lu                                  20
srce_mode                                union
srce_kappa                               0.0
eval_period                              1
K_list                                   [10, 20]
early_stop_metric                        NDCG
early_stop_K                             20
early_stop_patience                      30
LOG_DIR                                  logs/
CONFIG_DIR                               configs/
DATA_DIR                                 data/
CKPT_DIR                                 checkpoints/
CRAFT_DIR                                crafts/
mkd_tau                                  1
mkd_K                                    50
mkd_L                                    50
mkd_T                                    10
mkd_mxK                                  200
mkd_beta                                 3
sample_rank                              False
arce_sampler                             marginal
arce_mix_alpha                           0.9
arce_sampling_power                      1.0
arce_gamma_mode                          sample_overlap
arce_logq_lambda                         0.1
----------------------------------------ARGUMENTS----------------------------------------
----------------------------------------Teacher----------------------------------------
09/05/2026,08:12:40: ------------------------------
09/05/2026,08:12:40: valid Recall@10: 0.06778 Recall@20: 0.10315 NDCG@10: 0.04052 NDCG@20: 0.05027
09/05/2026,08:12:40: test Recall@10: 0.02747 Recall@20: 0.04385 NDCG@10: 0.01551 NDCG@20: 0.02003
----------------------------------------------------------------------------------------
09/05/2026,08:12:40: Epoch [1/1000]
09/05/2026,08:12:40: Negative sampling...
09/05/2026,08:12:41: Model's personal time...
09/05/2026,08:12:42: Model diagnostics: arce_anchor_count_mean=0.112665, arce_blocker_budget_mean=49.887333, arce_blocker_entropy_mean=5.296090, arce_blocker_inclusion_mean=0.250013, arce_closure_difficulty_mean=1.604772, arce_closure_difficulty_std=0.018529, arce_gamma_effective_beta=3.000000, arce_gamma_max=1.000000, arce_gamma_mean=0.993461, arce_gamma_min=0.835270, arce_gamma_mode=sample_overlap, arce_gamma_reassignment_l1_mean=0.000000, arce_gamma_std=0.019448, arce_logq_lambda=0.100000, arce_sample_gamma_mean=0.993461, arce_sampled_teacher_overlap_mean=0.002253, arce_sampler=marginal, arce_sampling_power=1.000000, arce_teacher_missing_mass_mean=0.997778, arce_teacher_missing_mass_std=0.011310
09/05/2026,08:12:42: Training...
09/05/2026,08:12:43: Evaluating...
09/05/2026,08:12:43: 	Train Loss: 4702036.5000 (base: 1390.9199, kd: 9401.2910), Elapsed: train 2.76 test 0.31 *
09/05/2026,08:12:43: 	Recall@10: 0.01760 Recall@20: 0.02670 NDCG@10: 0.01171 NDCG@20: 0.01421 
09/05/2026,08:12:43: 	Recall@10: 0.00772 Recall@20: 0.01119 NDCG@10: 0.00464 NDCG@20: 0.00559 
09/05/2026,08:12:43: Epoch [2/1000]
09/05/2026,08:12:43: Negative sampling...
09/05/2026,08:12:44: Model's personal time...
09/05/2026,08:12:44: Model diagnostics: arce_anchor_count_mean=7.095420, arce_blocker_budget_mean=42.904579, arce_blocker_entropy_mean=5.229474, arce_blocker_inclusion_mean=0.233573, arce_closure_difficulty_mean=1.149717, arce_closure_difficulty_std=0.287434, arce_gamma_effective_beta=3.000000, arce_gamma_max=1.000000, arce_gamma_mean=0.693510, arce_gamma_min=0.138069, arce_gamma_mode=sample_overlap, arce_gamma_reassignment_l1_mean=0.000000, arce_gamma_std=0.215608, arce_logq_lambda=0.100000, arce_sample_gamma_mean=0.693510, arce_sampled_teacher_overlap_mean=0.141908, arce_sampler=marginal, arce_sampling_power=1.000000, arce_teacher_missing_mass_mean=0.706373, arce_teacher_missing_mass_std=0.201109
09/05/2026,08:12:44: Training...
09/05/2026,08:12:46: Evaluating...
09/05/2026,08:12:46: 	Train Loss: 4301661.5000 (base: 1381.3887, kd: 8600.5596), Elapsed: train 2.59 test 0.27 *
09/05/2026,08:12:46: 	Recall@10: 0.03424 Recall@20: 0.04747 NDCG@10: 0.02177 NDCG@20: 0.02534 
09/05/2026,08:12:46: 	Recall@10: 0.01323 Recall@20: 0.02208 NDCG@10: 0.00793 NDCG@20: 0.01035 
09/05/2026,08:12:46: Epoch [3/1000]
09/05/2026,08:12:46: Negative sampling...
09/05/2026,08:12:47: Model's personal time...
09/05/2026,08:12:47: Model diagnostics: arce_anchor_count_mean=12.111898, arce_blocker_budget_mean=37.888100, arce_blocker_entropy_mean=5.196285, arce_blocker_inclusion_mean=0.215675, arce_closure_difficulty_mean=1.020523, arce_closure_difficulty_std=0.271220, arce_gamma_effective_beta=3.000000, arce_gamma_max=1.000000, arce_gamma_mean=0.523017, arce_gamma_min=0.138069, arce_gamma_mode=sample_overlap, arce_gamma_reassignment_l1_mean=0.000000, arce_gamma_std=0.201319, arce_logq_lambda=0.100000, arce_sample_gamma_mean=0.523017, arce_sampled_teacher_overlap_mean=0.242238, arce_sampler=marginal, arce_sampling_power=1.000000, arce_teacher_missing_mass_mean=0.592983, arce_teacher_missing_mass_std=0.189160
09/05/2026,08:12:47: Training...
09/05/2026,08:12:48: Evaluating...
09/05/2026,08:12:49: 	Train Loss: 4188958.0000 (base: 1363.5663, kd: 8375.1895), Elapsed: train 2.55 test 0.26 *
09/05/2026,08:12:49: 	Recall@10: 0.03518 Recall@20: 0.04780 NDCG@10: 0.02301 NDCG@20: 0.02640 
09/05/2026,08:12:49: 	Recall@10: 0.01501 Recall@20: 0.02167 NDCG@10: 0.00892 NDCG@20: 0.01080 
09/05/2026,08:12:49: Epoch [4/1000]
09/05/2026,08:12:49: Negative sampling...
09/05/2026,08:12:50: Model's personal time...
09/05/2026,08:12:50: Model diagnostics: arce_anchor_count_mean=12.218049, arce_blocker_budget_mean=37.781952, arce_blocker_entropy_mean=5.194983, arce_blocker_inclusion_mean=0.214375, arce_closure_difficulty_mean=1.029926, arce_closure_difficulty_std=0.257064, arce_gamma_effective_beta=3.000000, arce_gamma_max=1.000000, arce_gamma_mean=0.510723, arce_gamma_min=0.165299, arce_gamma_mode=sample_overlap, arce_gamma_reassignment_l1_mean=0.000000, arce_gamma_std=0.177890, arce_logq_lambda=0.100000, arce_sample_gamma_mean=0.510723, arce_sampled_teacher_overlap_mean=0.244361, arce_sampler=marginal, arce_sampling_power=1.000000, arce_teacher_missing_mass_mean=0.588724, arce_teacher_missing_mass_std=0.175446
09/05/2026,08:12:50: Training...
09/05/2026,08:12:51: Evaluating...
09/05/2026,08:12:52: 	Train Loss: 4109413.7500 (base: 1339.8048, kd: 8216.1475), Elapsed: train 2.57 test 0.26 *
09/05/2026,08:12:52: 	Recall@10: 0.03676 Recall@20: 0.05270 NDCG@10: 0.02397 NDCG@20: 0.02833 
09/05/2026,08:12:52: 	Recall@10: 0.01404 Recall@20: 0.02249 NDCG@10: 0.00874 NDCG@20: 0.01115 
09/05/2026,08:12:52: Epoch [5/1000]
09/05/2026,08:12:52: Negative sampling...
09/05/2026,08:12:53: Model's personal time...
09/05/2026,08:12:53: Model diagnostics: arce_anchor_count_mean=14.027592, arce_blocker_budget_mean=35.972408, arce_blocker_entropy_mean=5.183718, arce_blocker_inclusion_mean=0.207906, arce_closure_difficulty_mean=1.010935, arce_closure_difficulty_std=0.266685, arce_gamma_effective_beta=3.000000, arce_gamma_max=1.000000, arce_gamma_mean=0.464777, arce_gamma_min=0.138069, arce_gamma_mode=sample_overlap, arce_gamma_reassignment_l1_mean=0.000000, arce_gamma_std=0.181797, arce_logq_lambda=0.100000, arce_sample_gamma_mean=0.464777, arce_sampled_teacher_overlap_mean=0.280552, arce_sampler=marginal, arce_sampling_power=1.000000, arce_teacher_missing_mass_mean=0.558071, arce_teacher_missing_mass_std=0.179362
09/05/2026,08:12:53: Training...
09/05/2026,08:12:54: Evaluating...
09/05/2026,08:12:54: 	Train Loss: 4000213.5000 (base: 1306.5981, kd: 7997.8135), Elapsed: train 2.69 test 0.27 *
09/05/2026,08:12:54: 	Recall@10: 0.03991 Recall@20: 0.05613 NDCG@10: 0.02482 NDCG@20: 0.02922 
09/05/2026,08:12:54: 	Recall@10: 0.01597 Recall@20: 0.02296 NDCG@10: 0.00913 NDCG@20: 0.01110 
09/05/2026,08:12:54: Epoch [6/1000]
09/05/2026,08:12:54: Negative sampling...
09/05/2026,08:12:56: Model's personal time...
09/05/2026,08:12:56: Model diagnostics: arce_anchor_count_mean=14.921058, arce_blocker_budget_mean=35.078941, arce_blocker_entropy_mean=5.176689, arce_blocker_inclusion_mean=0.204714, arce_closure_difficulty_mean=1.005141, arce_closure_difficulty_std=0.272037, arce_gamma_effective_beta=3.000000, arce_gamma_max=1.000000, arce_gamma_mean=0.441771, arce_gamma_min=0.122456, arce_gamma_mode=sample_overlap, arce_gamma_reassignment_l1_mean=0.000000, arce_gamma_std=0.178000, arce_logq_lambda=0.100000, arce_sample_gamma_mean=0.441771, arce_sampled_teacher_overlap_mean=0.298421, arce_sampler=marginal, arce_sampling_power=1.000000, arce_teacher_missing_mass_mean=0.540289, arce_teacher_missing_mass_std=0.178653
09/05/2026,08:12:56: Training...
09/05/2026,08:12:57: Evaluating...
09/05/2026,08:12:57: 	Train Loss: 3902056.0000 (base: 1269.9349, kd: 7801.5718), Elapsed: train 2.61 test 0.26 *
09/05/2026,08:12:57: 	Recall@10: 0.04182 Recall@20: 0.05835 NDCG@10: 0.02600 NDCG@20: 0.03054 
09/05/2026,08:12:57: 	Recall@10: 0.01598 Recall@20: 0.02564 NDCG@10: 0.00906 NDCG@20: 0.01170 
09/05/2026,08:12:57: Epoch [7/1000]
09/05/2026,08:12:57: Negative sampling...
09/05/2026,08:12:59: Model's personal time...
09/05/2026,08:12:59: Model diagnostics: arce_anchor_count_mean=15.978156, arce_blocker_budget_mean=34.021843, arce_blocker_entropy_mean=5.165253, arce_blocker_inclusion_mean=0.201667, arce_closure_difficulty_mean=0.993966, arce_closure_difficulty_std=0.281516, arce_gamma_effective_beta=3.000000, arce_gamma_max=1.000000, arce_gamma_mean=0.418536, arce_gamma_min=0.122456, arce_gamma_mode=sample_overlap, arce_gamma_reassignment_l1_mean=0.000000, arce_gamma_std=0.179835, arce_logq_lambda=0.100000, arce_sample_gamma_mean=0.418536, arce_sampled_teacher_overlap_mean=0.319563, arce_sampler=marginal, arce_sampling_power=1.000000, arce_teacher_missing_mass_mean=0.520886, arce_teacher_missing_mass_std=0.180831
09/05/2026,08:12:59: Training...
09/05/2026,08:13:00: Evaluating...
09/05/2026,08:13:01: 	Train Loss: 3814943.2500 (base: 1227.1974, kd: 7627.4321), Elapsed: train 2.88 test 0.26 *
09/05/2026,08:13:01: 	Recall@10: 0.04259 Recall@20: 0.05938 NDCG@10: 0.02659 NDCG@20: 0.03118 
09/05/2026,08:13:01: 	Recall@10: 0.01683 Recall@20: 0.02542 NDCG@10: 0.00919 NDCG@20: 0.01159 
09/05/2026,08:13:01: Epoch [8/1000]
09/05/2026,08:13:01: Negative sampling...
09/05/2026,08:13:02: Model's personal time...
09/05/2026,08:13:02: Model diagnostics: arce_anchor_count_mean=17.023567, arce_blocker_budget_mean=32.976433, arce_blocker_entropy_mean=5.154686, arce_blocker_inclusion_mean=0.199085, arce_closure_difficulty_mean=0.984296, arce_closure_difficulty_std=0.290956, arce_gamma_effective_beta=3.000000, arce_gamma_max=1.000000, arce_gamma_mean=0.397238, arce_gamma_min=0.108609, arce_gamma_mode=sample_overlap, arce_gamma_reassignment_l1_mean=0.000000, arce_gamma_std=0.180446, arce_logq_lambda=0.100000, arce_sample_gamma_mean=0.397238, arce_sampled_teacher_overlap_mean=0.340471, arce_sampler=marginal, arce_sampling_power=1.000000, arce_teacher_missing_mass_mean=0.503136, arce_teacher_missing_mass_std=0.184235
09/05/2026,08:13:02: Training...
09/05/2026,08:13:03: Evaluating...
09/05/2026,08:13:04: 	Train Loss: 3745737.5000 (base: 1182.9277, kd: 7489.1089), Elapsed: train 2.70 test 0.29 *
09/05/2026,08:13:04: 	Recall@10: 0.04472 Recall@20: 0.06177 NDCG@10: 0.02737 NDCG@20: 0.03203 
09/05/2026,08:13:04: 	Recall@10: 0.01789 Recall@20: 0.02662 NDCG@10: 0.00953 NDCG@20: 0.01194 
09/05/2026,08:13:04: Epoch [9/1000]
09/05/2026,08:13:04: Negative sampling...
09/05/2026,08:13:05: Model's personal time...
09/05/2026,08:13:05: Model diagnostics: arce_anchor_count_mean=17.918566, arce_blocker_budget_mean=32.081432, arce_blocker_entropy_mean=5.144008, arce_blocker_inclusion_mean=0.196938, arce_closure_difficulty_mean=0.974117, arce_closure_difficulty_std=0.296660, arce_gamma_effective_beta=3.000000, arce_gamma_max=1.000000, arce_gamma_mean=0.378077, arce_gamma_min=0.102284, arce_gamma_mode=sample_overlap, arce_gamma_reassignment_l1_mean=0.000000, arce_gamma_std=0.178201, arce_logq_lambda=0.100000, arce_sample_gamma_mean=0.378077, arce_sampled_teacher_overlap_mean=0.358371, arce_sampler=marginal, arce_sampling_power=1.000000, arce_teacher_missing_mass_mean=0.486510, arce_teacher_missing_mass_std=0.184583
09/05/2026,08:13:05: Training...
09/05/2026,08:13:06: Evaluating...
09/05/2026,08:13:06: 	Train Loss: 3693044.7500 (base: 1135.2517, kd: 7383.8193), Elapsed: train 2.63 test 0.27 *
09/05/2026,08:13:06: 	Recall@10: 0.04692 Recall@20: 0.06569 NDCG@10: 0.02829 NDCG@20: 0.03344 
09/05/2026,08:13:06: 	Recall@10: 0.01878 Recall@20: 0.02857 NDCG@10: 0.01000 NDCG@20: 0.01272 
09/05/2026,08:13:06: Epoch [10/1000]
09/05/2026,08:13:06: Negative sampling...
09/05/2026,08:13:08: Model's personal time...
09/05/2026,08:13:08: Model diagnostics: arce_anchor_count_mean=19.000574, arce_blocker_budget_mean=30.999424, arce_blocker_entropy_mean=5.132743, arce_blocker_inclusion_mean=0.193886, arce_closure_difficulty_mean=0.959810, arce_closure_difficulty_std=0.304865, arce_gamma_effective_beta=3.000000, arce_gamma_max=1.000000, arce_gamma_mean=0.357694, arce_gamma_min=0.096328, arce_gamma_mode=sample_overlap, arce_gamma_reassignment_l1_mean=0.000000, arce_gamma_std=0.176953, arce_logq_lambda=0.100000, arce_sample_gamma_mean=0.357694, arce_sampled_teacher_overlap_mean=0.380011, arce_sampler=marginal, arce_sampling_power=1.000000, arce_teacher_missing_mass_mean=0.467097, arce_teacher_missing_mass_std=0.185744
09/05/2026,08:13:08: Training...
09/05/2026,08:13:09: Evaluating...
09/05/2026,08:13:09: 	Train Loss: 3652470.7500 (base: 1087.7937, kd: 7302.7666), Elapsed: train 2.59 test 0.26 *
09/05/2026,08:13:09: 	Recall@10: 0.04799 Recall@20: 0.06712 NDCG@10: 0.02896 NDCG@20: 0.03422 
09/05/2026,08:13:09: 	Recall@10: 0.02020 Recall@20: 0.02907 NDCG@10: 0.01073 NDCG@20: 0.01317 
09/05/2026,08:13:09: Epoch [11/1000]
09/05/2026,08:13:09: Negative sampling...
09/05/2026,08:13:11: Model's personal time...
09/05/2026,08:13:11: Model diagnostics: arce_anchor_count_mean=19.866257, arce_blocker_budget_mean=30.133741, arce_blocker_entropy_mean=5.122472, arce_blocker_inclusion_mean=0.192030, arce_closure_difficulty_mean=0.947195, arce_closure_difficulty_std=0.309737, arce_gamma_effective_beta=3.000000, arce_gamma_max=1.000000, arce_gamma_mean=0.341998, arce_gamma_min=0.090718, arce_gamma_mode=sample_overlap, arce_gamma_reassignment_l1_mean=0.000000, arce_gamma_std=0.175368, arce_logq_lambda=0.100000, arce_sample_gamma_mean=0.341998, arce_sampled_teacher_overlap_mean=0.397325, arce_sampler=marginal, arce_sampling_power=1.000000, arce_teacher_missing_mass_mean=0.451308, arce_teacher_missing_mass_std=0.185873
09/05/2026,08:13:11: Training...
09/05/2026,08:13:12: Evaluating...
09/05/2026,08:13:12: 	Train Loss: 3621303.5000 (base: 1042.2091, kd: 7240.5220), Elapsed: train 2.71 test 0.26 *
09/05/2026,08:13:12: 	Recall@10: 0.04980 Recall@20: 0.07106 NDCG@10: 0.03039 NDCG@20: 0.03614 
09/05/2026,08:13:12: 	Recall@10: 0.02019 Recall@20: 0.03027 NDCG@10: 0.01100 NDCG@20: 0.01378 
09/05/2026,08:13:12: Epoch [12/1000]
09/05/2026,08:13:12: Negative sampling...
09/05/2026,08:13:14: Model's personal time...
09/05/2026,08:13:14: Model diagnostics: arce_anchor_count_mean=20.684614, arce_blocker_budget_mean=29.315386, arce_blocker_entropy_mean=5.113725, arce_blocker_inclusion_mean=0.189642, arce_closure_difficulty_mean=0.934332, arce_closure_difficulty_std=0.314776, arce_gamma_effective_beta=3.000000, arce_gamma_max=1.000000, arce_gamma_mean=0.327099, arce_gamma_min=0.080460, arce_gamma_mode=sample_overlap, arce_gamma_reassignment_l1_mean=0.000000, arce_gamma_std=0.171797, arce_logq_lambda=0.100000, arce_sample_gamma_mean=0.327099, arce_sampled_teacher_overlap_mean=0.413692, arce_sampler=marginal, arce_sampling_power=1.000000, arce_teacher_missing_mass_mean=0.436250, arce_teacher_missing_mass_std=0.186285
09/05/2026,08:13:14: Training...
09/05/2026,08:13:15: Evaluating...
09/05/2026,08:13:15: 	Train Loss: 3597445.2500 (base: 998.1093, kd: 7192.8940), Elapsed: train 2.49 test 0.26 *
09/05/2026,08:13:15: 	Recall@10: 0.05124 Recall@20: 0.07216 NDCG@10: 0.03097 NDCG@20: 0.03671 
09/05/2026,08:13:15: 	Recall@10: 0.02176 Recall@20: 0.03219 NDCG@10: 0.01159 NDCG@20: 0.01438 
09/05/2026,08:13:15: Epoch [13/1000]
09/05/2026,08:13:15: Negative sampling...
09/05/2026,08:13:16: Model's personal time...
09/05/2026,08:13:16: Model diagnostics: arce_anchor_count_mean=21.433800, arce_blocker_budget_mean=28.566200, arce_blocker_entropy_mean=5.103967, arce_blocker_inclusion_mean=0.187841, arce_closure_difficulty_mean=0.919778, arce_closure_difficulty_std=0.316931, arce_gamma_effective_beta=3.000000, arce_gamma_max=1.000000, arce_gamma_mean=0.313504, arce_gamma_min=0.075774, arce_gamma_mode=sample_overlap, arce_gamma_reassignment_l1_mean=0.000000, arce_gamma_std=0.167592, arce_logq_lambda=0.100000, arce_sample_gamma_mean=0.313504, arce_sampled_teacher_overlap_mean=0.428676, arce_sampler=marginal, arce_sampling_power=1.000000, arce_teacher_missing_mass_mean=0.421962, arce_teacher_missing_mass_std=0.184916
09/05/2026,08:13:16: Training...
09/05/2026,08:13:18: Evaluating...
09/05/2026,08:13:18: 	Train Loss: 3576467.7500 (base: 957.1644, kd: 7151.0215), Elapsed: train 2.65 test 0.28 *
09/05/2026,08:13:18: 	Recall@10: 0.05213 Recall@20: 0.07332 NDCG@10: 0.03150 NDCG@20: 0.03734 
09/05/2026,08:13:18: 	Recall@10: 0.02150 Recall@20: 0.03227 NDCG@10: 0.01171 NDCG@20: 0.01465 
09/05/2026,08:13:18: Epoch [14/1000]
09/05/2026,08:13:18: Negative sampling...
09/05/2026,08:13:19: Model's personal time...
09/05/2026,08:13:19: Model diagnostics: arce_anchor_count_mean=22.102510, arce_blocker_budget_mean=27.897490, arce_blocker_entropy_mean=5.096174, arce_blocker_inclusion_mean=0.185704, arce_closure_difficulty_mean=0.906984, arce_closure_difficulty_std=0.318330, arce_gamma_effective_beta=3.000000, arce_gamma_max=1.000000, arce_gamma_mean=0.301908, arce_gamma_min=0.080460, arce_gamma_mode=sample_overlap, arce_gamma_reassignment_l1_mean=0.000000, arce_gamma_std=0.163891, arce_logq_lambda=0.100000, arce_sample_gamma_mean=0.301908, arce_sampled_teacher_overlap_mean=0.442050, arce_sampler=marginal, arce_sampling_power=1.000000, arce_teacher_missing_mass_mean=0.409023, arce_teacher_missing_mass_std=0.183539
09/05/2026,08:13:19: Training...
09/05/2026,08:13:20: Evaluating...
09/05/2026,08:13:21: 	Train Loss: 3558686.0000 (base: 918.1705, kd: 7115.5352), Elapsed: train 2.57 test 0.27 *
09/05/2026,08:13:21: 	Recall@10: 0.05340 Recall@20: 0.07483 NDCG@10: 0.03219 NDCG@20: 0.03802 
09/05/2026,08:13:21: 	Recall@10: 0.02231 Recall@20: 0.03332 NDCG@10: 0.01204 NDCG@20: 0.01500 
09/05/2026,08:13:21: Epoch [15/1000]
09/05/2026,08:13:21: Negative sampling...
09/05/2026,08:13:22: Model's personal time...
09/05/2026,08:13:22: Model diagnostics: arce_anchor_count_mean=22.711246, arce_blocker_budget_mean=27.288752, arce_blocker_entropy_mean=5.089204, arce_blocker_inclusion_mean=0.184338, arce_closure_difficulty_mean=0.894659, arce_closure_difficulty_std=0.320935, arce_gamma_effective_beta=3.000000, arce_gamma_max=1.000000, arce_gamma_mean=0.291927, arce_gamma_min=0.067206, arce_gamma_mode=sample_overlap, arce_gamma_reassignment_l1_mean=0.000000, arce_gamma_std=0.160274, arce_logq_lambda=0.100000, arce_sample_gamma_mean=0.291927, arce_sampled_teacher_overlap_mean=0.454225, arce_sampler=marginal, arce_sampling_power=1.000000, arce_teacher_missing_mass_mean=0.397363, arce_teacher_missing_mass_std=0.182505
09/05/2026,08:13:22: Training...
09/05/2026,08:13:23: Evaluating...
09/05/2026,08:13:24: 	Train Loss: 3544399.5000 (base: 882.0683, kd: 7087.0356), Elapsed: train 2.65 test 0.25 *
09/05/2026,08:13:24: 	Recall@10: 0.05454 Recall@20: 0.07690 NDCG@10: 0.03310 NDCG@20: 0.03920 
09/05/2026,08:13:24: 	Recall@10: 0.02282 Recall@20: 0.03274 NDCG@10: 0.01251 NDCG@20: 0.01519 
09/05/2026,08:13:24: Epoch [16/1000]
09/05/2026,08:13:24: Negative sampling...
09/05/2026,08:13:25: Model's personal time...
09/05/2026,08:13:25: Model diagnostics: arce_anchor_count_mean=23.270357, arce_blocker_budget_mean=26.729641, arce_blocker_entropy_mean=5.080540, arce_blocker_inclusion_mean=0.182438, arce_closure_difficulty_mean=0.881886, arce_closure_difficulty_std=0.321985, arce_gamma_effective_beta=3.000000, arce_gamma_max=1.000000, arce_gamma_mean=0.282374, arce_gamma_min=0.071361, arce_gamma_mode=sample_overlap, arce_gamma_reassignment_l1_mean=0.000000, arce_gamma_std=0.156482, arce_logq_lambda=0.100000, arce_sample_gamma_mean=0.282374, arce_sampled_teacher_overlap_mean=0.465407, arce_sampler=marginal, arce_sampling_power=1.000000, arce_teacher_missing_mass_mean=0.386138, arce_teacher_missing_mass_std=0.180666
09/05/2026,08:13:25: Training...
09/05/2026,08:13:26: Evaluating...
09/05/2026,08:13:27: 	Train Loss: 3533460.2500 (base: 847.9415, kd: 7065.2241), Elapsed: train 2.77 test 0.27 *
09/05/2026,08:13:27: 	Recall@10: 0.05560 Recall@20: 0.07920 NDCG@10: 0.03363 NDCG@20: 0.04003 
09/05/2026,08:13:27: 	Recall@10: 0.02391 Recall@20: 0.03327 NDCG@10: 0.01301 NDCG@20: 0.01550 
09/05/2026,08:13:27: Epoch [17/1000]
09/05/2026,08:13:27: Negative sampling...
09/05/2026,08:13:28: Model's personal time...
09/05/2026,08:13:28: Model diagnostics: arce_anchor_count_mean=23.805136, arce_blocker_budget_mean=26.194864, arce_blocker_entropy_mean=5.076041, arce_blocker_inclusion_mean=0.180666, arce_closure_difficulty_mean=0.869005, arce_closure_difficulty_std=0.322018, arce_gamma_effective_beta=3.000000, arce_gamma_max=1.000000, arce_gamma_mean=0.274031, arce_gamma_min=0.063292, arce_gamma_mode=sample_overlap, arce_gamma_reassignment_l1_mean=0.000000, arce_gamma_std=0.153006, arce_logq_lambda=0.100000, arce_sample_gamma_mean=0.274031, arce_sampled_teacher_overlap_mean=0.476103, arce_sampler=marginal, arce_sampling_power=1.000000, arce_teacher_missing_mass_mean=0.374807, arce_teacher_missing_mass_std=0.178265
09/05/2026,08:13:28: Training...
09/05/2026,08:13:29: Evaluating...
09/05/2026,08:13:29: 	Train Loss: 3522652.0000 (base: 818.3925, kd: 7043.6675), Elapsed: train 2.51 test 0.27 *
09/05/2026,08:13:29: 	Recall@10: 0.05670 Recall@20: 0.08102 NDCG@10: 0.03408 NDCG@20: 0.04067 
09/05/2026,08:13:29: 	Recall@10: 0.02349 Recall@20: 0.03314 NDCG@10: 0.01291 NDCG@20: 0.01549 
09/05/2026,08:13:29: Epoch [18/1000]
09/05/2026,08:13:29: Negative sampling...
09/05/2026,08:13:31: Model's personal time...
09/05/2026,08:13:31: Model diagnostics: arce_anchor_count_mean=24.290668, arce_blocker_budget_mean=25.709332, arce_blocker_entropy_mean=5.069839, arce_blocker_inclusion_mean=0.178841, arce_closure_difficulty_mean=0.858246, arce_closure_difficulty_std=0.321178, arce_gamma_effective_beta=3.000000, arce_gamma_max=1.000000, arce_gamma_mean=0.265866, arce_gamma_min=0.063292, arce_gamma_mode=sample_overlap, arce_gamma_reassignment_l1_mean=0.000000, arce_gamma_std=0.148755, arce_logq_lambda=0.100000, arce_sample_gamma_mean=0.265866, arce_sampled_teacher_overlap_mean=0.485813, arce_sampler=marginal, arce_sampling_power=1.000000, arce_teacher_missing_mass_mean=0.364572, arce_teacher_missing_mass_std=0.174985
09/05/2026,08:13:31: Training...
09/05/2026,08:13:32: Evaluating...
09/05/2026,08:13:32: 	Train Loss: 3514239.5000 (base: 790.6467, kd: 7026.8979), Elapsed: train 2.56 test 0.26 *
09/05/2026,08:13:32: 	Recall@10: 0.05684 Recall@20: 0.08138 NDCG@10: 0.03423 NDCG@20: 0.04082 
09/05/2026,08:13:32: 	Recall@10: 0.02348 Recall@20: 0.03412 NDCG@10: 0.01303 NDCG@20: 0.01588 
09/05/2026,08:13:32: Epoch [19/1000]
09/05/2026,08:13:32: Negative sampling...
09/05/2026,08:13:34: Model's personal time...
09/05/2026,08:13:34: Model diagnostics: arce_anchor_count_mean=24.674076, arce_blocker_budget_mean=25.325924, arce_blocker_entropy_mean=5.065522, arce_blocker_inclusion_mean=0.177291, arce_closure_difficulty_mean=0.848663, arce_closure_difficulty_std=0.321741, arce_gamma_effective_beta=3.000000, arce_gamma_max=1.000000, arce_gamma_mean=0.260314, arce_gamma_min=0.063292, arce_gamma_mode=sample_overlap, arce_gamma_reassignment_l1_mean=0.000000, arce_gamma_std=0.146505, arce_logq_lambda=0.100000, arce_sample_gamma_mean=0.260314, arce_sampled_teacher_overlap_mean=0.493481, arce_sampler=marginal, arce_sampling_power=1.000000, arce_teacher_missing_mass_mean=0.356241, arce_teacher_missing_mass_std=0.173261
09/05/2026,08:13:34: Training...
09/05/2026,08:13:35: Evaluating...
09/05/2026,08:13:35: 	Train Loss: 3505948.7500 (base: 764.9183, kd: 7010.3672), Elapsed: train 2.53 test 0.26 *
09/05/2026,08:13:35: 	Recall@10: 0.05749 Recall@20: 0.08168 NDCG@10: 0.03452 NDCG@20: 0.04111 
09/05/2026,08:13:35: 	Recall@10: 0.02358 Recall@20: 0.03386 NDCG@10: 0.01315 NDCG@20: 0.01589 
09/05/2026,08:13:35: Epoch [20/1000]
09/05/2026,08:13:35: Negative sampling...
09/05/2026,08:13:36: Model's personal time...
09/05/2026,08:13:36: Model diagnostics: arce_anchor_count_mean=25.025101, arce_blocker_budget_mean=24.974899, arce_blocker_entropy_mean=5.059727, arce_blocker_inclusion_mean=0.176846, arce_closure_difficulty_mean=0.839539, arce_closure_difficulty_std=0.320706, arce_gamma_effective_beta=3.000000, arce_gamma_max=1.000000, arce_gamma_mean=0.254565, arce_gamma_min=0.063292, arce_gamma_mode=sample_overlap, arce_gamma_reassignment_l1_mean=0.000000, arce_gamma_std=0.143036, arce_logq_lambda=0.100000, arce_sample_gamma_mean=0.254565, arce_sampled_teacher_overlap_mean=0.500502, arce_sampler=marginal, arce_sampling_power=1.000000, arce_teacher_missing_mass_mean=0.348445, arce_teacher_missing_mass_std=0.170764
09/05/2026,08:13:36: Training...
09/05/2026,08:13:38: Evaluating...
09/05/2026,08:13:38: 	Train Loss: 3498524.7500 (base: 738.7462, kd: 6995.5718), Elapsed: train 2.54 test 0.26 *
09/05/2026,08:13:38: 	Recall@10: 0.05773 Recall@20: 0.08419 NDCG@10: 0.03463 NDCG@20: 0.04180 
09/05/2026,08:13:38: 	Recall@10: 0.02348 Recall@20: 0.03542 NDCG@10: 0.01316 NDCG@20: 0.01637 
09/05/2026,08:13:38: Epoch [21/1000]
09/05/2026,08:13:38: Negative sampling...
09/05/2026,08:13:39: Model's personal time...
09/05/2026,08:13:39: Model diagnostics: arce_anchor_count_mean=25.374401, arce_blocker_budget_mean=24.625599, arce_blocker_entropy_mean=5.055503, arce_blocker_inclusion_mean=0.175432, arce_closure_difficulty_mean=0.830035, arce_closure_difficulty_std=0.320039, arce_gamma_effective_beta=3.000000, arce_gamma_max=1.000000, arce_gamma_mean=0.249523, arce_gamma_min=0.056135, arce_gamma_mode=sample_overlap, arce_gamma_reassignment_l1_mean=0.000000, arce_gamma_std=0.140338, arce_logq_lambda=0.100000, arce_sample_gamma_mean=0.249523, arce_sampled_teacher_overlap_mean=0.507488, arce_sampler=marginal, arce_sampling_power=1.000000, arce_teacher_missing_mass_mean=0.340668, arce_teacher_missing_mass_std=0.168699
09/05/2026,08:13:39: Training...
09/05/2026,08:13:40: Evaluating...
09/05/2026,08:13:41: 	Train Loss: 3492254.0000 (base: 714.7869, kd: 6983.0781), Elapsed: train 2.54 test 0.27 *
09/05/2026,08:13:41: 	Recall@10: 0.05832 Recall@20: 0.08450 NDCG@10: 0.03511 NDCG@20: 0.04223 
09/05/2026,08:13:41: 	Recall@10: 0.02401 Recall@20: 0.03499 NDCG@10: 0.01347 NDCG@20: 0.01643 
09/05/2026,08:13:41: Epoch [22/1000]
09/05/2026,08:13:41: Negative sampling...
09/05/2026,08:13:42: Model's personal time...
09/05/2026,08:13:42: Model diagnostics: arce_anchor_count_mean=25.686913, arce_blocker_budget_mean=24.313086, arce_blocker_entropy_mean=5.050468, arce_blocker_inclusion_mean=0.174273, arce_closure_difficulty_mean=0.820706, arce_closure_difficulty_std=0.319021, arce_gamma_effective_beta=3.000000, arce_gamma_max=1.000000, arce_gamma_mean=0.244553, arce_gamma_min=0.059606, arce_gamma_mode=sample_overlap, arce_gamma_reassignment_l1_mean=0.000000, arce_gamma_std=0.137367, arce_logq_lambda=0.100000, arce_sample_gamma_mean=0.244553, arce_sampled_teacher_overlap_mean=0.513738, arce_sampler=marginal, arce_sampling_power=1.000000, arce_teacher_missing_mass_mean=0.333144, arce_teacher_missing_mass_std=0.165700
09/05/2026,08:13:42: Training...
09/05/2026,08:13:43: Evaluating...
09/05/2026,08:13:44: 	Train Loss: 3487034.5000 (base: 695.2823, kd: 6972.6782), Elapsed: train 2.68 test 0.26 *
09/05/2026,08:13:44: 	Recall@10: 0.05939 Recall@20: 0.08620 NDCG@10: 0.03543 NDCG@20: 0.04270 
09/05/2026,08:13:44: 	Recall@10: 0.02382 Recall@20: 0.03477 NDCG@10: 0.01348 NDCG@20: 0.01644 
09/05/2026,08:13:44: Epoch [23/1000]
09/05/2026,08:13:44: Negative sampling...
09/05/2026,08:13:45: Model's personal time...
09/05/2026,08:13:45: Model diagnostics: arce_anchor_count_mean=26.031614, arce_blocker_budget_mean=23.968384, arce_blocker_entropy_mean=5.045877, arce_blocker_inclusion_mean=0.172907, arce_closure_difficulty_mean=0.811863, arce_closure_difficulty_std=0.319699, arce_gamma_effective_beta=3.000000, arce_gamma_max=1.000000, arce_gamma_mean=0.239770, arce_gamma_min=0.056135, arce_gamma_mode=sample_overlap, arce_gamma_reassignment_l1_mean=0.000000, arce_gamma_std=0.135468, arce_logq_lambda=0.100000, arce_sample_gamma_mean=0.239770, arce_sampled_teacher_overlap_mean=0.520632, arce_sampler=marginal, arce_sampling_power=1.000000, arce_teacher_missing_mass_mean=0.325912, arce_teacher_missing_mass_std=0.164100
09/05/2026,08:13:45: Training...
09/05/2026,08:13:46: Evaluating...
09/05/2026,08:13:47: 	Train Loss: 3482145.2500 (base: 673.8933, kd: 6962.9429), Elapsed: train 2.81 test 0.30 *
09/05/2026,08:13:47: 	Recall@10: 0.05950 Recall@20: 0.08628 NDCG@10: 0.03551 NDCG@20: 0.04284 
09/05/2026,08:13:47: 	Recall@10: 0.02401 Recall@20: 0.03572 NDCG@10: 0.01354 NDCG@20: 0.01672 
09/05/2026,08:13:47: Epoch [24/1000]
09/05/2026,08:13:47: Negative sampling...
09/05/2026,08:13:48: Model's personal time...
09/05/2026,08:13:48: Model diagnostics: arce_anchor_count_mean=26.306189, arce_blocker_budget_mean=23.693811, arce_blocker_entropy_mean=5.041315, arce_blocker_inclusion_mean=0.172167, arce_closure_difficulty_mean=0.803283, arce_closure_difficulty_std=0.318614, arce_gamma_effective_beta=3.000000, arce_gamma_max=1.000000, arce_gamma_mean=0.235658, arce_gamma_min=0.059606, arce_gamma_mode=sample_overlap, arce_gamma_reassignment_l1_mean=0.000000, arce_gamma_std=0.133036, arce_logq_lambda=0.100000, arce_sample_gamma_mean=0.235658, arce_sampled_teacher_overlap_mean=0.526124, arce_sampler=marginal, arce_sampling_power=1.000000, arce_teacher_missing_mass_mean=0.319423, arce_teacher_missing_mass_std=0.161972
09/05/2026,08:13:48: Training...
09/05/2026,08:13:49: Evaluating...
09/05/2026,08:13:50: 	Train Loss: 3477599.2500 (base: 654.9989, kd: 6953.8882), Elapsed: train 2.57 test 0.26 *
09/05/2026,08:13:50: 	Recall@10: 0.05884 Recall@20: 0.08690 NDCG@10: 0.03551 NDCG@20: 0.04323 
09/05/2026,08:13:50: 	Recall@10: 0.02446 Recall@20: 0.03576 NDCG@10: 0.01378 NDCG@20: 0.01687 
09/05/2026,08:13:50: Epoch [25/1000]
09/05/2026,08:13:50: Negative sampling...
09/05/2026,08:13:51: Model's personal time...
09/05/2026,08:13:51: Model diagnostics: arce_anchor_count_mean=26.619083, arce_blocker_budget_mean=23.380915, arce_blocker_entropy_mean=5.038845, arce_blocker_inclusion_mean=0.170542, arce_closure_difficulty_mean=0.794910, arce_closure_difficulty_std=0.318267, arce_gamma_effective_beta=3.000000, arce_gamma_max=1.000000, arce_gamma_mean=0.231378, arce_gamma_min=0.059606, arce_gamma_mode=sample_overlap, arce_gamma_reassignment_l1_mean=0.000000, arce_gamma_std=0.130663, arce_logq_lambda=0.100000, arce_sample_gamma_mean=0.231378, arce_sampled_teacher_overlap_mean=0.532382, arce_sampler=marginal, arce_sampling_power=1.000000, arce_teacher_missing_mass_mean=0.312589, arce_teacher_missing_mass_std=0.159785
09/05/2026,08:13:51: Training...
09/05/2026,08:13:52: Evaluating...
09/05/2026,08:13:52: 	Train Loss: 3474409.7500 (base: 637.2842, kd: 6947.5444), Elapsed: train 2.38 test 0.26 *
09/05/2026,08:13:52: 	Recall@10: 0.05977 Recall@20: 0.08728 NDCG@10: 0.03565 NDCG@20: 0.04325 
09/05/2026,08:13:52: 	Recall@10: 0.02386 Recall@20: 0.03601 NDCG@10: 0.01367 NDCG@20: 0.01701 
09/05/2026,08:13:52: Epoch [26/1000]
09/05/2026,08:13:52: Negative sampling...
09/05/2026,08:13:54: Model's personal time...
09/05/2026,08:13:54: Model diagnostics: arce_anchor_count_mean=26.820656, arce_blocker_budget_mean=23.179344, arce_blocker_entropy_mean=5.035646, arce_blocker_inclusion_mean=0.169864, arce_closure_difficulty_mean=0.788048, arce_closure_difficulty_std=0.316610, arce_gamma_effective_beta=3.000000, arce_gamma_max=1.000000, arce_gamma_mean=0.228363, arce_gamma_min=0.056135, arce_gamma_mode=sample_overlap, arce_gamma_reassignment_l1_mean=0.000000, arce_gamma_std=0.128866, arce_logq_lambda=0.100000, arce_sample_gamma_mean=0.228363, arce_sampled_teacher_overlap_mean=0.536413, arce_sampler=marginal, arce_sampling_power=1.000000, arce_teacher_missing_mass_mean=0.307194, arce_teacher_missing_mass_std=0.157539
09/05/2026,08:13:54: Training...
09/05/2026,08:13:55: Evaluating...
09/05/2026,08:13:55: 	Train Loss: 3469546.5000 (base: 620.2852, kd: 6937.8525), Elapsed: train 2.46 test 0.27 *
09/05/2026,08:13:55: 	Recall@10: 0.06065 Recall@20: 0.08835 NDCG@10: 0.03612 NDCG@20: 0.04376 
09/05/2026,08:13:55: 	Recall@10: 0.02438 Recall@20: 0.03591 NDCG@10: 0.01385 NDCG@20: 0.01702 
09/05/2026,08:13:55: Epoch [27/1000]
09/05/2026,08:13:55: Negative sampling...
09/05/2026,08:13:56: Model's personal time...
09/05/2026,08:13:56: Model diagnostics: arce_anchor_count_mean=27.091970, arce_blocker_budget_mean=22.908028, arce_blocker_entropy_mean=5.031462, arce_blocker_inclusion_mean=0.168740, arce_closure_difficulty_mean=0.780296, arce_closure_difficulty_std=0.315665, arce_gamma_effective_beta=3.000000, arce_gamma_max=1.000000, arce_gamma_mean=0.224563, arce_gamma_min=0.059606, arce_gamma_mode=sample_overlap, arce_gamma_reassignment_l1_mean=0.000000, arce_gamma_std=0.126377, arce_logq_lambda=0.100000, arce_sample_gamma_mean=0.224563, arce_sampled_teacher_overlap_mean=0.541839, arce_sampler=marginal, arce_sampling_power=1.000000, arce_teacher_missing_mass_mean=0.301379, arce_teacher_missing_mass_std=0.155223
09/05/2026,08:13:56: Training...
09/05/2026,08:13:57: Evaluating...
09/05/2026,08:13:58: 	Train Loss: 3466747.7500 (base: 603.7701, kd: 6932.2881), Elapsed: train 2.46 test 0.26 *
09/05/2026,08:13:58: 	Recall@10: 0.06023 Recall@20: 0.08973 NDCG@10: 0.03617 NDCG@20: 0.04429 
09/05/2026,08:13:58: 	Recall@10: 0.02427 Recall@20: 0.03668 NDCG@10: 0.01382 NDCG@20: 0.01721 
09/05/2026,08:13:58: Epoch [28/1000]
09/05/2026,08:13:58: Negative sampling...
09/05/2026,08:13:59: Model's personal time...
09/05/2026,08:13:59: Model diagnostics: arce_anchor_count_mean=27.301973, arce_blocker_budget_mean=22.698027, arce_blocker_entropy_mean=5.029119, arce_blocker_inclusion_mean=0.167791, arce_closure_difficulty_mean=0.773401, arce_closure_difficulty_std=0.313515, arce_gamma_effective_beta=3.000000, arce_gamma_max=0.941765, arce_gamma_mean=0.221565, arce_gamma_min=0.052866, arce_gamma_mode=sample_overlap, arce_gamma_reassignment_l1_mean=0.000000, arce_gamma_std=0.124051, arce_logq_lambda=0.100000, arce_sample_gamma_mean=0.221565, arce_sampled_teacher_overlap_mean=0.546039, arce_sampler=marginal, arce_sampling_power=1.000000, arce_teacher_missing_mass_mean=0.296006, arce_teacher_missing_mass_std=0.151990
09/05/2026,08:13:59: Training...
09/05/2026,08:14:00: Evaluating...
09/05/2026,08:14:00: 	Train Loss: 3463448.7500 (base: 588.6973, kd: 6925.7207), Elapsed: train 2.46 test 0.26
09/05/2026,08:14:00: 	Recall@10: 0.06180 Recall@20: 0.09006 NDCG@10: 0.03647 NDCG@20: 0.04419 
09/05/2026,08:14:00: 	Recall@10: 0.02498 Recall@20: 0.03692 NDCG@10: 0.01401 NDCG@20: 0.01727 
09/05/2026,08:14:00: Epoch [29/1000]
09/05/2026,08:14:00: Negative sampling...
09/05/2026,08:14:02: Model's personal time...
09/05/2026,08:14:02: Model diagnostics: arce_anchor_count_mean=27.512550, arce_blocker_budget_mean=22.487450, arce_blocker_entropy_mean=5.025988, arce_blocker_inclusion_mean=0.167350, arce_closure_difficulty_mean=0.767261, arce_closure_difficulty_std=0.312502, arce_gamma_effective_beta=3.000000, arce_gamma_max=1.000000, arce_gamma_mean=0.218686, arce_gamma_min=0.056135, arce_gamma_mode=sample_overlap, arce_gamma_reassignment_l1_mean=0.000000, arce_gamma_std=0.122146, arce_logq_lambda=0.100000, arce_sample_gamma_mean=0.218686, arce_sampled_teacher_overlap_mean=0.550251, arce_sampler=marginal, arce_sampling_power=1.000000, arce_teacher_missing_mass_mean=0.291099, arce_teacher_missing_mass_std=0.149880
09/05/2026,08:14:02: Training...
09/05/2026,08:14:03: Evaluating...
09/05/2026,08:14:03: 	Train Loss: 3460991.0000 (base: 576.9846, kd: 6920.8276), Elapsed: train 2.58 test 0.26 *
09/05/2026,08:14:03: 	Recall@10: 0.06297 Recall@20: 0.09051 NDCG@10: 0.03717 NDCG@20: 0.04468 
09/05/2026,08:14:03: 	Recall@10: 0.02502 Recall@20: 0.03720 NDCG@10: 0.01389 NDCG@20: 0.01723 
09/05/2026,08:14:03: Epoch [30/1000]
09/05/2026,08:14:03: Negative sampling...
09/05/2026,08:14:05: Model's personal time...
09/05/2026,08:14:05: Model diagnostics: arce_anchor_count_mean=27.694002, arce_blocker_budget_mean=22.305998, arce_blocker_entropy_mean=5.023523, arce_blocker_inclusion_mean=0.166365, arce_closure_difficulty_mean=0.761779, arce_closure_difficulty_std=0.311968, arce_gamma_effective_beta=3.000000, arce_gamma_max=0.941765, arce_gamma_mean=0.216267, arce_gamma_min=0.052866, arce_gamma_mode=sample_overlap, arce_gamma_reassignment_l1_mean=0.000000, arce_gamma_std=0.120789, arce_logq_lambda=0.100000, arce_sample_gamma_mean=0.216267, arce_sampled_teacher_overlap_mean=0.553880, arce_sampler=marginal, arce_sampling_power=1.000000, arce_teacher_missing_mass_mean=0.286881, arce_teacher_missing_mass_std=0.148186
09/05/2026,08:14:05: Training...
09/05/2026,08:14:06: Evaluating...
09/05/2026,08:14:06: 	Train Loss: 3459295.2500 (base: 560.7925, kd: 6917.4688), Elapsed: train 2.60 test 0.28
09/05/2026,08:14:06: 	Recall@10: 0.06257 Recall@20: 0.09029 NDCG@10: 0.03704 NDCG@20: 0.04459 
09/05/2026,08:14:06: 	Recall@10: 0.02531 Recall@20: 0.03697 NDCG@10: 0.01396 NDCG@20: 0.01715 
09/05/2026,08:14:06: Epoch [31/1000]
09/05/2026,08:14:06: Negative sampling...
09/05/2026,08:14:07: Model's personal time...
09/05/2026,08:14:08: Model diagnostics: arce_anchor_count_mean=27.876604, arce_blocker_budget_mean=22.123396, arce_blocker_entropy_mean=5.019577, arce_blocker_inclusion_mean=0.166095, arce_closure_difficulty_mean=0.756777, arce_closure_difficulty_std=0.311700, arce_gamma_effective_beta=3.000000, arce_gamma_max=0.941765, arce_gamma_mean=0.213926, arce_gamma_min=0.056135, arce_gamma_mode=sample_overlap, arce_gamma_reassignment_l1_mean=0.000000, arce_gamma_std=0.119808, arce_logq_lambda=0.100000, arce_sample_gamma_mean=0.213926, arce_sampled_teacher_overlap_mean=0.557532, arce_sampler=marginal, arce_sampling_power=1.000000, arce_teacher_missing_mass_mean=0.283029, arce_teacher_missing_mass_std=0.146870
09/05/2026,08:14:08: Training...
09/05/2026,08:14:09: Evaluating...
09/05/2026,08:14:09: 	Train Loss: 3455509.2500 (base: 549.9666, kd: 6909.9185), Elapsed: train 2.56 test 0.26
09/05/2026,08:14:09: 	Recall@10: 0.06311 Recall@20: 0.08952 NDCG@10: 0.03710 NDCG@20: 0.04433 
09/05/2026,08:14:09: 	Recall@10: 0.02542 Recall@20: 0.03671 NDCG@10: 0.01398 NDCG@20: 0.01709 
09/05/2026,08:14:09: Epoch [32/1000]
09/05/2026,08:14:09: Negative sampling...
09/05/2026,08:14:10: Model's personal time...
09/05/2026,08:14:10: Model diagnostics: arce_anchor_count_mean=28.066679, arce_blocker_budget_mean=21.933321, arce_blocker_entropy_mean=5.016679, arce_blocker_inclusion_mean=0.165505, arce_closure_difficulty_mean=0.751896, arce_closure_difficulty_std=0.310678, arce_gamma_effective_beta=3.000000, arce_gamma_max=1.000000, arce_gamma_mean=0.211458, arce_gamma_min=0.056135, arce_gamma_mode=sample_overlap, arce_gamma_reassignment_l1_mean=0.000000, arce_gamma_std=0.118363, arce_logq_lambda=0.100000, arce_sample_gamma_mean=0.211458, arce_sampled_teacher_overlap_mean=0.561334, arce_sampler=marginal, arce_sampling_power=1.000000, arce_teacher_missing_mass_mean=0.278961, arce_teacher_missing_mass_std=0.144854
09/05/2026,08:14:10: Training...
09/05/2026,08:14:11: Evaluating...
09/05/2026,08:14:12: 	Train Loss: 3454147.7500 (base: 538.7443, kd: 6907.2178), Elapsed: train 2.55 test 0.27
09/05/2026,08:14:12: 	Recall@10: 0.06424 Recall@20: 0.08965 NDCG@10: 0.03753 NDCG@20: 0.04449 
09/05/2026,08:14:12: 	Recall@10: 0.02554 Recall@20: 0.03742 NDCG@10: 0.01407 NDCG@20: 0.01732 
09/05/2026,08:14:12: Epoch [33/1000]
09/05/2026,08:14:12: Negative sampling...
09/05/2026,08:14:13: Model's personal time...
09/05/2026,08:14:13: Model diagnostics: arce_anchor_count_mean=28.235868, arce_blocker_budget_mean=21.764132, arce_blocker_entropy_mean=5.013887, arce_blocker_inclusion_mean=0.165160, arce_closure_difficulty_mean=0.747325, arce_closure_difficulty_std=0.309864, arce_gamma_effective_beta=3.000000, arce_gamma_max=0.941765, arce_gamma_mean=0.209332, arce_gamma_min=0.052866, arce_gamma_mode=sample_overlap, arce_gamma_reassignment_l1_mean=0.000000, arce_gamma_std=0.117345, arce_logq_lambda=0.100000, arce_sample_gamma_mean=0.209332, arce_sampled_teacher_overlap_mean=0.564717, arce_sampler=marginal, arce_sampling_power=1.000000, arce_teacher_missing_mass_mean=0.275283, arce_teacher_missing_mass_std=0.143303
09/05/2026,08:14:13: Training...
09/05/2026,08:14:14: Evaluating...
09/05/2026,08:14:14: 	Train Loss: 3451483.0000 (base: 527.1683, kd: 6901.9111), Elapsed: train 2.42 test 0.27
09/05/2026,08:14:14: 	Recall@10: 0.06422 Recall@20: 0.08850 NDCG@10: 0.03750 NDCG@20: 0.04418 
09/05/2026,08:14:14: 	Recall@10: 0.02560 Recall@20: 0.03774 NDCG@10: 0.01399 NDCG@20: 0.01729 
09/05/2026,08:14:14: Epoch [34/1000]
09/05/2026,08:14:14: Negative sampling...
09/05/2026,08:14:16: Model's personal time...
09/05/2026,08:14:16: Model diagnostics: arce_anchor_count_mean=28.412914, arce_blocker_budget_mean=21.587086, arce_blocker_entropy_mean=5.010869, arce_blocker_inclusion_mean=0.164567, arce_closure_difficulty_mean=0.742689, arce_closure_difficulty_std=0.309995, arce_gamma_effective_beta=3.000000, arce_gamma_max=0.941765, arce_gamma_mean=0.207200, arce_gamma_min=0.052866, arce_gamma_mode=sample_overlap, arce_gamma_reassignment_l1_mean=0.000000, arce_gamma_std=0.116491, arce_logq_lambda=0.100000, arce_sample_gamma_mean=0.207200, arce_sampled_teacher_overlap_mean=0.568258, arce_sampler=marginal, arce_sampling_power=1.000000, arce_teacher_missing_mass_mean=0.271740, arce_teacher_missing_mass_std=0.142232
09/05/2026,08:14:16: Training...
09/05/2026,08:14:17: Evaluating...
09/05/2026,08:14:17: 	Train Loss: 3450402.0000 (base: 515.0772, kd: 6899.7734), Elapsed: train 2.56 test 0.26
09/05/2026,08:14:17: 	Recall@10: 0.06367 Recall@20: 0.08928 NDCG@10: 0.03729 NDCG@20: 0.04425 
09/05/2026,08:14:17: 	Recall@10: 0.02525 Recall@20: 0.03731 NDCG@10: 0.01394 NDCG@20: 0.01726 
09/05/2026,08:14:17: Epoch [35/1000]
09/05/2026,08:14:17: Negative sampling...
09/05/2026,08:14:19: Model's personal time...
09/05/2026,08:14:19: Model diagnostics: arce_anchor_count_mean=28.589384, arce_blocker_budget_mean=21.410614, arce_blocker_entropy_mean=5.007818, arce_blocker_inclusion_mean=0.164191, arce_closure_difficulty_mean=0.737867, arce_closure_difficulty_std=0.309199, arce_gamma_effective_beta=3.000000, arce_gamma_max=1.000000, arce_gamma_mean=0.204906, arce_gamma_min=0.056135, arce_gamma_mode=sample_overlap, arce_gamma_reassignment_l1_mean=0.000000, arce_gamma_std=0.115033, arce_logq_lambda=0.100000, arce_sample_gamma_mean=0.204906, arce_sampled_teacher_overlap_mean=0.571788, arce_sampler=marginal, arce_sampling_power=1.000000, arce_teacher_missing_mass_mean=0.268026, arce_teacher_missing_mass_std=0.140563
09/05/2026,08:14:19: Training...
09/05/2026,08:14:20: Evaluating...
09/05/2026,08:14:20: 	Train Loss: 3448512.5000 (base: 504.6935, kd: 6896.0156), Elapsed: train 2.52 test 0.27
09/05/2026,08:14:20: 	Recall@10: 0.06419 Recall@20: 0.08908 NDCG@10: 0.03736 NDCG@20: 0.04418 
09/05/2026,08:14:20: 	Recall@10: 0.02601 Recall@20: 0.03750 NDCG@10: 0.01425 NDCG@20: 0.01739 
09/05/2026,08:14:20: Epoch [36/1000]
09/05/2026,08:14:20: Negative sampling...
09/05/2026,08:14:21: Model's personal time...
09/05/2026,08:14:21: Model diagnostics: arce_anchor_count_mean=28.722551, arce_blocker_budget_mean=21.277447, arce_blocker_entropy_mean=5.005004, arce_blocker_inclusion_mean=0.163587, arce_closure_difficulty_mean=0.733763, arce_closure_difficulty_std=0.308446, arce_gamma_effective_beta=3.000000, arce_gamma_max=0.941765, arce_gamma_mean=0.203202, arce_gamma_min=0.052866, arce_gamma_mode=sample_overlap, arce_gamma_reassignment_l1_mean=0.000000, arce_gamma_std=0.114006, arce_logq_lambda=0.100000, arce_sample_gamma_mean=0.203202, arce_sampled_teacher_overlap_mean=0.574451, arce_sampler=marginal, arce_sampling_power=1.000000, arce_teacher_missing_mass_mean=0.264883, arce_teacher_missing_mass_std=0.138711
09/05/2026,08:14:21: Training...
09/05/2026,08:14:23: Evaluating...
09/05/2026,08:14:23: 	Train Loss: 3447723.0000 (base: 493.8146, kd: 6894.4580), Elapsed: train 2.52 test 0.26
09/05/2026,08:14:23: 	Recall@10: 0.06437 Recall@20: 0.08922 NDCG@10: 0.03765 NDCG@20: 0.04443 
09/05/2026,08:14:23: 	Recall@10: 0.02553 Recall@20: 0.03779 NDCG@10: 0.01404 NDCG@20: 0.01739 
09/05/2026,08:14:23: Epoch [37/1000]
09/05/2026,08:14:23: Negative sampling...
09/05/2026,08:14:24: Model's personal time...
09/05/2026,08:14:24: Model diagnostics: arce_anchor_count_mean=28.860510, arce_blocker_budget_mean=21.139490, arce_blocker_entropy_mean=5.001091, arce_blocker_inclusion_mean=0.163248, arce_closure_difficulty_mean=0.730013, arce_closure_difficulty_std=0.308578, arce_gamma_effective_beta=3.000000, arce_gamma_max=1.000000, arce_gamma_mean=0.201461, arce_gamma_min=0.056135, arce_gamma_mode=sample_overlap, arce_gamma_reassignment_l1_mean=0.000000, arce_gamma_std=0.113093, arce_logq_lambda=0.100000, arce_sample_gamma_mean=0.201461, arce_sampled_teacher_overlap_mean=0.577210, arce_sampler=marginal, arce_sampling_power=1.000000, arce_teacher_missing_mass_mean=0.261983, arce_teacher_missing_mass_std=0.137594
09/05/2026,08:14:24: Training...
09/05/2026,08:14:26: Evaluating...
09/05/2026,08:14:26: 	Train Loss: 3445637.7500 (base: 482.2960, kd: 6890.3110), Elapsed: train 2.68 test 0.28
09/05/2026,08:14:26: 	Recall@10: 0.06393 Recall@20: 0.08945 NDCG@10: 0.03732 NDCG@20: 0.04433 
09/05/2026,08:14:26: 	Recall@10: 0.02509 Recall@20: 0.03775 NDCG@10: 0.01397 NDCG@20: 0.01743 
09/05/2026,08:14:26: Epoch [38/1000]
09/05/2026,08:14:26: Negative sampling...
09/05/2026,08:14:27: Model's personal time...
09/05/2026,08:14:27: Model diagnostics: arce_anchor_count_mean=28.999424, arce_blocker_budget_mean=21.000574, arce_blocker_entropy_mean=4.998614, arce_blocker_inclusion_mean=0.163050, arce_closure_difficulty_mean=0.726070, arce_closure_difficulty_std=0.307618, arce_gamma_effective_beta=3.000000, arce_gamma_max=1.000000, arce_gamma_mean=0.199833, arce_gamma_min=0.052866, arce_gamma_mode=sample_overlap, arce_gamma_reassignment_l1_mean=0.000000, arce_gamma_std=0.112424, arce_logq_lambda=0.100000, arce_sample_gamma_mean=0.199833, arce_sampled_teacher_overlap_mean=0.579988, arce_sampler=marginal, arce_sampling_power=1.000000, arce_teacher_missing_mass_mean=0.259039, arce_teacher_missing_mass_std=0.136273
09/05/2026,08:14:27: Training...
09/05/2026,08:14:29: Evaluating...
09/05/2026,08:14:29: 	Train Loss: 3444079.0000 (base: 475.4863, kd: 6887.2065), Elapsed: train 2.70 test 0.30
09/05/2026,08:14:29: 	Recall@10: 0.06391 Recall@20: 0.08965 NDCG@10: 0.03743 NDCG@20: 0.04446 
09/05/2026,08:14:29: 	Recall@10: 0.02491 Recall@20: 0.03785 NDCG@10: 0.01388 NDCG@20: 0.01742 
09/05/2026,08:14:29: Epoch [39/1000]
09/05/2026,08:14:29: Negative sampling...
09/05/2026,08:14:30: Model's personal time...
09/05/2026,08:14:30: Model diagnostics: arce_anchor_count_mean=29.137190, arce_blocker_budget_mean=20.862808, arce_blocker_entropy_mean=4.995337, arce_blocker_inclusion_mean=0.162353, arce_closure_difficulty_mean=0.721888, arce_closure_difficulty_std=0.306552, arce_gamma_effective_beta=3.000000, arce_gamma_max=0.941765, arce_gamma_mean=0.198049, arce_gamma_min=0.052866, arce_gamma_mode=sample_overlap, arce_gamma_reassignment_l1_mean=0.000000, arce_gamma_std=0.111067, arce_logq_lambda=0.100000, arce_sample_gamma_mean=0.198049, arce_sampled_teacher_overlap_mean=0.582744, arce_sampler=marginal, arce_sampling_power=1.000000, arce_teacher_missing_mass_mean=0.255988, arce_teacher_missing_mass_std=0.134679
09/05/2026,08:14:30: Training...
09/05/2026,08:14:31: Evaluating...
09/05/2026,08:14:32: 	Train Loss: 3443115.7500 (base: 466.7622, kd: 6885.2983), Elapsed: train 2.66 test 0.28 *
09/05/2026,08:14:32: 	Recall@10: 0.06451 Recall@20: 0.09112 NDCG@10: 0.03772 NDCG@20: 0.04496 
09/05/2026,08:14:32: 	Recall@10: 0.02496 Recall@20: 0.03842 NDCG@10: 0.01396 NDCG@20: 0.01763 
09/05/2026,08:14:32: Epoch [40/1000]
09/05/2026,08:14:32: Negative sampling...
09/05/2026,08:14:33: Model's personal time...
09/05/2026,08:14:33: Model diagnostics: arce_anchor_count_mean=29.283005, arce_blocker_budget_mean=20.716995, arce_blocker_entropy_mean=4.992650, arce_blocker_inclusion_mean=0.162192, arce_closure_difficulty_mean=0.717651, arce_closure_difficulty_std=0.306062, arce_gamma_effective_beta=3.000000, arce_gamma_max=0.835270, arce_gamma_mean=0.196316, arce_gamma_min=0.056135, arce_gamma_mode=sample_overlap, arce_gamma_reassignment_l1_mean=0.000000, arce_gamma_std=0.110005, arce_logq_lambda=0.100000, arce_sample_gamma_mean=0.196316, arce_sampled_teacher_overlap_mean=0.585660, arce_sampler=marginal, arce_sampling_power=1.000000, arce_teacher_missing_mass_mean=0.252831, arce_teacher_missing_mass_std=0.132968
09/05/2026,08:14:33: Training...
09/05/2026,08:14:35: Evaluating...
09/05/2026,08:14:35: 	Train Loss: 3442040.7500 (base: 459.6677, kd: 6883.1626), Elapsed: train 2.79 test 0.34 *
09/05/2026,08:14:35: 	Recall@10: 0.06392 Recall@20: 0.09100 NDCG@10: 0.03761 NDCG@20: 0.04502 
09/05/2026,08:14:35: 	Recall@10: 0.02490 Recall@20: 0.03856 NDCG@10: 0.01403 NDCG@20: 0.01777 
09/05/2026,08:14:35: Epoch [41/1000]
09/05/2026,08:14:35: Negative sampling...
09/05/2026,08:14:36: Model's personal time...
09/05/2026,08:14:36: Model diagnostics: arce_anchor_count_mean=29.395861, arce_blocker_budget_mean=20.604139, arce_blocker_entropy_mean=4.990360, arce_blocker_inclusion_mean=0.161853, arce_closure_difficulty_mean=0.713807, arce_closure_difficulty_std=0.306072, arce_gamma_effective_beta=3.000000, arce_gamma_max=0.835270, arce_gamma_mean=0.194968, arce_gamma_min=0.052866, arce_gamma_mode=sample_overlap, arce_gamma_reassignment_l1_mean=0.000000, arce_gamma_std=0.109183, arce_logq_lambda=0.100000, arce_sample_gamma_mean=0.194968, arce_sampled_teacher_overlap_mean=0.587917, arce_sampler=marginal, arce_sampling_power=1.000000, arce_teacher_missing_mass_mean=0.250355, arce_teacher_missing_mass_std=0.132285
09/05/2026,08:14:36: Training...
09/05/2026,08:14:38: Evaluating...
09/05/2026,08:14:38: 	Train Loss: 3441005.0000 (base: 449.6402, kd: 6881.1108), Elapsed: train 2.81 test 0.33 *
09/05/2026,08:14:38: 	Recall@10: 0.06417 Recall@20: 0.09225 NDCG@10: 0.03794 NDCG@20: 0.04550 
09/05/2026,08:14:38: 	Recall@10: 0.02584 Recall@20: 0.03955 NDCG@10: 0.01434 NDCG@20: 0.01806 
09/05/2026,08:14:38: Epoch [42/1000]
09/05/2026,08:14:38: Negative sampling...
09/05/2026,08:14:39: Model's personal time...
09/05/2026,08:14:39: Model diagnostics: arce_anchor_count_mean=29.521938, arce_blocker_budget_mean=20.478060, arce_blocker_entropy_mean=4.986918, arce_blocker_inclusion_mean=0.161705, arce_closure_difficulty_mean=0.710285, arce_closure_difficulty_std=0.305456, arce_gamma_effective_beta=3.000000, arce_gamma_max=0.835270, arce_gamma_mean=0.193531, arce_gamma_min=0.052866, arce_gamma_mode=sample_overlap, arce_gamma_reassignment_l1_mean=0.000000, arce_gamma_std=0.108636, arce_logq_lambda=0.100000, arce_sample_gamma_mean=0.193531, arce_sampled_teacher_overlap_mean=0.590439, arce_sampler=marginal, arce_sampling_power=1.000000, arce_teacher_missing_mass_mean=0.247870, arce_teacher_missing_mass_std=0.131376
09/05/2026,08:14:39: Training...
09/05/2026,08:14:41: Evaluating...
09/05/2026,08:14:41: 	Train Loss: 3440261.7500 (base: 442.1788, kd: 6879.6396), Elapsed: train 2.75 test 0.27
09/05/2026,08:14:41: 	Recall@10: 0.06378 Recall@20: 0.09184 NDCG@10: 0.03773 NDCG@20: 0.04538 
09/05/2026,08:14:41: 	Recall@10: 0.02525 Recall@20: 0.03922 NDCG@10: 0.01426 NDCG@20: 0.01808 
09/05/2026,08:14:41: Epoch [43/1000]
09/05/2026,08:14:41: Negative sampling...
09/05/2026,08:14:42: Model's personal time...
09/05/2026,08:14:42: Model diagnostics: arce_anchor_count_mean=29.643227, arce_blocker_budget_mean=20.356773, arce_blocker_entropy_mean=4.984226, arce_blocker_inclusion_mean=0.161835, arce_closure_difficulty_mean=0.706869, arce_closure_difficulty_std=0.304821, arce_gamma_effective_beta=3.000000, arce_gamma_max=0.835270, arce_gamma_mean=0.192118, arce_gamma_min=0.052866, arce_gamma_mode=sample_overlap, arce_gamma_reassignment_l1_mean=0.000000, arce_gamma_std=0.107897, arce_logq_lambda=0.100000, arce_sample_gamma_mean=0.192118, arce_sampled_teacher_overlap_mean=0.592865, arce_sampler=marginal, arce_sampling_power=1.000000, arce_teacher_missing_mass_mean=0.245540, arce_teacher_missing_mass_std=0.130583
09/05/2026,08:14:42: Training...
09/05/2026,08:14:44: Evaluating...
09/05/2026,08:14:44: 	Train Loss: 3440078.2500 (base: 435.9029, kd: 6879.2856), Elapsed: train 2.59 test 0.27 *
09/05/2026,08:14:44: 	Recall@10: 0.06436 Recall@20: 0.09255 NDCG@10: 0.03800 NDCG@20: 0.04569 
09/05/2026,08:14:44: 	Recall@10: 0.02631 Recall@20: 0.03939 NDCG@10: 0.01467 NDCG@20: 0.01821 
09/05/2026,08:14:44: Epoch [44/1000]
09/05/2026,08:14:44: Negative sampling...
09/05/2026,08:14:45: Model's personal time...
09/05/2026,08:14:45: Model diagnostics: arce_anchor_count_mean=29.749569, arce_blocker_budget_mean=20.250431, arce_blocker_entropy_mean=4.980785, arce_blocker_inclusion_mean=0.161399, arce_closure_difficulty_mean=0.703548, arce_closure_difficulty_std=0.304402, arce_gamma_effective_beta=3.000000, arce_gamma_max=0.835270, arce_gamma_mean=0.190866, arce_gamma_min=0.052866, arce_gamma_mode=sample_overlap, arce_gamma_reassignment_l1_mean=0.000000, arce_gamma_std=0.107248, arce_logq_lambda=0.100000, arce_sample_gamma_mean=0.190866, arce_sampled_teacher_overlap_mean=0.594991, arce_sampler=marginal, arce_sampling_power=1.000000, arce_teacher_missing_mass_mean=0.243365, arce_teacher_missing_mass_std=0.129703
09/05/2026,08:14:45: Training...
09/05/2026,08:14:46: Evaluating...
09/05/2026,08:14:47: 	Train Loss: 3438713.5000 (base: 429.8374, kd: 6876.5674), Elapsed: train 2.57 test 0.26 *
09/05/2026,08:14:47: 	Recall@10: 0.06405 Recall@20: 0.09290 NDCG@10: 0.03796 NDCG@20: 0.04582 
09/05/2026,08:14:47: 	Recall@10: 0.02583 Recall@20: 0.04027 NDCG@10: 0.01440 NDCG@20: 0.01831 
09/05/2026,08:14:47: Epoch [45/1000]
09/05/2026,08:14:47: Negative sampling...
09/05/2026,08:14:48: Model's personal time...
09/05/2026,08:14:48: Model diagnostics: arce_anchor_count_mean=29.867216, arce_blocker_budget_mean=20.132784, arce_blocker_entropy_mean=4.977827, arce_blocker_inclusion_mean=0.161274, arce_closure_difficulty_mean=0.700598, arce_closure_difficulty_std=0.303982, arce_gamma_effective_beta=3.000000, arce_gamma_max=0.835270, arce_gamma_mean=0.189419, arce_gamma_min=0.056135, arce_gamma_mode=sample_overlap, arce_gamma_reassignment_l1_mean=0.000000, arce_gamma_std=0.106220, arce_logq_lambda=0.100000, arce_sample_gamma_mean=0.189419, arce_sampled_teacher_overlap_mean=0.597344, arce_sampler=marginal, arce_sampling_power=1.000000, arce_teacher_missing_mass_mean=0.241155, arce_teacher_missing_mass_std=0.128494
09/05/2026,08:14:48: Training...
09/05/2026,08:14:49: Evaluating...
09/05/2026,08:14:50: 	Train Loss: 3438399.2500 (base: 422.1115, kd: 6875.9551), Elapsed: train 2.52 test 0.27
09/05/2026,08:14:50: 	Recall@10: 0.06481 Recall@20: 0.09268 NDCG@10: 0.03815 NDCG@20: 0.04573 
09/05/2026,08:14:50: 	Recall@10: 0.02641 Recall@20: 0.04036 NDCG@10: 0.01462 NDCG@20: 0.01836 
09/05/2026,08:14:50: Epoch [46/1000]
09/05/2026,08:14:50: Negative sampling...
09/05/2026,08:14:51: Model's personal time...
09/05/2026,08:14:51: Model diagnostics: arce_anchor_count_mean=29.979115, arce_blocker_budget_mean=20.020885, arce_blocker_entropy_mean=4.974944, arce_blocker_inclusion_mean=0.161393, arce_closure_difficulty_mean=0.697234, arce_closure_difficulty_std=0.303584, arce_gamma_effective_beta=3.000000, arce_gamma_max=0.786628, arce_gamma_mean=0.188174, arce_gamma_min=0.052866, arce_gamma_mode=sample_overlap, arce_gamma_reassignment_l1_mean=0.000000, arce_gamma_std=0.105560, arce_logq_lambda=0.100000, arce_sample_gamma_mean=0.188174, arce_sampled_teacher_overlap_mean=0.599582, arce_sampler=marginal, arce_sampling_power=1.000000, arce_teacher_missing_mass_mean=0.239018, arce_teacher_missing_mass_std=0.127969
09/05/2026,08:14:51: Training...
09/05/2026,08:14:52: Evaluating...
09/05/2026,08:14:52: 	Train Loss: 3437302.2500 (base: 411.8765, kd: 6873.7803), Elapsed: train 2.54 test 0.32
09/05/2026,08:14:52: 	Recall@10: 0.06510 Recall@20: 0.09177 NDCG@10: 0.03849 NDCG@20: 0.04581 
09/05/2026,08:14:52: 	Recall@10: 0.02678 Recall@20: 0.04004 NDCG@10: 0.01464 NDCG@20: 0.01826 
09/05/2026,08:14:52: Epoch [47/1000]
09/05/2026,08:14:52: Negative sampling...
09/05/2026,08:14:54: Model's personal time...
09/05/2026,08:14:54: Model diagnostics: arce_anchor_count_mean=30.083540, arce_blocker_budget_mean=19.916458, arce_blocker_entropy_mean=4.972090, arce_blocker_inclusion_mean=0.160967, arce_closure_difficulty_mean=0.694254, arce_closure_difficulty_std=0.303403, arce_gamma_effective_beta=3.000000, arce_gamma_max=0.786628, arce_gamma_mean=0.186933, arce_gamma_min=0.056135, arce_gamma_mode=sample_overlap, arce_gamma_reassignment_l1_mean=0.000000, arce_gamma_std=0.104843, arce_logq_lambda=0.100000, arce_sample_gamma_mean=0.186933, arce_sampled_teacher_overlap_mean=0.601671, arce_sampler=marginal, arce_sampling_power=1.000000, arce_teacher_missing_mass_mean=0.237025, arce_teacher_missing_mass_std=0.127296
09/05/2026,08:14:54: Training...
09/05/2026,08:14:55: Evaluating...
09/05/2026,08:14:55: 	Train Loss: 3436671.0000 (base: 406.2990, kd: 6872.5298), Elapsed: train 2.64 test 0.28
09/05/2026,08:14:55: 	Recall@10: 0.06503 Recall@20: 0.09160 NDCG@10: 0.03848 NDCG@20: 0.04570 
09/05/2026,08:14:55: 	Recall@10: 0.02702 Recall@20: 0.04077 NDCG@10: 0.01481 NDCG@20: 0.01854 
09/05/2026,08:14:55: Epoch [48/1000]
09/05/2026,08:14:55: Negative sampling...
09/05/2026,08:14:57: Model's personal time...
09/05/2026,08:14:57: Model diagnostics: arce_anchor_count_mean=30.178770, arce_blocker_budget_mean=19.821230, arce_blocker_entropy_mean=4.968974, arce_blocker_inclusion_mean=0.160926, arce_closure_difficulty_mean=0.691294, arce_closure_difficulty_std=0.302883, arce_gamma_effective_beta=3.000000, arce_gamma_max=0.786628, arce_gamma_mean=0.185699, arce_gamma_min=0.056135, arce_gamma_mode=sample_overlap, arce_gamma_reassignment_l1_mean=0.000000, arce_gamma_std=0.103719, arce_logq_lambda=0.100000, arce_sample_gamma_mean=0.185699, arce_sampled_teacher_overlap_mean=0.603575, arce_sampler=marginal, arce_sampling_power=1.000000, arce_teacher_missing_mass_mean=0.234968, arce_teacher_missing_mass_std=0.126103
09/05/2026,08:14:57: Training...
09/05/2026,08:14:58: Evaluating...
09/05/2026,08:14:58: 	Train Loss: 3436313.5000 (base: 400.8780, kd: 6871.8247), Elapsed: train 2.52 test 0.27
09/05/2026,08:14:58: 	Recall@10: 0.06408 Recall@20: 0.09147 NDCG@10: 0.03798 NDCG@20: 0.04558 
09/05/2026,08:14:58: 	Recall@10: 0.02684 Recall@20: 0.03994 NDCG@10: 0.01497 NDCG@20: 0.01851 
09/05/2026,08:14:58: Epoch [49/1000]
09/05/2026,08:14:58: Negative sampling...
09/05/2026,08:14:59: Model's personal time...
09/05/2026,08:14:59: Model diagnostics: arce_anchor_count_mean=30.273424, arce_blocker_budget_mean=19.726576, arce_blocker_entropy_mean=4.965966, arce_blocker_inclusion_mean=0.161130, arce_closure_difficulty_mean=0.688305, arce_closure_difficulty_std=0.302447, arce_gamma_effective_beta=3.000000, arce_gamma_max=0.786628, arce_gamma_mean=0.184610, arce_gamma_min=0.052866, arce_gamma_mode=sample_overlap, arce_gamma_reassignment_l1_mean=0.000000, arce_gamma_std=0.103210, arce_logq_lambda=0.100000, arce_sample_gamma_mean=0.184610, arce_sampled_teacher_overlap_mean=0.605468, arce_sampler=marginal, arce_sampling_power=1.000000, arce_teacher_missing_mass_mean=0.233193, arce_teacher_missing_mass_std=0.125500
09/05/2026,08:14:59: Training...
09/05/2026,08:15:00: Evaluating...
09/05/2026,08:15:01: 	Train Loss: 3435985.5000 (base: 395.7982, kd: 6871.1797), Elapsed: train 2.40 test 0.26 *
09/05/2026,08:15:01: 	Recall@10: 0.06508 Recall@20: 0.09211 NDCG@10: 0.03885 NDCG@20: 0.04627 
09/05/2026,08:15:01: 	Recall@10: 0.02692 Recall@20: 0.04067 NDCG@10: 0.01481 NDCG@20: 0.01851 
09/05/2026,08:15:01: Epoch [50/1000]
09/05/2026,08:15:01: Negative sampling...
09/05/2026,08:15:02: Model's personal time...
09/05/2026,08:15:02: Model diagnostics: arce_anchor_count_mean=30.364820, arce_blocker_budget_mean=19.635180, arce_blocker_entropy_mean=4.962891, arce_blocker_inclusion_mean=0.161000, arce_closure_difficulty_mean=0.685521, arce_closure_difficulty_std=0.301997, arce_gamma_effective_beta=3.000000, arce_gamma_max=0.786628, arce_gamma_mean=0.183556, arce_gamma_min=0.052866, arce_gamma_mode=sample_overlap, arce_gamma_reassignment_l1_mean=0.000000, arce_gamma_std=0.102552, arce_logq_lambda=0.100000, arce_sample_gamma_mean=0.183556, arce_sampled_teacher_overlap_mean=0.607296, arce_sampler=marginal, arce_sampling_power=1.000000, arce_teacher_missing_mass_mean=0.231388, arce_teacher_missing_mass_std=0.124640
09/05/2026,08:15:02: Training...
09/05/2026,08:15:03: Evaluating...
09/05/2026,08:15:04: 	Train Loss: 3435572.7500 (base: 390.8266, kd: 6870.3643), Elapsed: train 2.50 test 0.27
09/05/2026,08:15:04: 	Recall@10: 0.06518 Recall@20: 0.09152 NDCG@10: 0.03893 NDCG@20: 0.04617 
09/05/2026,08:15:04: 	Recall@10: 0.02742 Recall@20: 0.04086 NDCG@10: 0.01510 NDCG@20: 0.01871 
09/05/2026,08:15:04: Epoch [51/1000]
09/05/2026,08:15:04: Negative sampling...
09/05/2026,08:15:05: Model's personal time...
09/05/2026,08:15:05: Model diagnostics: arce_anchor_count_mean=30.475187, arce_blocker_budget_mean=19.524813, arce_blocker_entropy_mean=4.959891, arce_blocker_inclusion_mean=0.161044, arce_closure_difficulty_mean=0.682485, arce_closure_difficulty_std=0.301872, arce_gamma_effective_beta=3.000000, arce_gamma_max=0.786628, arce_gamma_mean=0.182264, arce_gamma_min=0.056135, arce_gamma_mode=sample_overlap, arce_gamma_reassignment_l1_mean=0.000000, arce_gamma_std=0.101581, arce_logq_lambda=0.100000, arce_sample_gamma_mean=0.182264, arce_sampled_teacher_overlap_mean=0.609504, arce_sampler=marginal, arce_sampling_power=1.000000, arce_teacher_missing_mass_mean=0.229413, arce_teacher_missing_mass_std=0.123932
09/05/2026,08:15:05: Training...
09/05/2026,08:15:06: Evaluating...
09/05/2026,08:15:06: 	Train Loss: 3435354.0000 (base: 385.0317, kd: 6869.9385), Elapsed: train 2.60 test 0.26 *
09/05/2026,08:15:06: 	Recall@10: 0.06523 Recall@20: 0.09195 NDCG@10: 0.03906 NDCG@20: 0.04647 
09/05/2026,08:15:06: 	Recall@10: 0.02746 Recall@20: 0.04034 NDCG@10: 0.01505 NDCG@20: 0.01851 
09/05/2026,08:15:06: Epoch [52/1000]
09/05/2026,08:15:06: Negative sampling...
09/05/2026,08:15:08: Model's personal time...
09/05/2026,08:15:08: Model diagnostics: arce_anchor_count_mean=30.577312, arce_blocker_budget_mean=19.422686, arce_blocker_entropy_mean=4.957252, arce_blocker_inclusion_mean=0.160687, arce_closure_difficulty_mean=0.679394, arce_closure_difficulty_std=0.301413, arce_gamma_effective_beta=3.000000, arce_gamma_max=0.786628, arce_gamma_mean=0.181086, arce_gamma_min=0.052866, arce_gamma_mode=sample_overlap, arce_gamma_reassignment_l1_mean=0.000000, arce_gamma_std=0.100857, arce_logq_lambda=0.100000, arce_sample_gamma_mean=0.181086, arce_sampled_teacher_overlap_mean=0.611546, arce_sampler=marginal, arce_sampling_power=1.000000, arce_teacher_missing_mass_mean=0.227506, arce_teacher_missing_mass_std=0.123345
09/05/2026,08:15:08: Training...
09/05/2026,08:15:09: Evaluating...
09/05/2026,08:15:09: 	Train Loss: 3434750.2500 (base: 380.8439, kd: 6868.7383), Elapsed: train 2.60 test 0.28 *
09/05/2026,08:15:09: 	Recall@10: 0.06465 Recall@20: 0.09242 NDCG@10: 0.03893 NDCG@20: 0.04661 
09/05/2026,08:15:09: 	Recall@10: 0.02707 Recall@20: 0.04010 NDCG@10: 0.01495 NDCG@20: 0.01849 
09/05/2026,08:15:09: Epoch [53/1000]
09/05/2026,08:15:09: Negative sampling...
09/05/2026,08:15:11: Model's personal time...
09/05/2026,08:15:11: Model diagnostics: arce_anchor_count_mean=30.679249, arce_blocker_budget_mean=19.320751, arce_blocker_entropy_mean=4.954694, arce_blocker_inclusion_mean=0.160328, arce_closure_difficulty_mean=0.676253, arce_closure_difficulty_std=0.300912, arce_gamma_effective_beta=3.000000, arce_gamma_max=0.786628, arce_gamma_mean=0.179991, arce_gamma_min=0.056135, arce_gamma_mode=sample_overlap, arce_gamma_reassignment_l1_mean=0.000000, arce_gamma_std=0.100228, arce_logq_lambda=0.100000, arce_sample_gamma_mean=0.179991, arce_sampled_teacher_overlap_mean=0.613585, arce_sampler=marginal, arce_sampling_power=1.000000, arce_teacher_missing_mass_mean=0.225633, arce_teacher_missing_mass_std=0.122604
09/05/2026,08:15:11: Training...
09/05/2026,08:15:12: Evaluating...
09/05/2026,08:15:12: 	Train Loss: 3434627.7500 (base: 376.6396, kd: 6868.5024), Elapsed: train 2.60 test 0.26 *
09/05/2026,08:15:12: 	Recall@10: 0.06481 Recall@20: 0.09353 NDCG@10: 0.03899 NDCG@20: 0.04692 
09/05/2026,08:15:12: 	Recall@10: 0.02650 Recall@20: 0.04027 NDCG@10: 0.01478 NDCG@20: 0.01847 
09/05/2026,08:15:12: Epoch [54/1000]
09/05/2026,08:15:12: Negative sampling...
09/05/2026,08:15:13: Model's personal time...
09/05/2026,08:15:13: Model diagnostics: arce_anchor_count_mean=30.784634, arce_blocker_budget_mean=19.215366, arce_blocker_entropy_mean=4.951954, arce_blocker_inclusion_mean=0.159538, arce_closure_difficulty_mean=0.673359, arce_closure_difficulty_std=0.300025, arce_gamma_effective_beta=3.000000, arce_gamma_max=0.786628, arce_gamma_mean=0.178727, arce_gamma_min=0.052866, arce_gamma_mode=sample_overlap, arce_gamma_reassignment_l1_mean=0.000000, arce_gamma_std=0.099287, arce_logq_lambda=0.100000, arce_sample_gamma_mean=0.178727, arce_sampled_teacher_overlap_mean=0.615693, arce_sampler=marginal, arce_sampling_power=1.000000, arce_teacher_missing_mass_mean=0.223748, arce_teacher_missing_mass_std=0.121635
09/05/2026,08:15:13: Training...
09/05/2026,08:15:15: Evaluating...
09/05/2026,08:15:15: 	Train Loss: 3434381.7500 (base: 373.2624, kd: 6868.0171), Elapsed: train 2.60 test 0.26 *
09/05/2026,08:15:15: 	Recall@10: 0.06457 Recall@20: 0.09360 NDCG@10: 0.03898 NDCG@20: 0.04699 
09/05/2026,08:15:15: 	Recall@10: 0.02716 Recall@20: 0.04014 NDCG@10: 0.01496 NDCG@20: 0.01847 
09/05/2026,08:15:15: Epoch [55/1000]
09/05/2026,08:15:15: Negative sampling...
09/05/2026,08:15:16: Model's personal time...
09/05/2026,08:15:16: Model diagnostics: arce_anchor_count_mean=30.879669, arce_blocker_budget_mean=19.120329, arce_blocker_entropy_mean=4.948743, arce_blocker_inclusion_mean=0.159751, arce_closure_difficulty_mean=0.670582, arce_closure_difficulty_std=0.299408, arce_gamma_effective_beta=3.000000, arce_gamma_max=0.786628, arce_gamma_mean=0.177680, arce_gamma_min=0.052866, arce_gamma_mode=sample_overlap, arce_gamma_reassignment_l1_mean=0.000000, arce_gamma_std=0.098762, arce_logq_lambda=0.100000, arce_sample_gamma_mean=0.177680, arce_sampled_teacher_overlap_mean=0.617593, arce_sampler=marginal, arce_sampling_power=1.000000, arce_teacher_missing_mass_mean=0.222104, arce_teacher_missing_mass_std=0.120954
09/05/2026,08:15:16: Training...
09/05/2026,08:15:18: Evaluating...
09/05/2026,08:15:18: 	Train Loss: 3433865.7500 (base: 367.8727, kd: 6866.9961), Elapsed: train 2.55 test 0.30 *
09/05/2026,08:15:18: 	Recall@10: 0.06391 Recall@20: 0.09402 NDCG@10: 0.03872 NDCG@20: 0.04704 
09/05/2026,08:15:18: 	Recall@10: 0.02691 Recall@20: 0.04029 NDCG@10: 0.01488 NDCG@20: 0.01850 
09/05/2026,08:15:18: Epoch [56/1000]
09/05/2026,08:15:18: Negative sampling...
09/05/2026,08:15:19: Model's personal time...
09/05/2026,08:15:19: Model diagnostics: arce_anchor_count_mean=30.977390, arce_blocker_budget_mean=19.022610, arce_blocker_entropy_mean=4.946249, arce_blocker_inclusion_mean=0.159845, arce_closure_difficulty_mean=0.667368, arce_closure_difficulty_std=0.298696, arce_gamma_effective_beta=3.000000, arce_gamma_max=0.786628, arce_gamma_mean=0.176596, arce_gamma_min=0.052866, arce_gamma_mode=sample_overlap, arce_gamma_reassignment_l1_mean=0.000000, arce_gamma_std=0.098162, arce_logq_lambda=0.100000, arce_sample_gamma_mean=0.176596, arce_sampled_teacher_overlap_mean=0.619548, arce_sampler=marginal, arce_sampling_power=1.000000, arce_teacher_missing_mass_mean=0.220276, arce_teacher_missing_mass_std=0.120261
09/05/2026,08:15:19: Training...
09/05/2026,08:15:21: Evaluating...
09/05/2026,08:15:21: 	Train Loss: 3433507.2500 (base: 359.8733, kd: 6866.2944), Elapsed: train 3.04 test 0.26
09/05/2026,08:15:21: 	Recall@10: 0.06385 Recall@20: 0.09347 NDCG@10: 0.03865 NDCG@20: 0.04693 
09/05/2026,08:15:21: 	Recall@10: 0.02719 Recall@20: 0.04152 NDCG@10: 0.01495 NDCG@20: 0.01880 
09/05/2026,08:15:21: Epoch [57/1000]
09/05/2026,08:15:21: Negative sampling...
09/05/2026,08:15:23: Model's personal time...
09/05/2026,08:15:23: Model diagnostics: arce_anchor_count_mean=31.073769, arce_blocker_budget_mean=18.926231, arce_blocker_entropy_mean=4.943862, arce_blocker_inclusion_mean=0.159630, arce_closure_difficulty_mean=0.664299, arce_closure_difficulty_std=0.297947, arce_gamma_effective_beta=3.000000, arce_gamma_max=0.786628, arce_gamma_mean=0.175605, arce_gamma_min=0.056135, arce_gamma_mode=sample_overlap, arce_gamma_reassignment_l1_mean=0.000000, arce_gamma_std=0.097796, arce_logq_lambda=0.100000, arce_sample_gamma_mean=0.175605, arce_sampled_teacher_overlap_mean=0.621475, arce_sampler=marginal, arce_sampling_power=1.000000, arce_teacher_missing_mass_mean=0.218592, arce_teacher_missing_mass_std=0.119698
09/05/2026,08:15:23: Training...
09/05/2026,08:15:24: Evaluating...
09/05/2026,08:15:24: 	Train Loss: 3433759.0000 (base: 357.7201, kd: 6866.8027), Elapsed: train 2.49 test 0.27
09/05/2026,08:15:24: 	Recall@10: 0.06442 Recall@20: 0.09358 NDCG@10: 0.03878 NDCG@20: 0.04688 
09/05/2026,08:15:24: 	Recall@10: 0.02719 Recall@20: 0.04086 NDCG@10: 0.01499 NDCG@20: 0.01868 
09/05/2026,08:15:24: Epoch [58/1000]
09/05/2026,08:15:24: Negative sampling...
09/05/2026,08:15:25: Model's personal time...
09/05/2026,08:15:25: Model diagnostics: arce_anchor_count_mean=31.154053, arce_blocker_budget_mean=18.845947, arce_blocker_entropy_mean=4.940614, arce_blocker_inclusion_mean=0.159945, arce_closure_difficulty_mean=0.661497, arce_closure_difficulty_std=0.296945, arce_gamma_effective_beta=3.000000, arce_gamma_max=0.786628, arce_gamma_mean=0.174707, arce_gamma_min=0.052866, arce_gamma_mode=sample_overlap, arce_gamma_reassignment_l1_mean=0.000000, arce_gamma_std=0.097283, arce_logq_lambda=0.100000, arce_sample_gamma_mean=0.174707, arce_sampled_teacher_overlap_mean=0.623081, arce_sampler=marginal, arce_sampling_power=1.000000, arce_teacher_missing_mass_mean=0.217004, arce_teacher_missing_mass_std=0.118836
09/05/2026,08:15:25: Training...
09/05/2026,08:15:27: Evaluating...
09/05/2026,08:15:27: 	Train Loss: 3433261.0000 (base: 352.9494, kd: 6865.8164), Elapsed: train 2.83 test 0.26 *
09/05/2026,08:15:27: 	Recall@10: 0.06405 Recall@20: 0.09378 NDCG@10: 0.03881 NDCG@20: 0.04709 
09/05/2026,08:15:27: 	Recall@10: 0.02711 Recall@20: 0.04125 NDCG@10: 0.01505 NDCG@20: 0.01886 
09/05/2026,08:15:27: Epoch [59/1000]
09/05/2026,08:15:27: Negative sampling...
09/05/2026,08:15:28: Model's personal time...
09/05/2026,08:15:28: Model diagnostics: arce_anchor_count_mean=31.235678, arce_blocker_budget_mean=18.764322, arce_blocker_entropy_mean=4.938261, arce_blocker_inclusion_mean=0.159890, arce_closure_difficulty_mean=0.658717, arce_closure_difficulty_std=0.296072, arce_gamma_effective_beta=3.000000, arce_gamma_max=0.786628, arce_gamma_mean=0.173769, arce_gamma_min=0.052866, arce_gamma_mode=sample_overlap, arce_gamma_reassignment_l1_mean=0.000000, arce_gamma_std=0.096566, arce_logq_lambda=0.100000, arce_sample_gamma_mean=0.173769, arce_sampled_teacher_overlap_mean=0.624714, arce_sampler=marginal, arce_sampling_power=1.000000, arce_teacher_missing_mass_mean=0.215510, arce_teacher_missing_mass_std=0.118089
09/05/2026,08:15:28: Training...
09/05/2026,08:15:30: Evaluating...
09/05/2026,08:15:30: 	Train Loss: 3432851.5000 (base: 348.3898, kd: 6865.0063), Elapsed: train 2.54 test 0.27 *
09/05/2026,08:15:30: 	Recall@10: 0.06433 Recall@20: 0.09365 NDCG@10: 0.03908 NDCG@20: 0.04724 
09/05/2026,08:15:30: 	Recall@10: 0.02745 Recall@20: 0.04110 NDCG@10: 0.01511 NDCG@20: 0.01879 
09/05/2026,08:15:30: Epoch [60/1000]
09/05/2026,08:15:30: Negative sampling...
09/05/2026,08:15:31: Model's personal time...
09/05/2026,08:15:31: Model diagnostics: arce_anchor_count_mean=31.316536, arce_blocker_budget_mean=18.683464, arce_blocker_entropy_mean=4.935643, arce_blocker_inclusion_mean=0.159715, arce_closure_difficulty_mean=0.656139, arce_closure_difficulty_std=0.295539, arce_gamma_effective_beta=3.000000, arce_gamma_max=0.786628, arce_gamma_mean=0.172957, arce_gamma_min=0.052866, arce_gamma_mode=sample_overlap, arce_gamma_reassignment_l1_mean=0.000000, arce_gamma_std=0.096389, arce_logq_lambda=0.100000, arce_sample_gamma_mean=0.172957, arce_sampled_teacher_overlap_mean=0.626331, arce_sampler=marginal, arce_sampling_power=1.000000, arce_teacher_missing_mass_mean=0.214098, arce_teacher_missing_mass_std=0.117631
09/05/2026,08:15:31: Training...
09/05/2026,08:15:32: Evaluating...
09/05/2026,08:15:33: 	Train Loss: 3433046.7500 (base: 345.7309, kd: 6865.4028), Elapsed: train 2.60 test 0.26
09/05/2026,08:15:33: 	Recall@10: 0.06540 Recall@20: 0.09413 NDCG@10: 0.03924 NDCG@20: 0.04721 
09/05/2026,08:15:33: 	Recall@10: 0.02695 Recall@20: 0.04132 NDCG@10: 0.01497 NDCG@20: 0.01887 
09/05/2026,08:15:33: Epoch [61/1000]
09/05/2026,08:15:33: Negative sampling...
09/05/2026,08:15:34: Model's personal time...
09/05/2026,08:15:34: Model diagnostics: arce_anchor_count_mean=31.402184, arce_blocker_budget_mean=18.597815, arce_blocker_entropy_mean=4.932619, arce_blocker_inclusion_mean=0.159695, arce_closure_difficulty_mean=0.653776, arce_closure_difficulty_std=0.295316, arce_gamma_effective_beta=3.000000, arce_gamma_max=0.786628, arce_gamma_mean=0.171968, arce_gamma_min=0.052866, arce_gamma_mode=sample_overlap, arce_gamma_reassignment_l1_mean=0.000000, arce_gamma_std=0.095676, arce_logq_lambda=0.100000, arce_sample_gamma_mean=0.171968, arce_sampled_teacher_overlap_mean=0.628044, arce_sampler=marginal, arce_sampling_power=1.000000, arce_teacher_missing_mass_mean=0.212743, arce_teacher_missing_mass_std=0.117057
09/05/2026,08:15:34: Training...
09/05/2026,08:15:35: Evaluating...
09/05/2026,08:15:36: 	Train Loss: 3432863.0000 (base: 341.7025, kd: 6865.0425), Elapsed: train 2.63 test 0.26
09/05/2026,08:15:36: 	Recall@10: 0.06505 Recall@20: 0.09339 NDCG@10: 0.03932 NDCG@20: 0.04721 
09/05/2026,08:15:36: 	Recall@10: 0.02697 Recall@20: 0.04129 NDCG@10: 0.01497 NDCG@20: 0.01887 
09/05/2026,08:15:36: Epoch [62/1000]
09/05/2026,08:15:36: Negative sampling...
09/05/2026,08:15:37: Model's personal time...
09/05/2026,08:15:37: Model diagnostics: arce_anchor_count_mean=31.495113, arce_blocker_budget_mean=18.504887, arce_blocker_entropy_mean=4.929863, arce_blocker_inclusion_mean=0.159597, arce_closure_difficulty_mean=0.651054, arce_closure_difficulty_std=0.294706, arce_gamma_effective_beta=3.000000, arce_gamma_max=0.786628, arce_gamma_mean=0.170991, arce_gamma_min=0.052866, arce_gamma_mode=sample_overlap, arce_gamma_reassignment_l1_mean=0.000000, arce_gamma_std=0.095138, arce_logq_lambda=0.100000, arce_sample_gamma_mean=0.170991, arce_sampled_teacher_overlap_mean=0.629902, arce_sampler=marginal, arce_sampling_power=1.000000, arce_teacher_missing_mass_mean=0.211271, arce_teacher_missing_mass_std=0.116575
09/05/2026,08:15:37: Training...
09/05/2026,08:15:38: Evaluating...
09/05/2026,08:15:38: 	Train Loss: 3433364.5000 (base: 335.7838, kd: 6866.0571), Elapsed: train 2.56 test 0.26 *
09/05/2026,08:15:38: 	Recall@10: 0.06529 Recall@20: 0.09326 NDCG@10: 0.03963 NDCG@20: 0.04743 
09/05/2026,08:15:38: 	Recall@10: 0.02619 Recall@20: 0.04150 NDCG@10: 0.01458 NDCG@20: 0.01873 
09/05/2026,08:15:38: Epoch [63/1000]
09/05/2026,08:15:38: Negative sampling...
09/05/2026,08:15:40: Model's personal time...
09/05/2026,08:15:40: Model diagnostics: arce_anchor_count_mean=31.585361, arce_blocker_budget_mean=18.414639, arce_blocker_entropy_mean=4.927467, arce_blocker_inclusion_mean=0.159301, arce_closure_difficulty_mean=0.648019, arce_closure_difficulty_std=0.294139, arce_gamma_effective_beta=3.000000, arce_gamma_max=0.786628, arce_gamma_mean=0.170071, arce_gamma_min=0.052866, arce_gamma_mode=sample_overlap, arce_gamma_reassignment_l1_mean=0.000000, arce_gamma_std=0.094712, arce_logq_lambda=0.100000, arce_sample_gamma_mean=0.170071, arce_sampled_teacher_overlap_mean=0.631707, arce_sampler=marginal, arce_sampling_power=1.000000, arce_teacher_missing_mass_mean=0.209653, arce_teacher_missing_mass_std=0.115957
09/05/2026,08:15:40: Training...
09/05/2026,08:15:41: Evaluating...
09/05/2026,08:15:41: 	Train Loss: 3433077.5000 (base: 333.3539, kd: 6865.4893), Elapsed: train 2.56 test 0.27
09/05/2026,08:15:41: 	Recall@10: 0.06519 Recall@20: 0.09303 NDCG@10: 0.03963 NDCG@20: 0.04739 
09/05/2026,08:15:41: 	Recall@10: 0.02657 Recall@20: 0.04179 NDCG@10: 0.01484 NDCG@20: 0.01895 
09/05/2026,08:15:41: Epoch [64/1000]
09/05/2026,08:15:41: Negative sampling...
09/05/2026,08:15:43: Model's personal time...
09/05/2026,08:15:43: Model diagnostics: arce_anchor_count_mean=31.664303, arce_blocker_budget_mean=18.335697, arce_blocker_entropy_mean=4.925037, arce_blocker_inclusion_mean=0.159339, arce_closure_difficulty_mean=0.645465, arce_closure_difficulty_std=0.293384, arce_gamma_effective_beta=3.000000, arce_gamma_max=0.786628, arce_gamma_mean=0.169205, arce_gamma_min=0.052866, arce_gamma_mode=sample_overlap, arce_gamma_reassignment_l1_mean=0.000000, arce_gamma_std=0.094181, arce_logq_lambda=0.100000, arce_sample_gamma_mean=0.169205, arce_sampled_teacher_overlap_mean=0.633286, arce_sampler=marginal, arce_sampling_power=1.000000, arce_teacher_missing_mass_mean=0.208310, arce_teacher_missing_mass_std=0.115380
09/05/2026,08:15:43: Training...
09/05/2026,08:15:44: Evaluating...
09/05/2026,08:15:44: 	Train Loss: 3432943.2500 (base: 326.0942, kd: 6865.2344), Elapsed: train 2.52 test 0.27
09/05/2026,08:15:44: 	Recall@10: 0.06472 Recall@20: 0.09271 NDCG@10: 0.03955 NDCG@20: 0.04738 
09/05/2026,08:15:44: 	Recall@10: 0.02667 Recall@20: 0.04220 NDCG@10: 0.01500 NDCG@20: 0.01919 
09/05/2026,08:15:44: Epoch [65/1000]
09/05/2026,08:15:44: Negative sampling...
09/05/2026,08:15:45: Model's personal time...
09/05/2026,08:15:45: Model diagnostics: arce_anchor_count_mean=31.750910, arce_blocker_budget_mean=18.249090, arce_blocker_entropy_mean=4.922248, arce_blocker_inclusion_mean=0.159149, arce_closure_difficulty_mean=0.642615, arce_closure_difficulty_std=0.292630, arce_gamma_effective_beta=3.000000, arce_gamma_max=0.786628, arce_gamma_mean=0.168270, arce_gamma_min=0.052866, arce_gamma_mode=sample_overlap, arce_gamma_reassignment_l1_mean=0.000000, arce_gamma_std=0.093602, arce_logq_lambda=0.100000, arce_sample_gamma_mean=0.168270, arce_sampled_teacher_overlap_mean=0.635018, arce_sampler=marginal, arce_sampling_power=1.000000, arce_teacher_missing_mass_mean=0.206809, arce_teacher_missing_mass_std=0.114759
09/05/2026,08:15:45: Training...
09/05/2026,08:15:46: Evaluating...
09/05/2026,08:15:47: 	Train Loss: 3432577.0000 (base: 328.1625, kd: 6864.4971), Elapsed: train 2.41 test 0.27 *
09/05/2026,08:15:47: 	Recall@10: 0.06540 Recall@20: 0.09308 NDCG@10: 0.03994 NDCG@20: 0.04765 
09/05/2026,08:15:47: 	Recall@10: 0.02707 Recall@20: 0.04166 NDCG@10: 0.01518 NDCG@20: 0.01913 
09/05/2026,08:15:47: Epoch [66/1000]
09/05/2026,08:15:47: Negative sampling...
09/05/2026,08:15:48: Model's personal time...
09/05/2026,08:15:48: Model diagnostics: arce_anchor_count_mean=31.831385, arce_blocker_budget_mean=18.168615, arce_blocker_entropy_mean=4.920434, arce_blocker_inclusion_mean=0.159401, arce_closure_difficulty_mean=0.640108, arce_closure_difficulty_std=0.292107, arce_gamma_effective_beta=3.000000, arce_gamma_max=0.786628, arce_gamma_mean=0.167462, arce_gamma_min=0.052866, arce_gamma_mode=sample_overlap, arce_gamma_reassignment_l1_mean=0.000000, arce_gamma_std=0.093182, arce_logq_lambda=0.100000, arce_sample_gamma_mean=0.167462, arce_sampled_teacher_overlap_mean=0.636628, arce_sampler=marginal, arce_sampling_power=1.000000, arce_teacher_missing_mass_mean=0.205439, arce_teacher_missing_mass_std=0.114274
09/05/2026,08:15:48: Training...
09/05/2026,08:15:49: Evaluating...
09/05/2026,08:15:50: 	Train Loss: 3432639.2500 (base: 320.3115, kd: 6864.6377), Elapsed: train 2.67 test 0.29 *
09/05/2026,08:15:50: 	Recall@10: 0.06520 Recall@20: 0.09274 NDCG@10: 0.04011 NDCG@20: 0.04778 
09/05/2026,08:15:50: 	Recall@10: 0.02692 Recall@20: 0.04218 NDCG@10: 0.01510 NDCG@20: 0.01921 
09/05/2026,08:15:50: Epoch [67/1000]
09/05/2026,08:15:50: Negative sampling...
09/05/2026,08:15:51: Model's personal time...
09/05/2026,08:15:51: Model diagnostics: arce_anchor_count_mean=31.910328, arce_blocker_budget_mean=18.089672, arce_blocker_entropy_mean=4.917573, arce_blocker_inclusion_mean=0.159129, arce_closure_difficulty_mean=0.636910, arce_closure_difficulty_std=0.291366, arce_gamma_effective_beta=3.000000, arce_gamma_max=0.786628, arce_gamma_mean=0.166690, arce_gamma_min=0.052866, arce_gamma_mode=sample_overlap, arce_gamma_reassignment_l1_mean=0.000000, arce_gamma_std=0.093005, arce_logq_lambda=0.100000, arce_sample_gamma_mean=0.166690, arce_sampled_teacher_overlap_mean=0.638206, arce_sampler=marginal, arce_sampling_power=1.000000, arce_teacher_missing_mass_mean=0.203971, arce_teacher_missing_mass_std=0.113867
09/05/2026,08:15:51: Training...
09/05/2026,08:15:52: Evaluating...
09/05/2026,08:15:53: 	Train Loss: 3433065.0000 (base: 318.7809, kd: 6865.4927), Elapsed: train 2.60 test 0.28
09/05/2026,08:15:53: 	Recall@10: 0.06415 Recall@20: 0.09330 NDCG@10: 0.03966 NDCG@20: 0.04778 
09/05/2026,08:15:53: 	Recall@10: 0.02693 Recall@20: 0.04196 NDCG@10: 0.01513 NDCG@20: 0.01921 
09/05/2026,08:15:53: Epoch [68/1000]
09/05/2026,08:15:53: Negative sampling...
09/05/2026,08:15:54: Model's personal time...
09/05/2026,08:15:54: Model diagnostics: arce_anchor_count_mean=31.995209, arce_blocker_budget_mean=18.004789, arce_blocker_entropy_mean=4.915253, arce_blocker_inclusion_mean=0.159127, arce_closure_difficulty_mean=0.634079, arce_closure_difficulty_std=0.290642, arce_gamma_effective_beta=3.000000, arce_gamma_max=0.786628, arce_gamma_mean=0.165774, arce_gamma_min=0.052866, arce_gamma_mode=sample_overlap, arce_gamma_reassignment_l1_mean=0.000000, arce_gamma_std=0.092544, arce_logq_lambda=0.100000, arce_sample_gamma_mean=0.165774, arce_sampled_teacher_overlap_mean=0.639904, arce_sampler=marginal, arce_sampling_power=1.000000, arce_teacher_missing_mass_mean=0.202570, arce_teacher_missing_mass_std=0.113270
09/05/2026,08:15:54: Training...
09/05/2026,08:15:55: Evaluating...
09/05/2026,08:15:55: 	Train Loss: 3432717.0000 (base: 313.9956, kd: 6864.8062), Elapsed: train 2.58 test 0.26
09/05/2026,08:15:55: 	Recall@10: 0.06465 Recall@20: 0.09197 NDCG@10: 0.04001 NDCG@20: 0.04768 
09/05/2026,08:15:55: 	Recall@10: 0.02777 Recall@20: 0.04253 NDCG@10: 0.01517 NDCG@20: 0.01913 
09/05/2026,08:15:55: Epoch [69/1000]
09/05/2026,08:15:55: Negative sampling...
09/05/2026,08:15:57: Model's personal time...
09/05/2026,08:15:57: Model diagnostics: arce_anchor_count_mean=32.068211, arce_blocker_budget_mean=17.931787, arce_blocker_entropy_mean=4.912154, arce_blocker_inclusion_mean=0.158712, arce_closure_difficulty_mean=0.631625, arce_closure_difficulty_std=0.289788, arce_gamma_effective_beta=3.000000, arce_gamma_max=0.786628, arce_gamma_mean=0.164994, arce_gamma_min=0.052866, arce_gamma_mode=sample_overlap, arce_gamma_reassignment_l1_mean=0.000000, arce_gamma_std=0.091967, arce_logq_lambda=0.100000, arce_sample_gamma_mean=0.164994, arce_sampled_teacher_overlap_mean=0.641364, arce_sampler=marginal, arce_sampling_power=1.000000, arce_teacher_missing_mass_mean=0.201313, arce_teacher_missing_mass_std=0.112540
09/05/2026,08:15:57: Training...
09/05/2026,08:15:58: Evaluating...
09/05/2026,08:15:58: 	Train Loss: 3432976.2500 (base: 308.4552, kd: 6865.3354), Elapsed: train 2.49 test 0.28
09/05/2026,08:15:58: 	Recall@10: 0.06435 Recall@20: 0.09310 NDCG@10: 0.03958 NDCG@20: 0.04761 
09/05/2026,08:15:58: 	Recall@10: 0.02700 Recall@20: 0.04252 NDCG@10: 0.01500 NDCG@20: 0.01919 
09/05/2026,08:15:58: Epoch [70/1000]
09/05/2026,08:15:58: Negative sampling...
09/05/2026,08:16:00: Model's personal time...
09/05/2026,08:16:00: Model diagnostics: arce_anchor_count_mean=32.148113, arce_blocker_budget_mean=17.851887, arce_blocker_entropy_mean=4.909556, arce_blocker_inclusion_mean=0.159004, arce_closure_difficulty_mean=0.629160, arce_closure_difficulty_std=0.288845, arce_gamma_effective_beta=3.000000, arce_gamma_max=0.786628, arce_gamma_mean=0.164084, arce_gamma_min=0.052866, arce_gamma_mode=sample_overlap, arce_gamma_reassignment_l1_mean=0.000000, arce_gamma_std=0.091169, arce_logq_lambda=0.100000, arce_sample_gamma_mean=0.164084, arce_sampled_teacher_overlap_mean=0.642962, arce_sampler=marginal, arce_sampling_power=1.000000, arce_teacher_missing_mass_mean=0.200010, arce_teacher_missing_mass_std=0.111843
09/05/2026,08:16:00: Training...
09/05/2026,08:16:01: Evaluating...
09/05/2026,08:16:01: 	Train Loss: 3433067.7500 (base: 307.4623, kd: 6865.5210), Elapsed: train 2.58 test 0.27
09/05/2026,08:16:01: 	Recall@10: 0.06527 Recall@20: 0.09275 NDCG@10: 0.04003 NDCG@20: 0.04773 
09/05/2026,08:16:01: 	Recall@10: 0.02645 Recall@20: 0.04248 NDCG@10: 0.01480 NDCG@20: 0.01909 
09/05/2026,08:16:01: Epoch [71/1000]
09/05/2026,08:16:01: Negative sampling...
09/05/2026,08:16:02: Model's personal time...
09/05/2026,08:16:02: Model diagnostics: arce_anchor_count_mean=32.219967, arce_blocker_budget_mean=17.780035, arce_blocker_entropy_mean=4.907045, arce_blocker_inclusion_mean=0.159177, arce_closure_difficulty_mean=0.626638, arce_closure_difficulty_std=0.288238, arce_gamma_effective_beta=3.000000, arce_gamma_max=0.786628, arce_gamma_mean=0.163364, arce_gamma_min=0.052866, arce_gamma_mode=sample_overlap, arce_gamma_reassignment_l1_mean=0.000000, arce_gamma_std=0.090672, arce_logq_lambda=0.100000, arce_sample_gamma_mean=0.163364, arce_sampled_teacher_overlap_mean=0.644399, arce_sampler=marginal, arce_sampling_power=1.000000, arce_teacher_missing_mass_mean=0.198867, arce_teacher_missing_mass_std=0.111509
09/05/2026,08:16:02: Training...
09/05/2026,08:16:04: Evaluating...
09/05/2026,08:16:04: 	Train Loss: 3434006.2500 (base: 304.7542, kd: 6867.4028), Elapsed: train 2.70 test 0.28 *
09/05/2026,08:16:04: 	Recall@10: 0.06493 Recall@20: 0.09310 NDCG@10: 0.04034 NDCG@20: 0.04822 
09/05/2026,08:16:04: 	Recall@10: 0.02681 Recall@20: 0.04187 NDCG@10: 0.01503 NDCG@20: 0.01912 
09/05/2026,08:16:04: Epoch [72/1000]
09/05/2026,08:16:04: Negative sampling...
09/05/2026,08:16:05: Model's personal time...
09/05/2026,08:16:05: Model diagnostics: arce_anchor_count_mean=32.295074, arce_blocker_budget_mean=17.704924, arce_blocker_entropy_mean=4.904423, arce_blocker_inclusion_mean=0.158963, arce_closure_difficulty_mean=0.624234, arce_closure_difficulty_std=0.287711, arce_gamma_effective_beta=3.000000, arce_gamma_max=0.786628, arce_gamma_mean=0.162485, arce_gamma_min=0.052866, arce_gamma_mode=sample_overlap, arce_gamma_reassignment_l1_mean=0.000000, arce_gamma_std=0.089812, arce_logq_lambda=0.100000, arce_sample_gamma_mean=0.162485, arce_sampled_teacher_overlap_mean=0.645901, arce_sampler=marginal, arce_sampling_power=1.000000, arce_teacher_missing_mass_mean=0.197699, arce_teacher_missing_mass_std=0.111113
09/05/2026,08:16:05: Training...
09/05/2026,08:16:07: Evaluating...
09/05/2026,08:16:07: 	Train Loss: 3433323.2500 (base: 304.7343, kd: 6866.0366), Elapsed: train 2.77 test 0.26
09/05/2026,08:16:07: 	Recall@10: 0.06586 Recall@20: 0.09363 NDCG@10: 0.04022 NDCG@20: 0.04795 
09/05/2026,08:16:07: 	Recall@10: 0.02686 Recall@20: 0.04267 NDCG@10: 0.01495 NDCG@20: 0.01921 
09/05/2026,08:16:07: Epoch [73/1000]
09/05/2026,08:16:07: Negative sampling...
09/05/2026,08:16:08: Model's personal time...
09/05/2026,08:16:08: Model diagnostics: arce_anchor_count_mean=32.374977, arce_blocker_budget_mean=17.625023, arce_blocker_entropy_mean=4.902191, arce_blocker_inclusion_mean=0.158851, arce_closure_difficulty_mean=0.621972, arce_closure_difficulty_std=0.287241, arce_gamma_effective_beta=3.000000, arce_gamma_max=0.786628, arce_gamma_mean=0.161624, arce_gamma_min=0.052866, arce_gamma_mode=sample_overlap, arce_gamma_reassignment_l1_mean=0.000000, arce_gamma_std=0.089235, arce_logq_lambda=0.100000, arce_sample_gamma_mean=0.161624, arce_sampled_teacher_overlap_mean=0.647500, arce_sampler=marginal, arce_sampling_power=1.000000, arce_teacher_missing_mass_mean=0.196379, arce_teacher_missing_mass_std=0.110482
09/05/2026,08:16:08: Training...
09/05/2026,08:16:09: Evaluating...
09/05/2026,08:16:10: 	Train Loss: 3433673.7500 (base: 300.4914, kd: 6866.7466), Elapsed: train 2.49 test 0.26 *
09/05/2026,08:16:10: 	Recall@10: 0.06577 Recall@20: 0.09345 NDCG@10: 0.04057 NDCG@20: 0.04824 
09/05/2026,08:16:10: 	Recall@10: 0.02619 Recall@20: 0.04242 NDCG@10: 0.01492 NDCG@20: 0.01933 
09/05/2026,08:16:10: Epoch [74/1000]
09/05/2026,08:16:10: Negative sampling...
09/05/2026,08:16:11: Model's personal time...
09/05/2026,08:16:11: Model diagnostics: arce_anchor_count_mean=32.447788, arce_blocker_budget_mean=17.552214, arce_blocker_entropy_mean=4.899624, arce_blocker_inclusion_mean=0.158657, arce_closure_difficulty_mean=0.619288, arce_closure_difficulty_std=0.286539, arce_gamma_effective_beta=3.000000, arce_gamma_max=0.786628, arce_gamma_mean=0.160854, arce_gamma_min=0.052866, arce_gamma_mode=sample_overlap, arce_gamma_reassignment_l1_mean=0.000000, arce_gamma_std=0.088653, arce_logq_lambda=0.100000, arce_sample_gamma_mean=0.160854, arce_sampled_teacher_overlap_mean=0.648956, arce_sampler=marginal, arce_sampling_power=1.000000, arce_teacher_missing_mass_mean=0.195141, arce_teacher_missing_mass_std=0.109914
09/05/2026,08:16:11: Training...
09/05/2026,08:16:12: Evaluating...
09/05/2026,08:16:13: 	Train Loss: 3433816.5000 (base: 297.8424, kd: 6867.0366), Elapsed: train 2.70 test 0.27 *
09/05/2026,08:16:13: 	Recall@10: 0.06485 Recall@20: 0.09446 NDCG@10: 0.04018 NDCG@20: 0.04832 
09/05/2026,08:16:13: 	Recall@10: 0.02686 Recall@20: 0.04261 NDCG@10: 0.01503 NDCG@20: 0.01930 
09/05/2026,08:16:13: Epoch [75/1000]
09/05/2026,08:16:13: Negative sampling...
09/05/2026,08:16:14: Model's personal time...
09/05/2026,08:16:14: Model diagnostics: arce_anchor_count_mean=32.512360, arce_blocker_budget_mean=17.487640, arce_blocker_entropy_mean=4.897047, arce_blocker_inclusion_mean=0.158241, arce_closure_difficulty_mean=0.617201, arce_closure_difficulty_std=0.285817, arce_gamma_effective_beta=3.000000, arce_gamma_max=0.740818, arce_gamma_mean=0.160157, arce_gamma_min=0.052866, arce_gamma_mode=sample_overlap, arce_gamma_reassignment_l1_mean=0.000000, arce_gamma_std=0.088119, arce_logq_lambda=0.100000, arce_sample_gamma_mean=0.160157, arce_sampled_teacher_overlap_mean=0.650247, arce_sampler=marginal, arce_sampling_power=1.000000, arce_teacher_missing_mass_mean=0.194113, arce_teacher_missing_mass_std=0.109503
09/05/2026,08:16:14: Training...
09/05/2026,08:16:15: Evaluating...
09/05/2026,08:16:16: 	Train Loss: 3433329.5000 (base: 294.7859, kd: 6866.0698), Elapsed: train 2.57 test 0.26 *
09/05/2026,08:16:16: 	Recall@10: 0.06525 Recall@20: 0.09476 NDCG@10: 0.04034 NDCG@20: 0.04845 
09/05/2026,08:16:16: 	Recall@10: 0.02630 Recall@20: 0.04272 NDCG@10: 0.01488 NDCG@20: 0.01931 
09/05/2026,08:16:16: Epoch [76/1000]
09/05/2026,08:16:16: Negative sampling...
09/05/2026,08:16:17: Model's personal time...
09/05/2026,08:16:17: Model diagnostics: arce_anchor_count_mean=32.596859, arce_blocker_budget_mean=17.403143, arce_blocker_entropy_mean=4.894368, arce_blocker_inclusion_mean=0.158232, arce_closure_difficulty_mean=0.614715, arce_closure_difficulty_std=0.285304, arce_gamma_effective_beta=3.000000, arce_gamma_max=0.740818, arce_gamma_mean=0.159298, arce_gamma_min=0.052866, arce_gamma_mode=sample_overlap, arce_gamma_reassignment_l1_mean=0.000000, arce_gamma_std=0.087560, arce_logq_lambda=0.100000, arce_sample_gamma_mean=0.159298, arce_sampled_teacher_overlap_mean=0.651937, arce_sampler=marginal, arce_sampling_power=1.000000, arce_teacher_missing_mass_mean=0.192831, arce_teacher_missing_mass_std=0.109105
09/05/2026,08:16:17: Training...
09/05/2026,08:16:18: Evaluating...
09/05/2026,08:16:19: 	Train Loss: 3433783.7500 (base: 291.6702, kd: 6866.9844), Elapsed: train 2.72 test 0.28
09/05/2026,08:16:19: 	Recall@10: 0.06442 Recall@20: 0.09410 NDCG@10: 0.03968 NDCG@20: 0.04799 
09/05/2026,08:16:19: 	Recall@10: 0.02609 Recall@20: 0.04305 NDCG@10: 0.01471 NDCG@20: 0.01929 
09/05/2026,08:16:19: Epoch [77/1000]
09/05/2026,08:16:19: Negative sampling...
09/05/2026,08:16:20: Model's personal time...
09/05/2026,08:16:20: Model diagnostics: arce_anchor_count_mean=32.681549, arce_blocker_budget_mean=17.318451, arce_blocker_entropy_mean=4.892128, arce_blocker_inclusion_mean=0.158567, arce_closure_difficulty_mean=0.611883, arce_closure_difficulty_std=0.284370, arce_gamma_effective_beta=3.000000, arce_gamma_max=0.740818, arce_gamma_mean=0.158408, arce_gamma_min=0.052866, arce_gamma_mode=sample_overlap, arce_gamma_reassignment_l1_mean=0.000000, arce_gamma_std=0.086986, arce_logq_lambda=0.100000, arce_sample_gamma_mean=0.158408, arce_sampled_teacher_overlap_mean=0.653631, arce_sampler=marginal, arce_sampling_power=1.000000, arce_teacher_missing_mass_mean=0.191387, arce_teacher_missing_mass_std=0.108235
09/05/2026,08:16:20: Training...
09/05/2026,08:16:21: Evaluating...
09/05/2026,08:16:21: 	Train Loss: 3433825.0000 (base: 288.8038, kd: 6867.0718), Elapsed: train 2.63 test 0.27 *
09/05/2026,08:16:21: 	Recall@10: 0.06524 Recall@20: 0.09492 NDCG@10: 0.04027 NDCG@20: 0.04847 
09/05/2026,08:16:21: 	Recall@10: 0.02639 Recall@20: 0.04295 NDCG@10: 0.01490 NDCG@20: 0.01940 
09/05/2026,08:16:21: Epoch [78/1000]
09/05/2026,08:16:21: Negative sampling...
09/05/2026,08:16:23: Model's personal time...
09/05/2026,08:16:23: Model diagnostics: arce_anchor_count_mean=32.745930, arce_blocker_budget_mean=17.254072, arce_blocker_entropy_mean=4.889528, arce_blocker_inclusion_mean=0.158169, arce_closure_difficulty_mean=0.609475, arce_closure_difficulty_std=0.283990, arce_gamma_effective_beta=3.000000, arce_gamma_max=0.740818, arce_gamma_mean=0.157699, arce_gamma_min=0.052866, arce_gamma_mode=sample_overlap, arce_gamma_reassignment_l1_mean=0.000000, arce_gamma_std=0.086304, arce_logq_lambda=0.100000, arce_sample_gamma_mean=0.157699, arce_sampled_teacher_overlap_mean=0.654919, arce_sampler=marginal, arce_sampling_power=1.000000, arce_teacher_missing_mass_mean=0.190378, arce_teacher_missing_mass_std=0.108013
09/05/2026,08:16:23: Training...
09/05/2026,08:16:24: Evaluating...
09/05/2026,08:16:24: 	Train Loss: 3433926.5000 (base: 288.8095, kd: 6867.2754), Elapsed: train 2.62 test 0.28 *
09/05/2026,08:16:24: 	Recall@10: 0.06450 Recall@20: 0.09562 NDCG@10: 0.04027 NDCG@20: 0.04884 
09/05/2026,08:16:24: 	Recall@10: 0.02705 Recall@20: 0.04276 NDCG@10: 0.01505 NDCG@20: 0.01929 
09/05/2026,08:16:24: Epoch [79/1000]
09/05/2026,08:16:24: Negative sampling...
09/05/2026,08:16:26: Model's personal time...
09/05/2026,08:16:26: Model diagnostics: arce_anchor_count_mean=32.832726, arce_blocker_budget_mean=17.167273, arce_blocker_entropy_mean=4.886817, arce_blocker_inclusion_mean=0.157816, arce_closure_difficulty_mean=0.607302, arce_closure_difficulty_std=0.283595, arce_gamma_effective_beta=3.000000, arce_gamma_max=0.740818, arce_gamma_mean=0.156814, arce_gamma_min=0.052866, arce_gamma_mode=sample_overlap, arce_gamma_reassignment_l1_mean=0.000000, arce_gamma_std=0.085762, arce_logq_lambda=0.100000, arce_sample_gamma_mean=0.156814, arce_sampled_teacher_overlap_mean=0.656654, arce_sampler=marginal, arce_sampling_power=1.000000, arce_teacher_missing_mass_mean=0.189170, arce_teacher_missing_mass_std=0.107539
09/05/2026,08:16:26: Training...
09/05/2026,08:16:27: Evaluating...
09/05/2026,08:16:27: 	Train Loss: 3434251.2500 (base: 283.4091, kd: 6867.9360), Elapsed: train 2.56 test 0.26
09/05/2026,08:16:27: 	Recall@10: 0.06511 Recall@20: 0.09556 NDCG@10: 0.04011 NDCG@20: 0.04850 
09/05/2026,08:16:27: 	Recall@10: 0.02725 Recall@20: 0.04307 NDCG@10: 0.01502 NDCG@20: 0.01926 
09/05/2026,08:16:27: Epoch [80/1000]
09/05/2026,08:16:27: Negative sampling...
09/05/2026,08:16:29: Model's personal time...
09/05/2026,08:16:29: Model diagnostics: arce_anchor_count_mean=32.894615, arce_blocker_budget_mean=17.105385, arce_blocker_entropy_mean=4.885893, arce_blocker_inclusion_mean=0.158756, arce_closure_difficulty_mean=0.604886, arce_closure_difficulty_std=0.282979, arce_gamma_effective_beta=3.000000, arce_gamma_max=0.740818, arce_gamma_mean=0.156200, arce_gamma_min=0.049787, arce_gamma_mode=sample_overlap, arce_gamma_reassignment_l1_mean=0.000000, arce_gamma_std=0.085374, arce_logq_lambda=0.100000, arce_sample_gamma_mean=0.156200, arce_sampled_teacher_overlap_mean=0.657892, arce_sampler=marginal, arce_sampling_power=1.000000, arce_teacher_missing_mass_mean=0.188090, arce_teacher_missing_mass_std=0.107056
09/05/2026,08:16:29: Training...
09/05/2026,08:16:30: Evaluating...
09/05/2026,08:16:30: 	Train Loss: 3434755.7500 (base: 284.0603, kd: 6868.9438), Elapsed: train 2.74 test 0.26
09/05/2026,08:16:30: 	Recall@10: 0.06555 Recall@20: 0.09614 NDCG@10: 0.04035 NDCG@20: 0.04878 
09/05/2026,08:16:30: 	Recall@10: 0.02688 Recall@20: 0.04246 NDCG@10: 0.01481 NDCG@20: 0.01901 
09/05/2026,08:16:30: Epoch [81/1000]
09/05/2026,08:16:30: Negative sampling...
09/05/2026,08:16:32: Model's personal time...
09/05/2026,08:16:32: Model diagnostics: arce_anchor_count_mean=32.965511, arce_blocker_budget_mean=17.034489, arce_blocker_entropy_mean=4.882707, arce_blocker_inclusion_mean=0.157708, arce_closure_difficulty_mean=0.603005, arce_closure_difficulty_std=0.282783, arce_gamma_effective_beta=3.000000, arce_gamma_max=0.740818, arce_gamma_mean=0.155484, arce_gamma_min=0.052866, arce_gamma_mode=sample_overlap, arce_gamma_reassignment_l1_mean=0.000000, arce_gamma_std=0.084879, arce_logq_lambda=0.100000, arce_sample_gamma_mean=0.155484, arce_sampled_teacher_overlap_mean=0.659310, arce_sampler=marginal, arce_sampling_power=1.000000, arce_teacher_missing_mass_mean=0.187105, arce_teacher_missing_mass_std=0.106697
09/05/2026,08:16:32: Training...
09/05/2026,08:16:33: Evaluating...
09/05/2026,08:16:33: 	Train Loss: 3434148.7500 (base: 279.8327, kd: 6867.7378), Elapsed: train 2.54 test 0.30
09/05/2026,08:16:33: 	Recall@10: 0.06573 Recall@20: 0.09543 NDCG@10: 0.04025 NDCG@20: 0.04842 
09/05/2026,08:16:33: 	Recall@10: 0.02743 Recall@20: 0.04244 NDCG@10: 0.01504 NDCG@20: 0.01908 
09/05/2026,08:16:33: Epoch [82/1000]
09/05/2026,08:16:33: Negative sampling...
09/05/2026,08:16:34: Model's personal time...
09/05/2026,08:16:34: Model diagnostics: arce_anchor_count_mean=33.027782, arce_blocker_budget_mean=16.972218, arce_blocker_entropy_mean=4.880506, arce_blocker_inclusion_mean=0.157945, arce_closure_difficulty_mean=0.600924, arce_closure_difficulty_std=0.282112, arce_gamma_effective_beta=3.000000, arce_gamma_max=0.740818, arce_gamma_mean=0.154846, arce_gamma_min=0.052866, arce_gamma_mode=sample_overlap, arce_gamma_reassignment_l1_mean=0.000000, arce_gamma_std=0.084454, arce_logq_lambda=0.100000, arce_sample_gamma_mean=0.154846, arce_sampled_teacher_overlap_mean=0.660556, arce_sampler=marginal, arce_sampling_power=1.000000, arce_teacher_missing_mass_mean=0.186144, arce_teacher_missing_mass_std=0.106293
09/05/2026,08:16:34: Training...
09/05/2026,08:16:36: Evaluating...
09/05/2026,08:16:36: 	Train Loss: 3435022.0000 (base: 275.6927, kd: 6869.4927), Elapsed: train 2.62 test 0.28
09/05/2026,08:16:36: 	Recall@10: 0.06594 Recall@20: 0.09657 NDCG@10: 0.04041 NDCG@20: 0.04883 
09/05/2026,08:16:36: 	Recall@10: 0.02676 Recall@20: 0.04230 NDCG@10: 0.01474 NDCG@20: 0.01896 
09/05/2026,08:16:36: Epoch [83/1000]
09/05/2026,08:16:36: Negative sampling...
09/05/2026,08:16:37: Model's personal time...
09/05/2026,08:16:37: Model diagnostics: arce_anchor_count_mean=33.084499, arce_blocker_budget_mean=16.915501, arce_blocker_entropy_mean=4.877843, arce_blocker_inclusion_mean=0.157349, arce_closure_difficulty_mean=0.598883, arce_closure_difficulty_std=0.281377, arce_gamma_effective_beta=3.000000, arce_gamma_max=0.740818, arce_gamma_mean=0.154232, arce_gamma_min=0.052866, arce_gamma_mode=sample_overlap, arce_gamma_reassignment_l1_mean=0.000000, arce_gamma_std=0.083994, arce_logq_lambda=0.100000, arce_sample_gamma_mean=0.154232, arce_sampled_teacher_overlap_mean=0.661690, arce_sampler=marginal, arce_sampling_power=1.000000, arce_teacher_missing_mass_mean=0.185184, arce_teacher_missing_mass_std=0.105765
09/05/2026,08:16:37: Training...
09/05/2026,08:16:38: Evaluating...
09/05/2026,08:16:39: 	Train Loss: 3434897.0000 (base: 272.9494, kd: 6869.2480), Elapsed: train 2.58 test 0.28
09/05/2026,08:16:39: 	Recall@10: 0.06532 Recall@20: 0.09634 NDCG@10: 0.04018 NDCG@20: 0.04873 
09/05/2026,08:16:39: 	Recall@10: 0.02725 Recall@20: 0.04213 NDCG@10: 0.01504 NDCG@20: 0.01906 
09/05/2026,08:16:39: Epoch [84/1000]
09/05/2026,08:16:39: Negative sampling...
09/05/2026,08:16:40: Model's personal time...
09/05/2026,08:16:40: Model diagnostics: arce_anchor_count_mean=33.160950, arce_blocker_budget_mean=16.839050, arce_blocker_entropy_mean=4.875863, arce_blocker_inclusion_mean=0.157697, arce_closure_difficulty_mean=0.596647, arce_closure_difficulty_std=0.280937, arce_gamma_effective_beta=3.000000, arce_gamma_max=0.740818, arce_gamma_mean=0.153412, arce_gamma_min=0.049787, arce_gamma_mode=sample_overlap, arce_gamma_reassignment_l1_mean=0.000000, arce_gamma_std=0.083229, arce_logq_lambda=0.100000, arce_sample_gamma_mean=0.153412, arce_sampled_teacher_overlap_mean=0.663219, arce_sampler=marginal, arce_sampling_power=1.000000, arce_teacher_missing_mass_mean=0.184099, arce_teacher_missing_mass_std=0.105354
09/05/2026,08:16:40: Training...
09/05/2026,08:16:41: Evaluating...
09/05/2026,08:16:42: 	Train Loss: 3434161.5000 (base: 270.5626, kd: 6867.7822), Elapsed: train 2.54 test 0.27
09/05/2026,08:16:42: 	Recall@10: 0.06506 Recall@20: 0.09618 NDCG@10: 0.03996 NDCG@20: 0.04858 
09/05/2026,08:16:42: 	Recall@10: 0.02721 Recall@20: 0.04258 NDCG@10: 0.01491 NDCG@20: 0.01902 
09/05/2026,08:16:42: Epoch [85/1000]
09/05/2026,08:16:42: Negative sampling...
09/05/2026,08:16:43: Model's personal time...
09/05/2026,08:16:43: Model diagnostics: arce_anchor_count_mean=33.215557, arce_blocker_budget_mean=16.784441, arce_blocker_entropy_mean=4.873345, arce_blocker_inclusion_mean=0.157085, arce_closure_difficulty_mean=0.594628, arce_closure_difficulty_std=0.280741, arce_gamma_effective_beta=3.000000, arce_gamma_max=0.740818, arce_gamma_mean=0.152766, arce_gamma_min=0.052866, arce_gamma_mode=sample_overlap, arce_gamma_reassignment_l1_mean=0.000000, arce_gamma_std=0.082502, arce_logq_lambda=0.100000, arce_sample_gamma_mean=0.152766, arce_sampled_teacher_overlap_mean=0.664311, arce_sampler=marginal, arce_sampling_power=1.000000, arce_teacher_missing_mass_mean=0.183225, arce_teacher_missing_mass_std=0.105012
09/05/2026,08:16:43: Training...
09/05/2026,08:16:44: Evaluating...
09/05/2026,08:16:45: 	Train Loss: 3434736.2500 (base: 269.1360, kd: 6868.9336), Elapsed: train 2.67 test 0.29
09/05/2026,08:16:45: 	Recall@10: 0.06549 Recall@20: 0.09616 NDCG@10: 0.04034 NDCG@20: 0.04882 
09/05/2026,08:16:45: 	Recall@10: 0.02721 Recall@20: 0.04253 NDCG@10: 0.01490 NDCG@20: 0.01903 
09/05/2026,08:16:45: Epoch [86/1000]
09/05/2026,08:16:45: Negative sampling...
09/05/2026,08:16:46: Model's personal time...
09/05/2026,08:16:46: Model diagnostics: arce_anchor_count_mean=33.284538, arce_blocker_budget_mean=16.715462, arce_blocker_entropy_mean=4.871806, arce_blocker_inclusion_mean=0.157875, arce_closure_difficulty_mean=0.592915, arce_closure_difficulty_std=0.280373, arce_gamma_effective_beta=3.000000, arce_gamma_max=0.740818, arce_gamma_mean=0.152029, arce_gamma_min=0.049787, arce_gamma_mode=sample_overlap, arce_gamma_reassignment_l1_mean=0.000000, arce_gamma_std=0.081844, arce_logq_lambda=0.100000, arce_sample_gamma_mean=0.152029, arce_sampled_teacher_overlap_mean=0.665691, arce_sampler=marginal, arce_sampling_power=1.000000, arce_teacher_missing_mass_mean=0.182314, arce_teacher_missing_mass_std=0.104625
09/05/2026,08:16:46: Training...
09/05/2026,08:16:47: Evaluating...
09/05/2026,08:16:47: 	Train Loss: 3434946.5000 (base: 267.7139, kd: 6869.3574), Elapsed: train 2.57 test 0.27
09/05/2026,08:16:47: 	Recall@10: 0.06527 Recall@20: 0.09651 NDCG@10: 0.04020 NDCG@20: 0.04880 
09/05/2026,08:16:47: 	Recall@10: 0.02702 Recall@20: 0.04178 NDCG@10: 0.01475 NDCG@20: 0.01873 
09/05/2026,08:16:47: Epoch [87/1000]
09/05/2026,08:16:47: Negative sampling...
09/05/2026,08:16:49: Model's personal time...
09/05/2026,08:16:49: Model diagnostics: arce_anchor_count_mean=33.340870, arce_blocker_budget_mean=16.659130, arce_blocker_entropy_mean=4.868922, arce_blocker_inclusion_mean=0.157053, arce_closure_difficulty_mean=0.590937, arce_closure_difficulty_std=0.279422, arce_gamma_effective_beta=3.000000, arce_gamma_max=0.740818, arce_gamma_mean=0.151469, arce_gamma_min=0.049787, arce_gamma_mode=sample_overlap, arce_gamma_reassignment_l1_mean=0.000000, arce_gamma_std=0.081454, arce_logq_lambda=0.100000, arce_sample_gamma_mean=0.151469, arce_sampled_teacher_overlap_mean=0.666817, arce_sampler=marginal, arce_sampling_power=1.000000, arce_teacher_missing_mass_mean=0.181461, arce_teacher_missing_mass_std=0.104145
09/05/2026,08:16:49: Training...
09/05/2026,08:16:50: Evaluating...
09/05/2026,08:16:50: 	Train Loss: 3434729.0000 (base: 265.2583, kd: 6868.9272), Elapsed: train 2.60 test 0.33 *
09/05/2026,08:16:50: 	Recall@10: 0.06583 Recall@20: 0.09690 NDCG@10: 0.04028 NDCG@20: 0.04890 
09/05/2026,08:16:50: 	Recall@10: 0.02721 Recall@20: 0.04191 NDCG@10: 0.01490 NDCG@20: 0.01888 
09/05/2026,08:16:50: Epoch [88/1000]
09/05/2026,08:16:50: Negative sampling...
09/05/2026,08:16:52: Model's personal time...
09/05/2026,08:16:52: Model diagnostics: arce_anchor_count_mean=33.407166, arce_blocker_budget_mean=16.592834, arce_blocker_entropy_mean=4.866614, arce_blocker_inclusion_mean=0.157846, arce_closure_difficulty_mean=0.588905, arce_closure_difficulty_std=0.278843, arce_gamma_effective_beta=3.000000, arce_gamma_max=0.740818, arce_gamma_mean=0.150762, arce_gamma_min=0.049787, arce_gamma_mode=sample_overlap, arce_gamma_reassignment_l1_mean=0.000000, arce_gamma_std=0.080814, arce_logq_lambda=0.100000, arce_sample_gamma_mean=0.150762, arce_sampled_teacher_overlap_mean=0.668143, arce_sampler=marginal, arce_sampling_power=1.000000, arce_teacher_missing_mass_mean=0.180500, arce_teacher_missing_mass_std=0.103611
09/05/2026,08:16:52: Training...
09/05/2026,08:16:53: Evaluating...
09/05/2026,08:16:53: 	Train Loss: 3435118.0000 (base: 265.5727, kd: 6869.7051), Elapsed: train 2.73 test 0.26
09/05/2026,08:16:53: 	Recall@10: 0.06528 Recall@20: 0.09714 NDCG@10: 0.04008 NDCG@20: 0.04887 
09/05/2026,08:16:53: 	Recall@10: 0.02676 Recall@20: 0.04169 NDCG@10: 0.01470 NDCG@20: 0.01874 
09/05/2026,08:16:53: Epoch [89/1000]
09/05/2026,08:16:53: Negative sampling...
09/05/2026,08:16:55: Model's personal time...
09/05/2026,08:16:55: Model diagnostics: arce_anchor_count_mean=33.465031, arce_blocker_budget_mean=16.534967, arce_blocker_entropy_mean=4.863395, arce_blocker_inclusion_mean=0.157445, arce_closure_difficulty_mean=0.586869, arce_closure_difficulty_std=0.277941, arce_gamma_effective_beta=3.000000, arce_gamma_max=0.697676, arce_gamma_mean=0.150152, arce_gamma_min=0.052866, arce_gamma_mode=sample_overlap, arce_gamma_reassignment_l1_mean=0.000000, arce_gamma_std=0.080221, arce_logq_lambda=0.100000, arce_sample_gamma_mean=0.150152, arce_sampled_teacher_overlap_mean=0.669301, arce_sampler=marginal, arce_sampling_power=1.000000, arce_teacher_missing_mass_mean=0.179568, arce_teacher_missing_mass_std=0.103137
09/05/2026,08:16:55: Training...
09/05/2026,08:16:56: Evaluating...
09/05/2026,08:16:56: 	Train Loss: 3435601.2500 (base: 260.8582, kd: 6870.6812), Elapsed: train 2.50 test 0.27 *
09/05/2026,08:16:56: 	Recall@10: 0.06564 Recall@20: 0.09728 NDCG@10: 0.04021 NDCG@20: 0.04897 
09/05/2026,08:16:56: 	Recall@10: 0.02743 Recall@20: 0.04212 NDCG@10: 0.01492 NDCG@20: 0.01889 
09/05/2026,08:16:56: Epoch [90/1000]
09/05/2026,08:16:56: Negative sampling...
09/05/2026,08:16:57: Model's personal time...
09/05/2026,08:16:57: Model diagnostics: arce_anchor_count_mean=33.518871, arce_blocker_budget_mean=16.481127, arce_blocker_entropy_mean=4.860558, arce_blocker_inclusion_mean=0.157577, arce_closure_difficulty_mean=0.584870, arce_closure_difficulty_std=0.277651, arce_gamma_effective_beta=3.000000, arce_gamma_max=0.697676, arce_gamma_mean=0.149619, arce_gamma_min=0.052866, arce_gamma_mode=sample_overlap, arce_gamma_reassignment_l1_mean=0.000000, arce_gamma_std=0.079853, arce_logq_lambda=0.100000, arce_sample_gamma_mean=0.149619, arce_sampled_teacher_overlap_mean=0.670377, arce_sampler=marginal, arce_sampling_power=1.000000, arce_teacher_missing_mass_mean=0.178738, arce_teacher_missing_mass_std=0.102857
09/05/2026,08:16:57: Training...
09/05/2026,08:16:59: Evaluating...
09/05/2026,08:16:59: 	Train Loss: 3435737.5000 (base: 259.3867, kd: 6870.9565), Elapsed: train 2.56 test 0.27
09/05/2026,08:16:59: 	Recall@10: 0.06565 Recall@20: 0.09767 NDCG@10: 0.03999 NDCG@20: 0.04886 
09/05/2026,08:16:59: 	Recall@10: 0.02745 Recall@20: 0.04207 NDCG@10: 0.01496 NDCG@20: 0.01891 
09/05/2026,08:16:59: Epoch [91/1000]
09/05/2026,08:16:59: Negative sampling...
09/05/2026,08:17:00: Model's personal time...
09/05/2026,08:17:00: Model diagnostics: arce_anchor_count_mean=33.579994, arce_blocker_budget_mean=16.420004, arce_blocker_entropy_mean=4.858603, arce_blocker_inclusion_mean=0.156853, arce_closure_difficulty_mean=0.583016, arce_closure_difficulty_std=0.277301, arce_gamma_effective_beta=3.000000, arce_gamma_max=0.697676, arce_gamma_mean=0.148965, arce_gamma_min=0.052866, arce_gamma_mode=sample_overlap, arce_gamma_reassignment_l1_mean=0.000000, arce_gamma_std=0.079162, arce_logq_lambda=0.100000, arce_sample_gamma_mean=0.148965, arce_sampled_teacher_overlap_mean=0.671600, arce_sampler=marginal, arce_sampling_power=1.000000, arce_teacher_missing_mass_mean=0.177885, arce_teacher_missing_mass_std=0.102520
09/05/2026,08:17:00: Training...
09/05/2026,08:17:02: Evaluating...
09/05/2026,08:17:02: 	Train Loss: 3435680.0000 (base: 258.9928, kd: 6870.8418), Elapsed: train 2.69 test 0.26 *
09/05/2026,08:17:02: 	Recall@10: 0.06683 Recall@20: 0.09828 NDCG@10: 0.04036 NDCG@20: 0.04898 
09/05/2026,08:17:02: 	Recall@10: 0.02706 Recall@20: 0.04190 NDCG@10: 0.01490 NDCG@20: 0.01891 
09/05/2026,08:17:02: Epoch [92/1000]
09/05/2026,08:17:02: Negative sampling...
09/05/2026,08:17:03: Model's personal time...
09/05/2026,08:17:03: Model diagnostics: arce_anchor_count_mean=33.636902, arce_blocker_budget_mean=16.363096, arce_blocker_entropy_mean=4.856260, arce_blocker_inclusion_mean=0.157227, arce_closure_difficulty_mean=0.581175, arce_closure_difficulty_std=0.276686, arce_gamma_effective_beta=3.000000, arce_gamma_max=0.697676, arce_gamma_mean=0.148389, arce_gamma_min=0.052866, arce_gamma_mode=sample_overlap, arce_gamma_reassignment_l1_mean=0.000000, arce_gamma_std=0.078746, arce_logq_lambda=0.100000, arce_sample_gamma_mean=0.148389, arce_sampled_teacher_overlap_mean=0.672738, arce_sampler=marginal, arce_sampling_power=1.000000, arce_teacher_missing_mass_mean=0.177052, arce_teacher_missing_mass_std=0.102197
09/05/2026,08:17:03: Training...
09/05/2026,08:17:04: Evaluating...
09/05/2026,08:17:05: 	Train Loss: 3435146.0000 (base: 256.6810, kd: 6869.7793), Elapsed: train 2.56 test 0.29 *
09/05/2026,08:17:05: 	Recall@10: 0.06698 Recall@20: 0.09752 NDCG@10: 0.04086 NDCG@20: 0.04931 
09/05/2026,08:17:05: 	Recall@10: 0.02753 Recall@20: 0.04263 NDCG@10: 0.01507 NDCG@20: 0.01915 
09/05/2026,08:17:05: Epoch [93/1000]
09/05/2026,08:17:05: Negative sampling...
09/05/2026,08:17:06: Model's personal time...
09/05/2026,08:17:06: Model diagnostics: arce_anchor_count_mean=33.694962, arce_blocker_budget_mean=16.305038, arce_blocker_entropy_mean=4.854440, arce_blocker_inclusion_mean=0.156755, arce_closure_difficulty_mean=0.579191, arce_closure_difficulty_std=0.276177, arce_gamma_effective_beta=3.000000, arce_gamma_max=0.697676, arce_gamma_mean=0.147770, arce_gamma_min=0.049787, arce_gamma_mode=sample_overlap, arce_gamma_reassignment_l1_mean=0.000000, arce_gamma_std=0.078147, arce_logq_lambda=0.100000, arce_sample_gamma_mean=0.147770, arce_sampled_teacher_overlap_mean=0.673899, arce_sampler=marginal, arce_sampling_power=1.000000, arce_teacher_missing_mass_mean=0.176189, arce_teacher_missing_mass_std=0.101707
09/05/2026,08:17:06: Training...
09/05/2026,08:17:07: Evaluating...
09/05/2026,08:17:08: 	Train Loss: 3435594.7500 (base: 250.2376, kd: 6870.6885), Elapsed: train 2.62 test 0.26 *
09/05/2026,08:17:08: 	Recall@10: 0.06665 Recall@20: 0.09902 NDCG@10: 0.04054 NDCG@20: 0.04952 
09/05/2026,08:17:08: 	Recall@10: 0.02686 Recall@20: 0.04168 NDCG@10: 0.01491 NDCG@20: 0.01892 
09/05/2026,08:17:08: Epoch [94/1000]
09/05/2026,08:17:08: Negative sampling...
09/05/2026,08:17:09: Model's personal time...
09/05/2026,08:17:09: Model diagnostics: arce_anchor_count_mean=33.747459, arce_blocker_budget_mean=16.252539, arce_blocker_entropy_mean=4.851510, arce_blocker_inclusion_mean=0.156964, arce_closure_difficulty_mean=0.577320, arce_closure_difficulty_std=0.275443, arce_gamma_effective_beta=3.000000, arce_gamma_max=0.697676, arce_gamma_mean=0.147251, arce_gamma_min=0.052866, arce_gamma_mode=sample_overlap, arce_gamma_reassignment_l1_mean=0.000000, arce_gamma_std=0.077861, arce_logq_lambda=0.100000, arce_sample_gamma_mean=0.147251, arce_sampled_teacher_overlap_mean=0.674949, arce_sampler=marginal, arce_sampling_power=1.000000, arce_teacher_missing_mass_mean=0.175387, arce_teacher_missing_mass_std=0.101381
09/05/2026,08:17:09: Training...
09/05/2026,08:17:10: Evaluating...
09/05/2026,08:17:10: 	Train Loss: 3435834.7500 (base: 251.5610, kd: 6871.1665), Elapsed: train 2.56 test 0.26 *
09/05/2026,08:17:10: 	Recall@10: 0.06628 Recall@20: 0.09908 NDCG@10: 0.04057 NDCG@20: 0.04962 
09/05/2026,08:17:10: 	Recall@10: 0.02734 Recall@20: 0.04238 NDCG@10: 0.01489 NDCG@20: 0.01894 
09/05/2026,08:17:10: Epoch [95/1000]
09/05/2026,08:17:10: Negative sampling...
09/05/2026,08:17:12: Model's personal time...
09/05/2026,08:17:12: Model diagnostics: arce_anchor_count_mean=33.801304, arce_blocker_budget_mean=16.198696, arce_blocker_entropy_mean=4.850457, arce_blocker_inclusion_mean=0.156607, arce_closure_difficulty_mean=0.575295, arce_closure_difficulty_std=0.274833, arce_gamma_effective_beta=3.000000, arce_gamma_max=0.697676, arce_gamma_mean=0.146728, arce_gamma_min=0.049787, arce_gamma_mode=sample_overlap, arce_gamma_reassignment_l1_mean=0.000000, arce_gamma_std=0.077563, arce_logq_lambda=0.100000, arce_sample_gamma_mean=0.146728, arce_sampled_teacher_overlap_mean=0.676026, arce_sampler=marginal, arce_sampling_power=1.000000, arce_teacher_missing_mass_mean=0.174524, arce_teacher_missing_mass_std=0.101049
09/05/2026,08:17:12: Training...
09/05/2026,08:17:13: Evaluating...
09/05/2026,08:17:13: 	Train Loss: 3435937.5000 (base: 248.2048, kd: 6871.3794), Elapsed: train 2.62 test 0.26
09/05/2026,08:17:13: 	Recall@10: 0.06782 Recall@20: 0.09861 NDCG@10: 0.04105 NDCG@20: 0.04951 
09/05/2026,08:17:13: 	Recall@10: 0.02695 Recall@20: 0.04201 NDCG@10: 0.01485 NDCG@20: 0.01894 
09/05/2026,08:17:13: Epoch [96/1000]
09/05/2026,08:17:13: Negative sampling...
09/05/2026,08:17:15: Model's personal time...
09/05/2026,08:17:15: Model diagnostics: arce_anchor_count_mean=33.866066, arce_blocker_budget_mean=16.133934, arce_blocker_entropy_mean=4.847021, arce_blocker_inclusion_mean=0.156794, arce_closure_difficulty_mean=0.573114, arce_closure_difficulty_std=0.274105, arce_gamma_effective_beta=3.000000, arce_gamma_max=0.740818, arce_gamma_mean=0.146052, arce_gamma_min=0.052866, arce_gamma_mode=sample_overlap, arce_gamma_reassignment_l1_mean=0.000000, arce_gamma_std=0.076860, arce_logq_lambda=0.100000, arce_sample_gamma_mean=0.146052, arce_sampled_teacher_overlap_mean=0.677321, arce_sampler=marginal, arce_sampling_power=1.000000, arce_teacher_missing_mass_mean=0.173589, arce_teacher_missing_mass_std=0.100634
09/05/2026,08:17:15: Training...
09/05/2026,08:17:16: Evaluating...
09/05/2026,08:17:16: 	Train Loss: 3436632.0000 (base: 247.9541, kd: 6872.7690), Elapsed: train 2.56 test 0.26
09/05/2026,08:17:16: 	Recall@10: 0.06703 Recall@20: 0.09871 NDCG@10: 0.04062 NDCG@20: 0.04928 
09/05/2026,08:17:16: 	Recall@10: 0.02676 Recall@20: 0.04227 NDCG@10: 0.01475 NDCG@20: 0.01897 
09/05/2026,08:17:16: Epoch [97/1000]
09/05/2026,08:17:16: Negative sampling...
09/05/2026,08:17:17: Model's personal time...
09/05/2026,08:17:17: Model diagnostics: arce_anchor_count_mean=33.909561, arce_blocker_budget_mean=16.090439, arce_blocker_entropy_mean=4.844933, arce_blocker_inclusion_mean=0.156758, arce_closure_difficulty_mean=0.571394, arce_closure_difficulty_std=0.273349, arce_gamma_effective_beta=3.000000, arce_gamma_max=0.740818, arce_gamma_mean=0.145657, arce_gamma_min=0.052866, arce_gamma_mode=sample_overlap, arce_gamma_reassignment_l1_mean=0.000000, arce_gamma_std=0.076703, arce_logq_lambda=0.100000, arce_sample_gamma_mean=0.145657, arce_sampled_teacher_overlap_mean=0.678191, arce_sampler=marginal, arce_sampling_power=1.000000, arce_teacher_missing_mass_mean=0.172925, arce_teacher_missing_mass_std=0.100382
09/05/2026,08:17:17: Training...
09/05/2026,08:17:18: Evaluating...
09/05/2026,08:17:19: 	Train Loss: 3436344.0000 (base: 243.2660, kd: 6872.2021), Elapsed: train 2.40 test 0.26
09/05/2026,08:17:19: 	Recall@10: 0.06756 Recall@20: 0.09868 NDCG@10: 0.04091 NDCG@20: 0.04948 
09/05/2026,08:17:19: 	Recall@10: 0.02724 Recall@20: 0.04204 NDCG@10: 0.01485 NDCG@20: 0.01886 
09/05/2026,08:17:19: Epoch [98/1000]
09/05/2026,08:17:19: Negative sampling...
09/05/2026,08:17:20: Model's personal time...
09/05/2026,08:17:20: Model diagnostics: arce_anchor_count_mean=33.972790, arce_blocker_budget_mean=16.027208, arce_blocker_entropy_mean=4.842857, arce_blocker_inclusion_mean=0.157066, arce_closure_difficulty_mean=0.569516, arce_closure_difficulty_std=0.272992, arce_gamma_effective_beta=3.000000, arce_gamma_max=0.740818, arce_gamma_mean=0.145039, arce_gamma_min=0.052866, arce_gamma_mode=sample_overlap, arce_gamma_reassignment_l1_mean=0.000000, arce_gamma_std=0.076189, arce_logq_lambda=0.100000, arce_sample_gamma_mean=0.145039, arce_sampled_teacher_overlap_mean=0.679456, arce_sampler=marginal, arce_sampling_power=1.000000, arce_teacher_missing_mass_mean=0.172103, arce_teacher_missing_mass_std=0.100136
09/05/2026,08:17:20: Training...
09/05/2026,08:17:21: Evaluating...
09/05/2026,08:17:21: 	Train Loss: 3436696.0000 (base: 243.4396, kd: 6872.9053), Elapsed: train 2.48 test 0.26
09/05/2026,08:17:21: 	Recall@10: 0.06800 Recall@20: 0.09847 NDCG@10: 0.04098 NDCG@20: 0.04938 
09/05/2026,08:17:21: 	Recall@10: 0.02705 Recall@20: 0.04176 NDCG@10: 0.01486 NDCG@20: 0.01887 
09/05/2026,08:17:21: Epoch [99/1000]
09/05/2026,08:17:21: Negative sampling...
09/05/2026,08:17:23: Model's personal time...
09/05/2026,08:17:23: Model diagnostics: arce_anchor_count_mean=34.019161, arce_blocker_budget_mean=15.980839, arce_blocker_entropy_mean=4.840678, arce_blocker_inclusion_mean=0.156388, arce_closure_difficulty_mean=0.567499, arce_closure_difficulty_std=0.272321, arce_gamma_effective_beta=3.000000, arce_gamma_max=0.740818, arce_gamma_mean=0.144577, arce_gamma_min=0.052866, arce_gamma_mode=sample_overlap, arce_gamma_reassignment_l1_mean=0.000000, arce_gamma_std=0.075898, arce_logq_lambda=0.100000, arce_sample_gamma_mean=0.144577, arce_sampled_teacher_overlap_mean=0.680383, arce_sampler=marginal, arce_sampling_power=1.000000, arce_teacher_missing_mass_mean=0.171323, arce_teacher_missing_mass_std=0.099774
09/05/2026,08:17:23: Training...
09/05/2026,08:17:24: Evaluating...
09/05/2026,08:17:24: 	Train Loss: 3436455.0000 (base: 240.9162, kd: 6872.4282), Elapsed: train 2.50 test 0.25 *
09/05/2026,08:17:24: 	Recall@10: 0.06863 Recall@20: 0.09857 NDCG@10: 0.04141 NDCG@20: 0.04968 
09/05/2026,08:17:24: 	Recall@10: 0.02761 Recall@20: 0.04177 NDCG@10: 0.01493 NDCG@20: 0.01875 
09/05/2026,08:17:24: Epoch [100/1000]
09/05/2026,08:17:24: Negative sampling...
09/05/2026,08:17:26: Model's personal time...
09/05/2026,08:17:26: Model diagnostics: arce_anchor_count_mean=34.078751, arce_blocker_budget_mean=15.921249, arce_blocker_entropy_mean=4.838773, arce_blocker_inclusion_mean=0.156680, arce_closure_difficulty_mean=0.565729, arce_closure_difficulty_std=0.271779, arce_gamma_effective_beta=3.000000, arce_gamma_max=0.740818, arce_gamma_mean=0.143976, arce_gamma_min=0.052866, arce_gamma_mode=sample_overlap, arce_gamma_reassignment_l1_mean=0.000000, arce_gamma_std=0.075321, arce_logq_lambda=0.100000, arce_sample_gamma_mean=0.143976, arce_sampled_teacher_overlap_mean=0.681575, arce_sampler=marginal, arce_sampling_power=1.000000, arce_teacher_missing_mass_mean=0.170469, arce_teacher_missing_mass_std=0.099403
09/05/2026,08:17:26: Training...
09/05/2026,08:17:27: Evaluating...
09/05/2026,08:17:27: 	Train Loss: 3436577.2500 (base: 235.9703, kd: 6872.6831), Elapsed: train 2.47 test 0.26
09/05/2026,08:17:27: 	Recall@10: 0.06774 Recall@20: 0.09853 NDCG@10: 0.04093 NDCG@20: 0.04947 
09/05/2026,08:17:27: 	Recall@10: 0.02757 Recall@20: 0.04220 NDCG@10: 0.01493 NDCG@20: 0.01890 
09/05/2026,08:17:27: Epoch [101/1000]
09/05/2026,08:17:27: Negative sampling...
09/05/2026,08:17:28: Model's personal time...
09/05/2026,08:17:28: Model diagnostics: arce_anchor_count_mean=34.129333, arce_blocker_budget_mean=15.870665, arce_blocker_entropy_mean=4.836594, arce_blocker_inclusion_mean=0.156289, arce_closure_difficulty_mean=0.563738, arce_closure_difficulty_std=0.271220, arce_gamma_effective_beta=3.000000, arce_gamma_max=0.740818, arce_gamma_mean=0.143452, arce_gamma_min=0.052866, arce_gamma_mode=sample_overlap, arce_gamma_reassignment_l1_mean=0.000000, arce_gamma_std=0.074804, arce_logq_lambda=0.100000, arce_sample_gamma_mean=0.143452, arce_sampled_teacher_overlap_mean=0.682587, arce_sampler=marginal, arce_sampling_power=1.000000, arce_teacher_missing_mass_mean=0.169683, arce_teacher_missing_mass_std=0.099035
09/05/2026,08:17:28: Training...
09/05/2026,08:17:30: Evaluating...
09/05/2026,08:17:30: 	Train Loss: 3436700.7500 (base: 235.9174, kd: 6872.9297), Elapsed: train 2.53 test 0.26
09/05/2026,08:17:30: 	Recall@10: 0.06738 Recall@20: 0.09887 NDCG@10: 0.04085 NDCG@20: 0.04957 
09/05/2026,08:17:30: 	Recall@10: 0.02750 Recall@20: 0.04199 NDCG@10: 0.01495 NDCG@20: 0.01884 
09/05/2026,08:17:30: Epoch [102/1000]
09/05/2026,08:17:30: Negative sampling...
09/05/2026,08:17:31: Model's personal time...
09/05/2026,08:17:31: Model diagnostics: arce_anchor_count_mean=34.181644, arce_blocker_budget_mean=15.818356, arce_blocker_entropy_mean=4.835023, arce_blocker_inclusion_mean=0.156167, arce_closure_difficulty_mean=0.562177, arce_closure_difficulty_std=0.271038, arce_gamma_effective_beta=3.000000, arce_gamma_max=0.786628, arce_gamma_mean=0.142958, arce_gamma_min=0.049787, arce_gamma_mode=sample_overlap, arce_gamma_reassignment_l1_mean=0.000000, arce_gamma_std=0.074535, arce_logq_lambda=0.100000, arce_sample_gamma_mean=0.142958, arce_sampled_teacher_overlap_mean=0.683633, arce_sampler=marginal, arce_sampling_power=1.000000, arce_teacher_missing_mass_mean=0.168965, arce_teacher_missing_mass_std=0.098764
09/05/2026,08:17:31: Training...
09/05/2026,08:17:32: Evaluating...
09/05/2026,08:17:33: 	Train Loss: 3437547.7500 (base: 237.1860, kd: 6874.6211), Elapsed: train 2.51 test 0.25 *
09/05/2026,08:17:33: 	Recall@10: 0.06712 Recall@20: 0.09948 NDCG@10: 0.04091 NDCG@20: 0.04987 
09/05/2026,08:17:33: 	Recall@10: 0.02714 Recall@20: 0.04232 NDCG@10: 0.01478 NDCG@20: 0.01889 
09/05/2026,08:17:33: Epoch [103/1000]
09/05/2026,08:17:33: Negative sampling...
09/05/2026,08:17:34: Model's personal time...
09/05/2026,08:17:34: Model diagnostics: arce_anchor_count_mean=34.231079, arce_blocker_budget_mean=15.768921, arce_blocker_entropy_mean=4.833209, arce_blocker_inclusion_mean=0.155887, arce_closure_difficulty_mean=0.560245, arce_closure_difficulty_std=0.270428, arce_gamma_effective_beta=3.000000, arce_gamma_max=0.740818, arce_gamma_mean=0.142437, arce_gamma_min=0.049787, arce_gamma_mode=sample_overlap, arce_gamma_reassignment_l1_mean=0.000000, arce_gamma_std=0.073923, arce_logq_lambda=0.100000, arce_sample_gamma_mean=0.142437, arce_sampled_teacher_overlap_mean=0.684622, arce_sampler=marginal, arce_sampling_power=1.000000, arce_teacher_missing_mass_mean=0.168175, arce_teacher_missing_mass_std=0.098470
09/05/2026,08:17:34: Training...
09/05/2026,08:17:35: Evaluating...
09/05/2026,08:17:35: 	Train Loss: 3436861.2500 (base: 235.3497, kd: 6873.2524), Elapsed: train 2.63 test 0.26
09/05/2026,08:17:35: 	Recall@10: 0.06749 Recall@20: 0.09848 NDCG@10: 0.04091 NDCG@20: 0.04948 
09/05/2026,08:17:35: 	Recall@10: 0.02723 Recall@20: 0.04184 NDCG@10: 0.01473 NDCG@20: 0.01871 
09/05/2026,08:17:35: Epoch [104/1000]
09/05/2026,08:17:35: Negative sampling...
09/05/2026,08:17:37: Model's personal time...
09/05/2026,08:17:37: Model diagnostics: arce_anchor_count_mean=34.287220, arce_blocker_budget_mean=15.712780, arce_blocker_entropy_mean=4.830692, arce_blocker_inclusion_mean=0.155955, arce_closure_difficulty_mean=0.558338, arce_closure_difficulty_std=0.269655, arce_gamma_effective_beta=3.000000, arce_gamma_max=0.740818, arce_gamma_mean=0.141899, arce_gamma_min=0.049787, arce_gamma_mode=sample_overlap, arce_gamma_reassignment_l1_mean=0.000000, arce_gamma_std=0.073557, arce_logq_lambda=0.100000, arce_sample_gamma_mean=0.141899, arce_sampled_teacher_overlap_mean=0.685744, arce_sampler=marginal, arce_sampling_power=1.000000, arce_teacher_missing_mass_mean=0.167359, arce_teacher_missing_mass_std=0.098086
09/05/2026,08:17:37: Training...
09/05/2026,08:17:38: Evaluating...
09/05/2026,08:17:39: 	Train Loss: 3437498.7500 (base: 235.1763, kd: 6874.5278), Elapsed: train 2.89 test 0.28
09/05/2026,08:17:39: 	Recall@10: 0.06780 Recall@20: 0.09886 NDCG@10: 0.04115 NDCG@20: 0.04972 
09/05/2026,08:17:39: 	Recall@10: 0.02738 Recall@20: 0.04194 NDCG@10: 0.01482 NDCG@20: 0.01876 
09/05/2026,08:17:39: Epoch [105/1000]
09/05/2026,08:17:39: Negative sampling...
09/05/2026,08:17:40: Model's personal time...
09/05/2026,08:17:40: Model diagnostics: arce_anchor_count_mean=34.338188, arce_blocker_budget_mean=15.661813, arce_blocker_entropy_mean=4.829256, arce_blocker_inclusion_mean=0.156190, arce_closure_difficulty_mean=0.556585, arce_closure_difficulty_std=0.268989, arce_gamma_effective_beta=3.000000, arce_gamma_max=0.740818, arce_gamma_mean=0.141407, arce_gamma_min=0.049787, arce_gamma_mode=sample_overlap, arce_gamma_reassignment_l1_mean=0.000000, arce_gamma_std=0.073130, arce_logq_lambda=0.100000, arce_sample_gamma_mean=0.141407, arce_sampled_teacher_overlap_mean=0.686764, arce_sampler=marginal, arce_sampling_power=1.000000, arce_teacher_missing_mass_mean=0.166624, arce_teacher_missing_mass_std=0.097823
09/05/2026,08:17:40: Training...
09/05/2026,08:17:41: Evaluating...
09/05/2026,08:17:41: 	Train Loss: 3437461.5000 (base: 234.1267, kd: 6874.4546), Elapsed: train 2.59 test 0.26
09/05/2026,08:17:41: 	Recall@10: 0.06821 Recall@20: 0.09895 NDCG@10: 0.04112 NDCG@20: 0.04963 
09/05/2026,08:17:41: 	Recall@10: 0.02744 Recall@20: 0.04242 NDCG@10: 0.01485 NDCG@20: 0.01888 
09/05/2026,08:17:41: Epoch [106/1000]
09/05/2026,08:17:41: Negative sampling...
09/05/2026,08:17:43: Model's personal time...
09/05/2026,08:17:43: Model diagnostics: arce_anchor_count_mean=34.388771, arce_blocker_budget_mean=15.611228, arce_blocker_entropy_mean=4.827291, arce_blocker_inclusion_mean=0.156153, arce_closure_difficulty_mean=0.554946, arce_closure_difficulty_std=0.268352, arce_gamma_effective_beta=3.000000, arce_gamma_max=0.740818, arce_gamma_mean=0.140887, arce_gamma_min=0.049787, arce_gamma_mode=sample_overlap, arce_gamma_reassignment_l1_mean=0.000000, arce_gamma_std=0.072527, arce_logq_lambda=0.100000, arce_sample_gamma_mean=0.140887, arce_sampled_teacher_overlap_mean=0.687775, arce_sampler=marginal, arce_sampling_power=1.000000, arce_teacher_missing_mass_mean=0.165884, arce_teacher_missing_mass_std=0.097311
09/05/2026,08:17:43: Training...
09/05/2026,08:17:44: Evaluating...
09/05/2026,08:17:44: 	Train Loss: 3437611.7500 (base: 229.0845, kd: 6874.7656), Elapsed: train 2.49 test 0.26
09/05/2026,08:17:44: 	Recall@10: 0.06842 Recall@20: 0.09916 NDCG@10: 0.04126 NDCG@20: 0.04979 
09/05/2026,08:17:44: 	Recall@10: 0.02728 Recall@20: 0.04218 NDCG@10: 0.01486 NDCG@20: 0.01885 
09/05/2026,08:17:44: Epoch [107/1000]
09/05/2026,08:17:44: Negative sampling...
09/05/2026,08:17:46: Model's personal time...
09/05/2026,08:17:46: Model diagnostics: arce_anchor_count_mean=34.438206, arce_blocker_budget_mean=15.561793, arce_blocker_entropy_mean=4.826008, arce_blocker_inclusion_mean=0.155899, arce_closure_difficulty_mean=0.553275, arce_closure_difficulty_std=0.267615, arce_gamma_effective_beta=3.000000, arce_gamma_max=0.740818, arce_gamma_mean=0.140361, arce_gamma_min=0.049787, arce_gamma_mode=sample_overlap, arce_gamma_reassignment_l1_mean=0.000000, arce_gamma_std=0.071857, arce_logq_lambda=0.100000, arce_sample_gamma_mean=0.140361, arce_sampled_teacher_overlap_mean=0.688764, arce_sampler=marginal, arce_sampling_power=1.000000, arce_teacher_missing_mass_mean=0.165171, arce_teacher_missing_mass_std=0.096989
09/05/2026,08:17:46: Training...
09/05/2026,08:17:47: Evaluating...
09/05/2026,08:17:47: 	Train Loss: 3437910.7500 (base: 227.4207, kd: 6875.3667), Elapsed: train 2.51 test 0.27
09/05/2026,08:17:47: 	Recall@10: 0.06852 Recall@20: 0.09947 NDCG@10: 0.04128 NDCG@20: 0.04983 
09/05/2026,08:17:47: 	Recall@10: 0.02678 Recall@20: 0.04160 NDCG@10: 0.01460 NDCG@20: 0.01862 
09/05/2026,08:17:47: Epoch [108/1000]
09/05/2026,08:17:47: Negative sampling...
09/05/2026,08:17:48: Model's personal time...
09/05/2026,08:17:48: Model diagnostics: arce_anchor_count_mean=34.473652, arce_blocker_budget_mean=15.526346, arce_blocker_entropy_mean=4.823306, arce_blocker_inclusion_mean=0.155986, arce_closure_difficulty_mean=0.551637, arce_closure_difficulty_std=0.267052, arce_gamma_effective_beta=3.000000, arce_gamma_max=0.740818, arce_gamma_mean=0.140026, arce_gamma_min=0.049787, arce_gamma_mode=sample_overlap, arce_gamma_reassignment_l1_mean=0.000000, arce_gamma_std=0.071588, arce_logq_lambda=0.100000, arce_sample_gamma_mean=0.140026, arce_sampled_teacher_overlap_mean=0.689473, arce_sampler=marginal, arce_sampling_power=1.000000, arce_teacher_missing_mass_mean=0.164532, arce_teacher_missing_mass_std=0.096649
09/05/2026,08:17:48: Training...
09/05/2026,08:17:50: Evaluating...
09/05/2026,08:17:50: 	Train Loss: 3437988.5000 (base: 227.2564, kd: 6875.5229), Elapsed: train 2.59 test 0.26
09/05/2026,08:17:50: 	Recall@10: 0.06829 Recall@20: 0.09894 NDCG@10: 0.04139 NDCG@20: 0.04985 
09/05/2026,08:17:50: 	Recall@10: 0.02699 Recall@20: 0.04229 NDCG@10: 0.01475 NDCG@20: 0.01891 
09/05/2026,08:17:50: Epoch [109/1000]
09/05/2026,08:17:50: Negative sampling...
09/05/2026,08:17:51: Model's personal time...
09/05/2026,08:17:51: Model diagnostics: arce_anchor_count_mean=34.520981, arce_blocker_budget_mean=15.479019, arce_blocker_entropy_mean=4.821802, arce_blocker_inclusion_mean=0.155771, arce_closure_difficulty_mean=0.550147, arce_closure_difficulty_std=0.266671, arce_gamma_effective_beta=3.000000, arce_gamma_max=0.740818, arce_gamma_mean=0.139573, arce_gamma_min=0.049787, arce_gamma_mode=sample_overlap, arce_gamma_reassignment_l1_mean=0.000000, arce_gamma_std=0.071210, arce_logq_lambda=0.100000, arce_sample_gamma_mean=0.139573, arce_sampled_teacher_overlap_mean=0.690420, arce_sampler=marginal, arce_sampling_power=1.000000, arce_teacher_missing_mass_mean=0.163921, arce_teacher_missing_mass_std=0.096454
09/05/2026,08:17:51: Training...
09/05/2026,08:17:52: Evaluating...
09/05/2026,08:17:53: 	Train Loss: 3438026.0000 (base: 225.8609, kd: 6875.6001), Elapsed: train 2.53 test 0.26
09/05/2026,08:17:53: 	Recall@10: 0.06853 Recall@20: 0.09912 NDCG@10: 0.04130 NDCG@20: 0.04976 
09/05/2026,08:17:53: 	Recall@10: 0.02723 Recall@20: 0.04238 NDCG@10: 0.01482 NDCG@20: 0.01894 
09/05/2026,08:17:53: Epoch [110/1000]
09/05/2026,08:17:53: Negative sampling...
09/05/2026,08:17:54: Model's personal time...
09/05/2026,08:17:54: Model diagnostics: arce_anchor_count_mean=34.560261, arce_blocker_budget_mean=15.439739, arce_blocker_entropy_mean=4.819798, arce_blocker_inclusion_mean=0.155918, arce_closure_difficulty_mean=0.548324, arce_closure_difficulty_std=0.266167, arce_gamma_effective_beta=3.000000, arce_gamma_max=0.740818, arce_gamma_mean=0.139174, arce_gamma_min=0.049787, arce_gamma_mode=sample_overlap, arce_gamma_reassignment_l1_mean=0.000000, arce_gamma_std=0.070729, arce_logq_lambda=0.100000, arce_sample_gamma_mean=0.139174, arce_sampled_teacher_overlap_mean=0.691205, arce_sampler=marginal, arce_sampling_power=1.000000, arce_teacher_missing_mass_mean=0.163239, arce_teacher_missing_mass_std=0.096161
09/05/2026,08:17:54: Training...
09/05/2026,08:17:55: Evaluating...
09/05/2026,08:17:55: 	Train Loss: 3438325.2500 (base: 225.5971, kd: 6876.1987), Elapsed: train 2.51 test 0.26
09/05/2026,08:17:55: 	Recall@10: 0.06799 Recall@20: 0.09878 NDCG@10: 0.04109 NDCG@20: 0.04965 
09/05/2026,08:17:55: 	Recall@10: 0.02685 Recall@20: 0.04234 NDCG@10: 0.01471 NDCG@20: 0.01893 
09/05/2026,08:17:55: Epoch [111/1000]
09/05/2026,08:17:55: Negative sampling...
09/05/2026,08:17:57: Model's personal time...
09/05/2026,08:17:57: Model diagnostics: arce_anchor_count_mean=34.608162, arce_blocker_budget_mean=15.391837, arce_blocker_entropy_mean=4.817989, arce_blocker_inclusion_mean=0.155982, arce_closure_difficulty_mean=0.546676, arce_closure_difficulty_std=0.265811, arce_gamma_effective_beta=3.000000, arce_gamma_max=0.740818, arce_gamma_mean=0.138778, arce_gamma_min=0.049787, arce_gamma_mode=sample_overlap, arce_gamma_reassignment_l1_mean=0.000000, arce_gamma_std=0.070516, arce_logq_lambda=0.100000, arce_sample_gamma_mean=0.138778, arce_sampled_teacher_overlap_mean=0.692163, arce_sampler=marginal, arce_sampling_power=1.000000, arce_teacher_missing_mass_mean=0.162553, arce_teacher_missing_mass_std=0.095933
09/05/2026,08:17:57: Training...
09/05/2026,08:17:58: Evaluating...
09/05/2026,08:17:58: 	Train Loss: 3438440.7500 (base: 221.1419, kd: 6876.4395), Elapsed: train 2.47 test 0.26
09/05/2026,08:17:58: 	Recall@10: 0.06928 Recall@20: 0.09835 NDCG@10: 0.04161 NDCG@20: 0.04963 
09/05/2026,08:17:58: 	Recall@10: 0.02701 Recall@20: 0.04198 NDCG@10: 0.01486 NDCG@20: 0.01895 
09/05/2026,08:17:58: Epoch [112/1000]
09/05/2026,08:17:58: Negative sampling...
09/05/2026,08:17:59: Model's personal time...
09/05/2026,08:17:59: Model diagnostics: arce_anchor_count_mean=34.639778, arce_blocker_budget_mean=15.360222, arce_blocker_entropy_mean=4.815757, arce_blocker_inclusion_mean=0.155415, arce_closure_difficulty_mean=0.545507, arce_closure_difficulty_std=0.265383, arce_gamma_effective_beta=3.000000, arce_gamma_max=0.740818, arce_gamma_mean=0.138440, arce_gamma_min=0.052866, arce_gamma_mode=sample_overlap, arce_gamma_reassignment_l1_mean=0.000000, arce_gamma_std=0.070092, arce_logq_lambda=0.100000, arce_sample_gamma_mean=0.138440, arce_sampled_teacher_overlap_mean=0.692796, arce_sampler=marginal, arce_sampling_power=1.000000, arce_teacher_missing_mass_mean=0.162069, arce_teacher_missing_mass_std=0.095691
09/05/2026,08:18:00: Training...
09/05/2026,08:18:01: Evaluating...
09/05/2026,08:18:01: 	Train Loss: 3438314.5000 (base: 222.1645, kd: 6876.1846), Elapsed: train 2.49 test 0.26
09/05/2026,08:18:01: 	Recall@10: 0.06926 Recall@20: 0.09812 NDCG@10: 0.04144 NDCG@20: 0.04948 
09/05/2026,08:18:01: 	Recall@10: 0.02686 Recall@20: 0.04302 NDCG@10: 0.01468 NDCG@20: 0.01906 
09/05/2026,08:18:01: Epoch [113/1000]
09/05/2026,08:18:01: Negative sampling...
09/05/2026,08:18:02: Model's personal time...
09/05/2026,08:18:02: Model diagnostics: arce_anchor_count_mean=34.689594, arce_blocker_budget_mean=15.310404, arce_blocker_entropy_mean=4.813254, arce_blocker_inclusion_mean=0.155578, arce_closure_difficulty_mean=0.543992, arce_closure_difficulty_std=0.265010, arce_gamma_effective_beta=3.000000, arce_gamma_max=0.740818, arce_gamma_mean=0.137968, arce_gamma_min=0.052866, arce_gamma_mode=sample_overlap, arce_gamma_reassignment_l1_mean=0.000000, arce_gamma_std=0.069640, arce_logq_lambda=0.100000, arce_sample_gamma_mean=0.137968, arce_sampled_teacher_overlap_mean=0.693792, arce_sampler=marginal, arce_sampling_power=1.000000, arce_teacher_missing_mass_mean=0.161390, arce_teacher_missing_mass_std=0.095371
09/05/2026,08:18:02: Training...
09/05/2026,08:18:03: Evaluating...
09/05/2026,08:18:04: 	Train Loss: 3438733.7500 (base: 219.3185, kd: 6877.0293), Elapsed: train 2.48 test 0.26 *
09/05/2026,08:18:04: 	Recall@10: 0.06963 Recall@20: 0.09866 NDCG@10: 0.04201 NDCG@20: 0.05008 
09/05/2026,08:18:04: 	Recall@10: 0.02688 Recall@20: 0.04276 NDCG@10: 0.01473 NDCG@20: 0.01905 
09/05/2026,08:18:04: Epoch [114/1000]
09/05/2026,08:18:04: Negative sampling...
09/05/2026,08:18:05: Model's personal time...
09/05/2026,08:18:05: Model diagnostics: arce_anchor_count_mean=34.736156, arce_blocker_budget_mean=15.263844, arce_blocker_entropy_mean=4.812034, arce_blocker_inclusion_mean=0.155566, arce_closure_difficulty_mean=0.542617, arce_closure_difficulty_std=0.264515, arce_gamma_effective_beta=3.000000, arce_gamma_max=0.740818, arce_gamma_mean=0.137473, arce_gamma_min=0.052866, arce_gamma_mode=sample_overlap, arce_gamma_reassignment_l1_mean=0.000000, arce_gamma_std=0.069051, arce_logq_lambda=0.100000, arce_sample_gamma_mean=0.137473, arce_sampled_teacher_overlap_mean=0.694723, arce_sampler=marginal, arce_sampling_power=1.000000, arce_teacher_missing_mass_mean=0.160770, arce_teacher_missing_mass_std=0.095017
09/05/2026,08:18:05: Training...
09/05/2026,08:18:06: Evaluating...
09/05/2026,08:18:06: 	Train Loss: 3438857.7500 (base: 221.9693, kd: 6877.2710), Elapsed: train 2.55 test 0.26
09/05/2026,08:18:06: 	Recall@10: 0.06963 Recall@20: 0.09919 NDCG@10: 0.04181 NDCG@20: 0.05001 
09/05/2026,08:18:06: 	Recall@10: 0.02704 Recall@20: 0.04271 NDCG@10: 0.01478 NDCG@20: 0.01906 
09/05/2026,08:18:06: Epoch [115/1000]
09/05/2026,08:18:06: Negative sampling...
09/05/2026,08:18:08: Model's personal time...
09/05/2026,08:18:08: Model diagnostics: arce_anchor_count_mean=34.773903, arce_blocker_budget_mean=15.226097, arce_blocker_entropy_mean=4.809547, arce_blocker_inclusion_mean=0.155665, arce_closure_difficulty_mean=0.541130, arce_closure_difficulty_std=0.264128, arce_gamma_effective_beta=3.000000, arce_gamma_max=0.740818, arce_gamma_mean=0.137110, arce_gamma_min=0.052866, arce_gamma_mode=sample_overlap, arce_gamma_reassignment_l1_mean=0.000000, arce_gamma_std=0.068746, arce_logq_lambda=0.100000, arce_sample_gamma_mean=0.137110, arce_sampled_teacher_overlap_mean=0.695478, arce_sampler=marginal, arce_sampling_power=1.000000, arce_teacher_missing_mass_mean=0.160215, arce_teacher_missing_mass_std=0.094761
09/05/2026,08:18:08: Training...
09/05/2026,08:18:09: Evaluating...
09/05/2026,08:18:09: 	Train Loss: 3439010.0000 (base: 219.4631, kd: 6877.5815), Elapsed: train 2.48 test 0.28
09/05/2026,08:18:09: 	Recall@10: 0.06915 Recall@20: 0.09933 NDCG@10: 0.04143 NDCG@20: 0.04972 
09/05/2026,08:18:09: 	Recall@10: 0.02728 Recall@20: 0.04276 NDCG@10: 0.01489 NDCG@20: 0.01913 
09/05/2026,08:18:09: Epoch [116/1000]
09/05/2026,08:18:09: Negative sampling...
09/05/2026,08:18:11: Model's personal time...
09/05/2026,08:18:11: Model diagnostics: arce_anchor_count_mean=34.819504, arce_blocker_budget_mean=15.180494, arce_blocker_entropy_mean=4.807642, arce_blocker_inclusion_mean=0.155317, arce_closure_difficulty_mean=0.539949, arce_closure_difficulty_std=0.263716, arce_gamma_effective_beta=3.000000, arce_gamma_max=0.740818, arce_gamma_mean=0.136642, arce_gamma_min=0.052866, arce_gamma_mode=sample_overlap, arce_gamma_reassignment_l1_mean=0.000000, arce_gamma_std=0.068278, arce_logq_lambda=0.100000, arce_sample_gamma_mean=0.136642, arce_sampled_teacher_overlap_mean=0.696390, arce_sampler=marginal, arce_sampling_power=1.000000, arce_teacher_missing_mass_mean=0.159658, arce_teacher_missing_mass_std=0.094514
09/05/2026,08:18:11: Training...
09/05/2026,08:18:12: Evaluating...
09/05/2026,08:18:12: 	Train Loss: 3439505.0000 (base: 214.6223, kd: 6878.5811), Elapsed: train 2.50 test 0.26
09/05/2026,08:18:12: 	Recall@10: 0.06973 Recall@20: 0.09944 NDCG@10: 0.04169 NDCG@20: 0.04991 
09/05/2026,08:18:12: 	Recall@10: 0.02757 Recall@20: 0.04265 NDCG@10: 0.01490 NDCG@20: 0.01901 
09/05/2026,08:18:12: Epoch [117/1000]
09/05/2026,08:18:12: Negative sampling...
09/05/2026,08:18:13: Model's personal time...
09/05/2026,08:18:13: Model diagnostics: arce_anchor_count_mean=34.863575, arce_blocker_budget_mean=15.136424, arce_blocker_entropy_mean=4.806072, arce_blocker_inclusion_mean=0.155658, arce_closure_difficulty_mean=0.538382, arce_closure_difficulty_std=0.263086, arce_gamma_effective_beta=3.000000, arce_gamma_max=0.740818, arce_gamma_mean=0.136234, arce_gamma_min=0.049787, arce_gamma_mode=sample_overlap, arce_gamma_reassignment_l1_mean=0.000000, arce_gamma_std=0.067885, arce_logq_lambda=0.100000, arce_sample_gamma_mean=0.136234, arce_sampled_teacher_overlap_mean=0.697272, arce_sampler=marginal, arce_sampling_power=1.000000, arce_teacher_missing_mass_mean=0.159017, arce_teacher_missing_mass_std=0.094189
09/05/2026,08:18:13: Training...
09/05/2026,08:18:14: Evaluating...
09/05/2026,08:18:15: 	Train Loss: 3438805.5000 (base: 215.7021, kd: 6877.1792), Elapsed: train 2.51 test 0.30
09/05/2026,08:18:15: 	Recall@10: 0.06892 Recall@20: 0.09971 NDCG@10: 0.04148 NDCG@20: 0.05003 
09/05/2026,08:18:15: 	Recall@10: 0.02733 Recall@20: 0.04240 NDCG@10: 0.01483 NDCG@20: 0.01897 
09/05/2026,08:18:15: Epoch [118/1000]
09/05/2026,08:18:15: Negative sampling...
09/05/2026,08:18:16: Model's personal time...
09/05/2026,08:18:16: Model diagnostics: arce_anchor_count_mean=34.887527, arce_blocker_budget_mean=15.112473, arce_blocker_entropy_mean=4.805383, arce_blocker_inclusion_mean=0.155291, arce_closure_difficulty_mean=0.537063, arce_closure_difficulty_std=0.262629, arce_gamma_effective_beta=3.000000, arce_gamma_max=0.740818, arce_gamma_mean=0.136004, arce_gamma_min=0.049787, arce_gamma_mode=sample_overlap, arce_gamma_reassignment_l1_mean=0.000000, arce_gamma_std=0.067694, arce_logq_lambda=0.100000, arce_sample_gamma_mean=0.136004, arce_sampled_teacher_overlap_mean=0.697751, arce_sampler=marginal, arce_sampling_power=1.000000, arce_teacher_missing_mass_mean=0.158595, arce_teacher_missing_mass_std=0.093983
09/05/2026,08:18:16: Training...
09/05/2026,08:18:17: Evaluating...
09/05/2026,08:18:18: 	Train Loss: 3439154.2500 (base: 211.3226, kd: 6877.8853), Elapsed: train 2.56 test 0.27
09/05/2026,08:18:18: 	Recall@10: 0.06977 Recall@20: 0.09867 NDCG@10: 0.04145 NDCG@20: 0.04948 
09/05/2026,08:18:18: 	Recall@10: 0.02761 Recall@20: 0.04253 NDCG@10: 0.01491 NDCG@20: 0.01900 
09/05/2026,08:18:18: Epoch [119/1000]
09/05/2026,08:18:18: Negative sampling...
09/05/2026,08:18:19: Model's personal time...
09/05/2026,08:18:19: Model diagnostics: arce_anchor_count_mean=34.924316, arce_blocker_budget_mean=15.075685, arce_blocker_entropy_mean=4.802243, arce_blocker_inclusion_mean=0.155553, arce_closure_difficulty_mean=0.535991, arce_closure_difficulty_std=0.262116, arce_gamma_effective_beta=3.000000, arce_gamma_max=0.740818, arce_gamma_mean=0.135643, arce_gamma_min=0.049787, arce_gamma_mode=sample_overlap, arce_gamma_reassignment_l1_mean=0.000000, arce_gamma_std=0.067351, arce_logq_lambda=0.100000, arce_sample_gamma_mean=0.135643, arce_sampled_teacher_overlap_mean=0.698486, arce_sampler=marginal, arce_sampling_power=1.000000, arce_teacher_missing_mass_mean=0.158130, arce_teacher_missing_mass_std=0.093734
09/05/2026,08:18:19: Training...
09/05/2026,08:18:20: Evaluating...
09/05/2026,08:18:20: 	Train Loss: 3439543.0000 (base: 211.6195, kd: 6878.6631), Elapsed: train 2.52 test 0.26
09/05/2026,08:18:20: 	Recall@10: 0.06935 Recall@20: 0.09909 NDCG@10: 0.04130 NDCG@20: 0.04965 
09/05/2026,08:18:20: 	Recall@10: 0.02715 Recall@20: 0.04235 NDCG@10: 0.01482 NDCG@20: 0.01899 
09/05/2026,08:18:20: Epoch [120/1000]
09/05/2026,08:18:20: Negative sampling...
09/05/2026,08:18:22: Model's personal time...
09/05/2026,08:18:22: Model diagnostics: arce_anchor_count_mean=34.971066, arce_blocker_budget_mean=15.028933, arce_blocker_entropy_mean=4.801378, arce_blocker_inclusion_mean=0.155228, arce_closure_difficulty_mean=0.534578, arce_closure_difficulty_std=0.261765, arce_gamma_effective_beta=3.000000, arce_gamma_max=0.740818, arce_gamma_mean=0.135230, arce_gamma_min=0.049787, arce_gamma_mode=sample_overlap, arce_gamma_reassignment_l1_mean=0.000000, arce_gamma_std=0.067073, arce_logq_lambda=0.100000, arce_sample_gamma_mean=0.135230, arce_sampled_teacher_overlap_mean=0.699421, arce_sampler=marginal, arce_sampling_power=1.000000, arce_teacher_missing_mass_mean=0.157547, arce_teacher_missing_mass_std=0.093585
09/05/2026,08:18:22: Training...
09/05/2026,08:18:23: Evaluating...
09/05/2026,08:18:23: 	Train Loss: 3439457.0000 (base: 212.0613, kd: 6878.4897), Elapsed: train 2.50 test 0.26 *
09/05/2026,08:18:23: 	Recall@10: 0.06936 Recall@20: 0.09952 NDCG@10: 0.04179 NDCG@20: 0.05022 
09/05/2026,08:18:23: 	Recall@10: 0.02776 Recall@20: 0.04253 NDCG@10: 0.01500 NDCG@20: 0.01905 
09/05/2026,08:18:23: Epoch [121/1000]
09/05/2026,08:18:23: Negative sampling...
09/05/2026,08:18:25: Model's personal time...
09/05/2026,08:18:25: Model diagnostics: arce_anchor_count_mean=35.001534, arce_blocker_budget_mean=14.998466, arce_blocker_entropy_mean=4.798225, arce_blocker_inclusion_mean=0.155673, arce_closure_difficulty_mean=0.533433, arce_closure_difficulty_std=0.261573, arce_gamma_effective_beta=3.000000, arce_gamma_max=0.740818, arce_gamma_mean=0.134927, arce_gamma_min=0.049787, arce_gamma_mode=sample_overlap, arce_gamma_reassignment_l1_mean=0.000000, arce_gamma_std=0.066735, arce_logq_lambda=0.100000, arce_sample_gamma_mean=0.134927, arce_sampled_teacher_overlap_mean=0.700031, arce_sampler=marginal, arce_sampling_power=1.000000, arce_teacher_missing_mass_mean=0.157079, arce_teacher_missing_mass_std=0.093435
09/05/2026,08:18:25: Training...
09/05/2026,08:18:26: Evaluating...
09/05/2026,08:18:26: 	Train Loss: 3439739.0000 (base: 211.0042, kd: 6879.0562), Elapsed: train 2.37 test 0.26
09/05/2026,08:18:26: 	Recall@10: 0.06901 Recall@20: 0.09927 NDCG@10: 0.04165 NDCG@20: 0.05015 
09/05/2026,08:18:26: 	Recall@10: 0.02816 Recall@20: 0.04283 NDCG@10: 0.01511 NDCG@20: 0.01912 
09/05/2026,08:18:26: Epoch [122/1000]
09/05/2026,08:18:26: Negative sampling...
09/05/2026,08:18:27: Model's personal time...
09/05/2026,08:18:27: Model diagnostics: arce_anchor_count_mean=35.045986, arce_blocker_budget_mean=14.954014, arce_blocker_entropy_mean=4.797407, arce_blocker_inclusion_mean=0.155768, arce_closure_difficulty_mean=0.531930, arce_closure_difficulty_std=0.261205, arce_gamma_effective_beta=3.000000, arce_gamma_max=0.740818, arce_gamma_mean=0.134505, arce_gamma_min=0.049787, arce_gamma_mode=sample_overlap, arce_gamma_reassignment_l1_mean=0.000000, arce_gamma_std=0.066259, arce_logq_lambda=0.100000, arce_sample_gamma_mean=0.134505, arce_sampled_teacher_overlap_mean=0.700920, arce_sampler=marginal, arce_sampling_power=1.000000, arce_teacher_missing_mass_mean=0.156507, arce_teacher_missing_mass_std=0.093234
09/05/2026,08:18:27: Training...
09/05/2026,08:18:28: Evaluating...
09/05/2026,08:18:29: 	Train Loss: 3439650.0000 (base: 206.2930, kd: 6878.8877), Elapsed: train 2.55 test 0.27
09/05/2026,08:18:29: 	Recall@10: 0.06926 Recall@20: 0.09925 NDCG@10: 0.04167 NDCG@20: 0.05006 
09/05/2026,08:18:29: 	Recall@10: 0.02758 Recall@20: 0.04287 NDCG@10: 0.01494 NDCG@20: 0.01911 
09/05/2026,08:18:29: Epoch [123/1000]
09/05/2026,08:18:29: Negative sampling...
09/05/2026,08:18:30: Model's personal time...
09/05/2026,08:18:30: Model diagnostics: arce_anchor_count_mean=35.084499, arce_blocker_budget_mean=14.915501, arce_blocker_entropy_mean=4.795508, arce_blocker_inclusion_mean=0.154761, arce_closure_difficulty_mean=0.530785, arce_closure_difficulty_std=0.261125, arce_gamma_effective_beta=3.000000, arce_gamma_max=0.740818, arce_gamma_mean=0.134109, arce_gamma_min=0.049787, arce_gamma_mode=sample_overlap, arce_gamma_reassignment_l1_mean=0.000000, arce_gamma_std=0.065820, arce_logq_lambda=0.100000, arce_sample_gamma_mean=0.134109, arce_sampled_teacher_overlap_mean=0.701690, arce_sampler=marginal, arce_sampling_power=1.000000, arce_teacher_missing_mass_mean=0.155993, arce_teacher_missing_mass_std=0.093055
09/05/2026,08:18:30: Training...
09/05/2026,08:18:31: Evaluating...
09/05/2026,08:18:31: 	Train Loss: 3439894.7500 (base: 206.7352, kd: 6879.3760), Elapsed: train 2.60 test 0.27
09/05/2026,08:18:31: 	Recall@10: 0.06970 Recall@20: 0.09937 NDCG@10: 0.04159 NDCG@20: 0.04982 
09/05/2026,08:18:31: 	Recall@10: 0.02739 Recall@20: 0.04249 NDCG@10: 0.01488 NDCG@20: 0.01903 
09/05/2026,08:18:31: Epoch [124/1000]
09/05/2026,08:18:31: Negative sampling...
09/05/2026,08:18:33: Model's personal time...
09/05/2026,08:18:33: Model diagnostics: arce_anchor_count_mean=35.128376, arce_blocker_budget_mean=14.871623, arce_blocker_entropy_mean=4.794884, arce_blocker_inclusion_mean=0.155250, arce_closure_difficulty_mean=0.529497, arce_closure_difficulty_std=0.260839, arce_gamma_effective_beta=3.000000, arce_gamma_max=0.740818, arce_gamma_mean=0.133710, arce_gamma_min=0.049787, arce_gamma_mode=sample_overlap, arce_gamma_reassignment_l1_mean=0.000000, arce_gamma_std=0.065446, arce_logq_lambda=0.100000, arce_sample_gamma_mean=0.133710, arce_sampled_teacher_overlap_mean=0.702568, arce_sampler=marginal, arce_sampling_power=1.000000, arce_teacher_missing_mass_mean=0.155472, arce_teacher_missing_mass_std=0.092884
09/05/2026,08:18:33: Training...
09/05/2026,08:18:34: Evaluating...
09/05/2026,08:18:34: 	Train Loss: 3440066.5000 (base: 204.2859, kd: 6879.7251), Elapsed: train 2.52 test 0.26
09/05/2026,08:18:34: 	Recall@10: 0.07007 Recall@20: 0.09954 NDCG@10: 0.04174 NDCG@20: 0.04994 
09/05/2026,08:18:34: 	Recall@10: 0.02785 Recall@20: 0.04228 NDCG@10: 0.01504 NDCG@20: 0.01903 
09/05/2026,08:18:34: Epoch [125/1000]
09/05/2026,08:18:34: Negative sampling...
09/05/2026,08:18:36: Model's personal time...
09/05/2026,08:18:36: Model diagnostics: arce_anchor_count_mean=35.177238, arce_blocker_budget_mean=14.822762, arce_blocker_entropy_mean=4.792401, arce_blocker_inclusion_mean=0.155436, arce_closure_difficulty_mean=0.527969, arce_closure_difficulty_std=0.260330, arce_gamma_effective_beta=3.000000, arce_gamma_max=0.740818, arce_gamma_mean=0.133296, arce_gamma_min=0.049787, arce_gamma_mode=sample_overlap, arce_gamma_reassignment_l1_mean=0.000000, arce_gamma_std=0.065191, arce_logq_lambda=0.100000, arce_sample_gamma_mean=0.133296, arce_sampled_teacher_overlap_mean=0.703545, arce_sampler=marginal, arce_sampling_power=1.000000, arce_teacher_missing_mass_mean=0.154820, arce_teacher_missing_mass_std=0.092580
09/05/2026,08:18:36: Training...
09/05/2026,08:18:37: Evaluating...
09/05/2026,08:18:37: 	Train Loss: 3440493.0000 (base: 202.2922, kd: 6880.5811), Elapsed: train 2.49 test 0.27
09/05/2026,08:18:37: 	Recall@10: 0.06954 Recall@20: 0.10009 NDCG@10: 0.04160 NDCG@20: 0.05004 
09/05/2026,08:18:37: 	Recall@10: 0.02769 Recall@20: 0.04264 NDCG@10: 0.01509 NDCG@20: 0.01920 
09/05/2026,08:18:37: Epoch [126/1000]
09/05/2026,08:18:37: Negative sampling...
09/05/2026,08:18:38: Model's personal time...
09/05/2026,08:18:38: Model diagnostics: arce_anchor_count_mean=35.200996, arce_blocker_budget_mean=14.799004, arce_blocker_entropy_mean=4.790112, arce_blocker_inclusion_mean=0.155315, arce_closure_difficulty_mean=0.526819, arce_closure_difficulty_std=0.259918, arce_gamma_effective_beta=3.000000, arce_gamma_max=0.740818, arce_gamma_mean=0.133069, arce_gamma_min=0.049787, arce_gamma_mode=sample_overlap, arce_gamma_reassignment_l1_mean=0.000000, arce_gamma_std=0.064937, arce_logq_lambda=0.100000, arce_sample_gamma_mean=0.133069, arce_sampled_teacher_overlap_mean=0.704020, arce_sampler=marginal, arce_sampling_power=1.000000, arce_teacher_missing_mass_mean=0.154441, arce_teacher_missing_mass_std=0.092491
09/05/2026,08:18:38: Training...
09/05/2026,08:18:40: Evaluating...
09/05/2026,08:18:40: 	Train Loss: 3440558.0000 (base: 205.3264, kd: 6880.7051), Elapsed: train 2.47 test 0.26
09/05/2026,08:18:40: 	Recall@10: 0.07004 Recall@20: 0.09907 NDCG@10: 0.04179 NDCG@20: 0.04987 
09/05/2026,08:18:40: 	Recall@10: 0.02776 Recall@20: 0.04285 NDCG@10: 0.01498 NDCG@20: 0.01913 
09/05/2026,08:18:40: Epoch [127/1000]
09/05/2026,08:18:40: Negative sampling...
09/05/2026,08:18:41: Model's personal time...
09/05/2026,08:18:41: Model diagnostics: arce_anchor_count_mean=35.238552, arce_blocker_budget_mean=14.761448, arce_blocker_entropy_mean=4.788647, arce_blocker_inclusion_mean=0.155629, arce_closure_difficulty_mean=0.525372, arce_closure_difficulty_std=0.259408, arce_gamma_effective_beta=3.000000, arce_gamma_max=0.740818, arce_gamma_mean=0.132755, arce_gamma_min=0.049787, arce_gamma_mode=sample_overlap, arce_gamma_reassignment_l1_mean=0.000000, arce_gamma_std=0.064872, arce_logq_lambda=0.100000, arce_sample_gamma_mean=0.132755, arce_sampled_teacher_overlap_mean=0.704771, arce_sampler=marginal, arce_sampling_power=1.000000, arce_teacher_missing_mass_mean=0.153935, arce_teacher_missing_mass_std=0.092358
09/05/2026,08:18:41: Training...
09/05/2026,08:18:42: Evaluating...
09/05/2026,08:18:43: 	Train Loss: 3440450.0000 (base: 204.9717, kd: 6880.4897), Elapsed: train 2.49 test 0.26
09/05/2026,08:18:43: 	Recall@10: 0.06979 Recall@20: 0.09977 NDCG@10: 0.04164 NDCG@20: 0.04995 
09/05/2026,08:18:43: 	Recall@10: 0.02729 Recall@20: 0.04230 NDCG@10: 0.01496 NDCG@20: 0.01906 
09/05/2026,08:18:43: Epoch [128/1000]
09/05/2026,08:18:43: Negative sampling...
09/05/2026,08:18:44: Model's personal time...
09/05/2026,08:18:44: Model diagnostics: arce_anchor_count_mean=35.285877, arce_blocker_budget_mean=14.714121, arce_blocker_entropy_mean=4.785234, arce_blocker_inclusion_mean=0.155727, arce_closure_difficulty_mean=0.523996, arce_closure_difficulty_std=0.259086, arce_gamma_effective_beta=3.000000, arce_gamma_max=0.740818, arce_gamma_mean=0.132333, arce_gamma_min=0.049787, arce_gamma_mode=sample_overlap, arce_gamma_reassignment_l1_mean=0.000000, arce_gamma_std=0.064557, arce_logq_lambda=0.100000, arce_sample_gamma_mean=0.132333, arce_sampled_teacher_overlap_mean=0.705718, arce_sampler=marginal, arce_sampling_power=1.000000, arce_teacher_missing_mass_mean=0.153326, arce_teacher_missing_mass_std=0.092122
09/05/2026,08:18:44: Training...
09/05/2026,08:18:45: Evaluating...
09/05/2026,08:18:45: 	Train Loss: 3441102.2500 (base: 202.6301, kd: 6881.7988), Elapsed: train 2.47 test 0.26
09/05/2026,08:18:45: 	Recall@10: 0.06937 Recall@20: 0.09932 NDCG@10: 0.04165 NDCG@20: 0.05002 
09/05/2026,08:18:45: 	Recall@10: 0.02761 Recall@20: 0.04242 NDCG@10: 0.01498 NDCG@20: 0.01907 
09/05/2026,08:18:45: Epoch [129/1000]
09/05/2026,08:18:45: Negative sampling...
09/05/2026,08:18:47: Model's personal time...
09/05/2026,08:18:47: Model diagnostics: arce_anchor_count_mean=35.326691, arce_blocker_budget_mean=14.673309, arce_blocker_entropy_mean=4.784823, arce_blocker_inclusion_mean=0.156201, arce_closure_difficulty_mean=0.522712, arce_closure_difficulty_std=0.258677, arce_gamma_effective_beta=3.000000, arce_gamma_max=0.740818, arce_gamma_mean=0.131917, arce_gamma_min=0.049787, arce_gamma_mode=sample_overlap, arce_gamma_reassignment_l1_mean=0.000000, arce_gamma_std=0.063921, arce_logq_lambda=0.100000, arce_sample_gamma_mean=0.131917, arce_sampled_teacher_overlap_mean=0.706534, arce_sampler=marginal, arce_sampling_power=1.000000, arce_teacher_missing_mass_mean=0.152770, arce_teacher_missing_mass_std=0.091797
09/05/2026,08:18:47: Training...
09/05/2026,08:18:48: Evaluating...
09/05/2026,08:18:48: 	Train Loss: 3440672.5000 (base: 200.9322, kd: 6880.9424), Elapsed: train 2.35 test 0.26
09/05/2026,08:18:48: 	Recall@10: 0.06958 Recall@20: 0.09926 NDCG@10: 0.04159 NDCG@20: 0.04979 
09/05/2026,08:18:48: 	Recall@10: 0.02730 Recall@20: 0.04264 NDCG@10: 0.01495 NDCG@20: 0.01914 
09/05/2026,08:18:48: Epoch [130/1000]
09/05/2026,08:18:48: Negative sampling...
09/05/2026,08:18:49: Model's personal time...
09/05/2026,08:18:49: Model diagnostics: arce_anchor_count_mean=35.361755, arce_blocker_budget_mean=14.638245, arce_blocker_entropy_mean=4.782501, arce_blocker_inclusion_mean=0.155183, arce_closure_difficulty_mean=0.521538, arce_closure_difficulty_std=0.258365, arce_gamma_effective_beta=3.000000, arce_gamma_max=0.740818, arce_gamma_mean=0.131579, arce_gamma_min=0.049787, arce_gamma_mode=sample_overlap, arce_gamma_reassignment_l1_mean=0.000000, arce_gamma_std=0.063576, arce_logq_lambda=0.100000, arce_sample_gamma_mean=0.131579, arce_sampled_teacher_overlap_mean=0.707235, arce_sampler=marginal, arce_sampling_power=1.000000, arce_teacher_missing_mass_mean=0.152311, arce_teacher_missing_mass_std=0.091642
09/05/2026,08:18:49: Training...
09/05/2026,08:18:50: Evaluating...
09/05/2026,08:18:51: 	Train Loss: 3440732.0000 (base: 198.9379, kd: 6881.0664), Elapsed: train 2.54 test 0.28
09/05/2026,08:18:51: 	Recall@10: 0.06901 Recall@20: 0.10014 NDCG@10: 0.04145 NDCG@20: 0.05008 
09/05/2026,08:18:51: 	Recall@10: 0.02793 Recall@20: 0.04322 NDCG@10: 0.01505 NDCG@20: 0.01922 
09/05/2026,08:18:51: Epoch [131/1000]
09/05/2026,08:18:51: Negative sampling...
09/05/2026,08:18:52: Model's personal time...
09/05/2026,08:18:52: Model diagnostics: arce_anchor_count_mean=35.397202, arce_blocker_budget_mean=14.602798, arce_blocker_entropy_mean=4.781654, arce_blocker_inclusion_mean=0.155288, arce_closure_difficulty_mean=0.520223, arce_closure_difficulty_std=0.257973, arce_gamma_effective_beta=3.000000, arce_gamma_max=0.740818, arce_gamma_mean=0.131273, arce_gamma_min=0.049787, arce_gamma_mode=sample_overlap, arce_gamma_reassignment_l1_mean=0.000000, arce_gamma_std=0.063383, arce_logq_lambda=0.100000, arce_sample_gamma_mean=0.131273, arce_sampled_teacher_overlap_mean=0.707944, arce_sampler=marginal, arce_sampling_power=1.000000, arce_teacher_missing_mass_mean=0.151836, arce_teacher_missing_mass_std=0.091552
09/05/2026,08:18:52: Training...
09/05/2026,08:18:53: Evaluating...
09/05/2026,08:18:54: 	Train Loss: 3441534.5000 (base: 198.4050, kd: 6882.6719), Elapsed: train 2.55 test 0.27
09/05/2026,08:18:54: 	Recall@10: 0.06858 Recall@20: 0.09910 NDCG@10: 0.04124 NDCG@20: 0.04971 
09/05/2026,08:18:54: 	Recall@10: 0.02808 Recall@20: 0.04257 NDCG@10: 0.01510 NDCG@20: 0.01908 
09/05/2026,08:18:54: Epoch [132/1000]
09/05/2026,08:18:54: Negative sampling...
09/05/2026,08:18:55: Model's personal time...
09/05/2026,08:18:55: Model diagnostics: arce_anchor_count_mean=35.433414, arce_blocker_budget_mean=14.566584, arce_blocker_entropy_mean=4.779105, arce_blocker_inclusion_mean=0.154836, arce_closure_difficulty_mean=0.518813, arce_closure_difficulty_std=0.257314, arce_gamma_effective_beta=3.000000, arce_gamma_max=0.740818, arce_gamma_mean=0.130946, arce_gamma_min=0.049787, arce_gamma_mode=sample_overlap, arce_gamma_reassignment_l1_mean=0.000000, arce_gamma_std=0.063079, arce_logq_lambda=0.100000, arce_sample_gamma_mean=0.130946, arce_sampled_teacher_overlap_mean=0.708668, arce_sampler=marginal, arce_sampling_power=1.000000, arce_teacher_missing_mass_mean=0.151323, arce_teacher_missing_mass_std=0.091254
09/05/2026,08:18:55: Training...
09/05/2026,08:18:56: Evaluating...
09/05/2026,08:18:56: 	Train Loss: 3441486.0000 (base: 195.7564, kd: 6882.5801), Elapsed: train 2.55 test 0.26 *
09/05/2026,08:18:56: 	Recall@10: 0.06910 Recall@20: 0.10025 NDCG@10: 0.04158 NDCG@20: 0.05024 
09/05/2026,08:18:56: 	Recall@10: 0.02779 Recall@20: 0.04267 NDCG@10: 0.01496 NDCG@20: 0.01908 
09/05/2026,08:18:56: Epoch [133/1000]
09/05/2026,08:18:56: Negative sampling...
09/05/2026,08:18:58: Model's personal time...
09/05/2026,08:18:58: Model diagnostics: arce_anchor_count_mean=35.461582, arce_blocker_budget_mean=14.538417, arce_blocker_entropy_mean=4.777889, arce_blocker_inclusion_mean=0.155469, arce_closure_difficulty_mean=0.517683, arce_closure_difficulty_std=0.257180, arce_gamma_effective_beta=3.000000, arce_gamma_max=0.740818, arce_gamma_mean=0.130704, arce_gamma_min=0.049787, arce_gamma_mode=sample_overlap, arce_gamma_reassignment_l1_mean=0.000000, arce_gamma_std=0.062931, arce_logq_lambda=0.100000, arce_sample_gamma_mean=0.130704, arce_sampled_teacher_overlap_mean=0.709232, arce_sampler=marginal, arce_sampling_power=1.000000, arce_teacher_missing_mass_mean=0.150910, arce_teacher_missing_mass_std=0.091183
09/05/2026,08:18:58: Training...
09/05/2026,08:18:59: Evaluating...
09/05/2026,08:18:59: 	Train Loss: 3441918.0000 (base: 194.9717, kd: 6883.4463), Elapsed: train 2.57 test 0.34
09/05/2026,08:18:59: 	Recall@10: 0.06882 Recall@20: 0.10009 NDCG@10: 0.04150 NDCG@20: 0.05020 
09/05/2026,08:18:59: 	Recall@10: 0.02813 Recall@20: 0.04269 NDCG@10: 0.01490 NDCG@20: 0.01891 
09/05/2026,08:18:59: Epoch [134/1000]
09/05/2026,08:18:59: Negative sampling...
09/05/2026,08:19:01: Model's personal time...
09/05/2026,08:19:01: Model diagnostics: arce_anchor_count_mean=35.504887, arce_blocker_budget_mean=14.495113, arce_blocker_entropy_mean=4.775918, arce_blocker_inclusion_mean=0.154957, arce_closure_difficulty_mean=0.516138, arce_closure_difficulty_std=0.256272, arce_gamma_effective_beta=3.000000, arce_gamma_max=0.740818, arce_gamma_mean=0.130306, arce_gamma_min=0.049787, arce_gamma_mode=sample_overlap, arce_gamma_reassignment_l1_mean=0.000000, arce_gamma_std=0.062555, arce_logq_lambda=0.100000, arce_sample_gamma_mean=0.130306, arce_sampled_teacher_overlap_mean=0.710098, arce_sampler=marginal, arce_sampling_power=1.000000, arce_teacher_missing_mass_mean=0.150244, arce_teacher_missing_mass_std=0.090616
09/05/2026,08:19:01: Training...
09/05/2026,08:19:02: Evaluating...
09/05/2026,08:19:02: 	Train Loss: 3441295.2500 (base: 196.0015, kd: 6882.1987), Elapsed: train 2.85 test 0.32
09/05/2026,08:19:02: 	Recall@10: 0.06914 Recall@20: 0.10003 NDCG@10: 0.04146 NDCG@20: 0.05008 
09/05/2026,08:19:02: 	Recall@10: 0.02833 Recall@20: 0.04267 NDCG@10: 0.01505 NDCG@20: 0.01900 
09/05/2026,08:19:02: Epoch [135/1000]
09/05/2026,08:19:02: Negative sampling...
09/05/2026,08:19:04: Model's personal time...
09/05/2026,08:19:04: Model diagnostics: arce_anchor_count_mean=35.536118, arce_blocker_budget_mean=14.463881, arce_blocker_entropy_mean=4.775086, arce_blocker_inclusion_mean=0.154733, arce_closure_difficulty_mean=0.514891, arce_closure_difficulty_std=0.255671, arce_gamma_effective_beta=3.000000, arce_gamma_max=0.740818, arce_gamma_mean=0.130019, arce_gamma_min=0.049787, arce_gamma_mode=sample_overlap, arce_gamma_reassignment_l1_mean=0.000000, arce_gamma_std=0.062339, arce_logq_lambda=0.100000, arce_sample_gamma_mean=0.130019, arce_sampled_teacher_overlap_mean=0.710722, arce_sampler=marginal, arce_sampling_power=1.000000, arce_teacher_missing_mass_mean=0.149780, arce_teacher_missing_mass_std=0.090321
09/05/2026,08:19:04: Training...
09/05/2026,08:19:05: Evaluating...
09/05/2026,08:19:05: 	Train Loss: 3441536.0000 (base: 193.0601, kd: 6882.6860), Elapsed: train 2.53 test 0.27 *
09/05/2026,08:19:05: 	Recall@10: 0.06877 Recall@20: 0.10045 NDCG@10: 0.04159 NDCG@20: 0.05032 
09/05/2026,08:19:05: 	Recall@10: 0.02789 Recall@20: 0.04248 NDCG@10: 0.01482 NDCG@20: 0.01885 
09/05/2026,08:19:05: Epoch [136/1000]
09/05/2026,08:19:05: Negative sampling...
09/05/2026,08:19:07: Model's personal time...
09/05/2026,08:19:07: Model diagnostics: arce_anchor_count_mean=35.567543, arce_blocker_budget_mean=14.432458, arce_blocker_entropy_mean=4.774121, arce_blocker_inclusion_mean=0.155359, arce_closure_difficulty_mean=0.513701, arce_closure_difficulty_std=0.255419, arce_gamma_effective_beta=3.000000, arce_gamma_max=0.740818, arce_gamma_mean=0.129784, arce_gamma_min=0.049787, arce_gamma_mode=sample_overlap, arce_gamma_reassignment_l1_mean=0.000000, arce_gamma_std=0.062254, arce_logq_lambda=0.100000, arce_sample_gamma_mean=0.129784, arce_sampled_teacher_overlap_mean=0.711351, arce_sampler=marginal, arce_sampling_power=1.000000, arce_teacher_missing_mass_mean=0.149380, arce_teacher_missing_mass_std=0.090324
09/05/2026,08:19:07: Training...
09/05/2026,08:19:08: Evaluating...
09/05/2026,08:19:08: 	Train Loss: 3441682.2500 (base: 192.7779, kd: 6882.9780), Elapsed: train 2.58 test 0.27
09/05/2026,08:19:08: 	Recall@10: 0.06905 Recall@20: 0.09933 NDCG@10: 0.04156 NDCG@20: 0.05001 
09/05/2026,08:19:08: 	Recall@10: 0.02769 Recall@20: 0.04286 NDCG@10: 0.01491 NDCG@20: 0.01907 
09/05/2026,08:19:08: Epoch [137/1000]
09/05/2026,08:19:08: Negative sampling...
09/05/2026,08:19:09: Model's personal time...
09/05/2026,08:19:09: Model diagnostics: arce_anchor_count_mean=35.601265, arce_blocker_budget_mean=14.398735, arce_blocker_entropy_mean=4.773069, arce_blocker_inclusion_mean=0.154841, arce_closure_difficulty_mean=0.512399, arce_closure_difficulty_std=0.255163, arce_gamma_effective_beta=3.000000, arce_gamma_max=0.740818, arce_gamma_mean=0.129492, arce_gamma_min=0.049787, arce_gamma_mode=sample_overlap, arce_gamma_reassignment_l1_mean=0.000000, arce_gamma_std=0.062101, arce_logq_lambda=0.100000, arce_sample_gamma_mean=0.129492, arce_sampled_teacher_overlap_mean=0.712025, arce_sampler=marginal, arce_sampling_power=1.000000, arce_teacher_missing_mass_mean=0.148891, arce_teacher_missing_mass_std=0.090102
09/05/2026,08:19:09: Training...
09/05/2026,08:19:11: Evaluating...
09/05/2026,08:19:11: 	Train Loss: 3442029.0000 (base: 190.8680, kd: 6883.6758), Elapsed: train 2.76 test 0.28
09/05/2026,08:19:11: 	Recall@10: 0.06963 Recall@20: 0.09996 NDCG@10: 0.04152 NDCG@20: 0.04996 
09/05/2026,08:19:11: 	Recall@10: 0.02886 Recall@20: 0.04251 NDCG@10: 0.01525 NDCG@20: 0.01900 
09/05/2026,08:19:11: Epoch [138/1000]
09/05/2026,08:19:11: Negative sampling...
09/05/2026,08:19:12: Model's personal time...
09/05/2026,08:19:13: Model diagnostics: arce_anchor_count_mean=35.635754, arce_blocker_budget_mean=14.364245, arce_blocker_entropy_mean=4.770847, arce_blocker_inclusion_mean=0.155080, arce_closure_difficulty_mean=0.511491, arce_closure_difficulty_std=0.255150, arce_gamma_effective_beta=3.000000, arce_gamma_max=0.740818, arce_gamma_mean=0.129184, arce_gamma_min=0.049787, arce_gamma_mode=sample_overlap, arce_gamma_reassignment_l1_mean=0.000000, arce_gamma_std=0.061829, arce_logq_lambda=0.100000, arce_sample_gamma_mean=0.129184, arce_sampled_teacher_overlap_mean=0.712715, arce_sampler=marginal, arce_sampling_power=1.000000, arce_teacher_missing_mass_mean=0.148507, arce_teacher_missing_mass_std=0.089992
09/05/2026,08:19:13: Training...
09/05/2026,08:19:14: Evaluating...
09/05/2026,08:19:14: 	Train Loss: 3442306.5000 (base: 189.0041, kd: 6884.2344), Elapsed: train 2.61 test 0.27
09/05/2026,08:19:14: 	Recall@10: 0.06887 Recall@20: 0.10047 NDCG@10: 0.04125 NDCG@20: 0.05009 
09/05/2026,08:19:14: 	Recall@10: 0.02862 Recall@20: 0.04222 NDCG@10: 0.01514 NDCG@20: 0.01890 
09/05/2026,08:19:14: Epoch [139/1000]
09/05/2026,08:19:14: Negative sampling...
09/05/2026,08:19:15: Model's personal time...
09/05/2026,08:19:15: Model diagnostics: arce_anchor_count_mean=35.670242, arce_blocker_budget_mean=14.329757, arce_blocker_entropy_mean=4.767902, arce_blocker_inclusion_mean=0.154343, arce_closure_difficulty_mean=0.510269, arce_closure_difficulty_std=0.254702, arce_gamma_effective_beta=3.000000, arce_gamma_max=0.740818, arce_gamma_mean=0.128890, arce_gamma_min=0.049787, arce_gamma_mode=sample_overlap, arce_gamma_reassignment_l1_mean=0.000000, arce_gamma_std=0.061609, arce_logq_lambda=0.100000, arce_sample_gamma_mean=0.128890, arce_sampled_teacher_overlap_mean=0.713405, arce_sampler=marginal, arce_sampling_power=1.000000, arce_teacher_missing_mass_mean=0.148052, arce_teacher_missing_mass_std=0.089832
09/05/2026,08:19:15: Training...
09/05/2026,08:19:17: Evaluating...
09/05/2026,08:19:17: 	Train Loss: 3442483.7500 (base: 190.7338, kd: 6884.5864), Elapsed: train 2.56 test 0.27
09/05/2026,08:19:17: 	Recall@10: 0.06895 Recall@20: 0.09936 NDCG@10: 0.04145 NDCG@20: 0.04994 
09/05/2026,08:19:17: 	Recall@10: 0.02769 Recall@20: 0.04275 NDCG@10: 0.01495 NDCG@20: 0.01909 
09/05/2026,08:19:17: Epoch [140/1000]
09/05/2026,08:19:17: Negative sampling...
09/05/2026,08:19:18: Model's personal time...
09/05/2026,08:19:18: Model diagnostics: arce_anchor_count_mean=35.697834, arce_blocker_budget_mean=14.302165, arce_blocker_entropy_mean=4.765160, arce_blocker_inclusion_mean=0.155407, arce_closure_difficulty_mean=0.509244, arce_closure_difficulty_std=0.254337, arce_gamma_effective_beta=3.000000, arce_gamma_max=0.740818, arce_gamma_mean=0.128641, arce_gamma_min=0.049787, arce_gamma_mode=sample_overlap, arce_gamma_reassignment_l1_mean=0.000000, arce_gamma_std=0.061401, arce_logq_lambda=0.100000, arce_sample_gamma_mean=0.128641, arce_sampled_teacher_overlap_mean=0.713957, arce_sampler=marginal, arce_sampling_power=1.000000, arce_teacher_missing_mass_mean=0.147644, arce_teacher_missing_mass_std=0.089583
09/05/2026,08:19:18: Training...
09/05/2026,08:19:19: Evaluating...
09/05/2026,08:19:20: 	Train Loss: 3442653.0000 (base: 189.6202, kd: 6884.9268), Elapsed: train 2.61 test 0.26
09/05/2026,08:19:20: 	Recall@10: 0.06869 Recall@20: 0.10069 NDCG@10: 0.04127 NDCG@20: 0.05015 
09/05/2026,08:19:20: 	Recall@10: 0.02798 Recall@20: 0.04217 NDCG@10: 0.01495 NDCG@20: 0.01885 
09/05/2026,08:19:20: Epoch [141/1000]
09/05/2026,08:19:20: Negative sampling...
09/05/2026,08:19:21: Model's personal time...
09/05/2026,08:19:21: Model diagnostics: arce_anchor_count_mean=35.730789, arce_blocker_budget_mean=14.269209, arce_blocker_entropy_mean=4.764898, arce_blocker_inclusion_mean=0.154955, arce_closure_difficulty_mean=0.507927, arce_closure_difficulty_std=0.253999, arce_gamma_effective_beta=3.000000, arce_gamma_max=0.740818, arce_gamma_mean=0.128366, arce_gamma_min=0.049787, arce_gamma_mode=sample_overlap, arce_gamma_reassignment_l1_mean=0.000000, arce_gamma_std=0.061168, arce_logq_lambda=0.100000, arce_sample_gamma_mean=0.128366, arce_sampled_teacher_overlap_mean=0.714616, arce_sampler=marginal, arce_sampling_power=1.000000, arce_teacher_missing_mass_mean=0.147118, arce_teacher_missing_mass_std=0.089345
09/05/2026,08:19:21: Training...
09/05/2026,08:19:22: Evaluating...
09/05/2026,08:19:23: 	Train Loss: 3442940.2500 (base: 190.3422, kd: 6885.5005), Elapsed: train 2.79 test 0.27
09/05/2026,08:19:23: 	Recall@10: 0.06869 Recall@20: 0.10041 NDCG@10: 0.04111 NDCG@20: 0.04993 
09/05/2026,08:19:23: 	Recall@10: 0.02817 Recall@20: 0.04235 NDCG@10: 0.01507 NDCG@20: 0.01897 
09/05/2026,08:19:23: Epoch [142/1000]
09/05/2026,08:19:23: Negative sampling...
09/05/2026,08:19:24: Model's personal time...
09/05/2026,08:19:24: Model diagnostics: arce_anchor_count_mean=35.768154, arce_blocker_budget_mean=14.231845, arce_blocker_entropy_mean=4.765566, arce_blocker_inclusion_mean=0.154947, arce_closure_difficulty_mean=0.506891, arce_closure_difficulty_std=0.253752, arce_gamma_effective_beta=3.000000, arce_gamma_max=0.740818, arce_gamma_mean=0.128007, arce_gamma_min=0.049787, arce_gamma_mode=sample_overlap, arce_gamma_reassignment_l1_mean=0.000000, arce_gamma_std=0.060784, arce_logq_lambda=0.100000, arce_sample_gamma_mean=0.128007, arce_sampled_teacher_overlap_mean=0.715363, arce_sampler=marginal, arce_sampling_power=1.000000, arce_teacher_missing_mass_mean=0.146696, arce_teacher_missing_mass_std=0.089212
09/05/2026,08:19:24: Training...
09/05/2026,08:19:25: Evaluating...
09/05/2026,08:19:26: 	Train Loss: 3443106.5000 (base: 185.9514, kd: 6885.8418), Elapsed: train 2.66 test 0.26
09/05/2026,08:19:26: 	Recall@10: 0.06881 Recall@20: 0.10061 NDCG@10: 0.04131 NDCG@20: 0.05019 
09/05/2026,08:19:26: 	Recall@10: 0.02827 Recall@20: 0.04217 NDCG@10: 0.01515 NDCG@20: 0.01896 
09/05/2026,08:19:26: Epoch [143/1000]
09/05/2026,08:19:26: Negative sampling...
09/05/2026,08:19:27: Model's personal time...
09/05/2026,08:19:27: Model diagnostics: arce_anchor_count_mean=35.795170, arce_blocker_budget_mean=14.204828, arce_blocker_entropy_mean=4.764453, arce_blocker_inclusion_mean=0.154665, arce_closure_difficulty_mean=0.505850, arce_closure_difficulty_std=0.253790, arce_gamma_effective_beta=3.000000, arce_gamma_max=0.740818, arce_gamma_mean=0.127779, arce_gamma_min=0.049787, arce_gamma_mode=sample_overlap, arce_gamma_reassignment_l1_mean=0.000000, arce_gamma_std=0.060601, arce_logq_lambda=0.100000, arce_sample_gamma_mean=0.127779, arce_sampled_teacher_overlap_mean=0.715903, arce_sampler=marginal, arce_sampling_power=1.000000, arce_teacher_missing_mass_mean=0.146321, arce_teacher_missing_mass_std=0.089095
09/05/2026,08:19:27: Training...
09/05/2026,08:19:28: Evaluating...
09/05/2026,08:19:29: 	Train Loss: 3442464.0000 (base: 185.0997, kd: 6884.5571), Elapsed: train 2.70 test 0.26
09/05/2026,08:19:29: 	Recall@10: 0.06892 Recall@20: 0.10054 NDCG@10: 0.04142 NDCG@20: 0.05025 
09/05/2026,08:19:29: 	Recall@10: 0.02734 Recall@20: 0.04207 NDCG@10: 0.01474 NDCG@20: 0.01884 
09/05/2026,08:19:29: Epoch [144/1000]
09/05/2026,08:19:29: Negative sampling...
09/05/2026,08:19:30: Model's personal time...
09/05/2026,08:19:30: Model diagnostics: arce_anchor_count_mean=35.822189, arce_blocker_budget_mean=14.177812, arce_blocker_entropy_mean=4.760997, arce_blocker_inclusion_mean=0.155338, arce_closure_difficulty_mean=0.504766, arce_closure_difficulty_std=0.253299, arce_gamma_effective_beta=3.000000, arce_gamma_max=0.740818, arce_gamma_mean=0.127517, arce_gamma_min=0.049787, arce_gamma_mode=sample_overlap, arce_gamma_reassignment_l1_mean=0.000000, arce_gamma_std=0.060305, arce_logq_lambda=0.100000, arce_sample_gamma_mean=0.127517, arce_sampled_teacher_overlap_mean=0.716444, arce_sampler=marginal, arce_sampling_power=1.000000, arce_teacher_missing_mass_mean=0.145917, arce_teacher_missing_mass_std=0.088826
09/05/2026,08:19:30: Training...
09/05/2026,08:19:31: Evaluating...
09/05/2026,08:19:31: 	Train Loss: 3442989.0000 (base: 183.2235, kd: 6885.6113), Elapsed: train 2.59 test 0.27
09/05/2026,08:19:31: 	Recall@10: 0.06862 Recall@20: 0.10048 NDCG@10: 0.04111 NDCG@20: 0.05002 
09/05/2026,08:19:31: 	Recall@10: 0.02805 Recall@20: 0.04276 NDCG@10: 0.01506 NDCG@20: 0.01908 
09/05/2026,08:19:31: Epoch [145/1000]
09/05/2026,08:19:31: Negative sampling...
09/05/2026,08:19:33: Model's personal time...
09/05/2026,08:19:33: Model diagnostics: arce_anchor_count_mean=35.847672, arce_blocker_budget_mean=14.152328, arce_blocker_entropy_mean=4.759812, arce_blocker_inclusion_mean=0.154497, arce_closure_difficulty_mean=0.503912, arce_closure_difficulty_std=0.253297, arce_gamma_effective_beta=3.000000, arce_gamma_max=0.740818, arce_gamma_mean=0.127289, arce_gamma_min=0.049787, arce_gamma_mode=sample_overlap, arce_gamma_reassignment_l1_mean=0.000000, arce_gamma_std=0.060072, arce_logq_lambda=0.100000, arce_sample_gamma_mean=0.127289, arce_sampled_teacher_overlap_mean=0.716953, arce_sampler=marginal, arce_sampling_power=1.000000, arce_teacher_missing_mass_mean=0.145639, arce_teacher_missing_mass_std=0.088777
09/05/2026,08:19:33: Training...
09/05/2026,08:19:34: Evaluating...
09/05/2026,08:19:34: 	Train Loss: 3442791.7500 (base: 182.7802, kd: 6885.2178), Elapsed: train 2.54 test 0.31
09/05/2026,08:19:34: 	Recall@10: 0.06799 Recall@20: 0.10073 NDCG@10: 0.04112 NDCG@20: 0.05022 
09/05/2026,08:19:34: 	Recall@10: 0.02725 Recall@20: 0.04283 NDCG@10: 0.01475 NDCG@20: 0.01904 
09/05/2026,08:19:34: Epoch [146/1000]
09/05/2026,08:19:34: Negative sampling...
09/05/2026,08:19:36: Model's personal time...
09/05/2026,08:19:36: Model diagnostics: arce_anchor_count_mean=35.882545, arce_blocker_budget_mean=14.117455, arce_blocker_entropy_mean=4.757538, arce_blocker_inclusion_mean=0.154641, arce_closure_difficulty_mean=0.502837, arce_closure_difficulty_std=0.252896, arce_gamma_effective_beta=3.000000, arce_gamma_max=0.740818, arce_gamma_mean=0.126980, arce_gamma_min=0.049787, arce_gamma_mode=sample_overlap, arce_gamma_reassignment_l1_mean=0.000000, arce_gamma_std=0.059854, arce_logq_lambda=0.100000, arce_sample_gamma_mean=0.126980, arce_sampled_teacher_overlap_mean=0.717651, arce_sampler=marginal, arce_sampling_power=1.000000, arce_teacher_missing_mass_mean=0.145197, arce_teacher_missing_mass_std=0.088611
09/05/2026,08:19:36: Training...
09/05/2026,08:19:37: Evaluating...
09/05/2026,08:19:37: 	Train Loss: 3443378.2500 (base: 179.4019, kd: 6886.3979), Elapsed: train 2.64 test 0.27 *
09/05/2026,08:19:37: 	Recall@10: 0.06817 Recall@20: 0.10170 NDCG@10: 0.04113 NDCG@20: 0.05053 
09/05/2026,08:19:37: 	Recall@10: 0.02730 Recall@20: 0.04238 NDCG@10: 0.01481 NDCG@20: 0.01897 
09/05/2026,08:19:37: Epoch [147/1000]
09/05/2026,08:19:37: Negative sampling...
09/05/2026,08:19:39: Model's personal time...
09/05/2026,08:19:39: Model diagnostics: arce_anchor_count_mean=35.913010, arce_blocker_budget_mean=14.086989, arce_blocker_entropy_mean=4.757904, arce_blocker_inclusion_mean=0.154620, arce_closure_difficulty_mean=0.501808, arce_closure_difficulty_std=0.252712, arce_gamma_effective_beta=3.000000, arce_gamma_max=0.740818, arce_gamma_mean=0.126696, arce_gamma_min=0.049787, arce_gamma_mode=sample_overlap, arce_gamma_reassignment_l1_mean=0.000000, arce_gamma_std=0.059551, arce_logq_lambda=0.100000, arce_sample_gamma_mean=0.126696, arce_sampled_teacher_overlap_mean=0.718260, arce_sampler=marginal, arce_sampling_power=1.000000, arce_teacher_missing_mass_mean=0.144794, arce_teacher_missing_mass_std=0.088428
09/05/2026,08:19:39: Training...
09/05/2026,08:19:40: Evaluating...
09/05/2026,08:19:40: 	Train Loss: 3443736.0000 (base: 182.0495, kd: 6887.1074), Elapsed: train 2.62 test 0.28
09/05/2026,08:19:40: 	Recall@10: 0.06762 Recall@20: 0.10116 NDCG@10: 0.04119 NDCG@20: 0.05050 
09/05/2026,08:19:40: 	Recall@10: 0.02811 Recall@20: 0.04267 NDCG@10: 0.01511 NDCG@20: 0.01914 
09/05/2026,08:19:40: Epoch [148/1000]
09/05/2026,08:19:40: Negative sampling...
09/05/2026,08:19:42: Model's personal time...
09/05/2026,08:19:42: Model diagnostics: arce_anchor_count_mean=35.957272, arce_blocker_budget_mean=14.042728, arce_blocker_entropy_mean=4.756456, arce_blocker_inclusion_mean=0.154621, arce_closure_difficulty_mean=0.500654, arce_closure_difficulty_std=0.252403, arce_gamma_effective_beta=3.000000, arce_gamma_max=0.740818, arce_gamma_mean=0.126320, arce_gamma_min=0.049787, arce_gamma_mode=sample_overlap, arce_gamma_reassignment_l1_mean=0.000000, arce_gamma_std=0.059254, arce_logq_lambda=0.100000, arce_sample_gamma_mean=0.126320, arce_sampled_teacher_overlap_mean=0.719145, arce_sampler=marginal, arce_sampling_power=1.000000, arce_teacher_missing_mass_mean=0.144271, arce_teacher_missing_mass_std=0.088224
09/05/2026,08:19:42: Training...
09/05/2026,08:19:43: Evaluating...
09/05/2026,08:19:43: 	Train Loss: 3443433.7500 (base: 181.9771, kd: 6886.5039), Elapsed: train 2.55 test 0.32
09/05/2026,08:19:43: 	Recall@10: 0.06862 Recall@20: 0.10140 NDCG@10: 0.04135 NDCG@20: 0.05047 
09/05/2026,08:19:43: 	Recall@10: 0.02763 Recall@20: 0.04307 NDCG@10: 0.01482 NDCG@20: 0.01908 
09/05/2026,08:19:43: Epoch [149/1000]
09/05/2026,08:19:43: Negative sampling...
09/05/2026,08:19:44: Model's personal time...
09/05/2026,08:19:44: Model diagnostics: arce_anchor_count_mean=35.978348, arce_blocker_budget_mean=14.021651, arce_blocker_entropy_mean=4.752434, arce_blocker_inclusion_mean=0.154499, arce_closure_difficulty_mean=0.499731, arce_closure_difficulty_std=0.252284, arce_gamma_effective_beta=3.000000, arce_gamma_max=0.697676, arce_gamma_mean=0.126141, arce_gamma_min=0.049787, arce_gamma_mode=sample_overlap, arce_gamma_reassignment_l1_mean=0.000000, arce_gamma_std=0.059017, arce_logq_lambda=0.100000, arce_sample_gamma_mean=0.126141, arce_sampled_teacher_overlap_mean=0.719567, arce_sampler=marginal, arce_sampling_power=1.000000, arce_teacher_missing_mass_mean=0.143942, arce_teacher_missing_mass_std=0.088189
09/05/2026,08:19:44: Training...
09/05/2026,08:19:46: Evaluating...
09/05/2026,08:19:46: 	Train Loss: 3443915.7500 (base: 175.6091, kd: 6887.4800), Elapsed: train 2.73 test 0.35
09/05/2026,08:19:46: 	Recall@10: 0.06850 Recall@20: 0.10174 NDCG@10: 0.04125 NDCG@20: 0.05051 
09/05/2026,08:19:46: 	Recall@10: 0.02831 Recall@20: 0.04319 NDCG@10: 0.01517 NDCG@20: 0.01925 
09/05/2026,08:19:46: Epoch [150/1000]
09/05/2026,08:19:46: Negative sampling...
09/05/2026,08:19:47: Model's personal time...
09/05/2026,08:19:48: Model diagnostics: arce_anchor_count_mean=36.015137, arce_blocker_budget_mean=13.984863, arce_blocker_entropy_mean=4.754035, arce_blocker_inclusion_mean=0.154024, arce_closure_difficulty_mean=0.498611, arce_closure_difficulty_std=0.251948, arce_gamma_effective_beta=3.000000, arce_gamma_max=0.740818, arce_gamma_mean=0.125803, arce_gamma_min=0.049787, arce_gamma_mode=sample_overlap, arce_gamma_reassignment_l1_mean=0.000000, arce_gamma_std=0.058680, arce_logq_lambda=0.100000, arce_sample_gamma_mean=0.125803, arce_sampled_teacher_overlap_mean=0.720303, arce_sampler=marginal, arce_sampling_power=1.000000, arce_teacher_missing_mass_mean=0.143447, arce_teacher_missing_mass_std=0.087833
09/05/2026,08:19:48: Training...
09/05/2026,08:19:49: Evaluating...
09/05/2026,08:19:49: 	Train Loss: 3444102.2500 (base: 175.3007, kd: 6887.8540), Elapsed: train 2.65 test 0.29 *
09/05/2026,08:19:49: 	Recall@10: 0.06890 Recall@20: 0.10208 NDCG@10: 0.04137 NDCG@20: 0.05059 
09/05/2026,08:19:49: 	Recall@10: 0.02831 Recall@20: 0.04293 NDCG@10: 0.01526 NDCG@20: 0.01929 
09/05/2026,08:19:49: Epoch [151/1000]
09/05/2026,08:19:49: Negative sampling...
09/05/2026,08:19:50: Model's personal time...
09/05/2026,08:19:50: Model diagnostics: arce_anchor_count_mean=36.034107, arce_blocker_budget_mean=13.965894, arce_blocker_entropy_mean=4.752007, arce_blocker_inclusion_mean=0.153744, arce_closure_difficulty_mean=0.497573, arce_closure_difficulty_std=0.251600, arce_gamma_effective_beta=3.000000, arce_gamma_max=0.740818, arce_gamma_mean=0.125611, arce_gamma_min=0.049787, arce_gamma_mode=sample_overlap, arce_gamma_reassignment_l1_mean=0.000000, arce_gamma_std=0.058463, arce_logq_lambda=0.100000, arce_sample_gamma_mean=0.125611, arce_sampled_teacher_overlap_mean=0.720682, arce_sampler=marginal, arce_sampling_power=1.000000, arce_teacher_missing_mass_mean=0.143100, arce_teacher_missing_mass_std=0.087593
09/05/2026,08:19:50: Training...
09/05/2026,08:19:52: Evaluating...
09/05/2026,08:19:52: 	Train Loss: 3444114.2500 (base: 174.4064, kd: 6887.8799), Elapsed: train 2.79 test 0.26
09/05/2026,08:19:52: 	Recall@10: 0.06868 Recall@20: 0.10121 NDCG@10: 0.04128 NDCG@20: 0.05034 
09/05/2026,08:19:52: 	Recall@10: 0.02832 Recall@20: 0.04221 NDCG@10: 0.01509 NDCG@20: 0.01894 
09/05/2026,08:19:52: Epoch [152/1000]
09/05/2026,08:19:52: Negative sampling...
09/05/2026,08:19:53: Model's personal time...
09/05/2026,08:19:53: Model diagnostics: arce_anchor_count_mean=36.056141, arce_blocker_budget_mean=13.943859, arce_blocker_entropy_mean=4.749846, arce_blocker_inclusion_mean=0.154134, arce_closure_difficulty_mean=0.496310, arce_closure_difficulty_std=0.251120, arce_gamma_effective_beta=3.000000, arce_gamma_max=0.740818, arce_gamma_mean=0.125454, arce_gamma_min=0.049787, arce_gamma_mode=sample_overlap, arce_gamma_reassignment_l1_mean=0.000000, arce_gamma_std=0.058492, arce_logq_lambda=0.100000, arce_sample_gamma_mean=0.125454, arce_sampled_teacher_overlap_mean=0.721123, arce_sampler=marginal, arce_sampling_power=1.000000, arce_teacher_missing_mass_mean=0.142704, arce_teacher_missing_mass_std=0.087542
09/05/2026,08:19:53: Training...
09/05/2026,08:19:55: Evaluating...
09/05/2026,08:19:55: 	Train Loss: 3444327.5000 (base: 170.7631, kd: 6888.3135), Elapsed: train 2.64 test 0.28
09/05/2026,08:19:55: 	Recall@10: 0.06784 Recall@20: 0.10151 NDCG@10: 0.04104 NDCG@20: 0.05039 
09/05/2026,08:19:55: 	Recall@10: 0.02854 Recall@20: 0.04294 NDCG@10: 0.01524 NDCG@20: 0.01919 
09/05/2026,08:19:55: Epoch [153/1000]
09/05/2026,08:19:55: Negative sampling...
09/05/2026,08:19:56: Model's personal time...
09/05/2026,08:19:56: Model diagnostics: arce_anchor_count_mean=36.076836, arce_blocker_budget_mean=13.923165, arce_blocker_entropy_mean=4.748991, arce_blocker_inclusion_mean=0.154673, arce_closure_difficulty_mean=0.495309, arce_closure_difficulty_std=0.250846, arce_gamma_effective_beta=3.000000, arce_gamma_max=0.740818, arce_gamma_mean=0.125245, arce_gamma_min=0.049787, arce_gamma_mode=sample_overlap, arce_gamma_reassignment_l1_mean=0.000000, arce_gamma_std=0.058180, arce_logq_lambda=0.100000, arce_sample_gamma_mean=0.125245, arce_sampled_teacher_overlap_mean=0.721537, arce_sampler=marginal, arce_sampling_power=1.000000, arce_teacher_missing_mass_mean=0.142362, arce_teacher_missing_mass_std=0.087352
09/05/2026,08:19:56: Training...
09/05/2026,08:19:58: Evaluating...
09/05/2026,08:19:58: 	Train Loss: 3443796.7500 (base: 174.7435, kd: 6887.2446), Elapsed: train 2.55 test 0.27
09/05/2026,08:19:58: 	Recall@10: 0.06853 Recall@20: 0.10101 NDCG@10: 0.04113 NDCG@20: 0.05013 
09/05/2026,08:19:58: 	Recall@10: 0.02842 Recall@20: 0.04310 NDCG@10: 0.01511 NDCG@20: 0.01913 
09/05/2026,08:19:58: Epoch [154/1000]
09/05/2026,08:19:58: Negative sampling...
09/05/2026,08:19:59: Model's personal time...
09/05/2026,08:19:59: Model diagnostics: arce_anchor_count_mean=36.102127, arce_blocker_budget_mean=13.897873, arce_blocker_entropy_mean=4.747175, arce_blocker_inclusion_mean=0.154095, arce_closure_difficulty_mean=0.494309, arce_closure_difficulty_std=0.250455, arce_gamma_effective_beta=3.000000, arce_gamma_max=0.740818, arce_gamma_mean=0.125040, arce_gamma_min=0.049787, arce_gamma_mode=sample_overlap, arce_gamma_reassignment_l1_mean=0.000000, arce_gamma_std=0.058071, arce_logq_lambda=0.100000, arce_sample_gamma_mean=0.125040, arce_sampled_teacher_overlap_mean=0.722043, arce_sampler=marginal, arce_sampling_power=1.000000, arce_teacher_missing_mass_mean=0.141984, arce_teacher_missing_mass_std=0.087197
09/05/2026,08:19:59: Training...
09/05/2026,08:20:00: Evaluating...
09/05/2026,08:20:01: 	Train Loss: 3444450.0000 (base: 182.7374, kd: 6888.5342), Elapsed: train 2.55 test 0.27
09/05/2026,08:20:01: 	Recall@10: 0.06861 Recall@20: 0.10183 NDCG@10: 0.04107 NDCG@20: 0.05025 
09/05/2026,08:20:01: 	Recall@10: 0.02841 Recall@20: 0.04348 NDCG@10: 0.01522 NDCG@20: 0.01933 
09/05/2026,08:20:01: Epoch [155/1000]
09/05/2026,08:20:01: Negative sampling...
09/05/2026,08:20:02: Model's personal time...
09/05/2026,08:20:02: Model diagnostics: arce_anchor_count_mean=36.132019, arce_blocker_budget_mean=13.867982, arce_blocker_entropy_mean=4.744988, arce_blocker_inclusion_mean=0.154231, arce_closure_difficulty_mean=0.493520, arce_closure_difficulty_std=0.250233, arce_gamma_effective_beta=3.000000, arce_gamma_max=0.740818, arce_gamma_mean=0.124815, arce_gamma_min=0.049787, arce_gamma_mode=sample_overlap, arce_gamma_reassignment_l1_mean=0.000000, arce_gamma_std=0.058004, arce_logq_lambda=0.100000, arce_sample_gamma_mean=0.124815, arce_sampled_teacher_overlap_mean=0.722640, arce_sampler=marginal, arce_sampling_power=1.000000, arce_teacher_missing_mass_mean=0.141648, arce_teacher_missing_mass_std=0.087111
09/05/2026,08:20:02: Training...
09/05/2026,08:20:03: Evaluating...
09/05/2026,08:20:03: 	Train Loss: 3444511.5000 (base: 181.6088, kd: 6888.6606), Elapsed: train 2.55 test 0.25 *
09/05/2026,08:20:03: 	Recall@10: 0.06878 Recall@20: 0.10258 NDCG@10: 0.04129 NDCG@20: 0.05067 
09/05/2026,08:20:03: 	Recall@10: 0.02753 Recall@20: 0.04393 NDCG@10: 0.01488 NDCG@20: 0.01936 
09/05/2026,08:20:03: Epoch [156/1000]
09/05/2026,08:20:03: Negative sampling...
09/05/2026,08:20:05: Model's personal time...
09/05/2026,08:20:05: Model diagnostics: arce_anchor_count_mean=36.144855, arce_blocker_budget_mean=13.855145, arce_blocker_entropy_mean=4.746428, arce_blocker_inclusion_mean=0.153784, arce_closure_difficulty_mean=0.492558, arce_closure_difficulty_std=0.249838, arce_gamma_effective_beta=3.000000, arce_gamma_max=0.697676, arce_gamma_mean=0.124700, arce_gamma_min=0.049787, arce_gamma_mode=sample_overlap, arce_gamma_reassignment_l1_mean=0.000000, arce_gamma_std=0.057831, arce_logq_lambda=0.100000, arce_sample_gamma_mean=0.124700, arce_sampled_teacher_overlap_mean=0.722897, arce_sampler=marginal, arce_sampling_power=1.000000, arce_teacher_missing_mass_mean=0.141369, arce_teacher_missing_mass_std=0.086980
09/05/2026,08:20:05: Training...
09/05/2026,08:20:06: Evaluating...
09/05/2026,08:20:06: 	Train Loss: 3444753.2500 (base: 183.8326, kd: 6889.1387), Elapsed: train 2.68 test 0.29
09/05/2026,08:20:06: 	Recall@10: 0.06931 Recall@20: 0.10186 NDCG@10: 0.04131 NDCG@20: 0.05034 
09/05/2026,08:20:06: 	Recall@10: 0.02769 Recall@20: 0.04354 NDCG@10: 0.01485 NDCG@20: 0.01917 
09/05/2026,08:20:06: Epoch [157/1000]
09/05/2026,08:20:06: Negative sampling...
09/05/2026,08:20:08: Model's personal time...
09/05/2026,08:20:08: Model diagnostics: arce_anchor_count_mean=36.175320, arce_blocker_budget_mean=13.824678, arce_blocker_entropy_mean=4.744118, arce_blocker_inclusion_mean=0.154016, arce_closure_difficulty_mean=0.491690, arce_closure_difficulty_std=0.249501, arce_gamma_effective_beta=3.000000, arce_gamma_max=0.697676, arce_gamma_mean=0.124449, arce_gamma_min=0.049787, arce_gamma_mode=sample_overlap, arce_gamma_reassignment_l1_mean=0.000000, arce_gamma_std=0.057649, arce_logq_lambda=0.100000, arce_sample_gamma_mean=0.124449, arce_sampled_teacher_overlap_mean=0.723506, arce_sampler=marginal, arce_sampling_power=1.000000, arce_teacher_missing_mass_mean=0.140992, arce_teacher_missing_mass_std=0.086787
09/05/2026,08:20:08: Training...
09/05/2026,08:20:09: Evaluating...
09/05/2026,08:20:09: 	Train Loss: 3445057.2500 (base: 185.6473, kd: 6889.7427), Elapsed: train 2.52 test 0.27
09/05/2026,08:20:09: 	Recall@10: 0.06920 Recall@20: 0.10289 NDCG@10: 0.04105 NDCG@20: 0.05031 
09/05/2026,08:20:09: 	Recall@10: 0.02889 Recall@20: 0.04355 NDCG@10: 0.01521 NDCG@20: 0.01919 
09/05/2026,08:20:09: Epoch [158/1000]
09/05/2026,08:20:09: Negative sampling...
09/05/2026,08:20:11: Model's personal time...
09/05/2026,08:20:11: Model diagnostics: arce_anchor_count_mean=36.200611, arce_blocker_budget_mean=13.799387, arce_blocker_entropy_mean=4.744246, arce_blocker_inclusion_mean=0.154294, arce_closure_difficulty_mean=0.490658, arce_closure_difficulty_std=0.249289, arce_gamma_effective_beta=3.000000, arce_gamma_max=0.740818, arce_gamma_mean=0.124262, arce_gamma_min=0.049787, arce_gamma_mode=sample_overlap, arce_gamma_reassignment_l1_mean=0.000000, arce_gamma_std=0.057660, arce_logq_lambda=0.100000, arce_sample_gamma_mean=0.124262, arce_sampled_teacher_overlap_mean=0.724012, arce_sampler=marginal, arce_sampling_power=1.000000, arce_teacher_missing_mass_mean=0.140659, arce_teacher_missing_mass_std=0.086769
09/05/2026,08:20:11: Training...
09/05/2026,08:20:12: Evaluating...
09/05/2026,08:20:12: 	Train Loss: 3444787.5000 (base: 181.5650, kd: 6889.2114), Elapsed: train 2.61 test 0.30
09/05/2026,08:20:12: 	Recall@10: 0.06843 Recall@20: 0.10201 NDCG@10: 0.04101 NDCG@20: 0.05039 
09/05/2026,08:20:12: 	Recall@10: 0.02816 Recall@20: 0.04446 NDCG@10: 0.01505 NDCG@20: 0.01946 
09/05/2026,08:20:12: Epoch [159/1000]
09/05/2026,08:20:12: Negative sampling...
09/05/2026,08:20:13: Model's personal time...
09/05/2026,08:20:13: Model diagnostics: arce_anchor_count_mean=36.226479, arce_blocker_budget_mean=13.773520, arce_blocker_entropy_mean=4.742004, arce_blocker_inclusion_mean=0.154157, arce_closure_difficulty_mean=0.489726, arce_closure_difficulty_std=0.249015, arce_gamma_effective_beta=3.000000, arce_gamma_max=0.697676, arce_gamma_mean=0.124006, arce_gamma_min=0.049787, arce_gamma_mode=sample_overlap, arce_gamma_reassignment_l1_mean=0.000000, arce_gamma_std=0.057345, arce_logq_lambda=0.100000, arce_sample_gamma_mean=0.124006, arce_sampled_teacher_overlap_mean=0.724530, arce_sampler=marginal, arce_sampling_power=1.000000, arce_teacher_missing_mass_mean=0.140314, arce_teacher_missing_mass_std=0.086581
09/05/2026,08:20:13: Training...
09/05/2026,08:20:15: Evaluating...
09/05/2026,08:20:15: 	Train Loss: 3445379.7500 (base: 180.7906, kd: 6890.3984), Elapsed: train 2.48 test 0.27
09/05/2026,08:20:15: 	Recall@10: 0.06881 Recall@20: 0.10215 NDCG@10: 0.04120 NDCG@20: 0.05040 
09/05/2026,08:20:15: 	Recall@10: 0.02806 Recall@20: 0.04317 NDCG@10: 0.01497 NDCG@20: 0.01909 
09/05/2026,08:20:15: Epoch [160/1000]
09/05/2026,08:20:15: Negative sampling...
09/05/2026,08:20:16: Model's personal time...
09/05/2026,08:20:16: Model diagnostics: arce_anchor_count_mean=36.242958, arce_blocker_budget_mean=13.757041, arce_blocker_entropy_mean=4.740170, arce_blocker_inclusion_mean=0.154498, arce_closure_difficulty_mean=0.488908, arce_closure_difficulty_std=0.248573, arce_gamma_effective_beta=3.000000, arce_gamma_max=0.697676, arce_gamma_mean=0.123871, arce_gamma_min=0.049787, arce_gamma_mode=sample_overlap, arce_gamma_reassignment_l1_mean=0.000000, arce_gamma_std=0.057191, arce_logq_lambda=0.100000, arce_sample_gamma_mean=0.123871, arce_sampled_teacher_overlap_mean=0.724859, arce_sampler=marginal, arce_sampling_power=1.000000, arce_teacher_missing_mass_mean=0.140048, arce_teacher_missing_mass_std=0.086470
09/05/2026,08:20:16: Training...
09/05/2026,08:20:17: Evaluating...
09/05/2026,08:20:18: 	Train Loss: 3445170.7500 (base: 178.1067, kd: 6889.9844), Elapsed: train 2.48 test 0.27
09/05/2026,08:20:18: 	Recall@10: 0.06853 Recall@20: 0.10293 NDCG@10: 0.04089 NDCG@20: 0.05039 
09/05/2026,08:20:18: 	Recall@10: 0.02816 Recall@20: 0.04356 NDCG@10: 0.01512 NDCG@20: 0.01931 
09/05/2026,08:20:18: Epoch [161/1000]
09/05/2026,08:20:18: Negative sampling...
09/05/2026,08:20:19: Model's personal time...
09/05/2026,08:20:19: Model diagnostics: arce_anchor_count_mean=36.267292, arce_blocker_budget_mean=13.732707, arce_blocker_entropy_mean=4.738233, arce_blocker_inclusion_mean=0.154013, arce_closure_difficulty_mean=0.488151, arce_closure_difficulty_std=0.248145, arce_gamma_effective_beta=3.000000, arce_gamma_max=0.697676, arce_gamma_mean=0.123642, arce_gamma_min=0.049787, arce_gamma_mode=sample_overlap, arce_gamma_reassignment_l1_mean=0.000000, arce_gamma_std=0.056951, arce_logq_lambda=0.100000, arce_sample_gamma_mean=0.123642, arce_sampled_teacher_overlap_mean=0.725346, arce_sampler=marginal, arce_sampling_power=1.000000, arce_teacher_missing_mass_mean=0.139680, arce_teacher_missing_mass_std=0.086157
09/05/2026,08:20:19: Training...
09/05/2026,08:20:20: Evaluating...
09/05/2026,08:20:20: 	Train Loss: 3445427.5000 (base: 178.7874, kd: 6890.4971), Elapsed: train 2.36 test 0.26
09/05/2026,08:20:20: 	Recall@10: 0.06879 Recall@20: 0.10107 NDCG@10: 0.04121 NDCG@20: 0.05017 
09/05/2026,08:20:20: 	Recall@10: 0.02787 Recall@20: 0.04333 NDCG@10: 0.01496 NDCG@20: 0.01920 
09/05/2026,08:20:20: Epoch [162/1000]
09/05/2026,08:20:20: Negative sampling...
09/05/2026,08:20:22: Model's personal time...
09/05/2026,08:20:22: Model diagnostics: arce_anchor_count_mean=36.295650, arce_blocker_budget_mean=13.704350, arce_blocker_entropy_mean=4.739803, arce_blocker_inclusion_mean=0.154036, arce_closure_difficulty_mean=0.487126, arce_closure_difficulty_std=0.247889, arce_gamma_effective_beta=3.000000, arce_gamma_max=0.697676, arce_gamma_mean=0.123410, arce_gamma_min=0.049787, arce_gamma_mode=sample_overlap, arce_gamma_reassignment_l1_mean=0.000000, arce_gamma_std=0.056719, arce_logq_lambda=0.100000, arce_sample_gamma_mean=0.123410, arce_sampled_teacher_overlap_mean=0.725913, arce_sampler=marginal, arce_sampling_power=1.000000, arce_teacher_missing_mass_mean=0.139312, arce_teacher_missing_mass_std=0.086074
09/05/2026,08:20:22: Training...
09/05/2026,08:20:23: Evaluating...
09/05/2026,08:20:23: 	Train Loss: 3445588.2500 (base: 177.4318, kd: 6890.8218), Elapsed: train 2.59 test 0.26
09/05/2026,08:20:23: 	Recall@10: 0.06894 Recall@20: 0.10258 NDCG@10: 0.04116 NDCG@20: 0.05053 
09/05/2026,08:20:23: 	Recall@10: 0.02845 Recall@20: 0.04317 NDCG@10: 0.01507 NDCG@20: 0.01907 
09/05/2026,08:20:23: Epoch [163/1000]
09/05/2026,08:20:23: Negative sampling...
09/05/2026,08:20:24: Model's personal time...
09/05/2026,08:20:24: Model diagnostics: arce_anchor_count_mean=36.312893, arce_blocker_budget_mean=13.687104, arce_blocker_entropy_mean=4.738033, arce_blocker_inclusion_mean=0.154572, arce_closure_difficulty_mean=0.486095, arce_closure_difficulty_std=0.247597, arce_gamma_effective_beta=3.000000, arce_gamma_max=0.697676, arce_gamma_mean=0.123292, arce_gamma_min=0.049787, arce_gamma_mode=sample_overlap, arce_gamma_reassignment_l1_mean=0.000000, arce_gamma_std=0.056725, arce_logq_lambda=0.100000, arce_sample_gamma_mean=0.123292, arce_sampled_teacher_overlap_mean=0.726258, arce_sampler=marginal, arce_sampling_power=1.000000, arce_teacher_missing_mass_mean=0.139052, arce_teacher_missing_mass_std=0.086053
09/05/2026,08:20:24: Training...
09/05/2026,08:20:26: Evaluating...
09/05/2026,08:20:26: 	Train Loss: 3445778.5000 (base: 175.7520, kd: 6891.2051), Elapsed: train 2.56 test 0.26
09/05/2026,08:20:26: 	Recall@10: 0.06909 Recall@20: 0.10073 NDCG@10: 0.04103 NDCG@20: 0.04988 
09/05/2026,08:20:26: 	Recall@10: 0.02832 Recall@20: 0.04374 NDCG@10: 0.01511 NDCG@20: 0.01928 
09/05/2026,08:20:26: Epoch [164/1000]
09/05/2026,08:20:26: Negative sampling...
09/05/2026,08:20:27: Model's personal time...
09/05/2026,08:20:27: Model diagnostics: arce_anchor_count_mean=36.340679, arce_blocker_budget_mean=13.659322, arce_blocker_entropy_mean=4.736074, arce_blocker_inclusion_mean=0.154443, arce_closure_difficulty_mean=0.485195, arce_closure_difficulty_std=0.247242, arce_gamma_effective_beta=3.000000, arce_gamma_max=0.697676, arce_gamma_mean=0.123049, arce_gamma_min=0.049787, arce_gamma_mode=sample_overlap, arce_gamma_reassignment_l1_mean=0.000000, arce_gamma_std=0.056496, arce_logq_lambda=0.100000, arce_sample_gamma_mean=0.123049, arce_sampled_teacher_overlap_mean=0.726813, arce_sampler=marginal, arce_sampling_power=1.000000, arce_teacher_missing_mass_mean=0.138679, arce_teacher_missing_mass_std=0.085867
09/05/2026,08:20:27: Training...
09/05/2026,08:20:28: Evaluating...
09/05/2026,08:20:29: 	Train Loss: 3445678.5000 (base: 178.0094, kd: 6891.0010), Elapsed: train 2.56 test 0.26
09/05/2026,08:20:29: 	Recall@10: 0.06995 Recall@20: 0.10231 NDCG@10: 0.04138 NDCG@20: 0.05039 
09/05/2026,08:20:29: 	Recall@10: 0.02845 Recall@20: 0.04354 NDCG@10: 0.01504 NDCG@20: 0.01918 
09/05/2026,08:20:29: Epoch [165/1000]
09/05/2026,08:20:29: Negative sampling...
09/05/2026,08:20:30: Model's personal time...
09/05/2026,08:20:30: Model diagnostics: arce_anchor_count_mean=36.378616, arce_blocker_budget_mean=13.621384, arce_blocker_entropy_mean=4.734252, arce_blocker_inclusion_mean=0.154391, arce_closure_difficulty_mean=0.484362, arce_closure_difficulty_std=0.247114, arce_gamma_effective_beta=3.000000, arce_gamma_max=0.697676, arce_gamma_mean=0.122707, arce_gamma_min=0.049787, arce_gamma_mode=sample_overlap, arce_gamma_reassignment_l1_mean=0.000000, arce_gamma_std=0.056155, arce_logq_lambda=0.100000, arce_sample_gamma_mean=0.122707, arce_sampled_teacher_overlap_mean=0.727572, arce_sampler=marginal, arce_sampling_power=1.000000, arce_teacher_missing_mass_mean=0.138249, arce_teacher_missing_mass_std=0.085619
09/05/2026,08:20:30: Training...
09/05/2026,08:20:32: Evaluating...
09/05/2026,08:20:32: 	Train Loss: 3445909.5000 (base: 178.0777, kd: 6891.4629), Elapsed: train 2.77 test 0.27
09/05/2026,08:20:32: 	Recall@10: 0.06959 Recall@20: 0.10204 NDCG@10: 0.04129 NDCG@20: 0.05027 
09/05/2026,08:20:32: 	Recall@10: 0.02830 Recall@20: 0.04299 NDCG@10: 0.01499 NDCG@20: 0.01904 
09/05/2026,08:20:32: Epoch [166/1000]
09/05/2026,08:20:32: Negative sampling...
09/05/2026,08:20:33: Model's personal time...
09/05/2026,08:20:33: Model diagnostics: arce_anchor_count_mean=36.394901, arce_blocker_budget_mean=13.605097, arce_blocker_entropy_mean=4.734745, arce_blocker_inclusion_mean=0.153624, arce_closure_difficulty_mean=0.483413, arce_closure_difficulty_std=0.246847, arce_gamma_effective_beta=3.000000, arce_gamma_max=0.697676, arce_gamma_mean=0.122574, arce_gamma_min=0.049787, arce_gamma_mode=sample_overlap, arce_gamma_reassignment_l1_mean=0.000000, arce_gamma_std=0.055958, arce_logq_lambda=0.100000, arce_sample_gamma_mean=0.122574, arce_sampled_teacher_overlap_mean=0.727898, arce_sampler=marginal, arce_sampling_power=1.000000, arce_teacher_missing_mass_mean=0.137991, arce_teacher_missing_mass_std=0.085645
09/05/2026,08:20:33: Training...
09/05/2026,08:20:34: Evaluating...
09/05/2026,08:20:35: 	Train Loss: 3445834.5000 (base: 176.9812, kd: 6891.3149), Elapsed: train 2.64 test 0.27
09/05/2026,08:20:35: 	Recall@10: 0.06905 Recall@20: 0.10230 NDCG@10: 0.04087 NDCG@20: 0.05014 
09/05/2026,08:20:35: 	Recall@10: 0.02821 Recall@20: 0.04331 NDCG@10: 0.01498 NDCG@20: 0.01912 
09/05/2026,08:20:35: Epoch [167/1000]
09/05/2026,08:20:35: Negative sampling...
09/05/2026,08:20:36: Model's personal time...
09/05/2026,08:20:36: Model diagnostics: arce_anchor_count_mean=36.416744, arce_blocker_budget_mean=13.583253, arce_blocker_entropy_mean=4.731222, arce_blocker_inclusion_mean=0.153896, arce_closure_difficulty_mean=0.482849, arce_closure_difficulty_std=0.246744, arce_gamma_effective_beta=3.000000, arce_gamma_max=0.697676, arce_gamma_mean=0.122380, arce_gamma_min=0.049787, arce_gamma_mode=sample_overlap, arce_gamma_reassignment_l1_mean=0.000000, arce_gamma_std=0.055827, arce_logq_lambda=0.100000, arce_sample_gamma_mean=0.122380, arce_sampled_teacher_overlap_mean=0.728335, arce_sampler=marginal, arce_sampling_power=1.000000, arce_teacher_missing_mass_mean=0.137708, arce_teacher_missing_mass_std=0.085454
09/05/2026,08:20:36: Training...
09/05/2026,08:20:37: Evaluating...
09/05/2026,08:20:38: 	Train Loss: 3446243.2500 (base: 171.4308, kd: 6892.1440), Elapsed: train 2.61 test 0.29
09/05/2026,08:20:38: 	Recall@10: 0.06924 Recall@20: 0.10209 NDCG@10: 0.04130 NDCG@20: 0.05046 
09/05/2026,08:20:38: 	Recall@10: 0.02837 Recall@20: 0.04266 NDCG@10: 0.01510 NDCG@20: 0.01902 
09/05/2026,08:20:38: Epoch [168/1000]
09/05/2026,08:20:38: Negative sampling...
09/05/2026,08:20:39: Model's personal time...
09/05/2026,08:20:39: Model diagnostics: arce_anchor_count_mean=36.442806, arce_blocker_budget_mean=13.557195, arce_blocker_entropy_mean=4.729821, arce_blocker_inclusion_mean=0.153735, arce_closure_difficulty_mean=0.481913, arce_closure_difficulty_std=0.246401, arce_gamma_effective_beta=3.000000, arce_gamma_max=0.697676, arce_gamma_mean=0.122183, arce_gamma_min=0.049787, arce_gamma_mode=sample_overlap, arce_gamma_reassignment_l1_mean=0.000000, arce_gamma_std=0.055712, arce_logq_lambda=0.100000, arce_sample_gamma_mean=0.122183, arce_sampled_teacher_overlap_mean=0.728856, arce_sampler=marginal, arce_sampling_power=1.000000, arce_teacher_missing_mass_mean=0.137363, arce_teacher_missing_mass_std=0.085368
09/05/2026,08:20:39: Training...
09/05/2026,08:20:40: Evaluating...
09/05/2026,08:20:40: 	Train Loss: 3445965.7500 (base: 173.5194, kd: 6891.5840), Elapsed: train 2.62 test 0.26
09/05/2026,08:20:40: 	Recall@10: 0.06886 Recall@20: 0.10194 NDCG@10: 0.04108 NDCG@20: 0.05033 
09/05/2026,08:20:40: 	Recall@10: 0.02777 Recall@20: 0.04295 NDCG@10: 0.01482 NDCG@20: 0.01902 
09/05/2026,08:20:40: Epoch [169/1000]
09/05/2026,08:20:40: Negative sampling...
09/05/2026,08:20:42: Model's personal time...
09/05/2026,08:20:42: Model diagnostics: arce_anchor_count_mean=36.465797, arce_blocker_budget_mean=13.534202, arce_blocker_entropy_mean=4.729381, arce_blocker_inclusion_mean=0.153605, arce_closure_difficulty_mean=0.481032, arce_closure_difficulty_std=0.245951, arce_gamma_effective_beta=3.000000, arce_gamma_max=0.697676, arce_gamma_mean=0.121982, arce_gamma_min=0.049787, arce_gamma_mode=sample_overlap, arce_gamma_reassignment_l1_mean=0.000000, arce_gamma_std=0.055584, arce_logq_lambda=0.100000, arce_sample_gamma_mean=0.121982, arce_sampled_teacher_overlap_mean=0.729316, arce_sampler=marginal, arce_sampling_power=1.000000, arce_teacher_missing_mass_mean=0.137077, arce_teacher_missing_mass_std=0.085222
09/05/2026,08:20:42: Training...
09/05/2026,08:20:43: Evaluating...
09/05/2026,08:20:43: 	Train Loss: 3446217.0000 (base: 172.0120, kd: 6892.0903), Elapsed: train 2.67 test 0.33
09/05/2026,08:20:43: 	Recall@10: 0.06967 Recall@20: 0.10267 NDCG@10: 0.04126 NDCG@20: 0.05053 
09/05/2026,08:20:43: 	Recall@10: 0.02840 Recall@20: 0.04350 NDCG@10: 0.01502 NDCG@20: 0.01916 
09/05/2026,08:20:43: Epoch [170/1000]
09/05/2026,08:20:43: Negative sampling...
09/05/2026,08:20:45: Model's personal time...
09/05/2026,08:20:45: Model diagnostics: arce_anchor_count_mean=36.493198, arce_blocker_budget_mean=13.506802, arce_blocker_entropy_mean=4.727480, arce_blocker_inclusion_mean=0.153604, arce_closure_difficulty_mean=0.480000, arce_closure_difficulty_std=0.245800, arce_gamma_effective_beta=3.000000, arce_gamma_max=0.697676, arce_gamma_mean=0.121765, arce_gamma_min=0.049787, arce_gamma_mode=sample_overlap, arce_gamma_reassignment_l1_mean=0.000000, arce_gamma_std=0.055427, arce_logq_lambda=0.100000, arce_sample_gamma_mean=0.121765, arce_sampled_teacher_overlap_mean=0.729864, arce_sampler=marginal, arce_sampling_power=1.000000, arce_teacher_missing_mass_mean=0.136688, arce_teacher_missing_mass_std=0.085086
09/05/2026,08:20:45: Training...
09/05/2026,08:20:46: Evaluating...
09/05/2026,08:20:46: 	Train Loss: 3446561.5000 (base: 176.2306, kd: 6892.7710), Elapsed: train 2.63 test 0.27 *
09/05/2026,08:20:46: 	Recall@10: 0.06945 Recall@20: 0.10306 NDCG@10: 0.04139 NDCG@20: 0.05070 
09/05/2026,08:20:46: 	Recall@10: 0.02750 Recall@20: 0.04327 NDCG@10: 0.01485 NDCG@20: 0.01917 
09/05/2026,08:20:46: Epoch [171/1000]
09/05/2026,08:20:46: Negative sampling...
09/05/2026,08:20:48: Model's personal time...
09/05/2026,08:20:48: Model diagnostics: arce_anchor_count_mean=36.519066, arce_blocker_budget_mean=13.480935, arce_blocker_entropy_mean=4.726112, arce_blocker_inclusion_mean=0.153872, arce_closure_difficulty_mean=0.479301, arce_closure_difficulty_std=0.245700, arce_gamma_effective_beta=3.000000, arce_gamma_max=0.697676, arce_gamma_mean=0.121526, arce_gamma_min=0.049787, arce_gamma_mode=sample_overlap, arce_gamma_reassignment_l1_mean=0.000000, arce_gamma_std=0.055190, arce_logq_lambda=0.100000, arce_sample_gamma_mean=0.121526, arce_sampled_teacher_overlap_mean=0.730381, arce_sampler=marginal, arce_sampling_power=1.000000, arce_teacher_missing_mass_mean=0.136343, arce_teacher_missing_mass_std=0.084855
09/05/2026,08:20:48: Training...
09/05/2026,08:20:49: Evaluating...
09/05/2026,08:20:49: 	Train Loss: 3446503.7500 (base: 174.6260, kd: 6892.6587), Elapsed: train 2.60 test 0.30
09/05/2026,08:20:49: 	Recall@10: 0.06896 Recall@20: 0.10318 NDCG@10: 0.04117 NDCG@20: 0.05066 
09/05/2026,08:20:49: 	Recall@10: 0.02848 Recall@20: 0.04320 NDCG@10: 0.01515 NDCG@20: 0.01919 
09/05/2026,08:20:49: Epoch [172/1000]
09/05/2026,08:20:49: Negative sampling...
09/05/2026,08:20:51: Model's personal time...
09/05/2026,08:20:51: Model diagnostics: arce_anchor_count_mean=36.534969, arce_blocker_budget_mean=13.465032, arce_blocker_entropy_mean=4.727986, arce_blocker_inclusion_mean=0.153818, arce_closure_difficulty_mean=0.478368, arce_closure_difficulty_std=0.245483, arce_gamma_effective_beta=3.000000, arce_gamma_max=0.697676, arce_gamma_mean=0.121378, arce_gamma_min=0.049787, arce_gamma_mode=sample_overlap, arce_gamma_reassignment_l1_mean=0.000000, arce_gamma_std=0.054941, arce_logq_lambda=0.100000, arce_sample_gamma_mean=0.121378, arce_sampled_teacher_overlap_mean=0.730699, arce_sampler=marginal, arce_sampling_power=1.000000, arce_teacher_missing_mass_mean=0.136103, arce_teacher_missing_mass_std=0.084843
09/05/2026,08:20:51: Training...
09/05/2026,08:20:52: Evaluating...
09/05/2026,08:20:52: 	Train Loss: 3446710.2500 (base: 172.5506, kd: 6893.0752), Elapsed: train 2.55 test 0.27
09/05/2026,08:20:52: 	Recall@10: 0.06860 Recall@20: 0.10264 NDCG@10: 0.04105 NDCG@20: 0.05052 
09/05/2026,08:20:52: 	Recall@10: 0.02755 Recall@20: 0.04353 NDCG@10: 0.01473 NDCG@20: 0.01913 
09/05/2026,08:20:52: Epoch [173/1000]
09/05/2026,08:20:52: Negative sampling...
09/05/2026,08:20:53: Model's personal time...
09/05/2026,08:20:53: Model diagnostics: arce_anchor_count_mean=36.561794, arce_blocker_budget_mean=13.438207, arce_blocker_entropy_mean=4.723886, arce_blocker_inclusion_mean=0.153757, arce_closure_difficulty_mean=0.477449, arce_closure_difficulty_std=0.245365, arce_gamma_effective_beta=3.000000, arce_gamma_max=0.697676, arce_gamma_mean=0.121202, arce_gamma_min=0.049787, arce_gamma_mode=sample_overlap, arce_gamma_reassignment_l1_mean=0.000000, arce_gamma_std=0.055027, arce_logq_lambda=0.100000, arce_sample_gamma_mean=0.121202, arce_sampled_teacher_overlap_mean=0.731236, arce_sampler=marginal, arce_sampling_power=1.000000, arce_teacher_missing_mass_mean=0.135699, arce_teacher_missing_mass_std=0.084698
09/05/2026,08:20:53: Training...
09/05/2026,08:20:55: Evaluating...
09/05/2026,08:20:55: 	Train Loss: 3446948.7500 (base: 169.9861, kd: 6893.5571), Elapsed: train 2.67 test 0.28 *
09/05/2026,08:20:55: 	Recall@10: 0.06893 Recall@20: 0.10319 NDCG@10: 0.04121 NDCG@20: 0.05076 
09/05/2026,08:20:55: 	Recall@10: 0.02806 Recall@20: 0.04304 NDCG@10: 0.01497 NDCG@20: 0.01909 
09/05/2026,08:20:55: Epoch [174/1000]
09/05/2026,08:20:55: Negative sampling...
09/05/2026,08:20:56: Model's personal time...
09/05/2026,08:20:56: Model diagnostics: arce_anchor_count_mean=36.582870, arce_blocker_budget_mean=13.417130, arce_blocker_entropy_mean=4.721377, arce_blocker_inclusion_mean=0.153837, arce_closure_difficulty_mean=0.476516, arce_closure_difficulty_std=0.244973, arce_gamma_effective_beta=3.000000, arce_gamma_max=0.697676, arce_gamma_mean=0.121005, arce_gamma_min=0.049787, arce_gamma_mode=sample_overlap, arce_gamma_reassignment_l1_mean=0.000000, arce_gamma_std=0.054762, arce_logq_lambda=0.100000, arce_sample_gamma_mean=0.121005, arce_sampled_teacher_overlap_mean=0.731657, arce_sampler=marginal, arce_sampling_power=1.000000, arce_teacher_missing_mass_mean=0.135422, arce_teacher_missing_mass_std=0.084569
09/05/2026,08:20:56: Training...
09/05/2026,08:20:58: Evaluating...
09/05/2026,08:20:58: 	Train Loss: 3446972.0000 (base: 169.2347, kd: 6893.6060), Elapsed: train 2.62 test 0.28
09/05/2026,08:20:58: 	Recall@10: 0.06837 Recall@20: 0.10368 NDCG@10: 0.04079 NDCG@20: 0.05060 
09/05/2026,08:20:58: 	Recall@10: 0.02774 Recall@20: 0.04319 NDCG@10: 0.01482 NDCG@20: 0.01908 
09/05/2026,08:20:58: Epoch [175/1000]
09/05/2026,08:20:58: Negative sampling...
09/05/2026,08:20:59: Model's personal time...
09/05/2026,08:20:59: Model diagnostics: arce_anchor_count_mean=36.605095, arce_blocker_budget_mean=13.394903, arce_blocker_entropy_mean=4.722995, arce_blocker_inclusion_mean=0.153319, arce_closure_difficulty_mean=0.475797, arce_closure_difficulty_std=0.244599, arce_gamma_effective_beta=3.000000, arce_gamma_max=0.697676, arce_gamma_mean=0.120797, arce_gamma_min=0.049787, arce_gamma_mode=sample_overlap, arce_gamma_reassignment_l1_mean=0.000000, arce_gamma_std=0.054452, arce_logq_lambda=0.100000, arce_sample_gamma_mean=0.120797, arce_sampled_teacher_overlap_mean=0.732102, arce_sampler=marginal, arce_sampling_power=1.000000, arce_teacher_missing_mass_mean=0.135096, arce_teacher_missing_mass_std=0.084289
09/05/2026,08:20:59: Training...
09/05/2026,08:21:01: Evaluating...
09/05/2026,08:21:01: 	Train Loss: 3447187.7500 (base: 170.0719, kd: 6894.0356), Elapsed: train 2.73 test 0.28
09/05/2026,08:21:01: 	Recall@10: 0.06872 Recall@20: 0.10330 NDCG@10: 0.04103 NDCG@20: 0.05066 
09/05/2026,08:21:01: 	Recall@10: 0.02755 Recall@20: 0.04330 NDCG@10: 0.01474 NDCG@20: 0.01909 
09/05/2026,08:21:01: Epoch [176/1000]
09/05/2026,08:21:01: Negative sampling...
09/05/2026,08:21:02: Model's personal time...
09/05/2026,08:21:02: Model diagnostics: arce_anchor_count_mean=36.633839, arce_blocker_budget_mean=13.366162, arce_blocker_entropy_mean=4.720700, arce_blocker_inclusion_mean=0.154075, arce_closure_difficulty_mean=0.474919, arce_closure_difficulty_std=0.244401, arce_gamma_effective_beta=3.000000, arce_gamma_max=0.697676, arce_gamma_mean=0.120587, arce_gamma_min=0.049787, arce_gamma_mode=sample_overlap, arce_gamma_reassignment_l1_mean=0.000000, arce_gamma_std=0.054377, arce_logq_lambda=0.100000, arce_sample_gamma_mean=0.120587, arce_sampled_teacher_overlap_mean=0.732677, arce_sampler=marginal, arce_sampling_power=1.000000, arce_teacher_missing_mass_mean=0.134839, arce_teacher_missing_mass_std=0.084269
09/05/2026,08:21:02: Training...
09/05/2026,08:21:04: Evaluating...
09/05/2026,08:21:04: 	Train Loss: 3447153.0000 (base: 171.5738, kd: 6893.9624), Elapsed: train 2.77 test 0.27
09/05/2026,08:21:04: 	Recall@10: 0.06902 Recall@20: 0.10395 NDCG@10: 0.04091 NDCG@20: 0.05059 
09/05/2026,08:21:04: 	Recall@10: 0.02803 Recall@20: 0.04321 NDCG@10: 0.01493 NDCG@20: 0.01910 
09/05/2026,08:21:04: Epoch [177/1000]
09/05/2026,08:21:04: Negative sampling...
09/05/2026,08:21:05: Model's personal time...
09/05/2026,08:21:05: Model diagnostics: arce_anchor_count_mean=36.657787, arce_blocker_budget_mean=13.342211, arce_blocker_entropy_mean=4.717776, arce_blocker_inclusion_mean=0.153260, arce_closure_difficulty_mean=0.474109, arce_closure_difficulty_std=0.244122, arce_gamma_effective_beta=3.000000, arce_gamma_max=0.697676, arce_gamma_mean=0.120377, arce_gamma_min=0.049787, arce_gamma_mode=sample_overlap, arce_gamma_reassignment_l1_mean=0.000000, arce_gamma_std=0.054200, arce_logq_lambda=0.100000, arce_sample_gamma_mean=0.120377, arce_sampled_teacher_overlap_mean=0.733156, arce_sampler=marginal, arce_sampling_power=1.000000, arce_teacher_missing_mass_mean=0.134489, arce_teacher_missing_mass_std=0.084107
09/05/2026,08:21:05: Training...
09/05/2026,08:21:07: Evaluating...
09/05/2026,08:21:07: 	Train Loss: 3447113.7500 (base: 168.9742, kd: 6893.8887), Elapsed: train 2.51 test 0.32 *
09/05/2026,08:21:07: 	Recall@10: 0.06942 Recall@20: 0.10384 NDCG@10: 0.04135 NDCG@20: 0.05090 
09/05/2026,08:21:07: 	Recall@10: 0.02804 Recall@20: 0.04314 NDCG@10: 0.01497 NDCG@20: 0.01912 
09/05/2026,08:21:07: Epoch [178/1000]
09/05/2026,08:21:07: Negative sampling...
09/05/2026,08:21:08: Model's personal time...
09/05/2026,08:21:08: Model diagnostics: arce_anchor_count_mean=36.673882, arce_blocker_budget_mean=13.326116, arce_blocker_entropy_mean=4.717500, arce_blocker_inclusion_mean=0.153214, arce_closure_difficulty_mean=0.473443, arce_closure_difficulty_std=0.243914, arce_gamma_effective_beta=3.000000, arce_gamma_max=0.697676, arce_gamma_mean=0.120222, arce_gamma_min=0.049787, arce_gamma_mode=sample_overlap, arce_gamma_reassignment_l1_mean=0.000000, arce_gamma_std=0.053916, arce_logq_lambda=0.100000, arce_sample_gamma_mean=0.120222, arce_sampled_teacher_overlap_mean=0.733478, arce_sampler=marginal, arce_sampling_power=1.000000, arce_teacher_missing_mass_mean=0.134289, arce_teacher_missing_mass_std=0.084029
09/05/2026,08:21:08: Training...
09/05/2026,08:21:09: Evaluating...
09/05/2026,08:21:10: 	Train Loss: 3446912.5000 (base: 167.1241, kd: 6893.4907), Elapsed: train 2.61 test 0.27
09/05/2026,08:21:10: 	Recall@10: 0.06868 Recall@20: 0.10336 NDCG@10: 0.04096 NDCG@20: 0.05059 
09/05/2026,08:21:10: 	Recall@10: 0.02819 Recall@20: 0.04330 NDCG@10: 0.01510 NDCG@20: 0.01923 
09/05/2026,08:21:10: Epoch [179/1000]
09/05/2026,08:21:10: Negative sampling...
09/05/2026,08:21:11: Model's personal time...
09/05/2026,08:21:11: Model diagnostics: arce_anchor_count_mean=36.702816, arce_blocker_budget_mean=13.297183, arce_blocker_entropy_mean=4.720271, arce_blocker_inclusion_mean=0.153331, arce_closure_difficulty_mean=0.472671, arce_closure_difficulty_std=0.243794, arce_gamma_effective_beta=3.000000, arce_gamma_max=0.697676, arce_gamma_mean=0.120012, arce_gamma_min=0.049787, arce_gamma_mode=sample_overlap, arce_gamma_reassignment_l1_mean=0.000000, arce_gamma_std=0.053848, arce_logq_lambda=0.100000, arce_sample_gamma_mean=0.120012, arce_sampled_teacher_overlap_mean=0.734056, arce_sampler=marginal, arce_sampling_power=1.000000, arce_teacher_missing_mass_mean=0.133953, arce_teacher_missing_mass_std=0.083930
09/05/2026,08:21:11: Training...
09/05/2026,08:21:12: Evaluating...
09/05/2026,08:21:13: 	Train Loss: 3447117.7500 (base: 168.1144, kd: 6893.8989), Elapsed: train 2.53 test 0.26
09/05/2026,08:21:13: 	Recall@10: 0.06877 Recall@20: 0.10387 NDCG@10: 0.04104 NDCG@20: 0.05079 
09/05/2026,08:21:13: 	Recall@10: 0.02788 Recall@20: 0.04315 NDCG@10: 0.01491 NDCG@20: 0.01912 
09/05/2026,08:21:13: Epoch [180/1000]
09/05/2026,08:21:13: Negative sampling...
09/05/2026,08:21:14: Model's personal time...
09/05/2026,08:21:14: Model diagnostics: arce_anchor_count_mean=36.712013, arce_blocker_budget_mean=13.287986, arce_blocker_entropy_mean=4.716499, arce_blocker_inclusion_mean=0.153056, arce_closure_difficulty_mean=0.471945, arce_closure_difficulty_std=0.243453, arce_gamma_effective_beta=3.000000, arce_gamma_max=0.697676, arce_gamma_mean=0.119913, arce_gamma_min=0.049787, arce_gamma_mode=sample_overlap, arce_gamma_reassignment_l1_mean=0.000000, arce_gamma_std=0.053690, arce_logq_lambda=0.100000, arce_sample_gamma_mean=0.119913, arce_sampled_teacher_overlap_mean=0.734240, arce_sampler=marginal, arce_sampling_power=1.000000, arce_teacher_missing_mass_mean=0.133772, arce_teacher_missing_mass_std=0.083817
09/05/2026,08:21:14: Training...
09/05/2026,08:21:15: Evaluating...
09/05/2026,08:21:15: 	Train Loss: 3446989.0000 (base: 169.3313, kd: 6893.6387), Elapsed: train 2.50 test 0.27
09/05/2026,08:21:15: 	Recall@10: 0.06847 Recall@20: 0.10342 NDCG@10: 0.04112 NDCG@20: 0.05081 
09/05/2026,08:21:15: 	Recall@10: 0.02749 Recall@20: 0.04293 NDCG@10: 0.01495 NDCG@20: 0.01921 
09/05/2026,08:21:15: Epoch [181/1000]
09/05/2026,08:21:15: Negative sampling...
09/05/2026,08:21:17: Model's personal time...
09/05/2026,08:21:17: Model diagnostics: arce_anchor_count_mean=36.743629, arce_blocker_budget_mean=13.256371, arce_blocker_entropy_mean=4.716269, arce_blocker_inclusion_mean=0.153124, arce_closure_difficulty_mean=0.470945, arce_closure_difficulty_std=0.243162, arce_gamma_effective_beta=3.000000, arce_gamma_max=0.697676, arce_gamma_mean=0.119668, arce_gamma_min=0.049787, arce_gamma_mode=sample_overlap, arce_gamma_reassignment_l1_mean=0.000000, arce_gamma_std=0.053525, arce_logq_lambda=0.100000, arce_sample_gamma_mean=0.119668, arce_sampled_teacher_overlap_mean=0.734873, arce_sampler=marginal, arce_sampling_power=1.000000, arce_teacher_missing_mass_mean=0.133348, arce_teacher_missing_mass_std=0.083600
09/05/2026,08:21:17: Training...
09/05/2026,08:21:18: Evaluating...
09/05/2026,08:21:18: 	Train Loss: 3447588.5000 (base: 169.3248, kd: 6894.8379), Elapsed: train 2.74 test 0.30
09/05/2026,08:21:18: 	Recall@10: 0.06852 Recall@20: 0.10394 NDCG@10: 0.04108 NDCG@20: 0.05083 
09/05/2026,08:21:18: 	Recall@10: 0.02851 Recall@20: 0.04300 NDCG@10: 0.01521 NDCG@20: 0.01920 
09/05/2026,08:21:18: Epoch [182/1000]
09/05/2026,08:21:18: Negative sampling...
09/05/2026,08:21:20: Model's personal time...
09/05/2026,08:21:20: Model diagnostics: arce_anchor_count_mean=36.759342, arce_blocker_budget_mean=13.240659, arce_blocker_entropy_mean=4.716739, arce_blocker_inclusion_mean=0.152676, arce_closure_difficulty_mean=0.470268, arce_closure_difficulty_std=0.242941, arce_gamma_effective_beta=3.000000, arce_gamma_max=0.697676, arce_gamma_mean=0.119534, arce_gamma_min=0.049787, arce_gamma_mode=sample_overlap, arce_gamma_reassignment_l1_mean=0.000000, arce_gamma_std=0.053408, arce_logq_lambda=0.100000, arce_sample_gamma_mean=0.119534, arce_sampled_teacher_overlap_mean=0.735187, arce_sampler=marginal, arce_sampling_power=1.000000, arce_teacher_missing_mass_mean=0.133129, arce_teacher_missing_mass_std=0.083498
09/05/2026,08:21:20: Training...
09/05/2026,08:21:21: Evaluating...
09/05/2026,08:21:22: 	Train Loss: 3447532.2500 (base: 163.5674, kd: 6894.7373), Elapsed: train 2.94 test 0.27
09/05/2026,08:21:22: 	Recall@10: 0.06851 Recall@20: 0.10360 NDCG@10: 0.04087 NDCG@20: 0.05057 
09/05/2026,08:21:22: 	Recall@10: 0.02845 Recall@20: 0.04326 NDCG@10: 0.01508 NDCG@20: 0.01914 
09/05/2026,08:21:22: Epoch [183/1000]
09/05/2026,08:21:22: Negative sampling...
09/05/2026,08:21:23: Model's personal time...
09/05/2026,08:21:23: Model diagnostics: arce_anchor_count_mean=36.779652, arce_blocker_budget_mean=13.220348, arce_blocker_entropy_mean=4.716186, arce_blocker_inclusion_mean=0.153455, arce_closure_difficulty_mean=0.469627, arce_closure_difficulty_std=0.242873, arce_gamma_effective_beta=3.000000, arce_gamma_max=0.697676, arce_gamma_mean=0.119403, arce_gamma_min=0.049787, arce_gamma_mode=sample_overlap, arce_gamma_reassignment_l1_mean=0.000000, arce_gamma_std=0.053501, arce_logq_lambda=0.100000, arce_sample_gamma_mean=0.119403, arce_sampled_teacher_overlap_mean=0.735593, arce_sampler=marginal, arce_sampling_power=1.000000, arce_teacher_missing_mass_mean=0.132910, arce_teacher_missing_mass_std=0.083479
09/05/2026,08:21:23: Training...
09/05/2026,08:21:24: Evaluating...
09/05/2026,08:21:24: 	Train Loss: 3447535.2500 (base: 164.8555, kd: 6894.7402), Elapsed: train 2.63 test 0.27
09/05/2026,08:21:24: 	Recall@10: 0.06826 Recall@20: 0.10292 NDCG@10: 0.04073 NDCG@20: 0.05036 
09/05/2026,08:21:24: 	Recall@10: 0.02803 Recall@20: 0.04315 NDCG@10: 0.01500 NDCG@20: 0.01915 
09/05/2026,08:21:24: Epoch [184/1000]
09/05/2026,08:21:24: Negative sampling...
09/05/2026,08:21:26: Model's personal time...
09/05/2026,08:21:26: Model diagnostics: arce_anchor_count_mean=36.803028, arce_blocker_budget_mean=13.196973, arce_blocker_entropy_mean=4.711447, arce_blocker_inclusion_mean=0.153375, arce_closure_difficulty_mean=0.469007, arce_closure_difficulty_std=0.242652, arce_gamma_effective_beta=3.000000, arce_gamma_max=0.697676, arce_gamma_mean=0.119196, arce_gamma_min=0.049787, arce_gamma_mode=sample_overlap, arce_gamma_reassignment_l1_mean=0.000000, arce_gamma_std=0.053235, arce_logq_lambda=0.100000, arce_sample_gamma_mean=0.119196, arce_sampled_teacher_overlap_mean=0.736061, arce_sampler=marginal, arce_sampling_power=1.000000, arce_teacher_missing_mass_mean=0.132629, arce_teacher_missing_mass_std=0.083273
09/05/2026,08:21:26: Training...
09/05/2026,08:21:27: Evaluating...
09/05/2026,08:21:27: 	Train Loss: 3447414.7500 (base: 166.4431, kd: 6894.4961), Elapsed: train 2.64 test 0.27
09/05/2026,08:21:27: 	Recall@10: 0.06834 Recall@20: 0.10290 NDCG@10: 0.04108 NDCG@20: 0.05068 
09/05/2026,08:21:27: 	Recall@10: 0.02755 Recall@20: 0.04301 NDCG@10: 0.01491 NDCG@20: 0.01915 
09/05/2026,08:21:27: Epoch [185/1000]
09/05/2026,08:21:27: Negative sampling...
09/05/2026,08:21:29: Model's personal time...
09/05/2026,08:21:29: Model diagnostics: arce_anchor_count_mean=36.814907, arce_blocker_budget_mean=13.185093, arce_blocker_entropy_mean=4.713344, arce_blocker_inclusion_mean=0.153197, arce_closure_difficulty_mean=0.468127, arce_closure_difficulty_std=0.242234, arce_gamma_effective_beta=3.000000, arce_gamma_max=0.697676, arce_gamma_mean=0.119072, arce_gamma_min=0.049787, arce_gamma_mode=sample_overlap, arce_gamma_reassignment_l1_mean=0.000000, arce_gamma_std=0.053086, arce_logq_lambda=0.100000, arce_sample_gamma_mean=0.119072, arce_sampled_teacher_overlap_mean=0.736298, arce_sampler=marginal, arce_sampling_power=1.000000, arce_teacher_missing_mass_mean=0.132376, arce_teacher_missing_mass_std=0.083135
09/05/2026,08:21:29: Training...
09/05/2026,08:21:30: Evaluating...
09/05/2026,08:21:30: 	Train Loss: 3447862.7500 (base: 168.5276, kd: 6895.3887), Elapsed: train 2.44 test 0.26
09/05/2026,08:21:30: 	Recall@10: 0.06879 Recall@20: 0.10400 NDCG@10: 0.04099 NDCG@20: 0.05072 
09/05/2026,08:21:30: 	Recall@10: 0.02825 Recall@20: 0.04368 NDCG@10: 0.01505 NDCG@20: 0.01926 
09/05/2026,08:21:30: Epoch [186/1000]
09/05/2026,08:21:30: Negative sampling...
09/05/2026,08:21:31: Model's personal time...
09/05/2026,08:21:31: Model diagnostics: arce_anchor_count_mean=36.843838, arce_blocker_budget_mean=13.156160, arce_blocker_entropy_mean=4.713811, arce_blocker_inclusion_mean=0.152528, arce_closure_difficulty_mean=0.467384, arce_closure_difficulty_std=0.242339, arce_gamma_effective_beta=3.000000, arce_gamma_max=0.697676, arce_gamma_mean=0.118843, arce_gamma_min=0.049787, arce_gamma_mode=sample_overlap, arce_gamma_reassignment_l1_mean=0.000000, arce_gamma_std=0.052895, arce_logq_lambda=0.100000, arce_sample_gamma_mean=0.118843, arce_sampled_teacher_overlap_mean=0.736877, arce_sampler=marginal, arce_sampling_power=1.000000, arce_teacher_missing_mass_mean=0.132056, arce_teacher_missing_mass_std=0.083021
09/05/2026,08:21:31: Training...
09/05/2026,08:21:33: Evaluating...
09/05/2026,08:21:33: 	Train Loss: 3447520.5000 (base: 164.5962, kd: 6894.7114), Elapsed: train 2.64 test 0.33
09/05/2026,08:21:33: 	Recall@10: 0.06923 Recall@20: 0.10317 NDCG@10: 0.04118 NDCG@20: 0.05062 
09/05/2026,08:21:33: 	Recall@10: 0.02825 Recall@20: 0.04336 NDCG@10: 0.01493 NDCG@20: 0.01908 
09/05/2026,08:21:33: Epoch [187/1000]
09/05/2026,08:21:33: Negative sampling...
09/05/2026,08:21:34: Model's personal time...
09/05/2026,08:21:34: Model diagnostics: arce_anchor_count_mean=36.860508, arce_blocker_budget_mean=13.139490, arce_blocker_entropy_mean=4.709394, arce_blocker_inclusion_mean=0.153145, arce_closure_difficulty_mean=0.466724, arce_closure_difficulty_std=0.241959, arce_gamma_effective_beta=3.000000, arce_gamma_max=0.697676, arce_gamma_mean=0.118708, arce_gamma_min=0.049787, arce_gamma_mode=sample_overlap, arce_gamma_reassignment_l1_mean=0.000000, arce_gamma_std=0.052845, arce_logq_lambda=0.100000, arce_sample_gamma_mean=0.118708, arce_sampled_teacher_overlap_mean=0.737210, arce_sampler=marginal, arce_sampling_power=1.000000, arce_teacher_missing_mass_mean=0.131798, arce_teacher_missing_mass_std=0.082891
09/05/2026,08:21:34: Training...
09/05/2026,08:21:36: Evaluating...
09/05/2026,08:21:36: 	Train Loss: 3447763.7500 (base: 164.5465, kd: 6895.1987), Elapsed: train 2.60 test 0.28
09/05/2026,08:21:36: 	Recall@10: 0.06862 Recall@20: 0.10326 NDCG@10: 0.04101 NDCG@20: 0.05062 
09/05/2026,08:21:36: 	Recall@10: 0.02799 Recall@20: 0.04368 NDCG@10: 0.01506 NDCG@20: 0.01933 
09/05/2026,08:21:36: Epoch [188/1000]
09/05/2026,08:21:36: Negative sampling...
09/05/2026,08:21:37: Model's personal time...
09/05/2026,08:21:37: Model diagnostics: arce_anchor_count_mean=36.869900, arce_blocker_budget_mean=13.130101, arce_blocker_entropy_mean=4.710425, arce_blocker_inclusion_mean=0.152847, arce_closure_difficulty_mean=0.465859, arce_closure_difficulty_std=0.241758, arce_gamma_effective_beta=3.000000, arce_gamma_max=0.697676, arce_gamma_mean=0.118645, arce_gamma_min=0.049787, arce_gamma_mode=sample_overlap, arce_gamma_reassignment_l1_mean=0.000000, arce_gamma_std=0.052811, arce_logq_lambda=0.100000, arce_sample_gamma_mean=0.118645, arce_sampled_teacher_overlap_mean=0.737398, arce_sampler=marginal, arce_sampling_power=1.000000, arce_teacher_missing_mass_mean=0.131594, arce_teacher_missing_mass_std=0.082867
09/05/2026,08:21:37: Training...
09/05/2026,08:21:38: Evaluating...
09/05/2026,08:21:39: 	Train Loss: 3448131.2500 (base: 164.2498, kd: 6895.9336), Elapsed: train 2.62 test 0.27
09/05/2026,08:21:39: 	Recall@10: 0.06786 Recall@20: 0.10303 NDCG@10: 0.04071 NDCG@20: 0.05045 
09/05/2026,08:21:39: 	Recall@10: 0.02841 Recall@20: 0.04372 NDCG@10: 0.01514 NDCG@20: 0.01930 
09/05/2026,08:21:39: Epoch [189/1000]
09/05/2026,08:21:39: Negative sampling...
09/05/2026,08:21:40: Model's personal time...
09/05/2026,08:21:40: Model diagnostics: arce_anchor_count_mean=36.894234, arce_blocker_budget_mean=13.105767, arce_blocker_entropy_mean=4.708943, arce_blocker_inclusion_mean=0.152993, arce_closure_difficulty_mean=0.465211, arce_closure_difficulty_std=0.241671, arce_gamma_effective_beta=3.000000, arce_gamma_max=0.697676, arce_gamma_mean=0.118460, arce_gamma_min=0.049787, arce_gamma_mode=sample_overlap, arce_gamma_reassignment_l1_mean=0.000000, arce_gamma_std=0.052779, arce_logq_lambda=0.100000, arce_sample_gamma_mean=0.118460, arce_sampled_teacher_overlap_mean=0.737885, arce_sampler=marginal, arce_sampling_power=1.000000, arce_teacher_missing_mass_mean=0.131312, arce_teacher_missing_mass_std=0.082786
09/05/2026,08:21:40: Training...
09/05/2026,08:21:41: Evaluating...
09/05/2026,08:21:42: 	Train Loss: 3447713.5000 (base: 164.2913, kd: 6895.0986), Elapsed: train 2.69 test 0.29
09/05/2026,08:21:42: 	Recall@10: 0.06893 Recall@20: 0.10346 NDCG@10: 0.04106 NDCG@20: 0.05058 
09/05/2026,08:21:42: 	Recall@10: 0.02819 Recall@20: 0.04400 NDCG@10: 0.01507 NDCG@20: 0.01938 
09/05/2026,08:21:42: Epoch [190/1000]
09/05/2026,08:21:42: Negative sampling...
09/05/2026,08:21:43: Model's personal time...
09/05/2026,08:21:43: Model diagnostics: arce_anchor_count_mean=36.915501, arce_blocker_budget_mean=13.084498, arce_blocker_entropy_mean=4.708829, arce_blocker_inclusion_mean=0.152535, arce_closure_difficulty_mean=0.464464, arce_closure_difficulty_std=0.241208, arce_gamma_effective_beta=3.000000, arce_gamma_max=0.697676, arce_gamma_mean=0.118271, arce_gamma_min=0.049787, arce_gamma_mode=sample_overlap, arce_gamma_reassignment_l1_mean=0.000000, arce_gamma_std=0.052485, arce_logq_lambda=0.100000, arce_sample_gamma_mean=0.118271, arce_sampled_teacher_overlap_mean=0.738310, arce_sampler=marginal, arce_sampling_power=1.000000, arce_teacher_missing_mass_mean=0.131056, arce_teacher_missing_mass_std=0.082627
09/05/2026,08:21:43: Training...
09/05/2026,08:21:44: Evaluating...
09/05/2026,08:21:45: 	Train Loss: 3448220.7500 (base: 165.8682, kd: 6896.1104), Elapsed: train 2.67 test 0.27
09/05/2026,08:21:45: 	Recall@10: 0.06888 Recall@20: 0.10245 NDCG@10: 0.04088 NDCG@20: 0.05016 
09/05/2026,08:21:45: 	Recall@10: 0.02857 Recall@20: 0.04400 NDCG@10: 0.01517 NDCG@20: 0.01936 
09/05/2026,08:21:45: Epoch [191/1000]
09/05/2026,08:21:45: Negative sampling...
09/05/2026,08:21:46: Model's personal time...
09/05/2026,08:21:46: Model diagnostics: arce_anchor_count_mean=36.947308, arce_blocker_budget_mean=13.052691, arce_blocker_entropy_mean=4.706519, arce_blocker_inclusion_mean=0.153013, arce_closure_difficulty_mean=0.463699, arce_closure_difficulty_std=0.241282, arce_gamma_effective_beta=3.000000, arce_gamma_max=0.697676, arce_gamma_mean=0.118031, arce_gamma_min=0.049787, arce_gamma_mode=sample_overlap, arce_gamma_reassignment_l1_mean=0.000000, arce_gamma_std=0.052382, arce_logq_lambda=0.100000, arce_sample_gamma_mean=0.118031, arce_sampled_teacher_overlap_mean=0.738946, arce_sampler=marginal, arce_sampling_power=1.000000, arce_teacher_missing_mass_mean=0.130681, arce_teacher_missing_mass_std=0.082491
09/05/2026,08:21:46: Training...
09/05/2026,08:21:47: Evaluating...
09/05/2026,08:21:48: 	Train Loss: 3448052.7500 (base: 166.1314, kd: 6895.7734), Elapsed: train 2.55 test 0.26
09/05/2026,08:21:48: 	Recall@10: 0.06889 Recall@20: 0.10232 NDCG@10: 0.04089 NDCG@20: 0.05026 
09/05/2026,08:21:48: 	Recall@10: 0.02812 Recall@20: 0.04375 NDCG@10: 0.01498 NDCG@20: 0.01926 
09/05/2026,08:21:48: Epoch [192/1000]
09/05/2026,08:21:48: Negative sampling...
09/05/2026,08:21:49: Model's personal time...
09/05/2026,08:21:49: Model diagnostics: arce_anchor_count_mean=36.966660, arce_blocker_budget_mean=13.033340, arce_blocker_entropy_mean=4.706915, arce_blocker_inclusion_mean=0.152550, arce_closure_difficulty_mean=0.463175, arce_closure_difficulty_std=0.241286, arce_gamma_effective_beta=3.000000, arce_gamma_max=0.697676, arce_gamma_mean=0.117887, arce_gamma_min=0.049787, arce_gamma_mode=sample_overlap, arce_gamma_reassignment_l1_mean=0.000000, arce_gamma_std=0.052334, arce_logq_lambda=0.100000, arce_sample_gamma_mean=0.117887, arce_sampled_teacher_overlap_mean=0.739333, arce_sampler=marginal, arce_sampling_power=1.000000, arce_teacher_missing_mass_mean=0.130469, arce_teacher_missing_mass_std=0.082464
09/05/2026,08:21:49: Training...
09/05/2026,08:21:50: Evaluating...
09/05/2026,08:21:50: 	Train Loss: 3448446.2500 (base: 163.7401, kd: 6896.5649), Elapsed: train 2.58 test 0.29
09/05/2026,08:21:50: 	Recall@10: 0.06767 Recall@20: 0.10248 NDCG@10: 0.04068 NDCG@20: 0.05034 
09/05/2026,08:21:50: 	Recall@10: 0.02839 Recall@20: 0.04400 NDCG@10: 0.01519 NDCG@20: 0.01942 
09/05/2026,08:21:50: Epoch [193/1000]
09/05/2026,08:21:50: Negative sampling...
09/05/2026,08:21:52: Model's personal time...
09/05/2026,08:21:52: Model diagnostics: arce_anchor_count_mean=36.986012, arce_blocker_budget_mean=13.013988, arce_blocker_entropy_mean=4.708226, arce_blocker_inclusion_mean=0.152400, arce_closure_difficulty_mean=0.462386, arce_closure_difficulty_std=0.241046, arce_gamma_effective_beta=3.000000, arce_gamma_max=0.697676, arce_gamma_mean=0.117729, arce_gamma_min=0.049787, arce_gamma_mode=sample_overlap, arce_gamma_reassignment_l1_mean=0.000000, arce_gamma_std=0.052166, arce_logq_lambda=0.100000, arce_sample_gamma_mean=0.117729, arce_sampled_teacher_overlap_mean=0.739720, arce_sampler=marginal, arce_sampling_power=1.000000, arce_teacher_missing_mass_mean=0.130241, arce_teacher_missing_mass_std=0.082381
09/05/2026,08:21:52: Training...
09/05/2026,08:21:53: Evaluating...
09/05/2026,08:21:53: 	Train Loss: 3448314.7500 (base: 163.5419, kd: 6896.3022), Elapsed: train 2.51 test 0.29
09/05/2026,08:21:53: 	Recall@10: 0.06806 Recall@20: 0.10291 NDCG@10: 0.04081 NDCG@20: 0.05048 
09/05/2026,08:21:53: 	Recall@10: 0.02792 Recall@20: 0.04373 NDCG@10: 0.01519 NDCG@20: 0.01952 
09/05/2026,08:21:53: Epoch [194/1000]
09/05/2026,08:21:53: Negative sampling...
09/05/2026,08:21:55: Model's personal time...
09/05/2026,08:21:55: Model diagnostics: arce_anchor_count_mean=36.996361, arce_blocker_budget_mean=13.003640, arce_blocker_entropy_mean=4.705372, arce_blocker_inclusion_mean=0.152517, arce_closure_difficulty_mean=0.461908, arce_closure_difficulty_std=0.240858, arce_gamma_effective_beta=3.000000, arce_gamma_max=0.657047, arce_gamma_mean=0.117631, arce_gamma_min=0.049787, arce_gamma_mode=sample_overlap, arce_gamma_reassignment_l1_mean=0.000000, arce_gamma_std=0.051983, arce_logq_lambda=0.100000, arce_sample_gamma_mean=0.117631, arce_sampled_teacher_overlap_mean=0.739927, arce_sampler=marginal, arce_sampling_power=1.000000, arce_teacher_missing_mass_mean=0.130098, arce_teacher_missing_mass_std=0.082325
09/05/2026,08:21:55: Training...
09/05/2026,08:21:56: Evaluating...
09/05/2026,08:21:56: 	Train Loss: 3448306.7500 (base: 160.2357, kd: 6896.2935), Elapsed: train 2.62 test 0.27
09/05/2026,08:21:56: 	Recall@10: 0.06795 Recall@20: 0.10248 NDCG@10: 0.04102 NDCG@20: 0.05062 
09/05/2026,08:21:56: 	Recall@10: 0.02783 Recall@20: 0.04367 NDCG@10: 0.01499 NDCG@20: 0.01935 
09/05/2026,08:21:56: Epoch [195/1000]
09/05/2026,08:21:56: Negative sampling...
09/05/2026,08:21:57: Model's personal time...
09/05/2026,08:21:57: Model diagnostics: arce_anchor_count_mean=37.025101, arce_blocker_budget_mean=12.974899, arce_blocker_entropy_mean=4.702762, arce_blocker_inclusion_mean=0.152142, arce_closure_difficulty_mean=0.461156, arce_closure_difficulty_std=0.240533, arce_gamma_effective_beta=3.000000, arce_gamma_max=0.657047, arce_gamma_mean=0.117407, arce_gamma_min=0.049787, arce_gamma_mode=sample_overlap, arce_gamma_reassignment_l1_mean=0.000000, arce_gamma_std=0.051828, arce_logq_lambda=0.100000, arce_sample_gamma_mean=0.117407, arce_sampled_teacher_overlap_mean=0.740502, arce_sampler=marginal, arce_sampling_power=1.000000, arce_teacher_missing_mass_mean=0.129712, arce_teacher_missing_mass_std=0.082082
09/05/2026,08:21:57: Training...
09/05/2026,08:21:59: Evaluating...
09/05/2026,08:21:59: 	Train Loss: 3448823.0000 (base: 162.1031, kd: 6897.3228), Elapsed: train 2.58 test 0.27
09/05/2026,08:21:59: 	Recall@10: 0.06903 Recall@20: 0.10299 NDCG@10: 0.04086 NDCG@20: 0.05026 
09/05/2026,08:21:59: 	Recall@10: 0.02786 Recall@20: 0.04338 NDCG@10: 0.01498 NDCG@20: 0.01923 
09/05/2026,08:21:59: Epoch [196/1000]
09/05/2026,08:21:59: Negative sampling...
09/05/2026,08:22:00: Model's personal time...
09/05/2026,08:22:00: Model diagnostics: arce_anchor_count_mean=37.030849, arce_blocker_budget_mean=12.969151, arce_blocker_entropy_mean=4.704052, arce_blocker_inclusion_mean=0.152029, arce_closure_difficulty_mean=0.460483, arce_closure_difficulty_std=0.240392, arce_gamma_effective_beta=3.000000, arce_gamma_max=0.657047, arce_gamma_mean=0.117389, arce_gamma_min=0.049787, arce_gamma_mode=sample_overlap, arce_gamma_reassignment_l1_mean=0.000000, arce_gamma_std=0.051897, arce_logq_lambda=0.100000, arce_sample_gamma_mean=0.117389, arce_sampled_teacher_overlap_mean=0.740617, arce_sampler=marginal, arce_sampling_power=1.000000, arce_teacher_missing_mass_mean=0.129570, arce_teacher_missing_mass_std=0.082113
09/05/2026,08:22:00: Training...
09/05/2026,08:22:02: Evaluating...
09/05/2026,08:22:02: 	Train Loss: 3448280.5000 (base: 159.0741, kd: 6896.2427), Elapsed: train 2.85 test 0.27
09/05/2026,08:22:02: 	Recall@10: 0.06786 Recall@20: 0.10172 NDCG@10: 0.04082 NDCG@20: 0.05025 
09/05/2026,08:22:02: 	Recall@10: 0.02855 Recall@20: 0.04347 NDCG@10: 0.01526 NDCG@20: 0.01936 
09/05/2026,08:22:02: Epoch [197/1000]
09/05/2026,08:22:02: Negative sampling...
09/05/2026,08:22:03: Model's personal time...
09/05/2026,08:22:03: Model diagnostics: arce_anchor_count_mean=37.050583, arce_blocker_budget_mean=12.949415, arce_blocker_entropy_mean=4.700666, arce_blocker_inclusion_mean=0.152374, arce_closure_difficulty_mean=0.459955, arce_closure_difficulty_std=0.240092, arce_gamma_effective_beta=3.000000, arce_gamma_max=0.657047, arce_gamma_mean=0.117200, arce_gamma_min=0.049787, arce_gamma_mode=sample_overlap, arce_gamma_reassignment_l1_mean=0.000000, arce_gamma_std=0.051680, arce_logq_lambda=0.100000, arce_sample_gamma_mean=0.117200, arce_sampled_teacher_overlap_mean=0.741012, arce_sampler=marginal, arce_sampling_power=1.000000, arce_teacher_missing_mass_mean=0.129345, arce_teacher_missing_mass_std=0.081892
09/05/2026,08:22:03: Training...
09/05/2026,08:22:05: Evaluating...
09/05/2026,08:22:05: 	Train Loss: 3448589.2500 (base: 163.8322, kd: 6896.8506), Elapsed: train 2.74 test 0.29
09/05/2026,08:22:05: 	Recall@10: 0.06806 Recall@20: 0.10289 NDCG@10: 0.04067 NDCG@20: 0.05034 
09/05/2026,08:22:05: 	Recall@10: 0.02813 Recall@20: 0.04386 NDCG@10: 0.01501 NDCG@20: 0.01933 
09/05/2026,08:22:05: Epoch [198/1000]
09/05/2026,08:22:05: Negative sampling...
09/05/2026,08:22:06: Model's personal time...
09/05/2026,08:22:06: Model diagnostics: arce_anchor_count_mean=37.071278, arce_blocker_budget_mean=12.928721, arce_blocker_entropy_mean=4.700219, arce_blocker_inclusion_mean=0.152213, arce_closure_difficulty_mean=0.459285, arce_closure_difficulty_std=0.239973, arce_gamma_effective_beta=3.000000, arce_gamma_max=0.657047, arce_gamma_mean=0.117058, arce_gamma_min=0.049787, arce_gamma_mode=sample_overlap, arce_gamma_reassignment_l1_mean=0.000000, arce_gamma_std=0.051616, arce_logq_lambda=0.100000, arce_sample_gamma_mean=0.117058, arce_sampled_teacher_overlap_mean=0.741426, arce_sampler=marginal, arce_sampling_power=1.000000, arce_teacher_missing_mass_mean=0.129113, arce_teacher_missing_mass_std=0.081902
09/05/2026,08:22:06: Training...
09/05/2026,08:22:08: Evaluating...
09/05/2026,08:22:08: 	Train Loss: 3448746.7500 (base: 159.9272, kd: 6897.1733), Elapsed: train 2.72 test 0.26
09/05/2026,08:22:08: 	Recall@10: 0.06782 Recall@20: 0.10303 NDCG@10: 0.04067 NDCG@20: 0.05044 
09/05/2026,08:22:08: 	Recall@10: 0.02763 Recall@20: 0.04326 NDCG@10: 0.01494 NDCG@20: 0.01926 
09/05/2026,08:22:08: Epoch [199/1000]
09/05/2026,08:22:08: Negative sampling...
09/05/2026,08:22:10: Model's personal time...
09/05/2026,08:22:10: Model diagnostics: arce_anchor_count_mean=37.089672, arce_blocker_budget_mean=12.910328, arce_blocker_entropy_mean=4.701917, arce_blocker_inclusion_mean=0.152791, arce_closure_difficulty_mean=0.458694, arce_closure_difficulty_std=0.239862, arce_gamma_effective_beta=3.000000, arce_gamma_max=0.657047, arce_gamma_mean=0.116900, arce_gamma_min=0.049787, arce_gamma_mode=sample_overlap, arce_gamma_reassignment_l1_mean=0.000000, arce_gamma_std=0.051458, arce_logq_lambda=0.100000, arce_sample_gamma_mean=0.116900, arce_sampled_teacher_overlap_mean=0.741793, arce_sampler=marginal, arce_sampling_power=1.000000, arce_teacher_missing_mass_mean=0.128851, arce_teacher_missing_mass_std=0.081679
09/05/2026,08:22:10: Training...
09/05/2026,08:22:11: Evaluating...
09/05/2026,08:22:11: 	Train Loss: 3448904.0000 (base: 158.6666, kd: 6897.4907), Elapsed: train 2.96 test 0.33
09/05/2026,08:22:11: 	Recall@10: 0.06839 Recall@20: 0.10322 NDCG@10: 0.04093 NDCG@20: 0.05054 
09/05/2026,08:22:11: 	Recall@10: 0.02771 Recall@20: 0.04355 NDCG@10: 0.01497 NDCG@20: 0.01931 
09/05/2026,08:22:11: Epoch [200/1000]
09/05/2026,08:22:11: Negative sampling...
09/05/2026,08:22:13: Model's personal time...
09/05/2026,08:22:13: Model diagnostics: arce_anchor_count_mean=37.102894, arce_blocker_budget_mean=12.897106, arce_blocker_entropy_mean=4.698260, arce_blocker_inclusion_mean=0.152605, arce_closure_difficulty_mean=0.458063, arce_closure_difficulty_std=0.239451, arce_gamma_effective_beta=3.000000, arce_gamma_max=0.657047, arce_gamma_mean=0.116759, arce_gamma_min=0.049787, arce_gamma_mode=sample_overlap, arce_gamma_reassignment_l1_mean=0.000000, arce_gamma_std=0.051262, arce_logq_lambda=0.100000, arce_sample_gamma_mean=0.116759, arce_sampled_teacher_overlap_mean=0.742058, arce_sampler=marginal, arce_sampling_power=1.000000, arce_teacher_missing_mass_mean=0.128657, arce_teacher_missing_mass_std=0.081558
09/05/2026,08:22:13: Training...
09/05/2026,08:22:14: Evaluating...
09/05/2026,08:22:14: 	Train Loss: 3448780.0000 (base: 163.5354, kd: 6897.2334), Elapsed: train 2.69 test 0.29
09/05/2026,08:22:14: 	Recall@10: 0.06858 Recall@20: 0.10283 NDCG@10: 0.04091 NDCG@20: 0.05039 
09/05/2026,08:22:14: 	Recall@10: 0.02784 Recall@20: 0.04346 NDCG@10: 0.01494 NDCG@20: 0.01924 
09/05/2026,08:22:14: Epoch [201/1000]
09/05/2026,08:22:14: Negative sampling...
09/05/2026,08:22:16: Model's personal time...
09/05/2026,08:22:16: Model diagnostics: arce_anchor_count_mean=37.119179, arce_blocker_budget_mean=12.880820, arce_blocker_entropy_mean=4.697828, arce_blocker_inclusion_mean=0.152698, arce_closure_difficulty_mean=0.457422, arce_closure_difficulty_std=0.239146, arce_gamma_effective_beta=3.000000, arce_gamma_max=0.657047, arce_gamma_mean=0.116682, arce_gamma_min=0.049787, arce_gamma_mode=sample_overlap, arce_gamma_reassignment_l1_mean=0.000000, arce_gamma_std=0.051335, arce_logq_lambda=0.100000, arce_sample_gamma_mean=0.116682, arce_sampled_teacher_overlap_mean=0.742384, arce_sampler=marginal, arce_sampling_power=1.000000, arce_teacher_missing_mass_mean=0.128436, arce_teacher_missing_mass_std=0.081546
09/05/2026,08:22:16: Training...
09/05/2026,08:22:17: Evaluating...
09/05/2026,08:22:17: 	Train Loss: 3448619.7500 (base: 158.9350, kd: 6896.9214), Elapsed: train 2.55 test 0.26
09/05/2026,08:22:17: 	Recall@10: 0.06854 Recall@20: 0.10358 NDCG@10: 0.04078 NDCG@20: 0.05045 
09/05/2026,08:22:17: 	Recall@10: 0.02800 Recall@20: 0.04336 NDCG@10: 0.01499 NDCG@20: 0.01923 
09/05/2026,08:22:17: Epoch [202/1000]
09/05/2026,08:22:17: Negative sampling...
09/05/2026,08:22:18: Model's personal time...
09/05/2026,08:22:19: Model diagnostics: arce_anchor_count_mean=37.139874, arce_blocker_budget_mean=12.860126, arce_blocker_entropy_mean=4.696507, arce_blocker_inclusion_mean=0.152022, arce_closure_difficulty_mean=0.456757, arce_closure_difficulty_std=0.238966, arce_gamma_effective_beta=3.000000, arce_gamma_max=0.618783, arce_gamma_mean=0.116498, arce_gamma_min=0.049787, arce_gamma_mode=sample_overlap, arce_gamma_reassignment_l1_mean=0.000000, arce_gamma_std=0.051115, arce_logq_lambda=0.100000, arce_sample_gamma_mean=0.116498, arce_sampled_teacher_overlap_mean=0.742797, arce_sampler=marginal, arce_sampling_power=1.000000, arce_teacher_missing_mass_mean=0.128198, arce_teacher_missing_mass_std=0.081475
09/05/2026,08:22:19: Training...
09/05/2026,08:22:20: Evaluating...
09/05/2026,08:22:20: 	Train Loss: 3448938.5000 (base: 157.8744, kd: 6897.5610), Elapsed: train 2.67 test 0.27
09/05/2026,08:22:20: 	Recall@10: 0.06824 Recall@20: 0.10211 NDCG@10: 0.04086 NDCG@20: 0.05030 
09/05/2026,08:22:20: 	Recall@10: 0.02781 Recall@20: 0.04344 NDCG@10: 0.01491 NDCG@20: 0.01919 
09/05/2026,08:22:20: Epoch [203/1000]
09/05/2026,08:22:20: Negative sampling...
09/05/2026,08:22:21: Model's personal time...
09/05/2026,08:22:21: Model diagnostics: arce_anchor_count_mean=37.160183, arce_blocker_budget_mean=12.839816, arce_blocker_entropy_mean=4.696297, arce_blocker_inclusion_mean=0.151909, arce_closure_difficulty_mean=0.456157, arce_closure_difficulty_std=0.238984, arce_gamma_effective_beta=3.000000, arce_gamma_max=0.618783, arce_gamma_mean=0.116362, arce_gamma_min=0.049787, arce_gamma_mode=sample_overlap, arce_gamma_reassignment_l1_mean=0.000000, arce_gamma_std=0.051054, arce_logq_lambda=0.100000, arce_sample_gamma_mean=0.116362, arce_sampled_teacher_overlap_mean=0.743204, arce_sampler=marginal, arce_sampling_power=1.000000, arce_teacher_missing_mass_mean=0.127948, arce_teacher_missing_mass_std=0.081375
09/05/2026,08:22:21: Training...
09/05/2026,08:22:23: Evaluating...
09/05/2026,08:22:23: 	Train Loss: 3449242.0000 (base: 155.5850, kd: 6898.1733), Elapsed: train 2.64 test 0.26
09/05/2026,08:22:23: 	Recall@10: 0.06880 Recall@20: 0.10341 NDCG@10: 0.04112 NDCG@20: 0.05066 
09/05/2026,08:22:23: 	Recall@10: 0.02809 Recall@20: 0.04427 NDCG@10: 0.01498 NDCG@20: 0.01940 
09/05/2026,08:22:23: Epoch [204/1000]
09/05/2026,08:22:23: Negative sampling...
09/05/2026,08:22:24: Model's personal time...
09/05/2026,08:22:24: Model diagnostics: arce_anchor_count_mean=37.175896, arce_blocker_budget_mean=12.824104, arce_blocker_entropy_mean=4.697026, arce_blocker_inclusion_mean=0.151923, arce_closure_difficulty_mean=0.455759, arce_closure_difficulty_std=0.238904, arce_gamma_effective_beta=3.000000, arce_gamma_max=0.618783, arce_gamma_mean=0.116227, arce_gamma_min=0.049787, arce_gamma_mode=sample_overlap, arce_gamma_reassignment_l1_mean=0.000000, arce_gamma_std=0.050982, arce_logq_lambda=0.100000, arce_sample_gamma_mean=0.116227, arce_sampled_teacher_overlap_mean=0.743518, arce_sampler=marginal, arce_sampling_power=1.000000, arce_teacher_missing_mass_mean=0.127745, arce_teacher_missing_mass_std=0.081236
09/05/2026,08:22:24: Training...
09/05/2026,08:22:26: Evaluating...
09/05/2026,08:22:26: 	Train Loss: 3448473.5000 (base: 155.1173, kd: 6896.6372), Elapsed: train 2.56 test 0.27
09/05/2026,08:22:26: 	Recall@10: 0.06832 Recall@20: 0.10251 NDCG@10: 0.04083 NDCG@20: 0.05029 
09/05/2026,08:22:26: 	Recall@10: 0.02809 Recall@20: 0.04316 NDCG@10: 0.01514 NDCG@20: 0.01932 
09/05/2026,08:22:26: Epoch [205/1000]
09/05/2026,08:22:26: Negative sampling...
09/05/2026,08:22:27: Model's personal time...
09/05/2026,08:22:27: Model diagnostics: arce_anchor_count_mean=37.193333, arce_blocker_budget_mean=12.806667, arce_blocker_entropy_mean=4.697733, arce_blocker_inclusion_mean=0.151817, arce_closure_difficulty_mean=0.454974, arce_closure_difficulty_std=0.238759, arce_gamma_effective_beta=3.000000, arce_gamma_max=0.618783, arce_gamma_mean=0.116107, arce_gamma_min=0.049787, arce_gamma_mode=sample_overlap, arce_gamma_reassignment_l1_mean=0.000000, arce_gamma_std=0.050887, arce_logq_lambda=0.100000, arce_sample_gamma_mean=0.116107, arce_sampled_teacher_overlap_mean=0.743867, arce_sampler=marginal, arce_sampling_power=1.000000, arce_teacher_missing_mass_mean=0.127559, arce_teacher_missing_mass_std=0.081304
09/05/2026,08:22:27: Training...
09/05/2026,08:22:29: Evaluating...
09/05/2026,08:22:29: 	Train Loss: 3449120.5000 (base: 162.1590, kd: 6897.9170), Elapsed: train 2.86 test 0.29
09/05/2026,08:22:29: 	Recall@10: 0.06802 Recall@20: 0.10422 NDCG@10: 0.04075 NDCG@20: 0.05072 
09/05/2026,08:22:29: 	Recall@10: 0.02783 Recall@20: 0.04391 NDCG@10: 0.01500 NDCG@20: 0.01940 
09/05/2026,08:22:29: Epoch [206/1000]
09/05/2026,08:22:29: Negative sampling...
09/05/2026,08:22:30: Model's personal time...
09/05/2026,08:22:30: Model diagnostics: arce_anchor_count_mean=37.199081, arce_blocker_budget_mean=12.800920, arce_blocker_entropy_mean=4.692113, arce_blocker_inclusion_mean=0.152050, arce_closure_difficulty_mean=0.454583, arce_closure_difficulty_std=0.238544, arce_gamma_effective_beta=3.000000, arce_gamma_max=0.618783, arce_gamma_mean=0.116054, arce_gamma_min=0.049787, arce_gamma_mode=sample_overlap, arce_gamma_reassignment_l1_mean=0.000000, arce_gamma_std=0.050825, arce_logq_lambda=0.100000, arce_sample_gamma_mean=0.116054, arce_sampled_teacher_overlap_mean=0.743982, arce_sampler=marginal, arce_sampling_power=1.000000, arce_teacher_missing_mass_mean=0.127425, arce_teacher_missing_mass_std=0.081206
09/05/2026,08:22:30: Training...
09/05/2026,08:22:32: Evaluating...
09/05/2026,08:22:32: 	Train Loss: 3449182.5000 (base: 156.9697, kd: 6898.0522), Elapsed: train 2.69 test 0.27
09/05/2026,08:22:32: 	Recall@10: 0.06753 Recall@20: 0.10330 NDCG@10: 0.04080 NDCG@20: 0.05062 
09/05/2026,08:22:32: 	Recall@10: 0.02771 Recall@20: 0.04369 NDCG@10: 0.01490 NDCG@20: 0.01927 
09/05/2026,08:22:32: Epoch [207/1000]
09/05/2026,08:22:32: Negative sampling...
09/05/2026,08:22:33: Model's personal time...
09/05/2026,08:22:33: Model diagnostics: arce_anchor_count_mean=37.219391, arce_blocker_budget_mean=12.780609, arce_blocker_entropy_mean=4.695956, arce_blocker_inclusion_mean=0.151621, arce_closure_difficulty_mean=0.454156, arce_closure_difficulty_std=0.238582, arce_gamma_effective_beta=3.000000, arce_gamma_max=0.618783, arce_gamma_mean=0.115937, arce_gamma_min=0.049787, arce_gamma_mode=sample_overlap, arce_gamma_reassignment_l1_mean=0.000000, arce_gamma_std=0.050955, arce_logq_lambda=0.100000, arce_sample_gamma_mean=0.115937, arce_sampled_teacher_overlap_mean=0.744388, arce_sampler=marginal, arce_sampling_power=1.000000, arce_teacher_missing_mass_mean=0.127266, arce_teacher_missing_mass_std=0.081277
09/05/2026,08:22:33: Training...
09/05/2026,08:22:34: Evaluating...
09/05/2026,08:22:35: 	Train Loss: 3449217.2500 (base: 157.2617, kd: 6898.1196), Elapsed: train 2.55 test 0.30
09/05/2026,08:22:35: 	Recall@10: 0.06829 Recall@20: 0.10377 NDCG@10: 0.04069 NDCG@20: 0.05046 
09/05/2026,08:22:35: 	Recall@10: 0.02773 Recall@20: 0.04381 NDCG@10: 0.01490 NDCG@20: 0.01931 
09/05/2026,08:22:35: ------------------------------
09/05/2026,08:22:35: valid Recall@10: 0.06942 Recall@20: 0.10384 NDCG@10: 0.04135 NDCG@20: 0.05090
09/05/2026,08:22:35: test Recall@10: 0.02804 Recall@20: 0.04314 NDCG@10: 0.01497 NDCG@20: 0.01912
