----------------------------------------TEACHER----------------------------------------
init_std                                 0.01
embedding_dim                            400
----------------------------------------TEACHER----------------------------------------
----------------------------------------STUDENT----------------------------------------
init_std                                 0.01
embedding_dim                            20
----------------------------------------STUDENT----------------------------------------
----------------------------------------ARGUMENTS----------------------------------------
run_all                                  False
seed                                     0
gpu_id                                   0
no_log                                   False
no_save                                  False
suffix                                   anchor_marginal_power2_es20
verbose                                  False
ablation                                 False
task                                     rec
dataset                                  citeulike
batch_size                               2048
num_ns                                   1
neg_sampling_on_all                      False
T_backbone                               bpr
S_backbone                               bpr
model                                    arcekd
preload                                  False
postsave                                 False
train_teacher                            False
ckpt_interval                            -1
epochs                                   1000
lr                                       0.001
wd                                       1e-05
lmbda                                    500
srce_alpha                               1.0
srce_s                                   20.0
srce_eta                                 1.0
srce_Lu                                  20
srce_mode                                union
srce_kappa                               0.0
eval_period                              1
K_list                                   [10, 20]
early_stop_metric                        NDCG
early_stop_K                             20
early_stop_patience                      30
LOG_DIR                                  logs/
CONFIG_DIR                               configs/
DATA_DIR                                 data/
CKPT_DIR                                 checkpoints/
CRAFT_DIR                                crafts/
mkd_tau                                  1
mkd_K                                    50
mkd_L                                    50
mkd_T                                    10
mkd_mxK                                  200
mkd_beta                                 3
sample_rank                              False
arce_sampler                             marginal
arce_mix_alpha                           0.9
arce_sampling_power                      2
arce_gamma_mode                          sample_overlap
----------------------------------------ARGUMENTS----------------------------------------
----------------------------------------Teacher----------------------------------------
09/05/2026,07:21:53: ------------------------------
09/05/2026,07:21:53: valid Recall@10: 0.06778 Recall@20: 0.10315 NDCG@10: 0.04052 NDCG@20: 0.05027
09/05/2026,07:21:53: test Recall@10: 0.02747 Recall@20: 0.04385 NDCG@10: 0.01551 NDCG@20: 0.02003
----------------------------------------------------------------------------------------
09/05/2026,07:21:53: Epoch [1/1000]
09/05/2026,07:21:53: Negative sampling...
09/05/2026,07:21:55: Model's personal time...
09/05/2026,07:21:55: Model diagnostics: arce_anchor_count_mean=0.112665, arce_blocker_budget_mean=49.887333, arce_blocker_entropy_mean=5.295866, arce_closure_difficulty_mean=1.604772, arce_closure_difficulty_std=0.018529, arce_gamma_effective_beta=3.000000, arce_gamma_max=1.000000, arce_gamma_mean=0.993461, arce_gamma_min=0.835270, arce_gamma_mode=sample_overlap, arce_gamma_reassignment_l1_mean=0.000000, arce_gamma_std=0.019448, arce_sample_gamma_mean=0.993461, arce_sampled_teacher_overlap_mean=0.002253, arce_sampler=marginal, arce_sampling_power=2.000000, arce_teacher_missing_mass_mean=0.997778, arce_teacher_missing_mass_std=0.011310
09/05/2026,07:21:55: Training...
09/05/2026,07:21:56: Evaluating...
09/05/2026,07:21:57: 	Train Loss: 4615813.0000 (base: 1390.9945, kd: 9228.8438), Elapsed: train 3.06 test 0.42 *
09/05/2026,07:21:57: 	Recall@10: 0.01906 Recall@20: 0.02575 NDCG@10: 0.01164 NDCG@20: 0.01344 
09/05/2026,07:21:57: 	Recall@10: 0.00759 Recall@20: 0.01043 NDCG@10: 0.00445 NDCG@20: 0.00524 
09/05/2026,07:21:57: Epoch [2/1000]
09/05/2026,07:21:57: Negative sampling...
09/05/2026,07:21:58: Model's personal time...
09/05/2026,07:21:58: Model diagnostics: arce_anchor_count_mean=6.673692, arce_blocker_budget_mean=43.326305, arce_blocker_entropy_mean=5.211526, arce_closure_difficulty_mean=1.159776, arce_closure_difficulty_std=0.282068, arce_gamma_effective_beta=3.000000, arce_gamma_max=1.000000, arce_gamma_mean=0.706291, arce_gamma_min=0.146607, arce_gamma_mode=sample_overlap, arce_gamma_reassignment_l1_mean=0.000000, arce_gamma_std=0.207954, arce_sample_gamma_mean=0.706291, arce_sampled_teacher_overlap_mean=0.133474, arce_sampler=marginal, arce_sampling_power=2.000000, arce_teacher_missing_mass_mean=0.712951, arce_teacher_missing_mass_std=0.196549
09/05/2026,07:21:58: Training...
09/05/2026,07:22:00: Evaluating...
09/05/2026,07:22:00: 	Train Loss: 4262641.0000 (base: 1381.9944, kd: 8522.5176), Elapsed: train 3.10 test 0.35 *
09/05/2026,07:22:00: 	Recall@10: 0.03232 Recall@20: 0.04671 NDCG@10: 0.02117 NDCG@20: 0.02505 
09/05/2026,07:22:00: 	Recall@10: 0.01304 Recall@20: 0.02083 NDCG@10: 0.00777 NDCG@20: 0.00992 
09/05/2026,07:22:00: Epoch [3/1000]
09/05/2026,07:22:00: Negative sampling...
09/05/2026,07:22:01: Model's personal time...
09/05/2026,07:22:01: Model diagnostics: arce_anchor_count_mean=11.557195, arce_blocker_budget_mean=38.442806, arce_blocker_entropy_mean=5.172437, arce_closure_difficulty_mean=1.031138, arce_closure_difficulty_std=0.270253, arce_gamma_effective_beta=3.000000, arce_gamma_max=1.000000, arce_gamma_mean=0.539393, arce_gamma_min=0.138069, arce_gamma_mode=sample_overlap, arce_gamma_reassignment_l1_mean=0.000000, arce_gamma_std=0.202556, arce_sample_gamma_mean=0.539393, arce_sampled_teacher_overlap_mean=0.231144, arce_sampler=marginal, arce_sampling_power=2.000000, arce_teacher_missing_mass_mean=0.601198, arce_teacher_missing_mass_std=0.188967
09/05/2026,07:22:01: Training...
09/05/2026,07:22:03: Evaluating...
09/05/2026,07:22:03: 	Train Loss: 4154586.7500 (base: 1364.7651, kd: 8306.4434), Elapsed: train 2.77 test 0.26 *
09/05/2026,07:22:03: 	Recall@10: 0.03457 Recall@20: 0.04870 NDCG@10: 0.02228 NDCG@20: 0.02611 
09/05/2026,07:22:03: 	Recall@10: 0.01379 Recall@20: 0.02155 NDCG@10: 0.00846 NDCG@20: 0.01058 
09/05/2026,07:22:03: Epoch [4/1000]
09/05/2026,07:22:03: Negative sampling...
09/05/2026,07:22:04: Model's personal time...
09/05/2026,07:22:04: Model diagnostics: arce_anchor_count_mean=11.957463, arce_blocker_budget_mean=38.042538, arce_blocker_entropy_mean=5.168373, arce_closure_difficulty_mean=1.034699, arce_closure_difficulty_std=0.256447, arce_gamma_effective_beta=3.000000, arce_gamma_max=1.000000, arce_gamma_mean=0.518369, arce_gamma_min=0.155673, arce_gamma_mode=sample_overlap, arce_gamma_reassignment_l1_mean=0.000000, arce_gamma_std=0.179072, arce_sample_gamma_mean=0.518369, arce_sampled_teacher_overlap_mean=0.239149, arce_sampler=marginal, arce_sampling_power=2.000000, arce_teacher_missing_mass_mean=0.590972, arce_teacher_missing_mass_std=0.175638
09/05/2026,07:22:04: Training...
09/05/2026,07:22:05: Evaluating...
09/05/2026,07:22:06: 	Train Loss: 4073207.0000 (base: 1342.1173, kd: 8143.7300), Elapsed: train 2.41 test 0.26 *
09/05/2026,07:22:06: 	Recall@10: 0.03771 Recall@20: 0.05186 NDCG@10: 0.02364 NDCG@20: 0.02746 
09/05/2026,07:22:06: 	Recall@10: 0.01379 Recall@20: 0.02226 NDCG@10: 0.00861 NDCG@20: 0.01101 
09/05/2026,07:22:06: Epoch [5/1000]
09/05/2026,07:22:06: Negative sampling...
09/05/2026,07:22:07: Model's personal time...
09/05/2026,07:22:07: Model diagnostics: arce_anchor_count_mean=13.556428, arce_blocker_budget_mean=36.443573, arce_blocker_entropy_mean=5.155685, arce_closure_difficulty_mean=1.020785, arce_closure_difficulty_std=0.260833, arce_gamma_effective_beta=3.000000, arce_gamma_max=1.000000, arce_gamma_mean=0.475926, arce_gamma_min=0.155673, arce_gamma_mode=sample_overlap, arce_gamma_reassignment_l1_mean=0.000000, arce_gamma_std=0.181220, arce_sample_gamma_mean=0.475926, arce_sampled_teacher_overlap_mean=0.271129, arce_sampler=marginal, arce_sampling_power=2.000000, arce_teacher_missing_mass_mean=0.563140, arce_teacher_missing_mass_std=0.176385
09/05/2026,07:22:07: Training...
09/05/2026,07:22:08: Evaluating...
09/05/2026,07:22:08: 	Train Loss: 3970147.7500 (base: 1310.7312, kd: 7937.6738), Elapsed: train 2.51 test 0.27 *
09/05/2026,07:22:08: 	Recall@10: 0.03939 Recall@20: 0.05623 NDCG@10: 0.02484 NDCG@20: 0.02937 
09/05/2026,07:22:08: 	Recall@10: 0.01546 Recall@20: 0.02324 NDCG@10: 0.00898 NDCG@20: 0.01118 
09/05/2026,07:22:08: Epoch [6/1000]
09/05/2026,07:22:08: Negative sampling...
09/05/2026,07:22:10: Model's personal time...
09/05/2026,07:22:10: Model diagnostics: arce_anchor_count_mean=14.540333, arce_blocker_budget_mean=35.459667, arce_blocker_entropy_mean=5.145166, arce_closure_difficulty_mean=1.013976, arce_closure_difficulty_std=0.268366, arce_gamma_effective_beta=3.000000, arce_gamma_max=1.000000, arce_gamma_mean=0.452281, arce_gamma_min=0.138069, arce_gamma_mode=sample_overlap, arce_gamma_reassignment_l1_mean=0.000000, arce_gamma_std=0.181163, arce_sample_gamma_mean=0.452281, arce_sampled_teacher_overlap_mean=0.290807, arce_sampler=marginal, arce_sampling_power=2.000000, arce_teacher_missing_mass_mean=0.543796, arce_teacher_missing_mass_std=0.177894
09/05/2026,07:22:10: Training...
09/05/2026,07:22:11: Evaluating...
09/05/2026,07:22:11: 	Train Loss: 3875012.7500 (base: 1274.8082, kd: 7747.4761), Elapsed: train 2.58 test 0.27 *
09/05/2026,07:22:11: 	Recall@10: 0.04015 Recall@20: 0.05578 NDCG@10: 0.02513 NDCG@20: 0.02941 
09/05/2026,07:22:11: 	Recall@10: 0.01584 Recall@20: 0.02384 NDCG@10: 0.00896 NDCG@20: 0.01120 
09/05/2026,07:22:11: Epoch [7/1000]
09/05/2026,07:22:11: Negative sampling...
09/05/2026,07:22:13: Model's personal time...
09/05/2026,07:22:13: Model diagnostics: arce_anchor_count_mean=15.618126, arce_blocker_budget_mean=34.381874, arce_blocker_entropy_mean=5.124714, arce_closure_difficulty_mean=1.004377, arce_closure_difficulty_std=0.276182, arce_gamma_effective_beta=3.000000, arce_gamma_max=1.000000, arce_gamma_mean=0.427782, arce_gamma_min=0.115325, arce_gamma_mode=sample_overlap, arce_gamma_reassignment_l1_mean=0.000000, arce_gamma_std=0.182095, arce_sample_gamma_mean=0.427782, arce_sampled_teacher_overlap_mean=0.312363, arce_sampler=marginal, arce_sampling_power=2.000000, arce_teacher_missing_mass_mean=0.525114, arce_teacher_missing_mass_std=0.179711
09/05/2026,07:22:13: Training...
09/05/2026,07:22:14: Evaluating...
09/05/2026,07:22:14: 	Train Loss: 3789890.0000 (base: 1233.2025, kd: 7577.3135), Elapsed: train 2.57 test 0.27 *
09/05/2026,07:22:14: 	Recall@10: 0.04244 Recall@20: 0.05970 NDCG@10: 0.02649 NDCG@20: 0.03117 
09/05/2026,07:22:14: 	Recall@10: 0.01668 Recall@20: 0.02479 NDCG@10: 0.00909 NDCG@20: 0.01136 
09/05/2026,07:22:14: Epoch [8/1000]
09/05/2026,07:22:14: Negative sampling...
09/05/2026,07:22:16: Model's personal time...
09/05/2026,07:22:16: Model diagnostics: arce_anchor_count_mean=16.486300, arce_blocker_budget_mean=33.513699, arce_blocker_entropy_mean=5.099987, arce_closure_difficulty_mean=0.995207, arce_closure_difficulty_std=0.283869, arce_gamma_effective_beta=3.000000, arce_gamma_max=1.000000, arce_gamma_mean=0.408232, arce_gamma_min=0.115325, arce_gamma_mode=sample_overlap, arce_gamma_reassignment_l1_mean=0.000000, arce_gamma_std=0.180994, arce_sample_gamma_mean=0.408232, arce_sampled_teacher_overlap_mean=0.329726, arce_sampler=marginal, arce_sampling_power=2.000000, arce_teacher_missing_mass_mean=0.508508, arce_teacher_missing_mass_std=0.180283
09/05/2026,07:22:16: Training...
09/05/2026,07:22:17: Evaluating...
09/05/2026,07:22:17: 	Train Loss: 3723657.7500 (base: 1188.8271, kd: 7444.9375), Elapsed: train 2.53 test 0.28 *
09/05/2026,07:22:17: 	Recall@10: 0.04475 Recall@20: 0.06074 NDCG@10: 0.02721 NDCG@20: 0.03158 
09/05/2026,07:22:17: 	Recall@10: 0.01722 Recall@20: 0.02624 NDCG@10: 0.00953 NDCG@20: 0.01203 
09/05/2026,07:22:17: Epoch [9/1000]
09/05/2026,07:22:17: Negative sampling...
09/05/2026,07:22:18: Model's personal time...
09/05/2026,07:22:18: Model diagnostics: arce_anchor_count_mean=17.551254, arce_blocker_budget_mean=32.448746, arce_blocker_entropy_mean=5.078246, arce_closure_difficulty_mean=0.983322, arce_closure_difficulty_std=0.291202, arce_gamma_effective_beta=3.000000, arce_gamma_max=1.000000, arce_gamma_mean=0.385888, arce_gamma_min=0.108609, arce_gamma_mode=sample_overlap, arce_gamma_reassignment_l1_mean=0.000000, arce_gamma_std=0.178624, arce_sample_gamma_mean=0.385888, arce_sampled_teacher_overlap_mean=0.351025, arce_sampler=marginal, arce_sampling_power=2.000000, arce_teacher_missing_mass_mean=0.489535, arce_teacher_missing_mass_std=0.181850
09/05/2026,07:22:18: Training...
09/05/2026,07:22:19: Evaluating...
09/05/2026,07:22:20: 	Train Loss: 3671183.5000 (base: 1140.4330, kd: 7340.0864), Elapsed: train 2.52 test 0.33 *
09/05/2026,07:22:20: 	Recall@10: 0.04638 Recall@20: 0.06345 NDCG@10: 0.02798 NDCG@20: 0.03268 
09/05/2026,07:22:20: 	Recall@10: 0.01889 Recall@20: 0.02666 NDCG@10: 0.01010 NDCG@20: 0.01229 
09/05/2026,07:22:20: Epoch [10/1000]
09/05/2026,07:22:20: Negative sampling...
09/05/2026,07:22:21: Model's personal time...
09/05/2026,07:22:21: Model diagnostics: arce_anchor_count_mean=18.532095, arce_blocker_budget_mean=31.467905, arce_blocker_entropy_mean=5.053127, arce_closure_difficulty_mean=0.968940, arce_closure_difficulty_std=0.299230, arce_gamma_effective_beta=3.000000, arce_gamma_max=1.000000, arce_gamma_mean=0.367169, arce_gamma_min=0.102284, arce_gamma_mode=sample_overlap, arce_gamma_reassignment_l1_mean=0.000000, arce_gamma_std=0.178412, arce_sample_gamma_mean=0.367169, arce_sampled_teacher_overlap_mean=0.370642, arce_sampler=marginal, arce_sampling_power=2.000000, arce_teacher_missing_mass_mean=0.471689, arce_teacher_missing_mass_std=0.183723
09/05/2026,07:22:21: Training...
09/05/2026,07:22:23: Evaluating...
09/05/2026,07:22:23: 	Train Loss: 3634360.0000 (base: 1094.0568, kd: 7266.5317), Elapsed: train 2.80 test 0.36 *
09/05/2026,07:22:23: 	Recall@10: 0.04746 Recall@20: 0.06674 NDCG@10: 0.02891 NDCG@20: 0.03428 
09/05/2026,07:22:23: 	Recall@10: 0.01941 Recall@20: 0.02901 NDCG@10: 0.01045 NDCG@20: 0.01308 
09/05/2026,07:22:23: Epoch [11/1000]
09/05/2026,07:22:23: Negative sampling...
09/05/2026,07:22:25: Model's personal time...
09/05/2026,07:22:25: Model diagnostics: arce_anchor_count_mean=19.391645, arce_blocker_budget_mean=30.608355, arce_blocker_entropy_mean=5.033741, arce_closure_difficulty_mean=0.955954, arce_closure_difficulty_std=0.302379, arce_gamma_effective_beta=3.000000, arce_gamma_max=1.000000, arce_gamma_mean=0.350345, arce_gamma_min=0.090718, arce_gamma_mode=sample_overlap, arce_gamma_reassignment_l1_mean=0.000000, arce_gamma_std=0.175378, arce_sample_gamma_mean=0.350345, arce_sampled_teacher_overlap_mean=0.387833, arce_sampler=marginal, arce_sampling_power=2.000000, arce_teacher_missing_mass_mean=0.455585, arce_teacher_missing_mass_std=0.183507
09/05/2026,07:22:25: Training...
09/05/2026,07:22:26: Evaluating...
09/05/2026,07:22:26: 	Train Loss: 3604770.7500 (base: 1047.6818, kd: 7207.4463), Elapsed: train 2.99 test 0.27 *
09/05/2026,07:22:26: 	Recall@10: 0.04970 Recall@20: 0.06909 NDCG@10: 0.02989 NDCG@20: 0.03528 
09/05/2026,07:22:26: 	Recall@10: 0.01952 Recall@20: 0.02899 NDCG@10: 0.01056 NDCG@20: 0.01321 
09/05/2026,07:22:26: Epoch [12/1000]
09/05/2026,07:22:26: Negative sampling...
09/05/2026,07:22:28: Model's personal time...
09/05/2026,07:22:28: Model diagnostics: arce_anchor_count_mean=20.220922, arce_blocker_budget_mean=29.779076, arce_blocker_entropy_mean=5.012441, arce_closure_difficulty_mean=0.941732, arce_closure_difficulty_std=0.305419, arce_gamma_effective_beta=3.000000, arce_gamma_max=1.000000, arce_gamma_mean=0.334376, arce_gamma_min=0.090718, arce_gamma_mode=sample_overlap, arce_gamma_reassignment_l1_mean=0.000000, arce_gamma_std=0.170592, arce_sample_gamma_mean=0.334376, arce_sampled_teacher_overlap_mean=0.404418, arce_sampler=marginal, arce_sampling_power=2.000000, arce_teacher_missing_mass_mean=0.440027, arce_teacher_missing_mass_std=0.182256
09/05/2026,07:22:28: Training...
09/05/2026,07:22:29: Evaluating...
09/05/2026,07:22:29: 	Train Loss: 3580948.7500 (base: 1003.7550, kd: 7159.8901), Elapsed: train 2.46 test 0.27 *
09/05/2026,07:22:29: 	Recall@10: 0.05139 Recall@20: 0.07200 NDCG@10: 0.03073 NDCG@20: 0.03632 
09/05/2026,07:22:29: 	Recall@10: 0.02006 Recall@20: 0.03044 NDCG@10: 0.01108 NDCG@20: 0.01390 
09/05/2026,07:22:29: Epoch [13/1000]
09/05/2026,07:22:29: Negative sampling...
09/05/2026,07:22:30: Model's personal time...
09/05/2026,07:22:30: Model diagnostics: arce_anchor_count_mean=20.995592, arce_blocker_budget_mean=29.004406, arce_blocker_entropy_mean=4.991021, arce_closure_difficulty_mean=0.927096, arce_closure_difficulty_std=0.308264, arce_gamma_effective_beta=3.000000, arce_gamma_max=1.000000, arce_gamma_mean=0.320418, arce_gamma_min=0.085435, arce_gamma_mode=sample_overlap, arce_gamma_reassignment_l1_mean=0.000000, arce_gamma_std=0.167559, arce_sample_gamma_mean=0.320418, arce_sampled_teacher_overlap_mean=0.419912, arce_sampler=marginal, arce_sampling_power=2.000000, arce_teacher_missing_mass_mean=0.425553, arce_teacher_missing_mass_std=0.181224
09/05/2026,07:22:30: Training...
09/05/2026,07:22:31: Evaluating...
09/05/2026,07:22:32: 	Train Loss: 3560452.7500 (base: 963.9868, kd: 7118.9775), Elapsed: train 2.41 test 0.26 *
09/05/2026,07:22:32: 	Recall@10: 0.05244 Recall@20: 0.07374 NDCG@10: 0.03172 NDCG@20: 0.03750 
09/05/2026,07:22:32: 	Recall@10: 0.02089 Recall@20: 0.03050 NDCG@10: 0.01155 NDCG@20: 0.01419 
09/05/2026,07:22:32: Epoch [14/1000]
09/05/2026,07:22:32: Negative sampling...
09/05/2026,07:22:33: Model's personal time...
09/05/2026,07:22:33: Model diagnostics: arce_anchor_count_mean=21.638819, arce_blocker_budget_mean=28.361179, arce_blocker_entropy_mean=4.969226, arce_closure_difficulty_mean=0.913435, arce_closure_difficulty_std=0.309832, arce_gamma_effective_beta=3.000000, arce_gamma_max=1.000000, arce_gamma_mean=0.308684, arce_gamma_min=0.080460, arce_gamma_mode=sample_overlap, arce_gamma_reassignment_l1_mean=0.000000, arce_gamma_std=0.162928, arce_sample_gamma_mean=0.308684, arce_sampled_teacher_overlap_mean=0.432776, arce_sampler=marginal, arce_sampling_power=2.000000, arce_teacher_missing_mass_mean=0.412424, arce_teacher_missing_mass_std=0.178995
09/05/2026,07:22:33: Training...
09/05/2026,07:22:34: Evaluating...
09/05/2026,07:22:34: 	Train Loss: 3543919.0000 (base: 924.7629, kd: 7085.9883), Elapsed: train 2.41 test 0.28 *
09/05/2026,07:22:34: 	Recall@10: 0.05301 Recall@20: 0.07583 NDCG@10: 0.03230 NDCG@20: 0.03844 
09/05/2026,07:22:34: 	Recall@10: 0.02200 Recall@20: 0.03196 NDCG@10: 0.01204 NDCG@20: 0.01474 
09/05/2026,07:22:34: Epoch [15/1000]
09/05/2026,07:22:34: Negative sampling...
09/05/2026,07:22:36: Model's personal time...
09/05/2026,07:22:36: Model diagnostics: arce_anchor_count_mean=22.325157, arce_blocker_budget_mean=27.674841, arce_blocker_entropy_mean=4.955372, arce_closure_difficulty_mean=0.899077, arce_closure_difficulty_std=0.313140, arce_gamma_effective_beta=3.000000, arce_gamma_max=1.000000, arce_gamma_mean=0.297538, arce_gamma_min=0.067206, arce_gamma_mode=sample_overlap, arce_gamma_reassignment_l1_mean=0.000000, arce_gamma_std=0.160416, arce_sample_gamma_mean=0.297538, arce_sampled_teacher_overlap_mean=0.446503, arce_sampler=marginal, arce_sampling_power=2.000000, arce_teacher_missing_mass_mean=0.399318, arce_teacher_missing_mass_std=0.178158
09/05/2026,07:22:36: Training...
09/05/2026,07:22:37: Evaluating...
09/05/2026,07:22:37: 	Train Loss: 3531036.7500 (base: 888.5474, kd: 7060.2969), Elapsed: train 2.39 test 0.27 *
09/05/2026,07:22:37: 	Recall@10: 0.05420 Recall@20: 0.07775 NDCG@10: 0.03260 NDCG@20: 0.03894 
09/05/2026,07:22:37: 	Recall@10: 0.02299 Recall@20: 0.03252 NDCG@10: 0.01242 NDCG@20: 0.01500 
09/05/2026,07:22:37: Epoch [16/1000]
09/05/2026,07:22:37: Negative sampling...
09/05/2026,07:22:38: Model's personal time...
09/05/2026,07:22:38: Model diagnostics: arce_anchor_count_mean=22.921633, arce_blocker_budget_mean=27.078367, arce_blocker_entropy_mean=4.942566, arce_closure_difficulty_mean=0.886959, arce_closure_difficulty_std=0.314959, arce_gamma_effective_beta=3.000000, arce_gamma_max=1.000000, arce_gamma_mean=0.288042, arce_gamma_min=0.063292, arce_gamma_mode=sample_overlap, arce_gamma_reassignment_l1_mean=0.000000, arce_gamma_std=0.157767, arce_sample_gamma_mean=0.288042, arce_sampled_teacher_overlap_mean=0.458433, arce_sampler=marginal, arce_sampling_power=2.000000, arce_teacher_missing_mass_mean=0.388031, arce_teacher_missing_mass_std=0.176942
09/05/2026,07:22:38: Training...
09/05/2026,07:22:40: Evaluating...
09/05/2026,07:22:40: 	Train Loss: 3520347.0000 (base: 853.6588, kd: 7038.9873), Elapsed: train 2.52 test 0.34 *
09/05/2026,07:22:40: 	Recall@10: 0.05467 Recall@20: 0.07926 NDCG@10: 0.03331 NDCG@20: 0.03996 
09/05/2026,07:22:40: 	Recall@10: 0.02318 Recall@20: 0.03368 NDCG@10: 0.01279 NDCG@20: 0.01561 
09/05/2026,07:22:40: Epoch [17/1000]
09/05/2026,07:22:40: Negative sampling...
09/05/2026,07:22:41: Model's personal time...
09/05/2026,07:22:41: Model diagnostics: arce_anchor_count_mean=23.391262, arce_blocker_budget_mean=26.608736, arce_blocker_entropy_mean=4.929029, arce_closure_difficulty_mean=0.875570, arce_closure_difficulty_std=0.314884, arce_gamma_effective_beta=3.000000, arce_gamma_max=1.000000, arce_gamma_mean=0.279874, arce_gamma_min=0.067206, arce_gamma_mode=sample_overlap, arce_gamma_reassignment_l1_mean=0.000000, arce_gamma_std=0.152949, arce_sample_gamma_mean=0.279874, arce_sampled_teacher_overlap_mean=0.467825, arce_sampler=marginal, arce_sampling_power=2.000000, arce_teacher_missing_mass_mean=0.378122, arce_teacher_missing_mass_std=0.174600
09/05/2026,07:22:41: Training...
09/05/2026,07:22:42: Evaluating...
09/05/2026,07:22:43: 	Train Loss: 3508819.5000 (base: 824.5308, kd: 7015.9897), Elapsed: train 2.62 test 0.33 *
09/05/2026,07:22:43: 	Recall@10: 0.05476 Recall@20: 0.07991 NDCG@10: 0.03342 NDCG@20: 0.04026 
09/05/2026,07:22:43: 	Recall@10: 0.02277 Recall@20: 0.03290 NDCG@10: 0.01271 NDCG@20: 0.01544 
09/05/2026,07:22:43: Epoch [18/1000]
09/05/2026,07:22:43: Negative sampling...
09/05/2026,07:22:44: Model's personal time...
09/05/2026,07:22:44: Model diagnostics: arce_anchor_count_mean=23.880436, arce_blocker_budget_mean=26.119562, arce_blocker_entropy_mean=4.917119, arce_closure_difficulty_mean=0.862534, arce_closure_difficulty_std=0.315371, arce_gamma_effective_beta=3.000000, arce_gamma_max=1.000000, arce_gamma_mean=0.272447, arce_gamma_min=0.063292, arce_gamma_mode=sample_overlap, arce_gamma_reassignment_l1_mean=0.000000, arce_gamma_std=0.150591, arce_sample_gamma_mean=0.272447, arce_sampled_teacher_overlap_mean=0.477609, arce_sampler=marginal, arce_sampling_power=2.000000, arce_teacher_missing_mass_mean=0.367456, arce_teacher_missing_mass_std=0.172483
09/05/2026,07:22:44: Training...
09/05/2026,07:22:46: Evaluating...
09/05/2026,07:22:46: 	Train Loss: 3501002.5000 (base: 797.4644, kd: 7000.4092), Elapsed: train 2.77 test 0.32 *
09/05/2026,07:22:46: 	Recall@10: 0.05570 Recall@20: 0.08107 NDCG@10: 0.03391 NDCG@20: 0.04086 
09/05/2026,07:22:46: 	Recall@10: 0.02296 Recall@20: 0.03343 NDCG@10: 0.01300 NDCG@20: 0.01583 
09/05/2026,07:22:46: Epoch [19/1000]
09/05/2026,07:22:46: Negative sampling...
09/05/2026,07:22:47: Model's personal time...
09/05/2026,07:22:47: Model diagnostics: arce_anchor_count_mean=24.279173, arce_blocker_budget_mean=25.720827, arce_blocker_entropy_mean=4.906087, arce_closure_difficulty_mean=0.852728, arce_closure_difficulty_std=0.315296, arce_gamma_effective_beta=3.000000, arce_gamma_max=1.000000, arce_gamma_mean=0.266138, arce_gamma_min=0.063292, arce_gamma_mode=sample_overlap, arce_gamma_reassignment_l1_mean=0.000000, arce_gamma_std=0.148196, arce_sample_gamma_mean=0.266138, arce_sampled_teacher_overlap_mean=0.485583, arce_sampler=marginal, arce_sampling_power=2.000000, arce_teacher_missing_mass_mean=0.358787, arce_teacher_missing_mass_std=0.170481
09/05/2026,07:22:47: Training...
09/05/2026,07:22:49: Evaluating...
09/05/2026,07:22:49: 	Train Loss: 3493201.5000 (base: 771.1307, kd: 6984.8608), Elapsed: train 2.68 test 0.35 *
09/05/2026,07:22:49: 	Recall@10: 0.05571 Recall@20: 0.08212 NDCG@10: 0.03413 NDCG@20: 0.04135 
09/05/2026,07:22:49: 	Recall@10: 0.02317 Recall@20: 0.03415 NDCG@10: 0.01316 NDCG@20: 0.01612 
09/05/2026,07:22:49: Epoch [20/1000]
09/05/2026,07:22:49: Negative sampling...
09/05/2026,07:22:50: Model's personal time...
09/05/2026,07:22:50: Model diagnostics: arce_anchor_count_mean=24.699751, arce_blocker_budget_mean=25.300249, arce_blocker_entropy_mean=4.897830, arce_closure_difficulty_mean=0.842232, arce_closure_difficulty_std=0.316088, arce_gamma_effective_beta=3.000000, arce_gamma_max=1.000000, arce_gamma_mean=0.259863, arce_gamma_min=0.063292, arce_gamma_mode=sample_overlap, arce_gamma_reassignment_l1_mean=0.000000, arce_gamma_std=0.145499, arce_sample_gamma_mean=0.259863, arce_sampled_teacher_overlap_mean=0.493995, arce_sampler=marginal, arce_sampling_power=2.000000, arce_teacher_missing_mass_mean=0.349796, arce_teacher_missing_mass_std=0.168400
09/05/2026,07:22:50: Training...
09/05/2026,07:22:52: Evaluating...
09/05/2026,07:22:52: 	Train Loss: 3487894.7500 (base: 745.3136, kd: 6974.2983), Elapsed: train 2.58 test 0.26 *
09/05/2026,07:22:52: 	Recall@10: 0.05641 Recall@20: 0.08431 NDCG@10: 0.03429 NDCG@20: 0.04192 
09/05/2026,07:22:52: 	Recall@10: 0.02423 Recall@20: 0.03403 NDCG@10: 0.01347 NDCG@20: 0.01611 
09/05/2026,07:22:52: Epoch [21/1000]
09/05/2026,07:22:52: Negative sampling...
09/05/2026,07:22:53: Model's personal time...
09/05/2026,07:22:53: Model diagnostics: arce_anchor_count_mean=25.051159, arce_blocker_budget_mean=24.948841, arce_blocker_entropy_mean=4.888565, arce_closure_difficulty_mean=0.832606, arce_closure_difficulty_std=0.316172, arce_gamma_effective_beta=3.000000, arce_gamma_max=1.000000, arce_gamma_mean=0.254439, arce_gamma_min=0.063292, arce_gamma_mode=sample_overlap, arce_gamma_reassignment_l1_mean=0.000000, arce_gamma_std=0.142711, arce_sample_gamma_mean=0.254439, arce_sampled_teacher_overlap_mean=0.501023, arce_sampler=marginal, arce_sampling_power=2.000000, arce_teacher_missing_mass_mean=0.341895, arce_teacher_missing_mass_std=0.166367
09/05/2026,07:22:53: Training...
09/05/2026,07:22:54: Evaluating...
09/05/2026,07:22:55: 	Train Loss: 3482610.2500 (base: 722.0878, kd: 6963.7759), Elapsed: train 2.59 test 0.27
09/05/2026,07:22:55: 	Recall@10: 0.05723 Recall@20: 0.08427 NDCG@10: 0.03454 NDCG@20: 0.04187 
09/05/2026,07:22:55: 	Recall@10: 0.02401 Recall@20: 0.03458 NDCG@10: 0.01347 NDCG@20: 0.01631 
09/05/2026,07:22:55: Epoch [22/1000]
09/05/2026,07:22:55: Negative sampling...
09/05/2026,07:22:56: Model's personal time...
09/05/2026,07:22:56: Model diagnostics: arce_anchor_count_mean=25.392986, arce_blocker_budget_mean=24.607012, arce_blocker_entropy_mean=4.881502, arce_closure_difficulty_mean=0.823860, arce_closure_difficulty_std=0.316011, arce_gamma_effective_beta=3.000000, arce_gamma_max=1.000000, arce_gamma_mean=0.249307, arce_gamma_min=0.059606, arce_gamma_mode=sample_overlap, arce_gamma_reassignment_l1_mean=0.000000, arce_gamma_std=0.140152, arce_sample_gamma_mean=0.249307, arce_sampled_teacher_overlap_mean=0.507860, arce_sampler=marginal, arce_sampling_power=2.000000, arce_teacher_missing_mass_mean=0.334340, arce_teacher_missing_mass_std=0.164155
09/05/2026,07:22:56: Training...
09/05/2026,07:22:57: Evaluating...
09/05/2026,07:22:58: 	Train Loss: 3477327.5000 (base: 703.2719, kd: 6953.2485), Elapsed: train 2.67 test 0.28 *
09/05/2026,07:22:58: 	Recall@10: 0.05730 Recall@20: 0.08528 NDCG@10: 0.03458 NDCG@20: 0.04222 
09/05/2026,07:22:58: 	Recall@10: 0.02412 Recall@20: 0.03483 NDCG@10: 0.01350 NDCG@20: 0.01636 
09/05/2026,07:22:58: Epoch [23/1000]
09/05/2026,07:22:58: Negative sampling...
09/05/2026,07:22:59: Model's personal time...
09/05/2026,07:22:59: Model diagnostics: arce_anchor_count_mean=25.675608, arce_blocker_budget_mean=24.324390, arce_blocker_entropy_mean=4.873034, arce_closure_difficulty_mean=0.815554, arce_closure_difficulty_std=0.315286, arce_gamma_effective_beta=3.000000, arce_gamma_max=1.000000, arce_gamma_mean=0.244978, arce_gamma_min=0.063292, arce_gamma_mode=sample_overlap, arce_gamma_reassignment_l1_mean=0.000000, arce_gamma_std=0.137945, arce_sample_gamma_mean=0.244978, arce_sampled_teacher_overlap_mean=0.513512, arce_sampler=marginal, arce_sampling_power=2.000000, arce_teacher_missing_mass_mean=0.327615, arce_teacher_missing_mass_std=0.161569
09/05/2026,07:22:59: Training...
09/05/2026,07:23:00: Evaluating...
09/05/2026,07:23:01: 	Train Loss: 3472230.5000 (base: 680.6631, kd: 6943.0991), Elapsed: train 2.63 test 0.29 *
09/05/2026,07:23:01: 	Recall@10: 0.05791 Recall@20: 0.08577 NDCG@10: 0.03489 NDCG@20: 0.04250 
09/05/2026,07:23:01: 	Recall@10: 0.02429 Recall@20: 0.03510 NDCG@10: 0.01358 NDCG@20: 0.01650 
09/05/2026,07:23:01: Epoch [24/1000]
09/05/2026,07:23:01: Negative sampling...
09/05/2026,07:23:02: Model's personal time...
09/05/2026,07:23:02: Model diagnostics: arce_anchor_count_mean=26.001341, arce_blocker_budget_mean=23.998659, arce_blocker_entropy_mean=4.863009, arce_closure_difficulty_mean=0.808309, arce_closure_difficulty_std=0.315908, arce_gamma_effective_beta=3.000000, arce_gamma_max=1.000000, arce_gamma_mean=0.240393, arce_gamma_min=0.059606, arce_gamma_mode=sample_overlap, arce_gamma_reassignment_l1_mean=0.000000, arce_gamma_std=0.135356, arce_sample_gamma_mean=0.240393, arce_sampled_teacher_overlap_mean=0.520027, arce_sampler=marginal, arce_sampling_power=2.000000, arce_teacher_missing_mass_mean=0.321513, arce_teacher_missing_mass_std=0.160171
09/05/2026,07:23:02: Training...
09/05/2026,07:23:03: Evaluating...
09/05/2026,07:23:03: 	Train Loss: 3469237.7500 (base: 661.3778, kd: 6937.1528), Elapsed: train 2.54 test 0.25 *
09/05/2026,07:23:03: 	Recall@10: 0.05868 Recall@20: 0.08661 NDCG@10: 0.03519 NDCG@20: 0.04280 
09/05/2026,07:23:03: 	Recall@10: 0.02416 Recall@20: 0.03514 NDCG@10: 0.01355 NDCG@20: 0.01652 
09/05/2026,07:23:03: Epoch [25/1000]
09/05/2026,07:23:03: Negative sampling...
09/05/2026,07:23:05: Model's personal time...
09/05/2026,07:23:05: Model diagnostics: arce_anchor_count_mean=26.242767, arce_blocker_budget_mean=23.757233, arce_blocker_entropy_mean=4.856301, arce_closure_difficulty_mean=0.801320, arce_closure_difficulty_std=0.314721, arce_gamma_effective_beta=3.000000, arce_gamma_max=1.000000, arce_gamma_mean=0.236522, arce_gamma_min=0.056135, arce_gamma_mode=sample_overlap, arce_gamma_reassignment_l1_mean=0.000000, arce_gamma_std=0.132045, arce_sample_gamma_mean=0.236522, arce_sampled_teacher_overlap_mean=0.524855, arce_sampler=marginal, arce_sampling_power=2.000000, arce_teacher_missing_mass_mean=0.315807, arce_teacher_missing_mass_std=0.157470
09/05/2026,07:23:05: Training...
09/05/2026,07:23:06: Evaluating...
09/05/2026,07:23:06: 	Train Loss: 3465157.2500 (base: 645.3716, kd: 6929.0234), Elapsed: train 2.36 test 0.25 *
09/05/2026,07:23:06: 	Recall@10: 0.05919 Recall@20: 0.08692 NDCG@10: 0.03563 NDCG@20: 0.04320 
09/05/2026,07:23:06: 	Recall@10: 0.02445 Recall@20: 0.03616 NDCG@10: 0.01375 NDCG@20: 0.01693 
09/05/2026,07:23:06: Epoch [26/1000]
09/05/2026,07:23:06: Negative sampling...
09/05/2026,07:23:07: Model's personal time...
09/05/2026,07:23:07: Model diagnostics: arce_anchor_count_mean=26.509867, arce_blocker_budget_mean=23.490131, arce_blocker_entropy_mean=4.850734, arce_closure_difficulty_mean=0.794040, arce_closure_difficulty_std=0.314125, arce_gamma_effective_beta=3.000000, arce_gamma_max=1.000000, arce_gamma_mean=0.232872, arce_gamma_min=0.056135, arce_gamma_mode=sample_overlap, arce_gamma_reassignment_l1_mean=0.000000, arce_gamma_std=0.130900, arce_sample_gamma_mean=0.232872, arce_sampled_teacher_overlap_mean=0.530197, arce_sampler=marginal, arce_sampling_power=2.000000, arce_teacher_missing_mass_mean=0.309941, arce_teacher_missing_mass_std=0.155451
09/05/2026,07:23:07: Training...
09/05/2026,07:23:08: Evaluating...
09/05/2026,07:23:09: 	Train Loss: 3460574.2500 (base: 628.8535, kd: 6919.8916), Elapsed: train 2.48 test 0.27 *
09/05/2026,07:23:09: 	Recall@10: 0.06004 Recall@20: 0.08752 NDCG@10: 0.03599 NDCG@20: 0.04352 
09/05/2026,07:23:09: 	Recall@10: 0.02463 Recall@20: 0.03563 NDCG@10: 0.01385 NDCG@20: 0.01684 
09/05/2026,07:23:09: Epoch [27/1000]
09/05/2026,07:23:09: Negative sampling...
09/05/2026,07:23:10: Model's personal time...
09/05/2026,07:23:10: Model diagnostics: arce_anchor_count_mean=26.727533, arce_blocker_budget_mean=23.272465, arce_blocker_entropy_mean=4.843857, arce_closure_difficulty_mean=0.786682, arce_closure_difficulty_std=0.312186, arce_gamma_effective_beta=3.000000, arce_gamma_max=1.000000, arce_gamma_mean=0.229725, arce_gamma_min=0.056135, arce_gamma_mode=sample_overlap, arce_gamma_reassignment_l1_mean=0.000000, arce_gamma_std=0.128711, arce_sample_gamma_mean=0.229725, arce_sampled_teacher_overlap_mean=0.534551, arce_sampler=marginal, arce_sampling_power=2.000000, arce_teacher_missing_mass_mean=0.304403, arce_teacher_missing_mass_std=0.152808
09/05/2026,07:23:10: Training...
09/05/2026,07:23:11: Evaluating...
09/05/2026,07:23:12: 	Train Loss: 3457811.2500 (base: 612.9339, kd: 6914.3965), Elapsed: train 2.70 test 0.26 *
09/05/2026,07:23:12: 	Recall@10: 0.06010 Recall@20: 0.08715 NDCG@10: 0.03609 NDCG@20: 0.04359 
09/05/2026,07:23:12: 	Recall@10: 0.02482 Recall@20: 0.03532 NDCG@10: 0.01389 NDCG@20: 0.01672 
09/05/2026,07:23:12: Epoch [28/1000]
09/05/2026,07:23:12: Negative sampling...
09/05/2026,07:23:13: Model's personal time...
09/05/2026,07:23:13: Model diagnostics: arce_anchor_count_mean=26.938110, arce_blocker_budget_mean=23.061890, arce_blocker_entropy_mean=4.835242, arce_closure_difficulty_mean=0.780615, arce_closure_difficulty_std=0.311923, arce_gamma_effective_beta=3.000000, arce_gamma_max=1.000000, arce_gamma_mean=0.226896, arce_gamma_min=0.056135, arce_gamma_mode=sample_overlap, arce_gamma_reassignment_l1_mean=0.000000, arce_gamma_std=0.127312, arce_sample_gamma_mean=0.226896, arce_sampled_teacher_overlap_mean=0.538762, arce_sampler=marginal, arce_sampling_power=2.000000, arce_teacher_missing_mass_mean=0.299769, arce_teacher_missing_mass_std=0.151575
09/05/2026,07:23:13: Training...
09/05/2026,07:23:14: Evaluating...
09/05/2026,07:23:14: 	Train Loss: 3454820.5000 (base: 597.9016, kd: 6908.4448), Elapsed: train 2.50 test 0.29 *
09/05/2026,07:23:14: 	Recall@10: 0.06080 Recall@20: 0.08834 NDCG@10: 0.03630 NDCG@20: 0.04392 
09/05/2026,07:23:14: 	Recall@10: 0.02511 Recall@20: 0.03633 NDCG@10: 0.01411 NDCG@20: 0.01715 
09/05/2026,07:23:14: Epoch [29/1000]
09/05/2026,07:23:14: Negative sampling...
09/05/2026,07:23:16: Model's personal time...
09/05/2026,07:23:16: Model diagnostics: arce_anchor_count_mean=27.116688, arce_blocker_budget_mean=22.883310, arce_blocker_entropy_mean=4.828146, arce_closure_difficulty_mean=0.774880, arce_closure_difficulty_std=0.310722, arce_gamma_effective_beta=3.000000, arce_gamma_max=0.941765, arce_gamma_mean=0.224321, arce_gamma_min=0.056135, arce_gamma_mode=sample_overlap, arce_gamma_reassignment_l1_mean=0.000000, arce_gamma_std=0.125766, arce_sample_gamma_mean=0.224321, arce_sampled_teacher_overlap_mean=0.542334, arce_sampler=marginal, arce_sampling_power=2.000000, arce_teacher_missing_mass_mean=0.295337, arce_teacher_missing_mass_std=0.149711
09/05/2026,07:23:16: Training...
09/05/2026,07:23:17: Evaluating...
09/05/2026,07:23:17: 	Train Loss: 3452088.7500 (base: 586.0450, kd: 6903.0049), Elapsed: train 2.49 test 0.31
09/05/2026,07:23:17: 	Recall@10: 0.06185 Recall@20: 0.08784 NDCG@10: 0.03673 NDCG@20: 0.04381 
09/05/2026,07:23:17: 	Recall@10: 0.02505 Recall@20: 0.03651 NDCG@10: 0.01405 NDCG@20: 0.01716 
09/05/2026,07:23:17: Epoch [30/1000]
09/05/2026,07:23:17: Negative sampling...
09/05/2026,07:23:19: Model's personal time...
09/05/2026,07:23:19: Model diagnostics: arce_anchor_count_mean=27.339529, arce_blocker_budget_mean=22.660471, arce_blocker_entropy_mean=4.822093, arce_closure_difficulty_mean=0.769052, arce_closure_difficulty_std=0.310545, arce_gamma_effective_beta=3.000000, arce_gamma_max=1.000000, arce_gamma_mean=0.221459, arce_gamma_min=0.056135, arce_gamma_mode=sample_overlap, arce_gamma_reassignment_l1_mean=0.000000, arce_gamma_std=0.124476, arce_sample_gamma_mean=0.221459, arce_sampled_teacher_overlap_mean=0.546791, arce_sampler=marginal, arce_sampling_power=2.000000, arce_teacher_missing_mass_mean=0.290801, arce_teacher_missing_mass_std=0.148300
09/05/2026,07:23:19: Training...
09/05/2026,07:23:20: Evaluating...
09/05/2026,07:23:20: 	Train Loss: 3449634.5000 (base: 570.3384, kd: 6898.1279), Elapsed: train 2.49 test 0.26 *
09/05/2026,07:23:20: 	Recall@10: 0.06217 Recall@20: 0.08928 NDCG@10: 0.03675 NDCG@20: 0.04417 
09/05/2026,07:23:20: 	Recall@10: 0.02543 Recall@20: 0.03735 NDCG@10: 0.01409 NDCG@20: 0.01733 
09/05/2026,07:23:20: Epoch [31/1000]
09/05/2026,07:23:20: Negative sampling...
09/05/2026,07:23:21: Model's personal time...
09/05/2026,07:23:21: Model diagnostics: arce_anchor_count_mean=27.542057, arce_blocker_budget_mean=22.457941, arce_blocker_entropy_mean=4.816186, arce_closure_difficulty_mean=0.763688, arce_closure_difficulty_std=0.309912, arce_gamma_effective_beta=3.000000, arce_gamma_max=0.941765, arce_gamma_mean=0.218650, arce_gamma_min=0.056135, arce_gamma_mode=sample_overlap, arce_gamma_reassignment_l1_mean=0.000000, arce_gamma_std=0.122795, arce_sample_gamma_mean=0.218650, arce_sampled_teacher_overlap_mean=0.550841, arce_sampler=marginal, arce_sampling_power=2.000000, arce_teacher_missing_mass_mean=0.286389, arce_teacher_missing_mass_std=0.146415
09/05/2026,07:23:21: Training...
09/05/2026,07:23:23: Evaluating...
09/05/2026,07:23:23: 	Train Loss: 3447655.5000 (base: 558.1844, kd: 6894.1943), Elapsed: train 2.58 test 0.26 *
09/05/2026,07:23:23: 	Recall@10: 0.06223 Recall@20: 0.08926 NDCG@10: 0.03692 NDCG@20: 0.04430 
09/05/2026,07:23:23: 	Recall@10: 0.02549 Recall@20: 0.03703 NDCG@10: 0.01408 NDCG@20: 0.01721 
09/05/2026,07:23:23: Epoch [32/1000]
09/05/2026,07:23:23: Negative sampling...
09/05/2026,07:23:24: Model's personal time...
09/05/2026,07:23:24: Model diagnostics: arce_anchor_count_mean=27.734816, arce_blocker_budget_mean=22.265184, arce_blocker_entropy_mean=4.808951, arce_closure_difficulty_mean=0.758540, arce_closure_difficulty_std=0.308725, arce_gamma_effective_beta=3.000000, arce_gamma_max=0.941765, arce_gamma_mean=0.215961, arce_gamma_min=0.056135, arce_gamma_mode=sample_overlap, arce_gamma_reassignment_l1_mean=0.000000, arce_gamma_std=0.120892, arce_sample_gamma_mean=0.215961, arce_sampled_teacher_overlap_mean=0.554696, arce_sampler=marginal, arce_sampling_power=2.000000, arce_teacher_missing_mass_mean=0.282093, arce_teacher_missing_mass_std=0.144013
09/05/2026,07:23:24: Training...
09/05/2026,07:23:25: Evaluating...
09/05/2026,07:23:26: 	Train Loss: 3446471.0000 (base: 546.5911, kd: 6891.8491), Elapsed: train 2.58 test 0.27
09/05/2026,07:23:26: 	Recall@10: 0.06180 Recall@20: 0.08887 NDCG@10: 0.03683 NDCG@20: 0.04428 
09/05/2026,07:23:26: 	Recall@10: 0.02555 Recall@20: 0.03818 NDCG@10: 0.01399 NDCG@20: 0.01739 
09/05/2026,07:23:26: Epoch [33/1000]
09/05/2026,07:23:26: Negative sampling...
09/05/2026,07:23:27: Model's personal time...
09/05/2026,07:23:27: Model diagnostics: arce_anchor_count_mean=27.921633, arce_blocker_budget_mean=22.078367, arce_blocker_entropy_mean=4.803938, arce_closure_difficulty_mean=0.753736, arce_closure_difficulty_std=0.308333, arce_gamma_effective_beta=3.000000, arce_gamma_max=0.886920, arce_gamma_mean=0.213571, arce_gamma_min=0.052866, arce_gamma_mode=sample_overlap, arce_gamma_reassignment_l1_mean=0.000000, arce_gamma_std=0.119497, arce_sample_gamma_mean=0.213571, arce_sampled_teacher_overlap_mean=0.558433, arce_sampler=marginal, arce_sampling_power=2.000000, arce_teacher_missing_mass_mean=0.278276, arce_teacher_missing_mass_std=0.142502
09/05/2026,07:23:27: Training...
09/05/2026,07:23:28: Evaluating...
09/05/2026,07:23:28: 	Train Loss: 3444188.7500 (base: 535.1552, kd: 6887.3071), Elapsed: train 2.37 test 0.29 *
09/05/2026,07:23:28: 	Recall@10: 0.06228 Recall@20: 0.08886 NDCG@10: 0.03709 NDCG@20: 0.04442 
09/05/2026,07:23:28: 	Recall@10: 0.02515 Recall@20: 0.03847 NDCG@10: 0.01391 NDCG@20: 0.01750 
09/05/2026,07:23:28: Epoch [34/1000]
09/05/2026,07:23:28: Negative sampling...
09/05/2026,07:23:30: Model's personal time...
09/05/2026,07:23:30: Model diagnostics: arce_anchor_count_mean=28.077600, arce_blocker_budget_mean=21.922400, arce_blocker_entropy_mean=4.798175, arce_closure_difficulty_mean=0.749062, arce_closure_difficulty_std=0.307820, arce_gamma_effective_beta=3.000000, arce_gamma_max=0.941765, arce_gamma_mean=0.211464, arce_gamma_min=0.052866, arce_gamma_mode=sample_overlap, arce_gamma_reassignment_l1_mean=0.000000, arce_gamma_std=0.118201, arce_sample_gamma_mean=0.211464, arce_sampled_teacher_overlap_mean=0.561552, arce_sampler=marginal, arce_sampling_power=2.000000, arce_teacher_missing_mass_mean=0.274712, arce_teacher_missing_mass_std=0.141084
09/05/2026,07:23:30: Training...
09/05/2026,07:23:31: Evaluating...
09/05/2026,07:23:31: 	Train Loss: 3442552.7500 (base: 523.9231, kd: 6884.0581), Elapsed: train 2.47 test 0.26 *
09/05/2026,07:23:31: 	Recall@10: 0.06232 Recall@20: 0.09001 NDCG@10: 0.03709 NDCG@20: 0.04471 
09/05/2026,07:23:31: 	Recall@10: 0.02531 Recall@20: 0.03860 NDCG@10: 0.01393 NDCG@20: 0.01753 
09/05/2026,07:23:31: Epoch [35/1000]
09/05/2026,07:23:31: Negative sampling...
09/05/2026,07:23:32: Model's personal time...
09/05/2026,07:23:32: Model diagnostics: arce_anchor_count_mean=28.224947, arce_blocker_budget_mean=21.775053, arce_blocker_entropy_mean=4.791380, arce_closure_difficulty_mean=0.744618, arce_closure_difficulty_std=0.307509, arce_gamma_effective_beta=3.000000, arce_gamma_max=0.886920, arce_gamma_mean=0.209592, arce_gamma_min=0.052866, arce_gamma_mode=sample_overlap, arce_gamma_reassignment_l1_mean=0.000000, arce_gamma_std=0.117348, arce_sample_gamma_mean=0.209592, arce_sampled_teacher_overlap_mean=0.564499, arce_sampler=marginal, arce_sampling_power=2.000000, arce_teacher_missing_mass_mean=0.271447, arce_teacher_missing_mass_std=0.139770
09/05/2026,07:23:32: Training...
09/05/2026,07:23:34: Evaluating...
09/05/2026,07:23:34: 	Train Loss: 3441265.0000 (base: 513.3434, kd: 6881.5024), Elapsed: train 2.49 test 0.27 *
09/05/2026,07:23:34: 	Recall@10: 0.06301 Recall@20: 0.09067 NDCG@10: 0.03724 NDCG@20: 0.04488 
09/05/2026,07:23:34: 	Recall@10: 0.02598 Recall@20: 0.03862 NDCG@10: 0.01415 NDCG@20: 0.01758 
09/05/2026,07:23:34: Epoch [36/1000]
09/05/2026,07:23:34: Negative sampling...
09/05/2026,07:23:35: Model's personal time...
09/05/2026,07:23:35: Model diagnostics: arce_anchor_count_mean=28.394520, arce_blocker_budget_mean=21.605480, arce_blocker_entropy_mean=4.784912, arce_closure_difficulty_mean=0.740139, arce_closure_difficulty_std=0.307386, arce_gamma_effective_beta=3.000000, arce_gamma_max=0.941765, arce_gamma_mean=0.207569, arce_gamma_min=0.052866, arce_gamma_mode=sample_overlap, arce_gamma_reassignment_l1_mean=0.000000, arce_gamma_std=0.116447, arce_sample_gamma_mean=0.207569, arce_sampled_teacher_overlap_mean=0.567890, arce_sampler=marginal, arce_sampling_power=2.000000, arce_teacher_missing_mass_mean=0.268145, arce_teacher_missing_mass_std=0.138750
09/05/2026,07:23:35: Training...
09/05/2026,07:23:36: Evaluating...
09/05/2026,07:23:37: 	Train Loss: 3440286.0000 (base: 503.7298, kd: 6879.5645), Elapsed: train 2.55 test 0.32 *
09/05/2026,07:23:37: 	Recall@10: 0.06236 Recall@20: 0.09043 NDCG@10: 0.03738 NDCG@20: 0.04508 
09/05/2026,07:23:37: 	Recall@10: 0.02592 Recall@20: 0.03846 NDCG@10: 0.01422 NDCG@20: 0.01758 
09/05/2026,07:23:37: Epoch [37/1000]
09/05/2026,07:23:37: Negative sampling...
09/05/2026,07:23:38: Model's personal time...
09/05/2026,07:23:38: Model diagnostics: arce_anchor_count_mean=28.531136, arce_blocker_budget_mean=21.468864, arce_blocker_entropy_mean=4.780005, arce_closure_difficulty_mean=0.735154, arce_closure_difficulty_std=0.306632, arce_gamma_effective_beta=3.000000, arce_gamma_max=0.886920, arce_gamma_mean=0.205717, arce_gamma_min=0.052866, arce_gamma_mode=sample_overlap, arce_gamma_reassignment_l1_mean=0.000000, arce_gamma_std=0.115333, arce_sample_gamma_mean=0.205717, arce_sampled_teacher_overlap_mean=0.570623, arce_sampler=marginal, arce_sampling_power=2.000000, arce_teacher_missing_mass_mean=0.264743, arce_teacher_missing_mass_std=0.137327
09/05/2026,07:23:38: Training...
09/05/2026,07:23:40: Evaluating...
09/05/2026,07:23:40: 	Train Loss: 3439962.0000 (base: 494.9665, kd: 6878.9341), Elapsed: train 2.88 test 0.26 *
09/05/2026,07:23:40: 	Recall@10: 0.06309 Recall@20: 0.09024 NDCG@10: 0.03767 NDCG@20: 0.04515 
09/05/2026,07:23:40: 	Recall@10: 0.02601 Recall@20: 0.03905 NDCG@10: 0.01428 NDCG@20: 0.01778 
09/05/2026,07:23:40: Epoch [38/1000]
09/05/2026,07:23:40: Negative sampling...
09/05/2026,07:23:41: Model's personal time...
09/05/2026,07:23:41: Model diagnostics: arce_anchor_count_mean=28.687679, arce_blocker_budget_mean=21.312321, arce_blocker_entropy_mean=4.774460, arce_closure_difficulty_mean=0.730867, arce_closure_difficulty_std=0.306205, arce_gamma_effective_beta=3.000000, arce_gamma_max=0.941765, arce_gamma_mean=0.203813, arce_gamma_min=0.052866, arce_gamma_mode=sample_overlap, arce_gamma_reassignment_l1_mean=0.000000, arce_gamma_std=0.114324, arce_sample_gamma_mean=0.203813, arce_sampled_teacher_overlap_mean=0.573754, arce_sampler=marginal, arce_sampling_power=2.000000, arce_teacher_missing_mass_mean=0.261651, arce_teacher_missing_mass_std=0.136058
09/05/2026,07:23:41: Training...
09/05/2026,07:23:42: Evaluating...
09/05/2026,07:23:43: 	Train Loss: 3437637.5000 (base: 486.2152, kd: 6874.3022), Elapsed: train 2.46 test 0.27 *
09/05/2026,07:23:43: 	Recall@10: 0.06328 Recall@20: 0.09043 NDCG@10: 0.03786 NDCG@20: 0.04532 
09/05/2026,07:23:43: 	Recall@10: 0.02582 Recall@20: 0.03878 NDCG@10: 0.01413 NDCG@20: 0.01764 
09/05/2026,07:23:43: Epoch [39/1000]
09/05/2026,07:23:43: Negative sampling...
09/05/2026,07:23:44: Model's personal time...
09/05/2026,07:23:44: Model diagnostics: arce_anchor_count_mean=28.812416, arce_blocker_budget_mean=21.187584, arce_blocker_entropy_mean=4.768752, arce_closure_difficulty_mean=0.727124, arce_closure_difficulty_std=0.305707, arce_gamma_effective_beta=3.000000, arce_gamma_max=0.886920, arce_gamma_mean=0.202293, arce_gamma_min=0.052866, arce_gamma_mode=sample_overlap, arce_gamma_reassignment_l1_mean=0.000000, arce_gamma_std=0.113556, arce_sample_gamma_mean=0.202293, arce_sampled_teacher_overlap_mean=0.576248, arce_sampler=marginal, arce_sampling_power=2.000000, arce_teacher_missing_mass_mean=0.259002, arce_teacher_missing_mass_std=0.135046
09/05/2026,07:23:44: Training...
09/05/2026,07:23:45: Evaluating...
09/05/2026,07:23:45: 	Train Loss: 3436265.0000 (base: 476.6402, kd: 6871.5762), Elapsed: train 2.54 test 0.27 *
09/05/2026,07:23:45: 	Recall@10: 0.06322 Recall@20: 0.09045 NDCG@10: 0.03797 NDCG@20: 0.04550 
09/05/2026,07:23:45: 	Recall@10: 0.02567 Recall@20: 0.03922 NDCG@10: 0.01408 NDCG@20: 0.01773 
09/05/2026,07:23:45: Epoch [40/1000]
09/05/2026,07:23:45: Negative sampling...
09/05/2026,07:23:47: Model's personal time...
09/05/2026,07:23:47: Model diagnostics: arce_anchor_count_mean=28.956312, arce_blocker_budget_mean=21.043686, arce_blocker_entropy_mean=4.762072, arce_closure_difficulty_mean=0.722733, arce_closure_difficulty_std=0.304931, arce_gamma_effective_beta=3.000000, arce_gamma_max=0.886920, arce_gamma_mean=0.200631, arce_gamma_min=0.052866, arce_gamma_mode=sample_overlap, arce_gamma_reassignment_l1_mean=0.000000, arce_gamma_std=0.112819, arce_sample_gamma_mean=0.200631, arce_sampled_teacher_overlap_mean=0.579126, arce_sampler=marginal, arce_sampling_power=2.000000, arce_teacher_missing_mass_mean=0.256025, arce_teacher_missing_mass_std=0.133843
09/05/2026,07:23:47: Training...
09/05/2026,07:23:48: Evaluating...
09/05/2026,07:23:48: 	Train Loss: 3436134.5000 (base: 469.0090, kd: 6871.3311), Elapsed: train 2.63 test 0.29 *
09/05/2026,07:23:48: 	Recall@10: 0.06368 Recall@20: 0.09095 NDCG@10: 0.03830 NDCG@20: 0.04577 
09/05/2026,07:23:48: 	Recall@10: 0.02577 Recall@20: 0.03893 NDCG@10: 0.01410 NDCG@20: 0.01766 
09/05/2026,07:23:48: Epoch [41/1000]
09/05/2026,07:23:48: Negative sampling...
09/05/2026,07:23:50: Model's personal time...
09/05/2026,07:23:50: Model diagnostics: arce_anchor_count_mean=29.067062, arce_blocker_budget_mean=20.932938, arce_blocker_entropy_mean=4.756257, arce_closure_difficulty_mean=0.719172, arce_closure_difficulty_std=0.304445, arce_gamma_effective_beta=3.000000, arce_gamma_max=0.886920, arce_gamma_mean=0.199204, arce_gamma_min=0.052866, arce_gamma_mode=sample_overlap, arce_gamma_reassignment_l1_mean=0.000000, arce_gamma_std=0.111901, arce_sample_gamma_mean=0.199204, arce_sampled_teacher_overlap_mean=0.581341, arce_sampler=marginal, arce_sampling_power=2.000000, arce_teacher_missing_mass_mean=0.253486, arce_teacher_missing_mass_std=0.132893
09/05/2026,07:23:50: Training...
09/05/2026,07:23:51: Evaluating...
09/05/2026,07:23:51: 	Train Loss: 3434899.5000 (base: 459.9464, kd: 6868.8799), Elapsed: train 2.40 test 0.27 *
09/05/2026,07:23:51: 	Recall@10: 0.06375 Recall@20: 0.09145 NDCG@10: 0.03832 NDCG@20: 0.04599 
09/05/2026,07:23:51: 	Recall@10: 0.02560 Recall@20: 0.03933 NDCG@10: 0.01409 NDCG@20: 0.01779 
09/05/2026,07:23:51: Epoch [42/1000]
09/05/2026,07:23:51: Negative sampling...
09/05/2026,07:23:52: Model's personal time...
09/05/2026,07:23:52: Model diagnostics: arce_anchor_count_mean=29.189882, arce_blocker_budget_mean=20.810116, arce_blocker_entropy_mean=4.749566, arce_closure_difficulty_mean=0.715532, arce_closure_difficulty_std=0.303882, arce_gamma_effective_beta=3.000000, arce_gamma_max=0.835270, arce_gamma_mean=0.197710, arce_gamma_min=0.052866, arce_gamma_mode=sample_overlap, arce_gamma_reassignment_l1_mean=0.000000, arce_gamma_std=0.111164, arce_sample_gamma_mean=0.197710, arce_sampled_teacher_overlap_mean=0.583798, arce_sampler=marginal, arce_sampling_power=2.000000, arce_teacher_missing_mass_mean=0.250986, arce_teacher_missing_mass_std=0.131853
09/05/2026,07:23:52: Training...
09/05/2026,07:23:54: Evaluating...
09/05/2026,07:23:54: 	Train Loss: 3433960.5000 (base: 452.8927, kd: 6867.0151), Elapsed: train 2.66 test 0.34 *
09/05/2026,07:23:54: 	Recall@10: 0.06315 Recall@20: 0.09218 NDCG@10: 0.03835 NDCG@20: 0.04631 
09/05/2026,07:23:54: 	Recall@10: 0.02542 Recall@20: 0.03943 NDCG@10: 0.01398 NDCG@20: 0.01776 
09/05/2026,07:23:54: Epoch [43/1000]
09/05/2026,07:23:54: Negative sampling...
09/05/2026,07:23:55: Model's personal time...
09/05/2026,07:23:55: Model diagnostics: arce_anchor_count_mean=29.305422, arce_blocker_budget_mean=20.694578, arce_blocker_entropy_mean=4.745205, arce_closure_difficulty_mean=0.711924, arce_closure_difficulty_std=0.303100, arce_gamma_effective_beta=3.000000, arce_gamma_max=0.886920, arce_gamma_mean=0.196367, arce_gamma_min=0.052866, arce_gamma_mode=sample_overlap, arce_gamma_reassignment_l1_mean=0.000000, arce_gamma_std=0.110682, arce_sample_gamma_mean=0.196367, arce_sampled_teacher_overlap_mean=0.586108, arce_sampler=marginal, arce_sampling_power=2.000000, arce_teacher_missing_mass_mean=0.248429, arce_teacher_missing_mass_std=0.130809
09/05/2026,07:23:55: Training...
09/05/2026,07:23:57: Evaluating...
09/05/2026,07:23:57: 	Train Loss: 3433462.2500 (base: 446.3385, kd: 6866.0317), Elapsed: train 2.64 test 0.29
09/05/2026,07:23:57: 	Recall@10: 0.06355 Recall@20: 0.09156 NDCG@10: 0.03861 NDCG@20: 0.04630 
09/05/2026,07:23:57: 	Recall@10: 0.02552 Recall@20: 0.03996 NDCG@10: 0.01407 NDCG@20: 0.01797 
09/05/2026,07:23:57: Epoch [44/1000]
09/05/2026,07:23:57: Negative sampling...
09/05/2026,07:23:58: Model's personal time...
09/05/2026,07:23:58: Model diagnostics: arce_anchor_count_mean=29.439165, arce_blocker_budget_mean=20.560835, arce_blocker_entropy_mean=4.739333, arce_closure_difficulty_mean=0.708354, arce_closure_difficulty_std=0.302416, arce_gamma_effective_beta=3.000000, arce_gamma_max=0.835270, arce_gamma_mean=0.194780, arce_gamma_min=0.052866, arce_gamma_mode=sample_overlap, arce_gamma_reassignment_l1_mean=0.000000, arce_gamma_std=0.109680, arce_sample_gamma_mean=0.194780, arce_sampled_teacher_overlap_mean=0.588783, arce_sampler=marginal, arce_sampling_power=2.000000, arce_teacher_missing_mass_mean=0.246014, arce_teacher_missing_mass_std=0.129783
09/05/2026,07:23:58: Training...
09/05/2026,07:23:59: Evaluating...
09/05/2026,07:24:00: 	Train Loss: 3433153.0000 (base: 438.3975, kd: 6865.4292), Elapsed: train 2.50 test 0.29 *
09/05/2026,07:24:00: 	Recall@10: 0.06363 Recall@20: 0.09267 NDCG@10: 0.03860 NDCG@20: 0.04651 
09/05/2026,07:24:00: 	Recall@10: 0.02561 Recall@20: 0.04066 NDCG@10: 0.01409 NDCG@20: 0.01815 
09/05/2026,07:24:00: Epoch [45/1000]
09/05/2026,07:24:00: Negative sampling...
09/05/2026,07:24:01: Model's personal time...
09/05/2026,07:24:01: Model diagnostics: arce_anchor_count_mean=29.538609, arce_blocker_budget_mean=20.461391, arce_blocker_entropy_mean=4.733145, arce_closure_difficulty_mean=0.704821, arce_closure_difficulty_std=0.301698, arce_gamma_effective_beta=3.000000, arce_gamma_max=0.886920, arce_gamma_mean=0.193623, arce_gamma_min=0.052866, arce_gamma_mode=sample_overlap, arce_gamma_reassignment_l1_mean=0.000000, arce_gamma_std=0.109222, arce_sample_gamma_mean=0.193623, arce_sampled_teacher_overlap_mean=0.590772, arce_sampler=marginal, arce_sampling_power=2.000000, arce_teacher_missing_mass_mean=0.243819, arce_teacher_missing_mass_std=0.128909
09/05/2026,07:24:01: Training...
09/05/2026,07:24:02: Evaluating...
09/05/2026,07:24:02: 	Train Loss: 3431820.2500 (base: 432.2199, kd: 6862.7769), Elapsed: train 2.44 test 0.34 *
09/05/2026,07:24:02: 	Recall@10: 0.06353 Recall@20: 0.09261 NDCG@10: 0.03856 NDCG@20: 0.04655 
09/05/2026,07:24:02: 	Recall@10: 0.02589 Recall@20: 0.04036 NDCG@10: 0.01421 NDCG@20: 0.01813 
09/05/2026,07:24:02: Epoch [46/1000]
09/05/2026,07:24:02: Negative sampling...
09/05/2026,07:24:04: Model's personal time...
09/05/2026,07:24:04: Model diagnostics: arce_anchor_count_mean=29.671009, arce_blocker_budget_mean=20.328989, arce_blocker_entropy_mean=4.726347, arce_closure_difficulty_mean=0.701603, arce_closure_difficulty_std=0.301510, arce_gamma_effective_beta=3.000000, arce_gamma_max=0.886920, arce_gamma_mean=0.192084, arce_gamma_min=0.052866, arce_gamma_mode=sample_overlap, arce_gamma_reassignment_l1_mean=0.000000, arce_gamma_std=0.108306, arce_sample_gamma_mean=0.192084, arce_sampled_teacher_overlap_mean=0.593420, arce_sampler=marginal, arce_sampling_power=2.000000, arce_teacher_missing_mass_mean=0.241535, arce_teacher_missing_mass_std=0.128002
09/05/2026,07:24:04: Training...
09/05/2026,07:24:06: Evaluating...
09/05/2026,07:24:06: 	Train Loss: 3432071.7500 (base: 423.2877, kd: 6863.2969), Elapsed: train 3.09 test 0.35 *
09/05/2026,07:24:06: 	Recall@10: 0.06318 Recall@20: 0.09307 NDCG@10: 0.03842 NDCG@20: 0.04664 
09/05/2026,07:24:06: 	Recall@10: 0.02637 Recall@20: 0.04037 NDCG@10: 0.01429 NDCG@20: 0.01809 
09/05/2026,07:24:06: Epoch [47/1000]
09/05/2026,07:24:06: Negative sampling...
09/05/2026,07:24:08: Model's personal time...
09/05/2026,07:24:08: Model diagnostics: arce_anchor_count_mean=29.778502, arce_blocker_budget_mean=20.221498, arce_blocker_entropy_mean=4.720264, arce_closure_difficulty_mean=0.698421, arce_closure_difficulty_std=0.301156, arce_gamma_effective_beta=3.000000, arce_gamma_max=0.835270, arce_gamma_mean=0.190799, arce_gamma_min=0.052866, arce_gamma_mode=sample_overlap, arce_gamma_reassignment_l1_mean=0.000000, arce_gamma_std=0.107597, arce_sample_gamma_mean=0.190799, arce_sampled_teacher_overlap_mean=0.595570, arce_sampler=marginal, arce_sampling_power=2.000000, arce_teacher_missing_mass_mean=0.239374, arce_teacher_missing_mass_std=0.127267
09/05/2026,07:24:08: Training...
09/05/2026,07:24:09: Evaluating...
09/05/2026,07:24:09: 	Train Loss: 3431250.2500 (base: 417.7364, kd: 6861.6650), Elapsed: train 3.10 test 0.32 *
09/05/2026,07:24:09: 	Recall@10: 0.06352 Recall@20: 0.09381 NDCG@10: 0.03881 NDCG@20: 0.04719 
09/05/2026,07:24:09: 	Recall@10: 0.02655 Recall@20: 0.04062 NDCG@10: 0.01452 NDCG@20: 0.01832 
09/05/2026,07:24:09: Epoch [48/1000]
09/05/2026,07:24:09: Negative sampling...
09/05/2026,07:24:11: Model's personal time...
09/05/2026,07:24:11: Model diagnostics: arce_anchor_count_mean=29.904196, arce_blocker_budget_mean=20.095804, arce_blocker_entropy_mean=4.714816, arce_closure_difficulty_mean=0.694840, arce_closure_difficulty_std=0.300362, arce_gamma_effective_beta=3.000000, arce_gamma_max=0.835270, arce_gamma_mean=0.189375, arce_gamma_min=0.052866, arce_gamma_mode=sample_overlap, arce_gamma_reassignment_l1_mean=0.000000, arce_gamma_std=0.107013, arce_sample_gamma_mean=0.189375, arce_sampled_teacher_overlap_mean=0.598084, arce_sampler=marginal, arce_sampling_power=2.000000, arce_teacher_missing_mass_mean=0.237203, arce_teacher_missing_mass_std=0.126575
09/05/2026,07:24:11: Training...
09/05/2026,07:24:12: Evaluating...
09/05/2026,07:24:12: 	Train Loss: 3430740.7500 (base: 411.0586, kd: 6860.6592), Elapsed: train 2.66 test 0.34
09/05/2026,07:24:12: 	Recall@10: 0.06384 Recall@20: 0.09307 NDCG@10: 0.03875 NDCG@20: 0.04676 
09/05/2026,07:24:12: 	Recall@10: 0.02694 Recall@20: 0.04041 NDCG@10: 0.01454 NDCG@20: 0.01818 
09/05/2026,07:24:12: Epoch [49/1000]
09/05/2026,07:24:12: Negative sampling...
09/05/2026,07:24:14: Model's personal time...
09/05/2026,07:24:14: Model diagnostics: arce_anchor_count_mean=30.003448, arce_blocker_budget_mean=19.996552, arce_blocker_entropy_mean=4.708703, arce_closure_difficulty_mean=0.691545, arce_closure_difficulty_std=0.299401, arce_gamma_effective_beta=3.000000, arce_gamma_max=0.835270, arce_gamma_mean=0.188229, arce_gamma_min=0.052866, arce_gamma_mode=sample_overlap, arce_gamma_reassignment_l1_mean=0.000000, arce_gamma_std=0.106481, arce_sample_gamma_mean=0.188229, arce_sampled_teacher_overlap_mean=0.600069, arce_sampler=marginal, arce_sampling_power=2.000000, arce_teacher_missing_mass_mean=0.235128, arce_teacher_missing_mass_std=0.125574
09/05/2026,07:24:14: Training...
09/05/2026,07:24:15: Evaluating...
09/05/2026,07:24:15: 	Train Loss: 3430434.0000 (base: 404.8558, kd: 6860.0586), Elapsed: train 2.40 test 0.32
09/05/2026,07:24:15: 	Recall@10: 0.06356 Recall@20: 0.09329 NDCG@10: 0.03869 NDCG@20: 0.04690 
09/05/2026,07:24:15: 	Recall@10: 0.02723 Recall@20: 0.03997 NDCG@10: 0.01486 NDCG@20: 0.01830 
09/05/2026,07:24:15: Epoch [50/1000]
09/05/2026,07:24:15: Negative sampling...
09/05/2026,07:24:16: Model's personal time...
09/05/2026,07:24:16: Model diagnostics: arce_anchor_count_mean=30.110748, arce_blocker_budget_mean=19.889250, arce_blocker_entropy_mean=4.703139, arce_closure_difficulty_mean=0.688326, arce_closure_difficulty_std=0.298866, arce_gamma_effective_beta=3.000000, arce_gamma_max=0.786628, arce_gamma_mean=0.186989, arce_gamma_min=0.052866, arce_gamma_mode=sample_overlap, arce_gamma_reassignment_l1_mean=0.000000, arce_gamma_std=0.105764, arce_sample_gamma_mean=0.186989, arce_sampled_teacher_overlap_mean=0.602215, arce_sampler=marginal, arce_sampling_power=2.000000, arce_teacher_missing_mass_mean=0.233091, arce_teacher_missing_mass_std=0.124618
09/05/2026,07:24:16: Training...
09/05/2026,07:24:18: Evaluating...
09/05/2026,07:24:18: 	Train Loss: 3429916.0000 (base: 401.2490, kd: 6859.0298), Elapsed: train 2.49 test 0.29
09/05/2026,07:24:18: 	Recall@10: 0.06439 Recall@20: 0.09418 NDCG@10: 0.03899 NDCG@20: 0.04716 
09/05/2026,07:24:18: 	Recall@10: 0.02714 Recall@20: 0.04070 NDCG@10: 0.01481 NDCG@20: 0.01848 
09/05/2026,07:24:18: Epoch [51/1000]
09/05/2026,07:24:18: Negative sampling...
09/05/2026,07:24:19: Model's personal time...
09/05/2026,07:24:19: Model diagnostics: arce_anchor_count_mean=30.199656, arce_blocker_budget_mean=19.800344, arce_blocker_entropy_mean=4.697539, arce_closure_difficulty_mean=0.685020, arce_closure_difficulty_std=0.298139, arce_gamma_effective_beta=3.000000, arce_gamma_max=0.835270, arce_gamma_mean=0.185984, arce_gamma_min=0.052866, arce_gamma_mode=sample_overlap, arce_gamma_reassignment_l1_mean=0.000000, arce_gamma_std=0.105352, arce_sample_gamma_mean=0.185984, arce_sampled_teacher_overlap_mean=0.603993, arce_sampler=marginal, arce_sampling_power=2.000000, arce_teacher_missing_mass_mean=0.231197, arce_teacher_missing_mass_std=0.123833
09/05/2026,07:24:19: Training...
09/05/2026,07:24:21: Evaluating...
09/05/2026,07:24:21: 	Train Loss: 3430127.5000 (base: 393.3435, kd: 6859.4692), Elapsed: train 2.85 test 0.33 *
09/05/2026,07:24:21: 	Recall@10: 0.06426 Recall@20: 0.09430 NDCG@10: 0.03907 NDCG@20: 0.04730 
09/05/2026,07:24:21: 	Recall@10: 0.02686 Recall@20: 0.03972 NDCG@10: 0.01471 NDCG@20: 0.01825 
09/05/2026,07:24:21: Epoch [52/1000]
09/05/2026,07:24:21: Negative sampling...
09/05/2026,07:24:22: Model's personal time...
09/05/2026,07:24:22: Model diagnostics: arce_anchor_count_mean=30.314236, arce_blocker_budget_mean=19.685762, arce_blocker_entropy_mean=4.692879, arce_closure_difficulty_mean=0.682066, arce_closure_difficulty_std=0.297422, arce_gamma_effective_beta=3.000000, arce_gamma_max=0.835270, arce_gamma_mean=0.184714, arce_gamma_min=0.052866, arce_gamma_mode=sample_overlap, arce_gamma_reassignment_l1_mean=0.000000, arce_gamma_std=0.104692, arce_sample_gamma_mean=0.184714, arce_sampled_teacher_overlap_mean=0.606285, arce_sampler=marginal, arce_sampling_power=2.000000, arce_teacher_missing_mass_mean=0.229235, arce_teacher_missing_mass_std=0.123089
09/05/2026,07:24:22: Training...
09/05/2026,07:24:24: Evaluating...
09/05/2026,07:24:24: 	Train Loss: 3430085.7500 (base: 388.5572, kd: 6859.3945), Elapsed: train 2.79 test 0.29
09/05/2026,07:24:24: 	Recall@10: 0.06417 Recall@20: 0.09443 NDCG@10: 0.03892 NDCG@20: 0.04722 
09/05/2026,07:24:24: 	Recall@10: 0.02738 Recall@20: 0.04005 NDCG@10: 0.01491 NDCG@20: 0.01835 
09/05/2026,07:24:24: Epoch [53/1000]
09/05/2026,07:24:24: Negative sampling...
09/05/2026,07:24:26: Model's personal time...
09/05/2026,07:24:26: Model diagnostics: arce_anchor_count_mean=30.404291, arce_blocker_budget_mean=19.595707, arce_blocker_entropy_mean=4.686376, arce_closure_difficulty_mean=0.679253, arce_closure_difficulty_std=0.296915, arce_gamma_effective_beta=3.000000, arce_gamma_max=0.835270, arce_gamma_mean=0.183683, arce_gamma_min=0.052866, arce_gamma_mode=sample_overlap, arce_gamma_reassignment_l1_mean=0.000000, arce_gamma_std=0.104203, arce_sample_gamma_mean=0.183683, arce_sampled_teacher_overlap_mean=0.608086, arce_sampler=marginal, arce_sampling_power=2.000000, arce_teacher_missing_mass_mean=0.227511, arce_teacher_missing_mass_std=0.122322
09/05/2026,07:24:26: Training...
09/05/2026,07:24:27: Evaluating...
09/05/2026,07:24:27: 	Train Loss: 3429438.0000 (base: 383.8427, kd: 6858.1084), Elapsed: train 2.81 test 0.26 *
09/05/2026,07:24:27: 	Recall@10: 0.06408 Recall@20: 0.09506 NDCG@10: 0.03901 NDCG@20: 0.04745 
09/05/2026,07:24:27: 	Recall@10: 0.02683 Recall@20: 0.03993 NDCG@10: 0.01482 NDCG@20: 0.01843 
09/05/2026,07:24:27: Epoch [54/1000]
09/05/2026,07:24:27: Negative sampling...
09/05/2026,07:24:29: Model's personal time...
09/05/2026,07:24:29: Model diagnostics: arce_anchor_count_mean=30.493198, arce_blocker_budget_mean=19.506802, arce_blocker_entropy_mean=4.681028, arce_closure_difficulty_mean=0.676393, arce_closure_difficulty_std=0.296036, arce_gamma_effective_beta=3.000000, arce_gamma_max=0.786628, arce_gamma_mean=0.182584, arce_gamma_min=0.052866, arce_gamma_mode=sample_overlap, arce_gamma_reassignment_l1_mean=0.000000, arce_gamma_std=0.103418, arce_sample_gamma_mean=0.182584, arce_sampled_teacher_overlap_mean=0.609864, arce_sampler=marginal, arce_sampling_power=2.000000, arce_teacher_missing_mass_mean=0.225792, arce_teacher_missing_mass_std=0.121397
09/05/2026,07:24:29: Training...
09/05/2026,07:24:30: Evaluating...
09/05/2026,07:24:30: 	Train Loss: 3428444.7500 (base: 381.2926, kd: 6856.1274), Elapsed: train 2.44 test 0.32 *
09/05/2026,07:24:30: 	Recall@10: 0.06421 Recall@20: 0.09478 NDCG@10: 0.03942 NDCG@20: 0.04774 
09/05/2026,07:24:30: 	Recall@10: 0.02677 Recall@20: 0.04053 NDCG@10: 0.01482 NDCG@20: 0.01860 
09/05/2026,07:24:30: Epoch [55/1000]
09/05/2026,07:24:30: Negative sampling...
09/05/2026,07:24:32: Model's personal time...
09/05/2026,07:24:32: Model diagnostics: arce_anchor_count_mean=30.594749, arce_blocker_budget_mean=19.405251, arce_blocker_entropy_mean=4.673563, arce_closure_difficulty_mean=0.673309, arce_closure_difficulty_std=0.295297, arce_gamma_effective_beta=3.000000, arce_gamma_max=0.786628, arce_gamma_mean=0.181485, arce_gamma_min=0.052866, arce_gamma_mode=sample_overlap, arce_gamma_reassignment_l1_mean=0.000000, arce_gamma_std=0.102922, arce_sample_gamma_mean=0.181485, arce_sampled_teacher_overlap_mean=0.611895, arce_sampler=marginal, arce_sampling_power=2.000000, arce_teacher_missing_mass_mean=0.224064, arce_teacher_missing_mass_std=0.120794
09/05/2026,07:24:32: Training...
09/05/2026,07:24:33: Evaluating...
09/05/2026,07:24:33: 	Train Loss: 3428817.2500 (base: 376.9927, kd: 6856.8813), Elapsed: train 2.81 test 0.29
09/05/2026,07:24:33: 	Recall@10: 0.06389 Recall@20: 0.09473 NDCG@10: 0.03889 NDCG@20: 0.04737 
09/05/2026,07:24:33: 	Recall@10: 0.02646 Recall@20: 0.04075 NDCG@10: 0.01479 NDCG@20: 0.01871 
09/05/2026,07:24:33: Epoch [56/1000]
09/05/2026,07:24:33: Negative sampling...
09/05/2026,07:24:34: Model's personal time...
09/05/2026,07:24:34: Model diagnostics: arce_anchor_count_mean=30.680590, arce_blocker_budget_mean=19.319410, arce_blocker_entropy_mean=4.668299, arce_closure_difficulty_mean=0.670789, arce_closure_difficulty_std=0.294616, arce_gamma_effective_beta=3.000000, arce_gamma_max=0.786628, arce_gamma_mean=0.180496, arce_gamma_min=0.052866, arce_gamma_mode=sample_overlap, arce_gamma_reassignment_l1_mean=0.000000, arce_gamma_std=0.102364, arce_sample_gamma_mean=0.180496, arce_sampled_teacher_overlap_mean=0.613612, arce_sampler=marginal, arce_sampling_power=2.000000, arce_teacher_missing_mass_mean=0.222441, arce_teacher_missing_mass_std=0.119872
09/05/2026,07:24:34: Training...
09/05/2026,07:24:36: Evaluating...
09/05/2026,07:24:36: 	Train Loss: 3427539.5000 (base: 370.9697, kd: 6854.3379), Elapsed: train 2.63 test 0.30
09/05/2026,07:24:36: 	Recall@10: 0.06406 Recall@20: 0.09542 NDCG@10: 0.03898 NDCG@20: 0.04756 
09/05/2026,07:24:36: 	Recall@10: 0.02693 Recall@20: 0.04084 NDCG@10: 0.01487 NDCG@20: 0.01868 
09/05/2026,07:24:36: Epoch [57/1000]
09/05/2026,07:24:36: Negative sampling...
09/05/2026,07:24:37: Model's personal time...
09/05/2026,07:24:37: Model diagnostics: arce_anchor_count_mean=30.782717, arce_blocker_budget_mean=19.217283, arce_blocker_entropy_mean=4.662051, arce_closure_difficulty_mean=0.667555, arce_closure_difficulty_std=0.294053, arce_gamma_effective_beta=3.000000, arce_gamma_max=0.786628, arce_gamma_mean=0.179299, arce_gamma_min=0.052866, arce_gamma_mode=sample_overlap, arce_gamma_reassignment_l1_mean=0.000000, arce_gamma_std=0.101480, arce_sample_gamma_mean=0.179299, arce_sampled_teacher_overlap_mean=0.615654, arce_sampler=marginal, arce_sampling_power=2.000000, arce_teacher_missing_mass_mean=0.220571, arce_teacher_missing_mass_std=0.119054
09/05/2026,07:24:37: Training...
09/05/2026,07:24:38: Evaluating...
09/05/2026,07:24:39: 	Train Loss: 3427917.0000 (base: 365.7624, kd: 6855.1025), Elapsed: train 2.42 test 0.34
09/05/2026,07:24:39: 	Recall@10: 0.06381 Recall@20: 0.09459 NDCG@10: 0.03897 NDCG@20: 0.04749 
09/05/2026,07:24:39: 	Recall@10: 0.02742 Recall@20: 0.04104 NDCG@10: 0.01506 NDCG@20: 0.01879 
09/05/2026,07:24:39: Epoch [58/1000]
09/05/2026,07:24:39: Negative sampling...
09/05/2026,07:24:40: Model's personal time...
09/05/2026,07:24:40: Model diagnostics: arce_anchor_count_mean=30.873922, arce_blocker_budget_mean=19.126078, arce_blocker_entropy_mean=4.656833, arce_closure_difficulty_mean=0.664452, arce_closure_difficulty_std=0.293226, arce_gamma_effective_beta=3.000000, arce_gamma_max=0.786628, arce_gamma_mean=0.178356, arce_gamma_min=0.052866, arce_gamma_mode=sample_overlap, arce_gamma_reassignment_l1_mean=0.000000, arce_gamma_std=0.101033, arce_sample_gamma_mean=0.178356, arce_sampled_teacher_overlap_mean=0.617478, arce_sampler=marginal, arce_sampling_power=2.000000, arce_teacher_missing_mass_mean=0.218889, arce_teacher_missing_mass_std=0.118370
09/05/2026,07:24:40: Training...
09/05/2026,07:24:41: Evaluating...
09/05/2026,07:24:42: 	Train Loss: 3427228.0000 (base: 361.0628, kd: 6853.7344), Elapsed: train 2.61 test 0.26
09/05/2026,07:24:42: 	Recall@10: 0.06504 Recall@20: 0.09519 NDCG@10: 0.03935 NDCG@20: 0.04765 
09/05/2026,07:24:42: 	Recall@10: 0.02735 Recall@20: 0.04142 NDCG@10: 0.01511 NDCG@20: 0.01893 
09/05/2026,07:24:42: Epoch [59/1000]
09/05/2026,07:24:42: Negative sampling...
09/05/2026,07:24:43: Model's personal time...
09/05/2026,07:24:43: Model diagnostics: arce_anchor_count_mean=30.963785, arce_blocker_budget_mean=19.036213, arce_blocker_entropy_mean=4.650847, arce_closure_difficulty_mean=0.661568, arce_closure_difficulty_std=0.292450, arce_gamma_effective_beta=3.000000, arce_gamma_max=0.786628, arce_gamma_mean=0.177213, arce_gamma_min=0.052866, arce_gamma_mode=sample_overlap, arce_gamma_reassignment_l1_mean=0.000000, arce_gamma_std=0.099892, arce_sample_gamma_mean=0.177213, arce_sampled_teacher_overlap_mean=0.619276, arce_sampler=marginal, arce_sampling_power=2.000000, arce_teacher_missing_mass_mean=0.217203, arce_teacher_missing_mass_std=0.117432
09/05/2026,07:24:43: Training...
09/05/2026,07:24:44: Evaluating...
09/05/2026,07:24:44: 	Train Loss: 3427348.5000 (base: 357.0161, kd: 6853.9834), Elapsed: train 2.49 test 0.26 *
09/05/2026,07:24:44: 	Recall@10: 0.06438 Recall@20: 0.09644 NDCG@10: 0.03934 NDCG@20: 0.04819 
09/05/2026,07:24:44: 	Recall@10: 0.02732 Recall@20: 0.04130 NDCG@10: 0.01505 NDCG@20: 0.01888 
09/05/2026,07:24:44: Epoch [60/1000]
09/05/2026,07:24:44: Negative sampling...
09/05/2026,07:24:46: Model's personal time...
09/05/2026,07:24:46: Model diagnostics: arce_anchor_count_mean=31.050201, arce_blocker_budget_mean=18.949799, arce_blocker_entropy_mean=4.644140, arce_closure_difficulty_mean=0.659175, arce_closure_difficulty_std=0.292015, arce_gamma_effective_beta=3.000000, arce_gamma_max=0.786628, arce_gamma_mean=0.176232, arce_gamma_min=0.052866, arce_gamma_mode=sample_overlap, arce_gamma_reassignment_l1_mean=0.000000, arce_gamma_std=0.099388, arce_sample_gamma_mean=0.176232, arce_sampled_teacher_overlap_mean=0.621004, arce_sampler=marginal, arce_sampling_power=2.000000, arce_teacher_missing_mass_mean=0.215804, arce_teacher_missing_mass_std=0.116900
09/05/2026,07:24:46: Training...
09/05/2026,07:24:47: Evaluating...
09/05/2026,07:24:47: 	Train Loss: 3427218.2500 (base: 354.9386, kd: 6853.7256), Elapsed: train 2.54 test 0.26
09/05/2026,07:24:47: 	Recall@10: 0.06461 Recall@20: 0.09602 NDCG@10: 0.03939 NDCG@20: 0.04806 
09/05/2026,07:24:47: 	Recall@10: 0.02743 Recall@20: 0.04192 NDCG@10: 0.01524 NDCG@20: 0.01920 
09/05/2026,07:24:47: Epoch [61/1000]
09/05/2026,07:24:47: Negative sampling...
09/05/2026,07:24:49: Model's personal time...
09/05/2026,07:24:49: Model diagnostics: arce_anchor_count_mean=31.141598, arce_blocker_budget_mean=18.858402, arce_blocker_entropy_mean=4.638984, arce_closure_difficulty_mean=0.656394, arce_closure_difficulty_std=0.291572, arce_gamma_effective_beta=3.000000, arce_gamma_max=0.740818, arce_gamma_mean=0.175204, arce_gamma_min=0.052866, arce_gamma_mode=sample_overlap, arce_gamma_reassignment_l1_mean=0.000000, arce_gamma_std=0.098507, arce_sample_gamma_mean=0.175204, arce_sampled_teacher_overlap_mean=0.622832, arce_sampler=marginal, arce_sampling_power=2.000000, arce_teacher_missing_mass_mean=0.214213, arce_teacher_missing_mass_std=0.116202
09/05/2026,07:24:49: Training...
09/05/2026,07:24:50: Evaluating...
09/05/2026,07:24:50: 	Train Loss: 3427607.5000 (base: 351.7780, kd: 6854.5112), Elapsed: train 2.60 test 0.31
09/05/2026,07:24:50: 	Recall@10: 0.06532 Recall@20: 0.09596 NDCG@10: 0.03962 NDCG@20: 0.04806 
09/05/2026,07:24:50: 	Recall@10: 0.02748 Recall@20: 0.04180 NDCG@10: 0.01520 NDCG@20: 0.01912 
09/05/2026,07:24:50: Epoch [62/1000]
09/05/2026,07:24:50: Negative sampling...
09/05/2026,07:24:52: Model's personal time...
09/05/2026,07:24:52: Model diagnostics: arce_anchor_count_mean=31.237785, arce_blocker_budget_mean=18.762215, arce_blocker_entropy_mean=4.633330, arce_closure_difficulty_mean=0.653699, arce_closure_difficulty_std=0.291509, arce_gamma_effective_beta=3.000000, arce_gamma_max=0.786628, arce_gamma_mean=0.174138, arce_gamma_min=0.052866, arce_gamma_mode=sample_overlap, arce_gamma_reassignment_l1_mean=0.000000, arce_gamma_std=0.097917, arce_sample_gamma_mean=0.174138, arce_sampled_teacher_overlap_mean=0.624756, arce_sampler=marginal, arce_sampling_power=2.000000, arce_teacher_missing_mass_mean=0.212741, arce_teacher_missing_mass_std=0.115994
09/05/2026,07:24:52: Training...
09/05/2026,07:24:53: Evaluating...
09/05/2026,07:24:53: 	Train Loss: 3427518.2500 (base: 343.6486, kd: 6854.3491), Elapsed: train 2.70 test 0.33
09/05/2026,07:24:53: 	Recall@10: 0.06459 Recall@20: 0.09537 NDCG@10: 0.03927 NDCG@20: 0.04779 
09/05/2026,07:24:53: 	Recall@10: 0.02726 Recall@20: 0.04134 NDCG@10: 0.01511 NDCG@20: 0.01902 
09/05/2026,07:24:53: Epoch [63/1000]
09/05/2026,07:24:53: Negative sampling...
09/05/2026,07:24:54: Model's personal time...
09/05/2026,07:24:54: Model diagnostics: arce_anchor_count_mean=31.316919, arce_blocker_budget_mean=18.683081, arce_blocker_entropy_mean=4.626921, arce_closure_difficulty_mean=0.651278, arce_closure_difficulty_std=0.290983, arce_gamma_effective_beta=3.000000, arce_gamma_max=0.786628, arce_gamma_mean=0.173248, arce_gamma_min=0.052866, arce_gamma_mode=sample_overlap, arce_gamma_reassignment_l1_mean=0.000000, arce_gamma_std=0.097338, arce_sample_gamma_mean=0.173248, arce_sampled_teacher_overlap_mean=0.626338, arce_sampler=marginal, arce_sampling_power=2.000000, arce_teacher_missing_mass_mean=0.211406, arce_teacher_missing_mass_std=0.115348
09/05/2026,07:24:54: Training...
09/05/2026,07:24:56: Evaluating...
09/05/2026,07:24:56: 	Train Loss: 3427372.2500 (base: 341.6858, kd: 6854.0610), Elapsed: train 2.64 test 0.34
09/05/2026,07:24:56: 	Recall@10: 0.06518 Recall@20: 0.09636 NDCG@10: 0.03945 NDCG@20: 0.04799 
09/05/2026,07:24:56: 	Recall@10: 0.02698 Recall@20: 0.04190 NDCG@10: 0.01502 NDCG@20: 0.01914 
09/05/2026,07:24:56: Epoch [64/1000]
09/05/2026,07:24:56: Negative sampling...
09/05/2026,07:24:57: Model's personal time...
09/05/2026,07:24:57: Model diagnostics: arce_anchor_count_mean=31.409849, arce_blocker_budget_mean=18.590151, arce_blocker_entropy_mean=4.622806, arce_closure_difficulty_mean=0.648456, arce_closure_difficulty_std=0.290368, arce_gamma_effective_beta=3.000000, arce_gamma_max=0.740818, arce_gamma_mean=0.172199, arce_gamma_min=0.052866, arce_gamma_mode=sample_overlap, arce_gamma_reassignment_l1_mean=0.000000, arce_gamma_std=0.096449, arce_sample_gamma_mean=0.172199, arce_sampled_teacher_overlap_mean=0.628197, arce_sampler=marginal, arce_sampling_power=2.000000, arce_teacher_missing_mass_mean=0.209899, arce_teacher_missing_mass_std=0.114756
09/05/2026,07:24:57: Training...
09/05/2026,07:24:59: Evaluating...
09/05/2026,07:24:59: 	Train Loss: 3427010.2500 (base: 335.0229, kd: 6853.3506), Elapsed: train 2.52 test 0.28
09/05/2026,07:24:59: 	Recall@10: 0.06476 Recall@20: 0.09506 NDCG@10: 0.03919 NDCG@20: 0.04756 
09/05/2026,07:24:59: 	Recall@10: 0.02716 Recall@20: 0.04142 NDCG@10: 0.01504 NDCG@20: 0.01901 
09/05/2026,07:24:59: Epoch [65/1000]
09/05/2026,07:24:59: Negative sampling...
09/05/2026,07:25:00: Model's personal time...
09/05/2026,07:25:00: Model diagnostics: arce_anchor_count_mean=31.494156, arce_blocker_budget_mean=18.505844, arce_blocker_entropy_mean=4.616768, arce_closure_difficulty_mean=0.645868, arce_closure_difficulty_std=0.289876, arce_gamma_effective_beta=3.000000, arce_gamma_max=0.740818, arce_gamma_mean=0.171292, arce_gamma_min=0.052866, arce_gamma_mode=sample_overlap, arce_gamma_reassignment_l1_mean=0.000000, arce_gamma_std=0.096057, arce_sample_gamma_mean=0.171292, arce_sampled_teacher_overlap_mean=0.629883, arce_sampler=marginal, arce_sampling_power=2.000000, arce_teacher_missing_mass_mean=0.208590, arce_teacher_missing_mass_std=0.114381
09/05/2026,07:25:00: Training...
09/05/2026,07:25:01: Evaluating...
09/05/2026,07:25:02: 	Train Loss: 3427024.0000 (base: 335.3315, kd: 6853.3774), Elapsed: train 2.41 test 0.26 *
09/05/2026,07:25:02: 	Recall@10: 0.06480 Recall@20: 0.09732 NDCG@10: 0.03940 NDCG@20: 0.04828 
09/05/2026,07:25:02: 	Recall@10: 0.02799 Recall@20: 0.04095 NDCG@10: 0.01538 NDCG@20: 0.01899 
09/05/2026,07:25:02: Epoch [66/1000]
09/05/2026,07:25:02: Negative sampling...
09/05/2026,07:25:03: Model's personal time...
09/05/2026,07:25:03: Model diagnostics: arce_anchor_count_mean=31.578655, arce_blocker_budget_mean=18.421345, arce_blocker_entropy_mean=4.612383, arce_closure_difficulty_mean=0.643370, arce_closure_difficulty_std=0.289758, arce_gamma_effective_beta=3.000000, arce_gamma_max=0.740818, arce_gamma_mean=0.170383, arce_gamma_min=0.052866, arce_gamma_mode=sample_overlap, arce_gamma_reassignment_l1_mean=0.000000, arce_gamma_std=0.095573, arce_sample_gamma_mean=0.170383, arce_sampled_teacher_overlap_mean=0.631573, arce_sampler=marginal, arce_sampling_power=2.000000, arce_teacher_missing_mass_mean=0.207138, arce_teacher_missing_mass_std=0.113884
09/05/2026,07:25:03: Training...
09/05/2026,07:25:04: Evaluating...
09/05/2026,07:25:04: 	Train Loss: 3427573.2500 (base: 328.0282, kd: 6854.4902), Elapsed: train 2.49 test 0.26
09/05/2026,07:25:04: 	Recall@10: 0.06491 Recall@20: 0.09716 NDCG@10: 0.03942 NDCG@20: 0.04821 
09/05/2026,07:25:04: 	Recall@10: 0.02771 Recall@20: 0.04127 NDCG@10: 0.01534 NDCG@20: 0.01909 
09/05/2026,07:25:04: Epoch [67/1000]
09/05/2026,07:25:04: Negative sampling...
09/05/2026,07:25:06: Model's personal time...
09/05/2026,07:25:06: Model diagnostics: arce_anchor_count_mean=31.664686, arce_blocker_budget_mean=18.335314, arce_blocker_entropy_mean=4.607421, arce_closure_difficulty_mean=0.640776, arce_closure_difficulty_std=0.289251, arce_gamma_effective_beta=3.000000, arce_gamma_max=0.740818, arce_gamma_mean=0.169476, arce_gamma_min=0.052866, arce_gamma_mode=sample_overlap, arce_gamma_reassignment_l1_mean=0.000000, arce_gamma_std=0.095197, arce_sample_gamma_mean=0.169476, arce_sampled_teacher_overlap_mean=0.633294, arce_sampler=marginal, arce_sampling_power=2.000000, arce_teacher_missing_mass_mean=0.205774, arce_teacher_missing_mass_std=0.113524
09/05/2026,07:25:06: Training...
09/05/2026,07:25:07: Evaluating...
09/05/2026,07:25:07: 	Train Loss: 3427408.5000 (base: 326.7452, kd: 6854.1631), Elapsed: train 2.47 test 0.25 *
09/05/2026,07:25:07: 	Recall@10: 0.06446 Recall@20: 0.09680 NDCG@10: 0.03947 NDCG@20: 0.04832 
09/05/2026,07:25:07: 	Recall@10: 0.02746 Recall@20: 0.04096 NDCG@10: 0.01541 NDCG@20: 0.01914 
09/05/2026,07:25:07: Epoch [68/1000]
09/05/2026,07:25:07: Negative sampling...
09/05/2026,07:25:08: Model's personal time...
09/05/2026,07:25:08: Model diagnostics: arce_anchor_count_mean=31.750719, arce_blocker_budget_mean=18.249281, arce_blocker_entropy_mean=4.603760, arce_closure_difficulty_mean=0.638289, arce_closure_difficulty_std=0.288832, arce_gamma_effective_beta=3.000000, arce_gamma_max=0.740818, arce_gamma_mean=0.168501, arce_gamma_min=0.052866, arce_gamma_mode=sample_overlap, arce_gamma_reassignment_l1_mean=0.000000, arce_gamma_std=0.094427, arce_sample_gamma_mean=0.168501, arce_sampled_teacher_overlap_mean=0.635014, arce_sampler=marginal, arce_sampling_power=2.000000, arce_teacher_missing_mass_mean=0.204424, arce_teacher_missing_mass_std=0.112998
09/05/2026,07:25:08: Training...
09/05/2026,07:25:10: Evaluating...
09/05/2026,07:25:10: 	Train Loss: 3427154.2500 (base: 322.2081, kd: 6853.6636), Elapsed: train 2.56 test 0.26
09/05/2026,07:25:10: 	Recall@10: 0.06518 Recall@20: 0.09622 NDCG@10: 0.03969 NDCG@20: 0.04820 
09/05/2026,07:25:10: 	Recall@10: 0.02749 Recall@20: 0.04141 NDCG@10: 0.01540 NDCG@20: 0.01923 
09/05/2026,07:25:10: Epoch [69/1000]
09/05/2026,07:25:10: Negative sampling...
09/05/2026,07:25:11: Model's personal time...
09/05/2026,07:25:11: Model diagnostics: arce_anchor_count_mean=31.820272, arce_blocker_budget_mean=18.179728, arce_blocker_entropy_mean=4.597543, arce_closure_difficulty_mean=0.636074, arce_closure_difficulty_std=0.288279, arce_gamma_effective_beta=3.000000, arce_gamma_max=0.740818, arce_gamma_mean=0.167665, arce_gamma_min=0.052866, arce_gamma_mode=sample_overlap, arce_gamma_reassignment_l1_mean=0.000000, arce_gamma_std=0.093769, arce_sample_gamma_mean=0.167665, arce_sampled_teacher_overlap_mean=0.636405, arce_sampler=marginal, arce_sampling_power=2.000000, arce_teacher_missing_mass_mean=0.203259, arce_teacher_missing_mass_std=0.112457
09/05/2026,07:25:11: Training...
09/05/2026,07:25:12: Evaluating...
09/05/2026,07:25:13: 	Train Loss: 3427399.0000 (base: 320.3963, kd: 6854.1582), Elapsed: train 2.53 test 0.26 *
09/05/2026,07:25:13: 	Recall@10: 0.06519 Recall@20: 0.09708 NDCG@10: 0.03969 NDCG@20: 0.04837 
09/05/2026,07:25:13: 	Recall@10: 0.02738 Recall@20: 0.04173 NDCG@10: 0.01527 NDCG@20: 0.01923 
09/05/2026,07:25:13: Epoch [70/1000]
09/05/2026,07:25:13: Negative sampling...
09/05/2026,07:25:14: Model's personal time...
09/05/2026,07:25:14: Model diagnostics: arce_anchor_count_mean=31.900747, arce_blocker_budget_mean=18.099253, arce_blocker_entropy_mean=4.593023, arce_closure_difficulty_mean=0.633552, arce_closure_difficulty_std=0.287695, arce_gamma_effective_beta=3.000000, arce_gamma_max=0.740818, arce_gamma_mean=0.166825, arce_gamma_min=0.052866, arce_gamma_mode=sample_overlap, arce_gamma_reassignment_l1_mean=0.000000, arce_gamma_std=0.093281, arce_sample_gamma_mean=0.166825, arce_sampled_teacher_overlap_mean=0.638015, arce_sampler=marginal, arce_sampling_power=2.000000, arce_teacher_missing_mass_mean=0.201993, arce_teacher_missing_mass_std=0.112122
09/05/2026,07:25:14: Training...
09/05/2026,07:25:15: Evaluating...
09/05/2026,07:25:15: 	Train Loss: 3427570.5000 (base: 315.9758, kd: 6854.5093), Elapsed: train 2.57 test 0.26
09/05/2026,07:25:15: 	Recall@10: 0.06588 Recall@20: 0.09593 NDCG@10: 0.03988 NDCG@20: 0.04808 
09/05/2026,07:25:15: 	Recall@10: 0.02674 Recall@20: 0.04133 NDCG@10: 0.01489 NDCG@20: 0.01893 
09/05/2026,07:25:15: Epoch [71/1000]
09/05/2026,07:25:15: Negative sampling...
09/05/2026,07:25:17: Model's personal time...
09/05/2026,07:25:17: Model diagnostics: arce_anchor_count_mean=31.979305, arce_blocker_budget_mean=18.020693, arce_blocker_entropy_mean=4.588198, arce_closure_difficulty_mean=0.631012, arce_closure_difficulty_std=0.286813, arce_gamma_effective_beta=3.000000, arce_gamma_max=0.740818, arce_gamma_mean=0.165922, arce_gamma_min=0.052866, arce_gamma_mode=sample_overlap, arce_gamma_reassignment_l1_mean=0.000000, arce_gamma_std=0.092471, arce_sample_gamma_mean=0.165922, arce_sampled_teacher_overlap_mean=0.639586, arce_sampler=marginal, arce_sampling_power=2.000000, arce_teacher_missing_mass_mean=0.200632, arce_teacher_missing_mass_std=0.111207
09/05/2026,07:25:17: Training...
09/05/2026,07:25:18: Evaluating...
09/05/2026,07:25:18: 	Train Loss: 3427326.5000 (base: 314.0093, kd: 6854.0254), Elapsed: train 2.54 test 0.26 *
09/05/2026,07:25:18: 	Recall@10: 0.06619 Recall@20: 0.09696 NDCG@10: 0.04000 NDCG@20: 0.04844 
09/05/2026,07:25:18: 	Recall@10: 0.02715 Recall@20: 0.04154 NDCG@10: 0.01506 NDCG@20: 0.01904 
09/05/2026,07:25:18: Epoch [72/1000]
09/05/2026,07:25:18: Negative sampling...
09/05/2026,07:25:20: Model's personal time...
09/05/2026,07:25:20: Model diagnostics: arce_anchor_count_mean=32.066681, arce_blocker_budget_mean=17.933321, arce_blocker_entropy_mean=4.583071, arce_closure_difficulty_mean=0.628469, arce_closure_difficulty_std=0.286066, arce_gamma_effective_beta=3.000000, arce_gamma_max=0.740818, arce_gamma_mean=0.165022, arce_gamma_min=0.052866, arce_gamma_mode=sample_overlap, arce_gamma_reassignment_l1_mean=0.000000, arce_gamma_std=0.092134, arce_sample_gamma_mean=0.165022, arce_sampled_teacher_overlap_mean=0.641334, arce_sampler=marginal, arce_sampling_power=2.000000, arce_teacher_missing_mass_mean=0.199293, arce_teacher_missing_mass_std=0.110575
09/05/2026,07:25:20: Training...
09/05/2026,07:25:21: Evaluating...
09/05/2026,07:25:21: 	Train Loss: 3427426.0000 (base: 313.1343, kd: 6854.2256), Elapsed: train 2.48 test 0.32
09/05/2026,07:25:21: 	Recall@10: 0.06576 Recall@20: 0.09580 NDCG@10: 0.03986 NDCG@20: 0.04805 
09/05/2026,07:25:21: 	Recall@10: 0.02709 Recall@20: 0.04199 NDCG@10: 0.01511 NDCG@20: 0.01924 
09/05/2026,07:25:21: Epoch [73/1000]
09/05/2026,07:25:21: Negative sampling...
09/05/2026,07:25:22: Model's personal time...
09/05/2026,07:25:22: Model diagnostics: arce_anchor_count_mean=32.138916, arce_blocker_budget_mean=17.861084, arce_blocker_entropy_mean=4.578932, arce_closure_difficulty_mean=0.626107, arce_closure_difficulty_std=0.285488, arce_gamma_effective_beta=3.000000, arce_gamma_max=0.740818, arce_gamma_mean=0.164196, arce_gamma_min=0.052866, arce_gamma_mode=sample_overlap, arce_gamma_reassignment_l1_mean=0.000000, arce_gamma_std=0.091366, arce_sample_gamma_mean=0.164196, arce_sampled_teacher_overlap_mean=0.642778, arce_sampler=marginal, arce_sampling_power=2.000000, arce_teacher_missing_mass_mean=0.198039, arce_teacher_missing_mass_std=0.110003
09/05/2026,07:25:22: Training...
09/05/2026,07:25:23: Evaluating...
09/05/2026,07:25:24: 	Train Loss: 3427380.7500 (base: 308.0998, kd: 6854.1455), Elapsed: train 2.36 test 0.27
09/05/2026,07:25:24: 	Recall@10: 0.06642 Recall@20: 0.09610 NDCG@10: 0.03989 NDCG@20: 0.04804 
09/05/2026,07:25:24: 	Recall@10: 0.02690 Recall@20: 0.04149 NDCG@10: 0.01503 NDCG@20: 0.01908 
09/05/2026,07:25:24: Epoch [74/1000]
09/05/2026,07:25:24: Negative sampling...
09/05/2026,07:25:25: Model's personal time...
09/05/2026,07:25:25: Model diagnostics: arce_anchor_count_mean=32.228588, arce_blocker_budget_mean=17.771412, arce_blocker_entropy_mean=4.573798, arce_closure_difficulty_mean=0.623709, arce_closure_difficulty_std=0.284615, arce_gamma_effective_beta=3.000000, arce_gamma_max=0.740818, arce_gamma_mean=0.163216, arce_gamma_min=0.052866, arce_gamma_mode=sample_overlap, arce_gamma_reassignment_l1_mean=0.000000, arce_gamma_std=0.090580, arce_sample_gamma_mean=0.163216, arce_sampled_teacher_overlap_mean=0.644572, arce_sampler=marginal, arce_sampling_power=2.000000, arce_teacher_missing_mass_mean=0.196718, arce_teacher_missing_mass_std=0.109258
09/05/2026,07:25:25: Training...
09/05/2026,07:25:26: Evaluating...
09/05/2026,07:25:27: 	Train Loss: 3427301.5000 (base: 305.6977, kd: 6853.9917), Elapsed: train 2.71 test 0.33
09/05/2026,07:25:27: 	Recall@10: 0.06636 Recall@20: 0.09609 NDCG@10: 0.04030 NDCG@20: 0.04842 
09/05/2026,07:25:27: 	Recall@10: 0.02786 Recall@20: 0.04193 NDCG@10: 0.01546 NDCG@20: 0.01930 
09/05/2026,07:25:27: Epoch [75/1000]
09/05/2026,07:25:27: Negative sampling...
09/05/2026,07:25:28: Model's personal time...
09/05/2026,07:25:28: Model diagnostics: arce_anchor_count_mean=32.296799, arce_blocker_budget_mean=17.703199, arce_blocker_entropy_mean=4.568325, arce_closure_difficulty_mean=0.621753, arce_closure_difficulty_std=0.284146, arce_gamma_effective_beta=3.000000, arce_gamma_max=0.740818, arce_gamma_mean=0.162465, arce_gamma_min=0.052866, arce_gamma_mode=sample_overlap, arce_gamma_reassignment_l1_mean=0.000000, arce_gamma_std=0.090098, arce_sample_gamma_mean=0.162465, arce_sampled_teacher_overlap_mean=0.645936, arce_sampler=marginal, arce_sampling_power=2.000000, arce_teacher_missing_mass_mean=0.195719, arce_teacher_missing_mass_std=0.108871
09/05/2026,07:25:28: Training...
09/05/2026,07:25:29: Evaluating...
09/05/2026,07:25:30: 	Train Loss: 3427394.7500 (base: 301.7574, kd: 6854.1860), Elapsed: train 2.57 test 0.27
09/05/2026,07:25:30: 	Recall@10: 0.06696 Recall@20: 0.09606 NDCG@10: 0.04018 NDCG@20: 0.04810 
09/05/2026,07:25:30: 	Recall@10: 0.02744 Recall@20: 0.04128 NDCG@10: 0.01525 NDCG@20: 0.01910 
09/05/2026,07:25:30: Epoch [76/1000]
09/05/2026,07:25:30: Negative sampling...
09/05/2026,07:25:31: Model's personal time...
09/05/2026,07:25:31: Model diagnostics: arce_anchor_count_mean=32.361755, arce_blocker_budget_mean=17.638245, arce_blocker_entropy_mean=4.563990, arce_closure_difficulty_mean=0.619520, arce_closure_difficulty_std=0.283988, arce_gamma_effective_beta=3.000000, arce_gamma_max=0.740818, arce_gamma_mean=0.161745, arce_gamma_min=0.052866, arce_gamma_mode=sample_overlap, arce_gamma_reassignment_l1_mean=0.000000, arce_gamma_std=0.089508, arce_sample_gamma_mean=0.161745, arce_sampled_teacher_overlap_mean=0.647235, arce_sampler=marginal, arce_sampling_power=2.000000, arce_teacher_missing_mass_mean=0.194635, arce_teacher_missing_mass_std=0.108422
09/05/2026,07:25:31: Training...
09/05/2026,07:25:33: Evaluating...
09/05/2026,07:25:33: 	Train Loss: 3428005.7500 (base: 299.1929, kd: 6855.4131), Elapsed: train 2.98 test 0.33
09/05/2026,07:25:33: 	Recall@10: 0.06614 Recall@20: 0.09529 NDCG@10: 0.04011 NDCG@20: 0.04808 
09/05/2026,07:25:33: 	Recall@10: 0.02735 Recall@20: 0.04155 NDCG@10: 0.01519 NDCG@20: 0.01912 
09/05/2026,07:25:33: Epoch [77/1000]
09/05/2026,07:25:33: Negative sampling...
09/05/2026,07:25:34: Model's personal time...
09/05/2026,07:25:34: Model diagnostics: arce_anchor_count_mean=32.446255, arce_blocker_budget_mean=17.553745, arce_blocker_entropy_mean=4.558202, arce_closure_difficulty_mean=0.617113, arce_closure_difficulty_std=0.283442, arce_gamma_effective_beta=3.000000, arce_gamma_max=0.740818, arce_gamma_mean=0.160877, arce_gamma_min=0.052866, arce_gamma_mode=sample_overlap, arce_gamma_reassignment_l1_mean=0.000000, arce_gamma_std=0.088879, arce_sample_gamma_mean=0.160877, arce_sampled_teacher_overlap_mean=0.648925, arce_sampler=marginal, arce_sampling_power=2.000000, arce_teacher_missing_mass_mean=0.193430, arce_teacher_missing_mass_std=0.107913
09/05/2026,07:25:34: Training...
09/05/2026,07:25:36: Evaluating...
09/05/2026,07:25:36: 	Train Loss: 3428275.2500 (base: 297.3938, kd: 6855.9551), Elapsed: train 2.76 test 0.33
09/05/2026,07:25:36: 	Recall@10: 0.06725 Recall@20: 0.09559 NDCG@10: 0.04053 NDCG@20: 0.04832 
09/05/2026,07:25:36: 	Recall@10: 0.02711 Recall@20: 0.04184 NDCG@10: 0.01509 NDCG@20: 0.01916 
09/05/2026,07:25:36: Epoch [78/1000]
09/05/2026,07:25:36: Negative sampling...
09/05/2026,07:25:38: Model's personal time...
09/05/2026,07:25:38: Model diagnostics: arce_anchor_count_mean=32.515617, arce_blocker_budget_mean=17.484385, arce_blocker_entropy_mean=4.553079, arce_closure_difficulty_mean=0.614880, arce_closure_difficulty_std=0.282778, arce_gamma_effective_beta=3.000000, arce_gamma_max=0.740818, arce_gamma_mean=0.160086, arce_gamma_min=0.052866, arce_gamma_mode=sample_overlap, arce_gamma_reassignment_l1_mean=0.000000, arce_gamma_std=0.088125, arce_sample_gamma_mean=0.160086, arce_sampled_teacher_overlap_mean=0.650312, arce_sampler=marginal, arce_sampling_power=2.000000, arce_teacher_missing_mass_mean=0.192320, arce_teacher_missing_mass_std=0.107343
09/05/2026,07:25:38: Training...
09/05/2026,07:25:39: Evaluating...
09/05/2026,07:25:39: 	Train Loss: 3427969.2500 (base: 295.6368, kd: 6855.3477), Elapsed: train 2.67 test 0.26
09/05/2026,07:25:39: 	Recall@10: 0.06617 Recall@20: 0.09633 NDCG@10: 0.04005 NDCG@20: 0.04834 
09/05/2026,07:25:39: 	Recall@10: 0.02692 Recall@20: 0.04158 NDCG@10: 0.01516 NDCG@20: 0.01922 
09/05/2026,07:25:39: Epoch [79/1000]
09/05/2026,07:25:39: Negative sampling...
09/05/2026,07:25:40: Model's personal time...
09/05/2026,07:25:40: Model diagnostics: arce_anchor_count_mean=32.597050, arce_blocker_budget_mean=17.402950, arce_blocker_entropy_mean=4.548248, arce_closure_difficulty_mean=0.612420, arce_closure_difficulty_std=0.282000, arce_gamma_effective_beta=3.000000, arce_gamma_max=0.740818, arce_gamma_mean=0.159190, arce_gamma_min=0.052866, arce_gamma_mode=sample_overlap, arce_gamma_reassignment_l1_mean=0.000000, arce_gamma_std=0.087374, arce_sample_gamma_mean=0.159190, arce_sampled_teacher_overlap_mean=0.651941, arce_sampler=marginal, arce_sampling_power=2.000000, arce_teacher_missing_mass_mean=0.191115, arce_teacher_missing_mass_std=0.106744
09/05/2026,07:25:40: Training...
09/05/2026,07:25:41: Evaluating...
09/05/2026,07:25:42: 	Train Loss: 3428338.7500 (base: 291.8680, kd: 6856.0942), Elapsed: train 2.44 test 0.26
09/05/2026,07:25:42: 	Recall@10: 0.06705 Recall@20: 0.09603 NDCG@10: 0.04039 NDCG@20: 0.04829 
09/05/2026,07:25:42: 	Recall@10: 0.02658 Recall@20: 0.04106 NDCG@10: 0.01514 NDCG@20: 0.01914 
09/05/2026,07:25:42: Epoch [80/1000]
09/05/2026,07:25:42: Negative sampling...
09/05/2026,07:25:43: Model's personal time...
09/05/2026,07:25:43: Model diagnostics: arce_anchor_count_mean=32.661812, arce_blocker_budget_mean=17.338186, arce_blocker_entropy_mean=4.544997, arce_closure_difficulty_mean=0.610238, arce_closure_difficulty_std=0.281698, arce_gamma_effective_beta=3.000000, arce_gamma_max=0.740818, arce_gamma_mean=0.158603, arce_gamma_min=0.052866, arce_gamma_mode=sample_overlap, arce_gamma_reassignment_l1_mean=0.000000, arce_gamma_std=0.087244, arce_sample_gamma_mean=0.158603, arce_sampled_teacher_overlap_mean=0.653236, arce_sampler=marginal, arce_sampling_power=2.000000, arce_teacher_missing_mass_mean=0.190094, arce_teacher_missing_mass_std=0.106610
09/05/2026,07:25:43: Training...
09/05/2026,07:25:44: Evaluating...
09/05/2026,07:25:44: 	Train Loss: 3428692.5000 (base: 289.6130, kd: 6856.8062), Elapsed: train 2.53 test 0.26
09/05/2026,07:25:44: 	Recall@10: 0.06725 Recall@20: 0.09585 NDCG@10: 0.04055 NDCG@20: 0.04834 
09/05/2026,07:25:44: 	Recall@10: 0.02657 Recall@20: 0.04107 NDCG@10: 0.01510 NDCG@20: 0.01912 
09/05/2026,07:25:44: Epoch [81/1000]
09/05/2026,07:25:44: Negative sampling...
09/05/2026,07:25:46: Model's personal time...
09/05/2026,07:25:46: Model diagnostics: arce_anchor_count_mean=32.735771, arce_blocker_budget_mean=17.264227, arce_blocker_entropy_mean=4.539152, arce_closure_difficulty_mean=0.607940, arce_closure_difficulty_std=0.281411, arce_gamma_effective_beta=3.000000, arce_gamma_max=0.740818, arce_gamma_mean=0.157743, arce_gamma_min=0.052866, arce_gamma_mode=sample_overlap, arce_gamma_reassignment_l1_mean=0.000000, arce_gamma_std=0.086377, arce_sample_gamma_mean=0.157743, arce_sampled_teacher_overlap_mean=0.654715, arce_sampler=marginal, arce_sampling_power=2.000000, arce_teacher_missing_mass_mean=0.188992, arce_teacher_missing_mass_std=0.106099
09/05/2026,07:25:46: Training...
09/05/2026,07:25:47: Evaluating...
09/05/2026,07:25:47: 	Train Loss: 3429275.2500 (base: 285.7426, kd: 6857.9795), Elapsed: train 2.39 test 0.33 *
09/05/2026,07:25:47: 	Recall@10: 0.06723 Recall@20: 0.09660 NDCG@10: 0.04070 NDCG@20: 0.04873 
09/05/2026,07:25:47: 	Recall@10: 0.02662 Recall@20: 0.04137 NDCG@10: 0.01507 NDCG@20: 0.01914 
09/05/2026,07:25:47: Epoch [82/1000]
09/05/2026,07:25:47: Negative sampling...
09/05/2026,07:25:49: Model's personal time...
09/05/2026,07:25:49: Model diagnostics: arce_anchor_count_mean=32.803600, arce_blocker_budget_mean=17.196398, arce_blocker_entropy_mean=4.535378, arce_closure_difficulty_mean=0.605651, arce_closure_difficulty_std=0.281085, arce_gamma_effective_beta=3.000000, arce_gamma_max=0.740818, arce_gamma_mean=0.157041, arce_gamma_min=0.052866, arce_gamma_mode=sample_overlap, arce_gamma_reassignment_l1_mean=0.000000, arce_gamma_std=0.085830, arce_sample_gamma_mean=0.157041, arce_sampled_teacher_overlap_mean=0.656072, arce_sampler=marginal, arce_sampling_power=2.000000, arce_teacher_missing_mass_mean=0.187928, arce_teacher_missing_mass_std=0.105784
09/05/2026,07:25:49: Training...
09/05/2026,07:25:50: Evaluating...
09/05/2026,07:25:50: 	Train Loss: 3429035.0000 (base: 281.6873, kd: 6857.5063), Elapsed: train 2.85 test 0.34
09/05/2026,07:25:50: 	Recall@10: 0.06730 Recall@20: 0.09723 NDCG@10: 0.04053 NDCG@20: 0.04870 
09/05/2026,07:25:50: 	Recall@10: 0.02649 Recall@20: 0.04143 NDCG@10: 0.01497 NDCG@20: 0.01908 
09/05/2026,07:25:50: Epoch [83/1000]
09/05/2026,07:25:50: Negative sampling...
09/05/2026,07:25:52: Model's personal time...
09/05/2026,07:25:52: Model diagnostics: arce_anchor_count_mean=32.863575, arce_blocker_budget_mean=17.136425, arce_blocker_entropy_mean=4.530386, arce_closure_difficulty_mean=0.603969, arce_closure_difficulty_std=0.280890, arce_gamma_effective_beta=3.000000, arce_gamma_max=0.740818, arce_gamma_mean=0.156352, arce_gamma_min=0.052866, arce_gamma_mode=sample_overlap, arce_gamma_reassignment_l1_mean=0.000000, arce_gamma_std=0.085108, arce_sample_gamma_mean=0.156352, arce_sampled_teacher_overlap_mean=0.657271, arce_sampler=marginal, arce_sampling_power=2.000000, arce_teacher_missing_mass_mean=0.187118, arce_teacher_missing_mass_std=0.105524
09/05/2026,07:25:52: Training...
09/05/2026,07:25:53: Evaluating...
09/05/2026,07:25:53: 	Train Loss: 3429129.5000 (base: 280.5696, kd: 6857.6978), Elapsed: train 2.56 test 0.30
09/05/2026,07:25:53: 	Recall@10: 0.06708 Recall@20: 0.09717 NDCG@10: 0.04048 NDCG@20: 0.04871 
09/05/2026,07:25:53: 	Recall@10: 0.02664 Recall@20: 0.04144 NDCG@10: 0.01512 NDCG@20: 0.01920 
09/05/2026,07:25:53: Epoch [84/1000]
09/05/2026,07:25:53: Negative sampling...
09/05/2026,07:25:55: Model's personal time...
09/05/2026,07:25:55: Model diagnostics: arce_anchor_count_mean=32.927380, arce_blocker_budget_mean=17.072618, arce_blocker_entropy_mean=4.525339, arce_closure_difficulty_mean=0.601640, arce_closure_difficulty_std=0.280348, arce_gamma_effective_beta=3.000000, arce_gamma_max=0.740818, arce_gamma_mean=0.155685, arce_gamma_min=0.052866, arce_gamma_mode=sample_overlap, arce_gamma_reassignment_l1_mean=0.000000, arce_gamma_std=0.084643, arce_sample_gamma_mean=0.155685, arce_sampled_teacher_overlap_mean=0.658548, arce_sampler=marginal, arce_sampling_power=2.000000, arce_teacher_missing_mass_mean=0.186025, arce_teacher_missing_mass_std=0.105017
09/05/2026,07:25:55: Training...
09/05/2026,07:25:56: Evaluating...
09/05/2026,07:25:56: 	Train Loss: 3429331.7500 (base: 279.8116, kd: 6858.1045), Elapsed: train 2.45 test 0.34 *
09/05/2026,07:25:56: 	Recall@10: 0.06687 Recall@20: 0.09698 NDCG@10: 0.04044 NDCG@20: 0.04876 
09/05/2026,07:25:56: 	Recall@10: 0.02620 Recall@20: 0.04199 NDCG@10: 0.01493 NDCG@20: 0.01928 
09/05/2026,07:25:56: Epoch [85/1000]
09/05/2026,07:25:56: Negative sampling...
09/05/2026,07:25:58: Model's personal time...
09/05/2026,07:25:58: Model diagnostics: arce_anchor_count_mean=32.992908, arce_blocker_budget_mean=17.007090, arce_blocker_entropy_mean=4.520547, arce_closure_difficulty_mean=0.599419, arce_closure_difficulty_std=0.279734, arce_gamma_effective_beta=3.000000, arce_gamma_max=0.740818, arce_gamma_mean=0.154977, arce_gamma_min=0.052866, arce_gamma_mode=sample_overlap, arce_gamma_reassignment_l1_mean=0.000000, arce_gamma_std=0.083902, arce_sample_gamma_mean=0.154977, arce_sampled_teacher_overlap_mean=0.659858, arce_sampler=marginal, arce_sampling_power=2.000000, arce_teacher_missing_mass_mean=0.185028, arce_teacher_missing_mass_std=0.104609
09/05/2026,07:25:58: Training...
09/05/2026,07:25:59: Evaluating...
09/05/2026,07:25:59: 	Train Loss: 3429344.2500 (base: 276.3722, kd: 6858.1362), Elapsed: train 2.96 test 0.29
09/05/2026,07:25:59: 	Recall@10: 0.06692 Recall@20: 0.09707 NDCG@10: 0.04022 NDCG@20: 0.04851 
09/05/2026,07:25:59: 	Recall@10: 0.02631 Recall@20: 0.04130 NDCG@10: 0.01490 NDCG@20: 0.01902 
09/05/2026,07:25:59: Epoch [86/1000]
09/05/2026,07:25:59: Negative sampling...
09/05/2026,07:26:01: Model's personal time...
09/05/2026,07:26:01: Model diagnostics: arce_anchor_count_mean=33.055756, arce_blocker_budget_mean=16.944242, arce_blocker_entropy_mean=4.516762, arce_closure_difficulty_mean=0.597572, arce_closure_difficulty_std=0.279227, arce_gamma_effective_beta=3.000000, arce_gamma_max=0.740818, arce_gamma_mean=0.154242, arce_gamma_min=0.052866, arce_gamma_mode=sample_overlap, arce_gamma_reassignment_l1_mean=0.000000, arce_gamma_std=0.083109, arce_sample_gamma_mean=0.154242, arce_sampled_teacher_overlap_mean=0.661115, arce_sampler=marginal, arce_sampling_power=2.000000, arce_teacher_missing_mass_mean=0.184064, arce_teacher_missing_mass_std=0.104095
09/05/2026,07:26:01: Training...
09/05/2026,07:26:02: Evaluating...
09/05/2026,07:26:02: 	Train Loss: 3429496.5000 (base: 274.0572, kd: 6858.4443), Elapsed: train 2.63 test 0.34 *
09/05/2026,07:26:02: 	Recall@10: 0.06717 Recall@20: 0.09741 NDCG@10: 0.04056 NDCG@20: 0.04881 
09/05/2026,07:26:02: 	Recall@10: 0.02670 Recall@20: 0.04152 NDCG@10: 0.01502 NDCG@20: 0.01912 
09/05/2026,07:26:02: Epoch [87/1000]
09/05/2026,07:26:02: Negative sampling...
09/05/2026,07:26:04: Model's personal time...
09/05/2026,07:26:04: Model diagnostics: arce_anchor_count_mean=33.119179, arce_blocker_budget_mean=16.880819, arce_blocker_entropy_mean=4.510922, arce_closure_difficulty_mean=0.595620, arce_closure_difficulty_std=0.278834, arce_gamma_effective_beta=3.000000, arce_gamma_max=0.740818, arce_gamma_mean=0.153603, arce_gamma_min=0.052866, arce_gamma_mode=sample_overlap, arce_gamma_reassignment_l1_mean=0.000000, arce_gamma_std=0.082683, arce_sample_gamma_mean=0.153603, arce_sampled_teacher_overlap_mean=0.662384, arce_sampler=marginal, arce_sampling_power=2.000000, arce_teacher_missing_mass_mean=0.183218, arce_teacher_missing_mass_std=0.103906
09/05/2026,07:26:04: Training...
09/05/2026,07:26:05: Evaluating...
09/05/2026,07:26:05: 	Train Loss: 3429692.7500 (base: 274.0603, kd: 6858.8364), Elapsed: train 2.63 test 0.34 *
09/05/2026,07:26:05: 	Recall@10: 0.06708 Recall@20: 0.09770 NDCG@10: 0.04075 NDCG@20: 0.04907 
09/05/2026,07:26:05: 	Recall@10: 0.02633 Recall@20: 0.04195 NDCG@10: 0.01495 NDCG@20: 0.01924 
09/05/2026,07:26:05: Epoch [88/1000]
09/05/2026,07:26:05: Negative sampling...
09/05/2026,07:26:07: Model's personal time...
09/05/2026,07:26:07: Model diagnostics: arce_anchor_count_mean=33.181259, arce_blocker_budget_mean=16.818739, arce_blocker_entropy_mean=4.506332, arce_closure_difficulty_mean=0.593383, arce_closure_difficulty_std=0.278169, arce_gamma_effective_beta=3.000000, arce_gamma_max=0.740818, arce_gamma_mean=0.152983, arce_gamma_min=0.052866, arce_gamma_mode=sample_overlap, arce_gamma_reassignment_l1_mean=0.000000, arce_gamma_std=0.082239, arce_sample_gamma_mean=0.152983, arce_sampled_teacher_overlap_mean=0.663625, arce_sampler=marginal, arce_sampling_power=2.000000, arce_teacher_missing_mass_mean=0.182276, arce_teacher_missing_mass_std=0.103598
09/05/2026,07:26:07: Training...
09/05/2026,07:26:08: Evaluating...
09/05/2026,07:26:08: 	Train Loss: 3430121.7500 (base: 272.1332, kd: 6859.6997), Elapsed: train 2.59 test 0.28 *
09/05/2026,07:26:08: 	Recall@10: 0.06754 Recall@20: 0.09797 NDCG@10: 0.04082 NDCG@20: 0.04910 
09/05/2026,07:26:08: 	Recall@10: 0.02670 Recall@20: 0.04125 NDCG@10: 0.01498 NDCG@20: 0.01901 
09/05/2026,07:26:08: Epoch [89/1000]
09/05/2026,07:26:08: Negative sampling...
09/05/2026,07:26:09: Model's personal time...
09/05/2026,07:26:09: Model diagnostics: arce_anchor_count_mean=33.248707, arce_blocker_budget_mean=16.751293, arce_blocker_entropy_mean=4.502620, arce_closure_difficulty_mean=0.591587, arce_closure_difficulty_std=0.277982, arce_gamma_effective_beta=3.000000, arce_gamma_max=0.740818, arce_gamma_mean=0.152261, arce_gamma_min=0.052866, arce_gamma_mode=sample_overlap, arce_gamma_reassignment_l1_mean=0.000000, arce_gamma_std=0.081518, arce_sample_gamma_mean=0.152261, arce_sampled_teacher_overlap_mean=0.664974, arce_sampler=marginal, arce_sampling_power=2.000000, arce_teacher_missing_mass_mean=0.181299, arce_teacher_missing_mass_std=0.103124
09/05/2026,07:26:09: Training...
09/05/2026,07:26:10: Evaluating...
09/05/2026,07:26:11: 	Train Loss: 3430492.7500 (base: 268.4375, kd: 6860.4482), Elapsed: train 2.37 test 0.31 *
09/05/2026,07:26:11: 	Recall@10: 0.06732 Recall@20: 0.09835 NDCG@10: 0.04077 NDCG@20: 0.04924 
09/05/2026,07:26:11: 	Recall@10: 0.02679 Recall@20: 0.04180 NDCG@10: 0.01511 NDCG@20: 0.01920 
09/05/2026,07:26:11: Epoch [90/1000]
09/05/2026,07:26:11: Negative sampling...
09/05/2026,07:26:12: Model's personal time...
09/05/2026,07:26:12: Model diagnostics: arce_anchor_count_mean=33.311169, arce_blocker_budget_mean=16.688829, arce_blocker_entropy_mean=4.498526, arce_closure_difficulty_mean=0.589604, arce_closure_difficulty_std=0.277553, arce_gamma_effective_beta=3.000000, arce_gamma_max=0.740818, arce_gamma_mean=0.151678, arce_gamma_min=0.052866, arce_gamma_mode=sample_overlap, arce_gamma_reassignment_l1_mean=0.000000, arce_gamma_std=0.081199, arce_sample_gamma_mean=0.151678, arce_sampled_teacher_overlap_mean=0.666223, arce_sampler=marginal, arce_sampling_power=2.000000, arce_teacher_missing_mass_mean=0.180453, arce_teacher_missing_mass_std=0.102948
09/05/2026,07:26:12: Training...
09/05/2026,07:26:13: Evaluating...
09/05/2026,07:26:14: 	Train Loss: 3430391.5000 (base: 268.8461, kd: 6860.2461), Elapsed: train 2.61 test 0.31
09/05/2026,07:26:14: 	Recall@10: 0.06769 Recall@20: 0.09814 NDCG@10: 0.04083 NDCG@20: 0.04917 
09/05/2026,07:26:14: 	Recall@10: 0.02681 Recall@20: 0.04216 NDCG@10: 0.01518 NDCG@20: 0.01937 
09/05/2026,07:26:14: Epoch [91/1000]
09/05/2026,07:26:14: Negative sampling...
09/05/2026,07:26:15: Model's personal time...
09/05/2026,07:26:15: Model diagnostics: arce_anchor_count_mean=33.361370, arce_blocker_budget_mean=16.638628, arce_blocker_entropy_mean=4.493006, arce_closure_difficulty_mean=0.587986, arce_closure_difficulty_std=0.277129, arce_gamma_effective_beta=3.000000, arce_gamma_max=0.740818, arce_gamma_mean=0.151101, arce_gamma_min=0.052866, arce_gamma_mode=sample_overlap, arce_gamma_reassignment_l1_mean=0.000000, arce_gamma_std=0.080563, arce_sample_gamma_mean=0.151101, arce_sampled_teacher_overlap_mean=0.667227, arce_sampler=marginal, arce_sampling_power=2.000000, arce_teacher_missing_mass_mean=0.179668, arce_teacher_missing_mass_std=0.102491
09/05/2026,07:26:15: Training...
09/05/2026,07:26:16: Evaluating...
09/05/2026,07:26:17: 	Train Loss: 3430338.5000 (base: 264.9386, kd: 6860.1479), Elapsed: train 2.66 test 0.27
09/05/2026,07:26:17: 	Recall@10: 0.06756 Recall@20: 0.09844 NDCG@10: 0.04068 NDCG@20: 0.04913 
09/05/2026,07:26:17: 	Recall@10: 0.02670 Recall@20: 0.04232 NDCG@10: 0.01503 NDCG@20: 0.01928 
09/05/2026,07:26:17: Epoch [92/1000]
09/05/2026,07:26:17: Negative sampling...
09/05/2026,07:26:18: Model's personal time...
09/05/2026,07:26:18: Model diagnostics: arce_anchor_count_mean=33.416172, arce_blocker_budget_mean=16.583828, arce_blocker_entropy_mean=4.487628, arce_closure_difficulty_mean=0.586010, arce_closure_difficulty_std=0.276305, arce_gamma_effective_beta=3.000000, arce_gamma_max=0.740818, arce_gamma_mean=0.150509, arce_gamma_min=0.052866, arce_gamma_mode=sample_overlap, arce_gamma_reassignment_l1_mean=0.000000, arce_gamma_std=0.079996, arce_sample_gamma_mean=0.150509, arce_sampled_teacher_overlap_mean=0.668323, arce_sampler=marginal, arce_sampling_power=2.000000, arce_teacher_missing_mass_mean=0.178796, arce_teacher_missing_mass_std=0.101959
09/05/2026,07:26:18: Training...
09/05/2026,07:26:19: Evaluating...
09/05/2026,07:26:19: 	Train Loss: 3430718.5000 (base: 263.5849, kd: 6860.9092), Elapsed: train 2.52 test 0.27
09/05/2026,07:26:19: 	Recall@10: 0.06725 Recall@20: 0.09834 NDCG@10: 0.04064 NDCG@20: 0.04918 
09/05/2026,07:26:19: 	Recall@10: 0.02685 Recall@20: 0.04229 NDCG@10: 0.01508 NDCG@20: 0.01931 
09/05/2026,07:26:19: Epoch [93/1000]
09/05/2026,07:26:19: Negative sampling...
09/05/2026,07:26:21: Model's personal time...
09/05/2026,07:26:21: Model diagnostics: arce_anchor_count_mean=33.479210, arce_blocker_budget_mean=16.520790, arce_blocker_entropy_mean=4.485032, arce_closure_difficulty_mean=0.584368, arce_closure_difficulty_std=0.276054, arce_gamma_effective_beta=3.000000, arce_gamma_max=0.740818, arce_gamma_mean=0.149817, arce_gamma_min=0.052866, arce_gamma_mode=sample_overlap, arce_gamma_reassignment_l1_mean=0.000000, arce_gamma_std=0.079313, arce_sample_gamma_mean=0.149817, arce_sampled_teacher_overlap_mean=0.669584, arce_sampler=marginal, arce_sampling_power=2.000000, arce_teacher_missing_mass_mean=0.177972, arce_teacher_missing_mass_std=0.101673
09/05/2026,07:26:21: Training...
09/05/2026,07:26:22: Evaluating...
09/05/2026,07:26:22: 	Train Loss: 3430024.0000 (base: 256.5013, kd: 6859.5356), Elapsed: train 2.72 test 0.35
09/05/2026,07:26:22: 	Recall@10: 0.06709 Recall@20: 0.09821 NDCG@10: 0.04068 NDCG@20: 0.04919 
09/05/2026,07:26:22: 	Recall@10: 0.02696 Recall@20: 0.04217 NDCG@10: 0.01513 NDCG@20: 0.01927 
09/05/2026,07:26:22: Epoch [94/1000]
09/05/2026,07:26:22: Negative sampling...
09/05/2026,07:26:24: Model's personal time...
09/05/2026,07:26:24: Model diagnostics: arce_anchor_count_mean=33.529793, arce_blocker_budget_mean=16.470205, arce_blocker_entropy_mean=4.479596, arce_closure_difficulty_mean=0.582546, arce_closure_difficulty_std=0.275669, arce_gamma_effective_beta=3.000000, arce_gamma_max=0.740818, arce_gamma_mean=0.149311, arce_gamma_min=0.052866, arce_gamma_mode=sample_overlap, arce_gamma_reassignment_l1_mean=0.000000, arce_gamma_std=0.079030, arce_sample_gamma_mean=0.149311, arce_sampled_teacher_overlap_mean=0.670596, arce_sampler=marginal, arce_sampling_power=2.000000, arce_teacher_missing_mass_mean=0.177205, arce_teacher_missing_mass_std=0.101374
09/05/2026,07:26:24: Training...
09/05/2026,07:26:25: Evaluating...
09/05/2026,07:26:25: 	Train Loss: 3430759.0000 (base: 259.7903, kd: 6860.9990), Elapsed: train 2.74 test 0.34
09/05/2026,07:26:25: 	Recall@10: 0.06727 Recall@20: 0.09843 NDCG@10: 0.04058 NDCG@20: 0.04910 
09/05/2026,07:26:25: 	Recall@10: 0.02701 Recall@20: 0.04249 NDCG@10: 0.01513 NDCG@20: 0.01932 
09/05/2026,07:26:25: Epoch [95/1000]
09/05/2026,07:26:25: Negative sampling...
09/05/2026,07:26:27: Model's personal time...
09/05/2026,07:26:27: Model diagnostics: arce_anchor_count_mean=33.583828, arce_blocker_budget_mean=16.416172, arce_blocker_entropy_mean=4.475912, arce_closure_difficulty_mean=0.580587, arce_closure_difficulty_std=0.275171, arce_gamma_effective_beta=3.000000, arce_gamma_max=0.740818, arce_gamma_mean=0.148778, arce_gamma_min=0.052866, arce_gamma_mode=sample_overlap, arce_gamma_reassignment_l1_mean=0.000000, arce_gamma_std=0.078658, arce_sample_gamma_mean=0.148778, arce_sampled_teacher_overlap_mean=0.671677, arce_sampler=marginal, arce_sampling_power=2.000000, arce_teacher_missing_mass_mean=0.176381, arce_teacher_missing_mass_std=0.101048
09/05/2026,07:26:27: Training...
09/05/2026,07:26:28: Evaluating...
09/05/2026,07:26:28: 	Train Loss: 3431027.5000 (base: 255.4222, kd: 6861.5439), Elapsed: train 2.51 test 0.33
09/05/2026,07:26:28: 	Recall@10: 0.06644 Recall@20: 0.09862 NDCG@10: 0.04024 NDCG@20: 0.04905 
09/05/2026,07:26:28: 	Recall@10: 0.02676 Recall@20: 0.04280 NDCG@10: 0.01496 NDCG@20: 0.01934 
09/05/2026,07:26:28: Epoch [96/1000]
09/05/2026,07:26:28: Negative sampling...
09/05/2026,07:26:30: Model's personal time...
09/05/2026,07:26:30: Model diagnostics: arce_anchor_count_mean=33.646484, arce_blocker_budget_mean=16.353516, arce_blocker_entropy_mean=4.472430, arce_closure_difficulty_mean=0.579096, arce_closure_difficulty_std=0.274970, arce_gamma_effective_beta=3.000000, arce_gamma_max=0.740818, arce_gamma_mean=0.148114, arce_gamma_min=0.052866, arce_gamma_mode=sample_overlap, arce_gamma_reassignment_l1_mean=0.000000, arce_gamma_std=0.078124, arce_sample_gamma_mean=0.148114, arce_sampled_teacher_overlap_mean=0.672930, arce_sampler=marginal, arce_sampling_power=2.000000, arce_teacher_missing_mass_mean=0.175589, arce_teacher_missing_mass_std=0.100769
09/05/2026,07:26:30: Training...
09/05/2026,07:26:31: Evaluating...
09/05/2026,07:26:31: 	Train Loss: 3431269.2500 (base: 255.4654, kd: 6862.0273), Elapsed: train 2.81 test 0.30
09/05/2026,07:26:31: 	Recall@10: 0.06656 Recall@20: 0.09869 NDCG@10: 0.04017 NDCG@20: 0.04900 
09/05/2026,07:26:31: 	Recall@10: 0.02711 Recall@20: 0.04232 NDCG@10: 0.01516 NDCG@20: 0.01929 
09/05/2026,07:26:31: Epoch [97/1000]
09/05/2026,07:26:31: Negative sampling...
09/05/2026,07:26:33: Model's personal time...
09/05/2026,07:26:33: Model diagnostics: arce_anchor_count_mean=33.700325, arce_blocker_budget_mean=16.299675, arce_blocker_entropy_mean=4.468296, arce_closure_difficulty_mean=0.577274, arce_closure_difficulty_std=0.274307, arce_gamma_effective_beta=3.000000, arce_gamma_max=0.740818, arce_gamma_mean=0.147514, arce_gamma_min=0.052866, arce_gamma_mode=sample_overlap, arce_gamma_reassignment_l1_mean=0.000000, arce_gamma_std=0.077432, arce_sample_gamma_mean=0.147514, arce_sampled_teacher_overlap_mean=0.674006, arce_sampler=marginal, arce_sampling_power=2.000000, arce_teacher_missing_mass_mean=0.174817, arce_teacher_missing_mass_std=0.100354
09/05/2026,07:26:33: Training...
09/05/2026,07:26:34: Evaluating...
09/05/2026,07:26:34: 	Train Loss: 3431274.5000 (base: 250.7620, kd: 6862.0469), Elapsed: train 2.35 test 0.33
09/05/2026,07:26:34: 	Recall@10: 0.06754 Recall@20: 0.09878 NDCG@10: 0.04066 NDCG@20: 0.04921 
09/05/2026,07:26:34: 	Recall@10: 0.02724 Recall@20: 0.04287 NDCG@10: 0.01501 NDCG@20: 0.01925 
09/05/2026,07:26:34: Epoch [98/1000]
09/05/2026,07:26:34: Negative sampling...
09/05/2026,07:26:36: Model's personal time...
09/05/2026,07:26:36: Model diagnostics: arce_anchor_count_mean=33.750145, arce_blocker_budget_mean=16.249857, arce_blocker_entropy_mean=4.464602, arce_closure_difficulty_mean=0.575701, arce_closure_difficulty_std=0.273984, arce_gamma_effective_beta=3.000000, arce_gamma_max=0.740818, arce_gamma_mean=0.147033, arce_gamma_min=0.052866, arce_gamma_mode=sample_overlap, arce_gamma_reassignment_l1_mean=0.000000, arce_gamma_std=0.077076, arce_sample_gamma_mean=0.147033, arce_sampled_teacher_overlap_mean=0.675003, arce_sampler=marginal, arce_sampling_power=2.000000, arce_teacher_missing_mass_mean=0.174098, arce_teacher_missing_mass_std=0.100126
09/05/2026,07:26:36: Training...
09/05/2026,07:26:37: Evaluating...
09/05/2026,07:26:37: 	Train Loss: 3431350.2500 (base: 249.7280, kd: 6862.2007), Elapsed: train 2.64 test 0.33
09/05/2026,07:26:37: 	Recall@10: 0.06695 Recall@20: 0.09930 NDCG@10: 0.04022 NDCG@20: 0.04910 
09/05/2026,07:26:37: 	Recall@10: 0.02677 Recall@20: 0.04256 NDCG@10: 0.01504 NDCG@20: 0.01932 
09/05/2026,07:26:37: Epoch [99/1000]
09/05/2026,07:26:37: Negative sampling...
09/05/2026,07:26:38: Model's personal time...
09/05/2026,07:26:38: Model diagnostics: arce_anchor_count_mean=33.814522, arce_blocker_budget_mean=16.185476, arce_blocker_entropy_mean=4.460590, arce_closure_difficulty_mean=0.573803, arce_closure_difficulty_std=0.273616, arce_gamma_effective_beta=3.000000, arce_gamma_max=0.740818, arce_gamma_mean=0.146380, arce_gamma_min=0.052866, arce_gamma_mode=sample_overlap, arce_gamma_reassignment_l1_mean=0.000000, arce_gamma_std=0.076456, arce_sample_gamma_mean=0.146380, arce_sampled_teacher_overlap_mean=0.676290, arce_sampler=marginal, arce_sampling_power=2.000000, arce_teacher_missing_mass_mean=0.173267, arce_teacher_missing_mass_std=0.099864
09/05/2026,07:26:38: Training...
09/05/2026,07:26:40: Evaluating...
09/05/2026,07:26:40: 	Train Loss: 3431318.7500 (base: 246.7103, kd: 6862.1440), Elapsed: train 2.49 test 0.26
09/05/2026,07:26:40: 	Recall@10: 0.06719 Recall@20: 0.09943 NDCG@10: 0.04035 NDCG@20: 0.04913 
09/05/2026,07:26:40: 	Recall@10: 0.02666 Recall@20: 0.04303 NDCG@10: 0.01492 NDCG@20: 0.01938 
09/05/2026,07:26:40: Epoch [100/1000]
09/05/2026,07:26:40: Negative sampling...
09/05/2026,07:26:41: Model's personal time...
09/05/2026,07:26:41: Model diagnostics: arce_anchor_count_mean=33.871815, arce_blocker_budget_mean=16.128185, arce_blocker_entropy_mean=4.457034, arce_closure_difficulty_mean=0.572099, arce_closure_difficulty_std=0.272950, arce_gamma_effective_beta=3.000000, arce_gamma_max=0.740818, arce_gamma_mean=0.145795, arce_gamma_min=0.052866, arce_gamma_mode=sample_overlap, arce_gamma_reassignment_l1_mean=0.000000, arce_gamma_std=0.076017, arce_sample_gamma_mean=0.145795, arce_sampled_teacher_overlap_mean=0.677436, arce_sampler=marginal, arce_sampling_power=2.000000, arce_teacher_missing_mass_mean=0.172453, arce_teacher_missing_mass_std=0.099386
09/05/2026,07:26:41: Training...
09/05/2026,07:26:42: Evaluating...
09/05/2026,07:26:43: 	Train Loss: 3431658.7500 (base: 244.4081, kd: 6862.8291), Elapsed: train 2.59 test 0.35
09/05/2026,07:26:43: 	Recall@10: 0.06665 Recall@20: 0.09909 NDCG@10: 0.04010 NDCG@20: 0.04904 
09/05/2026,07:26:43: 	Recall@10: 0.02653 Recall@20: 0.04276 NDCG@10: 0.01486 NDCG@20: 0.01927 
09/05/2026,07:26:43: Epoch [101/1000]
09/05/2026,07:26:43: Negative sampling...
09/05/2026,07:26:44: Model's personal time...
09/05/2026,07:26:44: Model diagnostics: arce_anchor_count_mean=33.926041, arce_blocker_budget_mean=16.073961, arce_blocker_entropy_mean=4.454049, arce_closure_difficulty_mean=0.570561, arce_closure_difficulty_std=0.272497, arce_gamma_effective_beta=3.000000, arce_gamma_max=0.740818, arce_gamma_mean=0.145250, arce_gamma_min=0.052866, arce_gamma_mode=sample_overlap, arce_gamma_reassignment_l1_mean=0.000000, arce_gamma_std=0.075495, arce_sample_gamma_mean=0.145250, arce_sampled_teacher_overlap_mean=0.678521, arce_sampler=marginal, arce_sampling_power=2.000000, arce_teacher_missing_mass_mean=0.171752, arce_teacher_missing_mass_std=0.099097
09/05/2026,07:26:44: Training...
09/05/2026,07:26:45: Evaluating...
09/05/2026,07:26:46: 	Train Loss: 3431634.7500 (base: 241.5556, kd: 6862.7861), Elapsed: train 2.68 test 0.27 *
09/05/2026,07:26:46: 	Recall@10: 0.06702 Recall@20: 0.09898 NDCG@10: 0.04055 NDCG@20: 0.04936 
09/05/2026,07:26:46: 	Recall@10: 0.02600 Recall@20: 0.04298 NDCG@10: 0.01463 NDCG@20: 0.01926 
09/05/2026,07:26:46: Epoch [102/1000]
09/05/2026,07:26:46: Negative sampling...
09/05/2026,07:26:47: Model's personal time...
09/05/2026,07:26:47: Model diagnostics: arce_anchor_count_mean=33.986588, arce_blocker_budget_mean=16.013412, arce_blocker_entropy_mean=4.450261, arce_closure_difficulty_mean=0.568661, arce_closure_difficulty_std=0.271883, arce_gamma_effective_beta=3.000000, arce_gamma_max=0.740818, arce_gamma_mean=0.144681, arce_gamma_min=0.052866, arce_gamma_mode=sample_overlap, arce_gamma_reassignment_l1_mean=0.000000, arce_gamma_std=0.075138, arce_sample_gamma_mean=0.144681, arce_sampled_teacher_overlap_mean=0.679732, arce_sampler=marginal, arce_sampling_power=2.000000, arce_teacher_missing_mass_mean=0.170890, arce_teacher_missing_mass_std=0.098796
09/05/2026,07:26:47: Training...
09/05/2026,07:26:48: Evaluating...
09/05/2026,07:26:49: 	Train Loss: 3432453.5000 (base: 242.1121, kd: 6864.4233), Elapsed: train 2.75 test 0.26
09/05/2026,07:26:49: 	Recall@10: 0.06737 Recall@20: 0.09881 NDCG@10: 0.04056 NDCG@20: 0.04914 
09/05/2026,07:26:49: 	Recall@10: 0.02686 Recall@20: 0.04289 NDCG@10: 0.01496 NDCG@20: 0.01935 
09/05/2026,07:26:49: Epoch [103/1000]
09/05/2026,07:26:49: Negative sampling...
09/05/2026,07:26:50: Model's personal time...
09/05/2026,07:26:50: Model diagnostics: arce_anchor_count_mean=34.036404, arce_blocker_budget_mean=15.963594, arce_blocker_entropy_mean=4.446950, arce_closure_difficulty_mean=0.567122, arce_closure_difficulty_std=0.271428, arce_gamma_effective_beta=3.000000, arce_gamma_max=0.740818, arce_gamma_mean=0.144114, arce_gamma_min=0.052866, arce_gamma_mode=sample_overlap, arce_gamma_reassignment_l1_mean=0.000000, arce_gamma_std=0.074442, arce_sample_gamma_mean=0.144114, arce_sampled_teacher_overlap_mean=0.680728, arce_sampler=marginal, arce_sampling_power=2.000000, arce_teacher_missing_mass_mean=0.170249, arce_teacher_missing_mass_std=0.098538
09/05/2026,07:26:50: Training...
09/05/2026,07:26:51: Evaluating...
09/05/2026,07:26:52: 	Train Loss: 3431904.0000 (base: 242.6525, kd: 6863.3232), Elapsed: train 2.53 test 0.26 *
09/05/2026,07:26:52: 	Recall@10: 0.06836 Recall@20: 0.09999 NDCG@10: 0.04069 NDCG@20: 0.04936 
09/05/2026,07:26:52: 	Recall@10: 0.02730 Recall@20: 0.04249 NDCG@10: 0.01512 NDCG@20: 0.01926 
09/05/2026,07:26:52: Epoch [104/1000]
09/05/2026,07:26:52: Negative sampling...
09/05/2026,07:26:53: Model's personal time...
09/05/2026,07:26:53: Model diagnostics: arce_anchor_count_mean=34.096760, arce_blocker_budget_mean=15.903238, arce_blocker_entropy_mean=4.441620, arce_closure_difficulty_mean=0.565049, arce_closure_difficulty_std=0.270573, arce_gamma_effective_beta=3.000000, arce_gamma_max=0.740818, arce_gamma_mean=0.143520, arce_gamma_min=0.052866, arce_gamma_mode=sample_overlap, arce_gamma_reassignment_l1_mean=0.000000, arce_gamma_std=0.074059, arce_sample_gamma_mean=0.143520, arce_sampled_teacher_overlap_mean=0.681935, arce_sampler=marginal, arce_sampling_power=2.000000, arce_teacher_missing_mass_mean=0.169338, arce_teacher_missing_mass_std=0.098003
09/05/2026,07:26:53: Training...
09/05/2026,07:26:54: Evaluating...
09/05/2026,07:26:54: 	Train Loss: 3432905.0000 (base: 240.0821, kd: 6865.3301), Elapsed: train 2.49 test 0.26
09/05/2026,07:26:54: 	Recall@10: 0.06764 Recall@20: 0.09915 NDCG@10: 0.04046 NDCG@20: 0.04911 
09/05/2026,07:26:54: 	Recall@10: 0.02686 Recall@20: 0.04315 NDCG@10: 0.01496 NDCG@20: 0.01936 
09/05/2026,07:26:54: Epoch [105/1000]
09/05/2026,07:26:54: Negative sampling...
09/05/2026,07:26:56: Model's personal time...
09/05/2026,07:26:56: Model diagnostics: arce_anchor_count_mean=34.143513, arce_blocker_budget_mean=15.856485, arce_blocker_entropy_mean=4.440348, arce_closure_difficulty_mean=0.563229, arce_closure_difficulty_std=0.269907, arce_gamma_effective_beta=3.000000, arce_gamma_max=0.740818, arce_gamma_mean=0.143044, arce_gamma_min=0.052866, arce_gamma_mode=sample_overlap, arce_gamma_reassignment_l1_mean=0.000000, arce_gamma_std=0.073570, arce_sample_gamma_mean=0.143044, arce_sampled_teacher_overlap_mean=0.682870, arce_sampler=marginal, arce_sampling_power=2.000000, arce_teacher_missing_mass_mean=0.168576, arce_teacher_missing_mass_std=0.097650
09/05/2026,07:26:56: Training...
09/05/2026,07:26:57: Evaluating...
09/05/2026,07:26:57: 	Train Loss: 3432452.7500 (base: 240.0321, kd: 6864.4253), Elapsed: train 2.54 test 0.27 *
09/05/2026,07:26:57: 	Recall@10: 0.06866 Recall@20: 0.09938 NDCG@10: 0.04108 NDCG@20: 0.04944 
09/05/2026,07:26:57: 	Recall@10: 0.02757 Recall@20: 0.04307 NDCG@10: 0.01523 NDCG@20: 0.01942 
09/05/2026,07:26:57: Epoch [106/1000]
09/05/2026,07:26:57: Negative sampling...
09/05/2026,07:26:59: Model's personal time...
09/05/2026,07:26:59: Model diagnostics: arce_anchor_count_mean=34.195629, arce_blocker_budget_mean=15.804368, arce_blocker_entropy_mean=4.436414, arce_closure_difficulty_mean=0.561545, arce_closure_difficulty_std=0.269423, arce_gamma_effective_beta=3.000000, arce_gamma_max=0.740818, arce_gamma_mean=0.142526, arce_gamma_min=0.052866, arce_gamma_mode=sample_overlap, arce_gamma_reassignment_l1_mean=0.000000, arce_gamma_std=0.073015, arce_sample_gamma_mean=0.142526, arce_sampled_teacher_overlap_mean=0.683913, arce_sampler=marginal, arce_sampling_power=2.000000, arce_teacher_missing_mass_mean=0.167842, arce_teacher_missing_mass_std=0.097374
09/05/2026,07:26:59: Training...
09/05/2026,07:27:00: Evaluating...
09/05/2026,07:27:00: 	Train Loss: 3432596.7500 (base: 234.1112, kd: 6864.7256), Elapsed: train 2.81 test 0.26
09/05/2026,07:27:00: 	Recall@10: 0.06685 Recall@20: 0.09999 NDCG@10: 0.04031 NDCG@20: 0.04943 
09/05/2026,07:27:00: 	Recall@10: 0.02690 Recall@20: 0.04245 NDCG@10: 0.01500 NDCG@20: 0.01920 
09/05/2026,07:27:00: Epoch [107/1000]
09/05/2026,07:27:00: Negative sampling...
09/05/2026,07:27:02: Model's personal time...
09/05/2026,07:27:02: Model diagnostics: arce_anchor_count_mean=34.241810, arce_blocker_budget_mean=15.758191, arce_blocker_entropy_mean=4.433532, arce_closure_difficulty_mean=0.560038, arce_closure_difficulty_std=0.269029, arce_gamma_effective_beta=3.000000, arce_gamma_max=0.740818, arce_gamma_mean=0.142054, arce_gamma_min=0.049787, arce_gamma_mode=sample_overlap, arce_gamma_reassignment_l1_mean=0.000000, arce_gamma_std=0.072547, arce_sample_gamma_mean=0.142054, arce_sampled_teacher_overlap_mean=0.684836, arce_sampler=marginal, arce_sampling_power=2.000000, arce_teacher_missing_mass_mean=0.167214, arce_teacher_missing_mass_std=0.097153
09/05/2026,07:27:02: Training...
09/05/2026,07:27:03: Evaluating...
09/05/2026,07:27:03: 	Train Loss: 3432865.0000 (base: 233.7930, kd: 6865.2627), Elapsed: train 2.51 test 0.27
09/05/2026,07:27:03: 	Recall@10: 0.06760 Recall@20: 0.09927 NDCG@10: 0.04044 NDCG@20: 0.04910 
09/05/2026,07:27:03: 	Recall@10: 0.02698 Recall@20: 0.04296 NDCG@10: 0.01501 NDCG@20: 0.01936 
09/05/2026,07:27:03: Epoch [108/1000]
09/05/2026,07:27:03: Negative sampling...
09/05/2026,07:27:04: Model's personal time...
09/05/2026,07:27:04: Model diagnostics: arce_anchor_count_mean=34.285877, arce_blocker_budget_mean=15.714121, arce_blocker_entropy_mean=4.429500, arce_closure_difficulty_mean=0.558476, arce_closure_difficulty_std=0.268626, arce_gamma_effective_beta=3.000000, arce_gamma_max=0.740818, arce_gamma_mean=0.141675, arce_gamma_min=0.049787, arce_gamma_mode=sample_overlap, arce_gamma_reassignment_l1_mean=0.000000, arce_gamma_std=0.072439, arce_sample_gamma_mean=0.141675, arce_sampled_teacher_overlap_mean=0.685718, arce_sampler=marginal, arce_sampling_power=2.000000, arce_teacher_missing_mass_mean=0.166641, arce_teacher_missing_mass_std=0.096983
09/05/2026,07:27:04: Training...
09/05/2026,07:27:06: Evaluating...
09/05/2026,07:27:06: 	Train Loss: 3433290.5000 (base: 234.1388, kd: 6866.1123), Elapsed: train 2.58 test 0.33 *
09/05/2026,07:27:06: 	Recall@10: 0.06658 Recall@20: 0.10084 NDCG@10: 0.04020 NDCG@20: 0.04957 
09/05/2026,07:27:06: 	Recall@10: 0.02679 Recall@20: 0.04285 NDCG@10: 0.01498 NDCG@20: 0.01935 
09/05/2026,07:27:06: Epoch [109/1000]
09/05/2026,07:27:06: Negative sampling...
09/05/2026,07:27:07: Model's personal time...
09/05/2026,07:27:07: Model diagnostics: arce_anchor_count_mean=34.343361, arce_blocker_budget_mean=15.656639, arce_blocker_entropy_mean=4.426030, arce_closure_difficulty_mean=0.556812, arce_closure_difficulty_std=0.268044, arce_gamma_effective_beta=3.000000, arce_gamma_max=0.740818, arce_gamma_mean=0.141089, arce_gamma_min=0.052866, arce_gamma_mode=sample_overlap, arce_gamma_reassignment_l1_mean=0.000000, arce_gamma_std=0.071877, arce_sample_gamma_mean=0.141089, arce_sampled_teacher_overlap_mean=0.686867, arce_sampler=marginal, arce_sampling_power=2.000000, arce_teacher_missing_mass_mean=0.165867, arce_teacher_missing_mass_std=0.096618
09/05/2026,07:27:07: Training...
09/05/2026,07:27:09: Evaluating...
09/05/2026,07:27:09: 	Train Loss: 3433246.5000 (base: 231.7384, kd: 6866.0303), Elapsed: train 2.85 test 0.30
09/05/2026,07:27:09: 	Recall@10: 0.06816 Recall@20: 0.09963 NDCG@10: 0.04072 NDCG@20: 0.04934 
09/05/2026,07:27:09: 	Recall@10: 0.02728 Recall@20: 0.04268 NDCG@10: 0.01512 NDCG@20: 0.01932 
09/05/2026,07:27:09: Epoch [110/1000]
09/05/2026,07:27:09: Negative sampling...
09/05/2026,07:27:11: Model's personal time...
09/05/2026,07:27:11: Model diagnostics: arce_anchor_count_mean=34.400459, arce_blocker_budget_mean=15.599540, arce_blocker_entropy_mean=4.423866, arce_closure_difficulty_mean=0.555030, arce_closure_difficulty_std=0.267439, arce_gamma_effective_beta=3.000000, arce_gamma_max=0.740818, arce_gamma_mean=0.140502, arce_gamma_min=0.052866, arce_gamma_mode=sample_overlap, arce_gamma_reassignment_l1_mean=0.000000, arce_gamma_std=0.071261, arce_sample_gamma_mean=0.140502, arce_sampled_teacher_overlap_mean=0.688009, arce_sampler=marginal, arce_sampling_power=2.000000, arce_teacher_missing_mass_mean=0.165027, arce_teacher_missing_mass_std=0.096175
09/05/2026,07:27:11: Training...
09/05/2026,07:27:12: Evaluating...
09/05/2026,07:27:12: 	Train Loss: 3433764.5000 (base: 232.0854, kd: 6867.0649), Elapsed: train 2.81 test 0.27
09/05/2026,07:27:12: 	Recall@10: 0.06740 Recall@20: 0.10043 NDCG@10: 0.04049 NDCG@20: 0.04943 
09/05/2026,07:27:12: 	Recall@10: 0.02737 Recall@20: 0.04300 NDCG@10: 0.01498 NDCG@20: 0.01924 
09/05/2026,07:27:12: Epoch [111/1000]
09/05/2026,07:27:12: Negative sampling...
09/05/2026,07:27:13: Model's personal time...
09/05/2026,07:27:13: Model diagnostics: arce_anchor_count_mean=34.437057, arce_blocker_budget_mean=15.562943, arce_blocker_entropy_mean=4.420425, arce_closure_difficulty_mean=0.553509, arce_closure_difficulty_std=0.266981, arce_gamma_effective_beta=3.000000, arce_gamma_max=0.740818, arce_gamma_mean=0.140148, arce_gamma_min=0.049787, arce_gamma_mode=sample_overlap, arce_gamma_reassignment_l1_mean=0.000000, arce_gamma_std=0.070966, arce_sample_gamma_mean=0.140148, arce_sampled_teacher_overlap_mean=0.688741, arce_sampler=marginal, arce_sampling_power=2.000000, arce_teacher_missing_mass_mean=0.164519, arce_teacher_missing_mass_std=0.095981
09/05/2026,07:27:13: Training...
09/05/2026,07:27:15: Evaluating...
09/05/2026,07:27:15: 	Train Loss: 3433530.5000 (base: 227.0146, kd: 6866.6069), Elapsed: train 2.62 test 0.33
09/05/2026,07:27:15: 	Recall@10: 0.06862 Recall@20: 0.09956 NDCG@10: 0.04068 NDCG@20: 0.04915 
09/05/2026,07:27:15: 	Recall@10: 0.02737 Recall@20: 0.04253 NDCG@10: 0.01505 NDCG@20: 0.01920 
09/05/2026,07:27:15: Epoch [112/1000]
09/05/2026,07:27:15: Negative sampling...
09/05/2026,07:27:17: Model's personal time...
09/05/2026,07:27:17: Model diagnostics: arce_anchor_count_mean=34.492622, arce_blocker_budget_mean=15.507377, arce_blocker_entropy_mean=4.416230, arce_closure_difficulty_mean=0.552145, arce_closure_difficulty_std=0.266684, arce_gamma_effective_beta=3.000000, arce_gamma_max=0.740818, arce_gamma_mean=0.139630, arce_gamma_min=0.052866, arce_gamma_mode=sample_overlap, arce_gamma_reassignment_l1_mean=0.000000, arce_gamma_std=0.070562, arce_sample_gamma_mean=0.139630, arce_sampled_teacher_overlap_mean=0.689852, arce_sampler=marginal, arce_sampling_power=2.000000, arce_teacher_missing_mass_mean=0.163850, arce_teacher_missing_mass_std=0.095738
09/05/2026,07:27:17: Training...
09/05/2026,07:27:18: Evaluating...
09/05/2026,07:27:18: 	Train Loss: 3433879.5000 (base: 227.2552, kd: 6867.3047), Elapsed: train 2.80 test 0.28
09/05/2026,07:27:18: 	Recall@10: 0.06801 Recall@20: 0.09978 NDCG@10: 0.04052 NDCG@20: 0.04921 
09/05/2026,07:27:18: 	Recall@10: 0.02681 Recall@20: 0.04283 NDCG@10: 0.01504 NDCG@20: 0.01939 
09/05/2026,07:27:18: Epoch [113/1000]
09/05/2026,07:27:18: Negative sampling...
09/05/2026,07:27:20: Model's personal time...
09/05/2026,07:27:20: Model diagnostics: arce_anchor_count_mean=34.532093, arce_blocker_budget_mean=15.467906, arce_blocker_entropy_mean=4.412806, arce_closure_difficulty_mean=0.550624, arce_closure_difficulty_std=0.266195, arce_gamma_effective_beta=3.000000, arce_gamma_max=0.740818, arce_gamma_mean=0.139293, arce_gamma_min=0.052866, arce_gamma_mode=sample_overlap, arce_gamma_reassignment_l1_mean=0.000000, arce_gamma_std=0.070435, arce_sample_gamma_mean=0.139293, arce_sampled_teacher_overlap_mean=0.690642, arce_sampler=marginal, arce_sampling_power=2.000000, arce_teacher_missing_mass_mean=0.163271, arce_teacher_missing_mass_std=0.095504
09/05/2026,07:27:20: Training...
09/05/2026,07:27:21: Evaluating...
09/05/2026,07:27:21: 	Train Loss: 3434323.5000 (base: 223.1163, kd: 6868.2007), Elapsed: train 2.48 test 0.27
09/05/2026,07:27:21: 	Recall@10: 0.06791 Recall@20: 0.09957 NDCG@10: 0.04059 NDCG@20: 0.04924 
09/05/2026,07:27:21: 	Recall@10: 0.02708 Recall@20: 0.04209 NDCG@10: 0.01506 NDCG@20: 0.01917 
09/05/2026,07:27:21: Epoch [114/1000]
09/05/2026,07:27:21: Negative sampling...
09/05/2026,07:27:22: Model's personal time...
09/05/2026,07:27:22: Model diagnostics: arce_anchor_count_mean=34.575588, arce_blocker_budget_mean=15.424411, arce_blocker_entropy_mean=4.407515, arce_closure_difficulty_mean=0.549181, arce_closure_difficulty_std=0.265730, arce_gamma_effective_beta=3.000000, arce_gamma_max=0.740818, arce_gamma_mean=0.138891, arce_gamma_min=0.052866, arce_gamma_mode=sample_overlap, arce_gamma_reassignment_l1_mean=0.000000, arce_gamma_std=0.070224, arce_sample_gamma_mean=0.138891, arce_sampled_teacher_overlap_mean=0.691512, arce_sampler=marginal, arce_sampling_power=2.000000, arce_teacher_missing_mass_mean=0.162682, arce_teacher_missing_mass_std=0.095227
09/05/2026,07:27:22: Training...
09/05/2026,07:27:23: Evaluating...
09/05/2026,07:27:24: 	Train Loss: 3434584.7500 (base: 228.6051, kd: 6868.7129), Elapsed: train 2.57 test 0.27
09/05/2026,07:27:24: 	Recall@10: 0.06700 Recall@20: 0.09981 NDCG@10: 0.04011 NDCG@20: 0.04917 
09/05/2026,07:27:24: 	Recall@10: 0.02708 Recall@20: 0.04236 NDCG@10: 0.01508 NDCG@20: 0.01924 
09/05/2026,07:27:24: Epoch [115/1000]
09/05/2026,07:27:24: Negative sampling...
09/05/2026,07:27:25: Model's personal time...
09/05/2026,07:27:25: Model diagnostics: arce_anchor_count_mean=34.623875, arce_blocker_budget_mean=15.376125, arce_blocker_entropy_mean=4.404769, arce_closure_difficulty_mean=0.547724, arce_closure_difficulty_std=0.265255, arce_gamma_effective_beta=3.000000, arce_gamma_max=0.740818, arce_gamma_mean=0.138424, arce_gamma_min=0.052866, arce_gamma_mode=sample_overlap, arce_gamma_reassignment_l1_mean=0.000000, arce_gamma_std=0.069784, arce_sample_gamma_mean=0.138424, arce_sampled_teacher_overlap_mean=0.692477, arce_sampler=marginal, arce_sampling_power=2.000000, arce_teacher_missing_mass_mean=0.162021, arce_teacher_missing_mass_std=0.094870
09/05/2026,07:27:25: Training...
09/05/2026,07:27:26: Evaluating...
09/05/2026,07:27:26: 	Train Loss: 3434516.2500 (base: 224.1903, kd: 6868.5840), Elapsed: train 2.52 test 0.27
09/05/2026,07:27:26: 	Recall@10: 0.06770 Recall@20: 0.09969 NDCG@10: 0.04052 NDCG@20: 0.04934 
09/05/2026,07:27:26: 	Recall@10: 0.02683 Recall@20: 0.04262 NDCG@10: 0.01500 NDCG@20: 0.01931 
09/05/2026,07:27:26: Epoch [116/1000]
09/05/2026,07:27:26: Negative sampling...
09/05/2026,07:27:28: Model's personal time...
09/05/2026,07:27:28: Model diagnostics: arce_anchor_count_mean=34.659897, arce_blocker_budget_mean=15.340103, arce_blocker_entropy_mean=4.401687, arce_closure_difficulty_mean=0.546179, arce_closure_difficulty_std=0.264955, arce_gamma_effective_beta=3.000000, arce_gamma_max=0.740818, arce_gamma_mean=0.138118, arce_gamma_min=0.052866, arce_gamma_mode=sample_overlap, arce_gamma_reassignment_l1_mean=0.000000, arce_gamma_std=0.069644, arce_sample_gamma_mean=0.138118, arce_sampled_teacher_overlap_mean=0.693198, arce_sampler=marginal, arce_sampling_power=2.000000, arce_teacher_missing_mass_mean=0.161458, arce_teacher_missing_mass_std=0.094743
09/05/2026,07:27:28: Training...
09/05/2026,07:27:29: Evaluating...
09/05/2026,07:27:29: 	Train Loss: 3434884.7500 (base: 220.4914, kd: 6869.3291), Elapsed: train 2.58 test 0.28
09/05/2026,07:27:29: 	Recall@10: 0.06852 Recall@20: 0.09976 NDCG@10: 0.04077 NDCG@20: 0.04932 
09/05/2026,07:27:29: 	Recall@10: 0.02727 Recall@20: 0.04224 NDCG@10: 0.01514 NDCG@20: 0.01925 
09/05/2026,07:27:29: Epoch [117/1000]
09/05/2026,07:27:29: Negative sampling...
09/05/2026,07:27:31: Model's personal time...
09/05/2026,07:27:31: Model diagnostics: arce_anchor_count_mean=34.702816, arce_blocker_budget_mean=15.297183, arce_blocker_entropy_mean=4.399405, arce_closure_difficulty_mean=0.544483, arce_closure_difficulty_std=0.264458, arce_gamma_effective_beta=3.000000, arce_gamma_max=0.740818, arce_gamma_mean=0.137723, arce_gamma_min=0.052866, arce_gamma_mode=sample_overlap, arce_gamma_reassignment_l1_mean=0.000000, arce_gamma_std=0.069394, arce_sample_gamma_mean=0.137723, arce_sampled_teacher_overlap_mean=0.694056, arce_sampler=marginal, arce_sampling_power=2.000000, arce_teacher_missing_mass_mean=0.160795, arce_teacher_missing_mass_std=0.094471
09/05/2026,07:27:31: Training...
09/05/2026,07:27:32: Evaluating...
09/05/2026,07:27:32: 	Train Loss: 3435051.7500 (base: 218.7354, kd: 6869.6665), Elapsed: train 2.67 test 0.27
09/05/2026,07:27:32: 	Recall@10: 0.06819 Recall@20: 0.09984 NDCG@10: 0.04081 NDCG@20: 0.04941 
09/05/2026,07:27:32: 	Recall@10: 0.02779 Recall@20: 0.04261 NDCG@10: 0.01532 NDCG@20: 0.01936 
09/05/2026,07:27:32: Epoch [118/1000]
09/05/2026,07:27:32: Negative sampling...
09/05/2026,07:27:34: Model's personal time...
09/05/2026,07:27:34: Model diagnostics: arce_anchor_count_mean=34.736347, arce_blocker_budget_mean=15.263652, arce_blocker_entropy_mean=4.394271, arce_closure_difficulty_mean=0.543186, arce_closure_difficulty_std=0.263993, arce_gamma_effective_beta=3.000000, arce_gamma_max=0.740818, arce_gamma_mean=0.137375, arce_gamma_min=0.052866, arce_gamma_mode=sample_overlap, arce_gamma_reassignment_l1_mean=0.000000, arce_gamma_std=0.069056, arce_sample_gamma_mean=0.137375, arce_sampled_teacher_overlap_mean=0.694727, arce_sampler=marginal, arce_sampling_power=2.000000, arce_teacher_missing_mass_mean=0.160344, arce_teacher_missing_mass_std=0.094274
09/05/2026,07:27:34: Training...
09/05/2026,07:27:35: Evaluating...
09/05/2026,07:27:35: 	Train Loss: 3434898.2500 (base: 219.0266, kd: 6869.3584), Elapsed: train 2.53 test 0.27 *
09/05/2026,07:27:35: 	Recall@10: 0.06808 Recall@20: 0.10073 NDCG@10: 0.04079 NDCG@20: 0.04973 
09/05/2026,07:27:35: 	Recall@10: 0.02682 Recall@20: 0.04240 NDCG@10: 0.01507 NDCG@20: 0.01935 
09/05/2026,07:27:35: Epoch [119/1000]
09/05/2026,07:27:35: Negative sampling...
09/05/2026,07:27:37: Model's personal time...
09/05/2026,07:27:37: Model diagnostics: arce_anchor_count_mean=34.780224, arce_blocker_budget_mean=15.219773, arce_blocker_entropy_mean=4.392211, arce_closure_difficulty_mean=0.541746, arce_closure_difficulty_std=0.263591, arce_gamma_effective_beta=3.000000, arce_gamma_max=0.740818, arce_gamma_mean=0.136970, arce_gamma_min=0.049787, arce_gamma_mode=sample_overlap, arce_gamma_reassignment_l1_mean=0.000000, arce_gamma_std=0.068808, arce_sample_gamma_mean=0.136970, arce_sampled_teacher_overlap_mean=0.695605, arce_sampler=marginal, arce_sampling_power=2.000000, arce_teacher_missing_mass_mean=0.159744, arce_teacher_missing_mass_std=0.093987
09/05/2026,07:27:37: Training...
09/05/2026,07:27:38: Evaluating...
09/05/2026,07:27:38: 	Train Loss: 3435134.5000 (base: 214.0971, kd: 6869.8403), Elapsed: train 2.65 test 0.31
09/05/2026,07:27:38: 	Recall@10: 0.06823 Recall@20: 0.10066 NDCG@10: 0.04084 NDCG@20: 0.04966 
09/05/2026,07:27:38: 	Recall@10: 0.02672 Recall@20: 0.04256 NDCG@10: 0.01509 NDCG@20: 0.01938 
09/05/2026,07:27:38: Epoch [120/1000]
09/05/2026,07:27:38: Negative sampling...
09/05/2026,07:27:39: Model's personal time...
09/05/2026,07:27:39: Model diagnostics: arce_anchor_count_mean=34.821037, arce_blocker_budget_mean=15.178962, arce_blocker_entropy_mean=4.389435, arce_closure_difficulty_mean=0.540628, arce_closure_difficulty_std=0.263167, arce_gamma_effective_beta=3.000000, arce_gamma_max=0.740818, arce_gamma_mean=0.136550, arce_gamma_min=0.049787, arce_gamma_mode=sample_overlap, arce_gamma_reassignment_l1_mean=0.000000, arce_gamma_std=0.068357, arce_sample_gamma_mean=0.136550, arce_sampled_teacher_overlap_mean=0.696421, arce_sampler=marginal, arce_sampling_power=2.000000, arce_teacher_missing_mass_mean=0.159218, arce_teacher_missing_mass_std=0.093629
09/05/2026,07:27:39: Training...
09/05/2026,07:27:41: Evaluating...
09/05/2026,07:27:41: 	Train Loss: 3434915.2500 (base: 216.2784, kd: 6869.3979), Elapsed: train 2.66 test 0.27
09/05/2026,07:27:41: 	Recall@10: 0.06675 Recall@20: 0.10037 NDCG@10: 0.04016 NDCG@20: 0.04942 
09/05/2026,07:27:41: 	Recall@10: 0.02718 Recall@20: 0.04257 NDCG@10: 0.01511 NDCG@20: 0.01930 
09/05/2026,07:27:41: Epoch [121/1000]
09/05/2026,07:27:41: Negative sampling...
09/05/2026,07:27:42: Model's personal time...
09/05/2026,07:27:42: Model diagnostics: arce_anchor_count_mean=34.864342, arce_blocker_budget_mean=15.135658, arce_blocker_entropy_mean=4.385124, arce_closure_difficulty_mean=0.539081, arce_closure_difficulty_std=0.262545, arce_gamma_effective_beta=3.000000, arce_gamma_max=0.740818, arce_gamma_mean=0.136159, arce_gamma_min=0.052866, arce_gamma_mode=sample_overlap, arce_gamma_reassignment_l1_mean=0.000000, arce_gamma_std=0.068073, arce_sample_gamma_mean=0.136159, arce_sampled_teacher_overlap_mean=0.697287, arce_sampler=marginal, arce_sampling_power=2.000000, arce_teacher_missing_mass_mean=0.158614, arce_teacher_missing_mass_std=0.093442
09/05/2026,07:27:42: Training...
09/05/2026,07:27:43: Evaluating...
09/05/2026,07:27:44: 	Train Loss: 3435468.2500 (base: 216.9013, kd: 6870.5029), Elapsed: train 2.47 test 0.28
09/05/2026,07:27:44: 	Recall@10: 0.06759 Recall@20: 0.09935 NDCG@10: 0.04072 NDCG@20: 0.04942 
09/05/2026,07:27:44: 	Recall@10: 0.02682 Recall@20: 0.04245 NDCG@10: 0.01497 NDCG@20: 0.01924 
09/05/2026,07:27:44: Epoch [122/1000]
09/05/2026,07:27:44: Negative sampling...
09/05/2026,07:27:45: Model's personal time...
09/05/2026,07:27:45: Model diagnostics: arce_anchor_count_mean=34.911667, arce_blocker_budget_mean=15.088331, arce_blocker_entropy_mean=4.382135, arce_closure_difficulty_mean=0.537847, arce_closure_difficulty_std=0.261995, arce_gamma_effective_beta=3.000000, arce_gamma_max=0.740818, arce_gamma_mean=0.135664, arce_gamma_min=0.052866, arce_gamma_mode=sample_overlap, arce_gamma_reassignment_l1_mean=0.000000, arce_gamma_std=0.067540, arce_sample_gamma_mean=0.135664, arce_sampled_teacher_overlap_mean=0.698233, arce_sampler=marginal, arce_sampling_power=2.000000, arce_teacher_missing_mass_mean=0.157984, arce_teacher_missing_mass_std=0.092956
09/05/2026,07:27:45: Training...
09/05/2026,07:27:46: Evaluating...
09/05/2026,07:27:47: 	Train Loss: 3435549.2500 (base: 212.4749, kd: 6870.6733), Elapsed: train 2.69 test 0.28
09/05/2026,07:27:47: 	Recall@10: 0.06747 Recall@20: 0.10043 NDCG@10: 0.04038 NDCG@20: 0.04941 
09/05/2026,07:27:47: 	Recall@10: 0.02683 Recall@20: 0.04249 NDCG@10: 0.01511 NDCG@20: 0.01939 
09/05/2026,07:27:47: Epoch [123/1000]
09/05/2026,07:27:47: Negative sampling...
09/05/2026,07:27:48: Model's personal time...
09/05/2026,07:27:48: Model diagnostics: arce_anchor_count_mean=34.946926, arce_blocker_budget_mean=15.053075, arce_blocker_entropy_mean=4.379313, arce_closure_difficulty_mean=0.536440, arce_closure_difficulty_std=0.261684, arce_gamma_effective_beta=3.000000, arce_gamma_max=0.740818, arce_gamma_mean=0.135337, arce_gamma_min=0.049787, arce_gamma_mode=sample_overlap, arce_gamma_reassignment_l1_mean=0.000000, arce_gamma_std=0.067235, arce_sample_gamma_mean=0.135337, arce_sampled_teacher_overlap_mean=0.698938, arce_sampler=marginal, arce_sampling_power=2.000000, arce_teacher_missing_mass_mean=0.157504, arce_teacher_missing_mass_std=0.092854
09/05/2026,07:27:48: Training...
09/05/2026,07:27:49: Evaluating...
09/05/2026,07:27:50: 	Train Loss: 3436125.2500 (base: 210.4674, kd: 6871.8291), Elapsed: train 2.71 test 0.28
09/05/2026,07:27:50: 	Recall@10: 0.06873 Recall@20: 0.10076 NDCG@10: 0.04086 NDCG@20: 0.04967 
09/05/2026,07:27:50: 	Recall@10: 0.02670 Recall@20: 0.04242 NDCG@10: 0.01494 NDCG@20: 0.01924 
09/05/2026,07:27:50: Epoch [124/1000]
09/05/2026,07:27:50: Negative sampling...
09/05/2026,07:27:51: Model's personal time...
09/05/2026,07:27:51: Model diagnostics: arce_anchor_count_mean=34.990227, arce_blocker_budget_mean=15.009771, arce_blocker_entropy_mean=4.377068, arce_closure_difficulty_mean=0.535047, arce_closure_difficulty_std=0.261232, arce_gamma_effective_beta=3.000000, arce_gamma_max=0.740818, arce_gamma_mean=0.134978, arce_gamma_min=0.052866, arce_gamma_mode=sample_overlap, arce_gamma_reassignment_l1_mean=0.000000, arce_gamma_std=0.067138, arce_sample_gamma_mean=0.134978, arce_sampled_teacher_overlap_mean=0.699804, arce_sampler=marginal, arce_sampling_power=2.000000, arce_teacher_missing_mass_mean=0.156899, arce_teacher_missing_mass_std=0.092623
09/05/2026,07:27:51: Training...
09/05/2026,07:27:53: Evaluating...
09/05/2026,07:27:53: 	Train Loss: 3436061.2500 (base: 210.1418, kd: 6871.7026), Elapsed: train 2.86 test 0.33 *
09/05/2026,07:27:53: 	Recall@10: 0.06807 Recall@20: 0.10134 NDCG@10: 0.04099 NDCG@20: 0.05004 
09/05/2026,07:27:53: 	Recall@10: 0.02641 Recall@20: 0.04285 NDCG@10: 0.01506 NDCG@20: 0.01955 
09/05/2026,07:27:53: Epoch [125/1000]
09/05/2026,07:27:53: Negative sampling...
09/05/2026,07:27:54: Model's personal time...
09/05/2026,07:27:54: Model diagnostics: arce_anchor_count_mean=35.022419, arce_blocker_budget_mean=14.977582, arce_blocker_entropy_mean=4.372253, arce_closure_difficulty_mean=0.533680, arce_closure_difficulty_std=0.260899, arce_gamma_effective_beta=3.000000, arce_gamma_max=0.740818, arce_gamma_mean=0.134665, arce_gamma_min=0.052866, arce_gamma_mode=sample_overlap, arce_gamma_reassignment_l1_mean=0.000000, arce_gamma_std=0.066795, arce_sample_gamma_mean=0.134665, arce_sampled_teacher_overlap_mean=0.700448, arce_sampler=marginal, arce_sampling_power=2.000000, arce_teacher_missing_mass_mean=0.156424, arce_teacher_missing_mass_std=0.092437
09/05/2026,07:27:54: Training...
09/05/2026,07:27:56: Evaluating...
09/05/2026,07:27:56: 	Train Loss: 3436468.7500 (base: 207.8017, kd: 6872.5215), Elapsed: train 3.01 test 0.27
09/05/2026,07:27:56: 	Recall@10: 0.06868 Recall@20: 0.10046 NDCG@10: 0.04112 NDCG@20: 0.04983 
09/05/2026,07:27:56: 	Recall@10: 0.02662 Recall@20: 0.04286 NDCG@10: 0.01510 NDCG@20: 0.01950 
09/05/2026,07:27:56: Epoch [126/1000]
09/05/2026,07:27:56: Negative sampling...
09/05/2026,07:27:58: Model's personal time...
09/05/2026,07:27:58: Model diagnostics: arce_anchor_count_mean=35.059971, arce_blocker_budget_mean=14.940026, arce_blocker_entropy_mean=4.370348, arce_closure_difficulty_mean=0.532516, arce_closure_difficulty_std=0.260864, arce_gamma_effective_beta=3.000000, arce_gamma_max=0.740818, arce_gamma_mean=0.134338, arce_gamma_min=0.052866, arce_gamma_mode=sample_overlap, arce_gamma_reassignment_l1_mean=0.000000, arce_gamma_std=0.066490, arce_sample_gamma_mean=0.134338, arce_sampled_teacher_overlap_mean=0.701199, arce_sampler=marginal, arce_sampling_power=2.000000, arce_teacher_missing_mass_mean=0.155987, arce_teacher_missing_mass_std=0.092446
09/05/2026,07:27:58: Training...
09/05/2026,07:27:59: Evaluating...
09/05/2026,07:27:59: 	Train Loss: 3436838.5000 (base: 209.4659, kd: 6873.2573), Elapsed: train 2.97 test 0.27 *
09/05/2026,07:27:59: 	Recall@10: 0.06791 Recall@20: 0.10163 NDCG@10: 0.04100 NDCG@20: 0.05018 
09/05/2026,07:27:59: 	Recall@10: 0.02681 Recall@20: 0.04322 NDCG@10: 0.01519 NDCG@20: 0.01966 
09/05/2026,07:27:59: Epoch [127/1000]
09/05/2026,07:27:59: Negative sampling...
09/05/2026,07:28:01: Model's personal time...
09/05/2026,07:28:01: Model diagnostics: arce_anchor_count_mean=35.097145, arce_blocker_budget_mean=14.902855, arce_blocker_entropy_mean=4.368279, arce_closure_difficulty_mean=0.531275, arce_closure_difficulty_std=0.260303, arce_gamma_effective_beta=3.000000, arce_gamma_max=0.740818, arce_gamma_mean=0.133976, arce_gamma_min=0.049787, arce_gamma_mode=sample_overlap, arce_gamma_reassignment_l1_mean=0.000000, arce_gamma_std=0.066245, arce_sample_gamma_mean=0.133976, arce_sampled_teacher_overlap_mean=0.701943, arce_sampler=marginal, arce_sampling_power=2.000000, arce_teacher_missing_mass_mean=0.155456, arce_teacher_missing_mass_std=0.092101
09/05/2026,07:28:01: Training...
09/05/2026,07:28:02: Evaluating...
09/05/2026,07:28:02: 	Train Loss: 3436356.2500 (base: 211.8884, kd: 6872.2886), Elapsed: train 2.65 test 0.28
09/05/2026,07:28:02: 	Recall@10: 0.06889 Recall@20: 0.10147 NDCG@10: 0.04124 NDCG@20: 0.05009 
09/05/2026,07:28:02: 	Recall@10: 0.02665 Recall@20: 0.04361 NDCG@10: 0.01511 NDCG@20: 0.01973 
09/05/2026,07:28:02: Epoch [128/1000]
09/05/2026,07:28:02: Negative sampling...
09/05/2026,07:28:04: Model's personal time...
09/05/2026,07:28:04: Model diagnostics: arce_anchor_count_mean=35.127800, arce_blocker_budget_mean=14.872197, arce_blocker_entropy_mean=4.365092, arce_closure_difficulty_mean=0.529893, arce_closure_difficulty_std=0.260029, arce_gamma_effective_beta=3.000000, arce_gamma_max=0.740818, arce_gamma_mean=0.133693, arce_gamma_min=0.049787, arce_gamma_mode=sample_overlap, arce_gamma_reassignment_l1_mean=0.000000, arce_gamma_std=0.066064, arce_sample_gamma_mean=0.133693, arce_sampled_teacher_overlap_mean=0.702556, arce_sampler=marginal, arce_sampling_power=2.000000, arce_teacher_missing_mass_mean=0.154998, arce_teacher_missing_mass_std=0.091998
09/05/2026,07:28:04: Training...
09/05/2026,07:28:05: Evaluating...
09/05/2026,07:28:05: 	Train Loss: 3436686.2500 (base: 206.3918, kd: 6872.9590), Elapsed: train 2.65 test 0.29
09/05/2026,07:28:05: 	Recall@10: 0.06763 Recall@20: 0.10092 NDCG@10: 0.04066 NDCG@20: 0.04979 
09/05/2026,07:28:05: 	Recall@10: 0.02689 Recall@20: 0.04332 NDCG@10: 0.01519 NDCG@20: 0.01965 
09/05/2026,07:28:05: Epoch [129/1000]
09/05/2026,07:28:05: Negative sampling...
09/05/2026,07:28:07: Model's personal time...
09/05/2026,07:28:07: Model diagnostics: arce_anchor_count_mean=35.163250, arce_blocker_budget_mean=14.836750, arce_blocker_entropy_mean=4.361418, arce_closure_difficulty_mean=0.528765, arce_closure_difficulty_std=0.259919, arce_gamma_effective_beta=3.000000, arce_gamma_max=0.740818, arce_gamma_mean=0.133403, arce_gamma_min=0.049787, arce_gamma_mode=sample_overlap, arce_gamma_reassignment_l1_mean=0.000000, arce_gamma_std=0.065845, arce_sample_gamma_mean=0.133403, arce_sampled_teacher_overlap_mean=0.703265, arce_sampler=marginal, arce_sampling_power=2.000000, arce_teacher_missing_mass_mean=0.154541, arce_teacher_missing_mass_std=0.091875
09/05/2026,07:28:07: Training...
09/05/2026,07:28:08: Evaluating...
09/05/2026,07:28:08: 	Train Loss: 3436831.0000 (base: 206.4023, kd: 6873.2490), Elapsed: train 2.47 test 0.26
09/05/2026,07:28:08: 	Recall@10: 0.06845 Recall@20: 0.09984 NDCG@10: 0.04103 NDCG@20: 0.04958 
09/05/2026,07:28:08: 	Recall@10: 0.02645 Recall@20: 0.04367 NDCG@10: 0.01514 NDCG@20: 0.01984 
09/05/2026,07:28:08: Epoch [130/1000]
09/05/2026,07:28:08: Negative sampling...
09/05/2026,07:28:09: Model's personal time...
09/05/2026,07:28:09: Model diagnostics: arce_anchor_count_mean=35.203487, arce_blocker_budget_mean=14.796513, arce_blocker_entropy_mean=4.357109, arce_closure_difficulty_mean=0.527573, arce_closure_difficulty_std=0.259473, arce_gamma_effective_beta=3.000000, arce_gamma_max=0.697676, arce_gamma_mean=0.132999, arce_gamma_min=0.049787, arce_gamma_mode=sample_overlap, arce_gamma_reassignment_l1_mean=0.000000, arce_gamma_std=0.065342, arce_sample_gamma_mean=0.132999, arce_sampled_teacher_overlap_mean=0.704070, arce_sampler=marginal, arce_sampling_power=2.000000, arce_teacher_missing_mass_mean=0.154084, arce_teacher_missing_mass_std=0.091706
09/05/2026,07:28:09: Training...
09/05/2026,07:28:11: Evaluating...
09/05/2026,07:28:11: 	Train Loss: 3437420.2500 (base: 200.1091, kd: 6874.4404), Elapsed: train 2.65 test 0.28
09/05/2026,07:28:11: 	Recall@10: 0.06787 Recall@20: 0.10084 NDCG@10: 0.04106 NDCG@20: 0.05008 
09/05/2026,07:28:11: 	Recall@10: 0.02697 Recall@20: 0.04288 NDCG@10: 0.01511 NDCG@20: 0.01947 
09/05/2026,07:28:11: Epoch [131/1000]
09/05/2026,07:28:11: Negative sampling...
09/05/2026,07:28:12: Model's personal time...
09/05/2026,07:28:12: Model diagnostics: arce_anchor_count_mean=35.238358, arce_blocker_budget_mean=14.761640, arce_blocker_entropy_mean=4.354251, arce_closure_difficulty_mean=0.526185, arce_closure_difficulty_std=0.258872, arce_gamma_effective_beta=3.000000, arce_gamma_max=0.740818, arce_gamma_mean=0.132680, arce_gamma_min=0.049787, arce_gamma_mode=sample_overlap, arce_gamma_reassignment_l1_mean=0.000000, arce_gamma_std=0.065185, arce_sample_gamma_mean=0.132680, arce_sampled_teacher_overlap_mean=0.704767, arce_sampler=marginal, arce_sampling_power=2.000000, arce_teacher_missing_mass_mean=0.153542, arce_teacher_missing_mass_std=0.091439
09/05/2026,07:28:12: Training...
09/05/2026,07:28:14: Evaluating...
09/05/2026,07:28:14: 	Train Loss: 3437666.0000 (base: 203.0287, kd: 6874.9258), Elapsed: train 2.72 test 0.26 *
09/05/2026,07:28:14: 	Recall@10: 0.06775 Recall@20: 0.10152 NDCG@10: 0.04104 NDCG@20: 0.05020 
09/05/2026,07:28:14: 	Recall@10: 0.02609 Recall@20: 0.04300 NDCG@10: 0.01492 NDCG@20: 0.01958 
09/05/2026,07:28:14: Epoch [132/1000]
09/05/2026,07:28:14: Negative sampling...
09/05/2026,07:28:15: Model's personal time...
09/05/2026,07:28:15: Model diagnostics: arce_anchor_count_mean=35.282047, arce_blocker_budget_mean=14.717954, arce_blocker_entropy_mean=4.353468, arce_closure_difficulty_mean=0.524615, arce_closure_difficulty_std=0.258375, arce_gamma_effective_beta=3.000000, arce_gamma_max=0.740818, arce_gamma_mean=0.132306, arce_gamma_min=0.049787, arce_gamma_mode=sample_overlap, arce_gamma_reassignment_l1_mean=0.000000, arce_gamma_std=0.064927, arce_sample_gamma_mean=0.132306, arce_sampled_teacher_overlap_mean=0.705641, arce_sampler=marginal, arce_sampling_power=2.000000, arce_teacher_missing_mass_mean=0.152919, arce_teacher_missing_mass_std=0.091257
09/05/2026,07:28:15: Training...
09/05/2026,07:28:17: Evaluating...
09/05/2026,07:28:17: 	Train Loss: 3437847.0000 (base: 201.0089, kd: 6875.2925), Elapsed: train 2.72 test 0.26
09/05/2026,07:28:17: 	Recall@10: 0.06736 Recall@20: 0.10085 NDCG@10: 0.04078 NDCG@20: 0.04983 
09/05/2026,07:28:17: 	Recall@10: 0.02642 Recall@20: 0.04323 NDCG@10: 0.01502 NDCG@20: 0.01965 
09/05/2026,07:28:17: Epoch [133/1000]
09/05/2026,07:28:17: Negative sampling...
09/05/2026,07:28:18: Model's personal time...
09/05/2026,07:28:18: Model diagnostics: arce_anchor_count_mean=35.306953, arce_blocker_budget_mean=14.693045, arce_blocker_entropy_mean=4.350581, arce_closure_difficulty_mean=0.523548, arce_closure_difficulty_std=0.258118, arce_gamma_effective_beta=3.000000, arce_gamma_max=0.740818, arce_gamma_mean=0.132017, arce_gamma_min=0.049787, arce_gamma_mode=sample_overlap, arce_gamma_reassignment_l1_mean=0.000000, arce_gamma_std=0.064427, arce_sample_gamma_mean=0.132017, arce_sampled_teacher_overlap_mean=0.706139, arce_sampler=marginal, arce_sampling_power=2.000000, arce_teacher_missing_mass_mean=0.152538, arce_teacher_missing_mass_std=0.091015
09/05/2026,07:28:18: Training...
09/05/2026,07:28:20: Evaluating...
09/05/2026,07:28:20: 	Train Loss: 3437539.2500 (base: 199.2862, kd: 6874.6797), Elapsed: train 2.68 test 0.28
09/05/2026,07:28:20: 	Recall@10: 0.06779 Recall@20: 0.10067 NDCG@10: 0.04102 NDCG@20: 0.04996 
09/05/2026,07:28:20: 	Recall@10: 0.02604 Recall@20: 0.04342 NDCG@10: 0.01478 NDCG@20: 0.01954 
09/05/2026,07:28:20: Epoch [134/1000]
09/05/2026,07:28:20: Negative sampling...
09/05/2026,07:28:21: Model's personal time...
09/05/2026,07:28:21: Model diagnostics: arce_anchor_count_mean=35.354092, arce_blocker_budget_mean=14.645909, arce_blocker_entropy_mean=4.346019, arce_closure_difficulty_mean=0.522052, arce_closure_difficulty_std=0.257793, arce_gamma_effective_beta=3.000000, arce_gamma_max=0.740818, arce_gamma_mean=0.131595, arce_gamma_min=0.049787, arce_gamma_mode=sample_overlap, arce_gamma_reassignment_l1_mean=0.000000, arce_gamma_std=0.064017, arce_sample_gamma_mean=0.131595, arce_sampled_teacher_overlap_mean=0.707082, arce_sampler=marginal, arce_sampling_power=2.000000, arce_teacher_missing_mass_mean=0.151935, arce_teacher_missing_mass_std=0.090753
09/05/2026,07:28:21: Training...
09/05/2026,07:28:22: Evaluating...
09/05/2026,07:28:23: 	Train Loss: 3437744.2500 (base: 201.7964, kd: 6875.0845), Elapsed: train 2.57 test 0.27
09/05/2026,07:28:23: 	Recall@10: 0.06820 Recall@20: 0.10184 NDCG@10: 0.04107 NDCG@20: 0.05010 
09/05/2026,07:28:23: 	Recall@10: 0.02680 Recall@20: 0.04286 NDCG@10: 0.01511 NDCG@20: 0.01952 
09/05/2026,07:28:23: Epoch [135/1000]
09/05/2026,07:28:23: Negative sampling...
09/05/2026,07:28:24: Model's personal time...
09/05/2026,07:28:24: Model diagnostics: arce_anchor_count_mean=35.386856, arce_blocker_budget_mean=14.613144, arce_blocker_entropy_mean=4.344132, arce_closure_difficulty_mean=0.520733, arce_closure_difficulty_std=0.257289, arce_gamma_effective_beta=3.000000, arce_gamma_max=0.740818, arce_gamma_mean=0.131273, arce_gamma_min=0.049787, arce_gamma_mode=sample_overlap, arce_gamma_reassignment_l1_mean=0.000000, arce_gamma_std=0.063773, arce_sample_gamma_mean=0.131273, arce_sampled_teacher_overlap_mean=0.707737, arce_sampler=marginal, arce_sampling_power=2.000000, arce_teacher_missing_mass_mean=0.151432, arce_teacher_missing_mass_std=0.090513
09/05/2026,07:28:24: Training...
09/05/2026,07:28:25: Evaluating...
09/05/2026,07:28:26: 	Train Loss: 3437775.5000 (base: 199.1618, kd: 6875.1528), Elapsed: train 2.73 test 0.27
09/05/2026,07:28:26: 	Recall@10: 0.06772 Recall@20: 0.10095 NDCG@10: 0.04096 NDCG@20: 0.04991 
09/05/2026,07:28:26: 	Recall@10: 0.02667 Recall@20: 0.04353 NDCG@10: 0.01503 NDCG@20: 0.01962 
09/05/2026,07:28:26: Epoch [136/1000]
09/05/2026,07:28:26: Negative sampling...
09/05/2026,07:28:27: Model's personal time...
09/05/2026,07:28:27: Model diagnostics: arce_anchor_count_mean=35.420769, arce_blocker_budget_mean=14.579229, arce_blocker_entropy_mean=4.343848, arce_closure_difficulty_mean=0.519521, arce_closure_difficulty_std=0.257120, arce_gamma_effective_beta=3.000000, arce_gamma_max=0.740818, arce_gamma_mean=0.130979, arce_gamma_min=0.049787, arce_gamma_mode=sample_overlap, arce_gamma_reassignment_l1_mean=0.000000, arce_gamma_std=0.063458, arce_sample_gamma_mean=0.130979, arce_sampled_teacher_overlap_mean=0.708415, arce_sampler=marginal, arce_sampling_power=2.000000, arce_teacher_missing_mass_mean=0.150947, arce_teacher_missing_mass_std=0.090412
09/05/2026,07:28:27: Training...
09/05/2026,07:28:28: Evaluating...
09/05/2026,07:28:29: 	Train Loss: 3438248.5000 (base: 196.8985, kd: 6876.1030), Elapsed: train 2.56 test 0.28
09/05/2026,07:28:29: 	Recall@10: 0.06835 Recall@20: 0.10109 NDCG@10: 0.04125 NDCG@20: 0.05014 
09/05/2026,07:28:29: 	Recall@10: 0.02743 Recall@20: 0.04323 NDCG@10: 0.01531 NDCG@20: 0.01963 
09/05/2026,07:28:29: Epoch [137/1000]
09/05/2026,07:28:29: Negative sampling...
09/05/2026,07:28:30: Model's personal time...
09/05/2026,07:28:30: Model diagnostics: arce_anchor_count_mean=35.451618, arce_blocker_budget_mean=14.548381, arce_blocker_entropy_mean=4.337746, arce_closure_difficulty_mean=0.518330, arce_closure_difficulty_std=0.256553, arce_gamma_effective_beta=3.000000, arce_gamma_max=0.740818, arce_gamma_mean=0.130679, arce_gamma_min=0.049787, arce_gamma_mode=sample_overlap, arce_gamma_reassignment_l1_mean=0.000000, arce_gamma_std=0.063193, arce_sample_gamma_mean=0.130679, arce_sampled_teacher_overlap_mean=0.709032, arce_sampler=marginal, arce_sampling_power=2.000000, arce_teacher_missing_mass_mean=0.150507, arce_teacher_missing_mass_std=0.090136
09/05/2026,07:28:30: Training...
09/05/2026,07:28:31: Evaluating...
09/05/2026,07:28:31: 	Train Loss: 3437759.2500 (base: 193.8735, kd: 6875.1313), Elapsed: train 2.41 test 0.32
09/05/2026,07:28:31: 	Recall@10: 0.06758 Recall@20: 0.10186 NDCG@10: 0.04077 NDCG@20: 0.05005 
09/05/2026,07:28:31: 	Recall@10: 0.02647 Recall@20: 0.04331 NDCG@10: 0.01498 NDCG@20: 0.01960 
09/05/2026,07:28:31: Epoch [138/1000]
09/05/2026,07:28:31: Negative sampling...
09/05/2026,07:28:33: Model's personal time...
09/05/2026,07:28:33: Model diagnostics: arce_anchor_count_mean=35.492241, arce_blocker_budget_mean=14.507760, arce_blocker_entropy_mean=4.335470, arce_closure_difficulty_mean=0.516935, arce_closure_difficulty_std=0.256112, arce_gamma_effective_beta=3.000000, arce_gamma_max=0.740818, arce_gamma_mean=0.130339, arce_gamma_min=0.049787, arce_gamma_mode=sample_overlap, arce_gamma_reassignment_l1_mean=0.000000, arce_gamma_std=0.063045, arce_sample_gamma_mean=0.130339, arce_sampled_teacher_overlap_mean=0.709845, arce_sampler=marginal, arce_sampling_power=2.000000, arce_teacher_missing_mass_mean=0.149951, arce_teacher_missing_mass_std=0.089930
09/05/2026,07:28:33: Training...
09/05/2026,07:28:34: Evaluating...
09/05/2026,07:28:34: 	Train Loss: 3438801.0000 (base: 195.7101, kd: 6877.2104), Elapsed: train 2.71 test 0.27
09/05/2026,07:28:34: 	Recall@10: 0.06779 Recall@20: 0.10136 NDCG@10: 0.04097 NDCG@20: 0.05008 
09/05/2026,07:28:34: 	Recall@10: 0.02681 Recall@20: 0.04344 NDCG@10: 0.01502 NDCG@20: 0.01956 
09/05/2026,07:28:34: Epoch [139/1000]
09/05/2026,07:28:34: Negative sampling...
09/05/2026,07:28:36: Model's personal time...
09/05/2026,07:28:36: Model diagnostics: arce_anchor_count_mean=35.517342, arce_blocker_budget_mean=14.482659, arce_blocker_entropy_mean=4.336075, arce_closure_difficulty_mean=0.516000, arce_closure_difficulty_std=0.256125, arce_gamma_effective_beta=3.000000, arce_gamma_max=0.740818, arce_gamma_mean=0.130143, arce_gamma_min=0.049787, arce_gamma_mode=sample_overlap, arce_gamma_reassignment_l1_mean=0.000000, arce_gamma_std=0.062911, arce_sample_gamma_mean=0.130143, arce_sampled_teacher_overlap_mean=0.710347, arce_sampler=marginal, arce_sampling_power=2.000000, arce_teacher_missing_mass_mean=0.149618, arce_teacher_missing_mass_std=0.089957
09/05/2026,07:28:36: Training...
09/05/2026,07:28:37: Evaluating...
09/05/2026,07:28:37: 	Train Loss: 3438516.2500 (base: 194.9322, kd: 6876.6426), Elapsed: train 2.59 test 0.28
09/05/2026,07:28:37: 	Recall@10: 0.06763 Recall@20: 0.10120 NDCG@10: 0.04091 NDCG@20: 0.05000 
09/05/2026,07:28:37: 	Recall@10: 0.02664 Recall@20: 0.04323 NDCG@10: 0.01502 NDCG@20: 0.01957 
09/05/2026,07:28:37: Epoch [140/1000]
09/05/2026,07:28:37: Negative sampling...
09/05/2026,07:28:39: Model's personal time...
09/05/2026,07:28:39: Model diagnostics: arce_anchor_count_mean=35.557384, arce_blocker_budget_mean=14.442614, arce_blocker_entropy_mean=4.328506, arce_closure_difficulty_mean=0.514834, arce_closure_difficulty_std=0.255342, arce_gamma_effective_beta=3.000000, arce_gamma_max=0.740818, arce_gamma_mean=0.129765, arce_gamma_min=0.049787, arce_gamma_mode=sample_overlap, arce_gamma_reassignment_l1_mean=0.000000, arce_gamma_std=0.062510, arce_sample_gamma_mean=0.129765, arce_sampled_teacher_overlap_mean=0.711148, arce_sampler=marginal, arce_sampling_power=2.000000, arce_teacher_missing_mass_mean=0.149138, arce_teacher_missing_mass_std=0.089638
09/05/2026,07:28:39: Training...
09/05/2026,07:28:40: Evaluating...
09/05/2026,07:28:40: 	Train Loss: 3438745.0000 (base: 193.4152, kd: 6877.1030), Elapsed: train 2.55 test 0.28
09/05/2026,07:28:40: 	Recall@10: 0.06689 Recall@20: 0.10082 NDCG@10: 0.04045 NDCG@20: 0.04969 
09/05/2026,07:28:40: 	Recall@10: 0.02692 Recall@20: 0.04286 NDCG@10: 0.01504 NDCG@20: 0.01940 
09/05/2026,07:28:40: Epoch [141/1000]
09/05/2026,07:28:40: Negative sampling...
09/05/2026,07:28:41: Model's personal time...
09/05/2026,07:28:41: Model diagnostics: arce_anchor_count_mean=35.588425, arce_blocker_budget_mean=14.411572, arce_blocker_entropy_mean=4.329707, arce_closure_difficulty_mean=0.513723, arce_closure_difficulty_std=0.255493, arce_gamma_effective_beta=3.000000, arce_gamma_max=0.740818, arce_gamma_mean=0.129492, arce_gamma_min=0.049787, arce_gamma_mode=sample_overlap, arce_gamma_reassignment_l1_mean=0.000000, arce_gamma_std=0.062222, arce_sample_gamma_mean=0.129492, arce_sampled_teacher_overlap_mean=0.711769, arce_sampler=marginal, arce_sampling_power=2.000000, arce_teacher_missing_mass_mean=0.148715, arce_teacher_missing_mass_std=0.089560
09/05/2026,07:28:41: Training...
09/05/2026,07:28:42: Evaluating...
09/05/2026,07:28:43: 	Train Loss: 3439098.7500 (base: 190.0974, kd: 6877.8174), Elapsed: train 2.46 test 0.28
09/05/2026,07:28:43: 	Recall@10: 0.06738 Recall@20: 0.10186 NDCG@10: 0.04067 NDCG@20: 0.05007 
09/05/2026,07:28:43: 	Recall@10: 0.02731 Recall@20: 0.04247 NDCG@10: 0.01517 NDCG@20: 0.01933 
09/05/2026,07:28:43: Epoch [142/1000]
09/05/2026,07:28:43: Negative sampling...
09/05/2026,07:28:44: Model's personal time...
09/05/2026,07:28:44: Model diagnostics: arce_anchor_count_mean=35.628471, arce_blocker_budget_mean=14.371527, arce_blocker_entropy_mean=4.326837, arce_closure_difficulty_mean=0.512168, arce_closure_difficulty_std=0.254896, arce_gamma_effective_beta=3.000000, arce_gamma_max=0.740818, arce_gamma_mean=0.129161, arce_gamma_min=0.049787, arce_gamma_mode=sample_overlap, arce_gamma_reassignment_l1_mean=0.000000, arce_gamma_std=0.062034, arce_sample_gamma_mean=0.129161, arce_sampled_teacher_overlap_mean=0.712569, arce_sampler=marginal, arce_sampling_power=2.000000, arce_teacher_missing_mass_mean=0.148142, arce_teacher_missing_mass_std=0.089358
09/05/2026,07:28:44: Training...
09/05/2026,07:28:45: Evaluating...
09/05/2026,07:28:46: 	Train Loss: 3439536.5000 (base: 190.0556, kd: 6878.6938), Elapsed: train 2.52 test 0.28
09/05/2026,07:28:46: 	Recall@10: 0.06772 Recall@20: 0.10105 NDCG@10: 0.04060 NDCG@20: 0.04965 
09/05/2026,07:28:46: 	Recall@10: 0.02639 Recall@20: 0.04302 NDCG@10: 0.01473 NDCG@20: 0.01929 
09/05/2026,07:28:46: Epoch [143/1000]
09/05/2026,07:28:46: Negative sampling...
09/05/2026,07:28:47: Model's personal time...
09/05/2026,07:28:47: Model diagnostics: arce_anchor_count_mean=35.653957, arce_blocker_budget_mean=14.346044, arce_blocker_entropy_mean=4.322566, arce_closure_difficulty_mean=0.511146, arce_closure_difficulty_std=0.254551, arce_gamma_effective_beta=3.000000, arce_gamma_max=0.740818, arce_gamma_mean=0.128929, arce_gamma_min=0.049787, arce_gamma_mode=sample_overlap, arce_gamma_reassignment_l1_mean=0.000000, arce_gamma_std=0.061828, arce_sample_gamma_mean=0.128929, arce_sampled_teacher_overlap_mean=0.713079, arce_sampler=marginal, arce_sampling_power=2.000000, arce_teacher_missing_mass_mean=0.147760, arce_teacher_missing_mass_std=0.089094
09/05/2026,07:28:47: Training...
09/05/2026,07:28:48: Evaluating...
09/05/2026,07:28:48: 	Train Loss: 3439234.2500 (base: 187.7195, kd: 6878.0928), Elapsed: train 2.49 test 0.26
09/05/2026,07:28:48: 	Recall@10: 0.06800 Recall@20: 0.10171 NDCG@10: 0.04098 NDCG@20: 0.05012 
09/05/2026,07:28:48: 	Recall@10: 0.02712 Recall@20: 0.04321 NDCG@10: 0.01520 NDCG@20: 0.01963 
09/05/2026,07:28:48: Epoch [144/1000]
09/05/2026,07:28:48: Negative sampling...
09/05/2026,07:28:50: Model's personal time...
09/05/2026,07:28:50: Model diagnostics: arce_anchor_count_mean=35.684807, arce_blocker_budget_mean=14.315194, arce_blocker_entropy_mean=4.320343, arce_closure_difficulty_mean=0.509937, arce_closure_difficulty_std=0.254086, arce_gamma_effective_beta=3.000000, arce_gamma_max=0.740818, arce_gamma_mean=0.128639, arce_gamma_min=0.049787, arce_gamma_mode=sample_overlap, arce_gamma_reassignment_l1_mean=0.000000, arce_gamma_std=0.061453, arce_sample_gamma_mean=0.128639, arce_sampled_teacher_overlap_mean=0.713696, arce_sampler=marginal, arce_sampling_power=2.000000, arce_teacher_missing_mass_mean=0.147295, arce_teacher_missing_mass_std=0.088860
09/05/2026,07:28:50: Training...
09/05/2026,07:28:51: Evaluating...
09/05/2026,07:28:51: 	Train Loss: 3439508.2500 (base: 187.0488, kd: 6878.6426), Elapsed: train 2.52 test 0.27
09/05/2026,07:28:51: 	Recall@10: 0.06758 Recall@20: 0.10181 NDCG@10: 0.04066 NDCG@20: 0.04996 
09/05/2026,07:28:51: 	Recall@10: 0.02686 Recall@20: 0.04280 NDCG@10: 0.01505 NDCG@20: 0.01945 
09/05/2026,07:28:51: Epoch [145/1000]
09/05/2026,07:28:51: Negative sampling...
09/05/2026,07:28:52: Model's personal time...
09/05/2026,07:28:52: Model diagnostics: arce_anchor_count_mean=35.715847, arce_blocker_budget_mean=14.284154, arce_blocker_entropy_mean=4.320384, arce_closure_difficulty_mean=0.508961, arce_closure_difficulty_std=0.254049, arce_gamma_effective_beta=3.000000, arce_gamma_max=0.740818, arce_gamma_mean=0.128401, arce_gamma_min=0.049787, arce_gamma_mode=sample_overlap, arce_gamma_reassignment_l1_mean=0.000000, arce_gamma_std=0.061365, arce_sample_gamma_mean=0.128401, arce_sampled_teacher_overlap_mean=0.714317, arce_sampler=marginal, arce_sampling_power=2.000000, arce_teacher_missing_mass_mean=0.146904, arce_teacher_missing_mass_std=0.088794
09/05/2026,07:28:52: Training...
09/05/2026,07:28:53: Evaluating...
09/05/2026,07:28:54: 	Train Loss: 3439394.5000 (base: 187.1713, kd: 6878.4146), Elapsed: train 2.35 test 0.27
09/05/2026,07:28:54: 	Recall@10: 0.06776 Recall@20: 0.10072 NDCG@10: 0.04068 NDCG@20: 0.04969 
09/05/2026,07:28:54: 	Recall@10: 0.02720 Recall@20: 0.04268 NDCG@10: 0.01505 NDCG@20: 0.01930 
09/05/2026,07:28:54: Epoch [146/1000]
09/05/2026,07:28:54: Negative sampling...
09/05/2026,07:28:55: Model's personal time...
09/05/2026,07:28:55: Model diagnostics: arce_anchor_count_mean=35.734814, arce_blocker_budget_mean=14.265184, arce_blocker_entropy_mean=4.317068, arce_closure_difficulty_mean=0.507838, arce_closure_difficulty_std=0.253647, arce_gamma_effective_beta=3.000000, arce_gamma_max=0.740818, arce_gamma_mean=0.128235, arce_gamma_min=0.049787, arce_gamma_mode=sample_overlap, arce_gamma_reassignment_l1_mean=0.000000, arce_gamma_std=0.061255, arce_sample_gamma_mean=0.128235, arce_sampled_teacher_overlap_mean=0.714696, arce_sampler=marginal, arce_sampling_power=2.000000, arce_teacher_missing_mass_mean=0.146585, arce_teacher_missing_mass_std=0.088713
09/05/2026,07:28:55: Training...
09/05/2026,07:28:56: Evaluating...
09/05/2026,07:28:56: 	Train Loss: 3439468.0000 (base: 182.8810, kd: 6878.5708), Elapsed: train 2.51 test 0.27
09/05/2026,07:28:56: 	Recall@10: 0.06773 Recall@20: 0.10104 NDCG@10: 0.04049 NDCG@20: 0.04954 
09/05/2026,07:28:56: 	Recall@10: 0.02764 Recall@20: 0.04239 NDCG@10: 0.01526 NDCG@20: 0.01932 
09/05/2026,07:28:56: Epoch [147/1000]
09/05/2026,07:28:56: Negative sampling...
09/05/2026,07:28:58: Model's personal time...
09/05/2026,07:28:58: Model diagnostics: arce_anchor_count_mean=35.773903, arce_blocker_budget_mean=14.226097, arce_blocker_entropy_mean=4.314043, arce_closure_difficulty_mean=0.506876, arce_closure_difficulty_std=0.253398, arce_gamma_effective_beta=3.000000, arce_gamma_max=0.740818, arce_gamma_mean=0.127874, arce_gamma_min=0.049787, arce_gamma_mode=sample_overlap, arce_gamma_reassignment_l1_mean=0.000000, arce_gamma_std=0.060951, arce_sample_gamma_mean=0.127874, arce_sampled_teacher_overlap_mean=0.715478, arce_sampler=marginal, arce_sampling_power=2.000000, arce_teacher_missing_mass_mean=0.146090, arce_teacher_missing_mass_std=0.088414
09/05/2026,07:28:58: Training...
09/05/2026,07:28:59: Evaluating...
09/05/2026,07:28:59: 	Train Loss: 3439785.7500 (base: 183.5595, kd: 6879.2041), Elapsed: train 2.53 test 0.26
09/05/2026,07:28:59: 	Recall@10: 0.06775 Recall@20: 0.10135 NDCG@10: 0.04068 NDCG@20: 0.04977 
09/05/2026,07:28:59: 	Recall@10: 0.02801 Recall@20: 0.04273 NDCG@10: 0.01536 NDCG@20: 0.01939 
09/05/2026,07:28:59: Epoch [148/1000]
09/05/2026,07:28:59: Negative sampling...
09/05/2026,07:29:01: Model's personal time...
09/05/2026,07:29:01: Model diagnostics: arce_anchor_count_mean=35.801685, arce_blocker_budget_mean=14.198314, arce_blocker_entropy_mean=4.312609, arce_closure_difficulty_mean=0.505926, arce_closure_difficulty_std=0.253078, arce_gamma_effective_beta=3.000000, arce_gamma_max=0.740818, arce_gamma_mean=0.127654, arce_gamma_min=0.049787, arce_gamma_mode=sample_overlap, arce_gamma_reassignment_l1_mean=0.000000, arce_gamma_std=0.060837, arce_sample_gamma_mean=0.127654, arce_sampled_teacher_overlap_mean=0.716034, arce_sampler=marginal, arce_sampling_power=2.000000, arce_teacher_missing_mass_mean=0.145772, arce_teacher_missing_mass_std=0.088360
09/05/2026,07:29:01: Training...
09/05/2026,07:29:02: Evaluating...
09/05/2026,07:29:02: 	Train Loss: 3440087.7500 (base: 184.9834, kd: 6879.8052), Elapsed: train 2.46 test 0.30
09/05/2026,07:29:02: 	Recall@10: 0.06754 Recall@20: 0.10035 NDCG@10: 0.04039 NDCG@20: 0.04933 
09/05/2026,07:29:02: 	Recall@10: 0.02728 Recall@20: 0.04267 NDCG@10: 0.01520 NDCG@20: 0.01945 
09/05/2026,07:29:02: Epoch [149/1000]
09/05/2026,07:29:02: Negative sampling...
09/05/2026,07:29:03: Model's personal time...
09/05/2026,07:29:03: Model diagnostics: arce_anchor_count_mean=35.836941, arce_blocker_budget_mean=14.163058, arce_blocker_entropy_mean=4.308799, arce_closure_difficulty_mean=0.504905, arce_closure_difficulty_std=0.252792, arce_gamma_effective_beta=3.000000, arce_gamma_max=0.740818, arce_gamma_mean=0.127307, arce_gamma_min=0.049787, arce_gamma_mode=sample_overlap, arce_gamma_reassignment_l1_mean=0.000000, arce_gamma_std=0.060422, arce_sample_gamma_mean=0.127307, arce_sampled_teacher_overlap_mean=0.716739, arce_sampler=marginal, arce_sampling_power=2.000000, arce_teacher_missing_mass_mean=0.145335, arce_teacher_missing_mass_std=0.088123
09/05/2026,07:29:03: Training...
09/05/2026,07:29:05: Evaluating...
09/05/2026,07:29:05: 	Train Loss: 3439758.5000 (base: 179.1584, kd: 6879.1592), Elapsed: train 2.59 test 0.27
09/05/2026,07:29:05: 	Recall@10: 0.06854 Recall@20: 0.10033 NDCG@10: 0.04070 NDCG@20: 0.04938 
09/05/2026,07:29:05: 	Recall@10: 0.02763 Recall@20: 0.04253 NDCG@10: 0.01522 NDCG@20: 0.01932 
09/05/2026,07:29:05: Epoch [150/1000]
09/05/2026,07:29:05: Negative sampling...
09/05/2026,07:29:06: Model's personal time...
09/05/2026,07:29:06: Model diagnostics: arce_anchor_count_mean=35.864342, arce_blocker_budget_mean=14.135658, arce_blocker_entropy_mean=4.306678, arce_closure_difficulty_mean=0.503827, arce_closure_difficulty_std=0.252429, arce_gamma_effective_beta=3.000000, arce_gamma_max=0.740818, arce_gamma_mean=0.127083, arce_gamma_min=0.049787, arce_gamma_mode=sample_overlap, arce_gamma_reassignment_l1_mean=0.000000, arce_gamma_std=0.060356, arce_sample_gamma_mean=0.127083, arce_sampled_teacher_overlap_mean=0.717287, arce_sampler=marginal, arce_sampling_power=2.000000, arce_teacher_missing_mass_mean=0.144926, arce_teacher_missing_mass_std=0.087996
09/05/2026,07:29:06: Training...
09/05/2026,07:29:07: Evaluating...
09/05/2026,07:29:08: 	Train Loss: 3440359.5000 (base: 177.4612, kd: 6880.3633), Elapsed: train 2.49 test 0.28
09/05/2026,07:29:08: 	Recall@10: 0.06781 Recall@20: 0.10067 NDCG@10: 0.04051 NDCG@20: 0.04941 
09/05/2026,07:29:08: 	Recall@10: 0.02721 Recall@20: 0.04267 NDCG@10: 0.01517 NDCG@20: 0.01943 
09/05/2026,07:29:08: Epoch [151/1000]
09/05/2026,07:29:08: Negative sampling...
09/05/2026,07:29:09: Model's personal time...
09/05/2026,07:29:09: Model diagnostics: arce_anchor_count_mean=35.890591, arce_blocker_budget_mean=14.109407, arce_blocker_entropy_mean=4.303858, arce_closure_difficulty_mean=0.502698, arce_closure_difficulty_std=0.252186, arce_gamma_effective_beta=3.000000, arce_gamma_max=0.740818, arce_gamma_mean=0.126874, arce_gamma_min=0.049787, arce_gamma_mode=sample_overlap, arce_gamma_reassignment_l1_mean=0.000000, arce_gamma_std=0.060228, arce_sample_gamma_mean=0.126874, arce_sampled_teacher_overlap_mean=0.717812, arce_sampler=marginal, arce_sampling_power=2.000000, arce_teacher_missing_mass_mean=0.144507, arce_teacher_missing_mass_std=0.087786
09/05/2026,07:29:09: Training...
09/05/2026,07:29:10: Evaluating...
09/05/2026,07:29:10: 	Train Loss: 3440167.7500 (base: 177.9526, kd: 6879.9800), Elapsed: train 2.51 test 0.26
09/05/2026,07:29:10: 	Recall@10: 0.06890 Recall@20: 0.10098 NDCG@10: 0.04092 NDCG@20: 0.04962 
09/05/2026,07:29:10: 	Recall@10: 0.02686 Recall@20: 0.04222 NDCG@10: 0.01497 NDCG@20: 0.01924 
09/05/2026,07:29:10: Epoch [152/1000]
09/05/2026,07:29:10: Negative sampling...
09/05/2026,07:29:12: Model's personal time...
09/05/2026,07:29:12: Model diagnostics: arce_anchor_count_mean=35.917416, arce_blocker_budget_mean=14.082582, arce_blocker_entropy_mean=4.301991, arce_closure_difficulty_mean=0.501364, arce_closure_difficulty_std=0.251675, arce_gamma_effective_beta=3.000000, arce_gamma_max=0.740818, arce_gamma_mean=0.126663, arce_gamma_min=0.049787, arce_gamma_mode=sample_overlap, arce_gamma_reassignment_l1_mean=0.000000, arce_gamma_std=0.060160, arce_sample_gamma_mean=0.126663, arce_sampled_teacher_overlap_mean=0.718348, arce_sampler=marginal, arce_sampling_power=2.000000, arce_teacher_missing_mass_mean=0.144096, arce_teacher_missing_mass_std=0.087688
09/05/2026,07:29:12: Training...
09/05/2026,07:29:13: Evaluating...
09/05/2026,07:29:13: 	Train Loss: 3440273.5000 (base: 176.9461, kd: 6880.1924), Elapsed: train 2.47 test 0.33
09/05/2026,07:29:13: 	Recall@10: 0.06826 Recall@20: 0.10136 NDCG@10: 0.04070 NDCG@20: 0.04967 
09/05/2026,07:29:13: 	Recall@10: 0.02715 Recall@20: 0.04233 NDCG@10: 0.01507 NDCG@20: 0.01928 
09/05/2026,07:29:13: Epoch [153/1000]
09/05/2026,07:29:13: Negative sampling...
09/05/2026,07:29:15: Model's personal time...
09/05/2026,07:29:15: Model diagnostics: arce_anchor_count_mean=35.942902, arce_blocker_budget_mean=14.057099, arce_blocker_entropy_mean=4.299376, arce_closure_difficulty_mean=0.500324, arce_closure_difficulty_std=0.251293, arce_gamma_effective_beta=3.000000, arce_gamma_max=0.697676, arce_gamma_mean=0.126428, arce_gamma_min=0.049787, arce_gamma_mode=sample_overlap, arce_gamma_reassignment_l1_mean=0.000000, arce_gamma_std=0.059846, arce_sample_gamma_mean=0.126428, arce_sampled_teacher_overlap_mean=0.718858, arce_sampler=marginal, arce_sampling_power=2.000000, arce_teacher_missing_mass_mean=0.143691, arce_teacher_missing_mass_std=0.087473
09/05/2026,07:29:15: Training...
09/05/2026,07:29:16: Evaluating...
09/05/2026,07:29:16: 	Train Loss: 3440418.5000 (base: 177.2494, kd: 6880.4824), Elapsed: train 2.55 test 0.26
09/05/2026,07:29:16: 	Recall@10: 0.06826 Recall@20: 0.10087 NDCG@10: 0.04067 NDCG@20: 0.04966 
09/05/2026,07:29:16: 	Recall@10: 0.02744 Recall@20: 0.04248 NDCG@10: 0.01520 NDCG@20: 0.01933 
09/05/2026,07:29:16: Epoch [154/1000]
09/05/2026,07:29:16: Negative sampling...
09/05/2026,07:29:18: Model's personal time...
09/05/2026,07:29:18: Model diagnostics: arce_anchor_count_mean=35.957848, arce_blocker_budget_mean=14.042153, arce_blocker_entropy_mean=4.296889, arce_closure_difficulty_mean=0.499354, arce_closure_difficulty_std=0.251170, arce_gamma_effective_beta=3.000000, arce_gamma_max=0.697676, arce_gamma_mean=0.126320, arce_gamma_min=0.049787, arce_gamma_mode=sample_overlap, arce_gamma_reassignment_l1_mean=0.000000, arce_gamma_std=0.059769, arce_sample_gamma_mean=0.126320, arce_sampled_teacher_overlap_mean=0.719157, arce_sampler=marginal, arce_sampling_power=2.000000, arce_teacher_missing_mass_mean=0.143474, arce_teacher_missing_mass_std=0.087570
09/05/2026,07:29:18: Training...
09/05/2026,07:29:19: Evaluating...
09/05/2026,07:29:19: 	Train Loss: 3440857.5000 (base: 184.6120, kd: 6881.3457), Elapsed: train 2.83 test 0.27
09/05/2026,07:29:19: 	Recall@10: 0.06836 Recall@20: 0.10070 NDCG@10: 0.04068 NDCG@20: 0.04950 
09/05/2026,07:29:19: 	Recall@10: 0.02735 Recall@20: 0.04199 NDCG@10: 0.01511 NDCG@20: 0.01919 
09/05/2026,07:29:19: Epoch [155/1000]
09/05/2026,07:29:19: Negative sampling...
09/05/2026,07:29:21: Model's personal time...
09/05/2026,07:29:21: Model diagnostics: arce_anchor_count_mean=35.988312, arce_blocker_budget_mean=14.011688, arce_blocker_entropy_mean=4.297548, arce_closure_difficulty_mean=0.498263, arce_closure_difficulty_std=0.250848, arce_gamma_effective_beta=3.000000, arce_gamma_max=0.697676, arce_gamma_mean=0.126066, arce_gamma_min=0.049787, arce_gamma_mode=sample_overlap, arce_gamma_reassignment_l1_mean=0.000000, arce_gamma_std=0.059641, arce_sample_gamma_mean=0.126066, arce_sampled_teacher_overlap_mean=0.719766, arce_sampler=marginal, arce_sampling_power=2.000000, arce_teacher_missing_mass_mean=0.143028, arce_teacher_missing_mass_std=0.087387
09/05/2026,07:29:21: Training...
09/05/2026,07:29:22: Evaluating...
09/05/2026,07:29:22: 	Train Loss: 3440649.0000 (base: 183.9518, kd: 6880.9302), Elapsed: train 2.61 test 0.32
09/05/2026,07:29:22: 	Recall@10: 0.06771 Recall@20: 0.10057 NDCG@10: 0.04040 NDCG@20: 0.04940 
09/05/2026,07:29:22: 	Recall@10: 0.02706 Recall@20: 0.04215 NDCG@10: 0.01502 NDCG@20: 0.01917 
09/05/2026,07:29:22: Epoch [156/1000]
09/05/2026,07:29:22: Negative sampling...
09/05/2026,07:29:23: Model's personal time...
09/05/2026,07:29:24: Model diagnostics: arce_anchor_count_mean=36.021652, arce_blocker_budget_mean=13.978348, arce_blocker_entropy_mean=4.293882, arce_closure_difficulty_mean=0.497336, arce_closure_difficulty_std=0.250668, arce_gamma_effective_beta=3.000000, arce_gamma_max=0.697676, arce_gamma_mean=0.125796, arce_gamma_min=0.049787, arce_gamma_mode=sample_overlap, arce_gamma_reassignment_l1_mean=0.000000, arce_gamma_std=0.059462, arce_sample_gamma_mean=0.125796, arce_sampled_teacher_overlap_mean=0.720433, arce_sampler=marginal, arce_sampling_power=2.000000, arce_teacher_missing_mass_mean=0.142641, arce_teacher_missing_mass_std=0.087236
09/05/2026,07:29:24: Training...
09/05/2026,07:29:25: Evaluating...
09/05/2026,07:29:25: 	Train Loss: 3441340.7500 (base: 185.7770, kd: 6882.3091), Elapsed: train 2.47 test 0.30
09/05/2026,07:29:25: 	Recall@10: 0.06750 Recall@20: 0.10088 NDCG@10: 0.04052 NDCG@20: 0.04963 
09/05/2026,07:29:25: 	Recall@10: 0.02652 Recall@20: 0.04278 NDCG@10: 0.01465 NDCG@20: 0.01914 
09/05/2026,07:29:25: Epoch [157/1000]
09/05/2026,07:29:25: Negative sampling...
09/05/2026,07:29:26: Model's personal time...
09/05/2026,07:29:26: Model diagnostics: arce_anchor_count_mean=36.045601, arce_blocker_budget_mean=13.954397, arce_blocker_entropy_mean=4.291575, arce_closure_difficulty_mean=0.496600, arce_closure_difficulty_std=0.250362, arce_gamma_effective_beta=3.000000, arce_gamma_max=0.697676, arce_gamma_mean=0.125546, arce_gamma_min=0.049787, arce_gamma_mode=sample_overlap, arce_gamma_reassignment_l1_mean=0.000000, arce_gamma_std=0.059049, arce_sample_gamma_mean=0.125546, arce_sampled_teacher_overlap_mean=0.720912, arce_sampler=marginal, arce_sampling_power=2.000000, arce_teacher_missing_mass_mean=0.142326, arce_teacher_missing_mass_std=0.087009
09/05/2026,07:29:26: Training...
09/05/2026,07:29:27: Evaluating...
09/05/2026,07:29:28: 	Train Loss: 3440607.0000 (base: 187.5089, kd: 6880.8394), Elapsed: train 2.51 test 0.27
09/05/2026,07:29:28: 	Recall@10: 0.06802 Recall@20: 0.10081 NDCG@10: 0.04067 NDCG@20: 0.04963 
09/05/2026,07:29:28: 	Recall@10: 0.02733 Recall@20: 0.04272 NDCG@10: 0.01514 NDCG@20: 0.01934 
09/05/2026,07:29:28: Epoch [158/1000]
09/05/2026,07:29:28: Negative sampling...
09/05/2026,07:29:29: Model's personal time...
09/05/2026,07:29:29: Model diagnostics: arce_anchor_count_mean=36.074917, arce_blocker_budget_mean=13.925081, arce_blocker_entropy_mean=4.289349, arce_closure_difficulty_mean=0.495468, arce_closure_difficulty_std=0.250000, arce_gamma_effective_beta=3.000000, arce_gamma_max=0.740818, arce_gamma_mean=0.125323, arce_gamma_min=0.049787, arce_gamma_mode=sample_overlap, arce_gamma_reassignment_l1_mean=0.000000, arce_gamma_std=0.058999, arce_sample_gamma_mean=0.125323, arce_sampled_teacher_overlap_mean=0.721498, arce_sampler=marginal, arce_sampling_power=2.000000, arce_teacher_missing_mass_mean=0.141935, arce_teacher_missing_mass_std=0.086873
09/05/2026,07:29:29: Training...
09/05/2026,07:29:30: Evaluating...
09/05/2026,07:29:30: 	Train Loss: 3441037.2500 (base: 186.0041, kd: 6881.7026), Elapsed: train 2.48 test 0.27
09/05/2026,07:29:30: 	Recall@10: 0.06774 Recall@20: 0.10186 NDCG@10: 0.04063 NDCG@20: 0.04992 
09/05/2026,07:29:30: 	Recall@10: 0.02704 Recall@20: 0.04291 NDCG@10: 0.01495 NDCG@20: 0.01930 
09/05/2026,07:29:30: Epoch [159/1000]
09/05/2026,07:29:30: Negative sampling...
09/05/2026,07:29:32: Model's personal time...
09/05/2026,07:29:32: Model diagnostics: arce_anchor_count_mean=36.105190, arce_blocker_budget_mean=13.894807, arce_blocker_entropy_mean=4.290149, arce_closure_difficulty_mean=0.494475, arce_closure_difficulty_std=0.249789, arce_gamma_effective_beta=3.000000, arce_gamma_max=0.740818, arce_gamma_mean=0.125047, arce_gamma_min=0.049787, arce_gamma_mode=sample_overlap, arce_gamma_reassignment_l1_mean=0.000000, arce_gamma_std=0.058701, arce_sample_gamma_mean=0.125047, arce_sampled_teacher_overlap_mean=0.722104, arce_sampler=marginal, arce_sampling_power=2.000000, arce_teacher_missing_mass_mean=0.141546, arce_teacher_missing_mass_std=0.086704
09/05/2026,07:29:32: Training...
09/05/2026,07:29:33: Evaluating...
09/05/2026,07:29:33: 	Train Loss: 3441172.2500 (base: 186.3009, kd: 6881.9717), Elapsed: train 2.47 test 0.26
09/05/2026,07:29:33: 	Recall@10: 0.06745 Recall@20: 0.10092 NDCG@10: 0.04036 NDCG@20: 0.04953 
09/05/2026,07:29:33: 	Recall@10: 0.02687 Recall@20: 0.04338 NDCG@10: 0.01500 NDCG@20: 0.01950 
09/05/2026,07:29:33: Epoch [160/1000]
09/05/2026,07:29:33: Negative sampling...
09/05/2026,07:29:35: Model's personal time...
09/05/2026,07:29:35: Model diagnostics: arce_anchor_count_mean=36.135658, arce_blocker_budget_mean=13.864342, arce_blocker_entropy_mean=4.286260, arce_closure_difficulty_mean=0.493509, arce_closure_difficulty_std=0.249387, arce_gamma_effective_beta=3.000000, arce_gamma_max=0.740818, arce_gamma_mean=0.124806, arce_gamma_min=0.049787, arce_gamma_mode=sample_overlap, arce_gamma_reassignment_l1_mean=0.000000, arce_gamma_std=0.058605, arce_sample_gamma_mean=0.124806, arce_sampled_teacher_overlap_mean=0.722713, arce_sampler=marginal, arce_sampling_power=2.000000, arce_teacher_missing_mass_mean=0.141153, arce_teacher_missing_mass_std=0.086513
09/05/2026,07:29:35: Training...
09/05/2026,07:29:36: Evaluating...
09/05/2026,07:29:36: 	Train Loss: 3441671.5000 (base: 178.6319, kd: 6882.9858), Elapsed: train 2.54 test 0.26
09/05/2026,07:29:36: 	Recall@10: 0.06744 Recall@20: 0.10136 NDCG@10: 0.04038 NDCG@20: 0.04963 
09/05/2026,07:29:36: 	Recall@10: 0.02726 Recall@20: 0.04286 NDCG@10: 0.01522 NDCG@20: 0.01949 
09/05/2026,07:29:36: Epoch [161/1000]
09/05/2026,07:29:36: Negative sampling...
09/05/2026,07:29:37: Model's personal time...
09/05/2026,07:29:37: Model diagnostics: arce_anchor_count_mean=36.168423, arce_blocker_budget_mean=13.831576, arce_blocker_entropy_mean=4.282539, arce_closure_difficulty_mean=0.492523, arce_closure_difficulty_std=0.249220, arce_gamma_effective_beta=3.000000, arce_gamma_max=0.697676, arce_gamma_mean=0.124525, arce_gamma_min=0.049787, arce_gamma_mode=sample_overlap, arce_gamma_reassignment_l1_mean=0.000000, arce_gamma_std=0.058302, arce_sample_gamma_mean=0.124525, arce_sampled_teacher_overlap_mean=0.723368, arce_sampler=marginal, arce_sampling_power=2.000000, arce_teacher_missing_mass_mean=0.140799, arce_teacher_missing_mass_std=0.086453
09/05/2026,07:29:37: Training...
09/05/2026,07:29:38: Evaluating...
09/05/2026,07:29:39: 	Train Loss: 3442096.2500 (base: 179.7487, kd: 6883.8335), Elapsed: train 2.34 test 0.25
09/05/2026,07:29:39: 	Recall@10: 0.06742 Recall@20: 0.10105 NDCG@10: 0.04075 NDCG@20: 0.04996 
09/05/2026,07:29:39: 	Recall@10: 0.02729 Recall@20: 0.04356 NDCG@10: 0.01502 NDCG@20: 0.01945 
09/05/2026,07:29:39: ------------------------------
09/05/2026,07:29:39: valid Recall@10: 0.06775 Recall@20: 0.10152 NDCG@10: 0.04104 NDCG@20: 0.05020
09/05/2026,07:29:39: test Recall@10: 0.02609 Recall@20: 0.04300 NDCG@10: 0.01492 NDCG@20: 0.01958
