----------------------------------------TEACHER----------------------------------------
init_std                                 0.01
embedding_dim                            400
----------------------------------------TEACHER----------------------------------------
----------------------------------------STUDENT----------------------------------------
init_std                                 0.01
embedding_dim                            20
----------------------------------------STUDENT----------------------------------------
----------------------------------------ARGUMENTS----------------------------------------
run_all                                  False
seed                                     0
gpu_id                                   0
no_log                                   False
no_save                                  False
suffix                                   anchor_marginal_es20
verbose                                  False
ablation                                 False
task                                     rec
dataset                                  citeulike
batch_size                               2048
num_ns                                   1
neg_sampling_on_all                      False
T_backbone                               bpr
S_backbone                               bpr
model                                    arcekd
preload                                  False
postsave                                 False
train_teacher                            False
ckpt_interval                            -1
epochs                                   1000
lr                                       0.001
wd                                       1e-05
lmbda                                    500
srce_alpha                               1.0
srce_s                                   20.0
srce_eta                                 1.0
srce_Lu                                  20
srce_mode                                union
srce_kappa                               0.0
eval_period                              1
K_list                                   [10, 20]
early_stop_metric                        NDCG
early_stop_K                             20
early_stop_patience                      30
LOG_DIR                                  logs/
CONFIG_DIR                               configs/
DATA_DIR                                 data/
CKPT_DIR                                 checkpoints/
CRAFT_DIR                                crafts/
mkd_tau                                  1
mkd_K                                    50
mkd_L                                    50
mkd_T                                    10
mkd_mxK                                  200
mkd_beta                                 3
sample_rank                              False
arce_sampler                             marginal
arce_mix_alpha                           0.9
----------------------------------------ARGUMENTS----------------------------------------
----------------------------------------Teacher----------------------------------------
09/05/2026,05:58:50: ------------------------------
09/05/2026,05:58:50: valid Recall@10: 0.06778 Recall@20: 0.10315 NDCG@10: 0.04052 NDCG@20: 0.05027
09/05/2026,05:58:50: test Recall@10: 0.02747 Recall@20: 0.04385 NDCG@10: 0.01551 NDCG@20: 0.02003
----------------------------------------------------------------------------------------
09/05/2026,05:58:50: Epoch [1/1000]
09/05/2026,05:58:50: Negative sampling...
09/05/2026,05:58:52: Model's personal time...
09/05/2026,05:58:52: Model diagnostics: arce_anchor_count_mean=0.112665, arce_blocker_budget_mean=49.887333, arce_blocker_entropy_mean=5.296090, arce_gamma_max=1.000000, arce_gamma_mean=0.993461, arce_gamma_min=0.835270, arce_gamma_std=0.019448, arce_sampled_teacher_overlap_mean=0.002253
09/05/2026,05:58:52: Training...
09/05/2026,05:58:53: Evaluating...
09/05/2026,05:58:53: 	Train Loss: 4615814.5000 (base: 1390.9949, kd: 9228.8467), Elapsed: train 2.82 test 0.26 *
09/05/2026,05:58:53: 	Recall@10: 0.01877 Recall@20: 0.02559 NDCG@10: 0.01161 NDCG@20: 0.01344 
09/05/2026,05:58:53: 	Recall@10: 0.00759 Recall@20: 0.00984 NDCG@10: 0.00452 NDCG@20: 0.00514 
09/05/2026,05:58:53: Epoch [2/1000]
09/05/2026,05:58:53: Negative sampling...
09/05/2026,05:58:55: Model's personal time...
09/05/2026,05:58:55: Model diagnostics: arce_anchor_count_mean=6.680015, arce_blocker_budget_mean=43.319984, arce_blocker_entropy_mean=5.233994, arce_gamma_max=1.000000, arce_gamma_mean=0.706084, arce_gamma_min=0.146607, arce_gamma_std=0.207984, arce_sampled_teacher_overlap_mean=0.133600
09/05/2026,05:58:55: Training...
09/05/2026,05:58:56: Evaluating...
09/05/2026,05:58:56: 	Train Loss: 4262645.5000 (base: 1381.9891, kd: 8522.5264), Elapsed: train 2.61 test 0.34 *
09/05/2026,05:58:56: 	Recall@10: 0.03242 Recall@20: 0.04764 NDCG@10: 0.02125 NDCG@20: 0.02534 
09/05/2026,05:58:56: 	Recall@10: 0.01287 Recall@20: 0.02150 NDCG@10: 0.00807 NDCG@20: 0.01041 
09/05/2026,05:58:56: Epoch [3/1000]
09/05/2026,05:58:56: Negative sampling...
09/05/2026,05:58:58: Model's personal time...
09/05/2026,05:58:58: Model diagnostics: arce_anchor_count_mean=11.529411, arce_blocker_budget_mean=38.470589, arce_blocker_entropy_mean=5.201510, arce_gamma_max=1.000000, arce_gamma_mean=0.540296, arce_gamma_min=0.130029, arce_gamma_std=0.202793, arce_sampled_teacher_overlap_mean=0.230588
09/05/2026,05:58:58: Training...
09/05/2026,05:58:59: Evaluating...
09/05/2026,05:58:59: 	Train Loss: 4156195.2500 (base: 1364.7946, kd: 8309.6611), Elapsed: train 2.58 test 0.25 *
09/05/2026,05:58:59: 	Recall@10: 0.03399 Recall@20: 0.04912 NDCG@10: 0.02221 NDCG@20: 0.02620 
09/05/2026,05:58:59: 	Recall@10: 0.01307 Recall@20: 0.02016 NDCG@10: 0.00823 NDCG@20: 0.01021 
09/05/2026,05:58:59: Epoch [4/1000]
09/05/2026,05:58:59: Negative sampling...
09/05/2026,05:59:00: Model's personal time...
09/05/2026,05:59:00: Model diagnostics: arce_anchor_count_mean=12.015903, arce_blocker_budget_mean=37.984097, arce_blocker_entropy_mean=5.198315, arce_gamma_max=1.000000, arce_gamma_mean=0.516676, arce_gamma_min=0.165299, arce_gamma_std=0.178808, arce_sampled_teacher_overlap_mean=0.240318
09/05/2026,05:59:00: Training...
09/05/2026,05:59:01: Evaluating...
09/05/2026,05:59:02: 	Train Loss: 4072114.2500 (base: 1342.1090, kd: 8141.5439), Elapsed: train 2.44 test 0.26 *
09/05/2026,05:59:02: 	Recall@10: 0.03690 Recall@20: 0.05328 NDCG@10: 0.02367 NDCG@20: 0.02811 
09/05/2026,05:59:02: 	Recall@10: 0.01396 Recall@20: 0.02248 NDCG@10: 0.00859 NDCG@20: 0.01100 
09/05/2026,05:59:02: Epoch [5/1000]
09/05/2026,05:59:02: Negative sampling...
09/05/2026,05:59:03: Model's personal time...
09/05/2026,05:59:03: Model diagnostics: arce_anchor_count_mean=13.568691, arce_blocker_budget_mean=36.431309, arce_blocker_entropy_mean=5.188531, arce_gamma_max=1.000000, arce_gamma_mean=0.475377, arce_gamma_min=0.155673, arce_gamma_std=0.179981, arce_sampled_teacher_overlap_mean=0.271374
09/05/2026,05:59:03: Training...
09/05/2026,05:59:04: Evaluating...
09/05/2026,05:59:05: 	Train Loss: 3968896.2500 (base: 1310.9114, kd: 7935.1709), Elapsed: train 2.61 test 0.30 *
09/05/2026,05:59:05: 	Recall@10: 0.03947 Recall@20: 0.05474 NDCG@10: 0.02483 NDCG@20: 0.02897 
09/05/2026,05:59:05: 	Recall@10: 0.01588 Recall@20: 0.02297 NDCG@10: 0.00925 NDCG@20: 0.01127 
09/05/2026,05:59:05: Epoch [6/1000]
09/05/2026,05:59:05: Negative sampling...
09/05/2026,05:59:06: Model's personal time...
09/05/2026,05:59:06: Model diagnostics: arce_anchor_count_mean=14.452577, arce_blocker_budget_mean=35.547424, arce_blocker_entropy_mean=5.181270, arce_gamma_max=1.000000, arce_gamma_mean=0.453335, arce_gamma_min=0.130029, arce_gamma_std=0.178658, arce_sampled_teacher_overlap_mean=0.289052
09/05/2026,05:59:06: Training...
09/05/2026,05:59:07: Evaluating...
09/05/2026,05:59:07: 	Train Loss: 3872794.7500 (base: 1274.5668, kd: 7743.0405), Elapsed: train 2.63 test 0.26 *
09/05/2026,05:59:07: 	Recall@10: 0.04050 Recall@20: 0.05710 NDCG@10: 0.02572 NDCG@20: 0.03024 
09/05/2026,05:59:07: 	Recall@10: 0.01523 Recall@20: 0.02491 NDCG@10: 0.00881 NDCG@20: 0.01150 
09/05/2026,05:59:07: Epoch [7/1000]
09/05/2026,05:59:07: Negative sampling...
09/05/2026,05:59:09: Model's personal time...
09/05/2026,05:59:09: Model diagnostics: arce_anchor_count_mean=15.630006, arce_blocker_budget_mean=34.369995, arce_blocker_entropy_mean=5.170404, arce_gamma_max=1.000000, arce_gamma_mean=0.427033, arce_gamma_min=0.108609, arce_gamma_std=0.180401, arce_sampled_teacher_overlap_mean=0.312600
09/05/2026,05:59:09: Training...
09/05/2026,05:59:10: Evaluating...
09/05/2026,05:59:10: 	Train Loss: 3787872.0000 (base: 1232.6974, kd: 7573.2793), Elapsed: train 2.67 test 0.28 *
09/05/2026,05:59:10: 	Recall@10: 0.04330 Recall@20: 0.06094 NDCG@10: 0.02654 NDCG@20: 0.03130 
09/05/2026,05:59:10: 	Recall@10: 0.01692 Recall@20: 0.02528 NDCG@10: 0.00939 NDCG@20: 0.01172 
09/05/2026,05:59:10: Epoch [8/1000]
09/05/2026,05:59:10: Negative sampling...
09/05/2026,05:59:12: Model's personal time...
09/05/2026,05:59:12: Model diagnostics: arce_anchor_count_mean=16.463499, arce_blocker_budget_mean=33.536499, arce_blocker_entropy_mean=5.160272, arce_gamma_max=1.000000, arce_gamma_mean=0.408604, arce_gamma_min=0.115325, arce_gamma_std=0.180088, arce_sampled_teacher_overlap_mean=0.329270
09/05/2026,05:59:12: Training...
09/05/2026,05:59:13: Evaluating...
09/05/2026,05:59:14: 	Train Loss: 3720494.0000 (base: 1187.5127, kd: 7438.6128), Elapsed: train 3.04 test 0.29 *
09/05/2026,05:59:14: 	Recall@10: 0.04541 Recall@20: 0.06346 NDCG@10: 0.02710 NDCG@20: 0.03198 
09/05/2026,05:59:14: 	Recall@10: 0.01812 Recall@20: 0.02650 NDCG@10: 0.00995 NDCG@20: 0.01225 
09/05/2026,05:59:14: Epoch [9/1000]
09/05/2026,05:59:14: Negative sampling...
09/05/2026,05:59:15: Model's personal time...
09/05/2026,05:59:15: Model diagnostics: arce_anchor_count_mean=17.651466, arce_blocker_budget_mean=32.348534, arce_blocker_entropy_mean=5.149027, arce_gamma_max=1.000000, arce_gamma_mean=0.383767, arce_gamma_min=0.108609, arce_gamma_std=0.178078, arce_sampled_teacher_overlap_mean=0.353029
09/05/2026,05:59:15: Training...
09/05/2026,05:59:16: Evaluating...
09/05/2026,05:59:17: 	Train Loss: 3668544.0000 (base: 1138.8666, kd: 7334.8096), Elapsed: train 2.53 test 0.28 *
09/05/2026,05:59:17: 	Recall@10: 0.04649 Recall@20: 0.06587 NDCG@10: 0.02809 NDCG@20: 0.03337 
09/05/2026,05:59:17: 	Recall@10: 0.01792 Recall@20: 0.02738 NDCG@10: 0.00980 NDCG@20: 0.01243 
09/05/2026,05:59:17: Epoch [10/1000]
09/05/2026,05:59:17: Negative sampling...
09/05/2026,05:59:18: Model's personal time...
09/05/2026,05:59:18: Model diagnostics: arce_anchor_count_mean=18.616018, arce_blocker_budget_mean=31.383982, arce_blocker_entropy_mean=5.138989, arce_gamma_max=1.000000, arce_gamma_mean=0.364988, arce_gamma_min=0.090718, arce_gamma_std=0.176999, arce_sampled_teacher_overlap_mean=0.372320
09/05/2026,05:59:18: Training...
09/05/2026,05:59:19: Evaluating...
09/05/2026,05:59:20: 	Train Loss: 3630184.7500 (base: 1091.7338, kd: 7258.1855), Elapsed: train 2.94 test 0.28 *
09/05/2026,05:59:20: 	Recall@10: 0.04908 Recall@20: 0.06919 NDCG@10: 0.02952 NDCG@20: 0.03494 
09/05/2026,05:59:20: 	Recall@10: 0.01905 Recall@20: 0.02961 NDCG@10: 0.01029 NDCG@20: 0.01320 
09/05/2026,05:59:20: Epoch [11/1000]
09/05/2026,05:59:20: Negative sampling...
09/05/2026,05:59:21: Model's personal time...
09/05/2026,05:59:21: Model diagnostics: arce_anchor_count_mean=19.402567, arce_blocker_budget_mean=30.597431, arce_blocker_entropy_mean=5.130287, arce_gamma_max=1.000000, arce_gamma_mean=0.349346, arce_gamma_min=0.090718, arce_gamma_std=0.173204, arce_sampled_teacher_overlap_mean=0.388051
09/05/2026,05:59:21: Training...
09/05/2026,05:59:23: Evaluating...
09/05/2026,05:59:23: 	Train Loss: 3600890.7500 (base: 1044.3633, kd: 7199.6924), Elapsed: train 2.94 test 0.27 *
09/05/2026,05:59:23: 	Recall@10: 0.04964 Recall@20: 0.07041 NDCG@10: 0.03000 NDCG@20: 0.03565 
09/05/2026,05:59:23: 	Recall@10: 0.01980 Recall@20: 0.02901 NDCG@10: 0.01061 NDCG@20: 0.01317 
09/05/2026,05:59:23: Epoch [12/1000]
09/05/2026,05:59:23: Negative sampling...
09/05/2026,05:59:24: Model's personal time...
09/05/2026,05:59:24: Model diagnostics: arce_anchor_count_mean=20.253113, arce_blocker_budget_mean=29.746885, arce_blocker_entropy_mean=5.119558, arce_gamma_max=1.000000, arce_gamma_mean=0.333442, arce_gamma_min=0.090718, arce_gamma_std=0.170497, arce_sampled_teacher_overlap_mean=0.405062
09/05/2026,05:59:24: Training...
09/05/2026,05:59:25: Evaluating...
09/05/2026,05:59:26: 	Train Loss: 3577323.7500 (base: 999.7502, kd: 7152.6479), Elapsed: train 2.52 test 0.28 *
09/05/2026,05:59:26: 	Recall@10: 0.05058 Recall@20: 0.07345 NDCG@10: 0.03074 NDCG@20: 0.03691 
09/05/2026,05:59:26: 	Recall@10: 0.02104 Recall@20: 0.03081 NDCG@10: 0.01145 NDCG@20: 0.01415 
09/05/2026,05:59:26: Epoch [13/1000]
09/05/2026,05:59:26: Negative sampling...
09/05/2026,05:59:27: Model's personal time...
09/05/2026,05:59:27: Model diagnostics: arce_anchor_count_mean=21.029890, arce_blocker_budget_mean=28.970108, arce_blocker_entropy_mean=5.110534, arce_gamma_max=1.000000, arce_gamma_mean=0.319912, arce_gamma_min=0.080460, arce_gamma_std=0.167356, arce_sampled_teacher_overlap_mean=0.420598
09/05/2026,05:59:27: Training...
09/05/2026,05:59:28: Evaluating...
09/05/2026,05:59:29: 	Train Loss: 3557141.7500 (base: 959.2970, kd: 7112.3647), Elapsed: train 2.57 test 0.29 *
09/05/2026,05:59:29: 	Recall@10: 0.05207 Recall@20: 0.07432 NDCG@10: 0.03154 NDCG@20: 0.03760 
09/05/2026,05:59:29: 	Recall@10: 0.02085 Recall@20: 0.03093 NDCG@10: 0.01136 NDCG@20: 0.01414 
09/05/2026,05:59:29: Epoch [14/1000]
09/05/2026,05:59:29: Negative sampling...
09/05/2026,05:59:30: Model's personal time...
09/05/2026,05:59:30: Model diagnostics: arce_anchor_count_mean=21.749186, arce_blocker_budget_mean=28.250814, arce_blocker_entropy_mean=5.102558, arce_gamma_max=1.000000, arce_gamma_mean=0.307643, arce_gamma_min=0.080460, arce_gamma_std=0.164183, arce_sampled_teacher_overlap_mean=0.434984
09/05/2026,05:59:30: Training...
09/05/2026,05:59:31: Evaluating...
09/05/2026,05:59:32: 	Train Loss: 3541068.2500 (base: 919.3230, kd: 7080.2983), Elapsed: train 2.64 test 0.28 *
09/05/2026,05:59:32: 	Recall@10: 0.05257 Recall@20: 0.07640 NDCG@10: 0.03199 NDCG@20: 0.03850 
09/05/2026,05:59:32: 	Recall@10: 0.02223 Recall@20: 0.03117 NDCG@10: 0.01211 NDCG@20: 0.01458 
09/05/2026,05:59:32: Epoch [15/1000]
09/05/2026,05:59:32: Negative sampling...
09/05/2026,05:59:33: Model's personal time...
09/05/2026,05:59:33: Model diagnostics: arce_anchor_count_mean=22.381107, arce_blocker_budget_mean=27.618893, arce_blocker_entropy_mean=5.094585, arce_gamma_max=1.000000, arce_gamma_mean=0.296692, arce_gamma_min=0.075774, arce_gamma_std=0.160500, arce_sampled_teacher_overlap_mean=0.447622
09/05/2026,05:59:33: Training...
09/05/2026,05:59:34: Evaluating...
09/05/2026,05:59:35: 	Train Loss: 3527003.2500 (base: 883.5508, kd: 7052.2397), Elapsed: train 2.71 test 0.33 *
09/05/2026,05:59:35: 	Recall@10: 0.05315 Recall@20: 0.07776 NDCG@10: 0.03255 NDCG@20: 0.03926 
09/05/2026,05:59:35: 	Recall@10: 0.02277 Recall@20: 0.03220 NDCG@10: 0.01222 NDCG@20: 0.01478 
09/05/2026,05:59:35: Epoch [16/1000]
09/05/2026,05:59:35: Negative sampling...
09/05/2026,05:59:36: Model's personal time...
09/05/2026,05:59:36: Model diagnostics: arce_anchor_count_mean=22.922016, arce_blocker_budget_mean=27.077984, arce_blocker_entropy_mean=5.087559, arce_gamma_max=1.000000, arce_gamma_mean=0.287589, arce_gamma_min=0.071361, arce_gamma_std=0.156660, arce_sampled_teacher_overlap_mean=0.458440
09/05/2026,05:59:36: Training...
09/05/2026,05:59:37: Evaluating...
09/05/2026,05:59:37: 	Train Loss: 3515870.2500 (base: 849.1242, kd: 7030.0425), Elapsed: train 2.45 test 0.26 *
09/05/2026,05:59:37: 	Recall@10: 0.05512 Recall@20: 0.07873 NDCG@10: 0.03344 NDCG@20: 0.03986 
09/05/2026,05:59:37: 	Recall@10: 0.02315 Recall@20: 0.03305 NDCG@10: 0.01264 NDCG@20: 0.01531 
09/05/2026,05:59:37: Epoch [17/1000]
09/05/2026,05:59:37: Negative sampling...
09/05/2026,05:59:39: Model's personal time...
09/05/2026,05:59:39: Model diagnostics: arce_anchor_count_mean=23.457750, arce_blocker_budget_mean=26.542250, arce_blocker_entropy_mean=5.081311, arce_gamma_max=1.000000, arce_gamma_mean=0.279254, arce_gamma_min=0.063292, arce_gamma_std=0.154035, arce_sampled_teacher_overlap_mean=0.469155
09/05/2026,05:59:39: Training...
09/05/2026,05:59:40: Evaluating...
09/05/2026,05:59:40: 	Train Loss: 3506312.5000 (base: 819.6403, kd: 7010.9854), Elapsed: train 2.71 test 0.30 *
09/05/2026,05:59:40: 	Recall@10: 0.05536 Recall@20: 0.08033 NDCG@10: 0.03371 NDCG@20: 0.04051 
09/05/2026,05:59:40: 	Recall@10: 0.02286 Recall@20: 0.03439 NDCG@10: 0.01267 NDCG@20: 0.01574 
09/05/2026,05:59:40: Epoch [18/1000]
09/05/2026,05:59:40: Negative sampling...
09/05/2026,05:59:42: Model's personal time...
09/05/2026,05:59:42: Model diagnostics: arce_anchor_count_mean=23.929487, arce_blocker_budget_mean=26.070511, arce_blocker_entropy_mean=5.075953, arce_gamma_max=1.000000, arce_gamma_mean=0.271505, arce_gamma_min=0.063292, arce_gamma_std=0.150191, arce_sampled_teacher_overlap_mean=0.478590
09/05/2026,05:59:42: Training...
09/05/2026,05:59:43: Evaluating...
09/05/2026,05:59:43: 	Train Loss: 3498431.5000 (base: 793.5842, kd: 6995.2759), Elapsed: train 2.59 test 0.33 *
09/05/2026,05:59:43: 	Recall@10: 0.05586 Recall@20: 0.08068 NDCG@10: 0.03403 NDCG@20: 0.04074 
09/05/2026,05:59:43: 	Recall@10: 0.02311 Recall@20: 0.03414 NDCG@10: 0.01279 NDCG@20: 0.01576 
09/05/2026,05:59:43: Epoch [19/1000]
09/05/2026,05:59:43: Negative sampling...
09/05/2026,05:59:45: Model's personal time...
09/05/2026,05:59:45: Model diagnostics: arce_anchor_count_mean=24.358114, arce_blocker_budget_mean=25.641886, arce_blocker_entropy_mean=5.070888, arce_gamma_max=1.000000, arce_gamma_mean=0.264609, arce_gamma_min=0.067206, arce_gamma_std=0.146983, arce_sampled_teacher_overlap_mean=0.487162
09/05/2026,05:59:45: Training...
09/05/2026,05:59:46: Evaluating...
09/05/2026,05:59:46: 	Train Loss: 3491551.2500 (base: 766.3951, kd: 6981.5698), Elapsed: train 2.59 test 0.34 *
09/05/2026,05:59:46: 	Recall@10: 0.05634 Recall@20: 0.08323 NDCG@10: 0.03434 NDCG@20: 0.04162 
09/05/2026,05:59:46: 	Recall@10: 0.02347 Recall@20: 0.03449 NDCG@10: 0.01302 NDCG@20: 0.01599 
09/05/2026,05:59:46: Epoch [20/1000]
09/05/2026,05:59:46: Negative sampling...
09/05/2026,05:59:48: Model's personal time...
09/05/2026,05:59:48: Model diagnostics: arce_anchor_count_mean=24.741522, arce_blocker_budget_mean=25.258478, arce_blocker_entropy_mean=5.066279, arce_gamma_max=1.000000, arce_gamma_mean=0.258928, arce_gamma_min=0.067206, arce_gamma_std=0.144403, arce_sampled_teacher_overlap_mean=0.494830
09/05/2026,05:59:48: Training...
09/05/2026,05:59:49: Evaluating...
09/05/2026,05:59:49: 	Train Loss: 3485639.0000 (base: 741.1344, kd: 6969.7959), Elapsed: train 2.53 test 0.26 *
09/05/2026,05:59:49: 	Recall@10: 0.05671 Recall@20: 0.08315 NDCG@10: 0.03456 NDCG@20: 0.04172 
09/05/2026,05:59:49: 	Recall@10: 0.02315 Recall@20: 0.03419 NDCG@10: 0.01300 NDCG@20: 0.01598 
09/05/2026,05:59:49: Epoch [21/1000]
09/05/2026,05:59:49: Negative sampling...
09/05/2026,05:59:50: Model's personal time...
09/05/2026,05:59:50: Model diagnostics: arce_anchor_count_mean=25.097528, arce_blocker_budget_mean=24.902472, arce_blocker_entropy_mean=5.061646, arce_gamma_max=1.000000, arce_gamma_mean=0.253585, arce_gamma_min=0.063292, arce_gamma_std=0.142073, arce_sampled_teacher_overlap_mean=0.501951
09/05/2026,05:59:50: Training...
09/05/2026,05:59:52: Evaluating...
09/05/2026,05:59:52: 	Train Loss: 3479948.0000 (base: 717.5034, kd: 6958.4609), Elapsed: train 2.52 test 0.33 *
09/05/2026,05:59:52: 	Recall@10: 0.05692 Recall@20: 0.08515 NDCG@10: 0.03465 NDCG@20: 0.04231 
09/05/2026,05:59:52: 	Recall@10: 0.02348 Recall@20: 0.03473 NDCG@10: 0.01314 NDCG@20: 0.01619 
09/05/2026,05:59:52: Epoch [22/1000]
09/05/2026,05:59:52: Negative sampling...
09/05/2026,05:59:53: Model's personal time...
09/05/2026,05:59:53: Model diagnostics: arce_anchor_count_mean=25.448170, arce_blocker_budget_mean=24.551830, arce_blocker_entropy_mean=5.056973, arce_gamma_max=1.000000, arce_gamma_mean=0.248431, arce_gamma_min=0.059606, arce_gamma_std=0.139450, arce_sampled_teacher_overlap_mean=0.508963
09/05/2026,05:59:53: Training...
09/05/2026,05:59:55: Evaluating...
09/05/2026,05:59:55: 	Train Loss: 3475062.5000 (base: 697.8927, kd: 6948.7295), Elapsed: train 2.95 test 0.27 *
09/05/2026,05:59:55: 	Recall@10: 0.05718 Recall@20: 0.08549 NDCG@10: 0.03459 NDCG@20: 0.04233 
09/05/2026,05:59:55: 	Recall@10: 0.02365 Recall@20: 0.03540 NDCG@10: 0.01335 NDCG@20: 0.01653 
09/05/2026,05:59:55: Epoch [23/1000]
09/05/2026,05:59:55: Negative sampling...
09/05/2026,05:59:56: Model's personal time...
09/05/2026,05:59:56: Model diagnostics: arce_anchor_count_mean=25.732132, arce_blocker_budget_mean=24.267868, arce_blocker_entropy_mean=5.051884, arce_gamma_max=1.000000, arce_gamma_mean=0.244068, arce_gamma_min=0.063292, arce_gamma_std=0.137115, arce_sampled_teacher_overlap_mean=0.514643
09/05/2026,05:59:56: Training...
09/05/2026,05:59:58: Evaluating...
09/05/2026,05:59:58: 	Train Loss: 3469893.7500 (base: 677.9609, kd: 6938.4312), Elapsed: train 2.61 test 0.27 *
09/05/2026,05:59:58: 	Recall@10: 0.05727 Recall@20: 0.08584 NDCG@10: 0.03494 NDCG@20: 0.04280 
09/05/2026,05:59:58: 	Recall@10: 0.02359 Recall@20: 0.03473 NDCG@10: 0.01337 NDCG@20: 0.01642 
09/05/2026,05:59:58: Epoch [24/1000]
09/05/2026,05:59:58: Negative sampling...
09/05/2026,05:59:59: Model's personal time...
09/05/2026,05:59:59: Model diagnostics: arce_anchor_count_mean=26.046177, arce_blocker_budget_mean=23.953823, arce_blocker_entropy_mean=5.047564, arce_gamma_max=1.000000, arce_gamma_mean=0.239466, arce_gamma_min=0.056135, arce_gamma_std=0.134261, arce_sampled_teacher_overlap_mean=0.520923
09/05/2026,05:59:59: Training...
09/05/2026,06:00:01: Evaluating...
09/05/2026,06:00:01: 	Train Loss: 3466061.0000 (base: 657.3453, kd: 6930.8081), Elapsed: train 2.65 test 0.31 *
09/05/2026,06:00:01: 	Recall@10: 0.05833 Recall@20: 0.08647 NDCG@10: 0.03515 NDCG@20: 0.04292 
09/05/2026,06:00:01: 	Recall@10: 0.02345 Recall@20: 0.03608 NDCG@10: 0.01328 NDCG@20: 0.01667 
09/05/2026,06:00:01: Epoch [25/1000]
09/05/2026,06:00:01: Negative sampling...
09/05/2026,06:00:02: Model's personal time...
09/05/2026,06:00:02: Model diagnostics: arce_anchor_count_mean=26.314812, arce_blocker_budget_mean=23.685188, arce_blocker_entropy_mean=5.043733, arce_gamma_max=0.941765, arce_gamma_mean=0.235510, arce_gamma_min=0.059606, arce_gamma_std=0.131942, arce_sampled_teacher_overlap_mean=0.526296
09/05/2026,06:00:02: Training...
09/05/2026,06:00:03: Evaluating...
09/05/2026,06:00:04: 	Train Loss: 3462558.5000 (base: 641.7230, kd: 6923.8335), Elapsed: train 2.47 test 0.33 *
09/05/2026,06:00:04: 	Recall@10: 0.05901 Recall@20: 0.08777 NDCG@10: 0.03576 NDCG@20: 0.04362 
09/05/2026,06:00:04: 	Recall@10: 0.02431 Recall@20: 0.03615 NDCG@10: 0.01357 NDCG@20: 0.01678 
09/05/2026,06:00:04: Epoch [26/1000]
09/05/2026,06:00:04: Negative sampling...
09/05/2026,06:00:05: Model's personal time...
09/05/2026,06:00:05: Model diagnostics: arce_anchor_count_mean=26.562368, arce_blocker_budget_mean=23.437632, arce_blocker_entropy_mean=5.041378, arce_gamma_max=0.941765, arce_gamma_mean=0.231922, arce_gamma_min=0.056135, arce_gamma_std=0.129765, arce_sampled_teacher_overlap_mean=0.531247
09/05/2026,06:00:05: Training...
09/05/2026,06:00:06: Evaluating...
09/05/2026,06:00:07: 	Train Loss: 3458965.5000 (base: 624.3205, kd: 6916.6821), Elapsed: train 2.59 test 0.28
09/05/2026,06:00:07: 	Recall@10: 0.05943 Recall@20: 0.08799 NDCG@10: 0.03572 NDCG@20: 0.04351 
09/05/2026,06:00:07: 	Recall@10: 0.02464 Recall@20: 0.03688 NDCG@10: 0.01368 NDCG@20: 0.01699 
09/05/2026,06:00:07: Epoch [27/1000]
09/05/2026,06:00:07: Negative sampling...
09/05/2026,06:00:08: Model's personal time...
09/05/2026,06:00:08: Model diagnostics: arce_anchor_count_mean=26.813566, arce_blocker_budget_mean=23.186434, arce_blocker_entropy_mean=5.037611, arce_gamma_max=1.000000, arce_gamma_mean=0.228591, arce_gamma_min=0.056135, arce_gamma_std=0.128427, arce_sampled_teacher_overlap_mean=0.536271
09/05/2026,06:00:08: Training...
09/05/2026,06:00:09: Evaluating...
09/05/2026,06:00:09: 	Train Loss: 3456418.0000 (base: 608.9886, kd: 6911.6177), Elapsed: train 2.50 test 0.26
09/05/2026,06:00:09: 	Recall@10: 0.06004 Recall@20: 0.08754 NDCG@10: 0.03604 NDCG@20: 0.04360 
09/05/2026,06:00:09: 	Recall@10: 0.02532 Recall@20: 0.03706 NDCG@10: 0.01382 NDCG@20: 0.01701 
09/05/2026,06:00:09: Epoch [28/1000]
09/05/2026,06:00:09: Negative sampling...
09/05/2026,06:00:11: Model's personal time...
09/05/2026,06:00:11: Model diagnostics: arce_anchor_count_mean=27.012455, arce_blocker_budget_mean=22.987545, arce_blocker_entropy_mean=5.033706, arce_gamma_max=0.941765, arce_gamma_mean=0.225525, arce_gamma_min=0.056135, arce_gamma_std=0.125890, arce_sampled_teacher_overlap_mean=0.540249
09/05/2026,06:00:11: Training...
09/05/2026,06:00:12: Evaluating...
09/05/2026,06:00:12: 	Train Loss: 3453713.0000 (base: 593.5302, kd: 6906.2383), Elapsed: train 2.51 test 0.30 *
09/05/2026,06:00:12: 	Recall@10: 0.06060 Recall@20: 0.08893 NDCG@10: 0.03645 NDCG@20: 0.04418 
09/05/2026,06:00:12: 	Recall@10: 0.02627 Recall@20: 0.03754 NDCG@10: 0.01422 NDCG@20: 0.01722 
09/05/2026,06:00:12: Epoch [29/1000]
09/05/2026,06:00:12: Negative sampling...
09/05/2026,06:00:14: Model's personal time...
09/05/2026,06:00:14: Model diagnostics: arce_anchor_count_mean=27.213259, arce_blocker_budget_mean=22.786741, arce_blocker_entropy_mean=5.031662, arce_gamma_max=1.000000, arce_gamma_mean=0.222930, arce_gamma_min=0.056135, arce_gamma_std=0.125078, arce_sampled_teacher_overlap_mean=0.544265
09/05/2026,06:00:14: Training...
09/05/2026,06:00:15: Evaluating...
09/05/2026,06:00:15: 	Train Loss: 3450249.7500 (base: 582.0322, kd: 6899.3354), Elapsed: train 2.72 test 0.26
09/05/2026,06:00:15: 	Recall@10: 0.06111 Recall@20: 0.08784 NDCG@10: 0.03653 NDCG@20: 0.04383 
09/05/2026,06:00:15: 	Recall@10: 0.02594 Recall@20: 0.03764 NDCG@10: 0.01415 NDCG@20: 0.01729 
09/05/2026,06:00:15: Epoch [30/1000]
09/05/2026,06:00:15: Negative sampling...
09/05/2026,06:00:17: Model's personal time...
09/05/2026,06:00:17: Model diagnostics: arce_anchor_count_mean=27.420195, arce_blocker_budget_mean=22.579803, arce_blocker_entropy_mean=5.028821, arce_gamma_max=1.000000, arce_gamma_mean=0.220162, arce_gamma_min=0.056135, arce_gamma_std=0.123455, arce_sampled_teacher_overlap_mean=0.548404
09/05/2026,06:00:17: Training...
09/05/2026,06:00:18: Evaluating...
09/05/2026,06:00:18: 	Train Loss: 3447965.2500 (base: 566.0358, kd: 6894.7983), Elapsed: train 2.56 test 0.27
09/05/2026,06:00:18: 	Recall@10: 0.06213 Recall@20: 0.08902 NDCG@10: 0.03671 NDCG@20: 0.04407 
09/05/2026,06:00:18: 	Recall@10: 0.02561 Recall@20: 0.03848 NDCG@10: 0.01400 NDCG@20: 0.01745 
09/05/2026,06:00:18: Epoch [31/1000]
09/05/2026,06:00:18: Negative sampling...
09/05/2026,06:00:19: Model's personal time...
09/05/2026,06:00:19: Model diagnostics: arce_anchor_count_mean=27.613911, arce_blocker_budget_mean=22.386089, arce_blocker_entropy_mean=5.026771, arce_gamma_max=0.886920, arce_gamma_mean=0.217536, arce_gamma_min=0.056135, arce_gamma_std=0.121828, arce_sampled_teacher_overlap_mean=0.552278
09/05/2026,06:00:19: Training...
09/05/2026,06:00:21: Evaluating...
09/05/2026,06:00:21: 	Train Loss: 3446156.0000 (base: 554.7541, kd: 6891.2026), Elapsed: train 2.69 test 0.34
09/05/2026,06:00:21: 	Recall@10: 0.06199 Recall@20: 0.08844 NDCG@10: 0.03670 NDCG@20: 0.04403 
09/05/2026,06:00:21: 	Recall@10: 0.02604 Recall@20: 0.03818 NDCG@10: 0.01425 NDCG@20: 0.01751 
09/05/2026,06:00:21: Epoch [32/1000]
09/05/2026,06:00:21: Negative sampling...
09/05/2026,06:00:22: Model's personal time...
09/05/2026,06:00:22: Model diagnostics: arce_anchor_count_mean=27.792681, arce_blocker_budget_mean=22.207319, arce_blocker_entropy_mean=5.023511, arce_gamma_max=0.886920, arce_gamma_mean=0.215186, arce_gamma_min=0.056135, arce_gamma_std=0.120327, arce_sampled_teacher_overlap_mean=0.555854
09/05/2026,06:00:22: Training...
09/05/2026,06:00:24: Evaluating...
09/05/2026,06:00:24: 	Train Loss: 3444907.0000 (base: 543.3400, kd: 6888.7271), Elapsed: train 2.62 test 0.26 *
09/05/2026,06:00:24: 	Recall@10: 0.06249 Recall@20: 0.08927 NDCG@10: 0.03698 NDCG@20: 0.04428 
09/05/2026,06:00:24: 	Recall@10: 0.02637 Recall@20: 0.03806 NDCG@10: 0.01441 NDCG@20: 0.01755 
09/05/2026,06:00:24: Epoch [33/1000]
09/05/2026,06:00:24: Negative sampling...
09/05/2026,06:00:25: Model's personal time...
09/05/2026,06:00:25: Model diagnostics: arce_anchor_count_mean=27.963402, arce_blocker_budget_mean=22.036596, arce_blocker_entropy_mean=5.020553, arce_gamma_max=0.941765, arce_gamma_mean=0.212910, arce_gamma_min=0.056135, arce_gamma_std=0.119044, arce_sampled_teacher_overlap_mean=0.559268
09/05/2026,06:00:25: Training...
09/05/2026,06:00:26: Evaluating...
09/05/2026,06:00:27: 	Train Loss: 3442655.0000 (base: 531.5258, kd: 6884.2466), Elapsed: train 2.41 test 0.33
09/05/2026,06:00:27: 	Recall@10: 0.06243 Recall@20: 0.08834 NDCG@10: 0.03698 NDCG@20: 0.04415 
09/05/2026,06:00:27: 	Recall@10: 0.02588 Recall@20: 0.03888 NDCG@10: 0.01445 NDCG@20: 0.01795 
09/05/2026,06:00:27: Epoch [34/1000]
09/05/2026,06:00:27: Negative sampling...
09/05/2026,06:00:28: Model's personal time...
09/05/2026,06:00:28: Model diagnostics: arce_anchor_count_mean=28.138533, arce_blocker_budget_mean=21.861467, arce_blocker_entropy_mean=5.017355, arce_gamma_max=0.886920, arce_gamma_mean=0.210739, arce_gamma_min=0.056135, arce_gamma_std=0.118019, arce_sampled_teacher_overlap_mean=0.562771
09/05/2026,06:00:28: Training...
09/05/2026,06:00:29: Evaluating...
09/05/2026,06:00:29: 	Train Loss: 3441443.7500 (base: 519.8886, kd: 6881.8481), Elapsed: train 2.59 test 0.26 *
09/05/2026,06:00:29: 	Recall@10: 0.06281 Recall@20: 0.08979 NDCG@10: 0.03702 NDCG@20: 0.04440 
09/05/2026,06:00:29: 	Recall@10: 0.02592 Recall@20: 0.03894 NDCG@10: 0.01442 NDCG@20: 0.01792 
09/05/2026,06:00:29: Epoch [35/1000]
09/05/2026,06:00:29: Negative sampling...
09/05/2026,06:00:31: Model's personal time...
09/05/2026,06:00:31: Model diagnostics: arce_anchor_count_mean=28.292585, arce_blocker_budget_mean=21.707415, arce_blocker_entropy_mean=5.014605, arce_gamma_max=0.886920, arce_gamma_mean=0.208642, arce_gamma_min=0.056135, arce_gamma_std=0.116708, arce_sampled_teacher_overlap_mean=0.565852
09/05/2026,06:00:31: Training...
09/05/2026,06:00:32: Evaluating...
09/05/2026,06:00:32: 	Train Loss: 3439453.0000 (base: 509.6876, kd: 6877.8862), Elapsed: train 2.61 test 0.30
09/05/2026,06:00:32: 	Recall@10: 0.06248 Recall@20: 0.08995 NDCG@10: 0.03677 NDCG@20: 0.04431 
09/05/2026,06:00:32: 	Recall@10: 0.02583 Recall@20: 0.03903 NDCG@10: 0.01443 NDCG@20: 0.01801 
09/05/2026,06:00:32: Epoch [36/1000]
09/05/2026,06:00:32: Negative sampling...
09/05/2026,06:00:34: Model's personal time...
09/05/2026,06:00:34: Model diagnostics: arce_anchor_count_mean=28.496454, arce_blocker_budget_mean=21.503544, arce_blocker_entropy_mean=5.011774, arce_gamma_max=0.886920, arce_gamma_mean=0.206294, arce_gamma_min=0.056135, arce_gamma_std=0.115992, arce_sampled_teacher_overlap_mean=0.569929
09/05/2026,06:00:34: Training...
09/05/2026,06:00:35: Evaluating...
09/05/2026,06:00:35: 	Train Loss: 3438556.0000 (base: 499.3340, kd: 6876.1133), Elapsed: train 2.79 test 0.29 *
09/05/2026,06:00:35: 	Recall@10: 0.06325 Recall@20: 0.09094 NDCG@10: 0.03715 NDCG@20: 0.04475 
09/05/2026,06:00:35: 	Recall@10: 0.02626 Recall@20: 0.03862 NDCG@10: 0.01462 NDCG@20: 0.01795 
09/05/2026,06:00:35: Epoch [37/1000]
09/05/2026,06:00:35: Negative sampling...
09/05/2026,06:00:37: Model's personal time...
09/05/2026,06:00:37: Model diagnostics: arce_anchor_count_mean=28.600882, arce_blocker_budget_mean=21.399118, arce_blocker_entropy_mean=5.009627, arce_gamma_max=0.886920, arce_gamma_mean=0.204768, arce_gamma_min=0.056135, arce_gamma_std=0.114592, arce_sampled_teacher_overlap_mean=0.572018
09/05/2026,06:00:37: Training...
09/05/2026,06:00:38: Evaluating...
09/05/2026,06:00:38: 	Train Loss: 3436369.0000 (base: 487.8148, kd: 6871.7627), Elapsed: train 2.50 test 0.33
09/05/2026,06:00:38: 	Recall@10: 0.06344 Recall@20: 0.09076 NDCG@10: 0.03724 NDCG@20: 0.04470 
09/05/2026,06:00:38: 	Recall@10: 0.02576 Recall@20: 0.03879 NDCG@10: 0.01441 NDCG@20: 0.01795 
09/05/2026,06:00:38: Epoch [38/1000]
09/05/2026,06:00:38: Negative sampling...
09/05/2026,06:00:40: Model's personal time...
09/05/2026,06:00:40: Model diagnostics: arce_anchor_count_mean=28.744204, arce_blocker_budget_mean=21.255796, arce_blocker_entropy_mean=5.006056, arce_gamma_max=0.886920, arce_gamma_mean=0.203099, arce_gamma_min=0.056135, arce_gamma_std=0.114108, arce_sampled_teacher_overlap_mean=0.574884
09/05/2026,06:00:40: Training...
09/05/2026,06:00:41: Evaluating...
09/05/2026,06:00:41: 	Train Loss: 3435837.2500 (base: 481.2612, kd: 6870.7124), Elapsed: train 2.58 test 0.28 *
09/05/2026,06:00:41: 	Recall@10: 0.06341 Recall@20: 0.09180 NDCG@10: 0.03730 NDCG@20: 0.04505 
09/05/2026,06:00:41: 	Recall@10: 0.02660 Recall@20: 0.03902 NDCG@10: 0.01462 NDCG@20: 0.01798 
09/05/2026,06:00:41: Epoch [39/1000]
09/05/2026,06:00:41: Negative sampling...
09/05/2026,06:00:43: Model's personal time...
09/05/2026,06:00:43: Model diagnostics: arce_anchor_count_mean=28.873539, arce_blocker_budget_mean=21.126461, arce_blocker_entropy_mean=5.004323, arce_gamma_max=0.835270, arce_gamma_mean=0.201371, arce_gamma_min=0.052866, arce_gamma_std=0.112925, arce_sampled_teacher_overlap_mean=0.577471
09/05/2026,06:00:43: Training...
09/05/2026,06:00:44: Evaluating...
09/05/2026,06:00:44: 	Train Loss: 3434328.0000 (base: 471.7961, kd: 6867.7129), Elapsed: train 2.65 test 0.30 *
09/05/2026,06:00:44: 	Recall@10: 0.06401 Recall@20: 0.09120 NDCG@10: 0.03778 NDCG@20: 0.04526 
09/05/2026,06:00:44: 	Recall@10: 0.02620 Recall@20: 0.03838 NDCG@10: 0.01465 NDCG@20: 0.01799 
09/05/2026,06:00:44: Epoch [40/1000]
09/05/2026,06:00:44: Negative sampling...
09/05/2026,06:00:46: Model's personal time...
09/05/2026,06:00:46: Model diagnostics: arce_anchor_count_mean=29.018969, arce_blocker_budget_mean=20.981031, arce_blocker_entropy_mean=5.001491, arce_gamma_max=0.835270, arce_gamma_mean=0.199665, arce_gamma_min=0.052866, arce_gamma_std=0.112058, arce_sampled_teacher_overlap_mean=0.580379
09/05/2026,06:00:46: Training...
09/05/2026,06:00:47: Evaluating...
09/05/2026,06:00:47: 	Train Loss: 3433681.0000 (base: 464.6940, kd: 6866.4321), Elapsed: train 2.66 test 0.28 *
09/05/2026,06:00:47: 	Recall@10: 0.06388 Recall@20: 0.09217 NDCG@10: 0.03757 NDCG@20: 0.04528 
09/05/2026,06:00:47: 	Recall@10: 0.02616 Recall@20: 0.03863 NDCG@10: 0.01457 NDCG@20: 0.01796 
09/05/2026,06:00:47: Epoch [41/1000]
09/05/2026,06:00:47: Negative sampling...
09/05/2026,06:00:48: Model's personal time...
09/05/2026,06:00:48: Model diagnostics: arce_anchor_count_mean=29.125504, arce_blocker_budget_mean=20.874496, arce_blocker_entropy_mean=4.998547, arce_gamma_max=0.835270, arce_gamma_mean=0.198346, arce_gamma_min=0.052866, arce_gamma_std=0.111360, arce_sampled_teacher_overlap_mean=0.582510
09/05/2026,06:00:48: Training...
09/05/2026,06:00:50: Evaluating...
09/05/2026,06:00:50: 	Train Loss: 3432234.5000 (base: 456.3597, kd: 6863.5562), Elapsed: train 2.47 test 0.30 *
09/05/2026,06:00:50: 	Recall@10: 0.06473 Recall@20: 0.09182 NDCG@10: 0.03795 NDCG@20: 0.04529 
09/05/2026,06:00:50: 	Recall@10: 0.02655 Recall@20: 0.03832 NDCG@10: 0.01461 NDCG@20: 0.01787 
09/05/2026,06:00:50: Epoch [42/1000]
09/05/2026,06:00:50: Negative sampling...
09/05/2026,06:00:51: Model's personal time...
09/05/2026,06:00:51: Model diagnostics: arce_anchor_count_mean=29.257328, arce_blocker_budget_mean=20.742670, arce_blocker_entropy_mean=4.996082, arce_gamma_max=0.835270, arce_gamma_mean=0.196847, arce_gamma_min=0.052866, arce_gamma_std=0.110910, arce_sampled_teacher_overlap_mean=0.585147
09/05/2026,06:00:51: Training...
09/05/2026,06:00:52: Evaluating...
09/05/2026,06:00:53: 	Train Loss: 3431166.5000 (base: 449.1738, kd: 6861.4346), Elapsed: train 2.52 test 0.28 *
09/05/2026,06:00:53: 	Recall@10: 0.06401 Recall@20: 0.09242 NDCG@10: 0.03782 NDCG@20: 0.04557 
09/05/2026,06:00:53: 	Recall@10: 0.02660 Recall@20: 0.03870 NDCG@10: 0.01470 NDCG@20: 0.01802 
09/05/2026,06:00:53: Epoch [43/1000]
09/05/2026,06:00:53: Negative sampling...
09/05/2026,06:00:54: Model's personal time...
09/05/2026,06:00:54: Model diagnostics: arce_anchor_count_mean=29.379574, arce_blocker_budget_mean=20.620424, arce_blocker_entropy_mean=4.993047, arce_gamma_max=0.835270, arce_gamma_mean=0.195333, arce_gamma_min=0.052866, arce_gamma_std=0.110017, arce_sampled_teacher_overlap_mean=0.587592
09/05/2026,06:00:54: Training...
09/05/2026,06:00:55: Evaluating...
09/05/2026,06:00:56: 	Train Loss: 3431771.0000 (base: 442.0662, kd: 6862.6582), Elapsed: train 2.61 test 0.33
09/05/2026,06:00:56: 	Recall@10: 0.06428 Recall@20: 0.09219 NDCG@10: 0.03771 NDCG@20: 0.04535 
09/05/2026,06:00:56: 	Recall@10: 0.02670 Recall@20: 0.03849 NDCG@10: 0.01470 NDCG@20: 0.01795 
09/05/2026,06:00:56: Epoch [44/1000]
09/05/2026,06:00:56: Negative sampling...
09/05/2026,06:00:57: Model's personal time...
09/05/2026,06:00:57: Model diagnostics: arce_anchor_count_mean=29.505844, arce_blocker_budget_mean=20.494156, arce_blocker_entropy_mean=4.989957, arce_gamma_max=0.786628, arce_gamma_mean=0.193770, arce_gamma_min=0.052866, arce_gamma_std=0.108872, arce_sampled_teacher_overlap_mean=0.590117
09/05/2026,06:00:57: Training...
09/05/2026,06:00:58: Evaluating...
09/05/2026,06:00:58: 	Train Loss: 3431030.7500 (base: 435.8546, kd: 6861.1899), Elapsed: train 2.54 test 0.25 *
09/05/2026,06:00:58: 	Recall@10: 0.06435 Recall@20: 0.09278 NDCG@10: 0.03791 NDCG@20: 0.04568 
09/05/2026,06:00:58: 	Recall@10: 0.02700 Recall@20: 0.03914 NDCG@10: 0.01490 NDCG@20: 0.01822 
09/05/2026,06:00:58: Epoch [45/1000]
09/05/2026,06:00:58: Negative sampling...
09/05/2026,06:01:00: Model's personal time...
09/05/2026,06:01:00: Model diagnostics: arce_anchor_count_mean=29.603756, arce_blocker_budget_mean=20.396244, arce_blocker_entropy_mean=4.987463, arce_gamma_max=0.835270, arce_gamma_mean=0.192643, arce_gamma_min=0.052866, arce_gamma_std=0.108372, arce_sampled_teacher_overlap_mean=0.592075
09/05/2026,06:01:00: Training...
09/05/2026,06:01:01: Evaluating...
09/05/2026,06:01:01: 	Train Loss: 3430093.7500 (base: 428.7214, kd: 6859.3301), Elapsed: train 2.56 test 0.27 *
09/05/2026,06:01:01: 	Recall@10: 0.06436 Recall@20: 0.09266 NDCG@10: 0.03807 NDCG@20: 0.04578 
09/05/2026,06:01:01: 	Recall@10: 0.02662 Recall@20: 0.03922 NDCG@10: 0.01474 NDCG@20: 0.01819 
09/05/2026,06:01:01: Epoch [46/1000]
09/05/2026,06:01:01: Negative sampling...
09/05/2026,06:01:03: Model's personal time...
09/05/2026,06:01:03: Model diagnostics: arce_anchor_count_mean=29.729641, arce_blocker_budget_mean=20.270357, arce_blocker_entropy_mean=4.984549, arce_gamma_max=0.786628, arce_gamma_mean=0.191229, arce_gamma_min=0.052866, arce_gamma_std=0.107723, arce_sampled_teacher_overlap_mean=0.594593
09/05/2026,06:01:03: Training...
09/05/2026,06:01:04: Evaluating...
09/05/2026,06:01:04: 	Train Loss: 3429992.0000 (base: 419.2787, kd: 6859.1455), Elapsed: train 2.48 test 0.26 *
09/05/2026,06:01:04: 	Recall@10: 0.06407 Recall@20: 0.09302 NDCG@10: 0.03833 NDCG@20: 0.04626 
09/05/2026,06:01:04: 	Recall@10: 0.02676 Recall@20: 0.03964 NDCG@10: 0.01472 NDCG@20: 0.01822 
09/05/2026,06:01:04: Epoch [47/1000]
09/05/2026,06:01:04: Negative sampling...
09/05/2026,06:01:05: Model's personal time...
09/05/2026,06:01:05: Model diagnostics: arce_anchor_count_mean=29.836941, arce_blocker_budget_mean=20.163057, arce_blocker_entropy_mean=4.981645, arce_gamma_max=0.786628, arce_gamma_mean=0.190143, arce_gamma_min=0.052866, arce_gamma_std=0.107514, arce_sampled_teacher_overlap_mean=0.596739
09/05/2026,06:01:05: Training...
09/05/2026,06:01:06: Evaluating...
09/05/2026,06:01:07: 	Train Loss: 3429837.2500 (base: 412.7279, kd: 6858.8486), Elapsed: train 2.50 test 0.32
09/05/2026,06:01:07: 	Recall@10: 0.06392 Recall@20: 0.09293 NDCG@10: 0.03833 NDCG@20: 0.04620 
09/05/2026,06:01:07: 	Recall@10: 0.02685 Recall@20: 0.03967 NDCG@10: 0.01482 NDCG@20: 0.01833 
09/05/2026,06:01:07: Epoch [48/1000]
09/05/2026,06:01:07: Negative sampling...
09/05/2026,06:01:08: Model's personal time...
09/05/2026,06:01:08: Model diagnostics: arce_anchor_count_mean=29.939068, arce_blocker_budget_mean=20.060930, arce_blocker_entropy_mean=4.979201, arce_gamma_max=0.786628, arce_gamma_mean=0.188821, arce_gamma_min=0.049787, arce_gamma_std=0.106407, arce_sampled_teacher_overlap_mean=0.598781
09/05/2026,06:01:08: Training...
09/05/2026,06:01:09: Evaluating...
09/05/2026,06:01:10: 	Train Loss: 3429509.5000 (base: 407.9018, kd: 6858.2031), Elapsed: train 2.69 test 0.35
09/05/2026,06:01:10: 	Recall@10: 0.06459 Recall@20: 0.09359 NDCG@10: 0.03835 NDCG@20: 0.04624 
09/05/2026,06:01:10: 	Recall@10: 0.02686 Recall@20: 0.03985 NDCG@10: 0.01486 NDCG@20: 0.01841 
09/05/2026,06:01:10: Epoch [49/1000]
09/05/2026,06:01:10: Negative sampling...
09/05/2026,06:01:11: Model's personal time...
09/05/2026,06:01:11: Model diagnostics: arce_anchor_count_mean=30.056908, arce_blocker_budget_mean=19.943092, arce_blocker_entropy_mean=4.975676, arce_gamma_max=0.740818, arce_gamma_mean=0.187468, arce_gamma_min=0.052866, arce_gamma_std=0.105683, arce_sampled_teacher_overlap_mean=0.601138
09/05/2026,06:01:11: Training...
09/05/2026,06:01:12: Evaluating...
09/05/2026,06:01:12: 	Train Loss: 3428901.2500 (base: 400.9412, kd: 6857.0000), Elapsed: train 2.36 test 0.25
09/05/2026,06:01:12: 	Recall@10: 0.06419 Recall@20: 0.09263 NDCG@10: 0.03832 NDCG@20: 0.04614 
09/05/2026,06:01:12: 	Recall@10: 0.02766 Recall@20: 0.04009 NDCG@10: 0.01510 NDCG@20: 0.01851 
09/05/2026,06:01:12: Epoch [50/1000]
09/05/2026,06:01:12: Negative sampling...
09/05/2026,06:01:14: Model's personal time...
09/05/2026,06:01:14: Model diagnostics: arce_anchor_count_mean=30.139681, arce_blocker_budget_mean=19.860317, arce_blocker_entropy_mean=4.973351, arce_gamma_max=0.740818, arce_gamma_mean=0.186498, arce_gamma_min=0.049787, arce_gamma_std=0.105268, arce_sampled_teacher_overlap_mean=0.602794
09/05/2026,06:01:14: Training...
09/05/2026,06:01:15: Evaluating...
09/05/2026,06:01:15: 	Train Loss: 3428664.7500 (base: 397.3687, kd: 6856.5342), Elapsed: train 2.46 test 0.26 *
09/05/2026,06:01:15: 	Recall@10: 0.06406 Recall@20: 0.09351 NDCG@10: 0.03857 NDCG@20: 0.04663 
09/05/2026,06:01:15: 	Recall@10: 0.02759 Recall@20: 0.03996 NDCG@10: 0.01509 NDCG@20: 0.01846 
09/05/2026,06:01:15: Epoch [51/1000]
09/05/2026,06:01:15: Negative sampling...
09/05/2026,06:01:16: Model's personal time...
09/05/2026,06:01:16: Model diagnostics: arce_anchor_count_mean=30.251772, arce_blocker_budget_mean=19.748228, arce_blocker_entropy_mean=4.970485, arce_gamma_max=0.786628, arce_gamma_mean=0.185325, arce_gamma_min=0.052866, arce_gamma_std=0.104943, arce_sampled_teacher_overlap_mean=0.605035
09/05/2026,06:01:16: Training...
09/05/2026,06:01:18: Evaluating...
09/05/2026,06:01:18: 	Train Loss: 3428146.7500 (base: 390.3080, kd: 6855.5137), Elapsed: train 2.45 test 0.26
09/05/2026,06:01:18: 	Recall@10: 0.06440 Recall@20: 0.09381 NDCG@10: 0.03862 NDCG@20: 0.04660 
09/05/2026,06:01:18: 	Recall@10: 0.02667 Recall@20: 0.04036 NDCG@10: 0.01481 NDCG@20: 0.01858 
09/05/2026,06:01:18: Epoch [52/1000]
09/05/2026,06:01:18: Negative sampling...
09/05/2026,06:01:19: Model's personal time...
09/05/2026,06:01:19: Model diagnostics: arce_anchor_count_mean=30.346426, arce_blocker_budget_mean=19.653574, arce_blocker_entropy_mean=4.968631, arce_gamma_max=0.786628, arce_gamma_mean=0.184190, arce_gamma_min=0.052866, arce_gamma_std=0.104235, arce_sampled_teacher_overlap_mean=0.606928
09/05/2026,06:01:19: Training...
09/05/2026,06:01:20: Evaluating...
09/05/2026,06:01:21: 	Train Loss: 3427426.5000 (base: 384.4956, kd: 6854.0840), Elapsed: train 2.46 test 0.26 *
09/05/2026,06:01:21: 	Recall@10: 0.06385 Recall@20: 0.09380 NDCG@10: 0.03860 NDCG@20: 0.04680 
09/05/2026,06:01:21: 	Recall@10: 0.02718 Recall@20: 0.04013 NDCG@10: 0.01502 NDCG@20: 0.01860 
09/05/2026,06:01:21: Epoch [53/1000]
09/05/2026,06:01:21: Negative sampling...
09/05/2026,06:01:22: Model's personal time...
09/05/2026,06:01:22: Model diagnostics: arce_anchor_count_mean=30.458708, arce_blocker_budget_mean=19.541290, arce_blocker_entropy_mean=4.965984, arce_gamma_max=0.786628, arce_gamma_mean=0.183014, arce_gamma_min=0.052866, arce_gamma_std=0.103969, arce_sampled_teacher_overlap_mean=0.609174
09/05/2026,06:01:22: Training...
09/05/2026,06:01:23: Evaluating...
09/05/2026,06:01:23: 	Train Loss: 3427539.5000 (base: 380.2924, kd: 6854.3179), Elapsed: train 2.61 test 0.28
09/05/2026,06:01:23: 	Recall@10: 0.06427 Recall@20: 0.09235 NDCG@10: 0.03873 NDCG@20: 0.04648 
09/05/2026,06:01:23: 	Recall@10: 0.02687 Recall@20: 0.03966 NDCG@10: 0.01485 NDCG@20: 0.01837 
09/05/2026,06:01:23: Epoch [54/1000]
09/05/2026,06:01:23: Negative sampling...
09/05/2026,06:01:25: Model's personal time...
09/05/2026,06:01:25: Model diagnostics: arce_anchor_count_mean=30.548573, arce_blocker_budget_mean=19.451427, arce_blocker_entropy_mean=4.963080, arce_gamma_max=0.786628, arce_gamma_mean=0.181938, arce_gamma_min=0.052866, arce_gamma_std=0.103360, arce_sampled_teacher_overlap_mean=0.610971
09/05/2026,06:01:25: Training...
09/05/2026,06:01:26: Evaluating...
09/05/2026,06:01:26: 	Train Loss: 3426729.5000 (base: 376.2368, kd: 6852.7065), Elapsed: train 2.80 test 0.27 *
09/05/2026,06:01:26: 	Recall@10: 0.06352 Recall@20: 0.09333 NDCG@10: 0.03870 NDCG@20: 0.04690 
09/05/2026,06:01:26: 	Recall@10: 0.02679 Recall@20: 0.04003 NDCG@10: 0.01477 NDCG@20: 0.01840 
09/05/2026,06:01:26: Epoch [55/1000]
09/05/2026,06:01:26: Negative sampling...
09/05/2026,06:01:28: Model's personal time...
09/05/2026,06:01:28: Model diagnostics: arce_anchor_count_mean=30.660088, arce_blocker_budget_mean=19.339912, arce_blocker_entropy_mean=4.960001, arce_gamma_max=0.786628, arce_gamma_mean=0.180713, arce_gamma_min=0.052866, arce_gamma_std=0.102694, arce_sampled_teacher_overlap_mean=0.613202
09/05/2026,06:01:28: Training...
09/05/2026,06:01:29: Evaluating...
09/05/2026,06:01:29: 	Train Loss: 3427275.7500 (base: 372.8392, kd: 6853.8052), Elapsed: train 2.66 test 0.28 *
09/05/2026,06:01:29: 	Recall@10: 0.06353 Recall@20: 0.09291 NDCG@10: 0.03883 NDCG@20: 0.04693 
09/05/2026,06:01:29: 	Recall@10: 0.02665 Recall@20: 0.04047 NDCG@10: 0.01487 NDCG@20: 0.01865 
09/05/2026,06:01:29: Epoch [56/1000]
09/05/2026,06:01:29: Negative sampling...
09/05/2026,06:01:31: Model's personal time...
09/05/2026,06:01:31: Model diagnostics: arce_anchor_count_mean=30.755125, arce_blocker_budget_mean=19.244875, arce_blocker_entropy_mean=4.957881, arce_gamma_max=0.740818, arce_gamma_mean=0.179649, arce_gamma_min=0.052866, arce_gamma_std=0.102107, arce_sampled_teacher_overlap_mean=0.615102
09/05/2026,06:01:31: Training...
09/05/2026,06:01:32: Evaluating...
09/05/2026,06:01:32: 	Train Loss: 3427050.7500 (base: 365.6406, kd: 6853.3696), Elapsed: train 2.46 test 0.27
09/05/2026,06:01:32: 	Recall@10: 0.06373 Recall@20: 0.09329 NDCG@10: 0.03871 NDCG@20: 0.04685 
09/05/2026,06:01:32: 	Recall@10: 0.02675 Recall@20: 0.04085 NDCG@10: 0.01493 NDCG@20: 0.01878 
09/05/2026,06:01:32: Epoch [57/1000]
09/05/2026,06:01:32: Negative sampling...
09/05/2026,06:01:34: Model's personal time...
09/05/2026,06:01:34: Model diagnostics: arce_anchor_count_mean=30.852461, arce_blocker_budget_mean=19.147537, arce_blocker_entropy_mean=4.955389, arce_gamma_max=0.740818, arce_gamma_mean=0.178491, arce_gamma_min=0.052866, arce_gamma_std=0.101223, arce_sampled_teacher_overlap_mean=0.617049
09/05/2026,06:01:34: Training...
09/05/2026,06:01:34: Evaluating...
09/05/2026,06:01:35: 	Train Loss: 3427061.2500 (base: 360.9861, kd: 6853.4004), Elapsed: train 2.32 test 0.26 *
09/05/2026,06:01:35: 	Recall@10: 0.06383 Recall@20: 0.09419 NDCG@10: 0.03889 NDCG@20: 0.04717 
09/05/2026,06:01:35: 	Recall@10: 0.02720 Recall@20: 0.04099 NDCG@10: 0.01507 NDCG@20: 0.01886 
09/05/2026,06:01:35: Epoch [58/1000]
09/05/2026,06:01:35: Negative sampling...
09/05/2026,06:01:36: Model's personal time...
09/05/2026,06:01:36: Model diagnostics: arce_anchor_count_mean=30.953247, arce_blocker_budget_mean=19.046753, arce_blocker_entropy_mean=4.953145, arce_gamma_max=0.740818, arce_gamma_mean=0.177351, arce_gamma_min=0.052866, arce_gamma_std=0.100401, arce_sampled_teacher_overlap_mean=0.619065
09/05/2026,06:01:36: Training...
09/05/2026,06:01:37: Evaluating...
09/05/2026,06:01:38: 	Train Loss: 3426698.7500 (base: 358.9998, kd: 6852.6797), Elapsed: train 2.58 test 0.27
09/05/2026,06:01:38: 	Recall@10: 0.06426 Recall@20: 0.09341 NDCG@10: 0.03909 NDCG@20: 0.04714 
09/05/2026,06:01:38: 	Recall@10: 0.02685 Recall@20: 0.04083 NDCG@10: 0.01502 NDCG@20: 0.01885 
09/05/2026,06:01:38: Epoch [59/1000]
09/05/2026,06:01:38: Negative sampling...
09/05/2026,06:01:39: Model's personal time...
09/05/2026,06:01:39: Model diagnostics: arce_anchor_count_mean=31.035255, arce_blocker_budget_mean=18.964745, arce_blocker_entropy_mean=4.950040, arce_gamma_max=0.740818, arce_gamma_mean=0.176411, arce_gamma_min=0.052866, arce_gamma_std=0.099858, arce_sampled_teacher_overlap_mean=0.620705
09/05/2026,06:01:39: Training...
09/05/2026,06:01:40: Evaluating...
09/05/2026,06:01:41: 	Train Loss: 3426405.5000 (base: 353.8476, kd: 6852.1030), Elapsed: train 2.85 test 0.31
09/05/2026,06:01:41: 	Recall@10: 0.06395 Recall@20: 0.09315 NDCG@10: 0.03906 NDCG@20: 0.04710 
09/05/2026,06:01:41: 	Recall@10: 0.02695 Recall@20: 0.04075 NDCG@10: 0.01504 NDCG@20: 0.01884 
09/05/2026,06:01:41: Epoch [60/1000]
09/05/2026,06:01:41: Negative sampling...
09/05/2026,06:01:42: Model's personal time...
09/05/2026,06:01:42: Model diagnostics: arce_anchor_count_mean=31.118795, arce_blocker_budget_mean=18.881203, arce_blocker_entropy_mean=4.948013, arce_gamma_max=0.740818, arce_gamma_mean=0.175454, arce_gamma_min=0.052866, arce_gamma_std=0.099301, arce_sampled_teacher_overlap_mean=0.622376
09/05/2026,06:01:42: Training...
09/05/2026,06:01:43: Evaluating...
09/05/2026,06:01:44: 	Train Loss: 3426801.5000 (base: 352.1225, kd: 6852.8989), Elapsed: train 2.66 test 0.27 *
09/05/2026,06:01:44: 	Recall@10: 0.06386 Recall@20: 0.09355 NDCG@10: 0.03913 NDCG@20: 0.04727 
09/05/2026,06:01:44: 	Recall@10: 0.02790 Recall@20: 0.04151 NDCG@10: 0.01529 NDCG@20: 0.01902 
09/05/2026,06:01:44: Epoch [61/1000]
09/05/2026,06:01:44: Negative sampling...
09/05/2026,06:01:45: Model's personal time...
09/05/2026,06:01:45: Model diagnostics: arce_anchor_count_mean=31.193140, arce_blocker_budget_mean=18.806860, arce_blocker_entropy_mean=4.945364, arce_gamma_max=0.740818, arce_gamma_mean=0.174545, arce_gamma_min=0.052866, arce_gamma_std=0.098388, arce_sampled_teacher_overlap_mean=0.623863
09/05/2026,06:01:45: Training...
09/05/2026,06:01:46: Evaluating...
09/05/2026,06:01:47: 	Train Loss: 3426496.0000 (base: 346.7757, kd: 6852.2979), Elapsed: train 2.68 test 0.26 *
09/05/2026,06:01:47: 	Recall@10: 0.06390 Recall@20: 0.09406 NDCG@10: 0.03924 NDCG@20: 0.04754 
09/05/2026,06:01:47: 	Recall@10: 0.02762 Recall@20: 0.04172 NDCG@10: 0.01526 NDCG@20: 0.01912 
09/05/2026,06:01:47: Epoch [62/1000]
09/05/2026,06:01:47: Negative sampling...
09/05/2026,06:01:48: Model's personal time...
09/05/2026,06:01:48: Model diagnostics: arce_anchor_count_mean=31.283962, arce_blocker_budget_mean=18.716038, arce_blocker_entropy_mean=4.943367, arce_gamma_max=0.740818, arce_gamma_mean=0.173501, arce_gamma_min=0.052866, arce_gamma_std=0.097527, arce_sampled_teacher_overlap_mean=0.625679
09/05/2026,06:01:48: Training...
09/05/2026,06:01:49: Evaluating...
09/05/2026,06:01:50: 	Train Loss: 3426253.2500 (base: 340.1848, kd: 6851.8262), Elapsed: train 2.59 test 0.29 *
09/05/2026,06:01:50: 	Recall@10: 0.06275 Recall@20: 0.09366 NDCG@10: 0.03910 NDCG@20: 0.04759 
09/05/2026,06:01:50: 	Recall@10: 0.02756 Recall@20: 0.04141 NDCG@10: 0.01522 NDCG@20: 0.01906 
09/05/2026,06:01:50: Epoch [63/1000]
09/05/2026,06:01:50: Negative sampling...
09/05/2026,06:01:51: Model's personal time...
09/05/2026,06:01:51: Model diagnostics: arce_anchor_count_mean=31.369993, arce_blocker_budget_mean=18.630005, arce_blocker_entropy_mean=4.940476, arce_gamma_max=0.740818, arce_gamma_mean=0.172602, arce_gamma_min=0.052866, arce_gamma_std=0.097037, arce_sampled_teacher_overlap_mean=0.627400
09/05/2026,06:01:51: Training...
09/05/2026,06:01:52: Evaluating...
09/05/2026,06:01:52: 	Train Loss: 3426201.0000 (base: 338.5395, kd: 6851.7256), Elapsed: train 2.55 test 0.27 *
09/05/2026,06:01:52: 	Recall@10: 0.06322 Recall@20: 0.09455 NDCG@10: 0.03907 NDCG@20: 0.04763 
09/05/2026,06:01:52: 	Recall@10: 0.02785 Recall@20: 0.04132 NDCG@10: 0.01534 NDCG@20: 0.01906 
09/05/2026,06:01:52: Epoch [64/1000]
09/05/2026,06:01:52: Negative sampling...
09/05/2026,06:01:54: Model's personal time...
09/05/2026,06:01:54: Model diagnostics: arce_anchor_count_mean=31.448170, arce_blocker_budget_mean=18.551830, arce_blocker_entropy_mean=4.937725, arce_gamma_max=0.740818, arce_gamma_mean=0.171766, arce_gamma_min=0.052866, arce_gamma_std=0.096686, arce_sampled_teacher_overlap_mean=0.628963
09/05/2026,06:01:54: Training...
09/05/2026,06:01:55: Evaluating...
09/05/2026,06:01:55: 	Train Loss: 3426226.7500 (base: 332.5309, kd: 6851.7886), Elapsed: train 2.80 test 0.31
09/05/2026,06:01:55: 	Recall@10: 0.06318 Recall@20: 0.09472 NDCG@10: 0.03890 NDCG@20: 0.04749 
09/05/2026,06:01:55: 	Recall@10: 0.02805 Recall@20: 0.04205 NDCG@10: 0.01546 NDCG@20: 0.01928 
09/05/2026,06:01:55: Epoch [65/1000]
09/05/2026,06:01:55: Negative sampling...
09/05/2026,06:01:57: Model's personal time...
09/05/2026,06:01:57: Model diagnostics: arce_anchor_count_mean=31.526730, arce_blocker_budget_mean=18.473270, arce_blocker_entropy_mean=4.935162, arce_gamma_max=0.740818, arce_gamma_mean=0.170883, arce_gamma_min=0.052866, arce_gamma_std=0.096039, arce_sampled_teacher_overlap_mean=0.630535
09/05/2026,06:01:57: Training...
09/05/2026,06:01:58: Evaluating...
09/05/2026,06:01:58: 	Train Loss: 3426613.7500 (base: 330.8000, kd: 6852.5654), Elapsed: train 2.67 test 0.26 *
09/05/2026,06:01:58: 	Recall@10: 0.06361 Recall@20: 0.09544 NDCG@10: 0.03898 NDCG@20: 0.04767 
09/05/2026,06:01:58: 	Recall@10: 0.02833 Recall@20: 0.04192 NDCG@10: 0.01559 NDCG@20: 0.01930 
09/05/2026,06:01:58: Epoch [66/1000]
09/05/2026,06:01:58: Negative sampling...
09/05/2026,06:02:00: Model's personal time...
09/05/2026,06:02:00: Model diagnostics: arce_anchor_count_mean=31.610462, arce_blocker_budget_mean=18.389538, arce_blocker_entropy_mean=4.932840, arce_gamma_max=0.740818, arce_gamma_mean=0.169910, arce_gamma_min=0.052866, arce_gamma_std=0.095273, arce_sampled_teacher_overlap_mean=0.632209
09/05/2026,06:02:00: Training...
09/05/2026,06:02:01: Evaluating...
09/05/2026,06:02:02: 	Train Loss: 3426577.0000 (base: 324.0782, kd: 6852.5049), Elapsed: train 3.05 test 0.27 *
09/05/2026,06:02:02: 	Recall@10: 0.06424 Recall@20: 0.09522 NDCG@10: 0.03922 NDCG@20: 0.04772 
09/05/2026,06:02:02: 	Recall@10: 0.02776 Recall@20: 0.04250 NDCG@10: 0.01551 NDCG@20: 0.01951 
09/05/2026,06:02:02: Epoch [67/1000]
09/05/2026,06:02:02: Negative sampling...
09/05/2026,06:02:03: Model's personal time...
09/05/2026,06:02:03: Model diagnostics: arce_anchor_count_mean=31.691511, arce_blocker_budget_mean=18.308489, arce_blocker_entropy_mean=4.930690, arce_gamma_max=0.740818, arce_gamma_mean=0.169004, arce_gamma_min=0.052866, arce_gamma_std=0.094593, arce_sampled_teacher_overlap_mean=0.633830
09/05/2026,06:02:03: Training...
09/05/2026,06:02:04: Evaluating...
09/05/2026,06:02:04: 	Train Loss: 3426198.7500 (base: 324.9871, kd: 6851.7485), Elapsed: train 2.49 test 0.26 *
09/05/2026,06:02:04: 	Recall@10: 0.06453 Recall@20: 0.09533 NDCG@10: 0.03938 NDCG@20: 0.04781 
09/05/2026,06:02:04: 	Recall@10: 0.02778 Recall@20: 0.04183 NDCG@10: 0.01545 NDCG@20: 0.01932 
09/05/2026,06:02:04: Epoch [68/1000]
09/05/2026,06:02:04: Negative sampling...
09/05/2026,06:02:06: Model's personal time...
09/05/2026,06:02:06: Model diagnostics: arce_anchor_count_mean=31.781376, arce_blocker_budget_mean=18.218624, arce_blocker_entropy_mean=4.927575, arce_gamma_max=0.740818, arce_gamma_mean=0.168018, arce_gamma_min=0.052866, arce_gamma_std=0.093974, arce_sampled_teacher_overlap_mean=0.635627
09/05/2026,06:02:06: Training...
09/05/2026,06:02:07: Evaluating...
09/05/2026,06:02:07: 	Train Loss: 3427013.7500 (base: 318.3845, kd: 6853.3916), Elapsed: train 2.58 test 0.26 *
09/05/2026,06:02:07: 	Recall@10: 0.06378 Recall@20: 0.09541 NDCG@10: 0.03935 NDCG@20: 0.04804 
09/05/2026,06:02:07: 	Recall@10: 0.02809 Recall@20: 0.04157 NDCG@10: 0.01547 NDCG@20: 0.01919 
09/05/2026,06:02:07: Epoch [69/1000]
09/05/2026,06:02:07: Negative sampling...
09/05/2026,06:02:09: Model's personal time...
09/05/2026,06:02:09: Model diagnostics: arce_anchor_count_mean=31.865299, arce_blocker_budget_mean=18.134701, arce_blocker_entropy_mean=4.925202, arce_gamma_max=0.740818, arce_gamma_mean=0.167137, arce_gamma_min=0.052866, arce_gamma_std=0.093484, arce_sampled_teacher_overlap_mean=0.637306
09/05/2026,06:02:09: Training...
09/05/2026,06:02:10: Evaluating...
09/05/2026,06:02:10: 	Train Loss: 3426716.2500 (base: 316.2110, kd: 6852.8008), Elapsed: train 2.54 test 0.33 *
09/05/2026,06:02:10: 	Recall@10: 0.06477 Recall@20: 0.09462 NDCG@10: 0.03980 NDCG@20: 0.04809 
09/05/2026,06:02:10: 	Recall@10: 0.02785 Recall@20: 0.04211 NDCG@10: 0.01554 NDCG@20: 0.01947 
09/05/2026,06:02:10: Epoch [70/1000]
09/05/2026,06:02:10: Negative sampling...
09/05/2026,06:02:12: Model's personal time...
09/05/2026,06:02:12: Model diagnostics: arce_anchor_count_mean=31.949224, arce_blocker_budget_mean=18.050776, arce_blocker_entropy_mean=4.922814, arce_gamma_max=0.740818, arce_gamma_mean=0.166137, arce_gamma_min=0.052866, arce_gamma_std=0.092519, arce_sampled_teacher_overlap_mean=0.638985
09/05/2026,06:02:12: Training...
09/05/2026,06:02:13: Evaluating...
09/05/2026,06:02:13: 	Train Loss: 3426851.2500 (base: 313.0893, kd: 6853.0762), Elapsed: train 2.58 test 0.27 *
09/05/2026,06:02:13: 	Recall@10: 0.06534 Recall@20: 0.09615 NDCG@10: 0.04003 NDCG@20: 0.04849 
09/05/2026,06:02:13: 	Recall@10: 0.02756 Recall@20: 0.04271 NDCG@10: 0.01542 NDCG@20: 0.01957 
09/05/2026,06:02:13: Epoch [71/1000]
09/05/2026,06:02:13: Negative sampling...
09/05/2026,06:02:14: Model's personal time...
09/05/2026,06:02:14: Model diagnostics: arce_anchor_count_mean=32.021076, arce_blocker_budget_mean=17.978924, arce_blocker_entropy_mean=4.920871, arce_gamma_max=0.740818, arce_gamma_mean=0.165386, arce_gamma_min=0.052866, arce_gamma_std=0.092119, arce_sampled_teacher_overlap_mean=0.640422
09/05/2026,06:02:14: Training...
09/05/2026,06:02:16: Evaluating...
09/05/2026,06:02:16: 	Train Loss: 3426631.7500 (base: 310.9862, kd: 6852.6416), Elapsed: train 2.58 test 0.27
09/05/2026,06:02:16: 	Recall@10: 0.06540 Recall@20: 0.09593 NDCG@10: 0.04001 NDCG@20: 0.04844 
09/05/2026,06:02:16: 	Recall@10: 0.02767 Recall@20: 0.04250 NDCG@10: 0.01538 NDCG@20: 0.01944 
09/05/2026,06:02:16: Epoch [72/1000]
09/05/2026,06:02:16: Negative sampling...
09/05/2026,06:02:17: Model's personal time...
09/05/2026,06:02:17: Model diagnostics: arce_anchor_count_mean=32.108643, arce_blocker_budget_mean=17.891357, arce_blocker_entropy_mean=4.918911, arce_gamma_max=0.740818, arce_gamma_mean=0.164452, arce_gamma_min=0.052866, arce_gamma_std=0.091437, arce_sampled_teacher_overlap_mean=0.642173
09/05/2026,06:02:17: Training...
09/05/2026,06:02:18: Evaluating...
09/05/2026,06:02:19: 	Train Loss: 3427655.0000 (base: 309.2779, kd: 6854.6914), Elapsed: train 2.50 test 0.26
09/05/2026,06:02:19: 	Recall@10: 0.06585 Recall@20: 0.09597 NDCG@10: 0.04009 NDCG@20: 0.04836 
09/05/2026,06:02:19: 	Recall@10: 0.02767 Recall@20: 0.04276 NDCG@10: 0.01543 NDCG@20: 0.01954 
09/05/2026,06:02:19: Epoch [73/1000]
09/05/2026,06:02:19: Negative sampling...
09/05/2026,06:02:20: Model's personal time...
09/05/2026,06:02:20: Model diagnostics: arce_anchor_count_mean=32.179535, arce_blocker_budget_mean=17.820463, arce_blocker_entropy_mean=4.915973, arce_gamma_max=0.740818, arce_gamma_mean=0.163723, arce_gamma_min=0.052866, arce_gamma_std=0.091098, arce_sampled_teacher_overlap_mean=0.643591
09/05/2026,06:02:20: Training...
09/05/2026,06:02:21: Evaluating...
09/05/2026,06:02:22: 	Train Loss: 3427100.0000 (base: 304.7962, kd: 6853.5903), Elapsed: train 2.54 test 0.35 *
09/05/2026,06:02:22: 	Recall@10: 0.06629 Recall@20: 0.09609 NDCG@10: 0.04036 NDCG@20: 0.04855 
09/05/2026,06:02:22: 	Recall@10: 0.02815 Recall@20: 0.04276 NDCG@10: 0.01549 NDCG@20: 0.01950 
09/05/2026,06:02:22: Epoch [74/1000]
09/05/2026,06:02:22: Negative sampling...
09/05/2026,06:02:23: Model's personal time...
09/05/2026,06:02:23: Model diagnostics: arce_anchor_count_mean=32.265759, arce_blocker_budget_mean=17.734240, arce_blocker_entropy_mean=4.913786, arce_gamma_max=0.740818, arce_gamma_mean=0.162789, arce_gamma_min=0.052866, arce_gamma_std=0.090336, arce_sampled_teacher_overlap_mean=0.645315
09/05/2026,06:02:23: Training...
09/05/2026,06:02:24: Evaluating...
09/05/2026,06:02:24: 	Train Loss: 3427372.2500 (base: 302.2421, kd: 6854.1401), Elapsed: train 2.56 test 0.26 *
09/05/2026,06:02:24: 	Recall@10: 0.06579 Recall@20: 0.09663 NDCG@10: 0.04020 NDCG@20: 0.04870 
09/05/2026,06:02:24: 	Recall@10: 0.02775 Recall@20: 0.04275 NDCG@10: 0.01536 NDCG@20: 0.01949 
09/05/2026,06:02:24: Epoch [75/1000]
09/05/2026,06:02:24: Negative sampling...
09/05/2026,06:02:26: Model's personal time...
09/05/2026,06:02:26: Model diagnostics: arce_anchor_count_mean=32.335121, arce_blocker_budget_mean=17.664879, arce_blocker_entropy_mean=4.911681, arce_gamma_max=0.740818, arce_gamma_mean=0.162053, arce_gamma_min=0.052866, arce_gamma_std=0.089927, arce_sampled_teacher_overlap_mean=0.646702
09/05/2026,06:02:26: Training...
09/05/2026,06:02:27: Evaluating...
09/05/2026,06:02:27: 	Train Loss: 3427351.5000 (base: 299.2446, kd: 6854.1045), Elapsed: train 2.67 test 0.34
09/05/2026,06:02:27: 	Recall@10: 0.06480 Recall@20: 0.09679 NDCG@10: 0.03986 NDCG@20: 0.04866 
09/05/2026,06:02:27: 	Recall@10: 0.02805 Recall@20: 0.04276 NDCG@10: 0.01541 NDCG@20: 0.01946 
09/05/2026,06:02:27: Epoch [76/1000]
09/05/2026,06:02:27: Negative sampling...
09/05/2026,06:02:29: Model's personal time...
09/05/2026,06:02:29: Model diagnostics: arce_anchor_count_mean=32.407742, arce_blocker_budget_mean=17.592258, arce_blocker_entropy_mean=4.909000, arce_gamma_max=0.740818, arce_gamma_mean=0.161300, arce_gamma_min=0.052866, arce_gamma_std=0.089490, arce_sampled_teacher_overlap_mean=0.648155
09/05/2026,06:02:29: Training...
09/05/2026,06:02:30: Evaluating...
09/05/2026,06:02:30: 	Train Loss: 3427745.0000 (base: 297.9666, kd: 6854.8940), Elapsed: train 2.79 test 0.28
09/05/2026,06:02:30: 	Recall@10: 0.06540 Recall@20: 0.09649 NDCG@10: 0.04004 NDCG@20: 0.04856 
09/05/2026,06:02:30: 	Recall@10: 0.02787 Recall@20: 0.04302 NDCG@10: 0.01529 NDCG@20: 0.01940 
09/05/2026,06:02:30: Epoch [77/1000]
09/05/2026,06:02:30: Negative sampling...
09/05/2026,06:02:32: Model's personal time...
09/05/2026,06:02:32: Model diagnostics: arce_anchor_count_mean=32.482658, arce_blocker_budget_mean=17.517340, arce_blocker_entropy_mean=4.906632, arce_gamma_max=0.740818, arce_gamma_mean=0.160443, arce_gamma_min=0.052866, arce_gamma_std=0.088558, arce_sampled_teacher_overlap_mean=0.649653
09/05/2026,06:02:32: Training...
09/05/2026,06:02:33: Evaluating...
09/05/2026,06:02:33: 	Train Loss: 3427354.0000 (base: 293.1221, kd: 6854.1221), Elapsed: train 2.61 test 0.26 *
09/05/2026,06:02:33: 	Recall@10: 0.06596 Recall@20: 0.09650 NDCG@10: 0.04032 NDCG@20: 0.04873 
09/05/2026,06:02:33: 	Recall@10: 0.02776 Recall@20: 0.04288 NDCG@10: 0.01520 NDCG@20: 0.01934 
09/05/2026,06:02:33: Epoch [78/1000]
09/05/2026,06:02:33: Negative sampling...
09/05/2026,06:02:35: Model's personal time...
09/05/2026,06:02:35: Model diagnostics: arce_anchor_count_mean=32.541100, arce_blocker_budget_mean=17.458900, arce_blocker_entropy_mean=4.903751, arce_gamma_max=0.740818, arce_gamma_mean=0.159852, arce_gamma_min=0.052866, arce_gamma_std=0.088285, arce_sampled_teacher_overlap_mean=0.650822
09/05/2026,06:02:35: Training...
09/05/2026,06:02:36: Evaluating...
09/05/2026,06:02:36: 	Train Loss: 3427418.7500 (base: 292.8183, kd: 6854.2520), Elapsed: train 2.70 test 0.33
09/05/2026,06:02:36: 	Recall@10: 0.06574 Recall@20: 0.09655 NDCG@10: 0.04018 NDCG@20: 0.04869 
09/05/2026,06:02:36: 	Recall@10: 0.02757 Recall@20: 0.04333 NDCG@10: 0.01518 NDCG@20: 0.01945 
09/05/2026,06:02:36: Epoch [79/1000]
09/05/2026,06:02:36: Negative sampling...
09/05/2026,06:02:38: Model's personal time...
09/05/2026,06:02:38: Model diagnostics: arce_anchor_count_mean=32.609310, arce_blocker_budget_mean=17.390688, arce_blocker_entropy_mean=4.901096, arce_gamma_max=0.786628, arce_gamma_mean=0.159023, arce_gamma_min=0.052866, arce_gamma_std=0.087420, arce_sampled_teacher_overlap_mean=0.652186
09/05/2026,06:02:38: Training...
09/05/2026,06:02:39: Evaluating...
09/05/2026,06:02:40: 	Train Loss: 3427638.2500 (base: 287.0149, kd: 6854.7026), Elapsed: train 2.94 test 0.30 *
09/05/2026,06:02:40: 	Recall@10: 0.06549 Recall@20: 0.09679 NDCG@10: 0.04014 NDCG@20: 0.04876 
09/05/2026,06:02:40: 	Recall@10: 0.02766 Recall@20: 0.04313 NDCG@10: 0.01508 NDCG@20: 0.01929 
09/05/2026,06:02:40: Epoch [80/1000]
09/05/2026,06:02:40: Negative sampling...
09/05/2026,06:02:41: Model's personal time...
09/05/2026,06:02:41: Model diagnostics: arce_anchor_count_mean=32.687489, arce_blocker_budget_mean=17.312511, arce_blocker_entropy_mean=4.898884, arce_gamma_max=0.740818, arce_gamma_mean=0.158210, arce_gamma_min=0.052866, arce_gamma_std=0.086688, arce_sampled_teacher_overlap_mean=0.653750
09/05/2026,06:02:41: Training...
09/05/2026,06:02:42: Evaluating...
09/05/2026,06:02:43: 	Train Loss: 3428355.7500 (base: 286.7276, kd: 6856.1377), Elapsed: train 2.62 test 0.33 *
09/05/2026,06:02:43: 	Recall@10: 0.06512 Recall@20: 0.09709 NDCG@10: 0.03997 NDCG@20: 0.04882 
09/05/2026,06:02:43: 	Recall@10: 0.02816 Recall@20: 0.04276 NDCG@10: 0.01540 NDCG@20: 0.01936 
09/05/2026,06:02:43: Epoch [81/1000]
09/05/2026,06:02:43: Negative sampling...
09/05/2026,06:02:44: Model's personal time...
09/05/2026,06:02:44: Model diagnostics: arce_anchor_count_mean=32.745163, arce_blocker_budget_mean=17.254837, arce_blocker_entropy_mean=4.896675, arce_gamma_max=0.740818, arce_gamma_mean=0.157601, arce_gamma_min=0.052866, arce_gamma_std=0.086341, arce_sampled_teacher_overlap_mean=0.654903
09/05/2026,06:02:44: Training...
09/05/2026,06:02:45: Evaluating...
09/05/2026,06:02:45: 	Train Loss: 3427858.7500 (base: 285.3352, kd: 6855.1465), Elapsed: train 2.52 test 0.32
09/05/2026,06:02:45: 	Recall@10: 0.06556 Recall@20: 0.09639 NDCG@10: 0.04017 NDCG@20: 0.04865 
09/05/2026,06:02:45: 	Recall@10: 0.02776 Recall@20: 0.04312 NDCG@10: 0.01531 NDCG@20: 0.01948 
09/05/2026,06:02:45: Epoch [82/1000]
09/05/2026,06:02:45: Negative sampling...
09/05/2026,06:02:47: Model's personal time...
09/05/2026,06:02:47: Model diagnostics: arce_anchor_count_mean=32.809925, arce_blocker_budget_mean=17.190075, arce_blocker_entropy_mean=4.894006, arce_gamma_max=0.740818, arce_gamma_mean=0.156875, arce_gamma_min=0.052866, arce_gamma_std=0.085553, arce_sampled_teacher_overlap_mean=0.656199
09/05/2026,06:02:47: Training...
09/05/2026,06:02:48: Evaluating...
09/05/2026,06:02:48: 	Train Loss: 3428242.5000 (base: 279.7133, kd: 6855.9253), Elapsed: train 2.70 test 0.29 *
09/05/2026,06:02:48: 	Recall@10: 0.06583 Recall@20: 0.09706 NDCG@10: 0.04040 NDCG@20: 0.04897 
09/05/2026,06:02:48: 	Recall@10: 0.02785 Recall@20: 0.04303 NDCG@10: 0.01538 NDCG@20: 0.01948 
09/05/2026,06:02:48: Epoch [83/1000]
09/05/2026,06:02:48: Negative sampling...
09/05/2026,06:02:50: Model's personal time...
09/05/2026,06:02:50: Model diagnostics: arce_anchor_count_mean=32.873920, arce_blocker_budget_mean=17.126078, arce_blocker_entropy_mean=4.892033, arce_gamma_max=0.740818, arce_gamma_mean=0.156222, arce_gamma_min=0.052866, arce_gamma_std=0.085003, arce_sampled_teacher_overlap_mean=0.657478
09/05/2026,06:02:50: Training...
09/05/2026,06:02:51: Evaluating...
09/05/2026,06:02:52: 	Train Loss: 3428037.2500 (base: 277.7848, kd: 6855.5186), Elapsed: train 3.04 test 0.29
09/05/2026,06:02:52: 	Recall@10: 0.06560 Recall@20: 0.09698 NDCG@10: 0.03998 NDCG@20: 0.04862 
09/05/2026,06:02:52: 	Recall@10: 0.02795 Recall@20: 0.04242 NDCG@10: 0.01540 NDCG@20: 0.01932 
09/05/2026,06:02:52: Epoch [84/1000]
09/05/2026,06:02:52: Negative sampling...
09/05/2026,06:02:53: Model's personal time...
09/05/2026,06:02:53: Model diagnostics: arce_anchor_count_mean=32.935238, arce_blocker_budget_mean=17.064764, arce_blocker_entropy_mean=4.889805, arce_gamma_max=0.740818, arce_gamma_mean=0.155639, arce_gamma_min=0.052866, arce_gamma_std=0.084736, arce_sampled_teacher_overlap_mean=0.658705
09/05/2026,06:02:53: Training...
09/05/2026,06:02:54: Evaluating...
09/05/2026,06:02:55: 	Train Loss: 3428802.0000 (base: 277.1075, kd: 6857.0498), Elapsed: train 2.62 test 0.33 *
09/05/2026,06:02:55: 	Recall@10: 0.06632 Recall@20: 0.09737 NDCG@10: 0.04048 NDCG@20: 0.04903 
09/05/2026,06:02:55: 	Recall@10: 0.02747 Recall@20: 0.04248 NDCG@10: 0.01528 NDCG@20: 0.01936 
09/05/2026,06:02:55: Epoch [85/1000]
09/05/2026,06:02:55: Negative sampling...
09/05/2026,06:02:56: Model's personal time...
09/05/2026,06:02:56: Model diagnostics: arce_anchor_count_mean=33.000767, arce_blocker_budget_mean=16.999233, arce_blocker_entropy_mean=4.887865, arce_gamma_max=0.740818, arce_gamma_mean=0.154906, arce_gamma_min=0.052866, arce_gamma_std=0.084021, arce_sampled_teacher_overlap_mean=0.660015
09/05/2026,06:02:56: Training...
09/05/2026,06:02:57: Evaluating...
09/05/2026,06:02:58: 	Train Loss: 3429228.0000 (base: 273.9589, kd: 6857.9082), Elapsed: train 2.64 test 0.27 *
09/05/2026,06:02:58: 	Recall@10: 0.06631 Recall@20: 0.09775 NDCG@10: 0.04038 NDCG@20: 0.04903 
09/05/2026,06:02:58: 	Recall@10: 0.02796 Recall@20: 0.04193 NDCG@10: 0.01548 NDCG@20: 0.01931 
09/05/2026,06:02:58: Epoch [86/1000]
09/05/2026,06:02:58: Negative sampling...
09/05/2026,06:02:59: Model's personal time...
09/05/2026,06:02:59: Model diagnostics: arce_anchor_count_mean=33.063229, arce_blocker_budget_mean=16.936769, arce_blocker_entropy_mean=4.885535, arce_gamma_max=0.740818, arce_gamma_mean=0.154266, arce_gamma_min=0.052866, arce_gamma_std=0.083550, arce_sampled_teacher_overlap_mean=0.661265
09/05/2026,06:02:59: Training...
09/05/2026,06:03:00: Evaluating...
09/05/2026,06:03:00: 	Train Loss: 3429252.7500 (base: 272.3074, kd: 6857.9609), Elapsed: train 2.61 test 0.32 *
09/05/2026,06:03:00: 	Recall@10: 0.06585 Recall@20: 0.09714 NDCG@10: 0.04042 NDCG@20: 0.04906 
09/05/2026,06:03:00: 	Recall@10: 0.02770 Recall@20: 0.04203 NDCG@10: 0.01533 NDCG@20: 0.01923 
09/05/2026,06:03:00: Epoch [87/1000]
09/05/2026,06:03:00: Negative sampling...
09/05/2026,06:03:02: Model's personal time...
09/05/2026,06:03:02: Model diagnostics: arce_anchor_count_mean=33.134892, arce_blocker_budget_mean=16.865108, arce_blocker_entropy_mean=4.884114, arce_gamma_max=0.740818, arce_gamma_mean=0.153479, arce_gamma_min=0.052866, arce_gamma_std=0.082764, arce_sampled_teacher_overlap_mean=0.662698
09/05/2026,06:03:02: Training...
09/05/2026,06:03:03: Evaluating...
09/05/2026,06:03:04: 	Train Loss: 3429290.0000 (base: 270.1092, kd: 6858.0400), Elapsed: train 2.79 test 0.30 *
09/05/2026,06:03:04: 	Recall@10: 0.06623 Recall@20: 0.09779 NDCG@10: 0.04053 NDCG@20: 0.04920 
09/05/2026,06:03:04: 	Recall@10: 0.02734 Recall@20: 0.04208 NDCG@10: 0.01512 NDCG@20: 0.01916 
09/05/2026,06:03:04: Epoch [88/1000]
09/05/2026,06:03:04: Negative sampling...
09/05/2026,06:03:05: Model's personal time...
09/05/2026,06:03:05: Model diagnostics: arce_anchor_count_mean=33.203297, arce_blocker_budget_mean=16.796703, arce_blocker_entropy_mean=4.882036, arce_gamma_max=0.740818, arce_gamma_mean=0.152793, arce_gamma_min=0.052866, arce_gamma_std=0.082226, arce_sampled_teacher_overlap_mean=0.664066
09/05/2026,06:03:05: Training...
09/05/2026,06:03:06: Evaluating...
09/05/2026,06:03:06: 	Train Loss: 3430104.7500 (base: 269.3970, kd: 6859.6709), Elapsed: train 2.55 test 0.26
09/05/2026,06:03:06: 	Recall@10: 0.06652 Recall@20: 0.09762 NDCG@10: 0.04060 NDCG@20: 0.04917 
09/05/2026,06:03:06: 	Recall@10: 0.02756 Recall@20: 0.04213 NDCG@10: 0.01524 NDCG@20: 0.01923 
09/05/2026,06:03:06: Epoch [89/1000]
09/05/2026,06:03:06: Negative sampling...
09/05/2026,06:03:08: Model's personal time...
09/05/2026,06:03:08: Model diagnostics: arce_anchor_count_mean=33.260204, arce_blocker_budget_mean=16.739798, arce_blocker_entropy_mean=4.880373, arce_gamma_max=0.740818, arce_gamma_mean=0.152184, arce_gamma_min=0.052866, arce_gamma_std=0.081795, arce_sampled_teacher_overlap_mean=0.665204
09/05/2026,06:03:08: Training...
09/05/2026,06:03:09: Evaluating...
09/05/2026,06:03:09: 	Train Loss: 3429351.7500 (base: 267.1310, kd: 6858.1694), Elapsed: train 2.52 test 0.32 *
09/05/2026,06:03:09: 	Recall@10: 0.06621 Recall@20: 0.09791 NDCG@10: 0.04049 NDCG@20: 0.04921 
09/05/2026,06:03:09: 	Recall@10: 0.02748 Recall@20: 0.04215 NDCG@10: 0.01525 NDCG@20: 0.01926 
09/05/2026,06:03:09: Epoch [90/1000]
09/05/2026,06:03:09: Negative sampling...
09/05/2026,06:03:11: Model's personal time...
09/05/2026,06:03:11: Model diagnostics: arce_anchor_count_mean=33.318836, arce_blocker_budget_mean=16.681166, arce_blocker_entropy_mean=4.877821, arce_gamma_max=0.740818, arce_gamma_mean=0.151537, arce_gamma_min=0.052866, arce_gamma_std=0.080980, arce_sampled_teacher_overlap_mean=0.666377
09/05/2026,06:03:11: Training...
09/05/2026,06:03:12: Evaluating...
09/05/2026,06:03:12: 	Train Loss: 3430239.5000 (base: 265.4083, kd: 6859.9482), Elapsed: train 2.61 test 0.26
09/05/2026,06:03:12: 	Recall@10: 0.06647 Recall@20: 0.09742 NDCG@10: 0.04070 NDCG@20: 0.04920 
09/05/2026,06:03:12: 	Recall@10: 0.02806 Recall@20: 0.04173 NDCG@10: 0.01548 NDCG@20: 0.01919 
09/05/2026,06:03:12: Epoch [91/1000]
09/05/2026,06:03:12: Negative sampling...
09/05/2026,06:03:13: Model's personal time...
09/05/2026,06:03:13: Model diagnostics: arce_anchor_count_mean=33.379192, arce_blocker_budget_mean=16.620808, arce_blocker_entropy_mean=4.876800, arce_gamma_max=0.740818, arce_gamma_mean=0.150899, arce_gamma_min=0.049787, arce_gamma_std=0.080380, arce_sampled_teacher_overlap_mean=0.667584
09/05/2026,06:03:13: Training...
09/05/2026,06:03:15: Evaluating...
09/05/2026,06:03:15: 	Train Loss: 3429801.0000 (base: 262.7128, kd: 6859.0762), Elapsed: train 2.52 test 0.27
09/05/2026,06:03:15: 	Recall@10: 0.06701 Recall@20: 0.09790 NDCG@10: 0.04068 NDCG@20: 0.04917 
09/05/2026,06:03:15: 	Recall@10: 0.02769 Recall@20: 0.04157 NDCG@10: 0.01542 NDCG@20: 0.01923 
09/05/2026,06:03:15: Epoch [92/1000]
09/05/2026,06:03:15: Negative sampling...
09/05/2026,06:03:16: Model's personal time...
09/05/2026,06:03:16: Model diagnostics: arce_anchor_count_mean=33.438015, arce_blocker_budget_mean=16.561985, arce_blocker_entropy_mean=4.874412, arce_gamma_max=0.740818, arce_gamma_mean=0.150304, arce_gamma_min=0.049787, arce_gamma_std=0.079923, arce_sampled_teacher_overlap_mean=0.668760
09/05/2026,06:03:16: Training...
09/05/2026,06:03:18: Evaluating...
09/05/2026,06:03:18: 	Train Loss: 3430498.5000 (base: 261.8310, kd: 6860.4731), Elapsed: train 2.66 test 0.32 *
09/05/2026,06:03:18: 	Recall@10: 0.06660 Recall@20: 0.09833 NDCG@10: 0.04068 NDCG@20: 0.04938 
09/05/2026,06:03:18: 	Recall@10: 0.02804 Recall@20: 0.04157 NDCG@10: 0.01544 NDCG@20: 0.01916 
09/05/2026,06:03:18: Epoch [93/1000]
09/05/2026,06:03:18: Negative sampling...
09/05/2026,06:03:19: Model's personal time...
09/05/2026,06:03:19: Model diagnostics: arce_anchor_count_mean=33.499138, arce_blocker_budget_mean=16.500862, arce_blocker_entropy_mean=4.872246, arce_gamma_max=0.740818, arce_gamma_mean=0.149680, arce_gamma_min=0.052866, arce_gamma_std=0.079466, arce_sampled_teacher_overlap_mean=0.669983
09/05/2026,06:03:19: Training...
09/05/2026,06:03:20: Evaluating...
09/05/2026,06:03:21: 	Train Loss: 3430549.7500 (base: 254.0380, kd: 6860.5918), Elapsed: train 2.61 test 0.28 *
09/05/2026,06:03:21: 	Recall@10: 0.06647 Recall@20: 0.09813 NDCG@10: 0.04064 NDCG@20: 0.04939 
09/05/2026,06:03:21: 	Recall@10: 0.02788 Recall@20: 0.04148 NDCG@10: 0.01550 NDCG@20: 0.01922 
09/05/2026,06:03:21: Epoch [94/1000]
09/05/2026,06:03:21: Negative sampling...
09/05/2026,06:03:22: Model's personal time...
09/05/2026,06:03:22: Model diagnostics: arce_anchor_count_mean=33.562752, arce_blocker_budget_mean=16.437248, arce_blocker_entropy_mean=4.869651, arce_gamma_max=0.740818, arce_gamma_mean=0.149054, arce_gamma_min=0.052866, arce_gamma_std=0.078962, arce_sampled_teacher_overlap_mean=0.671255
09/05/2026,06:03:22: Training...
09/05/2026,06:03:23: Evaluating...
09/05/2026,06:03:24: 	Train Loss: 3430633.0000 (base: 255.5243, kd: 6860.7549), Elapsed: train 2.73 test 0.26
09/05/2026,06:03:24: 	Recall@10: 0.06646 Recall@20: 0.09781 NDCG@10: 0.04064 NDCG@20: 0.04927 
09/05/2026,06:03:24: 	Recall@10: 0.02759 Recall@20: 0.04225 NDCG@10: 0.01546 NDCG@20: 0.01948 
09/05/2026,06:03:24: Epoch [95/1000]
09/05/2026,06:03:24: Negative sampling...
09/05/2026,06:03:25: Model's personal time...
09/05/2026,06:03:25: Model diagnostics: arce_anchor_count_mean=33.619659, arce_blocker_budget_mean=16.380341, arce_blocker_entropy_mean=4.867714, arce_gamma_max=0.740818, arce_gamma_mean=0.148498, arce_gamma_min=0.052866, arce_gamma_std=0.078610, arce_sampled_teacher_overlap_mean=0.672393
09/05/2026,06:03:25: Training...
09/05/2026,06:03:26: Evaluating...
09/05/2026,06:03:27: 	Train Loss: 3431045.7500 (base: 255.2024, kd: 6861.5820), Elapsed: train 2.73 test 0.25 *
09/05/2026,06:03:27: 	Recall@10: 0.06685 Recall@20: 0.09981 NDCG@10: 0.04063 NDCG@20: 0.04967 
09/05/2026,06:03:27: 	Recall@10: 0.02737 Recall@20: 0.04171 NDCG@10: 0.01532 NDCG@20: 0.01927 
09/05/2026,06:03:27: Epoch [96/1000]
09/05/2026,06:03:27: Negative sampling...
09/05/2026,06:03:28: Model's personal time...
09/05/2026,06:03:28: Model diagnostics: arce_anchor_count_mean=33.680206, arce_blocker_budget_mean=16.319794, arce_blocker_entropy_mean=4.865499, arce_gamma_max=0.740818, arce_gamma_mean=0.147882, arce_gamma_min=0.052866, arce_gamma_std=0.078001, arce_sampled_teacher_overlap_mean=0.673604
09/05/2026,06:03:28: Training...
09/05/2026,06:03:29: Evaluating...
09/05/2026,06:03:30: 	Train Loss: 3430660.7500 (base: 252.9966, kd: 6860.8154), Elapsed: train 2.56 test 0.27
09/05/2026,06:03:30: 	Recall@10: 0.06649 Recall@20: 0.09880 NDCG@10: 0.04061 NDCG@20: 0.04951 
09/05/2026,06:03:30: 	Recall@10: 0.02753 Recall@20: 0.04177 NDCG@10: 0.01548 NDCG@20: 0.01938 
09/05/2026,06:03:30: Epoch [97/1000]
09/05/2026,06:03:30: Negative sampling...
09/05/2026,06:03:31: Model's personal time...
09/05/2026,06:03:31: Model diagnostics: arce_anchor_count_mean=33.731750, arce_blocker_budget_mean=16.268250, arce_blocker_entropy_mean=4.864648, arce_gamma_max=0.740818, arce_gamma_mean=0.147336, arce_gamma_min=0.049787, arce_gamma_std=0.077510, arce_sampled_teacher_overlap_mean=0.674635
09/05/2026,06:03:31: Training...
09/05/2026,06:03:32: Evaluating...
09/05/2026,06:03:32: 	Train Loss: 3430748.0000 (base: 247.8004, kd: 6861.0005), Elapsed: train 2.42 test 0.30 *
09/05/2026,06:03:32: 	Recall@10: 0.06662 Recall@20: 0.09983 NDCG@10: 0.04076 NDCG@20: 0.04991 
09/05/2026,06:03:32: 	Recall@10: 0.02757 Recall@20: 0.04195 NDCG@10: 0.01548 NDCG@20: 0.01942 
09/05/2026,06:03:32: Epoch [98/1000]
09/05/2026,06:03:32: Negative sampling...
09/05/2026,06:03:34: Model's personal time...
09/05/2026,06:03:34: Model diagnostics: arce_anchor_count_mean=33.777542, arce_blocker_budget_mean=16.222456, arce_blocker_entropy_mean=4.861392, arce_gamma_max=0.786628, arce_gamma_mean=0.146906, arce_gamma_min=0.052866, arce_gamma_std=0.077262, arce_sampled_teacher_overlap_mean=0.675551
09/05/2026,06:03:34: Training...
09/05/2026,06:03:35: Evaluating...
09/05/2026,06:03:35: 	Train Loss: 3431142.5000 (base: 248.7115, kd: 6861.7876), Elapsed: train 2.47 test 0.26
09/05/2026,06:03:35: 	Recall@10: 0.06636 Recall@20: 0.09921 NDCG@10: 0.04043 NDCG@20: 0.04947 
09/05/2026,06:03:35: 	Recall@10: 0.02794 Recall@20: 0.04136 NDCG@10: 0.01543 NDCG@20: 0.01911 
09/05/2026,06:03:35: Epoch [99/1000]
09/05/2026,06:03:35: Negative sampling...
09/05/2026,06:03:36: Model's personal time...
09/05/2026,06:03:36: Model diagnostics: arce_anchor_count_mean=33.830811, arce_blocker_budget_mean=16.169189, arce_blocker_entropy_mean=4.858793, arce_gamma_max=0.786628, arce_gamma_mean=0.146324, arce_gamma_min=0.052866, arce_gamma_std=0.076636, arce_sampled_teacher_overlap_mean=0.676616
09/05/2026,06:03:36: Training...
09/05/2026,06:03:38: Evaluating...
09/05/2026,06:03:38: 	Train Loss: 3431271.7500 (base: 243.1016, kd: 6862.0566), Elapsed: train 2.80 test 0.33
09/05/2026,06:03:38: 	Recall@10: 0.06667 Recall@20: 0.09922 NDCG@10: 0.04032 NDCG@20: 0.04935 
09/05/2026,06:03:38: 	Recall@10: 0.02785 Recall@20: 0.04165 NDCG@10: 0.01548 NDCG@20: 0.01926 
09/05/2026,06:03:38: Epoch [100/1000]
09/05/2026,06:03:38: Negative sampling...
09/05/2026,06:03:40: Model's personal time...
09/05/2026,06:03:40: Model diagnostics: arce_anchor_count_mean=33.885418, arce_blocker_budget_mean=16.114582, arce_blocker_entropy_mean=4.857053, arce_gamma_max=0.786628, arce_gamma_mean=0.145753, arce_gamma_min=0.052866, arce_gamma_std=0.076067, arce_sampled_teacher_overlap_mean=0.677708
09/05/2026,06:03:40: Training...
09/05/2026,06:03:41: Evaluating...
09/05/2026,06:03:41: 	Train Loss: 3431573.7500 (base: 241.5196, kd: 6862.6646), Elapsed: train 2.81 test 0.26
09/05/2026,06:03:41: 	Recall@10: 0.06735 Recall@20: 0.09895 NDCG@10: 0.04065 NDCG@20: 0.04936 
09/05/2026,06:03:41: 	Recall@10: 0.02843 Recall@20: 0.04208 NDCG@10: 0.01573 NDCG@20: 0.01943 
09/05/2026,06:03:41: Epoch [101/1000]
09/05/2026,06:03:41: Negative sampling...
09/05/2026,06:03:43: Model's personal time...
09/05/2026,06:03:43: Model diagnostics: arce_anchor_count_mean=33.941944, arce_blocker_budget_mean=16.058058, arce_blocker_entropy_mean=4.855283, arce_gamma_max=0.786628, arce_gamma_mean=0.145217, arce_gamma_min=0.052866, arce_gamma_std=0.075627, arce_sampled_teacher_overlap_mean=0.678839
09/05/2026,06:03:43: Training...
09/05/2026,06:03:44: Evaluating...
09/05/2026,06:03:44: 	Train Loss: 3431863.0000 (base: 239.9505, kd: 6863.2461), Elapsed: train 2.57 test 0.27
09/05/2026,06:03:44: 	Recall@10: 0.06743 Recall@20: 0.09964 NDCG@10: 0.04062 NDCG@20: 0.04955 
09/05/2026,06:03:44: 	Recall@10: 0.02790 Recall@20: 0.04147 NDCG@10: 0.01546 NDCG@20: 0.01917 
09/05/2026,06:03:44: Epoch [102/1000]
09/05/2026,06:03:44: Negative sampling...
09/05/2026,06:03:45: Model's personal time...
09/05/2026,06:03:45: Model diagnostics: arce_anchor_count_mean=33.998657, arce_blocker_budget_mean=16.001341, arce_blocker_entropy_mean=4.853274, arce_gamma_max=0.786628, arce_gamma_mean=0.144656, arce_gamma_min=0.052866, arce_gamma_std=0.075218, arce_sampled_teacher_overlap_mean=0.679973
09/05/2026,06:03:45: Training...
09/05/2026,06:03:47: Evaluating...
09/05/2026,06:03:47: 	Train Loss: 3431778.5000 (base: 240.9264, kd: 6863.0757), Elapsed: train 2.46 test 0.33
09/05/2026,06:03:47: 	Recall@10: 0.06772 Recall@20: 0.10001 NDCG@10: 0.04100 NDCG@20: 0.04990 
09/05/2026,06:03:47: 	Recall@10: 0.02769 Recall@20: 0.04200 NDCG@10: 0.01550 NDCG@20: 0.01939 
09/05/2026,06:03:47: Epoch [103/1000]
09/05/2026,06:03:47: Negative sampling...
09/05/2026,06:03:48: Model's personal time...
09/05/2026,06:03:48: Model diagnostics: arce_anchor_count_mean=34.044071, arce_blocker_budget_mean=15.955930, arce_blocker_entropy_mean=4.851986, arce_gamma_max=0.786628, arce_gamma_mean=0.144161, arce_gamma_min=0.049787, arce_gamma_std=0.074692, arce_sampled_teacher_overlap_mean=0.680881
09/05/2026,06:03:48: Training...
09/05/2026,06:03:50: Evaluating...
09/05/2026,06:03:50: 	Train Loss: 3432091.0000 (base: 239.9677, kd: 6863.7021), Elapsed: train 2.71 test 0.35 *
09/05/2026,06:03:50: 	Recall@10: 0.06780 Recall@20: 0.10071 NDCG@10: 0.04091 NDCG@20: 0.04993 
09/05/2026,06:03:50: 	Recall@10: 0.02738 Recall@20: 0.04229 NDCG@10: 0.01537 NDCG@20: 0.01942 
09/05/2026,06:03:50: Epoch [104/1000]
09/05/2026,06:03:50: Negative sampling...
09/05/2026,06:03:51: Model's personal time...
09/05/2026,06:03:51: Model diagnostics: arce_anchor_count_mean=34.086605, arce_blocker_budget_mean=15.913393, arce_blocker_entropy_mean=4.849467, arce_gamma_max=0.786628, arce_gamma_mean=0.143744, arce_gamma_min=0.052866, arce_gamma_std=0.074360, arce_sampled_teacher_overlap_mean=0.681732
09/05/2026,06:03:51: Training...
09/05/2026,06:03:53: Evaluating...
09/05/2026,06:03:53: 	Train Loss: 3432196.5000 (base: 239.1046, kd: 6863.9150), Elapsed: train 2.87 test 0.26
09/05/2026,06:03:53: 	Recall@10: 0.06769 Recall@20: 0.10004 NDCG@10: 0.04063 NDCG@20: 0.04956 
09/05/2026,06:03:53: 	Recall@10: 0.02745 Recall@20: 0.04221 NDCG@10: 0.01538 NDCG@20: 0.01941 
09/05/2026,06:03:53: Epoch [105/1000]
09/05/2026,06:03:53: Negative sampling...
09/05/2026,06:03:54: Model's personal time...
09/05/2026,06:03:54: Model diagnostics: arce_anchor_count_mean=34.140831, arce_blocker_budget_mean=15.859168, arce_blocker_entropy_mean=4.847804, arce_gamma_max=0.786628, arce_gamma_mean=0.143155, arce_gamma_min=0.052866, arce_gamma_std=0.073762, arce_sampled_teacher_overlap_mean=0.682817
09/05/2026,06:03:54: Training...
09/05/2026,06:03:55: Evaluating...
09/05/2026,06:03:56: 	Train Loss: 3432230.2500 (base: 237.3824, kd: 6863.9858), Elapsed: train 2.39 test 0.29 *
09/05/2026,06:03:56: 	Recall@10: 0.06857 Recall@20: 0.10139 NDCG@10: 0.04107 NDCG@20: 0.05012 
09/05/2026,06:03:56: 	Recall@10: 0.02721 Recall@20: 0.04221 NDCG@10: 0.01528 NDCG@20: 0.01939 
09/05/2026,06:03:56: Epoch [106/1000]
09/05/2026,06:03:56: Negative sampling...
09/05/2026,06:03:57: Model's personal time...
09/05/2026,06:03:57: Model diagnostics: arce_anchor_count_mean=34.192757, arce_blocker_budget_mean=15.807242, arce_blocker_entropy_mean=4.845332, arce_gamma_max=0.786628, arce_gamma_mean=0.142641, arce_gamma_min=0.052866, arce_gamma_std=0.073279, arce_sampled_teacher_overlap_mean=0.683855
09/05/2026,06:03:57: Training...
09/05/2026,06:03:58: Evaluating...
09/05/2026,06:03:58: 	Train Loss: 3432316.2500 (base: 233.5190, kd: 6864.1655), Elapsed: train 2.51 test 0.26
09/05/2026,06:03:58: 	Recall@10: 0.06804 Recall@20: 0.10067 NDCG@10: 0.04103 NDCG@20: 0.05005 
09/05/2026,06:03:58: 	Recall@10: 0.02786 Recall@20: 0.04183 NDCG@10: 0.01559 NDCG@20: 0.01940 
09/05/2026,06:03:58: Epoch [107/1000]
09/05/2026,06:03:58: Negative sampling...
09/05/2026,06:04:00: Model's personal time...
09/05/2026,06:04:00: Model diagnostics: arce_anchor_count_mean=34.243340, arce_blocker_budget_mean=15.756659, arce_blocker_entropy_mean=4.843567, arce_gamma_max=0.786628, arce_gamma_mean=0.142158, arce_gamma_min=0.052866, arce_gamma_std=0.072812, arce_sampled_teacher_overlap_mean=0.684867
09/05/2026,06:04:00: Training...
09/05/2026,06:04:01: Evaluating...
09/05/2026,06:04:01: 	Train Loss: 3432674.0000 (base: 230.6039, kd: 6864.8872), Elapsed: train 2.50 test 0.25
09/05/2026,06:04:01: 	Recall@10: 0.06842 Recall@20: 0.10152 NDCG@10: 0.04100 NDCG@20: 0.05012 
09/05/2026,06:04:01: 	Recall@10: 0.02817 Recall@20: 0.04190 NDCG@10: 0.01560 NDCG@20: 0.01933 
09/05/2026,06:04:01: Epoch [108/1000]
09/05/2026,06:04:01: Negative sampling...
09/05/2026,06:04:03: Model's personal time...
09/05/2026,06:04:03: Model diagnostics: arce_anchor_count_mean=34.288559, arce_blocker_budget_mean=15.711439, arce_blocker_entropy_mean=4.841739, arce_gamma_max=0.786628, arce_gamma_mean=0.141750, arce_gamma_min=0.052866, arce_gamma_std=0.072573, arce_sampled_teacher_overlap_mean=0.685771
09/05/2026,06:04:03: Training...
09/05/2026,06:04:04: Evaluating...
09/05/2026,06:04:04: 	Train Loss: 3433097.7500 (base: 232.3738, kd: 6865.7310), Elapsed: train 2.51 test 0.27 *
09/05/2026,06:04:04: 	Recall@10: 0.06890 Recall@20: 0.10092 NDCG@10: 0.04137 NDCG@20: 0.05012 
09/05/2026,06:04:04: 	Recall@10: 0.02781 Recall@20: 0.04169 NDCG@10: 0.01551 NDCG@20: 0.01932 
09/05/2026,06:04:04: Epoch [109/1000]
09/05/2026,06:04:04: Negative sampling...
09/05/2026,06:04:05: Model's personal time...
09/05/2026,06:04:05: Model diagnostics: arce_anchor_count_mean=34.330330, arce_blocker_budget_mean=15.669668, arce_blocker_entropy_mean=4.840406, arce_gamma_max=0.786628, arce_gamma_mean=0.141297, arce_gamma_min=0.049787, arce_gamma_std=0.072075, arce_sampled_teacher_overlap_mean=0.686607
09/05/2026,06:04:05: Training...
09/05/2026,06:04:07: Evaluating...
09/05/2026,06:04:07: 	Train Loss: 3433184.2500 (base: 230.0238, kd: 6865.9087), Elapsed: train 2.62 test 0.26
09/05/2026,06:04:07: 	Recall@10: 0.06898 Recall@20: 0.10131 NDCG@10: 0.04117 NDCG@20: 0.05009 
09/05/2026,06:04:07: 	Recall@10: 0.02742 Recall@20: 0.04186 NDCG@10: 0.01530 NDCG@20: 0.01927 
09/05/2026,06:04:07: Epoch [110/1000]
09/05/2026,06:04:07: Negative sampling...
09/05/2026,06:04:08: Model's personal time...
09/05/2026,06:04:08: Model diagnostics: arce_anchor_count_mean=34.382832, arce_blocker_budget_mean=15.617167, arce_blocker_entropy_mean=4.837738, arce_gamma_max=0.786628, arce_gamma_mean=0.140816, arce_gamma_min=0.052866, arce_gamma_std=0.071748, arce_sampled_teacher_overlap_mean=0.687657
09/05/2026,06:04:08: Training...
09/05/2026,06:04:09: Evaluating...
09/05/2026,06:04:10: 	Train Loss: 3433934.0000 (base: 230.8573, kd: 6867.4053), Elapsed: train 2.51 test 0.31 *
09/05/2026,06:04:10: 	Recall@10: 0.06931 Recall@20: 0.10068 NDCG@10: 0.04151 NDCG@20: 0.05018 
09/05/2026,06:04:10: 	Recall@10: 0.02781 Recall@20: 0.04225 NDCG@10: 0.01539 NDCG@20: 0.01935 
09/05/2026,06:04:10: Epoch [111/1000]
09/05/2026,06:04:10: Negative sampling...
09/05/2026,06:04:11: Model's personal time...
09/05/2026,06:04:11: Model diagnostics: arce_anchor_count_mean=34.416172, arce_blocker_budget_mean=15.583828, arce_blocker_entropy_mean=4.834776, arce_gamma_max=0.786628, arce_gamma_mean=0.140458, arce_gamma_min=0.052866, arce_gamma_std=0.071329, arce_sampled_teacher_overlap_mean=0.688323
09/05/2026,06:04:11: Training...
09/05/2026,06:04:12: Evaluating...
09/05/2026,06:04:13: 	Train Loss: 3433925.5000 (base: 226.6638, kd: 6867.3979), Elapsed: train 2.55 test 0.28
09/05/2026,06:04:13: 	Recall@10: 0.06950 Recall@20: 0.10104 NDCG@10: 0.04139 NDCG@20: 0.05004 
09/05/2026,06:04:13: 	Recall@10: 0.02811 Recall@20: 0.04247 NDCG@10: 0.01554 NDCG@20: 0.01949 
09/05/2026,06:04:13: Epoch [112/1000]
09/05/2026,06:04:13: Negative sampling...
09/05/2026,06:04:14: Model's personal time...
09/05/2026,06:04:14: Model diagnostics: arce_anchor_count_mean=34.461582, arce_blocker_budget_mean=15.538417, arce_blocker_entropy_mean=4.835251, arce_gamma_max=0.786628, arce_gamma_mean=0.140039, arce_gamma_min=0.049787, arce_gamma_std=0.071030, arce_sampled_teacher_overlap_mean=0.689232
09/05/2026,06:04:14: Training...
09/05/2026,06:04:15: Evaluating...
09/05/2026,06:04:16: 	Train Loss: 3434001.0000 (base: 225.8461, kd: 6867.5503), Elapsed: train 2.70 test 0.36
09/05/2026,06:04:16: 	Recall@10: 0.06926 Recall@20: 0.10099 NDCG@10: 0.04130 NDCG@20: 0.05010 
09/05/2026,06:04:16: 	Recall@10: 0.02780 Recall@20: 0.04258 NDCG@10: 0.01546 NDCG@20: 0.01952 
09/05/2026,06:04:16: Epoch [113/1000]
09/05/2026,06:04:16: Negative sampling...
09/05/2026,06:04:17: Model's personal time...
09/05/2026,06:04:17: Model diagnostics: arce_anchor_count_mean=34.501820, arce_blocker_budget_mean=15.498179, arce_blocker_entropy_mean=4.831933, arce_gamma_max=0.786628, arce_gamma_mean=0.139649, arce_gamma_min=0.049787, arce_gamma_std=0.070682, arce_sampled_teacher_overlap_mean=0.690036
09/05/2026,06:04:17: Training...
09/05/2026,06:04:19: Evaluating...
09/05/2026,06:04:19: 	Train Loss: 3434091.0000 (base: 223.4868, kd: 6867.7358), Elapsed: train 2.88 test 0.33 *
09/05/2026,06:04:19: 	Recall@10: 0.06983 Recall@20: 0.10158 NDCG@10: 0.04174 NDCG@20: 0.05044 
09/05/2026,06:04:19: 	Recall@10: 0.02710 Recall@20: 0.04245 NDCG@10: 0.01523 NDCG@20: 0.01946 
09/05/2026,06:04:19: Epoch [114/1000]
09/05/2026,06:04:19: Negative sampling...
09/05/2026,06:04:20: Model's personal time...
09/05/2026,06:04:20: Model diagnostics: arce_anchor_count_mean=34.555855, arce_blocker_budget_mean=15.444146, arce_blocker_entropy_mean=4.829515, arce_gamma_max=0.786628, arce_gamma_mean=0.139156, arce_gamma_min=0.052866, arce_gamma_std=0.070372, arce_sampled_teacher_overlap_mean=0.691117
09/05/2026,06:04:20: Training...
09/05/2026,06:04:21: Evaluating...
09/05/2026,06:04:22: 	Train Loss: 3434001.5000 (base: 227.3567, kd: 6867.5483), Elapsed: train 2.64 test 0.33
09/05/2026,06:04:22: 	Recall@10: 0.06943 Recall@20: 0.10078 NDCG@10: 0.04159 NDCG@20: 0.05016 
09/05/2026,06:04:22: 	Recall@10: 0.02741 Recall@20: 0.04262 NDCG@10: 0.01508 NDCG@20: 0.01927 
09/05/2026,06:04:22: Epoch [115/1000]
09/05/2026,06:04:22: Negative sampling...
09/05/2026,06:04:23: Model's personal time...
09/05/2026,06:04:23: Model diagnostics: arce_anchor_count_mean=34.591877, arce_blocker_budget_mean=15.408124, arce_blocker_entropy_mean=4.828734, arce_gamma_max=0.786628, arce_gamma_mean=0.138812, arce_gamma_min=0.049787, arce_gamma_std=0.070084, arce_sampled_teacher_overlap_mean=0.691837
09/05/2026,06:04:23: Training...
09/05/2026,06:04:25: Evaluating...
09/05/2026,06:04:25: 	Train Loss: 3434680.0000 (base: 222.8125, kd: 6868.9150), Elapsed: train 2.82 test 0.34
09/05/2026,06:04:25: 	Recall@10: 0.06947 Recall@20: 0.10070 NDCG@10: 0.04152 NDCG@20: 0.05010 
09/05/2026,06:04:25: 	Recall@10: 0.02775 Recall@20: 0.04226 NDCG@10: 0.01524 NDCG@20: 0.01923 
09/05/2026,06:04:25: Epoch [116/1000]
09/05/2026,06:04:25: Negative sampling...
09/05/2026,06:04:26: Model's personal time...
09/05/2026,06:04:26: Model diagnostics: arce_anchor_count_mean=34.632496, arce_blocker_budget_mean=15.367503, arce_blocker_entropy_mean=4.826197, arce_gamma_max=0.786628, arce_gamma_mean=0.138397, arce_gamma_min=0.049787, arce_gamma_std=0.069600, arce_sampled_teacher_overlap_mean=0.692650
09/05/2026,06:04:26: Training...
09/05/2026,06:04:28: Evaluating...
09/05/2026,06:04:28: 	Train Loss: 3435057.5000 (base: 219.8219, kd: 6869.6753), Elapsed: train 2.61 test 0.33
09/05/2026,06:04:28: 	Recall@10: 0.06881 Recall@20: 0.10029 NDCG@10: 0.04129 NDCG@20: 0.04995 
09/05/2026,06:04:28: 	Recall@10: 0.02775 Recall@20: 0.04241 NDCG@10: 0.01533 NDCG@20: 0.01937 
09/05/2026,06:04:28: Epoch [117/1000]
09/05/2026,06:04:28: Negative sampling...
09/05/2026,06:04:29: Model's personal time...
09/05/2026,06:04:29: Model diagnostics: arce_anchor_count_mean=34.673885, arce_blocker_budget_mean=15.326116, arce_blocker_entropy_mean=4.825037, arce_gamma_max=0.786628, arce_gamma_mean=0.137996, arce_gamma_min=0.049787, arce_gamma_std=0.069239, arce_sampled_teacher_overlap_mean=0.693478
09/05/2026,06:04:29: Training...
09/05/2026,06:04:30: Evaluating...
09/05/2026,06:04:31: 	Train Loss: 3434766.0000 (base: 218.2612, kd: 6869.0947), Elapsed: train 2.49 test 0.26
09/05/2026,06:04:31: 	Recall@10: 0.06949 Recall@20: 0.10057 NDCG@10: 0.04160 NDCG@20: 0.05008 
09/05/2026,06:04:31: 	Recall@10: 0.02739 Recall@20: 0.04209 NDCG@10: 0.01516 NDCG@20: 0.01921 
09/05/2026,06:04:31: Epoch [118/1000]
09/05/2026,06:04:31: Negative sampling...
09/05/2026,06:04:32: Model's personal time...
09/05/2026,06:04:32: Model diagnostics: arce_anchor_count_mean=34.726192, arce_blocker_budget_mean=15.273808, arce_blocker_entropy_mean=4.823202, arce_gamma_max=0.786628, arce_gamma_mean=0.137496, arce_gamma_min=0.049787, arce_gamma_std=0.068876, arce_sampled_teacher_overlap_mean=0.694524
09/05/2026,06:04:32: Training...
09/05/2026,06:04:33: Evaluating...
09/05/2026,06:04:33: 	Train Loss: 3434775.5000 (base: 216.8576, kd: 6869.1172), Elapsed: train 2.45 test 0.31
09/05/2026,06:04:33: 	Recall@10: 0.06918 Recall@20: 0.10089 NDCG@10: 0.04119 NDCG@20: 0.04987 
09/05/2026,06:04:33: 	Recall@10: 0.02754 Recall@20: 0.04178 NDCG@10: 0.01515 NDCG@20: 0.01909 
09/05/2026,06:04:33: Epoch [119/1000]
09/05/2026,06:04:33: Negative sampling...
09/05/2026,06:04:35: Model's personal time...
09/05/2026,06:04:35: Model diagnostics: arce_anchor_count_mean=34.757999, arce_blocker_budget_mean=15.242001, arce_blocker_entropy_mean=4.822388, arce_gamma_max=0.786628, arce_gamma_mean=0.137141, arce_gamma_min=0.049787, arce_gamma_std=0.068382, arce_sampled_teacher_overlap_mean=0.695160
09/05/2026,06:04:35: Training...
09/05/2026,06:04:36: Evaluating...
09/05/2026,06:04:36: 	Train Loss: 3434987.0000 (base: 213.2904, kd: 6869.5479), Elapsed: train 2.54 test 0.28
09/05/2026,06:04:36: 	Recall@10: 0.06916 Recall@20: 0.10060 NDCG@10: 0.04136 NDCG@20: 0.05003 
09/05/2026,06:04:36: 	Recall@10: 0.02802 Recall@20: 0.04199 NDCG@10: 0.01539 NDCG@20: 0.01924 
09/05/2026,06:04:36: Epoch [120/1000]
09/05/2026,06:04:36: Negative sampling...
09/05/2026,06:04:38: Model's personal time...
09/05/2026,06:04:38: Model diagnostics: arce_anchor_count_mean=34.809540, arce_blocker_budget_mean=15.190457, arce_blocker_entropy_mean=4.820432, arce_gamma_max=0.786628, arce_gamma_mean=0.136654, arce_gamma_min=0.049787, arce_gamma_std=0.067996, arce_sampled_teacher_overlap_mean=0.696191
09/05/2026,06:04:38: Training...
09/05/2026,06:04:39: Evaluating...
09/05/2026,06:04:39: 	Train Loss: 3435031.0000 (base: 214.9639, kd: 6869.6323), Elapsed: train 2.71 test 0.27
09/05/2026,06:04:39: 	Recall@10: 0.06958 Recall@20: 0.10093 NDCG@10: 0.04155 NDCG@20: 0.05017 
09/05/2026,06:04:39: 	Recall@10: 0.02775 Recall@20: 0.04221 NDCG@10: 0.01534 NDCG@20: 0.01934 
09/05/2026,06:04:39: Epoch [121/1000]
09/05/2026,06:04:39: Negative sampling...
09/05/2026,06:04:41: Model's personal time...
09/05/2026,06:04:41: Model diagnostics: arce_anchor_count_mean=34.852077, arce_blocker_budget_mean=15.147921, arce_blocker_entropy_mean=4.819654, arce_gamma_max=0.786628, arce_gamma_mean=0.136205, arce_gamma_min=0.049787, arce_gamma_std=0.067436, arce_sampled_teacher_overlap_mean=0.697042
09/05/2026,06:04:41: Training...
09/05/2026,06:04:42: Evaluating...
09/05/2026,06:04:42: 	Train Loss: 3434747.2500 (base: 214.3466, kd: 6869.0664), Elapsed: train 2.56 test 0.28
09/05/2026,06:04:42: 	Recall@10: 0.06943 Recall@20: 0.10050 NDCG@10: 0.04129 NDCG@20: 0.04985 
09/05/2026,06:04:42: 	Recall@10: 0.02744 Recall@20: 0.04196 NDCG@10: 0.01519 NDCG@20: 0.01921 
09/05/2026,06:04:42: Epoch [122/1000]
09/05/2026,06:04:42: Negative sampling...
09/05/2026,06:04:43: Model's personal time...
09/05/2026,06:04:43: Model diagnostics: arce_anchor_count_mean=34.879478, arce_blocker_budget_mean=15.120521, arce_blocker_entropy_mean=4.816436, arce_gamma_max=0.786628, arce_gamma_mean=0.135963, arce_gamma_min=0.049787, arce_gamma_std=0.067328, arce_sampled_teacher_overlap_mean=0.697590
09/05/2026,06:04:43: Training...
09/05/2026,06:04:45: Evaluating...
09/05/2026,06:04:45: 	Train Loss: 3435720.7500 (base: 212.2496, kd: 6871.0166), Elapsed: train 2.73 test 0.29
09/05/2026,06:04:45: 	Recall@10: 0.07019 Recall@20: 0.10095 NDCG@10: 0.04182 NDCG@20: 0.05025 
09/05/2026,06:04:45: 	Recall@10: 0.02773 Recall@20: 0.04191 NDCG@10: 0.01547 NDCG@20: 0.01942 
09/05/2026,06:04:45: Epoch [123/1000]
09/05/2026,06:04:45: Negative sampling...
09/05/2026,06:04:46: Model's personal time...
09/05/2026,06:04:46: Model diagnostics: arce_anchor_count_mean=34.920864, arce_blocker_budget_mean=15.079134, arce_blocker_entropy_mean=4.815412, arce_gamma_max=0.786628, arce_gamma_mean=0.135541, arce_gamma_min=0.049787, arce_gamma_std=0.066916, arce_sampled_teacher_overlap_mean=0.698417
09/05/2026,06:04:46: Training...
09/05/2026,06:04:48: Evaluating...
09/05/2026,06:04:48: 	Train Loss: 3435497.7500 (base: 210.8133, kd: 6870.5732), Elapsed: train 2.69 test 0.34
09/05/2026,06:04:48: 	Recall@10: 0.06953 Recall@20: 0.10128 NDCG@10: 0.04136 NDCG@20: 0.05004 
09/05/2026,06:04:48: 	Recall@10: 0.02782 Recall@20: 0.04184 NDCG@10: 0.01538 NDCG@20: 0.01927 
09/05/2026,06:04:48: Epoch [124/1000]
09/05/2026,06:04:48: Negative sampling...
09/05/2026,06:04:50: Model's personal time...
09/05/2026,06:04:50: Model diagnostics: arce_anchor_count_mean=34.975475, arce_blocker_budget_mean=15.024526, arce_blocker_entropy_mean=4.813829, arce_gamma_max=0.786628, arce_gamma_mean=0.135008, arce_gamma_min=0.049787, arce_gamma_std=0.066340, arce_sampled_teacher_overlap_mean=0.699510
09/05/2026,06:04:50: Training...
09/05/2026,06:04:51: Evaluating...
09/05/2026,06:04:51: 	Train Loss: 3435941.7500 (base: 207.9888, kd: 6871.4678), Elapsed: train 2.73 test 0.29
09/05/2026,06:04:51: 	Recall@10: 0.06939 Recall@20: 0.10099 NDCG@10: 0.04145 NDCG@20: 0.05010 
09/05/2026,06:04:51: 	Recall@10: 0.02821 Recall@20: 0.04164 NDCG@10: 0.01552 NDCG@20: 0.01923 
09/05/2026,06:04:51: Epoch [125/1000]
09/05/2026,06:04:51: Negative sampling...
09/05/2026,06:04:53: Model's personal time...
09/05/2026,06:04:53: Model diagnostics: arce_anchor_count_mean=34.999043, arce_blocker_budget_mean=15.000957, arce_blocker_entropy_mean=4.812947, arce_gamma_max=0.786628, arce_gamma_mean=0.134795, arce_gamma_min=0.049787, arce_gamma_std=0.066130, arce_sampled_teacher_overlap_mean=0.699981
09/05/2026,06:04:53: Training...
09/05/2026,06:04:54: Evaluating...
09/05/2026,06:04:54: 	Train Loss: 3435797.7500 (base: 208.1583, kd: 6871.1797), Elapsed: train 2.60 test 0.26
09/05/2026,06:04:54: 	Recall@10: 0.06937 Recall@20: 0.10127 NDCG@10: 0.04152 NDCG@20: 0.05024 
09/05/2026,06:04:54: 	Recall@10: 0.02774 Recall@20: 0.04164 NDCG@10: 0.01527 NDCG@20: 0.01912 
09/05/2026,06:04:54: Epoch [126/1000]
09/05/2026,06:04:54: Negative sampling...
09/05/2026,06:04:55: Model's personal time...
09/05/2026,06:04:55: Model diagnostics: arce_anchor_count_mean=35.040813, arce_blocker_budget_mean=14.959188, arce_blocker_entropy_mean=4.810886, arce_gamma_max=0.786628, arce_gamma_mean=0.134410, arce_gamma_min=0.049787, arce_gamma_std=0.065843, arce_sampled_teacher_overlap_mean=0.700816
09/05/2026,06:04:55: Training...
09/05/2026,06:04:57: Evaluating...
09/05/2026,06:04:57: 	Train Loss: 3435957.5000 (base: 207.5739, kd: 6871.5000), Elapsed: train 2.60 test 0.26
09/05/2026,06:04:57: 	Recall@10: 0.07020 Recall@20: 0.10140 NDCG@10: 0.04166 NDCG@20: 0.05013 
09/05/2026,06:04:57: 	Recall@10: 0.02801 Recall@20: 0.04118 NDCG@10: 0.01537 NDCG@20: 0.01904 
09/05/2026,06:04:57: Epoch [127/1000]
09/05/2026,06:04:57: Negative sampling...
09/05/2026,06:04:58: Model's personal time...
09/05/2026,06:04:58: Model diagnostics: arce_anchor_count_mean=35.070511, arce_blocker_budget_mean=14.929488, arce_blocker_entropy_mean=4.809781, arce_gamma_max=0.786628, arce_gamma_mean=0.134202, arce_gamma_min=0.049787, arce_gamma_std=0.065826, arce_sampled_teacher_overlap_mean=0.701410
09/05/2026,06:04:58: Training...
09/05/2026,06:05:00: Evaluating...
09/05/2026,06:05:00: 	Train Loss: 3436353.2500 (base: 207.4314, kd: 6872.2920), Elapsed: train 2.64 test 0.33
09/05/2026,06:05:00: 	Recall@10: 0.06950 Recall@20: 0.10133 NDCG@10: 0.04145 NDCG@20: 0.05015 
09/05/2026,06:05:00: 	Recall@10: 0.02851 Recall@20: 0.04143 NDCG@10: 0.01564 NDCG@20: 0.01921 
09/05/2026,06:05:00: Epoch [128/1000]
09/05/2026,06:05:00: Negative sampling...
09/05/2026,06:05:01: Model's personal time...
09/05/2026,06:05:01: Model diagnostics: arce_anchor_count_mean=35.104618, arce_blocker_budget_mean=14.895382, arce_blocker_entropy_mean=4.809426, arce_gamma_max=0.786628, arce_gamma_mean=0.133867, arce_gamma_min=0.049787, arce_gamma_std=0.065492, arce_sampled_teacher_overlap_mean=0.702092
09/05/2026,06:05:01: Training...
09/05/2026,06:05:03: Evaluating...
09/05/2026,06:05:03: 	Train Loss: 3436063.5000 (base: 204.9166, kd: 6871.7178), Elapsed: train 2.79 test 0.27
09/05/2026,06:05:03: 	Recall@10: 0.07021 Recall@20: 0.10191 NDCG@10: 0.04165 NDCG@20: 0.05026 
09/05/2026,06:05:03: 	Recall@10: 0.02792 Recall@20: 0.04135 NDCG@10: 0.01537 NDCG@20: 0.01910 
09/05/2026,06:05:03: Epoch [129/1000]
09/05/2026,06:05:03: Negative sampling...
09/05/2026,06:05:04: Model's personal time...
09/05/2026,06:05:04: Model diagnostics: arce_anchor_count_mean=35.140255, arce_blocker_budget_mean=14.859743, arce_blocker_entropy_mean=4.805750, arce_gamma_max=0.740818, arce_gamma_mean=0.133570, arce_gamma_min=0.049787, arce_gamma_std=0.065348, arce_sampled_teacher_overlap_mean=0.702805
09/05/2026,06:05:04: Training...
09/05/2026,06:05:06: Evaluating...
09/05/2026,06:05:06: 	Train Loss: 3437072.0000 (base: 204.3380, kd: 6873.7344), Elapsed: train 2.62 test 0.34
09/05/2026,06:05:06: 	Recall@10: 0.06936 Recall@20: 0.10129 NDCG@10: 0.04138 NDCG@20: 0.05010 
09/05/2026,06:05:06: 	Recall@10: 0.02812 Recall@20: 0.04154 NDCG@10: 0.01547 NDCG@20: 0.01919 
09/05/2026,06:05:06: Epoch [130/1000]
09/05/2026,06:05:06: Negative sampling...
09/05/2026,06:05:07: Model's personal time...
09/05/2026,06:05:07: Model diagnostics: arce_anchor_count_mean=35.187775, arce_blocker_budget_mean=14.812224, arce_blocker_entropy_mean=4.805411, arce_gamma_max=0.786628, arce_gamma_mean=0.133172, arce_gamma_min=0.049787, arce_gamma_std=0.065193, arce_sampled_teacher_overlap_mean=0.703755
09/05/2026,06:05:07: Training...
09/05/2026,06:05:09: Evaluating...
09/05/2026,06:05:09: 	Train Loss: 3436382.5000 (base: 201.3739, kd: 6872.3623), Elapsed: train 2.92 test 0.30
09/05/2026,06:05:09: 	Recall@10: 0.06897 Recall@20: 0.10162 NDCG@10: 0.04146 NDCG@20: 0.05038 
09/05/2026,06:05:09: 	Recall@10: 0.02851 Recall@20: 0.04136 NDCG@10: 0.01553 NDCG@20: 0.01911 
09/05/2026,06:05:09: Epoch [131/1000]
09/05/2026,06:05:09: Negative sampling...
09/05/2026,06:05:11: Model's personal time...
09/05/2026,06:05:11: Model diagnostics: arce_anchor_count_mean=35.222454, arce_blocker_budget_mean=14.777543, arce_blocker_entropy_mean=4.802453, arce_gamma_max=0.786628, arce_gamma_mean=0.132844, arce_gamma_min=0.049787, arce_gamma_std=0.064870, arce_sampled_teacher_overlap_mean=0.704449
09/05/2026,06:05:11: Training...
09/05/2026,06:05:12: Evaluating...
09/05/2026,06:05:12: 	Train Loss: 3437085.2500 (base: 203.0805, kd: 6873.7637), Elapsed: train 2.97 test 0.35
09/05/2026,06:05:12: 	Recall@10: 0.06925 Recall@20: 0.10177 NDCG@10: 0.04150 NDCG@20: 0.05042 
09/05/2026,06:05:12: 	Recall@10: 0.02849 Recall@20: 0.04166 NDCG@10: 0.01546 NDCG@20: 0.01911 
09/05/2026,06:05:12: Epoch [132/1000]
09/05/2026,06:05:12: Negative sampling...
09/05/2026,06:05:14: Model's personal time...
09/05/2026,06:05:14: Model diagnostics: arce_anchor_count_mean=35.255413, arce_blocker_budget_mean=14.744587, arce_blocker_entropy_mean=4.800912, arce_gamma_max=0.786628, arce_gamma_mean=0.132586, arce_gamma_min=0.049787, arce_gamma_std=0.064834, arce_sampled_teacher_overlap_mean=0.705108
09/05/2026,06:05:14: Training...
09/05/2026,06:05:15: Evaluating...
09/05/2026,06:05:15: 	Train Loss: 3437067.0000 (base: 200.0424, kd: 6873.7344), Elapsed: train 2.71 test 0.26
09/05/2026,06:05:15: 	Recall@10: 0.07043 Recall@20: 0.10207 NDCG@10: 0.04164 NDCG@20: 0.05032 
09/05/2026,06:05:15: 	Recall@10: 0.02821 Recall@20: 0.04179 NDCG@10: 0.01556 NDCG@20: 0.01932 
09/05/2026,06:05:15: Epoch [133/1000]
09/05/2026,06:05:15: Negative sampling...
09/05/2026,06:05:17: Model's personal time...
09/05/2026,06:05:17: Model diagnostics: arce_anchor_count_mean=35.289902, arce_blocker_budget_mean=14.710097, arce_blocker_entropy_mean=4.798310, arce_gamma_max=0.786628, arce_gamma_mean=0.132232, arce_gamma_min=0.049787, arce_gamma_std=0.064456, arce_sampled_teacher_overlap_mean=0.705798
09/05/2026,06:05:17: Training...
09/05/2026,06:05:18: Evaluating...
09/05/2026,06:05:18: 	Train Loss: 3437123.7500 (base: 200.5811, kd: 6873.8467), Elapsed: train 2.49 test 0.39 *
09/05/2026,06:05:18: 	Recall@10: 0.06851 Recall@20: 0.10200 NDCG@10: 0.04129 NDCG@20: 0.05046 
09/05/2026,06:05:18: 	Recall@10: 0.02840 Recall@20: 0.04179 NDCG@10: 0.01545 NDCG@20: 0.01915 
09/05/2026,06:05:18: Epoch [134/1000]
09/05/2026,06:05:18: Negative sampling...
09/05/2026,06:05:20: Model's personal time...
09/05/2026,06:05:20: Model diagnostics: arce_anchor_count_mean=35.329182, arce_blocker_budget_mean=14.670818, arce_blocker_entropy_mean=4.797107, arce_gamma_max=0.786628, arce_gamma_mean=0.131918, arce_gamma_min=0.049787, arce_gamma_std=0.064292, arce_sampled_teacher_overlap_mean=0.706584
09/05/2026,06:05:20: Training...
09/05/2026,06:05:21: Evaluating...
09/05/2026,06:05:21: 	Train Loss: 3437297.5000 (base: 201.6343, kd: 6874.1924), Elapsed: train 2.58 test 0.27
09/05/2026,06:05:21: 	Recall@10: 0.06997 Recall@20: 0.10202 NDCG@10: 0.04152 NDCG@20: 0.05031 
09/05/2026,06:05:21: 	Recall@10: 0.02830 Recall@20: 0.04133 NDCG@10: 0.01548 NDCG@20: 0.01912 
09/05/2026,06:05:21: Epoch [135/1000]
09/05/2026,06:05:21: Negative sampling...
09/05/2026,06:05:22: Model's personal time...
09/05/2026,06:05:22: Model diagnostics: arce_anchor_count_mean=35.362522, arce_blocker_budget_mean=14.637478, arce_blocker_entropy_mean=4.796555, arce_gamma_max=0.786628, arce_gamma_mean=0.131559, arce_gamma_min=0.049787, arce_gamma_std=0.063911, arce_sampled_teacher_overlap_mean=0.707250
09/05/2026,06:05:22: Training...
09/05/2026,06:05:24: Evaluating...
09/05/2026,06:05:24: 	Train Loss: 3437073.5000 (base: 196.3104, kd: 6873.7549), Elapsed: train 2.51 test 0.33 *
09/05/2026,06:05:24: 	Recall@10: 0.06915 Recall@20: 0.10255 NDCG@10: 0.04146 NDCG@20: 0.05059 
09/05/2026,06:05:24: 	Recall@10: 0.02862 Recall@20: 0.04147 NDCG@10: 0.01569 NDCG@20: 0.01924 
09/05/2026,06:05:24: Epoch [136/1000]
09/05/2026,06:05:24: Negative sampling...
09/05/2026,06:05:25: Model's personal time...
09/05/2026,06:05:25: Model diagnostics: arce_anchor_count_mean=35.394711, arce_blocker_budget_mean=14.605289, arce_blocker_entropy_mean=4.794025, arce_gamma_max=0.786628, arce_gamma_mean=0.131290, arce_gamma_min=0.049787, arce_gamma_std=0.063708, arce_sampled_teacher_overlap_mean=0.707894
09/05/2026,06:05:25: Training...
09/05/2026,06:05:27: Evaluating...
09/05/2026,06:05:27: 	Train Loss: 3437653.2500 (base: 196.5331, kd: 6874.9131), Elapsed: train 2.83 test 0.28
09/05/2026,06:05:27: 	Recall@10: 0.06849 Recall@20: 0.10175 NDCG@10: 0.04126 NDCG@20: 0.05038 
09/05/2026,06:05:27: 	Recall@10: 0.02835 Recall@20: 0.04163 NDCG@10: 0.01559 NDCG@20: 0.01930 
09/05/2026,06:05:27: Epoch [137/1000]
09/05/2026,06:05:27: Negative sampling...
09/05/2026,06:05:28: Model's personal time...
09/05/2026,06:05:28: Model diagnostics: arce_anchor_count_mean=35.427094, arce_blocker_budget_mean=14.572906, arce_blocker_entropy_mean=4.792593, arce_gamma_max=0.786628, arce_gamma_mean=0.130970, arce_gamma_min=0.049787, arce_gamma_std=0.063312, arce_sampled_teacher_overlap_mean=0.708542
09/05/2026,06:05:28: Training...
09/05/2026,06:05:29: Evaluating...
09/05/2026,06:05:30: 	Train Loss: 3437507.2500 (base: 196.1765, kd: 6874.6221), Elapsed: train 2.42 test 0.31
09/05/2026,06:05:30: 	Recall@10: 0.06905 Recall@20: 0.10252 NDCG@10: 0.04136 NDCG@20: 0.05055 
09/05/2026,06:05:30: 	Recall@10: 0.02897 Recall@20: 0.04192 NDCG@10: 0.01586 NDCG@20: 0.01943 
09/05/2026,06:05:30: Epoch [138/1000]
09/05/2026,06:05:30: Negative sampling...
09/05/2026,06:05:31: Model's personal time...
09/05/2026,06:05:31: Model diagnostics: arce_anchor_count_mean=35.459667, arce_blocker_budget_mean=14.540333, arce_blocker_entropy_mean=4.791794, arce_gamma_max=0.786628, arce_gamma_mean=0.130706, arce_gamma_min=0.049787, arce_gamma_std=0.063186, arce_sampled_teacher_overlap_mean=0.709193
09/05/2026,06:05:31: Training...
09/05/2026,06:05:32: Evaluating...
09/05/2026,06:05:33: 	Train Loss: 3437810.2500 (base: 195.7551, kd: 6875.2290), Elapsed: train 2.56 test 0.25
09/05/2026,06:05:33: 	Recall@10: 0.06905 Recall@20: 0.10180 NDCG@10: 0.04143 NDCG@20: 0.05048 
09/05/2026,06:05:33: 	Recall@10: 0.02868 Recall@20: 0.04174 NDCG@10: 0.01559 NDCG@20: 0.01923 
09/05/2026,06:05:33: Epoch [139/1000]
09/05/2026,06:05:33: Negative sampling...
09/05/2026,06:05:34: Model's personal time...
09/05/2026,06:05:34: Model diagnostics: arce_anchor_count_mean=35.496262, arce_blocker_budget_mean=14.503736, arce_blocker_entropy_mean=4.789283, arce_gamma_max=0.786628, arce_gamma_mean=0.130354, arce_gamma_min=0.049787, arce_gamma_std=0.062816, arce_sampled_teacher_overlap_mean=0.709925
09/05/2026,06:05:34: Training...
09/05/2026,06:05:35: Evaluating...
09/05/2026,06:05:36: 	Train Loss: 3438196.7500 (base: 194.7686, kd: 6876.0029), Elapsed: train 2.58 test 0.33
09/05/2026,06:05:36: 	Recall@10: 0.06936 Recall@20: 0.10157 NDCG@10: 0.04143 NDCG@20: 0.05034 
09/05/2026,06:05:36: 	Recall@10: 0.02889 Recall@20: 0.04217 NDCG@10: 0.01572 NDCG@20: 0.01935 
09/05/2026,06:05:36: Epoch [140/1000]
09/05/2026,06:05:36: Negative sampling...
09/05/2026,06:05:37: Model's personal time...
09/05/2026,06:05:37: Model diagnostics: arce_anchor_count_mean=35.530369, arce_blocker_budget_mean=14.469630, arce_blocker_entropy_mean=4.788320, arce_gamma_max=0.786628, arce_gamma_mean=0.130079, arce_gamma_min=0.049787, arce_gamma_std=0.062662, arce_sampled_teacher_overlap_mean=0.710607
09/05/2026,06:05:37: Training...
09/05/2026,06:05:38: Evaluating...
09/05/2026,06:05:39: 	Train Loss: 3437506.2500 (base: 194.7113, kd: 6874.6230), Elapsed: train 2.73 test 0.27 *
09/05/2026,06:05:39: 	Recall@10: 0.06913 Recall@20: 0.10307 NDCG@10: 0.04136 NDCG@20: 0.05068 
09/05/2026,06:05:39: 	Recall@10: 0.02822 Recall@20: 0.04197 NDCG@10: 0.01542 NDCG@20: 0.01922 
09/05/2026,06:05:39: Epoch [141/1000]
09/05/2026,06:05:39: Negative sampling...
09/05/2026,06:05:40: Model's personal time...
09/05/2026,06:05:40: Model diagnostics: arce_anchor_count_mean=35.559875, arce_blocker_budget_mean=14.440123, arce_blocker_entropy_mean=4.786089, arce_gamma_max=0.786628, arce_gamma_mean=0.129797, arce_gamma_min=0.049787, arce_gamma_std=0.062406, arce_sampled_teacher_overlap_mean=0.711198
09/05/2026,06:05:40: Training...
09/05/2026,06:05:41: Evaluating...
09/05/2026,06:05:42: 	Train Loss: 3438187.0000 (base: 193.0430, kd: 6875.9878), Elapsed: train 2.86 test 0.31
09/05/2026,06:05:42: 	Recall@10: 0.06935 Recall@20: 0.10240 NDCG@10: 0.04144 NDCG@20: 0.05056 
09/05/2026,06:05:42: 	Recall@10: 0.02870 Recall@20: 0.04180 NDCG@10: 0.01564 NDCG@20: 0.01924 
09/05/2026,06:05:42: Epoch [142/1000]
09/05/2026,06:05:42: Negative sampling...
09/05/2026,06:05:43: Model's personal time...
09/05/2026,06:05:43: Model diagnostics: arce_anchor_count_mean=35.592068, arce_blocker_budget_mean=14.407932, arce_blocker_entropy_mean=4.783551, arce_gamma_max=0.786628, arce_gamma_mean=0.129458, arce_gamma_min=0.049787, arce_gamma_std=0.061873, arce_sampled_teacher_overlap_mean=0.711841
09/05/2026,06:05:43: Training...
09/05/2026,06:05:44: Evaluating...
09/05/2026,06:05:45: 	Train Loss: 3438116.5000 (base: 189.7785, kd: 6875.8530), Elapsed: train 2.73 test 0.35
09/05/2026,06:05:45: 	Recall@10: 0.06972 Recall@20: 0.10156 NDCG@10: 0.04139 NDCG@20: 0.05019 
09/05/2026,06:05:45: 	Recall@10: 0.02851 Recall@20: 0.04197 NDCG@10: 0.01548 NDCG@20: 0.01921 
09/05/2026,06:05:45: Epoch [143/1000]
09/05/2026,06:05:45: Negative sampling...
09/05/2026,06:05:46: Model's personal time...
09/05/2026,06:05:46: Model diagnostics: arce_anchor_count_mean=35.627514, arce_blocker_budget_mean=14.372485, arce_blocker_entropy_mean=4.782600, arce_gamma_max=0.786628, arce_gamma_mean=0.129119, arce_gamma_min=0.049787, arce_gamma_std=0.061496, arce_sampled_teacher_overlap_mean=0.712550
09/05/2026,06:05:46: Training...
09/05/2026,06:05:47: Evaluating...
09/05/2026,06:05:48: 	Train Loss: 3438562.7500 (base: 189.5707, kd: 6876.7466), Elapsed: train 2.54 test 0.33
09/05/2026,06:05:48: 	Recall@10: 0.07002 Recall@20: 0.10219 NDCG@10: 0.04176 NDCG@20: 0.05056 
09/05/2026,06:05:48: 	Recall@10: 0.02870 Recall@20: 0.04200 NDCG@10: 0.01571 NDCG@20: 0.01939 
09/05/2026,06:05:48: Epoch [144/1000]
09/05/2026,06:05:48: Negative sampling...
09/05/2026,06:05:49: Model's personal time...
09/05/2026,06:05:49: Model diagnostics: arce_anchor_count_mean=35.659130, arce_blocker_budget_mean=14.340870, arce_blocker_entropy_mean=4.781699, arce_gamma_max=0.786628, arce_gamma_mean=0.128881, arce_gamma_min=0.049787, arce_gamma_std=0.061448, arce_sampled_teacher_overlap_mean=0.713183
09/05/2026,06:05:49: Training...
09/05/2026,06:05:50: Evaluating...
09/05/2026,06:05:51: 	Train Loss: 3438172.0000 (base: 187.1296, kd: 6875.9692), Elapsed: train 2.65 test 0.25
09/05/2026,06:05:51: 	Recall@10: 0.06920 Recall@20: 0.10238 NDCG@10: 0.04150 NDCG@20: 0.05061 
09/05/2026,06:05:51: 	Recall@10: 0.02888 Recall@20: 0.04217 NDCG@10: 0.01568 NDCG@20: 0.01935 
09/05/2026,06:05:51: Epoch [145/1000]
09/05/2026,06:05:51: Negative sampling...
09/05/2026,06:05:52: Model's personal time...
09/05/2026,06:05:52: Model diagnostics: arce_anchor_count_mean=35.688828, arce_blocker_budget_mean=14.311171, arce_blocker_entropy_mean=4.780972, arce_gamma_max=0.786628, arce_gamma_mean=0.128594, arce_gamma_min=0.049787, arce_gamma_std=0.061166, arce_sampled_teacher_overlap_mean=0.713777
09/05/2026,06:05:52: Training...
09/05/2026,06:05:53: Evaluating...
09/05/2026,06:05:53: 	Train Loss: 3438481.0000 (base: 186.5084, kd: 6876.5894), Elapsed: train 2.51 test 0.33
09/05/2026,06:05:53: 	Recall@10: 0.06975 Recall@20: 0.10272 NDCG@10: 0.04144 NDCG@20: 0.05050 
09/05/2026,06:05:53: 	Recall@10: 0.02833 Recall@20: 0.04209 NDCG@10: 0.01535 NDCG@20: 0.01916 
09/05/2026,06:05:53: Epoch [146/1000]
09/05/2026,06:05:53: Negative sampling...
09/05/2026,06:05:55: Model's personal time...
09/05/2026,06:05:55: Model diagnostics: arce_anchor_count_mean=35.725616, arce_blocker_budget_mean=14.274382, arce_blocker_entropy_mean=4.778205, arce_gamma_max=0.740818, arce_gamma_mean=0.128265, arce_gamma_min=0.049787, arce_gamma_std=0.060820, arce_sampled_teacher_overlap_mean=0.714512
09/05/2026,06:05:55: Training...
09/05/2026,06:05:56: Evaluating...
09/05/2026,06:05:56: 	Train Loss: 3438553.7500 (base: 180.4745, kd: 6876.7461), Elapsed: train 2.63 test 0.27
09/05/2026,06:05:56: 	Recall@10: 0.06983 Recall@20: 0.10199 NDCG@10: 0.04148 NDCG@20: 0.05038 
09/05/2026,06:05:56: 	Recall@10: 0.02830 Recall@20: 0.04268 NDCG@10: 0.01541 NDCG@20: 0.01937 
09/05/2026,06:05:56: Epoch [147/1000]
09/05/2026,06:05:56: Negative sampling...
09/05/2026,06:05:58: Model's personal time...
09/05/2026,06:05:58: Model diagnostics: arce_anchor_count_mean=35.754360, arce_blocker_budget_mean=14.245641, arce_blocker_entropy_mean=4.777203, arce_gamma_max=0.786628, arce_gamma_mean=0.128036, arce_gamma_min=0.049787, arce_gamma_std=0.060767, arce_sampled_teacher_overlap_mean=0.715087
09/05/2026,06:05:58: Training...
09/05/2026,06:05:59: Evaluating...
09/05/2026,06:05:59: 	Train Loss: 3438858.5000 (base: 184.7328, kd: 6877.3477), Elapsed: train 2.67 test 0.34
09/05/2026,06:05:59: 	Recall@10: 0.06959 Recall@20: 0.10219 NDCG@10: 0.04133 NDCG@20: 0.05031 
09/05/2026,06:05:59: 	Recall@10: 0.02888 Recall@20: 0.04239 NDCG@10: 0.01571 NDCG@20: 0.01944 
09/05/2026,06:05:59: Epoch [148/1000]
09/05/2026,06:05:59: Negative sampling...
09/05/2026,06:06:01: Model's personal time...
09/05/2026,06:06:01: Model diagnostics: arce_anchor_count_mean=35.785015, arce_blocker_budget_mean=14.214984, arce_blocker_entropy_mean=4.774674, arce_gamma_max=0.786628, arce_gamma_mean=0.127733, arce_gamma_min=0.049787, arce_gamma_std=0.060331, arce_sampled_teacher_overlap_mean=0.715700
09/05/2026,06:06:01: Training...
09/05/2026,06:06:02: Evaluating...
09/05/2026,06:06:03: 	Train Loss: 3438982.5000 (base: 183.4496, kd: 6877.5981), Elapsed: train 2.94 test 0.33
09/05/2026,06:06:03: 	Recall@10: 0.06944 Recall@20: 0.10307 NDCG@10: 0.04133 NDCG@20: 0.05060 
09/05/2026,06:06:03: 	Recall@10: 0.02868 Recall@20: 0.04252 NDCG@10: 0.01553 NDCG@20: 0.01934 
09/05/2026,06:06:03: Epoch [149/1000]
09/05/2026,06:06:03: Negative sampling...
09/05/2026,06:06:04: Model's personal time...
09/05/2026,06:06:04: Model diagnostics: arce_anchor_count_mean=35.823338, arce_blocker_budget_mean=14.176662, arce_blocker_entropy_mean=4.775392, arce_gamma_max=0.786628, arce_gamma_mean=0.127424, arce_gamma_min=0.049787, arce_gamma_std=0.060122, arce_sampled_teacher_overlap_mean=0.716467
09/05/2026,06:06:04: Training...
09/05/2026,06:06:05: Evaluating...
09/05/2026,06:06:05: 	Train Loss: 3439079.5000 (base: 179.2846, kd: 6877.8003), Elapsed: train 2.62 test 0.25
09/05/2026,06:06:05: 	Recall@10: 0.06993 Recall@20: 0.10320 NDCG@10: 0.04148 NDCG@20: 0.05058 
09/05/2026,06:06:05: 	Recall@10: 0.02830 Recall@20: 0.04326 NDCG@10: 0.01548 NDCG@20: 0.01957 
09/05/2026,06:06:05: Epoch [150/1000]
09/05/2026,06:06:05: Negative sampling...
09/05/2026,06:06:07: Model's personal time...
09/05/2026,06:06:07: Model diagnostics: arce_anchor_count_mean=35.849586, arce_blocker_budget_mean=14.150412, arce_blocker_entropy_mean=4.772709, arce_gamma_max=0.786628, arce_gamma_mean=0.127197, arce_gamma_min=0.049787, arce_gamma_std=0.059935, arce_sampled_teacher_overlap_mean=0.716992
09/05/2026,06:06:07: Training...
09/05/2026,06:06:08: Evaluating...
09/05/2026,06:06:08: 	Train Loss: 3439846.5000 (base: 179.2380, kd: 6879.3340), Elapsed: train 2.51 test 0.26 *
09/05/2026,06:06:08: 	Recall@10: 0.07013 Recall@20: 0.10311 NDCG@10: 0.04166 NDCG@20: 0.05079 
09/05/2026,06:06:08: 	Recall@10: 0.02888 Recall@20: 0.04279 NDCG@10: 0.01575 NDCG@20: 0.01957 
09/05/2026,06:06:08: Epoch [151/1000]
09/05/2026,06:06:08: Negative sampling...
09/05/2026,06:06:10: Model's personal time...
09/05/2026,06:06:10: Model diagnostics: arce_anchor_count_mean=35.869133, arce_blocker_budget_mean=14.130868, arce_blocker_entropy_mean=4.771845, arce_gamma_max=0.740818, arce_gamma_mean=0.127004, arce_gamma_min=0.049787, arce_gamma_std=0.059713, arce_sampled_teacher_overlap_mean=0.717383
09/05/2026,06:06:10: Training...
09/05/2026,06:06:11: Evaluating...
09/05/2026,06:06:11: 	Train Loss: 3439281.0000 (base: 178.0919, kd: 6878.2051), Elapsed: train 2.53 test 0.26 *
09/05/2026,06:06:11: 	Recall@10: 0.06974 Recall@20: 0.10348 NDCG@10: 0.04163 NDCG@20: 0.05089 
09/05/2026,06:06:11: 	Recall@10: 0.02868 Recall@20: 0.04305 NDCG@10: 0.01561 NDCG@20: 0.01953 
09/05/2026,06:06:11: Epoch [152/1000]
09/05/2026,06:06:11: Negative sampling...
09/05/2026,06:06:12: Model's personal time...
09/05/2026,06:06:12: Model diagnostics: arce_anchor_count_mean=35.893848, arce_blocker_budget_mean=14.106151, arce_blocker_entropy_mean=4.771702, arce_gamma_max=0.786628, arce_gamma_mean=0.126803, arce_gamma_min=0.049787, arce_gamma_std=0.059687, arce_sampled_teacher_overlap_mean=0.717877
09/05/2026,06:06:12: Training...
09/05/2026,06:06:14: Evaluating...
09/05/2026,06:06:14: 	Train Loss: 3439003.0000 (base: 176.3471, kd: 6877.6533), Elapsed: train 2.53 test 0.26 *
09/05/2026,06:06:14: 	Recall@10: 0.06975 Recall@20: 0.10327 NDCG@10: 0.04187 NDCG@20: 0.05106 
09/05/2026,06:06:14: 	Recall@10: 0.02870 Recall@20: 0.04315 NDCG@10: 0.01573 NDCG@20: 0.01969 
09/05/2026,06:06:14: Epoch [153/1000]
09/05/2026,06:06:14: Negative sampling...
09/05/2026,06:06:15: Model's personal time...
09/05/2026,06:06:15: Model diagnostics: arce_anchor_count_mean=35.923931, arce_blocker_budget_mean=14.076068, arce_blocker_entropy_mean=4.768551, arce_gamma_max=0.740818, arce_gamma_mean=0.126525, arce_gamma_min=0.049787, arce_gamma_std=0.059267, arce_sampled_teacher_overlap_mean=0.718479
09/05/2026,06:06:15: Training...
09/05/2026,06:06:16: Evaluating...
09/05/2026,06:06:17: 	Train Loss: 3439578.7500 (base: 177.4876, kd: 6878.8022), Elapsed: train 2.41 test 0.33
09/05/2026,06:06:17: 	Recall@10: 0.06966 Recall@20: 0.10351 NDCG@10: 0.04136 NDCG@20: 0.05068 
09/05/2026,06:06:17: 	Recall@10: 0.02859 Recall@20: 0.04293 NDCG@10: 0.01565 NDCG@20: 0.01957 
09/05/2026,06:06:17: Epoch [154/1000]
09/05/2026,06:06:17: Negative sampling...
09/05/2026,06:06:18: Model's personal time...
09/05/2026,06:06:18: Model diagnostics: arce_anchor_count_mean=35.950756, arce_blocker_budget_mean=14.049243, arce_blocker_entropy_mean=4.767905, arce_gamma_max=0.740818, arce_gamma_mean=0.126308, arce_gamma_min=0.049787, arce_gamma_std=0.059239, arce_sampled_teacher_overlap_mean=0.719015
09/05/2026,06:06:18: Training...
09/05/2026,06:06:19: Evaluating...
09/05/2026,06:06:20: 	Train Loss: 3439075.7500 (base: 186.9484, kd: 6877.7773), Elapsed: train 2.67 test 0.34
09/05/2026,06:06:20: 	Recall@10: 0.07002 Recall@20: 0.10380 NDCG@10: 0.04146 NDCG@20: 0.05080 
09/05/2026,06:06:20: 	Recall@10: 0.02862 Recall@20: 0.04336 NDCG@10: 0.01560 NDCG@20: 0.01964 
09/05/2026,06:06:20: Epoch [155/1000]
09/05/2026,06:06:20: Negative sampling...
09/05/2026,06:06:21: Model's personal time...
09/05/2026,06:06:21: Model diagnostics: arce_anchor_count_mean=35.978157, arce_blocker_budget_mean=14.021843, arce_blocker_entropy_mean=4.765726, arce_gamma_max=0.740818, arce_gamma_mean=0.126098, arce_gamma_min=0.049787, arce_gamma_std=0.059135, arce_sampled_teacher_overlap_mean=0.719563
09/05/2026,06:06:21: Training...
09/05/2026,06:06:22: Evaluating...
09/05/2026,06:06:22: 	Train Loss: 3439798.2500 (base: 186.1918, kd: 6879.2241), Elapsed: train 2.60 test 0.27
09/05/2026,06:06:22: 	Recall@10: 0.06968 Recall@20: 0.10255 NDCG@10: 0.04127 NDCG@20: 0.05039 
09/05/2026,06:06:22: 	Recall@10: 0.02878 Recall@20: 0.04307 NDCG@10: 0.01559 NDCG@20: 0.01949 
09/05/2026,06:06:22: Epoch [156/1000]
09/05/2026,06:06:22: Negative sampling...
09/05/2026,06:06:24: Model's personal time...
09/05/2026,06:06:24: Model diagnostics: arce_anchor_count_mean=36.007854, arce_blocker_budget_mean=13.992144, arce_blocker_entropy_mean=4.765506, arce_gamma_max=0.740818, arce_gamma_mean=0.125831, arce_gamma_min=0.049787, arce_gamma_std=0.058902, arce_sampled_teacher_overlap_mean=0.720157
09/05/2026,06:06:24: Training...
09/05/2026,06:06:25: Evaluating...
09/05/2026,06:06:26: 	Train Loss: 3439960.5000 (base: 186.0580, kd: 6879.5483), Elapsed: train 2.87 test 0.29
09/05/2026,06:06:26: 	Recall@10: 0.07013 Recall@20: 0.10269 NDCG@10: 0.04162 NDCG@20: 0.05069 
09/05/2026,06:06:26: 	Recall@10: 0.02773 Recall@20: 0.04321 NDCG@10: 0.01547 NDCG@20: 0.01970 
09/05/2026,06:06:26: Epoch [157/1000]
09/05/2026,06:06:26: Negative sampling...
09/05/2026,06:06:27: Model's personal time...
09/05/2026,06:06:27: Model diagnostics: arce_anchor_count_mean=36.035637, arce_blocker_budget_mean=13.964361, arce_blocker_entropy_mean=4.763825, arce_gamma_max=0.740818, arce_gamma_mean=0.125566, arce_gamma_min=0.049787, arce_gamma_std=0.058604, arce_sampled_teacher_overlap_mean=0.720713
09/05/2026,06:06:27: Training...
09/05/2026,06:06:28: Evaluating...
09/05/2026,06:06:28: 	Train Loss: 3440009.7500 (base: 187.6122, kd: 6879.6445), Elapsed: train 2.51 test 0.33
09/05/2026,06:06:28: 	Recall@10: 0.07040 Recall@20: 0.10285 NDCG@10: 0.04159 NDCG@20: 0.05054 
09/05/2026,06:06:28: 	Recall@10: 0.02878 Recall@20: 0.04233 NDCG@10: 0.01563 NDCG@20: 0.01935 
09/05/2026,06:06:28: Epoch [158/1000]
09/05/2026,06:06:28: Negative sampling...
09/05/2026,06:06:30: Model's personal time...
09/05/2026,06:06:30: Model diagnostics: arce_anchor_count_mean=36.066486, arce_blocker_budget_mean=13.933512, arce_blocker_entropy_mean=4.761934, arce_gamma_max=0.740818, arce_gamma_mean=0.125335, arce_gamma_min=0.049787, arce_gamma_std=0.058469, arce_sampled_teacher_overlap_mean=0.721330
09/05/2026,06:06:30: Training...
09/05/2026,06:06:31: Evaluating...
09/05/2026,06:06:31: 	Train Loss: 3439883.7500 (base: 184.7339, kd: 6879.3979), Elapsed: train 2.58 test 0.26
09/05/2026,06:06:31: 	Recall@10: 0.07006 Recall@20: 0.10350 NDCG@10: 0.04162 NDCG@20: 0.05080 
09/05/2026,06:06:31: 	Recall@10: 0.02899 Recall@20: 0.04236 NDCG@10: 0.01572 NDCG@20: 0.01940 
09/05/2026,06:06:31: Epoch [159/1000]
09/05/2026,06:06:31: Negative sampling...
09/05/2026,06:06:33: Model's personal time...
09/05/2026,06:06:33: Model diagnostics: arce_anchor_count_mean=36.073959, arce_blocker_budget_mean=13.926040, arce_blocker_entropy_mean=4.759458, arce_gamma_max=0.740818, arce_gamma_mean=0.125203, arce_gamma_min=0.049787, arce_gamma_std=0.058134, arce_sampled_teacher_overlap_mean=0.721479
09/05/2026,06:06:33: Training...
09/05/2026,06:06:34: Evaluating...
09/05/2026,06:06:34: 	Train Loss: 3439996.7500 (base: 185.4226, kd: 6879.6221), Elapsed: train 2.49 test 0.27
09/05/2026,06:06:34: 	Recall@10: 0.07064 Recall@20: 0.10294 NDCG@10: 0.04173 NDCG@20: 0.05060 
09/05/2026,06:06:34: 	Recall@10: 0.02859 Recall@20: 0.04245 NDCG@10: 0.01549 NDCG@20: 0.01933 
09/05/2026,06:06:34: Epoch [160/1000]
09/05/2026,06:06:34: Negative sampling...
09/05/2026,06:06:36: Model's personal time...
09/05/2026,06:06:36: Model diagnostics: arce_anchor_count_mean=36.121288, arce_blocker_budget_mean=13.878713, arce_blocker_entropy_mean=4.760436, arce_gamma_max=0.740818, arce_gamma_mean=0.124818, arce_gamma_min=0.049787, arce_gamma_std=0.057842, arce_sampled_teacher_overlap_mean=0.722426
09/05/2026,06:06:36: Training...
09/05/2026,06:06:37: Evaluating...
09/05/2026,06:06:37: 	Train Loss: 3440415.2500 (base: 180.1214, kd: 6880.4697), Elapsed: train 2.81 test 0.32
09/05/2026,06:06:37: 	Recall@10: 0.07036 Recall@20: 0.10325 NDCG@10: 0.04161 NDCG@20: 0.05065 
09/05/2026,06:06:37: 	Recall@10: 0.02888 Recall@20: 0.04335 NDCG@10: 0.01565 NDCG@20: 0.01960 
09/05/2026,06:06:37: Epoch [161/1000]
09/05/2026,06:06:37: Negative sampling...
09/05/2026,06:06:39: Model's personal time...
09/05/2026,06:06:39: Model diagnostics: arce_anchor_count_mean=36.147923, arce_blocker_budget_mean=13.852078, arce_blocker_entropy_mean=4.758574, arce_gamma_max=0.740818, arce_gamma_mean=0.124614, arce_gamma_min=0.049787, arce_gamma_std=0.057802, arce_sampled_teacher_overlap_mean=0.722958
09/05/2026,06:06:39: Training...
09/05/2026,06:06:40: Evaluating...
09/05/2026,06:06:40: 	Train Loss: 3440434.7500 (base: 180.5874, kd: 6880.5083), Elapsed: train 2.39 test 0.28
09/05/2026,06:06:40: 	Recall@10: 0.07043 Recall@20: 0.10220 NDCG@10: 0.04163 NDCG@20: 0.05041 
09/05/2026,06:06:40: 	Recall@10: 0.02884 Recall@20: 0.04274 NDCG@10: 0.01559 NDCG@20: 0.01940 
09/05/2026,06:06:40: Epoch [162/1000]
09/05/2026,06:06:40: Negative sampling...
09/05/2026,06:06:41: Model's personal time...
09/05/2026,06:06:41: Model diagnostics: arce_anchor_count_mean=36.165165, arce_blocker_budget_mean=13.834834, arce_blocker_entropy_mean=4.758029, arce_gamma_max=0.740818, arce_gamma_mean=0.124442, arce_gamma_min=0.049787, arce_gamma_std=0.057579, arce_sampled_teacher_overlap_mean=0.723303
09/05/2026,06:06:41: Training...
09/05/2026,06:06:42: Evaluating...
09/05/2026,06:06:43: 	Train Loss: 3440381.0000 (base: 179.9802, kd: 6880.4019), Elapsed: train 2.65 test 0.26
09/05/2026,06:06:43: 	Recall@10: 0.07058 Recall@20: 0.10286 NDCG@10: 0.04170 NDCG@20: 0.05062 
09/05/2026,06:06:43: 	Recall@10: 0.02916 Recall@20: 0.04293 NDCG@10: 0.01578 NDCG@20: 0.01956 
09/05/2026,06:06:43: Epoch [163/1000]
09/05/2026,06:06:43: Negative sampling...
09/05/2026,06:06:44: Model's personal time...
09/05/2026,06:06:44: Model diagnostics: arce_anchor_count_mean=36.190075, arce_blocker_budget_mean=13.809925, arce_blocker_entropy_mean=4.754123, arce_gamma_max=0.740818, arce_gamma_mean=0.124256, arce_gamma_min=0.049787, arce_gamma_std=0.057477, arce_sampled_teacher_overlap_mean=0.723801
09/05/2026,06:06:44: Training...
09/05/2026,06:06:45: Evaluating...
09/05/2026,06:06:45: 	Train Loss: 3441344.2500 (base: 177.8009, kd: 6882.3330), Elapsed: train 2.46 test 0.25
09/05/2026,06:06:45: 	Recall@10: 0.07039 Recall@20: 0.10240 NDCG@10: 0.04155 NDCG@20: 0.05045 
09/05/2026,06:06:45: 	Recall@10: 0.02829 Recall@20: 0.04309 NDCG@10: 0.01533 NDCG@20: 0.01939 
09/05/2026,06:06:45: Epoch [164/1000]
09/05/2026,06:06:45: Negative sampling...
09/05/2026,06:06:47: Model's personal time...
09/05/2026,06:06:47: Model diagnostics: arce_anchor_count_mean=36.211342, arce_blocker_budget_mean=13.788656, arce_blocker_entropy_mean=4.753887, arce_gamma_max=0.740818, arce_gamma_mean=0.124047, arce_gamma_min=0.049787, arce_gamma_std=0.057243, arce_sampled_teacher_overlap_mean=0.724227
09/05/2026,06:06:47: Training...
09/05/2026,06:06:48: Evaluating...
09/05/2026,06:06:48: 	Train Loss: 3440849.0000 (base: 182.3385, kd: 6881.3330), Elapsed: train 2.44 test 0.26
09/05/2026,06:06:48: 	Recall@10: 0.07084 Recall@20: 0.10292 NDCG@10: 0.04193 NDCG@20: 0.05079 
09/05/2026,06:06:48: 	Recall@10: 0.02865 Recall@20: 0.04300 NDCG@10: 0.01556 NDCG@20: 0.01948 
09/05/2026,06:06:48: Epoch [165/1000]
09/05/2026,06:06:48: Negative sampling...
09/05/2026,06:06:49: Model's personal time...
09/05/2026,06:06:50: Model diagnostics: arce_anchor_count_mean=36.238743, arce_blocker_budget_mean=13.761257, arce_blocker_entropy_mean=4.754846, arce_gamma_max=0.740818, arce_gamma_mean=0.123811, arce_gamma_min=0.049787, arce_gamma_std=0.057029, arce_sampled_teacher_overlap_mean=0.724775
09/05/2026,06:06:50: Training...
09/05/2026,06:06:51: Evaluating...
09/05/2026,06:06:51: 	Train Loss: 3440850.2500 (base: 179.0326, kd: 6881.3428), Elapsed: train 2.68 test 0.27
09/05/2026,06:06:51: 	Recall@10: 0.07161 Recall@20: 0.10292 NDCG@10: 0.04203 NDCG@20: 0.05073 
09/05/2026,06:06:51: 	Recall@10: 0.02844 Recall@20: 0.04312 NDCG@10: 0.01545 NDCG@20: 0.01946 
09/05/2026,06:06:51: Epoch [166/1000]
09/05/2026,06:06:51: Negative sampling...
09/05/2026,06:06:52: Model's personal time...
09/05/2026,06:06:52: Model diagnostics: arce_anchor_count_mean=36.260395, arce_blocker_budget_mean=13.739605, arce_blocker_entropy_mean=4.753711, arce_gamma_max=0.740818, arce_gamma_mean=0.123648, arce_gamma_min=0.049787, arce_gamma_std=0.056956, arce_sampled_teacher_overlap_mean=0.725208
09/05/2026,06:06:52: Training...
09/05/2026,06:06:54: Evaluating...
09/05/2026,06:06:54: 	Train Loss: 3441221.5000 (base: 178.4842, kd: 6882.0854), Elapsed: train 2.45 test 0.26
09/05/2026,06:06:54: 	Recall@10: 0.07124 Recall@20: 0.10330 NDCG@10: 0.04184 NDCG@20: 0.05069 
09/05/2026,06:06:54: 	Recall@10: 0.02837 Recall@20: 0.04278 NDCG@10: 0.01548 NDCG@20: 0.01946 
09/05/2026,06:06:54: Epoch [167/1000]
09/05/2026,06:06:54: Negative sampling...
09/05/2026,06:06:55: Model's personal time...
09/05/2026,06:06:55: Model diagnostics: arce_anchor_count_mean=36.281471, arce_blocker_budget_mean=13.718529, arce_blocker_entropy_mean=4.751378, arce_gamma_max=0.740818, arce_gamma_mean=0.123458, arce_gamma_min=0.049787, arce_gamma_std=0.056719, arce_sampled_teacher_overlap_mean=0.725629
09/05/2026,06:06:55: Training...
09/05/2026,06:06:56: Evaluating...
09/05/2026,06:06:56: 	Train Loss: 3441502.5000 (base: 175.1375, kd: 6882.6543), Elapsed: train 2.41 test 0.30
09/05/2026,06:06:56: 	Recall@10: 0.07168 Recall@20: 0.10275 NDCG@10: 0.04204 NDCG@20: 0.05058 
09/05/2026,06:06:56: 	Recall@10: 0.02867 Recall@20: 0.04319 NDCG@10: 0.01551 NDCG@20: 0.01948 
09/05/2026,06:06:56: Epoch [168/1000]
09/05/2026,06:06:56: Negative sampling...
09/05/2026,06:06:58: Model's personal time...
09/05/2026,06:06:58: Model diagnostics: arce_anchor_count_mean=36.311169, arce_blocker_budget_mean=13.688829, arce_blocker_entropy_mean=4.750288, arce_gamma_max=0.740818, arce_gamma_mean=0.123192, arce_gamma_min=0.049787, arce_gamma_std=0.056394, arce_sampled_teacher_overlap_mean=0.726223
09/05/2026,06:06:58: Training...
09/05/2026,06:06:59: Evaluating...
09/05/2026,06:06:59: 	Train Loss: 3441228.2500 (base: 176.5392, kd: 6882.1030), Elapsed: train 2.58 test 0.26
09/05/2026,06:06:59: 	Recall@10: 0.07104 Recall@20: 0.10237 NDCG@10: 0.04186 NDCG@20: 0.05052 
09/05/2026,06:06:59: 	Recall@10: 0.02867 Recall@20: 0.04262 NDCG@10: 0.01571 NDCG@20: 0.01955 
09/05/2026,06:06:59: Epoch [169/1000]
09/05/2026,06:06:59: Negative sampling...
09/05/2026,06:07:01: Model's personal time...
09/05/2026,06:07:01: Model diagnostics: arce_anchor_count_mean=36.333588, arce_blocker_budget_mean=13.666411, arce_blocker_entropy_mean=4.749456, arce_gamma_max=0.697676, arce_gamma_mean=0.122973, arce_gamma_min=0.049787, arce_gamma_std=0.056130, arce_sampled_teacher_overlap_mean=0.726672
09/05/2026,06:07:01: Training...
09/05/2026,06:07:02: Evaluating...
09/05/2026,06:07:02: 	Train Loss: 3441150.0000 (base: 175.2643, kd: 6881.9487), Elapsed: train 2.43 test 0.27
09/05/2026,06:07:02: 	Recall@10: 0.07081 Recall@20: 0.10266 NDCG@10: 0.04184 NDCG@20: 0.05065 
09/05/2026,06:07:02: 	Recall@10: 0.02856 Recall@20: 0.04333 NDCG@10: 0.01558 NDCG@20: 0.01962 
09/05/2026,06:07:02: Epoch [170/1000]
09/05/2026,06:07:02: Negative sampling...
09/05/2026,06:07:03: Model's personal time...
09/05/2026,06:07:03: Model diagnostics: arce_anchor_count_mean=36.358112, arce_blocker_budget_mean=13.641885, arce_blocker_entropy_mean=4.747192, arce_gamma_max=0.697676, arce_gamma_mean=0.122778, arce_gamma_min=0.049787, arce_gamma_std=0.055976, arce_sampled_teacher_overlap_mean=0.727162
09/05/2026,06:07:03: Training...
09/05/2026,06:07:05: Evaluating...
09/05/2026,06:07:05: 	Train Loss: 3441218.2500 (base: 177.0199, kd: 6882.0820), Elapsed: train 2.70 test 0.36
09/05/2026,06:07:05: 	Recall@10: 0.06956 Recall@20: 0.10253 NDCG@10: 0.04127 NDCG@20: 0.05044 
09/05/2026,06:07:05: 	Recall@10: 0.02869 Recall@20: 0.04294 NDCG@10: 0.01566 NDCG@20: 0.01956 
09/05/2026,06:07:05: Epoch [171/1000]
09/05/2026,06:07:05: Negative sampling...
09/05/2026,06:07:07: Model's personal time...
09/05/2026,06:07:07: Model diagnostics: arce_anchor_count_mean=36.377083, arce_blocker_budget_mean=13.622916, arce_blocker_entropy_mean=4.744349, arce_gamma_max=0.697676, arce_gamma_mean=0.122630, arce_gamma_min=0.049787, arce_gamma_std=0.055922, arce_sampled_teacher_overlap_mean=0.727542
09/05/2026,06:07:07: Training...
09/05/2026,06:07:08: Evaluating...
09/05/2026,06:07:08: 	Train Loss: 3441660.7500 (base: 176.8564, kd: 6882.9673), Elapsed: train 2.63 test 0.26
09/05/2026,06:07:08: 	Recall@10: 0.07087 Recall@20: 0.10246 NDCG@10: 0.04180 NDCG@20: 0.05050 
09/05/2026,06:07:08: 	Recall@10: 0.02866 Recall@20: 0.04279 NDCG@10: 0.01544 NDCG@20: 0.01932 
09/05/2026,06:07:08: Epoch [172/1000]
09/05/2026,06:07:08: Negative sampling...
09/05/2026,06:07:09: Model's personal time...
09/05/2026,06:07:09: Model diagnostics: arce_anchor_count_mean=36.403717, arce_blocker_budget_mean=13.596283, arce_blocker_entropy_mean=4.743670, arce_gamma_max=0.740818, arce_gamma_mean=0.122436, arce_gamma_min=0.049787, arce_gamma_std=0.055876, arce_sampled_teacher_overlap_mean=0.728074
09/05/2026,06:07:09: Training...
09/05/2026,06:07:10: Evaluating...
09/05/2026,06:07:11: 	Train Loss: 3441630.2500 (base: 172.3053, kd: 6882.9155), Elapsed: train 2.50 test 0.26
09/05/2026,06:07:11: 	Recall@10: 0.06972 Recall@20: 0.10243 NDCG@10: 0.04153 NDCG@20: 0.05056 
09/05/2026,06:07:11: 	Recall@10: 0.02865 Recall@20: 0.04314 NDCG@10: 0.01546 NDCG@20: 0.01943 
09/05/2026,06:07:11: Epoch [173/1000]
09/05/2026,06:07:11: Negative sampling...
09/05/2026,06:07:12: Model's personal time...
09/05/2026,06:07:12: Model diagnostics: arce_anchor_count_mean=36.417320, arce_blocker_budget_mean=13.582679, arce_blocker_entropy_mean=4.743484, arce_gamma_max=0.740818, arce_gamma_mean=0.122320, arce_gamma_min=0.049787, arce_gamma_std=0.055799, arce_sampled_teacher_overlap_mean=0.728346
09/05/2026,06:07:12: Training...
09/05/2026,06:07:13: Evaluating...
09/05/2026,06:07:13: 	Train Loss: 3441690.7500 (base: 173.0278, kd: 6883.0356), Elapsed: train 2.42 test 0.26
09/05/2026,06:07:13: 	Recall@10: 0.06987 Recall@20: 0.10253 NDCG@10: 0.04130 NDCG@20: 0.05033 
09/05/2026,06:07:13: 	Recall@10: 0.02868 Recall@20: 0.04313 NDCG@10: 0.01553 NDCG@20: 0.01949 
09/05/2026,06:07:13: Epoch [174/1000]
09/05/2026,06:07:13: Negative sampling...
09/05/2026,06:07:15: Model's personal time...
09/05/2026,06:07:15: Model diagnostics: arce_anchor_count_mean=36.436481, arce_blocker_budget_mean=13.563518, arce_blocker_entropy_mean=4.739575, arce_gamma_max=0.740818, arce_gamma_mean=0.122145, arce_gamma_min=0.049787, arce_gamma_std=0.055587, arce_sampled_teacher_overlap_mean=0.728730
09/05/2026,06:07:15: Training...
09/05/2026,06:07:16: Evaluating...
09/05/2026,06:07:16: 	Train Loss: 3441945.5000 (base: 172.2666, kd: 6883.5459), Elapsed: train 2.56 test 0.29
09/05/2026,06:07:16: 	Recall@10: 0.06956 Recall@20: 0.10312 NDCG@10: 0.04131 NDCG@20: 0.05058 
09/05/2026,06:07:16: 	Recall@10: 0.02907 Recall@20: 0.04257 NDCG@10: 0.01562 NDCG@20: 0.01931 
09/05/2026,06:07:16: Epoch [175/1000]
09/05/2026,06:07:16: Negative sampling...
09/05/2026,06:07:18: Model's personal time...
09/05/2026,06:07:18: Model diagnostics: arce_anchor_count_mean=36.463116, arce_blocker_budget_mean=13.536884, arce_blocker_entropy_mean=4.739869, arce_gamma_max=0.657047, arce_gamma_mean=0.121957, arce_gamma_min=0.049787, arce_gamma_std=0.055451, arce_sampled_teacher_overlap_mean=0.729262
09/05/2026,06:07:18: Training...
09/05/2026,06:07:19: Evaluating...
09/05/2026,06:07:19: 	Train Loss: 3442444.2500 (base: 170.8951, kd: 6884.5469), Elapsed: train 2.60 test 0.27
09/05/2026,06:07:19: 	Recall@10: 0.07048 Recall@20: 0.10257 NDCG@10: 0.04157 NDCG@20: 0.05047 
09/05/2026,06:07:19: 	Recall@10: 0.02886 Recall@20: 0.04332 NDCG@10: 0.01554 NDCG@20: 0.01952 
09/05/2026,06:07:19: Epoch [176/1000]
09/05/2026,06:07:19: Negative sampling...
09/05/2026,06:07:21: Model's personal time...
09/05/2026,06:07:21: Model diagnostics: arce_anchor_count_mean=36.484383, arce_blocker_budget_mean=13.515615, arce_blocker_entropy_mean=4.740038, arce_gamma_max=0.697676, arce_gamma_mean=0.121797, arce_gamma_min=0.049787, arce_gamma_std=0.055462, arce_sampled_teacher_overlap_mean=0.729688
09/05/2026,06:07:21: Training...
09/05/2026,06:07:22: Evaluating...
09/05/2026,06:07:22: 	Train Loss: 3442140.0000 (base: 171.0309, kd: 6883.9375), Elapsed: train 2.54 test 0.31
09/05/2026,06:07:22: 	Recall@10: 0.07077 Recall@20: 0.10307 NDCG@10: 0.04156 NDCG@20: 0.05052 
09/05/2026,06:07:22: 	Recall@10: 0.02868 Recall@20: 0.04299 NDCG@10: 0.01553 NDCG@20: 0.01946 
09/05/2026,06:07:22: Epoch [177/1000]
09/05/2026,06:07:22: Negative sampling...
09/05/2026,06:07:23: Model's personal time...
09/05/2026,06:07:23: Model diagnostics: arce_anchor_count_mean=36.497795, arce_blocker_budget_mean=13.502203, arce_blocker_entropy_mean=4.739611, arce_gamma_max=0.697676, arce_gamma_mean=0.121648, arce_gamma_min=0.049787, arce_gamma_std=0.055187, arce_sampled_teacher_overlap_mean=0.729956
09/05/2026,06:07:23: Training...
09/05/2026,06:07:24: Evaluating...
09/05/2026,06:07:25: 	Train Loss: 3441985.2500 (base: 173.2812, kd: 6883.6235), Elapsed: train 2.41 test 0.33
09/05/2026,06:07:25: 	Recall@10: 0.07017 Recall@20: 0.10173 NDCG@10: 0.04138 NDCG@20: 0.05016 
09/05/2026,06:07:25: 	Recall@10: 0.02904 Recall@20: 0.04370 NDCG@10: 0.01556 NDCG@20: 0.01957 
09/05/2026,06:07:25: Epoch [178/1000]
09/05/2026,06:07:25: Negative sampling...
09/05/2026,06:07:26: Model's personal time...
09/05/2026,06:07:26: Model diagnostics: arce_anchor_count_mean=36.522514, arce_blocker_budget_mean=13.477486, arce_blocker_entropy_mean=4.736450, arce_gamma_max=0.697676, arce_gamma_mean=0.121452, arce_gamma_min=0.049787, arce_gamma_std=0.054979, arce_sampled_teacher_overlap_mean=0.730450
09/05/2026,06:07:26: Training...
09/05/2026,06:07:28: Evaluating...
09/05/2026,06:07:28: 	Train Loss: 3442222.2500 (base: 169.3821, kd: 6884.1060), Elapsed: train 2.84 test 0.30
09/05/2026,06:07:28: 	Recall@10: 0.06984 Recall@20: 0.10218 NDCG@10: 0.04127 NDCG@20: 0.05024 
09/05/2026,06:07:28: 	Recall@10: 0.02937 Recall@20: 0.04291 NDCG@10: 0.01567 NDCG@20: 0.01939 
09/05/2026,06:07:28: Epoch [179/1000]
09/05/2026,06:07:28: Negative sampling...
09/05/2026,06:07:29: Model's personal time...
09/05/2026,06:07:29: Model diagnostics: arce_anchor_count_mean=36.541100, arce_blocker_budget_mean=13.458900, arce_blocker_entropy_mean=4.736322, arce_gamma_max=0.697676, arce_gamma_mean=0.121320, arce_gamma_min=0.049787, arce_gamma_std=0.054979, arce_sampled_teacher_overlap_mean=0.730822
09/05/2026,06:07:29: Training...
09/05/2026,06:07:31: Evaluating...
09/05/2026,06:07:31: 	Train Loss: 3442381.7500 (base: 172.1793, kd: 6884.4194), Elapsed: train 2.68 test 0.28
09/05/2026,06:07:31: 	Recall@10: 0.07066 Recall@20: 0.10328 NDCG@10: 0.04163 NDCG@20: 0.05057 
09/05/2026,06:07:31: 	Recall@10: 0.02907 Recall@20: 0.04291 NDCG@10: 0.01560 NDCG@20: 0.01939 
09/05/2026,06:07:31: Epoch [180/1000]
09/05/2026,06:07:31: Negative sampling...
09/05/2026,06:07:32: Model's personal time...
09/05/2026,06:07:32: Model diagnostics: arce_anchor_count_mean=36.561409, arce_blocker_budget_mean=13.438590, arce_blocker_entropy_mean=4.734091, arce_gamma_max=0.697676, arce_gamma_mean=0.121154, arce_gamma_min=0.049787, arce_gamma_std=0.054895, arce_sampled_teacher_overlap_mean=0.731228
09/05/2026,06:07:32: Training...
09/05/2026,06:07:33: Evaluating...
09/05/2026,06:07:34: 	Train Loss: 3442332.0000 (base: 170.3322, kd: 6884.3237), Elapsed: train 2.54 test 0.27
09/05/2026,06:07:34: 	Recall@10: 0.06962 Recall@20: 0.10283 NDCG@10: 0.04132 NDCG@20: 0.05050 
09/05/2026,06:07:34: 	Recall@10: 0.02829 Recall@20: 0.04293 NDCG@10: 0.01538 NDCG@20: 0.01941 
09/05/2026,06:07:34: Epoch [181/1000]
09/05/2026,06:07:34: Negative sampling...
09/05/2026,06:07:35: Model's personal time...
09/05/2026,06:07:35: Model diagnostics: arce_anchor_count_mean=36.581913, arce_blocker_budget_mean=13.418088, arce_blocker_entropy_mean=4.734941, arce_gamma_max=0.697676, arce_gamma_mean=0.120986, arce_gamma_min=0.049787, arce_gamma_std=0.054731, arce_sampled_teacher_overlap_mean=0.731638
09/05/2026,06:07:35: Training...
09/05/2026,06:07:36: Evaluating...
09/05/2026,06:07:36: 	Train Loss: 3443132.7500 (base: 169.7229, kd: 6885.9258), Elapsed: train 2.52 test 0.28
09/05/2026,06:07:36: 	Recall@10: 0.07032 Recall@20: 0.10291 NDCG@10: 0.04182 NDCG@20: 0.05077 
09/05/2026,06:07:36: 	Recall@10: 0.02907 Recall@20: 0.04376 NDCG@10: 0.01567 NDCG@20: 0.01967 
09/05/2026,06:07:36: Epoch [182/1000]
09/05/2026,06:07:36: Negative sampling...
09/05/2026,06:07:38: Model's personal time...
09/05/2026,06:07:38: Model diagnostics: arce_anchor_count_mean=36.598007, arce_blocker_budget_mean=13.401993, arce_blocker_entropy_mean=4.731988, arce_gamma_max=0.697676, arce_gamma_mean=0.120851, arce_gamma_min=0.049787, arce_gamma_std=0.054633, arce_sampled_teacher_overlap_mean=0.731960
09/05/2026,06:07:38: Training...
09/05/2026,06:07:39: Evaluating...
09/05/2026,06:07:39: 	Train Loss: 3442610.2500 (base: 166.3260, kd: 6884.8877), Elapsed: train 2.62 test 0.26
09/05/2026,06:07:39: 	Recall@10: 0.07028 Recall@20: 0.10273 NDCG@10: 0.04143 NDCG@20: 0.05040 
09/05/2026,06:07:39: 	Recall@10: 0.02856 Recall@20: 0.04341 NDCG@10: 0.01552 NDCG@20: 0.01960 
09/05/2026,06:07:39: ------------------------------
09/05/2026,06:07:39: valid Recall@10: 0.06975 Recall@20: 0.10327 NDCG@10: 0.04187 NDCG@20: 0.05106
09/05/2026,06:07:39: test Recall@10: 0.02870 Recall@20: 0.04315 NDCG@10: 0.01573 NDCG@20: 0.01969
