----------------------------------------TEACHER----------------------------------------
init_std                                 0.01
embedding_dim                            400
----------------------------------------TEACHER----------------------------------------
----------------------------------------STUDENT----------------------------------------
init_std                                 0.01
embedding_dim                            20
----------------------------------------STUDENT----------------------------------------
----------------------------------------ARGUMENTS----------------------------------------
run_all                                  False
seed                                     0
gpu_id                                   0
no_log                                   False
no_save                                  False
suffix                                   anchor_marginal_gmasscal_es20
verbose                                  False
ablation                                 False
task                                     rec
dataset                                  citeulike
batch_size                               2048
num_ns                                   1
neg_sampling_on_all                      False
T_backbone                               bpr
S_backbone                               bpr
model                                    arcekd
preload                                  False
postsave                                 False
train_teacher                            False
ckpt_interval                            -1
epochs                                   1000
lr                                       0.001
wd                                       1e-05
lmbda                                    500
srce_alpha                               1.0
srce_s                                   20.0
srce_eta                                 1.0
srce_Lu                                  20
srce_mode                                union
srce_kappa                               0.0
eval_period                              1
K_list                                   [10, 20]
early_stop_metric                        NDCG
early_stop_K                             20
early_stop_patience                      30
LOG_DIR                                  logs/
CONFIG_DIR                               configs/
DATA_DIR                                 data/
CKPT_DIR                                 checkpoints/
CRAFT_DIR                                crafts/
mkd_tau                                  1
mkd_K                                    50
mkd_L                                    50
mkd_T                                    10
mkd_mxK                                  200
mkd_beta                                 3
sample_rank                              False
arce_sampler                             marginal
arce_mix_alpha                           0.9
arce_gamma_mode                          teacher_mass_calibrated
----------------------------------------ARGUMENTS----------------------------------------
----------------------------------------Teacher----------------------------------------
09/05/2026,06:18:38: ------------------------------
09/05/2026,06:18:38: valid Recall@10: 0.06778 Recall@20: 0.10315 NDCG@10: 0.04052 NDCG@20: 0.05027
09/05/2026,06:18:38: test Recall@10: 0.02747 Recall@20: 0.04385 NDCG@10: 0.01551 NDCG@20: 0.02003
----------------------------------------------------------------------------------------
09/05/2026,06:18:38: Epoch [1/1000]
09/05/2026,06:18:38: Negative sampling...
09/05/2026,06:18:40: Model's personal time...
09/05/2026,06:18:40: Model diagnostics: arce_anchor_count_mean=0.112665, arce_blocker_budget_mean=49.887333, arce_blocker_entropy_mean=5.296090, arce_gamma_effective_beta=3.209848, arce_gamma_max=1.000001, arce_gamma_mean=0.993461, arce_gamma_min=0.317145, arce_gamma_mode=teacher_mass_calibrated, arce_gamma_std=0.029713, arce_sample_gamma_mean=0.993461, arce_sampled_teacher_overlap_mean=0.002253, arce_teacher_missing_mass_mean=0.997778, arce_teacher_missing_mass_std=0.011310
09/05/2026,06:18:40: Training...
09/05/2026,06:18:41: Evaluating...
09/05/2026,06:18:41: 	Train Loss: 4616157.5000 (base: 1390.9971, kd: 9229.5322), Elapsed: train 2.75 test 0.26 *
09/05/2026,06:18:41: 	Recall@10: 0.01849 Recall@20: 0.02560 NDCG@10: 0.01172 NDCG@20: 0.01362 
09/05/2026,06:18:41: 	Recall@10: 0.00769 Recall@20: 0.01008 NDCG@10: 0.00464 NDCG@20: 0.00527 
09/05/2026,06:18:41: Epoch [2/1000]
09/05/2026,06:18:41: Negative sampling...
09/05/2026,06:18:43: Model's personal time...
09/05/2026,06:18:43: Model diagnostics: arce_anchor_count_mean=6.654531, arce_blocker_budget_mean=43.345467, arce_blocker_entropy_mean=5.234186, arce_gamma_effective_beta=1.324957, arce_gamma_max=1.000000, arce_gamma_mean=0.707006, arce_gamma_min=0.285115, arce_gamma_mode=teacher_mass_calibrated, arce_gamma_std=0.174739, arce_sample_gamma_mean=0.707006, arce_sampled_teacher_overlap_mean=0.133091, arce_teacher_missing_mass_mean=0.713832, arce_teacher_missing_mass_std=0.196110
09/05/2026,06:18:43: Training...
09/05/2026,06:18:44: Evaluating...
09/05/2026,06:18:44: 	Train Loss: 4270903.0000 (base: 1382.0054, kd: 8539.0420), Elapsed: train 2.42 test 0.26 *
09/05/2026,06:18:44: 	Recall@10: 0.03418 Recall@20: 0.04748 NDCG@10: 0.02151 NDCG@20: 0.02510 
09/05/2026,06:18:44: 	Recall@10: 0.01278 Recall@20: 0.02106 NDCG@10: 0.00775 NDCG@20: 0.01002 
09/05/2026,06:18:44: Epoch [3/1000]
09/05/2026,06:18:44: Negative sampling...
09/05/2026,06:18:45: Model's personal time...
09/05/2026,06:18:45: Model diagnostics: arce_anchor_count_mean=11.549148, arce_blocker_budget_mean=38.450851, arce_blocker_entropy_mean=5.201081, arce_gamma_effective_beta=1.668327, arce_gamma_max=1.000000, arce_gamma_mean=0.540183, arce_gamma_min=0.201442, arce_gamma_mode=teacher_mass_calibrated, arce_gamma_std=0.171206, arce_sample_gamma_mean=0.540183, arce_sampled_teacher_overlap_mean=0.230983, arce_teacher_missing_mass_mean=0.601577, arce_teacher_missing_mass_std=0.187773
09/05/2026,06:18:45: Training...
09/05/2026,06:18:47: Evaluating...
09/05/2026,06:18:47: 	Train Loss: 4136619.7500 (base: 1364.6554, kd: 8270.5107), Elapsed: train 2.50 test 0.26 *
09/05/2026,06:18:47: 	Recall@10: 0.03506 Recall@20: 0.04846 NDCG@10: 0.02283 NDCG@20: 0.02636 
09/05/2026,06:18:47: 	Recall@10: 0.01392 Recall@20: 0.02177 NDCG@10: 0.00874 NDCG@20: 0.01088 
09/05/2026,06:18:47: Epoch [4/1000]
09/05/2026,06:18:47: Negative sampling...
09/05/2026,06:18:48: Model's personal time...
09/05/2026,06:18:48: Model diagnostics: arce_anchor_count_mean=11.877563, arce_blocker_budget_mean=38.122437, arce_blocker_entropy_mean=5.198504, arce_gamma_effective_beta=1.702736, arce_gamma_max=1.000000, arce_gamma_mean=0.522321, arce_gamma_min=0.191842, arce_gamma_mode=teacher_mass_calibrated, arce_gamma_std=0.158337, arce_sample_gamma_mean=0.522321, arce_sampled_teacher_overlap_mean=0.237551, arce_teacher_missing_mass_mean=0.592400, arce_teacher_missing_mass_std=0.175652
09/05/2026,06:18:48: Training...
09/05/2026,06:18:49: Evaluating...
09/05/2026,06:18:50: 	Train Loss: 4056133.2500 (base: 1341.5189, kd: 8109.5840), Elapsed: train 2.38 test 0.34 *
09/05/2026,06:18:50: 	Recall@10: 0.03688 Recall@20: 0.05257 NDCG@10: 0.02365 NDCG@20: 0.02794 
09/05/2026,06:18:50: 	Recall@10: 0.01348 Recall@20: 0.02245 NDCG@10: 0.00858 NDCG@20: 0.01112 
09/05/2026,06:18:50: Epoch [5/1000]
09/05/2026,06:18:50: Negative sampling...
09/05/2026,06:18:51: Model's personal time...
09/05/2026,06:18:51: Model diagnostics: arce_anchor_count_mean=13.429967, arce_blocker_budget_mean=36.570034, arce_blocker_entropy_mean=5.188168, arce_gamma_effective_beta=1.794837, arce_gamma_max=1.000000, arce_gamma_mean=0.481120, arce_gamma_min=0.172153, arce_gamma_mode=teacher_mass_calibrated, arce_gamma_std=0.156814, arce_sample_gamma_mean=0.481120, arce_sampled_teacher_overlap_mean=0.268599, arce_teacher_missing_mass_mean=0.564271, arce_teacher_missing_mass_std=0.176495
09/05/2026,06:18:51: Training...
09/05/2026,06:18:52: Evaluating...
09/05/2026,06:18:53: 	Train Loss: 3948919.7500 (base: 1309.9000, kd: 7895.2192), Elapsed: train 2.84 test 0.30 *
09/05/2026,06:18:53: 	Recall@10: 0.04104 Recall@20: 0.05480 NDCG@10: 0.02553 NDCG@20: 0.02926 
09/05/2026,06:18:53: 	Recall@10: 0.01643 Recall@20: 0.02366 NDCG@10: 0.00953 NDCG@20: 0.01155 
09/05/2026,06:18:53: Epoch [6/1000]
09/05/2026,06:18:53: Negative sampling...
09/05/2026,06:18:54: Model's personal time...
09/05/2026,06:18:54: Model diagnostics: arce_anchor_count_mean=14.377850, arce_blocker_budget_mean=35.622150, arce_blocker_entropy_mean=5.181008, arce_gamma_effective_beta=1.838351, arce_gamma_max=1.000000, arce_gamma_mean=0.457045, arce_gamma_min=0.166097, arce_gamma_mode=teacher_mass_calibrated, arce_gamma_std=0.154446, arce_sample_gamma_mean=0.457045, arce_sampled_teacher_overlap_mean=0.287557, arce_teacher_missing_mass_mean=0.545024, arce_teacher_missing_mass_std=0.176861
09/05/2026,06:18:54: Training...
09/05/2026,06:18:55: Evaluating...
09/05/2026,06:18:56: 	Train Loss: 3851525.7500 (base: 1274.2339, kd: 7700.5039), Elapsed: train 2.70 test 0.27 *
09/05/2026,06:18:56: 	Recall@10: 0.04013 Recall@20: 0.05666 NDCG@10: 0.02511 NDCG@20: 0.02960 
09/05/2026,06:18:56: 	Recall@10: 0.01621 Recall@20: 0.02433 NDCG@10: 0.00915 NDCG@20: 0.01143 
09/05/2026,06:18:56: Epoch [7/1000]
09/05/2026,06:18:56: Negative sampling...
09/05/2026,06:18:57: Model's personal time...
09/05/2026,06:18:57: Model diagnostics: arce_anchor_count_mean=15.518490, arce_blocker_budget_mean=34.481510, arce_blocker_entropy_mean=5.172075, arce_gamma_effective_beta=1.892301, arce_gamma_max=1.000000, arce_gamma_mean=0.431634, arce_gamma_min=0.157188, arce_gamma_mode=teacher_mass_calibrated, arce_gamma_std=0.153897, arce_sample_gamma_mean=0.431634, arce_sampled_teacher_overlap_mean=0.310370, arce_teacher_missing_mass_mean=0.525044, arce_teacher_missing_mass_std=0.179406
09/05/2026,06:18:57: Training...
09/05/2026,06:18:59: Evaluating...
09/05/2026,06:18:59: 	Train Loss: 3765169.5000 (base: 1233.0060, kd: 7527.8721), Elapsed: train 2.89 test 0.27 *
09/05/2026,06:18:59: 	Recall@10: 0.04300 Recall@20: 0.05809 NDCG@10: 0.02638 NDCG@20: 0.03046 
09/05/2026,06:18:59: 	Recall@10: 0.01712 Recall@20: 0.02461 NDCG@10: 0.00937 NDCG@20: 0.01146 
09/05/2026,06:18:59: Epoch [8/1000]
09/05/2026,06:18:59: Negative sampling...
09/05/2026,06:19:00: Model's personal time...
09/05/2026,06:19:00: Model diagnostics: arce_anchor_count_mean=16.331480, arce_blocker_budget_mean=33.668518, arce_blocker_entropy_mean=5.161532, arce_gamma_effective_beta=1.933084, arce_gamma_max=1.000000, arce_gamma_mean=0.412605, arce_gamma_min=0.150654, arce_gamma_mode=teacher_mass_calibrated, arce_gamma_std=0.151391, arce_sample_gamma_mean=0.412605, arce_sampled_teacher_overlap_mean=0.326630, arce_teacher_missing_mass_mean=0.510336, arce_teacher_missing_mass_std=0.179221
09/05/2026,06:19:00: Training...
09/05/2026,06:19:02: Evaluating...
09/05/2026,06:19:02: 	Train Loss: 3700316.7500 (base: 1188.0267, kd: 7398.2573), Elapsed: train 2.69 test 0.33 *
09/05/2026,06:19:02: 	Recall@10: 0.04397 Recall@20: 0.06198 NDCG@10: 0.02684 NDCG@20: 0.03170 
09/05/2026,06:19:02: 	Recall@10: 0.01776 Recall@20: 0.02511 NDCG@10: 0.00970 NDCG@20: 0.01173 
09/05/2026,06:19:02: Epoch [9/1000]
09/05/2026,06:19:02: Negative sampling...
09/05/2026,06:19:03: Model's personal time...
09/05/2026,06:19:03: Model diagnostics: arce_anchor_count_mean=17.352365, arce_blocker_budget_mean=32.647633, arce_blocker_entropy_mean=5.149652, arce_gamma_effective_beta=1.972141, arce_gamma_max=1.000000, arce_gamma_mean=0.391811, arce_gamma_min=0.144634, arce_gamma_mode=teacher_mass_calibrated, arce_gamma_std=0.149655, arce_sample_gamma_mean=0.391811, arce_sampled_teacher_overlap_mean=0.347047, arce_teacher_missing_mass_mean=0.491704, arce_teacher_missing_mass_std=0.181009
09/05/2026,06:19:03: Training...
09/05/2026,06:19:04: Evaluating...
09/05/2026,06:19:05: 	Train Loss: 3651068.7500 (base: 1140.5209, kd: 7299.8569), Elapsed: train 2.57 test 0.30 *
09/05/2026,06:19:05: 	Recall@10: 0.04654 Recall@20: 0.06515 NDCG@10: 0.02785 NDCG@20: 0.03291 
09/05/2026,06:19:05: 	Recall@10: 0.01855 Recall@20: 0.02716 NDCG@10: 0.00988 NDCG@20: 0.01227 
09/05/2026,06:19:05: Epoch [10/1000]
09/05/2026,06:19:05: Negative sampling...
09/05/2026,06:19:06: Model's personal time...
09/05/2026,06:19:06: Model diagnostics: arce_anchor_count_mean=18.375359, arce_blocker_budget_mean=31.624640, arce_blocker_entropy_mean=5.140061, arce_gamma_effective_beta=2.012949, arce_gamma_max=1.000000, arce_gamma_mean=0.371600, arce_gamma_min=0.138433, arce_gamma_mode=teacher_mass_calibrated, arce_gamma_std=0.147469, arce_sample_gamma_mean=0.371600, arce_sampled_teacher_overlap_mean=0.367507, arce_teacher_missing_mass_mean=0.473581, arce_teacher_missing_mass_std=0.182530
09/05/2026,06:19:06: Training...
09/05/2026,06:19:07: Evaluating...
09/05/2026,06:19:08: 	Train Loss: 3614494.5000 (base: 1092.7969, kd: 7226.8042), Elapsed: train 2.59 test 0.27 *
09/05/2026,06:19:08: 	Recall@10: 0.04800 Recall@20: 0.06607 NDCG@10: 0.02885 NDCG@20: 0.03376 
09/05/2026,06:19:08: 	Recall@10: 0.01908 Recall@20: 0.02833 NDCG@10: 0.01017 NDCG@20: 0.01271 
09/05/2026,06:19:08: Epoch [11/1000]
09/05/2026,06:19:08: Negative sampling...
09/05/2026,06:19:09: Model's personal time...
09/05/2026,06:19:09: Model diagnostics: arce_anchor_count_mean=19.312511, arce_blocker_budget_mean=30.687489, arce_blocker_entropy_mean=5.130403, arce_gamma_effective_beta=2.043995, arce_gamma_max=1.000000, arce_gamma_mean=0.354213, arce_gamma_min=0.134139, arce_gamma_mode=teacher_mass_calibrated, arce_gamma_std=0.144844, arce_sample_gamma_mean=0.354213, arce_sampled_teacher_overlap_mean=0.386250, arce_teacher_missing_mass_mean=0.456452, arce_teacher_missing_mass_std=0.183750
09/05/2026,06:19:09: Training...
09/05/2026,06:19:10: Evaluating...
09/05/2026,06:19:11: 	Train Loss: 3587755.7500 (base: 1046.0823, kd: 7173.4194), Elapsed: train 2.82 test 0.35 *
09/05/2026,06:19:11: 	Recall@10: 0.04889 Recall@20: 0.06896 NDCG@10: 0.02949 NDCG@20: 0.03491 
09/05/2026,06:19:11: 	Recall@10: 0.02020 Recall@20: 0.02874 NDCG@10: 0.01067 NDCG@20: 0.01302 
09/05/2026,06:19:11: Epoch [12/1000]
09/05/2026,06:19:11: Negative sampling...
09/05/2026,06:19:12: Model's personal time...
09/05/2026,06:19:13: Model diagnostics: arce_anchor_count_mean=19.970491, arce_blocker_budget_mean=30.029507, arce_blocker_entropy_mean=5.121543, arce_gamma_effective_beta=2.064880, arce_gamma_max=1.000000, arce_gamma_mean=0.341045, arce_gamma_min=0.131162, arce_gamma_mode=teacher_mass_calibrated, arce_gamma_std=0.141265, arce_sample_gamma_mean=0.341045, arce_sampled_teacher_overlap_mean=0.399410, arce_teacher_missing_mass_mean=0.443267, arce_teacher_missing_mass_std=0.182135
09/05/2026,06:19:13: Training...
09/05/2026,06:19:14: Evaluating...
09/05/2026,06:19:14: 	Train Loss: 3565174.7500 (base: 1002.3083, kd: 7128.3447), Elapsed: train 2.80 test 0.27 *
09/05/2026,06:19:14: 	Recall@10: 0.05124 Recall@20: 0.07140 NDCG@10: 0.03038 NDCG@20: 0.03583 
09/05/2026,06:19:14: 	Recall@10: 0.02098 Recall@20: 0.02996 NDCG@10: 0.01127 NDCG@20: 0.01371 
09/05/2026,06:19:14: Epoch [13/1000]
09/05/2026,06:19:14: Negative sampling...
09/05/2026,06:19:15: Model's personal time...
09/05/2026,06:19:15: Model diagnostics: arce_anchor_count_mean=20.743437, arce_blocker_budget_mean=29.256561, arce_blocker_entropy_mean=5.111312, arce_gamma_effective_beta=2.083389, arce_gamma_max=1.000000, arce_gamma_mean=0.327499, arce_gamma_min=0.129398, arce_gamma_mode=teacher_mass_calibrated, arce_gamma_std=0.137658, arce_sample_gamma_mean=0.327499, arce_sampled_teacher_overlap_mean=0.414869, arce_teacher_missing_mass_mean=0.428219, arce_teacher_missing_mass_std=0.181431
09/05/2026,06:19:15: Training...
09/05/2026,06:19:16: Evaluating...
09/05/2026,06:19:17: 	Train Loss: 3549563.0000 (base: 960.7574, kd: 7097.2041), Elapsed: train 2.55 test 0.27 *
09/05/2026,06:19:17: 	Recall@10: 0.05185 Recall@20: 0.07178 NDCG@10: 0.03111 NDCG@20: 0.03647 
09/05/2026,06:19:17: 	Recall@10: 0.02120 Recall@20: 0.03021 NDCG@10: 0.01164 NDCG@20: 0.01407 
09/05/2026,06:19:17: Epoch [14/1000]
09/05/2026,06:19:17: Negative sampling...
09/05/2026,06:19:18: Model's personal time...
09/05/2026,06:19:18: Model diagnostics: arce_anchor_count_mean=21.490707, arce_blocker_budget_mean=28.509293, arce_blocker_entropy_mean=5.102939, arce_gamma_effective_beta=2.101497, arce_gamma_max=1.000000, arce_gamma_mean=0.314284, arce_gamma_min=0.126085, arce_gamma_mode=teacher_mass_calibrated, arce_gamma_std=0.133280, arce_sample_gamma_mean=0.314284, arce_sampled_teacher_overlap_mean=0.429814, arce_teacher_missing_mass_mean=0.413196, arce_teacher_missing_mass_std=0.180450
09/05/2026,06:19:18: Training...
09/05/2026,06:19:19: Evaluating...
09/05/2026,06:19:20: 	Train Loss: 3534709.2500 (base: 921.2254, kd: 7067.5762), Elapsed: train 2.57 test 0.29 *
09/05/2026,06:19:20: 	Recall@10: 0.05327 Recall@20: 0.07408 NDCG@10: 0.03167 NDCG@20: 0.03735 
09/05/2026,06:19:20: 	Recall@10: 0.02137 Recall@20: 0.03276 NDCG@10: 0.01209 NDCG@20: 0.01516 
09/05/2026,06:19:20: Epoch [15/1000]
09/05/2026,06:19:20: Negative sampling...
09/05/2026,06:19:21: Model's personal time...
09/05/2026,06:19:21: Model diagnostics: arce_anchor_count_mean=22.110558, arce_blocker_budget_mean=27.889442, arce_blocker_entropy_mean=5.095511, arce_gamma_effective_beta=2.112159, arce_gamma_max=1.000000, arce_gamma_mean=0.304249, arce_gamma_min=0.125345, arce_gamma_mode=teacher_mass_calibrated, arce_gamma_std=0.129493, arce_sample_gamma_mean=0.304249, arce_sampled_teacher_overlap_mean=0.442211, arce_teacher_missing_mass_mean=0.400800, arce_teacher_missing_mass_std=0.179298
09/05/2026,06:19:21: Training...
09/05/2026,06:19:22: Evaluating...
09/05/2026,06:19:22: 	Train Loss: 3523036.0000 (base: 885.4282, kd: 7044.3008), Elapsed: train 2.50 test 0.27 *
09/05/2026,06:19:22: 	Recall@10: 0.05454 Recall@20: 0.07597 NDCG@10: 0.03250 NDCG@20: 0.03842 
09/05/2026,06:19:22: 	Recall@10: 0.02242 Recall@20: 0.03225 NDCG@10: 0.01251 NDCG@20: 0.01516 
09/05/2026,06:19:22: Epoch [16/1000]
09/05/2026,06:19:22: Negative sampling...
09/05/2026,06:19:24: Model's personal time...
09/05/2026,06:19:24: Model diagnostics: arce_anchor_count_mean=22.652615, arce_blocker_budget_mean=27.347383, arce_blocker_entropy_mean=5.088130, arce_gamma_effective_beta=2.124138, arce_gamma_max=1.000000, arce_gamma_mean=0.294842, arce_gamma_min=0.123304, arce_gamma_mode=teacher_mass_calibrated, arce_gamma_std=0.125447, arce_sample_gamma_mean=0.294842, arce_sampled_teacher_overlap_mean=0.453052, arce_teacher_missing_mass_mean=0.389645, arce_teacher_missing_mass_std=0.177408
09/05/2026,06:19:24: Training...
09/05/2026,06:19:25: Evaluating...
09/05/2026,06:19:25: 	Train Loss: 3512148.7500 (base: 850.9510, kd: 7022.5957), Elapsed: train 2.83 test 0.30 *
09/05/2026,06:19:25: 	Recall@10: 0.05488 Recall@20: 0.07845 NDCG@10: 0.03285 NDCG@20: 0.03930 
09/05/2026,06:19:25: 	Recall@10: 0.02290 Recall@20: 0.03360 NDCG@10: 0.01266 NDCG@20: 0.01555 
09/05/2026,06:19:25: Epoch [17/1000]
09/05/2026,06:19:25: Negative sampling...
09/05/2026,06:19:27: Model's personal time...
09/05/2026,06:19:27: Model diagnostics: arce_anchor_count_mean=23.200804, arce_blocker_budget_mean=26.799194, arce_blocker_entropy_mean=5.082457, arce_gamma_effective_beta=2.133976, arce_gamma_max=1.000000, arce_gamma_mean=0.286071, arce_gamma_min=0.121928, arce_gamma_mode=teacher_mass_calibrated, arce_gamma_std=0.121557, arce_sample_gamma_mean=0.286071, arce_sampled_teacher_overlap_mean=0.464016, arce_teacher_missing_mass_mean=0.378521, arce_teacher_missing_mass_std=0.175855
09/05/2026,06:19:27: Training...
09/05/2026,06:19:28: Evaluating...
09/05/2026,06:19:28: 	Train Loss: 3504812.2500 (base: 820.9147, kd: 7007.9834), Elapsed: train 2.45 test 0.27 *
09/05/2026,06:19:28: 	Recall@10: 0.05606 Recall@20: 0.08009 NDCG@10: 0.03342 NDCG@20: 0.04001 
09/05/2026,06:19:28: 	Recall@10: 0.02366 Recall@20: 0.03362 NDCG@10: 0.01303 NDCG@20: 0.01567 
09/05/2026,06:19:28: Epoch [18/1000]
09/05/2026,06:19:28: Negative sampling...
09/05/2026,06:19:30: Model's personal time...
09/05/2026,06:19:30: Model diagnostics: arce_anchor_count_mean=23.621767, arce_blocker_budget_mean=26.378233, arce_blocker_entropy_mean=5.076361, arce_gamma_effective_beta=2.140555, arce_gamma_max=1.000000, arce_gamma_mean=0.279211, arce_gamma_min=0.120960, arce_gamma_mode=teacher_mass_calibrated, arce_gamma_std=0.118895, arce_sample_gamma_mean=0.279211, arce_sampled_teacher_overlap_mean=0.472435, arce_teacher_missing_mass_mean=0.369403, arce_teacher_missing_mass_std=0.174082
09/05/2026,06:19:30: Training...
09/05/2026,06:19:31: Evaluating...
09/05/2026,06:19:31: 	Train Loss: 3497471.2500 (base: 794.9324, kd: 6993.3530), Elapsed: train 2.62 test 0.26 *
09/05/2026,06:19:31: 	Recall@10: 0.05714 Recall@20: 0.07986 NDCG@10: 0.03413 NDCG@20: 0.04034 
09/05/2026,06:19:31: 	Recall@10: 0.02385 Recall@20: 0.03429 NDCG@10: 0.01300 NDCG@20: 0.01574 
09/05/2026,06:19:31: Epoch [19/1000]
09/05/2026,06:19:31: Negative sampling...
09/05/2026,06:19:32: Model's personal time...
09/05/2026,06:19:32: Model diagnostics: arce_anchor_count_mean=24.044643, arce_blocker_budget_mean=25.955355, arce_blocker_entropy_mean=5.071546, arce_gamma_effective_beta=2.146802, arce_gamma_max=1.000000, arce_gamma_mean=0.272751, arce_gamma_min=0.120042, arce_gamma_mode=teacher_mass_calibrated, arce_gamma_std=0.115559, arce_sample_gamma_mean=0.272751, arce_sampled_teacher_overlap_mean=0.480893, arce_teacher_missing_mass_mean=0.360747, arce_teacher_missing_mass_std=0.172523
09/05/2026,06:19:32: Training...
09/05/2026,06:19:34: Evaluating...
09/05/2026,06:19:34: 	Train Loss: 3491676.7500 (base: 767.4566, kd: 6981.8188), Elapsed: train 2.58 test 0.27 *
09/05/2026,06:19:34: 	Recall@10: 0.05635 Recall@20: 0.08224 NDCG@10: 0.03381 NDCG@20: 0.04092 
09/05/2026,06:19:34: 	Recall@10: 0.02338 Recall@20: 0.03433 NDCG@10: 0.01294 NDCG@20: 0.01588 
09/05/2026,06:19:34: Epoch [20/1000]
09/05/2026,06:19:34: Negative sampling...
09/05/2026,06:19:35: Model's personal time...
09/05/2026,06:19:35: Model diagnostics: arce_anchor_count_mean=24.426710, arce_blocker_budget_mean=25.573290, arce_blocker_entropy_mean=5.066585, arce_gamma_effective_beta=2.151046, arce_gamma_max=1.000000, arce_gamma_mean=0.266536, arce_gamma_min=0.119540, arce_gamma_mode=teacher_mass_calibrated, arce_gamma_std=0.111628, arce_sample_gamma_mean=0.266536, arce_sampled_teacher_overlap_mean=0.488534, arce_teacher_missing_mass_mean=0.352162, arce_teacher_missing_mass_std=0.169836
09/05/2026,06:19:35: Training...
09/05/2026,06:19:37: Evaluating...
09/05/2026,06:19:37: 	Train Loss: 3486754.2500 (base: 740.8813, kd: 6972.0269), Elapsed: train 2.65 test 0.28 *
09/05/2026,06:19:37: 	Recall@10: 0.05683 Recall@20: 0.08299 NDCG@10: 0.03421 NDCG@20: 0.04136 
09/05/2026,06:19:37: 	Recall@10: 0.02375 Recall@20: 0.03446 NDCG@10: 0.01310 NDCG@20: 0.01601 
09/05/2026,06:19:37: Epoch [21/1000]
09/05/2026,06:19:37: Negative sampling...
09/05/2026,06:19:38: Model's personal time...
09/05/2026,06:19:38: Model diagnostics: arce_anchor_count_mean=24.758190, arce_blocker_budget_mean=25.241808, arce_blocker_entropy_mean=5.061026, arce_gamma_effective_beta=2.153980, arce_gamma_max=1.000000, arce_gamma_mean=0.261604, arce_gamma_min=0.119194, arce_gamma_mode=teacher_mass_calibrated, arce_gamma_std=0.108748, arce_sample_gamma_mean=0.261604, arce_sampled_teacher_overlap_mean=0.495164, arce_teacher_missing_mass_mean=0.344923, arce_teacher_missing_mass_std=0.168106
09/05/2026,06:19:38: Training...
09/05/2026,06:19:39: Evaluating...
09/05/2026,06:19:40: 	Train Loss: 3481256.5000 (base: 718.4608, kd: 6961.0757), Elapsed: train 2.58 test 0.28 *
09/05/2026,06:19:40: 	Recall@10: 0.05709 Recall@20: 0.08395 NDCG@10: 0.03412 NDCG@20: 0.04145 
09/05/2026,06:19:40: 	Recall@10: 0.02353 Recall@20: 0.03524 NDCG@10: 0.01324 NDCG@20: 0.01642 
09/05/2026,06:19:40: Epoch [22/1000]
09/05/2026,06:19:40: Negative sampling...
09/05/2026,06:19:41: Model's personal time...
09/05/2026,06:19:41: Model diagnostics: arce_anchor_count_mean=25.093121, arce_blocker_budget_mean=24.906878, arce_blocker_entropy_mean=5.056870, arce_gamma_effective_beta=2.160328, arce_gamma_max=1.000000, arce_gamma_mean=0.256039, arce_gamma_min=0.118450, arce_gamma_mode=teacher_mass_calibrated, arce_gamma_std=0.104343, arce_sample_gamma_mean=0.256039, arce_sampled_teacher_overlap_mean=0.501862, arce_teacher_missing_mass_mean=0.337686, arce_teacher_missing_mass_std=0.165827
09/05/2026,06:19:41: Training...
09/05/2026,06:19:42: Evaluating...
09/05/2026,06:19:42: 	Train Loss: 3475943.7500 (base: 699.0975, kd: 6950.4893), Elapsed: train 2.51 test 0.27 *
09/05/2026,06:19:42: 	Recall@10: 0.05765 Recall@20: 0.08498 NDCG@10: 0.03429 NDCG@20: 0.04180 
09/05/2026,06:19:42: 	Recall@10: 0.02371 Recall@20: 0.03555 NDCG@10: 0.01343 NDCG@20: 0.01666 
09/05/2026,06:19:42: Epoch [23/1000]
09/05/2026,06:19:42: Negative sampling...
09/05/2026,06:19:44: Model's personal time...
09/05/2026,06:19:44: Model diagnostics: arce_anchor_count_mean=25.407932, arce_blocker_budget_mean=24.592068, arce_blocker_entropy_mean=5.052508, arce_gamma_effective_beta=2.164732, arce_gamma_max=1.000000, arce_gamma_mean=0.251229, arce_gamma_min=0.117936, arce_gamma_mode=teacher_mass_calibrated, arce_gamma_std=0.101340, arce_sample_gamma_mean=0.251229, arce_sampled_teacher_overlap_mean=0.508159, arce_teacher_missing_mass_mean=0.330896, arce_teacher_missing_mass_std=0.163756
09/05/2026,06:19:44: Training...
09/05/2026,06:19:45: Evaluating...
09/05/2026,06:19:45: 	Train Loss: 3471243.0000 (base: 676.9050, kd: 6941.1323), Elapsed: train 2.53 test 0.26 *
09/05/2026,06:19:45: 	Recall@10: 0.05797 Recall@20: 0.08545 NDCG@10: 0.03471 NDCG@20: 0.04228 
09/05/2026,06:19:45: 	Recall@10: 0.02361 Recall@20: 0.03538 NDCG@10: 0.01324 NDCG@20: 0.01645 
09/05/2026,06:19:45: Epoch [24/1000]
09/05/2026,06:19:45: Negative sampling...
09/05/2026,06:19:47: Model's personal time...
09/05/2026,06:19:47: Model diagnostics: arce_anchor_count_mean=25.732899, arce_blocker_budget_mean=24.267101, arce_blocker_entropy_mean=5.048290, arce_gamma_effective_beta=2.167801, arce_gamma_max=1.000000, arce_gamma_mean=0.246384, arce_gamma_min=0.117579, arce_gamma_mode=teacher_mass_calibrated, arce_gamma_std=0.097800, arce_sample_gamma_mean=0.246384, arce_sampled_teacher_overlap_mean=0.514658, arce_teacher_missing_mass_mean=0.323728, arce_teacher_missing_mass_std=0.161313
09/05/2026,06:19:47: Training...
09/05/2026,06:19:48: Evaluating...
09/05/2026,06:19:48: 	Train Loss: 3467802.7500 (base: 657.5858, kd: 6934.2900), Elapsed: train 2.69 test 0.27 *
09/05/2026,06:19:48: 	Recall@10: 0.05789 Recall@20: 0.08689 NDCG@10: 0.03488 NDCG@20: 0.04276 
09/05/2026,06:19:48: 	Recall@10: 0.02448 Recall@20: 0.03565 NDCG@10: 0.01360 NDCG@20: 0.01663 
09/05/2026,06:19:48: Epoch [25/1000]
09/05/2026,06:19:48: Negative sampling...
09/05/2026,06:19:50: Model's personal time...
09/05/2026,06:19:50: Model diagnostics: arce_anchor_count_mean=25.992527, arce_blocker_budget_mean=24.007473, arce_blocker_entropy_mean=5.044112, arce_gamma_effective_beta=2.167748, arce_gamma_max=0.950760, arce_gamma_mean=0.242557, arce_gamma_min=0.117870, arce_gamma_mode=teacher_mass_calibrated, arce_gamma_std=0.094322, arce_sample_gamma_mean=0.242557, arce_sampled_teacher_overlap_mean=0.519850, arce_teacher_missing_mass_mean=0.317461, arce_teacher_missing_mass_std=0.158827
09/05/2026,06:19:50: Training...
09/05/2026,06:19:51: Evaluating...
09/05/2026,06:19:51: 	Train Loss: 3464010.5000 (base: 641.2074, kd: 6926.7383), Elapsed: train 2.43 test 0.28 *
09/05/2026,06:19:51: 	Recall@10: 0.05786 Recall@20: 0.08777 NDCG@10: 0.03492 NDCG@20: 0.04314 
09/05/2026,06:19:51: 	Recall@10: 0.02483 Recall@20: 0.03614 NDCG@10: 0.01354 NDCG@20: 0.01659 
09/05/2026,06:19:51: Epoch [26/1000]
09/05/2026,06:19:51: Negative sampling...
09/05/2026,06:19:52: Model's personal time...
09/05/2026,06:19:52: Model diagnostics: arce_anchor_count_mean=26.217667, arce_blocker_budget_mean=23.782333, arce_blocker_entropy_mean=5.040336, arce_gamma_effective_beta=2.168099, arce_gamma_max=1.000000, arce_gamma_mean=0.239276, arce_gamma_min=0.117830, arce_gamma_mode=teacher_mass_calibrated, arce_gamma_std=0.092459, arce_sample_gamma_mean=0.239276, arce_sampled_teacher_overlap_mean=0.524353, arce_teacher_missing_mass_mean=0.311922, arce_teacher_missing_mass_std=0.156827
09/05/2026,06:19:52: Training...
09/05/2026,06:19:54: Evaluating...
09/05/2026,06:19:54: 	Train Loss: 3462060.7500 (base: 623.7495, kd: 6922.8735), Elapsed: train 2.81 test 0.32
09/05/2026,06:19:54: 	Recall@10: 0.05874 Recall@20: 0.08703 NDCG@10: 0.03514 NDCG@20: 0.04296 
09/05/2026,06:19:54: 	Recall@10: 0.02420 Recall@20: 0.03673 NDCG@10: 0.01365 NDCG@20: 0.01707 
09/05/2026,06:19:54: Epoch [27/1000]
09/05/2026,06:19:54: Negative sampling...
09/05/2026,06:19:56: Model's personal time...
09/05/2026,06:19:56: Model diagnostics: arce_anchor_count_mean=26.498755, arce_blocker_budget_mean=23.501245, arce_blocker_entropy_mean=5.037241, arce_gamma_effective_beta=2.172284, arce_gamma_max=0.953280, arce_gamma_mean=0.235074, arce_gamma_min=0.117181, arce_gamma_mode=teacher_mass_calibrated, arce_gamma_std=0.089124, arce_sample_gamma_mean=0.235074, arce_sampled_teacher_overlap_mean=0.529975, arce_teacher_missing_mass_mean=0.305918, arce_teacher_missing_mass_std=0.154402
09/05/2026,06:19:56: Training...
09/05/2026,06:19:57: Evaluating...
09/05/2026,06:19:57: 	Train Loss: 3459698.0000 (base: 608.8192, kd: 6918.1782), Elapsed: train 2.98 test 0.27 *
09/05/2026,06:19:57: 	Recall@10: 0.05981 Recall@20: 0.08838 NDCG@10: 0.03559 NDCG@20: 0.04341 
09/05/2026,06:19:57: 	Recall@10: 0.02489 Recall@20: 0.03673 NDCG@10: 0.01385 NDCG@20: 0.01711 
09/05/2026,06:19:57: Epoch [28/1000]
09/05/2026,06:19:57: Negative sampling...
09/05/2026,06:19:59: Model's personal time...
09/05/2026,06:19:59: Model diagnostics: arce_anchor_count_mean=26.732515, arce_blocker_budget_mean=23.267485, arce_blocker_entropy_mean=5.032999, arce_gamma_effective_beta=2.174310, arce_gamma_max=0.953238, arce_gamma_mean=0.231880, arce_gamma_min=0.116947, arce_gamma_mode=teacher_mass_calibrated, arce_gamma_std=0.087131, arce_sample_gamma_mean=0.231880, arce_sampled_teacher_overlap_mean=0.534650, arce_teacher_missing_mass_mean=0.300853, arce_teacher_missing_mass_std=0.152559
09/05/2026,06:19:59: Training...
09/05/2026,06:20:00: Evaluating...
09/05/2026,06:20:00: 	Train Loss: 3457332.2500 (base: 593.0175, kd: 6913.4780), Elapsed: train 2.76 test 0.30
09/05/2026,06:20:00: 	Recall@10: 0.05942 Recall@20: 0.08740 NDCG@10: 0.03542 NDCG@20: 0.04310 
09/05/2026,06:20:00: 	Recall@10: 0.02552 Recall@20: 0.03655 NDCG@10: 0.01408 NDCG@20: 0.01708 
09/05/2026,06:20:00: Epoch [29/1000]
09/05/2026,06:20:00: Negative sampling...
09/05/2026,06:20:02: Model's personal time...
09/05/2026,06:20:02: Model diagnostics: arce_anchor_count_mean=26.900555, arce_blocker_budget_mean=23.099443, arce_blocker_entropy_mean=5.029910, arce_gamma_effective_beta=2.173164, arce_gamma_max=0.902526, arce_gamma_mean=0.229393, arce_gamma_min=0.117242, arce_gamma_mode=teacher_mass_calibrated, arce_gamma_std=0.084629, arce_sample_gamma_mean=0.229393, arce_sampled_teacher_overlap_mean=0.538011, arce_teacher_missing_mass_mean=0.296323, arce_teacher_missing_mass_std=0.150445
09/05/2026,06:20:02: Training...
09/05/2026,06:20:03: Evaluating...
09/05/2026,06:20:03: 	Train Loss: 3454958.0000 (base: 579.1335, kd: 6908.7573), Elapsed: train 2.65 test 0.26 *
09/05/2026,06:20:03: 	Recall@10: 0.05957 Recall@20: 0.08915 NDCG@10: 0.03572 NDCG@20: 0.04379 
09/05/2026,06:20:03: 	Recall@10: 0.02516 Recall@20: 0.03666 NDCG@10: 0.01411 NDCG@20: 0.01725 
09/05/2026,06:20:03: Epoch [30/1000]
09/05/2026,06:20:03: Negative sampling...
09/05/2026,06:20:05: Model's personal time...
09/05/2026,06:20:05: Model diagnostics: arce_anchor_count_mean=27.126461, arce_blocker_budget_mean=22.873539, arce_blocker_entropy_mean=5.026495, arce_gamma_effective_beta=2.174684, arce_gamma_max=1.000000, arce_gamma_mean=0.226608, arce_gamma_min=0.115675, arce_gamma_mode=teacher_mass_calibrated, arce_gamma_std=0.083114, arce_sample_gamma_mean=0.226608, arce_sampled_teacher_overlap_mean=0.542529, arce_teacher_missing_mass_mean=0.291573, arce_teacher_missing_mass_std=0.149194
09/05/2026,06:20:05: Training...
09/05/2026,06:20:06: Evaluating...
09/05/2026,06:20:06: 	Train Loss: 3452850.2500 (base: 565.4202, kd: 6904.5693), Elapsed: train 2.53 test 0.27
09/05/2026,06:20:06: 	Recall@10: 0.05956 Recall@20: 0.08851 NDCG@10: 0.03549 NDCG@20: 0.04339 
09/05/2026,06:20:06: 	Recall@10: 0.02474 Recall@20: 0.03797 NDCG@10: 0.01402 NDCG@20: 0.01764 
09/05/2026,06:20:06: Epoch [31/1000]
09/05/2026,06:20:06: Negative sampling...
09/05/2026,06:20:07: Model's personal time...
09/05/2026,06:20:07: Model diagnostics: arce_anchor_count_mean=27.308105, arce_blocker_budget_mean=22.691895, arce_blocker_entropy_mean=5.023559, arce_gamma_effective_beta=2.175604, arce_gamma_max=0.885287, arce_gamma_mean=0.224178, arce_gamma_min=0.115642, arce_gamma_mode=teacher_mass_calibrated, arce_gamma_std=0.081412, arce_sample_gamma_mean=0.224178, arce_sampled_teacher_overlap_mean=0.546162, arce_teacher_missing_mass_mean=0.287424, arce_teacher_missing_mass_std=0.147616
09/05/2026,06:20:07: Training...
09/05/2026,06:20:09: Evaluating...
09/05/2026,06:20:09: 	Train Loss: 3451071.2500 (base: 553.4967, kd: 6901.0356), Elapsed: train 2.57 test 0.27
09/05/2026,06:20:09: 	Recall@10: 0.05964 Recall@20: 0.08805 NDCG@10: 0.03582 NDCG@20: 0.04363 
09/05/2026,06:20:09: 	Recall@10: 0.02503 Recall@20: 0.03716 NDCG@10: 0.01402 NDCG@20: 0.01738 
09/05/2026,06:20:09: Epoch [32/1000]
09/05/2026,06:20:09: Negative sampling...
09/05/2026,06:20:10: Model's personal time...
09/05/2026,06:20:10: Model diagnostics: arce_anchor_count_mean=27.502012, arce_blocker_budget_mean=22.497988, arce_blocker_entropy_mean=5.019938, arce_gamma_effective_beta=2.176568, arce_gamma_max=0.816978, arce_gamma_mean=0.221542, arce_gamma_min=0.115726, arce_gamma_mode=teacher_mass_calibrated, arce_gamma_std=0.078936, arce_sample_gamma_mean=0.221542, arce_sampled_teacher_overlap_mean=0.550040, arce_teacher_missing_mass_mean=0.283020, arce_teacher_missing_mass_std=0.145660
09/05/2026,06:20:10: Training...
09/05/2026,06:20:12: Evaluating...
09/05/2026,06:20:12: 	Train Loss: 3449632.0000 (base: 540.5828, kd: 6898.1831), Elapsed: train 2.60 test 0.29
09/05/2026,06:20:12: 	Recall@10: 0.06038 Recall@20: 0.08897 NDCG@10: 0.03595 NDCG@20: 0.04373 
09/05/2026,06:20:12: 	Recall@10: 0.02507 Recall@20: 0.03802 NDCG@10: 0.01399 NDCG@20: 0.01754 
09/05/2026,06:20:12: Epoch [33/1000]
09/05/2026,06:20:12: Negative sampling...
09/05/2026,06:20:13: Model's personal time...
09/05/2026,06:20:13: Model diagnostics: arce_anchor_count_mean=27.650316, arce_blocker_budget_mean=22.349684, arce_blocker_entropy_mean=5.017247, arce_gamma_effective_beta=2.177051, arce_gamma_max=0.751056, arce_gamma_mean=0.219447, arce_gamma_min=0.115616, arce_gamma_mode=teacher_mass_calibrated, arce_gamma_std=0.077214, arce_sample_gamma_mean=0.219447, arce_sampled_teacher_overlap_mean=0.553006, arce_teacher_missing_mass_mean=0.279355, arce_teacher_missing_mass_std=0.144044
09/05/2026,06:20:13: Training...
09/05/2026,06:20:14: Evaluating...
09/05/2026,06:20:15: 	Train Loss: 3447373.7500 (base: 527.5522, kd: 6893.6919), Elapsed: train 2.44 test 0.27 *
09/05/2026,06:20:15: 	Recall@10: 0.05946 Recall@20: 0.08878 NDCG@10: 0.03586 NDCG@20: 0.04390 
09/05/2026,06:20:15: 	Recall@10: 0.02499 Recall@20: 0.03783 NDCG@10: 0.01399 NDCG@20: 0.01753 
09/05/2026,06:20:15: Epoch [34/1000]
09/05/2026,06:20:15: Negative sampling...
09/05/2026,06:20:16: Model's personal time...
09/05/2026,06:20:16: Model diagnostics: arce_anchor_count_mean=27.830618, arce_blocker_budget_mean=22.169380, arce_blocker_entropy_mean=5.013989, arce_gamma_effective_beta=2.178081, arce_gamma_max=0.737646, arce_gamma_mean=0.217167, arce_gamma_min=0.115210, arce_gamma_mode=teacher_mass_calibrated, arce_gamma_std=0.075459, arce_sample_gamma_mean=0.217167, arce_sampled_teacher_overlap_mean=0.556612, arce_teacher_missing_mass_mean=0.275408, arce_teacher_missing_mass_std=0.142542
09/05/2026,06:20:16: Training...
09/05/2026,06:20:17: Evaluating...
09/05/2026,06:20:17: 	Train Loss: 3446061.0000 (base: 516.1882, kd: 6891.0894), Elapsed: train 2.57 test 0.27
09/05/2026,06:20:17: 	Recall@10: 0.05966 Recall@20: 0.08857 NDCG@10: 0.03590 NDCG@20: 0.04378 
09/05/2026,06:20:17: 	Recall@10: 0.02515 Recall@20: 0.03791 NDCG@10: 0.01401 NDCG@20: 0.01750 
09/05/2026,06:20:17: Epoch [35/1000]
09/05/2026,06:20:17: Negative sampling...
09/05/2026,06:20:19: Model's personal time...
09/05/2026,06:20:19: Model diagnostics: arce_anchor_count_mean=27.982372, arce_blocker_budget_mean=22.017628, arce_blocker_entropy_mean=5.011236, arce_gamma_effective_beta=2.179990, arce_gamma_max=0.751758, arce_gamma_mean=0.215053, arce_gamma_min=0.114710, arce_gamma_mode=teacher_mass_calibrated, arce_gamma_std=0.073884, arce_sample_gamma_mean=0.215053, arce_sampled_teacher_overlap_mean=0.559647, arce_teacher_missing_mass_mean=0.272012, arce_teacher_missing_mass_std=0.141079
09/05/2026,06:20:19: Training...
09/05/2026,06:20:20: Evaluating...
09/05/2026,06:20:20: 	Train Loss: 3444965.7500 (base: 506.3758, kd: 6888.9185), Elapsed: train 2.53 test 0.26 *
09/05/2026,06:20:20: 	Recall@10: 0.05965 Recall@20: 0.08939 NDCG@10: 0.03579 NDCG@20: 0.04393 
09/05/2026,06:20:20: 	Recall@10: 0.02544 Recall@20: 0.03769 NDCG@10: 0.01406 NDCG@20: 0.01740 
09/05/2026,06:20:20: Epoch [36/1000]
09/05/2026,06:20:20: Negative sampling...
09/05/2026,06:20:22: Model's personal time...
09/05/2026,06:20:22: Model diagnostics: arce_anchor_count_mean=28.159992, arce_blocker_budget_mean=21.840008, arce_blocker_entropy_mean=5.008001, arce_gamma_effective_beta=2.182846, arce_gamma_max=0.737325, arce_gamma_mean=0.212853, arce_gamma_min=0.114376, arce_gamma_mode=teacher_mass_calibrated, arce_gamma_std=0.072508, arce_sample_gamma_mean=0.212853, arce_sampled_teacher_overlap_mean=0.563200, arce_teacher_missing_mass_mean=0.268579, arce_teacher_missing_mass_std=0.139971
09/05/2026,06:20:22: Training...
09/05/2026,06:20:23: Evaluating...
09/05/2026,06:20:23: 	Train Loss: 3443258.0000 (base: 495.0672, kd: 6885.5259), Elapsed: train 2.53 test 0.27 *
09/05/2026,06:20:23: 	Recall@10: 0.05973 Recall@20: 0.08908 NDCG@10: 0.03599 NDCG@20: 0.04404 
09/05/2026,06:20:23: 	Recall@10: 0.02587 Recall@20: 0.03785 NDCG@10: 0.01436 NDCG@20: 0.01764 
09/05/2026,06:20:23: Epoch [37/1000]
09/05/2026,06:20:23: Negative sampling...
09/05/2026,06:20:24: Model's personal time...
09/05/2026,06:20:24: Model diagnostics: arce_anchor_count_mean=28.304655, arce_blocker_budget_mean=21.695343, arce_blocker_entropy_mean=5.005039, arce_gamma_effective_beta=2.183884, arce_gamma_max=0.700384, arce_gamma_mean=0.210926, arce_gamma_min=0.114267, arce_gamma_mode=teacher_mass_calibrated, arce_gamma_std=0.070857, arce_sample_gamma_mean=0.210926, arce_sampled_teacher_overlap_mean=0.566093, arce_teacher_missing_mass_mean=0.265322, arce_teacher_missing_mass_std=0.138192
09/05/2026,06:20:24: Training...
09/05/2026,06:20:26: Evaluating...
09/05/2026,06:20:26: 	Train Loss: 3441697.5000 (base: 484.2112, kd: 6882.4272), Elapsed: train 2.54 test 0.27 *
09/05/2026,06:20:26: 	Recall@10: 0.05903 Recall@20: 0.09018 NDCG@10: 0.03558 NDCG@20: 0.04412 
09/05/2026,06:20:26: 	Recall@10: 0.02502 Recall@20: 0.03793 NDCG@10: 0.01416 NDCG@20: 0.01772 
09/05/2026,06:20:26: Epoch [38/1000]
09/05/2026,06:20:26: Negative sampling...
09/05/2026,06:20:27: Model's personal time...
09/05/2026,06:20:27: Model diagnostics: arce_anchor_count_mean=28.453535, arce_blocker_budget_mean=21.546465, arce_blocker_entropy_mean=5.003141, arce_gamma_effective_beta=2.185332, arce_gamma_max=0.720710, arce_gamma_mean=0.209030, arce_gamma_min=0.114094, arce_gamma_mode=teacher_mass_calibrated, arce_gamma_std=0.069598, arce_sample_gamma_mean=0.209030, arce_sampled_teacher_overlap_mean=0.569071, arce_teacher_missing_mass_mean=0.262066, arce_teacher_missing_mass_std=0.136876
09/05/2026,06:20:27: Training...
09/05/2026,06:20:28: Evaluating...
09/05/2026,06:20:29: 	Train Loss: 3440652.7500 (base: 476.7924, kd: 6880.3521), Elapsed: train 2.46 test 0.27
09/05/2026,06:20:29: 	Recall@10: 0.06011 Recall@20: 0.08923 NDCG@10: 0.03608 NDCG@20: 0.04404 
09/05/2026,06:20:29: 	Recall@10: 0.02487 Recall@20: 0.03811 NDCG@10: 0.01401 NDCG@20: 0.01764 
09/05/2026,06:20:29: Epoch [39/1000]
09/05/2026,06:20:29: Negative sampling...
09/05/2026,06:20:30: Model's personal time...
09/05/2026,06:20:30: Model diagnostics: arce_anchor_count_mean=28.599922, arce_blocker_budget_mean=21.400076, arce_blocker_entropy_mean=5.000123, arce_gamma_effective_beta=2.188001, arce_gamma_max=0.699914, arce_gamma_mean=0.207145, arce_gamma_min=0.113801, arce_gamma_mode=teacher_mass_calibrated, arce_gamma_std=0.068101, arce_sample_gamma_mean=0.207145, arce_sampled_teacher_overlap_mean=0.571998, arce_teacher_missing_mass_mean=0.259188, arce_teacher_missing_mass_std=0.135736
09/05/2026,06:20:30: Training...
09/05/2026,06:20:31: Evaluating...
09/05/2026,06:20:31: 	Train Loss: 3439544.0000 (base: 466.9491, kd: 6878.1543), Elapsed: train 2.55 test 0.28
09/05/2026,06:20:31: 	Recall@10: 0.06105 Recall@20: 0.08963 NDCG@10: 0.03624 NDCG@20: 0.04408 
09/05/2026,06:20:31: 	Recall@10: 0.02547 Recall@20: 0.03817 NDCG@10: 0.01430 NDCG@20: 0.01777 
09/05/2026,06:20:31: Epoch [40/1000]
09/05/2026,06:20:31: Negative sampling...
09/05/2026,06:20:33: Model's personal time...
09/05/2026,06:20:33: Model diagnostics: arce_anchor_count_mean=28.725042, arce_blocker_budget_mean=21.274956, arce_blocker_entropy_mean=4.996952, arce_gamma_effective_beta=2.188637, arce_gamma_max=0.699841, arce_gamma_mean=0.205739, arce_gamma_min=0.113526, arce_gamma_mode=teacher_mass_calibrated, arce_gamma_std=0.067426, arce_sample_gamma_mean=0.205739, arce_sampled_teacher_overlap_mean=0.574501, arce_teacher_missing_mass_mean=0.256482, arce_teacher_missing_mass_std=0.135007
09/05/2026,06:20:33: Training...
09/05/2026,06:20:34: Evaluating...
09/05/2026,06:20:34: 	Train Loss: 3438533.7500 (base: 460.2787, kd: 6876.1465), Elapsed: train 2.58 test 0.27
09/05/2026,06:20:34: 	Recall@10: 0.06118 Recall@20: 0.08939 NDCG@10: 0.03633 NDCG@20: 0.04409 
09/05/2026,06:20:34: 	Recall@10: 0.02537 Recall@20: 0.03833 NDCG@10: 0.01423 NDCG@20: 0.01780 
09/05/2026,06:20:34: Epoch [41/1000]
09/05/2026,06:20:34: Negative sampling...
09/05/2026,06:20:36: Model's personal time...
09/05/2026,06:20:36: Model diagnostics: arce_anchor_count_mean=28.852844, arce_blocker_budget_mean=21.147154, arce_blocker_entropy_mean=4.993678, arce_gamma_effective_beta=2.191910, arce_gamma_max=0.631588, arce_gamma_mean=0.204013, arce_gamma_min=0.113360, arce_gamma_mode=teacher_mass_calibrated, arce_gamma_std=0.066263, arce_sample_gamma_mean=0.204013, arce_sampled_teacher_overlap_mean=0.577057, arce_teacher_missing_mass_mean=0.254028, arce_teacher_missing_mass_std=0.134000
09/05/2026,06:20:36: Training...
09/05/2026,06:20:37: Evaluating...
09/05/2026,06:20:37: 	Train Loss: 3437701.5000 (base: 449.7461, kd: 6874.5039), Elapsed: train 2.42 test 0.32 *
09/05/2026,06:20:37: 	Recall@10: 0.06132 Recall@20: 0.08998 NDCG@10: 0.03638 NDCG@20: 0.04427 
09/05/2026,06:20:37: 	Recall@10: 0.02589 Recall@20: 0.03918 NDCG@10: 0.01443 NDCG@20: 0.01803 
09/05/2026,06:20:37: Epoch [42/1000]
09/05/2026,06:20:37: Negative sampling...
09/05/2026,06:20:38: Model's personal time...
09/05/2026,06:20:38: Model diagnostics: arce_anchor_count_mean=28.981606, arce_blocker_budget_mean=21.018394, arce_blocker_entropy_mean=4.990302, arce_gamma_effective_beta=2.193089, arce_gamma_max=0.631431, arce_gamma_mean=0.202538, arce_gamma_min=0.112468, arce_gamma_mode=teacher_mass_calibrated, arce_gamma_std=0.065371, arce_sample_gamma_mean=0.202538, arce_sampled_teacher_overlap_mean=0.579632, arce_teacher_missing_mass_mean=0.251391, arce_teacher_missing_mass_std=0.133030
09/05/2026,06:20:38: Training...
09/05/2026,06:20:39: Evaluating...
09/05/2026,06:20:40: 	Train Loss: 3436553.0000 (base: 442.7412, kd: 6872.2207), Elapsed: train 2.54 test 0.25 *
09/05/2026,06:20:40: 	Recall@10: 0.06110 Recall@20: 0.09049 NDCG@10: 0.03628 NDCG@20: 0.04435 
09/05/2026,06:20:40: 	Recall@10: 0.02628 Recall@20: 0.03863 NDCG@10: 0.01458 NDCG@20: 0.01792 
09/05/2026,06:20:40: Epoch [43/1000]
09/05/2026,06:20:40: Negative sampling...
09/05/2026,06:20:41: Model's personal time...
09/05/2026,06:20:41: Model diagnostics: arce_anchor_count_mean=29.094078, arce_blocker_budget_mean=20.905920, arce_blocker_entropy_mean=4.986619, arce_gamma_effective_beta=2.195203, arce_gamma_max=0.631152, arce_gamma_mean=0.201114, arce_gamma_min=0.112944, arce_gamma_mode=teacher_mass_calibrated, arce_gamma_std=0.064493, arce_sample_gamma_mean=0.201114, arce_sampled_teacher_overlap_mean=0.581882, arce_teacher_missing_mass_mean=0.249133, arce_teacher_missing_mass_std=0.132159
09/05/2026,06:20:41: Training...
09/05/2026,06:20:42: Evaluating...
09/05/2026,06:20:43: 	Train Loss: 3436031.2500 (base: 435.1969, kd: 6871.1919), Elapsed: train 2.58 test 0.26 *
09/05/2026,06:20:43: 	Recall@10: 0.06196 Recall@20: 0.09045 NDCG@10: 0.03669 NDCG@20: 0.04456 
09/05/2026,06:20:43: 	Recall@10: 0.02605 Recall@20: 0.03913 NDCG@10: 0.01457 NDCG@20: 0.01814 
09/05/2026,06:20:43: Epoch [44/1000]
09/05/2026,06:20:43: Negative sampling...
09/05/2026,06:20:44: Model's personal time...
09/05/2026,06:20:44: Model diagnostics: arce_anchor_count_mean=29.201571, arce_blocker_budget_mean=20.798429, arce_blocker_entropy_mean=4.983736, arce_gamma_effective_beta=2.197976, arce_gamma_max=0.630785, arce_gamma_mean=0.199746, arce_gamma_min=0.112679, arce_gamma_mode=teacher_mass_calibrated, arce_gamma_std=0.063688, arce_sample_gamma_mean=0.199746, arce_sampled_teacher_overlap_mean=0.584031, arce_teacher_missing_mass_mean=0.247153, arce_teacher_missing_mass_std=0.131451
09/05/2026,06:20:44: Training...
09/05/2026,06:20:45: Evaluating...
09/05/2026,06:20:45: 	Train Loss: 3434910.0000 (base: 429.1674, kd: 6868.9614), Elapsed: train 2.52 test 0.27 *
09/05/2026,06:20:45: 	Recall@10: 0.06143 Recall@20: 0.09202 NDCG@10: 0.03650 NDCG@20: 0.04491 
09/05/2026,06:20:45: 	Recall@10: 0.02632 Recall@20: 0.03872 NDCG@10: 0.01468 NDCG@20: 0.01802 
09/05/2026,06:20:45: Epoch [45/1000]
09/05/2026,06:20:45: Negative sampling...
09/05/2026,06:20:47: Model's personal time...
09/05/2026,06:20:47: Model diagnostics: arce_anchor_count_mean=29.324390, arce_blocker_budget_mean=20.675608, arce_blocker_entropy_mean=4.979995, arce_gamma_effective_beta=2.200262, arce_gamma_max=0.630483, arce_gamma_mean=0.198236, arce_gamma_min=0.112378, arce_gamma_mode=teacher_mass_calibrated, arce_gamma_std=0.062846, arce_sample_gamma_mean=0.198236, arce_sampled_teacher_overlap_mean=0.586488, arce_teacher_missing_mass_mean=0.244728, arce_teacher_missing_mass_std=0.130508
09/05/2026,06:20:47: Training...
09/05/2026,06:20:48: Evaluating...
09/05/2026,06:20:48: 	Train Loss: 3434047.5000 (base: 421.9245, kd: 6867.2510), Elapsed: train 2.51 test 0.28
09/05/2026,06:20:48: 	Recall@10: 0.06164 Recall@20: 0.09064 NDCG@10: 0.03677 NDCG@20: 0.04478 
09/05/2026,06:20:48: 	Recall@10: 0.02635 Recall@20: 0.03900 NDCG@10: 0.01462 NDCG@20: 0.01805 
09/05/2026,06:20:48: Epoch [46/1000]
09/05/2026,06:20:48: Negative sampling...
09/05/2026,06:20:50: Model's personal time...
09/05/2026,06:20:50: Model diagnostics: arce_anchor_count_mean=29.437248, arce_blocker_budget_mean=20.562752, arce_blocker_entropy_mean=4.978162, arce_gamma_effective_beta=2.202150, arce_gamma_max=0.630233, arce_gamma_mean=0.197017, arce_gamma_min=0.112212, arce_gamma_mode=teacher_mass_calibrated, arce_gamma_std=0.062274, arce_sample_gamma_mean=0.197017, arce_sampled_teacher_overlap_mean=0.588745, arce_teacher_missing_mass_mean=0.242703, arce_teacher_missing_mass_std=0.129956
09/05/2026,06:20:50: Training...
09/05/2026,06:20:51: Evaluating...
09/05/2026,06:20:51: 	Train Loss: 3433786.7500 (base: 413.4534, kd: 6866.7461), Elapsed: train 2.65 test 0.27 *
09/05/2026,06:20:51: 	Recall@10: 0.06237 Recall@20: 0.09207 NDCG@10: 0.03699 NDCG@20: 0.04515 
09/05/2026,06:20:51: 	Recall@10: 0.02646 Recall@20: 0.03961 NDCG@10: 0.01458 NDCG@20: 0.01811 
09/05/2026,06:20:51: Epoch [47/1000]
09/05/2026,06:20:51: Negative sampling...
09/05/2026,06:20:52: Model's personal time...
09/05/2026,06:20:52: Model diagnostics: arce_anchor_count_mean=29.559301, arce_blocker_budget_mean=20.440697, arce_blocker_entropy_mean=4.974303, arce_gamma_effective_beta=2.205882, arce_gamma_max=0.629740, arce_gamma_mean=0.195441, arce_gamma_min=0.111797, arce_gamma_mode=teacher_mass_calibrated, arce_gamma_std=0.061569, arce_sample_gamma_mean=0.195441, arce_sampled_teacher_overlap_mean=0.591186, arce_teacher_missing_mass_mean=0.240500, arce_teacher_missing_mass_std=0.129174
09/05/2026,06:20:52: Training...
09/05/2026,06:20:54: Evaluating...
09/05/2026,06:20:54: 	Train Loss: 3434373.5000 (base: 407.2283, kd: 6867.9321), Elapsed: train 2.48 test 0.27
09/05/2026,06:20:54: 	Recall@10: 0.06178 Recall@20: 0.09103 NDCG@10: 0.03700 NDCG@20: 0.04505 
09/05/2026,06:20:54: 	Recall@10: 0.02662 Recall@20: 0.03916 NDCG@10: 0.01465 NDCG@20: 0.01805 
09/05/2026,06:20:54: Epoch [48/1000]
09/05/2026,06:20:54: Negative sampling...
09/05/2026,06:20:55: Model's personal time...
09/05/2026,06:20:55: Model diagnostics: arce_anchor_count_mean=29.654531, arce_blocker_budget_mean=20.345469, arce_blocker_entropy_mean=4.971378, arce_gamma_effective_beta=2.206818, arce_gamma_max=0.573405, arce_gamma_mean=0.194278, arce_gamma_min=0.111693, arce_gamma_mode=teacher_mass_calibrated, arce_gamma_std=0.060623, arce_sample_gamma_mean=0.194278, arce_sampled_teacher_overlap_mean=0.593091, arce_teacher_missing_mass_mean=0.238426, arce_teacher_missing_mass_std=0.128142
09/05/2026,06:20:55: Training...
09/05/2026,06:20:56: Evaluating...
09/05/2026,06:20:57: 	Train Loss: 3432680.5000 (base: 400.9020, kd: 6864.5586), Elapsed: train 2.47 test 0.26 *
09/05/2026,06:20:57: 	Recall@10: 0.06261 Recall@20: 0.09213 NDCG@10: 0.03724 NDCG@20: 0.04527 
09/05/2026,06:20:57: 	Recall@10: 0.02683 Recall@20: 0.03934 NDCG@10: 0.01467 NDCG@20: 0.01804 
09/05/2026,06:20:57: Epoch [49/1000]
09/05/2026,06:20:57: Negative sampling...
09/05/2026,06:20:58: Model's personal time...
09/05/2026,06:20:58: Model diagnostics: arce_anchor_count_mean=29.780035, arce_blocker_budget_mean=20.219965, arce_blocker_entropy_mean=4.968301, arce_gamma_effective_beta=2.211018, arce_gamma_max=0.572798, arce_gamma_mean=0.192690, arce_gamma_min=0.111183, arce_gamma_mode=teacher_mass_calibrated, arce_gamma_std=0.059994, arce_sample_gamma_mean=0.192690, arce_sampled_teacher_overlap_mean=0.595601, arce_teacher_missing_mass_mean=0.236295, arce_teacher_missing_mass_std=0.127382
09/05/2026,06:20:58: Training...
09/05/2026,06:20:59: Evaluating...
09/05/2026,06:20:59: 	Train Loss: 3432837.7500 (base: 394.4989, kd: 6864.8862), Elapsed: train 2.40 test 0.26
09/05/2026,06:20:59: 	Recall@10: 0.06258 Recall@20: 0.09165 NDCG@10: 0.03696 NDCG@20: 0.04497 
09/05/2026,06:20:59: 	Recall@10: 0.02692 Recall@20: 0.03972 NDCG@10: 0.01485 NDCG@20: 0.01829 
09/05/2026,06:20:59: Epoch [50/1000]
09/05/2026,06:20:59: Negative sampling...
09/05/2026,06:21:01: Model's personal time...
09/05/2026,06:21:01: Model diagnostics: arce_anchor_count_mean=29.860701, arce_blocker_budget_mean=20.139299, arce_blocker_entropy_mean=4.965427, arce_gamma_effective_beta=2.211754, arce_gamma_max=0.572692, arce_gamma_mean=0.191749, arce_gamma_min=0.111147, arce_gamma_mode=teacher_mass_calibrated, arce_gamma_std=0.059461, arce_sample_gamma_mean=0.191749, arce_sampled_teacher_overlap_mean=0.597214, arce_teacher_missing_mass_mean=0.234515, arce_teacher_missing_mass_std=0.126693
09/05/2026,06:21:01: Training...
09/05/2026,06:21:02: Evaluating...
09/05/2026,06:21:02: 	Train Loss: 3431994.7500 (base: 390.2791, kd: 6863.2090), Elapsed: train 2.44 test 0.30 *
09/05/2026,06:21:02: 	Recall@10: 0.06258 Recall@20: 0.09307 NDCG@10: 0.03734 NDCG@20: 0.04567 
09/05/2026,06:21:02: 	Recall@10: 0.02722 Recall@20: 0.03995 NDCG@10: 0.01499 NDCG@20: 0.01840 
09/05/2026,06:21:02: Epoch [51/1000]
09/05/2026,06:21:02: Negative sampling...
09/05/2026,06:21:03: Model's personal time...
09/05/2026,06:21:03: Model diagnostics: arce_anchor_count_mean=29.990803, arce_blocker_budget_mean=20.009197, arce_blocker_entropy_mean=4.962170, arce_gamma_effective_beta=2.214731, arce_gamma_max=0.572262, arce_gamma_mean=0.190231, arce_gamma_min=0.110774, arce_gamma_mode=teacher_mass_calibrated, arce_gamma_std=0.058611, arce_sample_gamma_mean=0.190231, arce_sampled_teacher_overlap_mean=0.599816, arce_teacher_missing_mass_mean=0.232197, arce_teacher_missing_mass_std=0.125705
09/05/2026,06:21:03: Training...
09/05/2026,06:21:04: Evaluating...
09/05/2026,06:21:05: 	Train Loss: 3432198.5000 (base: 383.4388, kd: 6863.6299), Elapsed: train 2.42 test 0.27
09/05/2026,06:21:05: 	Recall@10: 0.06258 Recall@20: 0.09191 NDCG@10: 0.03721 NDCG@20: 0.04530 
09/05/2026,06:21:05: 	Recall@10: 0.02710 Recall@20: 0.03977 NDCG@10: 0.01495 NDCG@20: 0.01839 
09/05/2026,06:21:05: Epoch [52/1000]
09/05/2026,06:21:05: Negative sampling...
09/05/2026,06:21:06: Model's personal time...
09/05/2026,06:21:06: Model diagnostics: arce_anchor_count_mean=30.103468, arce_blocker_budget_mean=19.896532, arce_blocker_entropy_mean=4.960010, arce_gamma_effective_beta=2.218419, arce_gamma_max=0.571731, arce_gamma_mean=0.188809, arce_gamma_min=0.110369, arce_gamma_mode=teacher_mass_calibrated, arce_gamma_std=0.058056, arce_sample_gamma_mean=0.188809, arce_sampled_teacher_overlap_mean=0.602069, arce_teacher_missing_mass_mean=0.230212, arce_teacher_missing_mass_std=0.125027
09/05/2026,06:21:06: Training...
09/05/2026,06:21:07: Evaluating...
09/05/2026,06:21:07: 	Train Loss: 3431302.5000 (base: 378.7313, kd: 6861.8467), Elapsed: train 2.54 test 0.27
09/05/2026,06:21:07: 	Recall@10: 0.06350 Recall@20: 0.09147 NDCG@10: 0.03771 NDCG@20: 0.04543 
09/05/2026,06:21:07: 	Recall@10: 0.02737 Recall@20: 0.03932 NDCG@10: 0.01506 NDCG@20: 0.01830 
09/05/2026,06:21:07: Epoch [53/1000]
09/05/2026,06:21:07: Negative sampling...
09/05/2026,06:21:09: Model's personal time...
09/05/2026,06:21:09: Model diagnostics: arce_anchor_count_mean=30.207319, arce_blocker_budget_mean=19.792681, arce_blocker_entropy_mean=4.956955, arce_gamma_effective_beta=2.220617, arce_gamma_max=0.571414, arce_gamma_mean=0.187628, arce_gamma_min=0.110068, arce_gamma_mode=teacher_mass_calibrated, arce_gamma_std=0.057509, arce_sample_gamma_mean=0.187628, arce_sampled_teacher_overlap_mean=0.604146, arce_teacher_missing_mass_mean=0.228282, arce_teacher_missing_mass_std=0.124405
09/05/2026,06:21:09: Training...
09/05/2026,06:21:10: Evaluating...
09/05/2026,06:21:10: 	Train Loss: 3431597.0000 (base: 374.1637, kd: 6862.4448), Elapsed: train 2.61 test 0.29
09/05/2026,06:21:10: 	Recall@10: 0.06325 Recall@20: 0.09067 NDCG@10: 0.03751 NDCG@20: 0.04510 
09/05/2026,06:21:10: 	Recall@10: 0.02679 Recall@20: 0.03980 NDCG@10: 0.01484 NDCG@20: 0.01835 
09/05/2026,06:21:10: Epoch [54/1000]
09/05/2026,06:21:10: Negative sampling...
09/05/2026,06:21:12: Model's personal time...
09/05/2026,06:21:12: Model diagnostics: arce_anchor_count_mean=30.300056, arce_blocker_budget_mean=19.699942, arce_blocker_entropy_mean=4.954854, arce_gamma_effective_beta=2.223298, arce_gamma_max=0.571028, arce_gamma_mean=0.186480, arce_gamma_min=0.109775, arce_gamma_mode=teacher_mass_calibrated, arce_gamma_std=0.056988, arce_sample_gamma_mean=0.186480, arce_sampled_teacher_overlap_mean=0.606001, arce_teacher_missing_mass_mean=0.226587, arce_teacher_missing_mass_std=0.123765
09/05/2026,06:21:12: Training...
09/05/2026,06:21:13: Evaluating...
09/05/2026,06:21:13: 	Train Loss: 3430408.5000 (base: 371.4003, kd: 6860.0737), Elapsed: train 2.56 test 0.26
09/05/2026,06:21:13: 	Recall@10: 0.06295 Recall@20: 0.09108 NDCG@10: 0.03763 NDCG@20: 0.04541 
09/05/2026,06:21:13: 	Recall@10: 0.02719 Recall@20: 0.03992 NDCG@10: 0.01499 NDCG@20: 0.01842 
09/05/2026,06:21:13: Epoch [55/1000]
09/05/2026,06:21:13: Negative sampling...
09/05/2026,06:21:15: Model's personal time...
09/05/2026,06:21:15: Model diagnostics: arce_anchor_count_mean=30.413488, arce_blocker_budget_mean=19.586510, arce_blocker_entropy_mean=4.951379, arce_gamma_effective_beta=2.227434, arce_gamma_max=0.564656, arce_gamma_mean=0.185080, arce_gamma_min=0.109325, arce_gamma_mode=teacher_mass_calibrated, arce_gamma_std=0.056113, arce_sample_gamma_mean=0.185080, arce_sampled_teacher_overlap_mean=0.608270, arce_teacher_missing_mass_mean=0.224843, arce_teacher_missing_mass_std=0.122926
09/05/2026,06:21:15: Training...
09/05/2026,06:21:16: Evaluating...
09/05/2026,06:21:16: 	Train Loss: 3431211.7500 (base: 367.6949, kd: 6861.6875), Elapsed: train 2.62 test 0.27
09/05/2026,06:21:16: 	Recall@10: 0.06296 Recall@20: 0.09018 NDCG@10: 0.03767 NDCG@20: 0.04521 
09/05/2026,06:21:16: 	Recall@10: 0.02662 Recall@20: 0.04024 NDCG@10: 0.01493 NDCG@20: 0.01860 
09/05/2026,06:21:16: Epoch [56/1000]
09/05/2026,06:21:16: Negative sampling...
09/05/2026,06:21:17: Model's personal time...
09/05/2026,06:21:18: Model diagnostics: arce_anchor_count_mean=30.503927, arce_blocker_budget_mean=19.496071, arce_blocker_entropy_mean=4.948912, arce_gamma_effective_beta=2.229155, arce_gamma_max=0.564406, arce_gamma_mean=0.184007, arce_gamma_min=0.109198, arce_gamma_mode=teacher_mass_calibrated, arce_gamma_std=0.055377, arce_sample_gamma_mean=0.184007, arce_sampled_teacher_overlap_mean=0.610079, arce_teacher_missing_mass_mean=0.223094, arce_teacher_missing_mass_std=0.121945
09/05/2026,06:21:18: Training...
09/05/2026,06:21:19: Evaluating...
09/05/2026,06:21:19: 	Train Loss: 3430958.5000 (base: 358.6993, kd: 6861.2002), Elapsed: train 2.69 test 0.34
09/05/2026,06:21:19: 	Recall@10: 0.06296 Recall@20: 0.09064 NDCG@10: 0.03759 NDCG@20: 0.04530 
09/05/2026,06:21:19: 	Recall@10: 0.02646 Recall@20: 0.04024 NDCG@10: 0.01487 NDCG@20: 0.01858 
09/05/2026,06:21:19: Epoch [57/1000]
09/05/2026,06:21:19: Negative sampling...
09/05/2026,06:21:21: Model's personal time...
09/05/2026,06:21:21: Model diagnostics: arce_anchor_count_mean=30.613335, arce_blocker_budget_mean=19.386663, arce_blocker_entropy_mean=4.945704, arce_gamma_effective_beta=2.232564, arce_gamma_max=0.543398, arce_gamma_mean=0.182735, arce_gamma_min=0.108769, arce_gamma_mode=teacher_mass_calibrated, arce_gamma_std=0.054692, arce_sample_gamma_mean=0.182735, arce_sampled_teacher_overlap_mean=0.612267, arce_teacher_missing_mass_mean=0.221317, arce_teacher_missing_mass_std=0.121294
09/05/2026,06:21:21: Training...
09/05/2026,06:21:22: Evaluating...
09/05/2026,06:21:22: 	Train Loss: 3430475.7500 (base: 353.8841, kd: 6860.2441), Elapsed: train 2.55 test 0.26
09/05/2026,06:21:22: 	Recall@10: 0.06325 Recall@20: 0.09031 NDCG@10: 0.03790 NDCG@20: 0.04540 
09/05/2026,06:21:22: 	Recall@10: 0.02698 Recall@20: 0.04039 NDCG@10: 0.01503 NDCG@20: 0.01863 
09/05/2026,06:21:22: Epoch [58/1000]
09/05/2026,06:21:22: Negative sampling...
09/05/2026,06:21:23: Model's personal time...
09/05/2026,06:21:23: Model diagnostics: arce_anchor_count_mean=30.716038, arce_blocker_budget_mean=19.283962, arce_blocker_entropy_mean=4.943488, arce_gamma_effective_beta=2.235125, arce_gamma_max=0.499578, arce_gamma_mean=0.181459, arce_gamma_min=0.108492, arce_gamma_mode=teacher_mass_calibrated, arce_gamma_std=0.053813, arce_sample_gamma_mean=0.181459, arce_sampled_teacher_overlap_mean=0.614321, arce_teacher_missing_mass_mean=0.219338, arce_teacher_missing_mass_std=0.120272
09/05/2026,06:21:23: Training...
09/05/2026,06:21:24: Evaluating...
09/05/2026,06:21:25: 	Train Loss: 3429962.5000 (base: 352.1469, kd: 6859.2207), Elapsed: train 2.50 test 0.35 *
09/05/2026,06:21:25: 	Recall@10: 0.06327 Recall@20: 0.09119 NDCG@10: 0.03816 NDCG@20: 0.04588 
09/05/2026,06:21:25: 	Recall@10: 0.02702 Recall@20: 0.03987 NDCG@10: 0.01499 NDCG@20: 0.01847 
09/05/2026,06:21:25: Epoch [59/1000]
09/05/2026,06:21:25: Negative sampling...
09/05/2026,06:21:26: Model's personal time...
09/05/2026,06:21:26: Model diagnostics: arce_anchor_count_mean=30.809732, arce_blocker_budget_mean=19.190266, arce_blocker_entropy_mean=4.941055, arce_gamma_effective_beta=2.237967, arce_gamma_max=0.499137, arce_gamma_mean=0.180316, arce_gamma_min=0.108240, arce_gamma_mode=teacher_mass_calibrated, arce_gamma_std=0.053176, arce_sample_gamma_mean=0.180316, arce_sampled_teacher_overlap_mean=0.616195, arce_teacher_missing_mass_mean=0.217685, arce_teacher_missing_mass_std=0.119504
09/05/2026,06:21:26: Training...
09/05/2026,06:21:28: Evaluating...
09/05/2026,06:21:28: 	Train Loss: 3430050.0000 (base: 348.1415, kd: 6859.4028), Elapsed: train 2.82 test 0.31
09/05/2026,06:21:28: 	Recall@10: 0.06341 Recall@20: 0.09059 NDCG@10: 0.03801 NDCG@20: 0.04552 
09/05/2026,06:21:28: 	Recall@10: 0.02634 Recall@20: 0.04091 NDCG@10: 0.01482 NDCG@20: 0.01873 
09/05/2026,06:21:28: Epoch [60/1000]
09/05/2026,06:21:28: Negative sampling...
09/05/2026,06:21:29: Model's personal time...
09/05/2026,06:21:29: Model diagnostics: arce_anchor_count_mean=30.916267, arce_blocker_budget_mean=19.083733, arce_blocker_entropy_mean=4.938040, arce_gamma_effective_beta=2.241719, arce_gamma_max=0.485690, arce_gamma_mean=0.179079, arce_gamma_min=0.107784, arce_gamma_mode=teacher_mass_calibrated, arce_gamma_std=0.052784, arce_sample_gamma_mean=0.179079, arce_sampled_teacher_overlap_mean=0.618325, arce_teacher_missing_mass_mean=0.215980, arce_teacher_missing_mass_std=0.119041
09/05/2026,06:21:29: Training...
09/05/2026,06:21:31: Evaluating...
09/05/2026,06:21:31: 	Train Loss: 3430048.2500 (base: 343.9713, kd: 6859.4087), Elapsed: train 2.68 test 0.27 *
09/05/2026,06:21:31: 	Recall@10: 0.06309 Recall@20: 0.09189 NDCG@10: 0.03809 NDCG@20: 0.04605 
09/05/2026,06:21:31: 	Recall@10: 0.02668 Recall@20: 0.04139 NDCG@10: 0.01483 NDCG@20: 0.01876 
09/05/2026,06:21:31: Epoch [61/1000]
09/05/2026,06:21:31: Negative sampling...
09/05/2026,06:21:32: Model's personal time...
09/05/2026,06:21:32: Model diagnostics: arce_anchor_count_mean=30.987738, arce_blocker_budget_mean=19.012262, arce_blocker_entropy_mean=4.935533, arce_gamma_effective_beta=2.243702, arce_gamma_max=0.485380, arce_gamma_mean=0.178268, arce_gamma_min=0.107625, arce_gamma_mode=teacher_mass_calibrated, arce_gamma_std=0.052414, arce_sample_gamma_mean=0.178268, arce_sampled_teacher_overlap_mean=0.619755, arce_teacher_missing_mass_mean=0.214734, arce_teacher_missing_mass_std=0.118625
09/05/2026,06:21:32: Training...
09/05/2026,06:21:33: Evaluating...
09/05/2026,06:21:34: 	Train Loss: 3429500.0000 (base: 337.7546, kd: 6858.3237), Elapsed: train 2.54 test 0.35
09/05/2026,06:21:34: 	Recall@10: 0.06210 Recall@20: 0.09131 NDCG@10: 0.03788 NDCG@20: 0.04595 
09/05/2026,06:21:34: 	Recall@10: 0.02660 Recall@20: 0.04033 NDCG@10: 0.01473 NDCG@20: 0.01843 
09/05/2026,06:21:34: Epoch [62/1000]
09/05/2026,06:21:34: Negative sampling...
09/05/2026,06:21:35: Model's personal time...
09/05/2026,06:21:35: Model diagnostics: arce_anchor_count_mean=31.067253, arce_blocker_budget_mean=18.932745, arce_blocker_entropy_mean=4.932711, arce_gamma_effective_beta=2.245499, arce_gamma_max=0.487932, arce_gamma_mean=0.177408, arce_gamma_min=0.107380, arce_gamma_mode=teacher_mass_calibrated, arce_gamma_std=0.052093, arce_sample_gamma_mean=0.177408, arce_sampled_teacher_overlap_mean=0.621345, arce_teacher_missing_mass_mean=0.213295, arce_teacher_missing_mass_std=0.118164
09/05/2026,06:21:35: Training...
09/05/2026,06:21:36: Evaluating...
09/05/2026,06:21:37: 	Train Loss: 3429668.2500 (base: 333.8382, kd: 6858.6685), Elapsed: train 2.71 test 0.26 *
09/05/2026,06:21:37: 	Recall@10: 0.06281 Recall@20: 0.09141 NDCG@10: 0.03826 NDCG@20: 0.04613 
09/05/2026,06:21:37: 	Recall@10: 0.02662 Recall@20: 0.04048 NDCG@10: 0.01489 NDCG@20: 0.01861 
09/05/2026,06:21:37: Epoch [63/1000]
09/05/2026,06:21:37: Negative sampling...
09/05/2026,06:21:38: Model's personal time...
09/05/2026,06:21:38: Model diagnostics: arce_anchor_count_mean=31.174746, arce_blocker_budget_mean=18.825254, arce_blocker_entropy_mean=4.930612, arce_gamma_effective_beta=2.248739, arce_gamma_max=0.487427, arce_gamma_mean=0.176255, arce_gamma_min=0.107034, arce_gamma_mode=teacher_mass_calibrated, arce_gamma_std=0.051656, arce_sample_gamma_mean=0.176255, arce_sampled_teacher_overlap_mean=0.623495, arce_teacher_missing_mass_mean=0.211608, arce_teacher_missing_mass_std=0.117688
09/05/2026,06:21:38: Training...
09/05/2026,06:21:39: Evaluating...
09/05/2026,06:21:40: 	Train Loss: 3430298.0000 (base: 331.9881, kd: 6859.9321), Elapsed: train 2.67 test 0.27 *
09/05/2026,06:21:40: 	Recall@10: 0.06256 Recall@20: 0.09144 NDCG@10: 0.03828 NDCG@20: 0.04619 
09/05/2026,06:21:40: 	Recall@10: 0.02671 Recall@20: 0.04077 NDCG@10: 0.01498 NDCG@20: 0.01876 
09/05/2026,06:21:40: Epoch [64/1000]
09/05/2026,06:21:40: Negative sampling...
09/05/2026,06:21:41: Model's personal time...
09/05/2026,06:21:41: Model diagnostics: arce_anchor_count_mean=31.251198, arce_blocker_budget_mean=18.748802, arce_blocker_entropy_mean=4.927747, arce_gamma_effective_beta=2.251731, arce_gamma_max=0.486961, arce_gamma_mean=0.175304, arce_gamma_min=0.106717, arce_gamma_mode=teacher_mass_calibrated, arce_gamma_std=0.051288, arce_sample_gamma_mean=0.175304, arce_sampled_teacher_overlap_mean=0.625024, arce_teacher_missing_mass_mean=0.210327, arce_teacher_missing_mass_std=0.117231
09/05/2026,06:21:41: Training...
09/05/2026,06:21:42: Evaluating...
09/05/2026,06:21:43: 	Train Loss: 3429446.2500 (base: 325.3411, kd: 6858.2417), Elapsed: train 2.58 test 0.33
09/05/2026,06:21:43: 	Recall@10: 0.06240 Recall@20: 0.09138 NDCG@10: 0.03800 NDCG@20: 0.04602 
09/05/2026,06:21:43: 	Recall@10: 0.02691 Recall@20: 0.04069 NDCG@10: 0.01496 NDCG@20: 0.01866 
09/05/2026,06:21:43: Epoch [65/1000]
09/05/2026,06:21:43: Negative sampling...
09/05/2026,06:21:44: Model's personal time...
09/05/2026,06:21:44: Model diagnostics: arce_anchor_count_mean=31.340677, arce_blocker_budget_mean=18.659321, arce_blocker_entropy_mean=4.925519, arce_gamma_effective_beta=2.254715, arce_gamma_max=0.486497, arce_gamma_mean=0.174271, arce_gamma_min=0.106401, arce_gamma_mode=teacher_mass_calibrated, arce_gamma_std=0.050716, arce_sample_gamma_mean=0.174271, arce_sampled_teacher_overlap_mean=0.626814, arce_teacher_missing_mass_mean=0.208910, arce_teacher_missing_mass_std=0.116518
09/05/2026,06:21:44: Training...
09/05/2026,06:21:45: Evaluating...
09/05/2026,06:21:45: 	Train Loss: 3429822.5000 (base: 323.6966, kd: 6858.9971), Elapsed: train 2.45 test 0.27
09/05/2026,06:21:45: 	Recall@10: 0.06197 Recall@20: 0.09105 NDCG@10: 0.03809 NDCG@20: 0.04616 
09/05/2026,06:21:45: 	Recall@10: 0.02679 Recall@20: 0.04096 NDCG@10: 0.01485 NDCG@20: 0.01867 
09/05/2026,06:21:45: Epoch [66/1000]
09/05/2026,06:21:45: Negative sampling...
09/05/2026,06:21:47: Model's personal time...
09/05/2026,06:21:47: Model diagnostics: arce_anchor_count_mean=31.421728, arce_blocker_budget_mean=18.578272, arce_blocker_entropy_mean=4.922959, arce_gamma_effective_beta=2.256630, arce_gamma_max=0.500934, arce_gamma_mean=0.173401, arce_gamma_min=0.106252, arce_gamma_mode=teacher_mass_calibrated, arce_gamma_std=0.050228, arce_sample_gamma_mean=0.173401, arce_sampled_teacher_overlap_mean=0.628435, arce_teacher_missing_mass_mean=0.207499, arce_teacher_missing_mass_std=0.115949
09/05/2026,06:21:47: Training...
09/05/2026,06:21:48: Evaluating...
09/05/2026,06:21:48: 	Train Loss: 3429485.2500 (base: 318.2086, kd: 6858.3340), Elapsed: train 2.63 test 0.27 *
09/05/2026,06:21:48: 	Recall@10: 0.06286 Recall@20: 0.09114 NDCG@10: 0.03843 NDCG@20: 0.04627 
09/05/2026,06:21:48: 	Recall@10: 0.02650 Recall@20: 0.04100 NDCG@10: 0.01494 NDCG@20: 0.01886 
09/05/2026,06:21:48: Epoch [67/1000]
09/05/2026,06:21:48: Negative sampling...
09/05/2026,06:21:50: Model's personal time...
09/05/2026,06:21:50: Model diagnostics: arce_anchor_count_mean=31.499712, arce_blocker_budget_mean=18.500288, arce_blocker_entropy_mean=4.919943, arce_gamma_effective_beta=2.258695, arce_gamma_max=0.485878, arce_gamma_mean=0.172489, arce_gamma_min=0.106034, arce_gamma_mode=teacher_mass_calibrated, arce_gamma_std=0.049634, arce_sample_gamma_mean=0.172489, arce_sampled_teacher_overlap_mean=0.629994, arce_teacher_missing_mass_mean=0.206078, arce_teacher_missing_mass_std=0.115196
09/05/2026,06:21:50: Training...
09/05/2026,06:21:51: Evaluating...
09/05/2026,06:21:51: 	Train Loss: 3429325.0000 (base: 317.6232, kd: 6858.0151), Elapsed: train 2.64 test 0.30 *
09/05/2026,06:21:51: 	Recall@10: 0.06317 Recall@20: 0.09185 NDCG@10: 0.03849 NDCG@20: 0.04640 
09/05/2026,06:21:51: 	Recall@10: 0.02696 Recall@20: 0.04140 NDCG@10: 0.01516 NDCG@20: 0.01903 
09/05/2026,06:21:51: Epoch [68/1000]
09/05/2026,06:21:51: Negative sampling...
09/05/2026,06:21:53: Model's personal time...
09/05/2026,06:21:53: Model diagnostics: arce_anchor_count_mean=31.573864, arce_blocker_budget_mean=18.426134, arce_blocker_entropy_mean=4.917500, arce_gamma_effective_beta=2.261816, arce_gamma_max=0.500139, arce_gamma_mean=0.171598, arce_gamma_min=0.105706, arce_gamma_mode=teacher_mass_calibrated, arce_gamma_std=0.049355, arce_sample_gamma_mean=0.171598, arce_sampled_teacher_overlap_mean=0.631477, arce_teacher_missing_mass_mean=0.204922, arce_teacher_missing_mass_std=0.114863
09/05/2026,06:21:53: Training...
09/05/2026,06:21:54: Evaluating...
09/05/2026,06:21:54: 	Train Loss: 3429529.5000 (base: 312.5912, kd: 6858.4336), Elapsed: train 2.74 test 0.26 *
09/05/2026,06:21:54: 	Recall@10: 0.06274 Recall@20: 0.09205 NDCG@10: 0.03852 NDCG@20: 0.04663 
09/05/2026,06:21:54: 	Recall@10: 0.02712 Recall@20: 0.04123 NDCG@10: 0.01509 NDCG@20: 0.01886 
09/05/2026,06:21:54: Epoch [69/1000]
09/05/2026,06:21:54: Negative sampling...
09/05/2026,06:21:56: Model's personal time...
09/05/2026,06:21:56: Model diagnostics: arce_anchor_count_mean=31.663153, arce_blocker_budget_mean=18.336845, arce_blocker_entropy_mean=4.914629, arce_gamma_effective_beta=2.265744, arce_gamma_max=0.499537, arce_gamma_mean=0.170539, arce_gamma_min=0.105241, arce_gamma_mode=teacher_mass_calibrated, arce_gamma_std=0.048860, arce_sample_gamma_mean=0.170539, arce_sampled_teacher_overlap_mean=0.633263, arce_teacher_missing_mass_mean=0.203675, arce_teacher_missing_mass_std=0.114296
09/05/2026,06:21:56: Training...
09/05/2026,06:21:57: Evaluating...
09/05/2026,06:21:57: 	Train Loss: 3429410.5000 (base: 309.9951, kd: 6858.2007), Elapsed: train 2.59 test 0.31
09/05/2026,06:21:57: 	Recall@10: 0.06315 Recall@20: 0.09271 NDCG@10: 0.03841 NDCG@20: 0.04657 
09/05/2026,06:21:57: 	Recall@10: 0.02693 Recall@20: 0.04064 NDCG@10: 0.01507 NDCG@20: 0.01879 
09/05/2026,06:21:57: Epoch [70/1000]
09/05/2026,06:21:57: Negative sampling...
09/05/2026,06:21:58: Model's personal time...
09/05/2026,06:21:58: Model diagnostics: arce_anchor_count_mean=31.756275, arce_blocker_budget_mean=18.243725, arce_blocker_entropy_mean=4.912519, arce_gamma_effective_beta=2.269222, arce_gamma_max=0.499006, arce_gamma_mean=0.169452, arce_gamma_min=0.104878, arce_gamma_mode=teacher_mass_calibrated, arce_gamma_std=0.048195, arce_sample_gamma_mean=0.169452, arce_sampled_teacher_overlap_mean=0.635126, arce_teacher_missing_mass_mean=0.202233, arce_teacher_missing_mass_std=0.113631
09/05/2026,06:21:58: Training...
09/05/2026,06:22:00: Evaluating...
09/05/2026,06:22:00: 	Train Loss: 3429304.7500 (base: 304.3742, kd: 6858.0005), Elapsed: train 2.57 test 0.27 *
09/05/2026,06:22:00: 	Recall@10: 0.06337 Recall@20: 0.09221 NDCG@10: 0.03877 NDCG@20: 0.04671 
09/05/2026,06:22:00: 	Recall@10: 0.02682 Recall@20: 0.04050 NDCG@10: 0.01501 NDCG@20: 0.01872 
09/05/2026,06:22:00: Epoch [71/1000]
09/05/2026,06:22:00: Negative sampling...
09/05/2026,06:22:01: Model's personal time...
09/05/2026,06:22:01: Model diagnostics: arce_anchor_count_mean=31.817015, arce_blocker_budget_mean=18.182985, arce_blocker_entropy_mean=4.909762, arce_gamma_effective_beta=2.270723, arce_gamma_max=0.482084, arce_gamma_mean=0.168796, arce_gamma_min=0.104722, arce_gamma_mode=teacher_mass_calibrated, arce_gamma_std=0.047817, arce_sample_gamma_mean=0.168796, arce_sampled_teacher_overlap_mean=0.636340, arce_teacher_missing_mass_mean=0.201162, arce_teacher_missing_mass_std=0.113153
09/05/2026,06:22:01: Training...
09/05/2026,06:22:03: Evaluating...
09/05/2026,06:22:03: 	Train Loss: 3429475.7500 (base: 304.4116, kd: 6858.3428), Elapsed: train 2.77 test 0.26 *
09/05/2026,06:22:03: 	Recall@10: 0.06322 Recall@20: 0.09276 NDCG@10: 0.03882 NDCG@20: 0.04697 
09/05/2026,06:22:03: 	Recall@10: 0.02682 Recall@20: 0.04128 NDCG@10: 0.01505 NDCG@20: 0.01895 
09/05/2026,06:22:03: Epoch [72/1000]
09/05/2026,06:22:03: Negative sampling...
09/05/2026,06:22:04: Model's personal time...
09/05/2026,06:22:04: Model diagnostics: arce_anchor_count_mean=31.910902, arce_blocker_budget_mean=18.089098, arce_blocker_entropy_mean=4.907293, arce_gamma_effective_beta=2.273854, arce_gamma_max=0.456735, arce_gamma_mean=0.167790, arce_gamma_min=0.104197, arce_gamma_mode=teacher_mass_calibrated, arce_gamma_std=0.047322, arce_sample_gamma_mean=0.167790, arce_sampled_teacher_overlap_mean=0.638218, arce_teacher_missing_mass_mean=0.199745, arce_teacher_missing_mass_std=0.112610
09/05/2026,06:22:04: Training...
09/05/2026,06:22:06: Evaluating...
09/05/2026,06:22:06: 	Train Loss: 3430126.0000 (base: 302.0746, kd: 6859.6479), Elapsed: train 2.56 test 0.27
09/05/2026,06:22:06: 	Recall@10: 0.06376 Recall@20: 0.09225 NDCG@10: 0.03907 NDCG@20: 0.04689 
09/05/2026,06:22:06: 	Recall@10: 0.02662 Recall@20: 0.04083 NDCG@10: 0.01503 NDCG@20: 0.01890 
09/05/2026,06:22:06: Epoch [73/1000]
09/05/2026,06:22:06: Negative sampling...
09/05/2026,06:22:07: Model's personal time...
09/05/2026,06:22:07: Model diagnostics: arce_anchor_count_mean=31.988119, arce_blocker_budget_mean=18.011879, arce_blocker_entropy_mean=4.905033, arce_gamma_effective_beta=2.276339, arce_gamma_max=0.466793, arce_gamma_mean=0.166969, arce_gamma_min=0.104102, arce_gamma_mode=teacher_mass_calibrated, arce_gamma_std=0.046918, arce_sample_gamma_mean=0.166969, arce_sampled_teacher_overlap_mean=0.639762, arce_teacher_missing_mass_mean=0.198563, arce_teacher_missing_mass_std=0.112135
09/05/2026,06:22:07: Training...
09/05/2026,06:22:08: Evaluating...
09/05/2026,06:22:09: 	Train Loss: 3429933.7500 (base: 297.9350, kd: 6859.2710), Elapsed: train 2.67 test 0.27
09/05/2026,06:22:09: 	Recall@10: 0.06357 Recall@20: 0.09185 NDCG@10: 0.03868 NDCG@20: 0.04653 
09/05/2026,06:22:09: 	Recall@10: 0.02663 Recall@20: 0.04123 NDCG@10: 0.01492 NDCG@20: 0.01888 
09/05/2026,06:22:09: Epoch [74/1000]
09/05/2026,06:22:09: Negative sampling...
09/05/2026,06:22:10: Model's personal time...
09/05/2026,06:22:10: Model diagnostics: arce_anchor_count_mean=32.058632, arce_blocker_budget_mean=17.941368, arce_blocker_entropy_mean=4.902782, arce_gamma_effective_beta=2.279106, arce_gamma_max=0.455119, arce_gamma_mean=0.166149, arce_gamma_min=0.103663, arce_gamma_mode=teacher_mass_calibrated, arce_gamma_std=0.046575, arce_sample_gamma_mean=0.166149, arce_sampled_teacher_overlap_mean=0.641173, arce_teacher_missing_mass_mean=0.197463, arce_teacher_missing_mass_std=0.111653
09/05/2026,06:22:10: Training...
09/05/2026,06:22:11: Evaluating...
09/05/2026,06:22:12: 	Train Loss: 3430082.0000 (base: 296.0728, kd: 6859.5713), Elapsed: train 2.74 test 0.33
09/05/2026,06:22:12: 	Recall@10: 0.06373 Recall@20: 0.09228 NDCG@10: 0.03881 NDCG@20: 0.04668 
09/05/2026,06:22:12: 	Recall@10: 0.02687 Recall@20: 0.04149 NDCG@10: 0.01512 NDCG@20: 0.01911 
09/05/2026,06:22:12: Epoch [75/1000]
09/05/2026,06:22:12: Negative sampling...
09/05/2026,06:22:13: Model's personal time...
09/05/2026,06:22:13: Model diagnostics: arce_anchor_count_mean=32.135658, arce_blocker_budget_mean=17.864342, arce_blocker_entropy_mean=4.900624, arce_gamma_effective_beta=2.280982, arce_gamma_max=0.474149, arce_gamma_mean=0.165342, arce_gamma_min=0.103623, arce_gamma_mode=teacher_mass_calibrated, arce_gamma_std=0.046108, arce_sample_gamma_mean=0.165342, arce_sampled_teacher_overlap_mean=0.642713, arce_teacher_missing_mass_mean=0.196126, arce_teacher_missing_mass_std=0.111067
09/05/2026,06:22:13: Training...
09/05/2026,06:22:14: Evaluating...
09/05/2026,06:22:15: 	Train Loss: 3430054.5000 (base: 292.3479, kd: 6859.5239), Elapsed: train 2.53 test 0.36 *
09/05/2026,06:22:15: 	Recall@10: 0.06389 Recall@20: 0.09275 NDCG@10: 0.03906 NDCG@20: 0.04700 
09/05/2026,06:22:15: 	Recall@10: 0.02677 Recall@20: 0.04169 NDCG@10: 0.01510 NDCG@20: 0.01913 
09/05/2026,06:22:15: Epoch [76/1000]
09/05/2026,06:22:15: Negative sampling...
09/05/2026,06:22:16: Model's personal time...
09/05/2026,06:22:16: Model diagnostics: arce_anchor_count_mean=32.209427, arce_blocker_budget_mean=17.790573, arce_blocker_entropy_mean=4.897901, arce_gamma_effective_beta=2.283069, arce_gamma_max=0.473826, arce_gamma_mean=0.164551, arce_gamma_min=0.103246, arce_gamma_mode=teacher_mass_calibrated, arce_gamma_std=0.045714, arce_sample_gamma_mean=0.164551, arce_sampled_teacher_overlap_mean=0.644189, arce_teacher_missing_mass_mean=0.194865, arce_teacher_missing_mass_std=0.110570
09/05/2026,06:22:16: Training...
09/05/2026,06:22:18: Evaluating...
09/05/2026,06:22:18: 	Train Loss: 3430702.2500 (base: 290.2205, kd: 6860.8237), Elapsed: train 2.93 test 0.27
09/05/2026,06:22:18: 	Recall@10: 0.06474 Recall@20: 0.09259 NDCG@10: 0.03921 NDCG@20: 0.04686 
09/05/2026,06:22:18: 	Recall@10: 0.02715 Recall@20: 0.04123 NDCG@10: 0.01521 NDCG@20: 0.01901 
09/05/2026,06:22:18: Epoch [77/1000]
09/05/2026,06:22:18: Negative sampling...
09/05/2026,06:22:19: Model's personal time...
09/05/2026,06:22:19: Model diagnostics: arce_anchor_count_mean=32.286835, arce_blocker_budget_mean=17.713163, arce_blocker_entropy_mean=4.895564, arce_gamma_effective_beta=2.286040, arce_gamma_max=0.473366, arce_gamma_mean=0.163665, arce_gamma_min=0.102941, arce_gamma_mode=teacher_mass_calibrated, arce_gamma_std=0.045327, arce_sample_gamma_mean=0.163665, arce_sampled_teacher_overlap_mean=0.645737, arce_teacher_missing_mass_mean=0.193646, arce_teacher_missing_mass_std=0.110041
09/05/2026,06:22:19: Training...
09/05/2026,06:22:20: Evaluating...
09/05/2026,06:22:21: 	Train Loss: 3430097.0000 (base: 287.3454, kd: 6859.6196), Elapsed: train 2.47 test 0.25 *
09/05/2026,06:22:21: 	Recall@10: 0.06413 Recall@20: 0.09341 NDCG@10: 0.03930 NDCG@20: 0.04734 
09/05/2026,06:22:21: 	Recall@10: 0.02657 Recall@20: 0.04122 NDCG@10: 0.01501 NDCG@20: 0.01901 
09/05/2026,06:22:21: Epoch [78/1000]
09/05/2026,06:22:21: Negative sampling...
09/05/2026,06:22:22: Model's personal time...
09/05/2026,06:22:22: Model diagnostics: arce_anchor_count_mean=32.361565, arce_blocker_budget_mean=17.638435, arce_blocker_entropy_mean=4.893319, arce_gamma_effective_beta=2.288663, arce_gamma_max=0.472959, arce_gamma_mean=0.162865, arce_gamma_min=0.102835, arce_gamma_mode=teacher_mass_calibrated, arce_gamma_std=0.044909, arce_sample_gamma_mean=0.162865, arce_sampled_teacher_overlap_mean=0.647231, arce_teacher_missing_mass_mean=0.192538, arce_teacher_missing_mass_std=0.109534
09/05/2026,06:22:22: Training...
09/05/2026,06:22:23: Evaluating...
09/05/2026,06:22:24: 	Train Loss: 3430139.2500 (base: 285.6259, kd: 6859.7080), Elapsed: train 2.78 test 0.33
09/05/2026,06:22:24: 	Recall@10: 0.06443 Recall@20: 0.09359 NDCG@10: 0.03924 NDCG@20: 0.04727 
09/05/2026,06:22:24: 	Recall@10: 0.02675 Recall@20: 0.04113 NDCG@10: 0.01512 NDCG@20: 0.01903 
09/05/2026,06:22:24: Epoch [79/1000]
09/05/2026,06:22:24: Negative sampling...
09/05/2026,06:22:25: Model's personal time...
09/05/2026,06:22:25: Model diagnostics: arce_anchor_count_mean=32.426903, arce_blocker_budget_mean=17.573097, arce_blocker_entropy_mean=4.890554, arce_gamma_effective_beta=2.290339, arce_gamma_max=0.420660, arce_gamma_mean=0.162114, arce_gamma_min=0.102511, arce_gamma_mode=teacher_mass_calibrated, arce_gamma_std=0.044332, arce_sample_gamma_mean=0.162114, arce_sampled_teacher_overlap_mean=0.648538, arce_teacher_missing_mass_mean=0.191297, arce_teacher_missing_mass_std=0.108812
09/05/2026,06:22:25: Training...
09/05/2026,06:22:26: Evaluating...
09/05/2026,06:22:27: 	Train Loss: 3430199.5000 (base: 280.9640, kd: 6859.8364), Elapsed: train 2.59 test 0.26 *
09/05/2026,06:22:27: 	Recall@10: 0.06559 Recall@20: 0.09404 NDCG@10: 0.03970 NDCG@20: 0.04747 
09/05/2026,06:22:27: 	Recall@10: 0.02651 Recall@20: 0.04092 NDCG@10: 0.01492 NDCG@20: 0.01886 
09/05/2026,06:22:27: Epoch [80/1000]
09/05/2026,06:22:27: Negative sampling...
09/05/2026,06:22:28: Model's personal time...
09/05/2026,06:22:28: Model diagnostics: arce_anchor_count_mean=32.509869, arce_blocker_budget_mean=17.490131, arce_blocker_entropy_mean=4.887987, arce_gamma_effective_beta=2.292920, arce_gamma_max=0.420249, arce_gamma_mean=0.161321, arce_gamma_min=0.102248, arce_gamma_mode=teacher_mass_calibrated, arce_gamma_std=0.044069, arce_sample_gamma_mean=0.161321, arce_sampled_teacher_overlap_mean=0.650197, arce_teacher_missing_mass_mean=0.190109, arce_teacher_missing_mass_std=0.108517
09/05/2026,06:22:28: Training...
09/05/2026,06:22:29: Evaluating...
09/05/2026,06:22:29: 	Train Loss: 3431342.2500 (base: 281.0209, kd: 6862.1221), Elapsed: train 2.53 test 0.26 *
09/05/2026,06:22:29: 	Recall@10: 0.06526 Recall@20: 0.09422 NDCG@10: 0.03965 NDCG@20: 0.04751 
09/05/2026,06:22:29: 	Recall@10: 0.02693 Recall@20: 0.04101 NDCG@10: 0.01507 NDCG@20: 0.01890 
09/05/2026,06:22:29: Epoch [81/1000]
09/05/2026,06:22:29: Negative sampling...
09/05/2026,06:22:31: Model's personal time...
09/05/2026,06:22:31: Model diagnostics: arce_anchor_count_mean=32.563709, arce_blocker_budget_mean=17.436291, arce_blocker_entropy_mean=4.885577, arce_gamma_effective_beta=2.294922, arce_gamma_max=0.424400, arce_gamma_mean=0.160686, arce_gamma_min=0.102086, arce_gamma_mode=teacher_mass_calibrated, arce_gamma_std=0.043753, arce_sample_gamma_mean=0.160686, arce_sampled_teacher_overlap_mean=0.651274, arce_teacher_missing_mass_mean=0.189185, arce_teacher_missing_mass_std=0.108093
09/05/2026,06:22:31: Training...
09/05/2026,06:22:32: Evaluating...
09/05/2026,06:22:32: 	Train Loss: 3430649.0000 (base: 277.5366, kd: 6860.7437), Elapsed: train 2.38 test 0.29 *
09/05/2026,06:22:32: 	Recall@10: 0.06592 Recall@20: 0.09427 NDCG@10: 0.03998 NDCG@20: 0.04778 
09/05/2026,06:22:32: 	Recall@10: 0.02687 Recall@20: 0.04067 NDCG@10: 0.01520 NDCG@20: 0.01898 
09/05/2026,06:22:32: Epoch [82/1000]
09/05/2026,06:22:32: Negative sampling...
09/05/2026,06:22:33: Model's personal time...
09/05/2026,06:22:33: Model diagnostics: arce_anchor_count_mean=32.633072, arce_blocker_budget_mean=17.366928, arce_blocker_entropy_mean=4.882839, arce_gamma_effective_beta=2.297343, arce_gamma_max=0.424016, arce_gamma_mean=0.160028, arce_gamma_min=0.101791, arce_gamma_mode=teacher_mass_calibrated, arce_gamma_std=0.043658, arce_sample_gamma_mean=0.160028, arce_sampled_teacher_overlap_mean=0.652661, arce_teacher_missing_mass_mean=0.188247, arce_teacher_missing_mass_std=0.107930
09/05/2026,06:22:33: Training...
09/05/2026,06:22:35: Evaluating...
09/05/2026,06:22:35: 	Train Loss: 3430934.5000 (base: 273.2403, kd: 6861.3228), Elapsed: train 2.50 test 0.33
09/05/2026,06:22:35: 	Recall@10: 0.06571 Recall@20: 0.09407 NDCG@10: 0.03966 NDCG@20: 0.04744 
09/05/2026,06:22:35: 	Recall@10: 0.02654 Recall@20: 0.04059 NDCG@10: 0.01489 NDCG@20: 0.01876 
09/05/2026,06:22:35: Epoch [83/1000]
09/05/2026,06:22:35: Negative sampling...
09/05/2026,06:22:36: Model's personal time...
09/05/2026,06:22:36: Model diagnostics: arce_anchor_count_mean=32.689022, arce_blocker_budget_mean=17.310980, arce_blocker_entropy_mean=4.881533, arce_gamma_effective_beta=2.299085, arce_gamma_max=0.423741, arce_gamma_mean=0.159357, arce_gamma_min=0.100351, arce_gamma_mode=teacher_mass_calibrated, arce_gamma_std=0.043136, arce_sample_gamma_mean=0.159357, arce_sampled_teacher_overlap_mean=0.653780, arce_teacher_missing_mass_mean=0.187211, arce_teacher_missing_mass_std=0.107240
09/05/2026,06:22:36: Training...
09/05/2026,06:22:38: Evaluating...
09/05/2026,06:22:38: 	Train Loss: 3430755.2500 (base: 272.0133, kd: 6860.9668), Elapsed: train 2.64 test 0.28
09/05/2026,06:22:38: 	Recall@10: 0.06534 Recall@20: 0.09465 NDCG@10: 0.03934 NDCG@20: 0.04742 
09/05/2026,06:22:38: 	Recall@10: 0.02592 Recall@20: 0.04080 NDCG@10: 0.01490 NDCG@20: 0.01896 
09/05/2026,06:22:38: Epoch [84/1000]
09/05/2026,06:22:38: Negative sampling...
09/05/2026,06:22:39: Model's personal time...
09/05/2026,06:22:39: Model diagnostics: arce_anchor_count_mean=32.767197, arce_blocker_budget_mean=17.232803, arce_blocker_entropy_mean=4.877767, arce_gamma_effective_beta=2.301877, arce_gamma_max=0.423299, arce_gamma_mean=0.158549, arce_gamma_min=0.100823, arce_gamma_mode=teacher_mass_calibrated, arce_gamma_std=0.042784, arce_sample_gamma_mean=0.158549, arce_sampled_teacher_overlap_mean=0.655344, arce_teacher_missing_mass_mean=0.186078, arce_teacher_missing_mass_std=0.106759
09/05/2026,06:22:39: Training...
09/05/2026,06:22:40: Evaluating...
09/05/2026,06:22:41: 	Train Loss: 3431685.7500 (base: 270.7538, kd: 6862.8296), Elapsed: train 2.69 test 0.27
09/05/2026,06:22:41: 	Recall@10: 0.06596 Recall@20: 0.09467 NDCG@10: 0.03976 NDCG@20: 0.04767 
09/05/2026,06:22:41: 	Recall@10: 0.02577 Recall@20: 0.04054 NDCG@10: 0.01488 NDCG@20: 0.01893 
09/05/2026,06:22:41: Epoch [85/1000]
09/05/2026,06:22:41: Negative sampling...
09/05/2026,06:22:42: Model's personal time...
09/05/2026,06:22:42: Model diagnostics: arce_anchor_count_mean=32.826019, arce_blocker_budget_mean=17.173979, arce_blocker_entropy_mean=4.875576, arce_gamma_effective_beta=2.304056, arce_gamma_max=0.422955, arce_gamma_mean=0.157894, arce_gamma_min=0.100604, arce_gamma_mode=teacher_mass_calibrated, arce_gamma_std=0.042509, arce_sample_gamma_mean=0.157894, arce_sampled_teacher_overlap_mean=0.656520, arce_teacher_missing_mass_mean=0.185110, arce_teacher_missing_mass_std=0.106435
09/05/2026,06:22:42: Training...
09/05/2026,06:22:43: Evaluating...
09/05/2026,06:22:44: 	Train Loss: 3430814.5000 (base: 268.2977, kd: 6861.0918), Elapsed: train 2.60 test 0.31
09/05/2026,06:22:44: 	Recall@10: 0.06597 Recall@20: 0.09531 NDCG@10: 0.03955 NDCG@20: 0.04763 
09/05/2026,06:22:44: 	Recall@10: 0.02582 Recall@20: 0.04092 NDCG@10: 0.01489 NDCG@20: 0.01902 
09/05/2026,06:22:44: Epoch [86/1000]
09/05/2026,06:22:44: Negative sampling...
09/05/2026,06:22:45: Model's personal time...
09/05/2026,06:22:45: Model diagnostics: arce_anchor_count_mean=32.877754, arce_blocker_budget_mean=17.122246, arce_blocker_entropy_mean=4.872458, arce_gamma_effective_beta=2.306300, arce_gamma_max=0.422600, arce_gamma_mean=0.157280, arce_gamma_min=0.100937, arce_gamma_mode=teacher_mass_calibrated, arce_gamma_std=0.042181, arce_sample_gamma_mean=0.157279, arce_sampled_teacher_overlap_mean=0.657555, arce_teacher_missing_mass_mean=0.184315, arce_teacher_missing_mass_std=0.105938
09/05/2026,06:22:45: Training...
09/05/2026,06:22:46: Evaluating...
09/05/2026,06:22:47: 	Train Loss: 3431175.7500 (base: 266.0989, kd: 6861.8193), Elapsed: train 2.64 test 0.30
09/05/2026,06:22:47: 	Recall@10: 0.06662 Recall@20: 0.09508 NDCG@10: 0.03971 NDCG@20: 0.04755 
09/05/2026,06:22:47: 	Recall@10: 0.02584 Recall@20: 0.04019 NDCG@10: 0.01488 NDCG@20: 0.01886 
09/05/2026,06:22:47: Epoch [87/1000]
09/05/2026,06:22:47: Negative sampling...
09/05/2026,06:22:48: Model's personal time...
09/05/2026,06:22:48: Model diagnostics: arce_anchor_count_mean=32.958996, arce_blocker_budget_mean=17.041004, arce_blocker_entropy_mean=4.870621, arce_gamma_effective_beta=2.309027, arce_gamma_max=0.422170, arce_gamma_mean=0.156521, arce_gamma_min=0.100580, arce_gamma_mode=teacher_mass_calibrated, arce_gamma_std=0.041915, arce_sample_gamma_mean=0.156521, arce_sampled_teacher_overlap_mean=0.659180, arce_teacher_missing_mass_mean=0.183226, arce_teacher_missing_mass_std=0.105652
09/05/2026,06:22:48: Training...
09/05/2026,06:22:49: Evaluating...
09/05/2026,06:22:50: 	Train Loss: 3431084.7500 (base: 265.0174, kd: 6861.6387), Elapsed: train 2.73 test 0.27
09/05/2026,06:22:50: 	Recall@10: 0.06620 Recall@20: 0.09561 NDCG@10: 0.03965 NDCG@20: 0.04773 
09/05/2026,06:22:50: 	Recall@10: 0.02596 Recall@20: 0.04044 NDCG@10: 0.01490 NDCG@20: 0.01888 
09/05/2026,06:22:50: Epoch [88/1000]
09/05/2026,06:22:50: Negative sampling...
09/05/2026,06:22:51: Model's personal time...
09/05/2026,06:22:51: Model diagnostics: arce_anchor_count_mean=33.007664, arce_blocker_budget_mean=16.992336, arce_blocker_entropy_mean=4.867715, arce_gamma_effective_beta=2.310873, arce_gamma_max=0.407244, arce_gamma_mean=0.155977, arce_gamma_min=0.099923, arce_gamma_mode=teacher_mass_calibrated, arce_gamma_std=0.041646, arce_sample_gamma_mean=0.155977, arce_sampled_teacher_overlap_mean=0.660153, arce_teacher_missing_mass_mean=0.182444, arce_teacher_missing_mass_std=0.105288
09/05/2026,06:22:51: Training...
09/05/2026,06:22:53: Evaluating...
09/05/2026,06:22:53: 	Train Loss: 3431184.0000 (base: 263.7683, kd: 6861.8403), Elapsed: train 2.94 test 0.32
09/05/2026,06:22:53: 	Recall@10: 0.06582 Recall@20: 0.09544 NDCG@10: 0.03943 NDCG@20: 0.04763 
09/05/2026,06:22:53: 	Recall@10: 0.02615 Recall@20: 0.04077 NDCG@10: 0.01498 NDCG@20: 0.01897 
09/05/2026,06:22:53: Epoch [89/1000]
09/05/2026,06:22:53: Negative sampling...
09/05/2026,06:22:55: Model's personal time...
09/05/2026,06:22:55: Model diagnostics: arce_anchor_count_mean=33.076069, arce_blocker_budget_mean=16.923931, arce_blocker_entropy_mean=4.865551, arce_gamma_effective_beta=2.314533, arce_gamma_max=0.406664, arce_gamma_mean=0.155135, arce_gamma_min=0.099601, arce_gamma_mode=teacher_mass_calibrated, arce_gamma_std=0.041249, arce_sample_gamma_mean=0.155135, arce_sampled_teacher_overlap_mean=0.661521, arce_teacher_missing_mass_mean=0.181506, arce_teacher_missing_mass_std=0.104716
09/05/2026,06:22:55: Training...
09/05/2026,06:22:56: Evaluating...
09/05/2026,06:22:56: 	Train Loss: 3431508.7500 (base: 259.0068, kd: 6862.5000), Elapsed: train 2.79 test 0.28 *
09/05/2026,06:22:56: 	Recall@10: 0.06624 Recall@20: 0.09659 NDCG@10: 0.03945 NDCG@20: 0.04780 
09/05/2026,06:22:56: 	Recall@10: 0.02619 Recall@20: 0.04073 NDCG@10: 0.01492 NDCG@20: 0.01890 
09/05/2026,06:22:56: Epoch [90/1000]
09/05/2026,06:22:56: Negative sampling...
09/05/2026,06:22:57: Model's personal time...
09/05/2026,06:22:57: Model diagnostics: arce_anchor_count_mean=33.135082, arce_blocker_budget_mean=16.864916, arce_blocker_entropy_mean=4.863465, arce_gamma_effective_beta=2.316498, arce_gamma_max=0.396738, arce_gamma_mean=0.154582, arce_gamma_min=0.099364, arce_gamma_mode=teacher_mass_calibrated, arce_gamma_std=0.041075, arce_sample_gamma_mean=0.154582, arce_sampled_teacher_overlap_mean=0.662702, arce_teacher_missing_mass_mean=0.180684, arce_teacher_missing_mass_std=0.104502
09/05/2026,06:22:57: Training...
09/05/2026,06:22:58: Evaluating...
09/05/2026,06:22:59: 	Train Loss: 3431565.0000 (base: 258.5591, kd: 6862.6133), Elapsed: train 2.53 test 0.25 *
09/05/2026,06:22:59: 	Recall@10: 0.06666 Recall@20: 0.09636 NDCG@10: 0.03976 NDCG@20: 0.04792 
09/05/2026,06:22:59: 	Recall@10: 0.02596 Recall@20: 0.04077 NDCG@10: 0.01491 NDCG@20: 0.01897 
09/05/2026,06:22:59: Epoch [91/1000]
09/05/2026,06:22:59: Negative sampling...
09/05/2026,06:23:00: Model's personal time...
09/05/2026,06:23:00: Model diagnostics: arce_anchor_count_mean=33.193142, arce_blocker_budget_mean=16.806860, arce_blocker_entropy_mean=4.861856, arce_gamma_effective_beta=2.318771, arce_gamma_max=0.416162, arce_gamma_mean=0.153903, arce_gamma_min=0.098394, arce_gamma_mode=teacher_mass_calibrated, arce_gamma_std=0.040710, arce_sample_gamma_mean=0.153903, arce_sampled_teacher_overlap_mean=0.663863, arce_teacher_missing_mass_mean=0.179717, arce_teacher_missing_mass_std=0.103887
09/05/2026,06:23:00: Training...
09/05/2026,06:23:01: Evaluating...
09/05/2026,06:23:02: 	Train Loss: 3431919.0000 (base: 256.7842, kd: 6863.3237), Elapsed: train 2.49 test 0.29 *
09/05/2026,06:23:02: 	Recall@10: 0.06617 Recall@20: 0.09656 NDCG@10: 0.03986 NDCG@20: 0.04824 
09/05/2026,06:23:02: 	Recall@10: 0.02640 Recall@20: 0.04134 NDCG@10: 0.01503 NDCG@20: 0.01910 
09/05/2026,06:23:02: Epoch [92/1000]
09/05/2026,06:23:02: Negative sampling...
09/05/2026,06:23:03: Model's personal time...
09/05/2026,06:23:03: Model diagnostics: arce_anchor_count_mean=33.263268, arce_blocker_budget_mean=16.736731, arce_blocker_entropy_mean=4.859076, arce_gamma_effective_beta=2.321709, arce_gamma_max=0.395914, arce_gamma_mean=0.153153, arce_gamma_min=0.098106, arce_gamma_mode=teacher_mass_calibrated, arce_gamma_std=0.040352, arce_sample_gamma_mean=0.153153, arce_sampled_teacher_overlap_mean=0.665265, arce_teacher_missing_mass_mean=0.178739, arce_teacher_missing_mass_std=0.103425
09/05/2026,06:23:03: Training...
09/05/2026,06:23:04: Evaluating...
09/05/2026,06:23:05: 	Train Loss: 3431739.0000 (base: 255.4355, kd: 6862.9673), Elapsed: train 2.75 test 0.25
09/05/2026,06:23:05: 	Recall@10: 0.06657 Recall@20: 0.09639 NDCG@10: 0.03962 NDCG@20: 0.04785 
09/05/2026,06:23:05: 	Recall@10: 0.02617 Recall@20: 0.04114 NDCG@10: 0.01482 NDCG@20: 0.01893 
09/05/2026,06:23:05: Epoch [93/1000]
09/05/2026,06:23:05: Negative sampling...
09/05/2026,06:23:06: Model's personal time...
09/05/2026,06:23:06: Model diagnostics: arce_anchor_count_mean=33.322475, arce_blocker_budget_mean=16.677525, arce_blocker_entropy_mean=4.857542, arce_gamma_effective_beta=2.323596, arce_gamma_max=0.416498, arce_gamma_mean=0.152583, arce_gamma_min=0.097921, arce_gamma_mode=teacher_mass_calibrated, arce_gamma_std=0.040127, arce_sample_gamma_mean=0.152583, arce_sampled_teacher_overlap_mean=0.666449, arce_teacher_missing_mass_mean=0.177860, arce_teacher_missing_mass_std=0.103092
09/05/2026,06:23:06: Training...
09/05/2026,06:23:07: Evaluating...
09/05/2026,06:23:08: 	Train Loss: 3431787.2500 (base: 249.6273, kd: 6863.0752), Elapsed: train 2.79 test 0.28
09/05/2026,06:23:08: 	Recall@10: 0.06660 Recall@20: 0.09695 NDCG@10: 0.03967 NDCG@20: 0.04803 
09/05/2026,06:23:08: 	Recall@10: 0.02617 Recall@20: 0.04176 NDCG@10: 0.01494 NDCG@20: 0.01919 
09/05/2026,06:23:08: Epoch [94/1000]
09/05/2026,06:23:08: Negative sampling...
09/05/2026,06:23:09: Model's personal time...
09/05/2026,06:23:09: Model diagnostics: arce_anchor_count_mean=33.367695, arce_blocker_budget_mean=16.632305, arce_blocker_entropy_mean=4.854510, arce_gamma_effective_beta=2.325441, arce_gamma_max=0.393480, arce_gamma_mean=0.152081, arce_gamma_min=0.098482, arce_gamma_mode=teacher_mass_calibrated, arce_gamma_std=0.039925, arce_sample_gamma_mean=0.152081, arce_sampled_teacher_overlap_mean=0.667354, arce_teacher_missing_mass_mean=0.177142, arce_teacher_missing_mass_std=0.102821
09/05/2026,06:23:09: Training...
09/05/2026,06:23:10: Evaluating...
09/05/2026,06:23:11: 	Train Loss: 3432346.5000 (base: 250.9568, kd: 6864.1904), Elapsed: train 2.73 test 0.30
09/05/2026,06:23:11: 	Recall@10: 0.06659 Recall@20: 0.09680 NDCG@10: 0.03987 NDCG@20: 0.04809 
09/05/2026,06:23:11: 	Recall@10: 0.02655 Recall@20: 0.04153 NDCG@10: 0.01495 NDCG@20: 0.01907 
09/05/2026,06:23:11: Epoch [95/1000]
09/05/2026,06:23:11: Negative sampling...
09/05/2026,06:23:12: Model's personal time...
09/05/2026,06:23:12: Model diagnostics: arce_anchor_count_mean=33.437439, arce_blocker_budget_mean=16.562559, arce_blocker_entropy_mean=4.853690, arce_gamma_effective_beta=2.328383, arce_gamma_max=0.405549, arce_gamma_mean=0.151350, arce_gamma_min=0.097453, arce_gamma_mode=teacher_mass_calibrated, arce_gamma_std=0.039614, arce_sample_gamma_mean=0.151350, arce_sampled_teacher_overlap_mean=0.668749, arce_teacher_missing_mass_mean=0.176191, arce_teacher_missing_mass_std=0.102377
09/05/2026,06:23:12: Training...
09/05/2026,06:23:13: Evaluating...
09/05/2026,06:23:14: 	Train Loss: 3432178.7500 (base: 249.4364, kd: 6863.8589), Elapsed: train 2.58 test 0.34
09/05/2026,06:23:14: 	Recall@10: 0.06650 Recall@20: 0.09704 NDCG@10: 0.03973 NDCG@20: 0.04808 
09/05/2026,06:23:14: 	Recall@10: 0.02649 Recall@20: 0.04203 NDCG@10: 0.01494 NDCG@20: 0.01917 
09/05/2026,06:23:14: Epoch [96/1000]
09/05/2026,06:23:14: Negative sampling...
09/05/2026,06:23:15: Model's personal time...
09/05/2026,06:23:15: Model diagnostics: arce_anchor_count_mean=33.497986, arce_blocker_budget_mean=16.502012, arce_blocker_entropy_mean=4.849842, arce_gamma_effective_beta=2.329917, arce_gamma_max=0.392774, arce_gamma_mean=0.150808, arce_gamma_min=0.098342, arce_gamma_mode=teacher_mass_calibrated, arce_gamma_std=0.039395, arce_sample_gamma_mean=0.150808, arce_sampled_teacher_overlap_mean=0.669960, arce_teacher_missing_mass_mean=0.175247, arce_teacher_missing_mass_std=0.102095
09/05/2026,06:23:15: Training...
09/05/2026,06:23:16: Evaluating...
09/05/2026,06:23:16: 	Train Loss: 3432469.5000 (base: 247.4689, kd: 6864.4438), Elapsed: train 2.66 test 0.26
09/05/2026,06:23:16: 	Recall@10: 0.06599 Recall@20: 0.09668 NDCG@10: 0.03945 NDCG@20: 0.04796 
09/05/2026,06:23:16: 	Recall@10: 0.02610 Recall@20: 0.04139 NDCG@10: 0.01478 NDCG@20: 0.01897 
09/05/2026,06:23:16: Epoch [97/1000]
09/05/2026,06:23:16: Negative sampling...
09/05/2026,06:23:18: Model's personal time...
09/05/2026,06:23:18: Model diagnostics: arce_anchor_count_mean=33.560261, arce_blocker_budget_mean=16.439739, arce_blocker_entropy_mean=4.849044, arce_gamma_effective_beta=2.332746, arce_gamma_max=0.391293, arce_gamma_mean=0.150134, arce_gamma_min=0.097029, arce_gamma_mode=teacher_mass_calibrated, arce_gamma_std=0.039138, arce_sample_gamma_mean=0.150134, arce_sampled_teacher_overlap_mean=0.671205, arce_teacher_missing_mass_mean=0.174397, arce_teacher_missing_mass_std=0.101673
09/05/2026,06:23:18: Training...
09/05/2026,06:23:19: Evaluating...
09/05/2026,06:23:19: 	Train Loss: 3432539.2500 (base: 242.9314, kd: 6864.5923), Elapsed: train 2.37 test 0.27 *
09/05/2026,06:23:19: 	Recall@10: 0.06643 Recall@20: 0.09748 NDCG@10: 0.03995 NDCG@20: 0.04845 
09/05/2026,06:23:19: 	Recall@10: 0.02759 Recall@20: 0.04157 NDCG@10: 0.01523 NDCG@20: 0.01906 
09/05/2026,06:23:19: Epoch [98/1000]
09/05/2026,06:23:19: Negative sampling...
09/05/2026,06:23:20: Model's personal time...
09/05/2026,06:23:20: Model diagnostics: arce_anchor_count_mean=33.601837, arce_blocker_budget_mean=16.398161, arce_blocker_entropy_mean=4.846317, arce_gamma_effective_beta=2.334434, arce_gamma_max=0.381703, arce_gamma_mean=0.149671, arce_gamma_min=0.096865, arce_gamma_mode=teacher_mass_calibrated, arce_gamma_std=0.038964, arce_sample_gamma_mean=0.149671, arce_sampled_teacher_overlap_mean=0.672037, arce_teacher_missing_mass_mean=0.173719, arce_teacher_missing_mass_std=0.101380
09/05/2026,06:23:20: Training...
09/05/2026,06:23:22: Evaluating...
09/05/2026,06:23:22: 	Train Loss: 3432105.7500 (base: 244.2299, kd: 6863.7227), Elapsed: train 2.48 test 0.25
09/05/2026,06:23:22: 	Recall@10: 0.06664 Recall@20: 0.09716 NDCG@10: 0.03977 NDCG@20: 0.04817 
09/05/2026,06:23:22: 	Recall@10: 0.02718 Recall@20: 0.04158 NDCG@10: 0.01513 NDCG@20: 0.01905 
09/05/2026,06:23:22: Epoch [99/1000]
09/05/2026,06:23:22: Negative sampling...
09/05/2026,06:23:23: Model's personal time...
09/05/2026,06:23:23: Model diagnostics: arce_anchor_count_mean=33.648785, arce_blocker_budget_mean=16.351217, arce_blocker_entropy_mean=4.845335, arce_gamma_effective_beta=2.336263, arce_gamma_max=0.381415, arce_gamma_mean=0.149159, arce_gamma_min=0.096688, arce_gamma_mode=teacher_mass_calibrated, arce_gamma_std=0.038701, arce_sample_gamma_mean=0.149159, arce_sampled_teacher_overlap_mean=0.672976, arce_teacher_missing_mass_mean=0.172973, arce_teacher_missing_mass_std=0.101010
09/05/2026,06:23:23: Training...
09/05/2026,06:23:24: Evaluating...
09/05/2026,06:23:25: 	Train Loss: 3432715.7500 (base: 239.2617, kd: 6864.9526), Elapsed: train 2.43 test 0.31
09/05/2026,06:23:25: 	Recall@10: 0.06730 Recall@20: 0.09712 NDCG@10: 0.04015 NDCG@20: 0.04832 
09/05/2026,06:23:25: 	Recall@10: 0.02784 Recall@20: 0.04173 NDCG@10: 0.01534 NDCG@20: 0.01915 
09/05/2026,06:23:25: Epoch [100/1000]
09/05/2026,06:23:25: Negative sampling...
09/05/2026,06:23:26: Model's personal time...
09/05/2026,06:23:26: Model diagnostics: arce_anchor_count_mean=33.709908, arce_blocker_budget_mean=16.290094, arce_blocker_entropy_mean=4.842191, arce_gamma_effective_beta=2.338279, arce_gamma_max=0.391459, arce_gamma_mean=0.148609, arce_gamma_min=0.097230, arce_gamma_mode=teacher_mass_calibrated, arce_gamma_std=0.038565, arce_sample_gamma_mean=0.148609, arce_sampled_teacher_overlap_mean=0.674198, arce_teacher_missing_mass_mean=0.172130, arce_teacher_missing_mass_std=0.100780
09/05/2026,06:23:26: Training...
09/05/2026,06:23:27: Evaluating...
09/05/2026,06:23:27: 	Train Loss: 3433298.7500 (base: 237.3138, kd: 6866.1235), Elapsed: train 2.45 test 0.30
09/05/2026,06:23:27: 	Recall@10: 0.06699 Recall@20: 0.09682 NDCG@10: 0.03986 NDCG@20: 0.04809 
09/05/2026,06:23:27: 	Recall@10: 0.02683 Recall@20: 0.04137 NDCG@10: 0.01496 NDCG@20: 0.01898 
09/05/2026,06:23:27: Epoch [101/1000]
09/05/2026,06:23:27: Negative sampling...
09/05/2026,06:23:29: Model's personal time...
09/05/2026,06:23:29: Model diagnostics: arce_anchor_count_mean=33.756851, arce_blocker_budget_mean=16.243151, arce_blocker_entropy_mean=4.842360, arce_gamma_effective_beta=2.340288, arce_gamma_max=0.380782, arce_gamma_mean=0.148097, arce_gamma_min=0.096300, arce_gamma_mode=teacher_mass_calibrated, arce_gamma_std=0.038327, arce_sample_gamma_mean=0.148097, arce_sampled_teacher_overlap_mean=0.675137, arce_teacher_missing_mass_mean=0.171428, arce_teacher_missing_mass_std=0.100462
09/05/2026,06:23:29: Training...
09/05/2026,06:23:30: Evaluating...
09/05/2026,06:23:30: 	Train Loss: 3433635.5000 (base: 236.4251, kd: 6866.7983), Elapsed: train 2.82 test 0.31
09/05/2026,06:23:30: 	Recall@10: 0.06705 Recall@20: 0.09653 NDCG@10: 0.03983 NDCG@20: 0.04796 
09/05/2026,06:23:30: 	Recall@10: 0.02734 Recall@20: 0.04172 NDCG@10: 0.01509 NDCG@20: 0.01902 
09/05/2026,06:23:30: Epoch [102/1000]
09/05/2026,06:23:30: Negative sampling...
09/05/2026,06:23:32: Model's personal time...
09/05/2026,06:23:32: Model diagnostics: arce_anchor_count_mean=33.813564, arce_blocker_budget_mean=16.186434, arce_blocker_entropy_mean=4.837791, arce_gamma_effective_beta=2.342503, arce_gamma_max=0.380435, arce_gamma_mean=0.147511, arce_gamma_min=0.096822, arce_gamma_mode=teacher_mass_calibrated, arce_gamma_std=0.038059, arce_sample_gamma_mean=0.147511, arce_sampled_teacher_overlap_mean=0.676271, arce_teacher_missing_mass_mean=0.170592, arce_teacher_missing_mass_std=0.100075
09/05/2026,06:23:32: Training...
09/05/2026,06:23:33: Evaluating...
09/05/2026,06:23:33: 	Train Loss: 3433112.0000 (base: 234.7635, kd: 6865.7549), Elapsed: train 2.54 test 0.29
09/05/2026,06:23:33: 	Recall@10: 0.06662 Recall@20: 0.09780 NDCG@10: 0.03978 NDCG@20: 0.04833 
09/05/2026,06:23:33: 	Recall@10: 0.02743 Recall@20: 0.04187 NDCG@10: 0.01514 NDCG@20: 0.01906 
09/05/2026,06:23:33: Epoch [103/1000]
09/05/2026,06:23:33: Negative sampling...
09/05/2026,06:23:35: Model's personal time...
09/05/2026,06:23:35: Model diagnostics: arce_anchor_count_mean=33.851505, arce_blocker_budget_mean=16.148497, arce_blocker_entropy_mean=4.835038, arce_gamma_effective_beta=2.344042, arce_gamma_max=0.380193, arce_gamma_mean=0.147150, arce_gamma_min=0.096673, arce_gamma_mode=teacher_mass_calibrated, arce_gamma_std=0.038028, arce_sample_gamma_mean=0.147150, arce_sampled_teacher_overlap_mean=0.677030, arce_teacher_missing_mass_mean=0.170074, arce_teacher_missing_mass_std=0.100032
09/05/2026,06:23:35: Training...
09/05/2026,06:23:36: Evaluating...
09/05/2026,06:23:36: 	Train Loss: 3433701.2500 (base: 234.7831, kd: 6866.9321), Elapsed: train 2.55 test 0.35
09/05/2026,06:23:36: 	Recall@10: 0.06725 Recall@20: 0.09682 NDCG@10: 0.04032 NDCG@20: 0.04841 
09/05/2026,06:23:36: 	Recall@10: 0.02762 Recall@20: 0.04202 NDCG@10: 0.01516 NDCG@20: 0.01908 
09/05/2026,06:23:36: Epoch [104/1000]
09/05/2026,06:23:36: Negative sampling...
09/05/2026,06:23:38: Model's personal time...
09/05/2026,06:23:38: Model diagnostics: arce_anchor_count_mean=33.910519, arce_blocker_budget_mean=16.089481, arce_blocker_entropy_mean=4.834468, arce_gamma_effective_beta=2.346894, arce_gamma_max=0.379746, arce_gamma_mean=0.146547, arce_gamma_min=0.095666, arce_gamma_mode=teacher_mass_calibrated, arce_gamma_std=0.037862, arce_sample_gamma_mean=0.146547, arce_sampled_teacher_overlap_mean=0.678210, arce_teacher_missing_mass_mean=0.169351, arce_teacher_missing_mass_std=0.099833
09/05/2026,06:23:38: Training...
09/05/2026,06:23:39: Evaluating...
09/05/2026,06:23:39: 	Train Loss: 3433672.0000 (base: 235.2373, kd: 6866.8735), Elapsed: train 2.69 test 0.26 *
09/05/2026,06:23:39: 	Recall@10: 0.06727 Recall@20: 0.09791 NDCG@10: 0.04018 NDCG@20: 0.04853 
09/05/2026,06:23:39: 	Recall@10: 0.02676 Recall@20: 0.04162 NDCG@10: 0.01486 NDCG@20: 0.01890 
09/05/2026,06:23:39: Epoch [105/1000]
09/05/2026,06:23:39: Negative sampling...
09/05/2026,06:23:40: Model's personal time...
09/05/2026,06:23:41: Model diagnostics: arce_anchor_count_mean=33.964169, arce_blocker_budget_mean=16.035830, arce_blocker_entropy_mean=4.830710, arce_gamma_effective_beta=2.349380, arce_gamma_max=0.379357, arce_gamma_mean=0.146024, arce_gamma_min=0.096160, arce_gamma_mode=teacher_mass_calibrated, arce_gamma_std=0.037735, arce_sample_gamma_mean=0.146024, arce_sampled_teacher_overlap_mean=0.679283, arce_teacher_missing_mass_mean=0.168706, arce_teacher_missing_mass_std=0.099731
09/05/2026,06:23:41: Training...
09/05/2026,06:23:42: Evaluating...
09/05/2026,06:23:42: 	Train Loss: 3434503.7500 (base: 232.1352, kd: 6868.5435), Elapsed: train 2.36 test 0.29
09/05/2026,06:23:42: 	Recall@10: 0.06762 Recall@20: 0.09749 NDCG@10: 0.04039 NDCG@20: 0.04852 
09/05/2026,06:23:42: 	Recall@10: 0.02632 Recall@20: 0.04240 NDCG@10: 0.01471 NDCG@20: 0.01909 
09/05/2026,06:23:42: Epoch [106/1000]
09/05/2026,06:23:42: Negative sampling...
09/05/2026,06:23:43: Model's personal time...
09/05/2026,06:23:43: Model diagnostics: arce_anchor_count_mean=34.016285, arce_blocker_budget_mean=15.983713, arce_blocker_entropy_mean=4.828033, arce_gamma_effective_beta=2.351693, arce_gamma_max=0.389358, arce_gamma_mean=0.145443, arce_gamma_min=0.095939, arce_gamma_mode=teacher_mass_calibrated, arce_gamma_std=0.037455, arce_sample_gamma_mean=0.145443, arce_sampled_teacher_overlap_mean=0.680326, arce_teacher_missing_mass_mean=0.167915, arce_teacher_missing_mass_std=0.099268
09/05/2026,06:23:43: Training...
09/05/2026,06:23:44: Evaluating...
09/05/2026,06:23:45: 	Train Loss: 3434639.0000 (base: 228.9059, kd: 6868.8198), Elapsed: train 2.52 test 0.29 *
09/05/2026,06:23:45: 	Recall@10: 0.06732 Recall@20: 0.09758 NDCG@10: 0.04036 NDCG@20: 0.04871 
09/05/2026,06:23:45: 	Recall@10: 0.02706 Recall@20: 0.04213 NDCG@10: 0.01487 NDCG@20: 0.01897 
09/05/2026,06:23:45: Epoch [107/1000]
09/05/2026,06:23:45: Negative sampling...
09/05/2026,06:23:46: Model's personal time...
09/05/2026,06:23:46: Model diagnostics: arce_anchor_count_mean=34.053650, arce_blocker_budget_mean=15.946350, arce_blocker_entropy_mean=4.828774, arce_gamma_effective_beta=2.353582, arce_gamma_max=0.389063, arce_gamma_mean=0.145017, arce_gamma_min=0.095028, arce_gamma_mode=teacher_mass_calibrated, arce_gamma_std=0.037220, arce_sample_gamma_mean=0.145017, arce_sampled_teacher_overlap_mean=0.681073, arce_teacher_missing_mass_mean=0.167406, arce_teacher_missing_mass_std=0.098941
09/05/2026,06:23:46: Training...
09/05/2026,06:23:47: Evaluating...
09/05/2026,06:23:47: 	Train Loss: 3434361.5000 (base: 226.1640, kd: 6868.2710), Elapsed: train 2.54 test 0.28
09/05/2026,06:23:47: 	Recall@10: 0.06780 Recall@20: 0.09801 NDCG@10: 0.04015 NDCG@20: 0.04839 
09/05/2026,06:23:47: 	Recall@10: 0.02732 Recall@20: 0.04225 NDCG@10: 0.01508 NDCG@20: 0.01912 
09/05/2026,06:23:47: Epoch [108/1000]
09/05/2026,06:23:47: Negative sampling...
09/05/2026,06:23:49: Model's personal time...
09/05/2026,06:23:49: Model diagnostics: arce_anchor_count_mean=34.102894, arce_blocker_budget_mean=15.897106, arce_blocker_entropy_mean=4.824203, arce_gamma_effective_beta=2.355514, arce_gamma_max=0.388762, arce_gamma_mean=0.144543, arce_gamma_min=0.095574, arce_gamma_mode=teacher_mass_calibrated, arce_gamma_std=0.037048, arce_sample_gamma_mean=0.144543, arce_sampled_teacher_overlap_mean=0.682058, arce_teacher_missing_mass_mean=0.166737, arce_teacher_missing_mass_std=0.098683
09/05/2026,06:23:49: Training...
09/05/2026,06:23:50: Evaluating...
09/05/2026,06:23:50: 	Train Loss: 3434526.0000 (base: 227.4451, kd: 6868.5977), Elapsed: train 2.65 test 0.30 *
09/05/2026,06:23:50: 	Recall@10: 0.06807 Recall@20: 0.09854 NDCG@10: 0.04056 NDCG@20: 0.04886 
09/05/2026,06:23:50: 	Recall@10: 0.02694 Recall@20: 0.04250 NDCG@10: 0.01504 NDCG@20: 0.01924 
09/05/2026,06:23:50: Epoch [109/1000]
09/05/2026,06:23:50: Negative sampling...
09/05/2026,06:23:52: Model's personal time...
09/05/2026,06:23:52: Model diagnostics: arce_anchor_count_mean=34.147728, arce_blocker_budget_mean=15.852270, arce_blocker_entropy_mean=4.822459, arce_gamma_effective_beta=2.357338, arce_gamma_max=0.388478, arce_gamma_mean=0.144087, arce_gamma_min=0.094672, arce_gamma_mode=teacher_mass_calibrated, arce_gamma_std=0.036892, arce_sample_gamma_mean=0.144087, arce_sampled_teacher_overlap_mean=0.682955, arce_teacher_missing_mass_mean=0.166080, arce_teacher_missing_mass_std=0.098428
09/05/2026,06:23:52: Training...
09/05/2026,06:23:53: Evaluating...
09/05/2026,06:23:53: 	Train Loss: 3435168.5000 (base: 224.0829, kd: 6869.8887), Elapsed: train 2.68 test 0.35
09/05/2026,06:23:53: 	Recall@10: 0.06796 Recall@20: 0.09843 NDCG@10: 0.04029 NDCG@20: 0.04858 
09/05/2026,06:23:53: 	Recall@10: 0.02729 Recall@20: 0.04276 NDCG@10: 0.01496 NDCG@20: 0.01917 
09/05/2026,06:23:53: Epoch [110/1000]
09/05/2026,06:23:53: Negative sampling...
09/05/2026,06:23:55: Model's personal time...
09/05/2026,06:23:55: Model diagnostics: arce_anchor_count_mean=34.201187, arce_blocker_budget_mean=15.798812, arce_blocker_entropy_mean=4.820799, arce_gamma_effective_beta=2.359506, arce_gamma_max=0.398316, arce_gamma_mean=0.143614, arce_gamma_min=0.094467, arce_gamma_mode=teacher_mass_calibrated, arce_gamma_std=0.036758, arce_sample_gamma_mean=0.143614, arce_sampled_teacher_overlap_mean=0.684024, arce_teacher_missing_mass_mean=0.165466, arce_teacher_missing_mass_std=0.098282
09/05/2026,06:23:55: Training...
09/05/2026,06:23:56: Evaluating...
09/05/2026,06:23:57: 	Train Loss: 3434823.7500 (base: 226.5257, kd: 6869.1943), Elapsed: train 2.86 test 0.29
09/05/2026,06:23:57: 	Recall@10: 0.06720 Recall@20: 0.09846 NDCG@10: 0.04008 NDCG@20: 0.04860 
09/05/2026,06:23:57: 	Recall@10: 0.02676 Recall@20: 0.04299 NDCG@10: 0.01489 NDCG@20: 0.01930 
09/05/2026,06:23:57: Epoch [111/1000]
09/05/2026,06:23:57: Negative sampling...
09/05/2026,06:23:58: Model's personal time...
09/05/2026,06:23:58: Model diagnostics: arce_anchor_count_mean=34.243725, arce_blocker_budget_mean=15.756275, arce_blocker_entropy_mean=4.818633, arce_gamma_effective_beta=2.361666, arce_gamma_max=0.387804, arce_gamma_mean=0.143139, arce_gamma_min=0.094990, arce_gamma_mode=teacher_mass_calibrated, arce_gamma_std=0.036571, arce_sample_gamma_mean=0.143139, arce_sampled_teacher_overlap_mean=0.684874, arce_teacher_missing_mass_mean=0.164863, arce_teacher_missing_mass_std=0.098045
09/05/2026,06:23:58: Training...
09/05/2026,06:23:59: Evaluating...
09/05/2026,06:23:59: 	Train Loss: 3435277.0000 (base: 222.1082, kd: 6870.1094), Elapsed: train 2.49 test 0.33
09/05/2026,06:23:59: 	Recall@10: 0.06880 Recall@20: 0.09882 NDCG@10: 0.04056 NDCG@20: 0.04871 
09/05/2026,06:23:59: 	Recall@10: 0.02678 Recall@20: 0.04336 NDCG@10: 0.01487 NDCG@20: 0.01938 
09/05/2026,06:23:59: Epoch [112/1000]
09/05/2026,06:23:59: Negative sampling...
09/05/2026,06:24:01: Model's personal time...
09/05/2026,06:24:01: Model diagnostics: arce_anchor_count_mean=34.296032, arce_blocker_budget_mean=15.703966, arce_blocker_entropy_mean=4.816703, arce_gamma_effective_beta=2.363441, arce_gamma_max=0.396580, arce_gamma_mean=0.142675, arce_gamma_min=0.094822, arce_gamma_mode=teacher_mass_calibrated, arce_gamma_std=0.036426, arce_sample_gamma_mean=0.142675, arce_sampled_teacher_overlap_mean=0.685921, arce_teacher_missing_mass_mean=0.164141, arce_teacher_missing_mass_std=0.097856
09/05/2026,06:24:01: Training...
09/05/2026,06:24:02: Evaluating...
09/05/2026,06:24:02: 	Train Loss: 3435310.0000 (base: 221.7377, kd: 6870.1772), Elapsed: train 2.74 test 0.26
09/05/2026,06:24:02: 	Recall@10: 0.06756 Recall@20: 0.09900 NDCG@10: 0.04013 NDCG@20: 0.04867 
09/05/2026,06:24:02: 	Recall@10: 0.02713 Recall@20: 0.04311 NDCG@10: 0.01491 NDCG@20: 0.01927 
09/05/2026,06:24:02: Epoch [113/1000]
09/05/2026,06:24:02: Negative sampling...
09/05/2026,06:24:04: Model's personal time...
09/05/2026,06:24:04: Model diagnostics: arce_anchor_count_mean=34.340870, arce_blocker_budget_mean=15.659130, arce_blocker_entropy_mean=4.814946, arce_gamma_effective_beta=2.365175, arce_gamma_max=0.384483, arce_gamma_mean=0.142230, arce_gamma_min=0.094658, arce_gamma_mode=teacher_mass_calibrated, arce_gamma_std=0.036225, arce_sample_gamma_mean=0.142230, arce_sampled_teacher_overlap_mean=0.686817, arce_teacher_missing_mass_mean=0.163491, arce_teacher_missing_mass_std=0.097543
09/05/2026,06:24:04: Training...
09/05/2026,06:24:05: Evaluating...
09/05/2026,06:24:05: 	Train Loss: 3435314.2500 (base: 217.9715, kd: 6870.1924), Elapsed: train 2.43 test 0.30 *
09/05/2026,06:24:05: 	Recall@10: 0.06777 Recall@20: 0.09904 NDCG@10: 0.04043 NDCG@20: 0.04899 
09/05/2026,06:24:05: 	Recall@10: 0.02727 Recall@20: 0.04329 NDCG@10: 0.01504 NDCG@20: 0.01937 
09/05/2026,06:24:05: Epoch [114/1000]
09/05/2026,06:24:05: Negative sampling...
09/05/2026,06:24:06: Model's personal time...
09/05/2026,06:24:07: Model diagnostics: arce_anchor_count_mean=34.394135, arce_blocker_budget_mean=15.605863, arce_blocker_entropy_mean=4.814106, arce_gamma_effective_beta=2.367223, arce_gamma_max=0.394270, arce_gamma_mean=0.141706, arce_gamma_min=0.094465, arce_gamma_mode=teacher_mass_calibrated, arce_gamma_std=0.035983, arce_sample_gamma_mean=0.141706, arce_sampled_teacher_overlap_mean=0.687883, arce_teacher_missing_mass_mean=0.162730, arce_teacher_missing_mass_std=0.097154
09/05/2026,06:24:07: Training...
09/05/2026,06:24:08: Evaluating...
09/05/2026,06:24:08: 	Train Loss: 3435586.2500 (base: 222.6788, kd: 6870.7261), Elapsed: train 2.54 test 0.31
09/05/2026,06:24:08: 	Recall@10: 0.06764 Recall@20: 0.09796 NDCG@10: 0.04017 NDCG@20: 0.04849 
09/05/2026,06:24:08: 	Recall@10: 0.02709 Recall@20: 0.04325 NDCG@10: 0.01504 NDCG@20: 0.01940 
09/05/2026,06:24:08: Epoch [115/1000]
09/05/2026,06:24:08: Negative sampling...
09/05/2026,06:24:09: Model's personal time...
09/05/2026,06:24:09: Model diagnostics: arce_anchor_count_mean=34.439739, arce_blocker_budget_mean=15.560261, arce_blocker_entropy_mean=4.812875, arce_gamma_effective_beta=2.369301, arce_gamma_max=0.368372, arce_gamma_mean=0.141241, arce_gamma_min=0.093546, arce_gamma_mode=teacher_mass_calibrated, arce_gamma_std=0.035737, arce_sample_gamma_mean=0.141241, arce_sampled_teacher_overlap_mean=0.688795, arce_teacher_missing_mass_mean=0.162140, arce_teacher_missing_mass_std=0.096842
09/05/2026,06:24:09: Training...
09/05/2026,06:24:11: Evaluating...
09/05/2026,06:24:11: 	Train Loss: 3435498.5000 (base: 219.2992, kd: 6870.5586), Elapsed: train 2.54 test 0.32
09/05/2026,06:24:11: 	Recall@10: 0.06765 Recall@20: 0.09954 NDCG@10: 0.04004 NDCG@20: 0.04872 
09/05/2026,06:24:11: 	Recall@10: 0.02694 Recall@20: 0.04290 NDCG@10: 0.01494 NDCG@20: 0.01930 
09/05/2026,06:24:11: Epoch [116/1000]
09/05/2026,06:24:11: Negative sampling...
09/05/2026,06:24:12: Model's personal time...
09/05/2026,06:24:12: Model diagnostics: arce_anchor_count_mean=34.489365, arce_blocker_budget_mean=15.510634, arce_blocker_entropy_mean=4.812361, arce_gamma_effective_beta=2.371190, arce_gamma_max=0.390739, arce_gamma_mean=0.140793, arce_gamma_min=0.093370, arce_gamma_mode=teacher_mass_calibrated, arce_gamma_std=0.035642, arce_sample_gamma_mean=0.140793, arce_sampled_teacher_overlap_mean=0.689787, arce_teacher_missing_mass_mean=0.161472, arce_teacher_missing_mass_std=0.096726
09/05/2026,06:24:12: Training...
09/05/2026,06:24:13: Evaluating...
09/05/2026,06:24:14: 	Train Loss: 3435720.0000 (base: 215.9972, kd: 6871.0083), Elapsed: train 2.55 test 0.34
09/05/2026,06:24:14: 	Recall@10: 0.06825 Recall@20: 0.09928 NDCG@10: 0.04050 NDCG@20: 0.04896 
09/05/2026,06:24:14: 	Recall@10: 0.02691 Recall@20: 0.04298 NDCG@10: 0.01502 NDCG@20: 0.01936 
09/05/2026,06:24:14: Epoch [117/1000]
09/05/2026,06:24:14: Negative sampling...
09/05/2026,06:24:15: Model's personal time...
09/05/2026,06:24:15: Model diagnostics: arce_anchor_count_mean=34.521172, arce_blocker_budget_mean=15.478827, arce_blocker_entropy_mean=4.810156, arce_gamma_effective_beta=2.373001, arce_gamma_max=0.381220, arce_gamma_mean=0.140402, arce_gamma_min=0.093201, arce_gamma_mode=teacher_mass_calibrated, arce_gamma_std=0.035393, arce_sample_gamma_mean=0.140402, arce_sampled_teacher_overlap_mean=0.690423, arce_teacher_missing_mass_mean=0.161014, arce_teacher_missing_mass_std=0.096384
09/05/2026,06:24:15: Training...
09/05/2026,06:24:16: Evaluating...
09/05/2026,06:24:17: 	Train Loss: 3435911.5000 (base: 213.3440, kd: 6871.3965), Elapsed: train 2.58 test 0.33
09/05/2026,06:24:17: 	Recall@10: 0.06724 Recall@20: 0.09912 NDCG@10: 0.03986 NDCG@20: 0.04857 
09/05/2026,06:24:17: 	Recall@10: 0.02682 Recall@20: 0.04319 NDCG@10: 0.01496 NDCG@20: 0.01942 
09/05/2026,06:24:17: Epoch [118/1000]
09/05/2026,06:24:17: Negative sampling...
09/05/2026,06:24:18: Model's personal time...
09/05/2026,06:24:18: Model diagnostics: arce_anchor_count_mean=34.584785, arce_blocker_budget_mean=15.415214, arce_blocker_entropy_mean=4.809198, arce_gamma_effective_beta=2.375579, arce_gamma_max=0.369406, arce_gamma_mean=0.139842, arce_gamma_min=0.092961, arce_gamma_mode=teacher_mass_calibrated, arce_gamma_std=0.035297, arce_sample_gamma_mean=0.139842, arce_sampled_teacher_overlap_mean=0.691696, arce_teacher_missing_mass_mean=0.160226, arce_teacher_missing_mass_std=0.096313
09/05/2026,06:24:18: Training...
09/05/2026,06:24:20: Evaluating...
09/05/2026,06:24:20: 	Train Loss: 3436613.2500 (base: 212.9569, kd: 6872.8008), Elapsed: train 2.90 test 0.27 *
09/05/2026,06:24:20: 	Recall@10: 0.06748 Recall@20: 0.09980 NDCG@10: 0.04031 NDCG@20: 0.04911 
09/05/2026,06:24:20: 	Recall@10: 0.02717 Recall@20: 0.04299 NDCG@10: 0.01503 NDCG@20: 0.01933 
09/05/2026,06:24:20: Epoch [119/1000]
09/05/2026,06:24:20: Negative sampling...
09/05/2026,06:24:21: Model's personal time...
09/05/2026,06:24:21: Model diagnostics: arce_anchor_count_mean=34.611229, arce_blocker_budget_mean=15.388772, arce_blocker_entropy_mean=4.806874, arce_gamma_effective_beta=2.376343, arce_gamma_max=0.378768, arce_gamma_mean=0.139571, arce_gamma_min=0.092890, arce_gamma_mode=teacher_mass_calibrated, arce_gamma_std=0.035125, arce_sample_gamma_mean=0.139571, arce_sampled_teacher_overlap_mean=0.692225, arce_teacher_missing_mass_mean=0.159754, arce_teacher_missing_mass_std=0.095976
09/05/2026,06:24:21: Training...
09/05/2026,06:24:22: Evaluating...
09/05/2026,06:24:23: 	Train Loss: 3436204.0000 (base: 209.6605, kd: 6871.9893), Elapsed: train 2.57 test 0.27
09/05/2026,06:24:23: 	Recall@10: 0.06730 Recall@20: 0.09943 NDCG@10: 0.04013 NDCG@20: 0.04893 
09/05/2026,06:24:23: 	Recall@10: 0.02683 Recall@20: 0.04362 NDCG@10: 0.01503 NDCG@20: 0.01957 
09/05/2026,06:24:23: Epoch [120/1000]
09/05/2026,06:24:23: Negative sampling...
09/05/2026,06:24:24: Model's personal time...
09/05/2026,06:24:24: Model diagnostics: arce_anchor_count_mean=34.663345, arce_blocker_budget_mean=15.336655, arce_blocker_entropy_mean=4.805067, arce_gamma_effective_beta=2.378609, arce_gamma_max=0.360980, arce_gamma_mean=0.139078, arce_gamma_min=0.092679, arce_gamma_mode=teacher_mass_calibrated, arce_gamma_std=0.034972, arce_sample_gamma_mean=0.139078, arce_sampled_teacher_overlap_mean=0.693267, arce_teacher_missing_mass_mean=0.159095, arce_teacher_missing_mass_std=0.095750
09/05/2026,06:24:24: Training...
09/05/2026,06:24:25: Evaluating...
09/05/2026,06:24:25: 	Train Loss: 3436439.0000 (base: 211.7565, kd: 6872.4551), Elapsed: train 2.50 test 0.34
09/05/2026,06:24:25: 	Recall@10: 0.06706 Recall@20: 0.09962 NDCG@10: 0.04022 NDCG@20: 0.04910 
09/05/2026,06:24:25: 	Recall@10: 0.02746 Recall@20: 0.04395 NDCG@10: 0.01516 NDCG@20: 0.01961 
09/05/2026,06:24:25: Epoch [121/1000]
09/05/2026,06:24:25: Negative sampling...
09/05/2026,06:24:27: Model's personal time...
09/05/2026,06:24:27: Model diagnostics: arce_anchor_count_mean=34.703201, arce_blocker_budget_mean=15.296800, arce_blocker_entropy_mean=4.803474, arce_gamma_effective_beta=2.380513, arce_gamma_max=0.357933, arce_gamma_mean=0.138672, arce_gamma_min=0.092503, arce_gamma_mode=teacher_mass_calibrated, arce_gamma_std=0.034756, arce_sample_gamma_mean=0.138672, arce_sampled_teacher_overlap_mean=0.694064, arce_teacher_missing_mass_mean=0.158593, arce_teacher_missing_mass_std=0.095485
09/05/2026,06:24:27: Training...
09/05/2026,06:24:28: Evaluating...
09/05/2026,06:24:29: 	Train Loss: 3436632.7500 (base: 212.5058, kd: 6872.8403), Elapsed: train 2.71 test 0.31
09/05/2026,06:24:29: 	Recall@10: 0.06753 Recall@20: 0.09934 NDCG@10: 0.04013 NDCG@20: 0.04882 
09/05/2026,06:24:29: 	Recall@10: 0.02672 Recall@20: 0.04406 NDCG@10: 0.01500 NDCG@20: 0.01967 
09/05/2026,06:24:29: Epoch [122/1000]
09/05/2026,06:24:29: Negative sampling...
09/05/2026,06:24:30: Model's personal time...
09/05/2026,06:24:30: Model diagnostics: arce_anchor_count_mean=34.749950, arce_blocker_budget_mean=15.250048, arce_blocker_entropy_mean=4.802277, arce_gamma_effective_beta=2.382682, arce_gamma_max=0.357598, arce_gamma_mean=0.138221, arce_gamma_min=0.092303, arce_gamma_mode=teacher_mass_calibrated, arce_gamma_std=0.034609, arce_sample_gamma_mean=0.138221, arce_sampled_teacher_overlap_mean=0.694999, arce_teacher_missing_mass_mean=0.158018, arce_teacher_missing_mass_std=0.095276
09/05/2026,06:24:30: Training...
09/05/2026,06:24:31: Evaluating...
09/05/2026,06:24:31: 	Train Loss: 3436627.2500 (base: 207.7123, kd: 6872.8394), Elapsed: train 2.67 test 0.31
09/05/2026,06:24:31: 	Recall@10: 0.06703 Recall@20: 0.09985 NDCG@10: 0.03977 NDCG@20: 0.04878 
09/05/2026,06:24:31: 	Recall@10: 0.02682 Recall@20: 0.04336 NDCG@10: 0.01492 NDCG@20: 0.01942 
09/05/2026,06:24:31: Epoch [123/1000]
09/05/2026,06:24:31: Negative sampling...
09/05/2026,06:24:33: Model's personal time...
09/05/2026,06:24:33: Model diagnostics: arce_anchor_count_mean=34.785591, arce_blocker_budget_mean=15.214409, arce_blocker_entropy_mean=4.801093, arce_gamma_effective_beta=2.384168, arce_gamma_max=0.357369, arce_gamma_mean=0.137871, arce_gamma_min=0.092166, arce_gamma_mode=teacher_mass_calibrated, arce_gamma_std=0.034443, arce_sample_gamma_mean=0.137871, arce_sampled_teacher_overlap_mean=0.695712, arce_teacher_missing_mass_mean=0.157521, arce_teacher_missing_mass_std=0.095056
09/05/2026,06:24:33: Training...
09/05/2026,06:24:34: Evaluating...
09/05/2026,06:24:35: 	Train Loss: 3436790.2500 (base: 206.3603, kd: 6873.1675), Elapsed: train 2.73 test 0.31
09/05/2026,06:24:35: 	Recall@10: 0.06702 Recall@20: 0.09982 NDCG@10: 0.03984 NDCG@20: 0.04886 
09/05/2026,06:24:35: 	Recall@10: 0.02715 Recall@20: 0.04312 NDCG@10: 0.01500 NDCG@20: 0.01937 
09/05/2026,06:24:35: Epoch [124/1000]
09/05/2026,06:24:35: Negative sampling...
09/05/2026,06:24:36: Model's personal time...
09/05/2026,06:24:36: Model diagnostics: arce_anchor_count_mean=34.833683, arce_blocker_budget_mean=15.166315, arce_blocker_entropy_mean=4.798469, arce_gamma_effective_beta=2.386396, arce_gamma_max=0.357025, arce_gamma_mean=0.137410, arce_gamma_min=0.091961, arce_gamma_mode=teacher_mass_calibrated, arce_gamma_std=0.034257, arce_sample_gamma_mean=0.137410, arce_sampled_teacher_overlap_mean=0.696674, arce_teacher_missing_mass_mean=0.156954, arce_teacher_missing_mass_std=0.094754
09/05/2026,06:24:36: Training...
09/05/2026,06:24:37: Evaluating...
09/05/2026,06:24:37: 	Train Loss: 3436637.2500 (base: 204.5657, kd: 6872.8652), Elapsed: train 2.64 test 0.26
09/05/2026,06:24:37: 	Recall@10: 0.06727 Recall@20: 0.09958 NDCG@10: 0.03997 NDCG@20: 0.04876 
09/05/2026,06:24:37: 	Recall@10: 0.02706 Recall@20: 0.04349 NDCG@10: 0.01498 NDCG@20: 0.01943 
09/05/2026,06:24:37: Epoch [125/1000]
09/05/2026,06:24:37: Negative sampling...
09/05/2026,06:24:39: Model's personal time...
09/05/2026,06:24:39: Model diagnostics: arce_anchor_count_mean=34.867981, arce_blocker_budget_mean=15.132017, arce_blocker_entropy_mean=4.796370, arce_gamma_effective_beta=2.387760, arce_gamma_max=0.356815, arce_gamma_mean=0.137094, arce_gamma_min=0.092461, arce_gamma_mode=teacher_mass_calibrated, arce_gamma_std=0.034203, arce_sample_gamma_mean=0.137094, arce_sampled_teacher_overlap_mean=0.697360, arce_teacher_missing_mass_mean=0.156477, arce_teacher_missing_mass_std=0.094651
09/05/2026,06:24:39: Training...
09/05/2026,06:24:40: Evaluating...
09/05/2026,06:24:40: 	Train Loss: 3437441.0000 (base: 204.1149, kd: 6874.4731), Elapsed: train 2.48 test 0.27
09/05/2026,06:24:40: 	Recall@10: 0.06805 Recall@20: 0.09963 NDCG@10: 0.04025 NDCG@20: 0.04887 
09/05/2026,06:24:40: 	Recall@10: 0.02667 Recall@20: 0.04332 NDCG@10: 0.01479 NDCG@20: 0.01932 
09/05/2026,06:24:40: Epoch [126/1000]
09/05/2026,06:24:40: Negative sampling...
09/05/2026,06:24:42: Model's personal time...
09/05/2026,06:24:42: Model diagnostics: arce_anchor_count_mean=34.912434, arce_blocker_budget_mean=15.087564, arce_blocker_entropy_mean=4.794487, arce_gamma_effective_beta=2.389645, arce_gamma_max=0.356525, arce_gamma_mean=0.136690, arce_gamma_min=0.092377, arce_gamma_mode=teacher_mass_calibrated, arce_gamma_std=0.034048, arce_sample_gamma_mean=0.136690, arce_sampled_teacher_overlap_mean=0.698249, arce_teacher_missing_mass_mean=0.155940, arce_teacher_missing_mass_std=0.094420
09/05/2026,06:24:42: Training...
09/05/2026,06:24:43: Evaluating...
09/05/2026,06:24:43: 	Train Loss: 3437280.2500 (base: 203.9447, kd: 6874.1523), Elapsed: train 2.61 test 0.26
09/05/2026,06:24:43: 	Recall@10: 0.06659 Recall@20: 0.09993 NDCG@10: 0.04002 NDCG@20: 0.04906 
09/05/2026,06:24:43: 	Recall@10: 0.02656 Recall@20: 0.04370 NDCG@10: 0.01486 NDCG@20: 0.01951 
09/05/2026,06:24:43: Epoch [127/1000]
09/05/2026,06:24:43: Negative sampling...
09/05/2026,06:24:44: Model's personal time...
09/05/2026,06:24:44: Model diagnostics: arce_anchor_count_mean=34.958996, arce_blocker_budget_mean=15.041004, arce_blocker_entropy_mean=4.793731, arce_gamma_effective_beta=2.391980, arce_gamma_max=0.356166, arce_gamma_mean=0.136227, arce_gamma_min=0.091448, arce_gamma_mode=teacher_mass_calibrated, arce_gamma_std=0.033905, arce_sample_gamma_mean=0.136227, arce_sampled_teacher_overlap_mean=0.699180, arce_teacher_missing_mass_mean=0.155379, arce_teacher_missing_mass_std=0.094176
09/05/2026,06:24:44: Training...
09/05/2026,06:24:46: Evaluating...
09/05/2026,06:24:46: 	Train Loss: 3437554.0000 (base: 204.3339, kd: 6874.6987), Elapsed: train 2.56 test 0.27
09/05/2026,06:24:46: 	Recall@10: 0.06667 Recall@20: 0.09920 NDCG@10: 0.03966 NDCG@20: 0.04850 
09/05/2026,06:24:46: 	Recall@10: 0.02707 Recall@20: 0.04407 NDCG@10: 0.01497 NDCG@20: 0.01957 
09/05/2026,06:24:46: Epoch [128/1000]
09/05/2026,06:24:46: Negative sampling...
09/05/2026,06:24:47: Model's personal time...
09/05/2026,06:24:47: Model diagnostics: arce_anchor_count_mean=34.997509, arce_blocker_budget_mean=15.002491, arce_blocker_entropy_mean=4.792597, arce_gamma_effective_beta=2.393495, arce_gamma_max=0.366642, arce_gamma_mean=0.135847, arce_gamma_min=0.091310, arce_gamma_mode=teacher_mass_calibrated, arce_gamma_std=0.033728, arce_sample_gamma_mean=0.135847, arce_sampled_teacher_overlap_mean=0.699950, arce_teacher_missing_mass_mean=0.154807, arce_teacher_missing_mass_std=0.093859
09/05/2026,06:24:47: Training...
09/05/2026,06:24:48: Evaluating...
09/05/2026,06:24:49: 	Train Loss: 3437621.2500 (base: 202.4048, kd: 6874.8374), Elapsed: train 2.48 test 0.25
09/05/2026,06:24:49: 	Recall@10: 0.06716 Recall@20: 0.09899 NDCG@10: 0.03983 NDCG@20: 0.04848 
09/05/2026,06:24:49: 	Recall@10: 0.02700 Recall@20: 0.04378 NDCG@10: 0.01507 NDCG@20: 0.01963 
09/05/2026,06:24:49: Epoch [129/1000]
09/05/2026,06:24:49: Negative sampling...
09/05/2026,06:24:50: Model's personal time...
09/05/2026,06:24:50: Model diagnostics: arce_anchor_count_mean=35.020885, arce_blocker_budget_mean=14.979115, arce_blocker_entropy_mean=4.789336, arce_gamma_effective_beta=2.394256, arce_gamma_max=0.367490, arce_gamma_mean=0.135630, arce_gamma_min=0.091864, arce_gamma_mode=teacher_mass_calibrated, arce_gamma_std=0.033612, arce_sample_gamma_mean=0.135630, arce_sampled_teacher_overlap_mean=0.700418, arce_teacher_missing_mass_mean=0.154450, arce_teacher_missing_mass_std=0.093657
09/05/2026,06:24:50: Training...
09/05/2026,06:24:51: Evaluating...
09/05/2026,06:24:51: 	Train Loss: 3437051.7500 (base: 201.3888, kd: 6873.7007), Elapsed: train 2.26 test 0.25
09/05/2026,06:24:51: 	Recall@10: 0.06756 Recall@20: 0.10030 NDCG@10: 0.04007 NDCG@20: 0.04897 
09/05/2026,06:24:51: 	Recall@10: 0.02729 Recall@20: 0.04356 NDCG@10: 0.01504 NDCG@20: 0.01946 
09/05/2026,06:24:51: Epoch [130/1000]
09/05/2026,06:24:51: Negative sampling...
09/05/2026,06:24:52: Model's personal time...
09/05/2026,06:24:52: Model diagnostics: arce_anchor_count_mean=35.072426, arce_blocker_budget_mean=14.927572, arce_blocker_entropy_mean=4.789542, arce_gamma_effective_beta=2.396324, arce_gamma_max=0.355499, arce_gamma_mean=0.135173, arce_gamma_min=0.091052, arce_gamma_mode=teacher_mass_calibrated, arce_gamma_std=0.033438, arce_sample_gamma_mean=0.135173, arce_sampled_teacher_overlap_mean=0.701449, arce_teacher_missing_mass_mean=0.153803, arce_teacher_missing_mass_std=0.093449
09/05/2026,06:24:52: Training...
09/05/2026,06:24:53: Evaluating...
09/05/2026,06:24:54: 	Train Loss: 3438018.5000 (base: 196.5664, kd: 6875.6440), Elapsed: train 2.35 test 0.25
09/05/2026,06:24:54: 	Recall@10: 0.06759 Recall@20: 0.10023 NDCG@10: 0.03994 NDCG@20: 0.04884 
09/05/2026,06:24:54: 	Recall@10: 0.02682 Recall@20: 0.04382 NDCG@10: 0.01491 NDCG@20: 0.01952 
09/05/2026,06:24:54: Epoch [131/1000]
09/05/2026,06:24:54: Negative sampling...
09/05/2026,06:24:55: Model's personal time...
09/05/2026,06:24:55: Model diagnostics: arce_anchor_count_mean=35.102127, arce_blocker_budget_mean=14.897873, arce_blocker_entropy_mean=4.787670, arce_gamma_effective_beta=2.397495, arce_gamma_max=0.366992, arce_gamma_mean=0.134891, arce_gamma_min=0.090945, arce_gamma_mode=teacher_mass_calibrated, arce_gamma_std=0.033363, arce_sample_gamma_mean=0.134891, arce_sampled_teacher_overlap_mean=0.702043, arce_teacher_missing_mass_mean=0.153369, arce_teacher_missing_mass_std=0.093269
09/05/2026,06:24:55: Training...
09/05/2026,06:24:56: Evaluating...
09/05/2026,06:24:57: 	Train Loss: 3437387.7500 (base: 197.8539, kd: 6874.3799), Elapsed: train 2.57 test 0.33 *
09/05/2026,06:24:57: 	Recall@10: 0.06717 Recall@20: 0.10040 NDCG@10: 0.04020 NDCG@20: 0.04923 
09/05/2026,06:24:57: 	Recall@10: 0.02743 Recall@20: 0.04319 NDCG@10: 0.01509 NDCG@20: 0.01938 
09/05/2026,06:24:57: Epoch [132/1000]
09/05/2026,06:24:57: Negative sampling...
09/05/2026,06:24:58: Model's personal time...
09/05/2026,06:24:58: Model diagnostics: arce_anchor_count_mean=35.146004, arce_blocker_budget_mean=14.853994, arce_blocker_entropy_mean=4.785063, arce_gamma_effective_beta=2.399405, arce_gamma_max=0.366699, arce_gamma_mean=0.134483, arce_gamma_min=0.090772, arce_gamma_mode=teacher_mass_calibrated, arce_gamma_std=0.033233, arce_sample_gamma_mean=0.134483, arce_sampled_teacher_overlap_mean=0.702920, arce_teacher_missing_mass_mean=0.152810, arce_teacher_missing_mass_std=0.093050
09/05/2026,06:24:58: Training...
09/05/2026,06:24:59: Evaluating...
09/05/2026,06:25:00: 	Train Loss: 3437867.0000 (base: 195.5420, kd: 6875.3428), Elapsed: train 2.80 test 0.35
09/05/2026,06:25:00: 	Recall@10: 0.06695 Recall@20: 0.09963 NDCG@10: 0.03992 NDCG@20: 0.04887 
09/05/2026,06:25:00: 	Recall@10: 0.02751 Recall@20: 0.04342 NDCG@10: 0.01510 NDCG@20: 0.01945 
09/05/2026,06:25:00: Epoch [133/1000]
09/05/2026,06:25:00: Negative sampling...
09/05/2026,06:25:01: Model's personal time...
09/05/2026,06:25:01: Model diagnostics: arce_anchor_count_mean=35.185093, arce_blocker_budget_mean=14.814907, arce_blocker_entropy_mean=4.783123, arce_gamma_effective_beta=2.401251, arce_gamma_max=0.366416, arce_gamma_mean=0.134078, arce_gamma_min=0.090605, arce_gamma_mode=teacher_mass_calibrated, arce_gamma_std=0.033002, arce_sample_gamma_mean=0.134078, arce_sampled_teacher_overlap_mean=0.703702, arce_teacher_missing_mass_mean=0.152275, arce_teacher_missing_mass_std=0.092709
09/05/2026,06:25:01: Training...
09/05/2026,06:25:02: Evaluating...
09/05/2026,06:25:03: 	Train Loss: 3438505.0000 (base: 195.9883, kd: 6876.6187), Elapsed: train 2.61 test 0.25
09/05/2026,06:25:03: 	Recall@10: 0.06764 Recall@20: 0.10048 NDCG@10: 0.04007 NDCG@20: 0.04904 
09/05/2026,06:25:03: 	Recall@10: 0.02743 Recall@20: 0.04375 NDCG@10: 0.01508 NDCG@20: 0.01951 
09/05/2026,06:25:03: Epoch [134/1000]
09/05/2026,06:25:03: Negative sampling...
09/05/2026,06:25:04: Model's personal time...
09/05/2026,06:25:04: Model diagnostics: arce_anchor_count_mean=35.209236, arce_blocker_budget_mean=14.790764, arce_blocker_entropy_mean=4.780802, arce_gamma_effective_beta=2.402254, arce_gamma_max=0.366263, arce_gamma_mean=0.133843, arce_gamma_min=0.090514, arce_gamma_mode=teacher_mass_calibrated, arce_gamma_std=0.032939, arce_sample_gamma_mean=0.133843, arce_sampled_teacher_overlap_mean=0.704185, arce_teacher_missing_mass_mean=0.151919, arce_teacher_missing_mass_std=0.092573
09/05/2026,06:25:04: Training...
09/05/2026,06:25:05: Evaluating...
09/05/2026,06:25:05: 	Train Loss: 3438320.2500 (base: 196.2488, kd: 6876.2471), Elapsed: train 2.47 test 0.26
09/05/2026,06:25:05: 	Recall@10: 0.06764 Recall@20: 0.09943 NDCG@10: 0.04005 NDCG@20: 0.04875 
09/05/2026,06:25:05: 	Recall@10: 0.02715 Recall@20: 0.04380 NDCG@10: 0.01497 NDCG@20: 0.01949 
09/05/2026,06:25:05: Epoch [135/1000]
09/05/2026,06:25:05: Negative sampling...
09/05/2026,06:25:07: Model's personal time...
09/05/2026,06:25:07: Model diagnostics: arce_anchor_count_mean=35.256561, arce_blocker_budget_mean=14.743437, arce_blocker_entropy_mean=4.779428, arce_gamma_effective_beta=2.404004, arce_gamma_max=0.365995, arce_gamma_mean=0.133459, arce_gamma_min=0.090355, arce_gamma_mode=teacher_mass_calibrated, arce_gamma_std=0.032848, arce_sample_gamma_mean=0.133459, arce_sampled_teacher_overlap_mean=0.705131, arce_teacher_missing_mass_mean=0.151352, arce_teacher_missing_mass_std=0.092431
09/05/2026,06:25:07: Training...
09/05/2026,06:25:08: Evaluating...
09/05/2026,06:25:08: 	Train Loss: 3438240.0000 (base: 194.1254, kd: 6876.0918), Elapsed: train 2.45 test 0.31 *
09/05/2026,06:25:08: 	Recall@10: 0.06807 Recall@20: 0.10113 NDCG@10: 0.04031 NDCG@20: 0.04931 
09/05/2026,06:25:08: 	Recall@10: 0.02749 Recall@20: 0.04351 NDCG@10: 0.01495 NDCG@20: 0.01930 
09/05/2026,06:25:08: Epoch [136/1000]
09/05/2026,06:25:08: Negative sampling...
09/05/2026,06:25:10: Model's personal time...
09/05/2026,06:25:10: Model diagnostics: arce_anchor_count_mean=35.277832, arce_blocker_budget_mean=14.722169, arce_blocker_entropy_mean=4.778128, arce_gamma_effective_beta=2.404866, arce_gamma_max=0.365863, arce_gamma_mean=0.133216, arce_gamma_min=0.090278, arce_gamma_mode=teacher_mass_calibrated, arce_gamma_std=0.032643, arce_sample_gamma_mean=0.133216, arce_sampled_teacher_overlap_mean=0.705557, arce_teacher_missing_mass_mean=0.150968, arce_teacher_missing_mass_std=0.092139
09/05/2026,06:25:10: Training...
09/05/2026,06:25:11: Evaluating...
09/05/2026,06:25:11: 	Train Loss: 3438719.2500 (base: 193.8798, kd: 6877.0508), Elapsed: train 2.62 test 0.26
09/05/2026,06:25:11: 	Recall@10: 0.06752 Recall@20: 0.09935 NDCG@10: 0.03992 NDCG@20: 0.04861 
09/05/2026,06:25:11: 	Recall@10: 0.02747 Recall@20: 0.04364 NDCG@10: 0.01497 NDCG@20: 0.01936 
09/05/2026,06:25:11: Epoch [137/1000]
09/05/2026,06:25:11: Negative sampling...
09/05/2026,06:25:12: Model's personal time...
09/05/2026,06:25:12: Model diagnostics: arce_anchor_count_mean=35.301399, arce_blocker_budget_mean=14.698601, arce_blocker_entropy_mean=4.776128, arce_gamma_effective_beta=2.405838, arce_gamma_max=0.365714, arce_gamma_mean=0.132993, arce_gamma_min=0.090190, arce_gamma_mode=teacher_mass_calibrated, arce_gamma_std=0.032556, arce_sample_gamma_mean=0.132993, arce_sampled_teacher_overlap_mean=0.706028, arce_teacher_missing_mass_mean=0.150638, arce_teacher_missing_mass_std=0.092004
09/05/2026,06:25:12: Training...
09/05/2026,06:25:13: Evaluating...
09/05/2026,06:25:14: 	Train Loss: 3438553.0000 (base: 191.2759, kd: 6876.7236), Elapsed: train 2.48 test 0.30
09/05/2026,06:25:14: 	Recall@10: 0.06731 Recall@20: 0.10073 NDCG@10: 0.03995 NDCG@20: 0.04914 
09/05/2026,06:25:14: 	Recall@10: 0.02776 Recall@20: 0.04380 NDCG@10: 0.01509 NDCG@20: 0.01944 
09/05/2026,06:25:14: Epoch [138/1000]
09/05/2026,06:25:14: Negative sampling...
09/05/2026,06:25:15: Model's personal time...
09/05/2026,06:25:15: Model diagnostics: arce_anchor_count_mean=35.351791, arce_blocker_budget_mean=14.648209, arce_blocker_entropy_mean=4.774488, arce_gamma_effective_beta=2.407951, arce_gamma_max=0.365391, arce_gamma_mean=0.132568, arce_gamma_min=0.089999, arce_gamma_mode=teacher_mass_calibrated, arce_gamma_std=0.032462, arce_sample_gamma_mean=0.132568, arce_sampled_teacher_overlap_mean=0.707036, arce_teacher_missing_mass_mean=0.150063, arce_teacher_missing_mass_std=0.091849
09/05/2026,06:25:15: Training...
09/05/2026,06:25:16: Evaluating...
09/05/2026,06:25:17: 	Train Loss: 3438813.0000 (base: 189.7225, kd: 6877.2466), Elapsed: train 2.49 test 0.26
09/05/2026,06:25:17: 	Recall@10: 0.06822 Recall@20: 0.10026 NDCG@10: 0.04008 NDCG@20: 0.04886 
09/05/2026,06:25:17: 	Recall@10: 0.02767 Recall@20: 0.04401 NDCG@10: 0.01501 NDCG@20: 0.01942 
09/05/2026,06:25:17: Epoch [139/1000]
09/05/2026,06:25:17: Negative sampling...
09/05/2026,06:25:18: Model's personal time...
09/05/2026,06:25:18: Model diagnostics: arce_anchor_count_mean=35.383022, arce_blocker_budget_mean=14.616976, arce_blocker_entropy_mean=4.774143, arce_gamma_effective_beta=2.409173, arce_gamma_max=0.365205, arce_gamma_mean=0.132280, arce_gamma_min=0.089890, arce_gamma_mode=teacher_mass_calibrated, arce_gamma_std=0.032339, arce_sample_gamma_mean=0.132280, arce_sampled_teacher_overlap_mean=0.707660, arce_teacher_missing_mass_mean=0.149620, arce_teacher_missing_mass_std=0.091686
09/05/2026,06:25:18: Training...
09/05/2026,06:25:19: Evaluating...
09/05/2026,06:25:19: 	Train Loss: 3439108.7500 (base: 191.5075, kd: 6877.8354), Elapsed: train 2.50 test 0.28
09/05/2026,06:25:19: 	Recall@10: 0.06811 Recall@20: 0.10060 NDCG@10: 0.04035 NDCG@20: 0.04925 
09/05/2026,06:25:19: 	Recall@10: 0.02802 Recall@20: 0.04369 NDCG@10: 0.01514 NDCG@20: 0.01939 
09/05/2026,06:25:19: Epoch [140/1000]
09/05/2026,06:25:19: Negative sampling...
09/05/2026,06:25:21: Model's personal time...
09/05/2026,06:25:21: Model diagnostics: arce_anchor_count_mean=35.422302, arce_blocker_budget_mean=14.577697, arce_blocker_entropy_mean=4.770558, arce_gamma_effective_beta=2.411076, arce_gamma_max=0.364914, arce_gamma_mean=0.131905, arce_gamma_min=0.089719, arce_gamma_mode=teacher_mass_calibrated, arce_gamma_std=0.032180, arce_sample_gamma_mean=0.131905, arce_sampled_teacher_overlap_mean=0.708446, arce_teacher_missing_mass_mean=0.149153, arce_teacher_missing_mass_std=0.091451
09/05/2026,06:25:21: Training...
09/05/2026,06:25:22: Evaluating...
09/05/2026,06:25:22: 	Train Loss: 3438779.0000 (base: 188.7701, kd: 6877.1802), Elapsed: train 2.50 test 0.26
09/05/2026,06:25:22: 	Recall@10: 0.06890 Recall@20: 0.09963 NDCG@10: 0.04038 NDCG@20: 0.04882 
09/05/2026,06:25:22: 	Recall@10: 0.02783 Recall@20: 0.04372 NDCG@10: 0.01515 NDCG@20: 0.01945 
09/05/2026,06:25:22: Epoch [141/1000]
09/05/2026,06:25:22: Negative sampling...
09/05/2026,06:25:23: Model's personal time...
09/05/2026,06:25:23: Model diagnostics: arce_anchor_count_mean=35.453342, arce_blocker_budget_mean=14.546657, arce_blocker_entropy_mean=4.772038, arce_gamma_effective_beta=2.412379, arce_gamma_max=0.364715, arce_gamma_mean=0.131621, arce_gamma_min=0.089602, arce_gamma_mode=teacher_mass_calibrated, arce_gamma_std=0.032084, arce_sample_gamma_mean=0.131621, arce_sampled_teacher_overlap_mean=0.709067, arce_teacher_missing_mass_mean=0.148743, arce_teacher_missing_mass_std=0.091302
09/05/2026,06:25:23: Training...
09/05/2026,06:25:25: Evaluating...
09/05/2026,06:25:25: 	Train Loss: 3438644.2500 (base: 189.7894, kd: 6876.9092), Elapsed: train 2.57 test 0.29
09/05/2026,06:25:25: 	Recall@10: 0.06966 Recall@20: 0.10076 NDCG@10: 0.04067 NDCG@20: 0.04913 
09/05/2026,06:25:25: 	Recall@10: 0.02811 Recall@20: 0.04367 NDCG@10: 0.01522 NDCG@20: 0.01943 
09/05/2026,06:25:25: Epoch [142/1000]
09/05/2026,06:25:25: Negative sampling...
09/05/2026,06:25:26: Model's personal time...
09/05/2026,06:25:26: Model diagnostics: arce_anchor_count_mean=35.493389, arce_blocker_budget_mean=14.506610, arce_blocker_entropy_mean=4.768441, arce_gamma_effective_beta=2.414203, arce_gamma_max=0.364437, arce_gamma_mean=0.131273, arce_gamma_min=0.089439, arce_gamma_mode=teacher_mass_calibrated, arce_gamma_std=0.031981, arce_sample_gamma_mean=0.131273, arce_sampled_teacher_overlap_mean=0.709868, arce_teacher_missing_mass_mean=0.148296, arce_teacher_missing_mass_std=0.091197
09/05/2026,06:25:26: Training...
09/05/2026,06:25:27: Evaluating...
09/05/2026,06:25:28: 	Train Loss: 3438889.5000 (base: 185.5107, kd: 6877.4072), Elapsed: train 2.53 test 0.30
09/05/2026,06:25:28: 	Recall@10: 0.06912 Recall@20: 0.10015 NDCG@10: 0.04062 NDCG@20: 0.04906 
09/05/2026,06:25:28: 	Recall@10: 0.02777 Recall@20: 0.04448 NDCG@10: 0.01510 NDCG@20: 0.01961 
09/05/2026,06:25:28: Epoch [143/1000]
09/05/2026,06:25:28: Negative sampling...
09/05/2026,06:25:29: Model's personal time...
09/05/2026,06:25:29: Model diagnostics: arce_anchor_count_mean=35.511208, arce_blocker_budget_mean=14.488791, arce_blocker_entropy_mean=4.768671, arce_gamma_effective_beta=2.414803, arce_gamma_max=0.364346, arce_gamma_mean=0.131119, arce_gamma_min=0.089385, arce_gamma_mode=teacher_mass_calibrated, arce_gamma_std=0.031970, arce_sample_gamma_mean=0.131119, arce_sampled_teacher_overlap_mean=0.710224, arce_teacher_missing_mass_mean=0.148014, arce_teacher_missing_mass_std=0.091189
09/05/2026,06:25:29: Training...
09/05/2026,06:25:30: Evaluating...
09/05/2026,06:25:31: 	Train Loss: 3439108.5000 (base: 185.6396, kd: 6877.8457), Elapsed: train 2.57 test 0.26
09/05/2026,06:25:31: 	Recall@10: 0.06923 Recall@20: 0.10034 NDCG@10: 0.04048 NDCG@20: 0.04900 
09/05/2026,06:25:31: 	Recall@10: 0.02805 Recall@20: 0.04328 NDCG@10: 0.01516 NDCG@20: 0.01930 
09/05/2026,06:25:31: Epoch [144/1000]
09/05/2026,06:25:31: Negative sampling...
09/05/2026,06:25:32: Model's personal time...
09/05/2026,06:25:32: Model diagnostics: arce_anchor_count_mean=35.550106, arce_blocker_budget_mean=14.449895, arce_blocker_entropy_mean=4.764956, arce_gamma_effective_beta=2.416523, arce_gamma_max=0.364084, arce_gamma_mean=0.130761, arce_gamma_min=0.089231, arce_gamma_mode=teacher_mass_calibrated, arce_gamma_std=0.031835, arce_sample_gamma_mean=0.130761, arce_sampled_teacher_overlap_mean=0.711002, arce_teacher_missing_mass_mean=0.147527, arce_teacher_missing_mass_std=0.090959
09/05/2026,06:25:32: Training...
09/05/2026,06:25:33: Evaluating...
09/05/2026,06:25:33: 	Train Loss: 3438981.2500 (base: 184.5546, kd: 6877.5928), Elapsed: train 2.57 test 0.28 *
09/05/2026,06:25:33: 	Recall@10: 0.06925 Recall@20: 0.10047 NDCG@10: 0.04080 NDCG@20: 0.04934 
09/05/2026,06:25:33: 	Recall@10: 0.02796 Recall@20: 0.04349 NDCG@10: 0.01513 NDCG@20: 0.01938 
09/05/2026,06:25:33: Epoch [145/1000]
09/05/2026,06:25:33: Negative sampling...
09/05/2026,06:25:35: Model's personal time...
09/05/2026,06:25:35: Model diagnostics: arce_anchor_count_mean=35.579422, arce_blocker_budget_mean=14.420578, arce_blocker_entropy_mean=4.763391, arce_gamma_effective_beta=2.417798, arce_gamma_max=0.373101, arce_gamma_mean=0.130476, arce_gamma_min=0.089118, arce_gamma_mode=teacher_mass_calibrated, arce_gamma_std=0.031711, arce_sample_gamma_mean=0.130476, arce_sampled_teacher_overlap_mean=0.711588, arce_teacher_missing_mass_mean=0.147106, arce_teacher_missing_mass_std=0.090775
09/05/2026,06:25:35: Training...
09/05/2026,06:25:36: Evaluating...
09/05/2026,06:25:36: 	Train Loss: 3439694.2500 (base: 182.9166, kd: 6879.0229), Elapsed: train 2.54 test 0.26
09/05/2026,06:25:36: 	Recall@10: 0.06874 Recall@20: 0.10034 NDCG@10: 0.04043 NDCG@20: 0.04911 
09/05/2026,06:25:36: 	Recall@10: 0.02755 Recall@20: 0.04348 NDCG@10: 0.01508 NDCG@20: 0.01941 
09/05/2026,06:25:36: Epoch [146/1000]
09/05/2026,06:25:36: Negative sampling...
09/05/2026,06:25:38: Model's personal time...
09/05/2026,06:25:38: Model diagnostics: arce_anchor_count_mean=35.620617, arce_blocker_budget_mean=14.379383, arce_blocker_entropy_mean=4.764771, arce_gamma_effective_beta=2.419416, arce_gamma_max=0.363644, arce_gamma_mean=0.130136, arce_gamma_min=0.088974, arce_gamma_mode=teacher_mass_calibrated, arce_gamma_std=0.031583, arce_sample_gamma_mean=0.130136, arce_sampled_teacher_overlap_mean=0.712412, arce_teacher_missing_mass_mean=0.146623, arce_teacher_missing_mass_std=0.090608
09/05/2026,06:25:38: Training...
09/05/2026,06:25:39: Evaluating...
09/05/2026,06:25:39: 	Train Loss: 3439367.0000 (base: 178.5083, kd: 6878.3774), Elapsed: train 2.56 test 0.27
09/05/2026,06:25:39: 	Recall@10: 0.06887 Recall@20: 0.10009 NDCG@10: 0.04057 NDCG@20: 0.04913 
09/05/2026,06:25:39: 	Recall@10: 0.02738 Recall@20: 0.04353 NDCG@10: 0.01496 NDCG@20: 0.01934 
09/05/2026,06:25:39: Epoch [147/1000]
09/05/2026,06:25:39: Negative sampling...
09/05/2026,06:25:40: Model's personal time...
09/05/2026,06:25:40: Model diagnostics: arce_anchor_count_mean=35.646866, arce_blocker_budget_mean=14.353132, arce_blocker_entropy_mean=4.763113, arce_gamma_effective_beta=2.420143, arce_gamma_max=0.363533, arce_gamma_mean=0.129929, arce_gamma_min=0.088909, arce_gamma_mode=teacher_mass_calibrated, arce_gamma_std=0.031552, arce_sample_gamma_mean=0.129929, arce_sampled_teacher_overlap_mean=0.712937, arce_teacher_missing_mass_mean=0.146220, arce_teacher_missing_mass_std=0.090573
09/05/2026,06:25:40: Training...
09/05/2026,06:25:42: Evaluating...
09/05/2026,06:25:42: 	Train Loss: 3439951.0000 (base: 181.0597, kd: 6879.5405), Elapsed: train 2.65 test 0.30 *
09/05/2026,06:25:42: 	Recall@10: 0.06887 Recall@20: 0.10093 NDCG@10: 0.04072 NDCG@20: 0.04948 
09/05/2026,06:25:42: 	Recall@10: 0.02792 Recall@20: 0.04390 NDCG@10: 0.01517 NDCG@20: 0.01950 
09/05/2026,06:25:42: Epoch [148/1000]
09/05/2026,06:25:42: Negative sampling...
09/05/2026,06:25:43: Model's personal time...
09/05/2026,06:25:43: Model diagnostics: arce_anchor_count_mean=35.676182, arce_blocker_budget_mean=14.323816, arce_blocker_entropy_mean=4.761035, arce_gamma_effective_beta=2.421618, arce_gamma_max=0.363309, arce_gamma_mean=0.129642, arce_gamma_min=0.088778, arce_gamma_mode=teacher_mass_calibrated, arce_gamma_std=0.031439, arce_sample_gamma_mean=0.129642, arce_sampled_teacher_overlap_mean=0.713524, arce_teacher_missing_mass_mean=0.145852, arce_teacher_missing_mass_std=0.090406
09/05/2026,06:25:43: Training...
09/05/2026,06:25:45: Evaluating...
09/05/2026,06:25:45: 	Train Loss: 3439824.0000 (base: 181.3371, kd: 6879.2852), Elapsed: train 2.60 test 0.26
09/05/2026,06:25:45: 	Recall@10: 0.06853 Recall@20: 0.10027 NDCG@10: 0.04072 NDCG@20: 0.04943 
09/05/2026,06:25:45: 	Recall@10: 0.02799 Recall@20: 0.04385 NDCG@10: 0.01520 NDCG@20: 0.01949 
09/05/2026,06:25:45: Epoch [149/1000]
09/05/2026,06:25:45: Negative sampling...
09/05/2026,06:25:46: Model's personal time...
09/05/2026,06:25:46: Model diagnostics: arce_anchor_count_mean=35.700901, arce_blocker_budget_mean=14.299099, arce_blocker_entropy_mean=4.758867, arce_gamma_effective_beta=2.422780, arce_gamma_max=0.363133, arce_gamma_mean=0.129395, arce_gamma_min=0.088675, arce_gamma_mode=teacher_mass_calibrated, arce_gamma_std=0.031307, arce_sample_gamma_mean=0.129395, arce_sampled_teacher_overlap_mean=0.714018, arce_teacher_missing_mass_mean=0.145522, arce_teacher_missing_mass_std=0.090168
09/05/2026,06:25:46: Training...
09/05/2026,06:25:47: Evaluating...
09/05/2026,06:25:48: 	Train Loss: 3439465.7500 (base: 178.1169, kd: 6878.5752), Elapsed: train 2.52 test 0.26
09/05/2026,06:25:48: 	Recall@10: 0.06890 Recall@20: 0.10116 NDCG@10: 0.04060 NDCG@20: 0.04941 
09/05/2026,06:25:48: 	Recall@10: 0.02821 Recall@20: 0.04401 NDCG@10: 0.01514 NDCG@20: 0.01942 
09/05/2026,06:25:48: Epoch [150/1000]
09/05/2026,06:25:48: Negative sampling...
09/05/2026,06:25:49: Model's personal time...
09/05/2026,06:25:49: Model diagnostics: arce_anchor_count_mean=35.727917, arce_blocker_budget_mean=14.272082, arce_blocker_entropy_mean=4.754940, arce_gamma_effective_beta=2.423789, arce_gamma_max=0.362980, arce_gamma_mean=0.129164, arce_gamma_min=0.088585, arce_gamma_mode=teacher_mass_calibrated, arce_gamma_std=0.031216, arce_sample_gamma_mean=0.129164, arce_sampled_teacher_overlap_mean=0.714558, arce_teacher_missing_mass_mean=0.145160, arce_teacher_missing_mass_std=0.090048
09/05/2026,06:25:49: Training...
09/05/2026,06:25:50: Evaluating...
09/05/2026,06:25:51: 	Train Loss: 3440058.7500 (base: 175.9238, kd: 6879.7651), Elapsed: train 2.57 test 0.26
09/05/2026,06:25:51: 	Recall@10: 0.06840 Recall@20: 0.10028 NDCG@10: 0.04076 NDCG@20: 0.04940 
09/05/2026,06:25:51: 	Recall@10: 0.02761 Recall@20: 0.04387 NDCG@10: 0.01516 NDCG@20: 0.01955 
09/05/2026,06:25:51: Epoch [151/1000]
09/05/2026,06:25:51: Negative sampling...
09/05/2026,06:25:52: Model's personal time...
09/05/2026,06:25:52: Model diagnostics: arce_anchor_count_mean=35.753399, arce_blocker_budget_mean=14.246599, arce_blocker_entropy_mean=4.756351, arce_gamma_effective_beta=2.424320, arce_gamma_max=0.362899, arce_gamma_mean=0.128939, arce_gamma_min=0.088538, arce_gamma_mode=teacher_mass_calibrated, arce_gamma_std=0.031010, arce_sample_gamma_mean=0.128939, arce_sampled_teacher_overlap_mean=0.715068, arce_teacher_missing_mass_mean=0.144707, arce_teacher_missing_mass_std=0.089719
09/05/2026,06:25:52: Training...
09/05/2026,06:25:53: Evaluating...
09/05/2026,06:25:53: 	Train Loss: 3440454.2500 (base: 176.8087, kd: 6880.5542), Elapsed: train 2.52 test 0.26
09/05/2026,06:25:53: 	Recall@10: 0.06942 Recall@20: 0.10020 NDCG@10: 0.04074 NDCG@20: 0.04914 
09/05/2026,06:25:53: 	Recall@10: 0.02777 Recall@20: 0.04357 NDCG@10: 0.01520 NDCG@20: 0.01949 
09/05/2026,06:25:53: Epoch [152/1000]
09/05/2026,06:25:53: Negative sampling...
09/05/2026,06:25:55: Model's personal time...
09/05/2026,06:25:55: Model diagnostics: arce_anchor_count_mean=35.776203, arce_blocker_budget_mean=14.223798, arce_blocker_entropy_mean=4.753974, arce_gamma_effective_beta=2.425029, arce_gamma_max=0.350479, arce_gamma_mean=0.128743, arce_gamma_min=0.088476, arce_gamma_mode=teacher_mass_calibrated, arce_gamma_std=0.030884, arce_sample_gamma_mean=0.128743, arce_sampled_teacher_overlap_mean=0.715524, arce_teacher_missing_mass_mean=0.144367, arce_teacher_missing_mass_std=0.089555
09/05/2026,06:25:55: Training...
09/05/2026,06:25:56: Evaluating...
09/05/2026,06:25:56: 	Train Loss: 3440403.5000 (base: 172.1273, kd: 6880.4629), Elapsed: train 2.54 test 0.26
09/05/2026,06:25:56: 	Recall@10: 0.06867 Recall@20: 0.10026 NDCG@10: 0.04074 NDCG@20: 0.04939 
09/05/2026,06:25:56: 	Recall@10: 0.02777 Recall@20: 0.04360 NDCG@10: 0.01516 NDCG@20: 0.01944 
09/05/2026,06:25:56: Epoch [153/1000]
09/05/2026,06:25:56: Negative sampling...
09/05/2026,06:25:57: Model's personal time...
09/05/2026,06:25:57: Model diagnostics: arce_anchor_count_mean=35.810692, arce_blocker_budget_mean=14.189308, arce_blocker_entropy_mean=4.755516, arce_gamma_effective_beta=2.426706, arce_gamma_max=0.337124, arce_gamma_mean=0.128406, arce_gamma_min=0.088327, arce_gamma_mode=teacher_mass_calibrated, arce_gamma_std=0.030694, arce_sample_gamma_mean=0.128406, arce_sampled_teacher_overlap_mean=0.716214, arce_teacher_missing_mass_mean=0.143923, arce_teacher_missing_mass_std=0.089327
09/05/2026,06:25:57: Training...
09/05/2026,06:25:58: Evaluating...
09/05/2026,06:25:59: 	Train Loss: 3439878.5000 (base: 173.6582, kd: 6879.4092), Elapsed: train 2.37 test 0.26
09/05/2026,06:25:59: 	Recall@10: 0.06862 Recall@20: 0.10057 NDCG@10: 0.04055 NDCG@20: 0.04932 
09/05/2026,06:25:59: 	Recall@10: 0.02724 Recall@20: 0.04331 NDCG@10: 0.01497 NDCG@20: 0.01933 
09/05/2026,06:25:59: Epoch [154/1000]
09/05/2026,06:25:59: Negative sampling...
09/05/2026,06:26:00: Model's personal time...
09/05/2026,06:26:00: Model diagnostics: arce_anchor_count_mean=35.835602, arce_blocker_budget_mean=14.164399, arce_blocker_entropy_mean=4.750130, arce_gamma_effective_beta=2.427860, arce_gamma_max=0.349653, arce_gamma_mean=0.128180, arce_gamma_min=0.088225, arce_gamma_mode=teacher_mass_calibrated, arce_gamma_std=0.030684, arce_sample_gamma_mean=0.128180, arce_sampled_teacher_overlap_mean=0.716712, arce_teacher_missing_mass_mean=0.143599, arce_teacher_missing_mass_std=0.089264
09/05/2026,06:26:00: Training...
09/05/2026,06:26:01: Evaluating...
09/05/2026,06:26:02: 	Train Loss: 3440128.5000 (base: 183.2009, kd: 6879.8916), Elapsed: train 2.59 test 0.26
09/05/2026,06:26:02: 	Recall@10: 0.06879 Recall@20: 0.10052 NDCG@10: 0.04071 NDCG@20: 0.04942 
09/05/2026,06:26:02: 	Recall@10: 0.02784 Recall@20: 0.04368 NDCG@10: 0.01515 NDCG@20: 0.01945 
09/05/2026,06:26:02: Epoch [155/1000]
09/05/2026,06:26:02: Negative sampling...
09/05/2026,06:26:03: Model's personal time...
09/05/2026,06:26:03: Model diagnostics: arce_anchor_count_mean=35.879860, arce_blocker_budget_mean=14.120138, arce_blocker_entropy_mean=4.749601, arce_gamma_effective_beta=2.429748, arce_gamma_max=0.336665, arce_gamma_mean=0.127810, arce_gamma_min=0.088059, arce_gamma_mode=teacher_mass_calibrated, arce_gamma_std=0.030547, arce_sample_gamma_mean=0.127810, arce_sampled_teacher_overlap_mean=0.717597, arce_teacher_missing_mass_mean=0.143099, arce_teacher_missing_mass_std=0.089115
09/05/2026,06:26:03: Training...
09/05/2026,06:26:04: Evaluating...
09/05/2026,06:26:04: 	Train Loss: 3440533.5000 (base: 180.8578, kd: 6880.7051), Elapsed: train 2.48 test 0.26
09/05/2026,06:26:04: 	Recall@10: 0.06900 Recall@20: 0.09946 NDCG@10: 0.04077 NDCG@20: 0.04918 
09/05/2026,06:26:04: 	Recall@10: 0.02725 Recall@20: 0.04366 NDCG@10: 0.01488 NDCG@20: 0.01934 
09/05/2026,06:26:04: Epoch [156/1000]
09/05/2026,06:26:04: Negative sampling...
09/05/2026,06:26:06: Model's personal time...
09/05/2026,06:26:06: Model diagnostics: arce_anchor_count_mean=35.887527, arce_blocker_budget_mean=14.112473, arce_blocker_entropy_mean=4.749124, arce_gamma_effective_beta=2.430300, arce_gamma_max=0.336582, arce_gamma_mean=0.127672, arce_gamma_min=0.088010, arce_gamma_mode=teacher_mass_calibrated, arce_gamma_std=0.030437, arce_sample_gamma_mean=0.127672, arce_sampled_teacher_overlap_mean=0.717750, arce_teacher_missing_mass_mean=0.142898, arce_teacher_missing_mass_std=0.088883
09/05/2026,06:26:06: Training...
09/05/2026,06:26:07: Evaluating...
09/05/2026,06:26:07: 	Train Loss: 3440209.0000 (base: 183.4806, kd: 6880.0508), Elapsed: train 2.48 test 0.25
09/05/2026,06:26:07: 	Recall@10: 0.06880 Recall@20: 0.09988 NDCG@10: 0.04060 NDCG@20: 0.04914 
09/05/2026,06:26:07: 	Recall@10: 0.02777 Recall@20: 0.04385 NDCG@10: 0.01505 NDCG@20: 0.01937 
09/05/2026,06:26:07: Epoch [157/1000]
09/05/2026,06:26:07: Negative sampling...
09/05/2026,06:26:08: Model's personal time...
09/05/2026,06:26:08: Model diagnostics: arce_anchor_count_mean=35.911476, arce_blocker_budget_mean=14.088523, arce_blocker_entropy_mean=4.749100, arce_gamma_effective_beta=2.431275, arce_gamma_max=0.336435, arce_gamma_mean=0.127466, arce_gamma_min=0.087925, arce_gamma_mode=teacher_mass_calibrated, arce_gamma_std=0.030413, arce_sample_gamma_mean=0.127466, arce_sampled_teacher_overlap_mean=0.718230, arce_teacher_missing_mass_mean=0.142572, arce_teacher_missing_mass_std=0.088860
09/05/2026,06:26:08: Training...
09/05/2026,06:26:10: Evaluating...
09/05/2026,06:26:10: 	Train Loss: 3440975.5000 (base: 183.8406, kd: 6881.5830), Elapsed: train 2.55 test 0.30 *
09/05/2026,06:26:10: 	Recall@10: 0.07011 Recall@20: 0.10052 NDCG@10: 0.04137 NDCG@20: 0.04965 
09/05/2026,06:26:10: 	Recall@10: 0.02757 Recall@20: 0.04420 NDCG@10: 0.01503 NDCG@20: 0.01954 
09/05/2026,06:26:10: Epoch [158/1000]
09/05/2026,06:26:10: Negative sampling...
09/05/2026,06:26:11: Model's personal time...
09/05/2026,06:26:11: Model diagnostics: arce_anchor_count_mean=35.939644, arce_blocker_budget_mean=14.060356, arce_blocker_entropy_mean=4.746765, arce_gamma_effective_beta=2.432419, arce_gamma_max=0.336262, arce_gamma_mean=0.127224, arce_gamma_min=0.087824, arce_gamma_mode=teacher_mass_calibrated, arce_gamma_std=0.030298, arce_sample_gamma_mean=0.127224, arce_sampled_teacher_overlap_mean=0.718793, arce_teacher_missing_mass_mean=0.142226, arce_teacher_missing_mass_std=0.088685
09/05/2026,06:26:11: Training...
09/05/2026,06:26:12: Evaluating...
09/05/2026,06:26:13: 	Train Loss: 3440697.7500 (base: 180.7615, kd: 6881.0342), Elapsed: train 2.56 test 0.33
09/05/2026,06:26:13: 	Recall@10: 0.06906 Recall@20: 0.10046 NDCG@10: 0.04074 NDCG@20: 0.04934 
09/05/2026,06:26:13: 	Recall@10: 0.02777 Recall@20: 0.04357 NDCG@10: 0.01515 NDCG@20: 0.01943 
09/05/2026,06:26:13: Epoch [159/1000]
09/05/2026,06:26:13: Negative sampling...
09/05/2026,06:26:14: Model's personal time...
09/05/2026,06:26:14: Model diagnostics: arce_anchor_count_mean=35.979115, arce_blocker_budget_mean=14.020885, arce_blocker_entropy_mean=4.748875, arce_gamma_effective_beta=2.434060, arce_gamma_max=0.347402, arce_gamma_mean=0.126909, arce_gamma_min=0.087680, arce_gamma_mode=teacher_mass_calibrated, arce_gamma_std=0.030256, arce_sample_gamma_mean=0.126909, arce_sampled_teacher_overlap_mean=0.719582, arce_teacher_missing_mass_mean=0.141779, arce_teacher_missing_mass_std=0.088623
09/05/2026,06:26:14: Training...
09/05/2026,06:26:15: Evaluating...
09/05/2026,06:26:16: 	Train Loss: 3441222.5000 (base: 179.8505, kd: 6882.0845), Elapsed: train 2.52 test 0.26
09/05/2026,06:26:16: 	Recall@10: 0.07018 Recall@20: 0.10035 NDCG@10: 0.04090 NDCG@20: 0.04922 
09/05/2026,06:26:16: 	Recall@10: 0.02733 Recall@20: 0.04388 NDCG@10: 0.01502 NDCG@20: 0.01952 
09/05/2026,06:26:16: Epoch [160/1000]
09/05/2026,06:26:16: Negative sampling...
09/05/2026,06:26:17: Model's personal time...
09/05/2026,06:26:17: Model diagnostics: arce_anchor_count_mean=36.001724, arce_blocker_budget_mean=13.998276, arce_blocker_entropy_mean=4.745310, arce_gamma_effective_beta=2.435220, arce_gamma_max=0.347227, arce_gamma_mean=0.126686, arce_gamma_min=0.087578, arce_gamma_mode=teacher_mass_calibrated, arce_gamma_std=0.030153, arce_sample_gamma_mean=0.126686, arce_sampled_teacher_overlap_mean=0.720034, arce_teacher_missing_mass_mean=0.141498, arce_teacher_missing_mass_std=0.088450
09/05/2026,06:26:17: Training...
09/05/2026,06:26:18: Evaluating...
09/05/2026,06:26:18: 	Train Loss: 3440559.5000 (base: 177.3559, kd: 6880.7646), Elapsed: train 2.50 test 0.33
09/05/2026,06:26:18: 	Recall@10: 0.06964 Recall@20: 0.10080 NDCG@10: 0.04066 NDCG@20: 0.04926 
09/05/2026,06:26:18: 	Recall@10: 0.02811 Recall@20: 0.04413 NDCG@10: 0.01530 NDCG@20: 0.01967 
09/05/2026,06:26:18: Epoch [161/1000]
09/05/2026,06:26:18: Negative sampling...
09/05/2026,06:26:20: Model's personal time...
09/05/2026,06:26:20: Model diagnostics: arce_anchor_count_mean=36.031422, arce_blocker_budget_mean=13.968576, arce_blocker_entropy_mean=4.743424, arce_gamma_effective_beta=2.436244, arce_gamma_max=0.347072, arce_gamma_mean=0.126431, arce_gamma_min=0.087489, arce_gamma_mode=teacher_mass_calibrated, arce_gamma_std=0.030012, arce_sample_gamma_mean=0.126431, arce_sampled_teacher_overlap_mean=0.720628, arce_teacher_missing_mass_mean=0.141079, arce_teacher_missing_mass_std=0.088209
09/05/2026,06:26:20: Training...
09/05/2026,06:26:21: Evaluating...
09/05/2026,06:26:21: 	Train Loss: 3440932.5000 (base: 178.5227, kd: 6881.5083), Elapsed: train 2.46 test 0.26
09/05/2026,06:26:21: 	Recall@10: 0.06908 Recall@20: 0.09985 NDCG@10: 0.04077 NDCG@20: 0.04923 
09/05/2026,06:26:21: 	Recall@10: 0.02766 Recall@20: 0.04340 NDCG@10: 0.01513 NDCG@20: 0.01941 
09/05/2026,06:26:21: Epoch [162/1000]
09/05/2026,06:26:21: Negative sampling...
09/05/2026,06:26:23: Model's personal time...
09/05/2026,06:26:23: Model diagnostics: arce_anchor_count_mean=36.050777, arce_blocker_budget_mean=13.949224, arce_blocker_entropy_mean=4.744412, arce_gamma_effective_beta=2.436948, arce_gamma_max=0.346966, arce_gamma_mean=0.126263, arce_gamma_min=0.087427, arce_gamma_mode=teacher_mass_calibrated, arce_gamma_std=0.029954, arce_sample_gamma_mean=0.126263, arce_sampled_teacher_overlap_mean=0.721016, arce_teacher_missing_mass_mean=0.140794, arce_teacher_missing_mass_std=0.088120
09/05/2026,06:26:23: Training...
09/05/2026,06:26:24: Evaluating...
09/05/2026,06:26:24: 	Train Loss: 3441139.5000 (base: 177.5267, kd: 6881.9248), Elapsed: train 2.70 test 0.26
09/05/2026,06:26:24: 	Recall@10: 0.06953 Recall@20: 0.10064 NDCG@10: 0.04087 NDCG@20: 0.04943 
09/05/2026,06:26:24: 	Recall@10: 0.02785 Recall@20: 0.04295 NDCG@10: 0.01519 NDCG@20: 0.01931 
09/05/2026,06:26:24: Epoch [163/1000]
09/05/2026,06:26:24: Negative sampling...
09/05/2026,06:26:26: Model's personal time...
09/05/2026,06:26:26: Model diagnostics: arce_anchor_count_mean=36.090820, arce_blocker_budget_mean=13.909178, arce_blocker_entropy_mean=4.738477, arce_gamma_effective_beta=2.438792, arce_gamma_max=0.346688, arce_gamma_mean=0.125916, arce_gamma_min=0.087266, arce_gamma_mode=teacher_mass_calibrated, arce_gamma_std=0.029834, arce_sample_gamma_mean=0.125916, arce_sampled_teacher_overlap_mean=0.721816, arce_teacher_missing_mass_mean=0.140348, arce_teacher_missing_mass_std=0.087897
09/05/2026,06:26:26: Training...
09/05/2026,06:26:27: Evaluating...
09/05/2026,06:26:27: 	Train Loss: 3441517.7500 (base: 176.1614, kd: 6882.6821), Elapsed: train 2.80 test 0.33
09/05/2026,06:26:27: 	Recall@10: 0.06906 Recall@20: 0.10096 NDCG@10: 0.04074 NDCG@20: 0.04946 
09/05/2026,06:26:27: 	Recall@10: 0.02754 Recall@20: 0.04358 NDCG@10: 0.01511 NDCG@20: 0.01946 
09/05/2026,06:26:27: Epoch [164/1000]
09/05/2026,06:26:27: Negative sampling...
09/05/2026,06:26:29: Model's personal time...
09/05/2026,06:26:29: Model diagnostics: arce_anchor_count_mean=36.111515, arce_blocker_budget_mean=13.888484, arce_blocker_entropy_mean=4.739390, arce_gamma_effective_beta=2.439495, arce_gamma_max=0.346582, arce_gamma_mean=0.125746, arce_gamma_min=0.087205, arce_gamma_mode=teacher_mass_calibrated, arce_gamma_std=0.029764, arce_sample_gamma_mean=0.125746, arce_sampled_teacher_overlap_mean=0.722230, arce_teacher_missing_mass_mean=0.140060, arce_teacher_missing_mass_std=0.087805
09/05/2026,06:26:29: Training...
09/05/2026,06:26:30: Evaluating...
09/05/2026,06:26:30: 	Train Loss: 3441721.7500 (base: 174.9074, kd: 6883.0928), Elapsed: train 2.90 test 0.26
09/05/2026,06:26:30: 	Recall@10: 0.06897 Recall@20: 0.10124 NDCG@10: 0.04062 NDCG@20: 0.04944 
09/05/2026,06:26:30: 	Recall@10: 0.02807 Recall@20: 0.04367 NDCG@10: 0.01526 NDCG@20: 0.01949 
09/05/2026,06:26:30: Epoch [165/1000]
09/05/2026,06:26:30: Negative sampling...
09/05/2026,06:26:32: Model's personal time...
09/05/2026,06:26:32: Model diagnostics: arce_anchor_count_mean=36.135658, arce_blocker_budget_mean=13.864342, arce_blocker_entropy_mean=4.737371, arce_gamma_effective_beta=2.440798, arce_gamma_max=0.346386, arce_gamma_mean=0.125507, arce_gamma_min=0.087091, arce_gamma_mode=teacher_mass_calibrated, arce_gamma_std=0.029659, arce_sample_gamma_mean=0.125507, arce_sampled_teacher_overlap_mean=0.722713, arce_teacher_missing_mass_mean=0.139766, arce_teacher_missing_mass_std=0.087641
09/05/2026,06:26:32: Training...
09/05/2026,06:26:33: Evaluating...
09/05/2026,06:26:33: 	Train Loss: 3441613.0000 (base: 174.4489, kd: 6882.8770), Elapsed: train 2.47 test 0.29
09/05/2026,06:26:33: 	Recall@10: 0.06805 Recall@20: 0.10051 NDCG@10: 0.04041 NDCG@20: 0.04941 
09/05/2026,06:26:33: 	Recall@10: 0.02802 Recall@20: 0.04311 NDCG@10: 0.01525 NDCG@20: 0.01937 
09/05/2026,06:26:33: Epoch [166/1000]
09/05/2026,06:26:33: Negative sampling...
09/05/2026,06:26:35: Model's personal time...
09/05/2026,06:26:35: Model diagnostics: arce_anchor_count_mean=36.165356, arce_blocker_budget_mean=13.834642, arce_blocker_entropy_mean=4.736195, arce_gamma_effective_beta=2.441889, arce_gamma_max=0.346222, arce_gamma_mean=0.125269, arce_gamma_min=0.086996, arce_gamma_mode=teacher_mass_calibrated, arce_gamma_std=0.029573, arce_sample_gamma_mean=0.125269, arce_sampled_teacher_overlap_mean=0.723307, arce_teacher_missing_mass_mean=0.139399, arce_teacher_missing_mass_std=0.087486
09/05/2026,06:26:35: Training...
09/05/2026,06:26:36: Evaluating...
09/05/2026,06:26:36: 	Train Loss: 3441735.7500 (base: 174.6478, kd: 6883.1230), Elapsed: train 2.67 test 0.26
09/05/2026,06:26:36: 	Recall@10: 0.06861 Recall@20: 0.10082 NDCG@10: 0.04072 NDCG@20: 0.04957 
09/05/2026,06:26:36: 	Recall@10: 0.02784 Recall@20: 0.04331 NDCG@10: 0.01521 NDCG@20: 0.01944 
09/05/2026,06:26:36: Epoch [167/1000]
09/05/2026,06:26:36: Negative sampling...
09/05/2026,06:26:37: Model's personal time...
09/05/2026,06:26:37: Model diagnostics: arce_anchor_count_mean=36.184902, arce_blocker_budget_mean=13.815099, arce_blocker_entropy_mean=4.737752, arce_gamma_effective_beta=2.442816, arce_gamma_max=0.346083, arce_gamma_mean=0.125081, arce_gamma_min=0.086916, arce_gamma_mode=teacher_mass_calibrated, arce_gamma_std=0.029503, arce_sample_gamma_mean=0.125081, arce_sampled_teacher_overlap_mean=0.723698, arce_teacher_missing_mass_mean=0.139134, arce_teacher_missing_mass_std=0.087348
09/05/2026,06:26:37: Training...
09/05/2026,06:26:39: Evaluating...
09/05/2026,06:26:39: 	Train Loss: 3441413.7500 (base: 171.5350, kd: 6882.4844), Elapsed: train 2.64 test 0.31 *
09/05/2026,06:26:39: 	Recall@10: 0.06888 Recall@20: 0.10111 NDCG@10: 0.04098 NDCG@20: 0.04983 
09/05/2026,06:26:39: 	Recall@10: 0.02766 Recall@20: 0.04274 NDCG@10: 0.01515 NDCG@20: 0.01929 
09/05/2026,06:26:39: Epoch [168/1000]
09/05/2026,06:26:39: Negative sampling...
09/05/2026,06:26:40: Model's personal time...
09/05/2026,06:26:40: Model diagnostics: arce_anchor_count_mean=36.214218, arce_blocker_budget_mean=13.785783, arce_blocker_entropy_mean=4.738045, arce_gamma_effective_beta=2.443893, arce_gamma_max=0.345921, arce_gamma_mean=0.124856, arce_gamma_min=0.086822, arce_gamma_mode=teacher_mass_calibrated, arce_gamma_std=0.029444, arce_sample_gamma_mean=0.124856, arce_sampled_teacher_overlap_mean=0.724284, arce_teacher_missing_mass_mean=0.138780, arce_teacher_missing_mass_std=0.087291
09/05/2026,06:26:40: Training...
09/05/2026,06:26:42: Evaluating...
09/05/2026,06:26:42: 	Train Loss: 3441834.7500 (base: 173.3022, kd: 6883.3232), Elapsed: train 2.68 test 0.27
09/05/2026,06:26:42: 	Recall@10: 0.06807 Recall@20: 0.10097 NDCG@10: 0.04065 NDCG@20: 0.04977 
09/05/2026,06:26:42: 	Recall@10: 0.02744 Recall@20: 0.04294 NDCG@10: 0.01515 NDCG@20: 0.01937 
09/05/2026,06:26:42: Epoch [169/1000]
09/05/2026,06:26:42: Negative sampling...
09/05/2026,06:26:43: Model's personal time...
09/05/2026,06:26:43: Model diagnostics: arce_anchor_count_mean=36.223221, arce_blocker_budget_mean=13.776777, arce_blocker_entropy_mean=4.731352, arce_gamma_effective_beta=2.444156, arce_gamma_max=0.345881, arce_gamma_mean=0.124750, arce_gamma_min=0.086799, arce_gamma_mode=teacher_mass_calibrated, arce_gamma_std=0.029346, arce_sample_gamma_mean=0.124750, arce_sampled_teacher_overlap_mean=0.724464, arce_teacher_missing_mass_mean=0.138572, arce_teacher_missing_mass_std=0.087075
09/05/2026,06:26:43: Training...
09/05/2026,06:26:44: Evaluating...
09/05/2026,06:26:45: 	Train Loss: 3442233.5000 (base: 172.1208, kd: 6884.1230), Elapsed: train 2.37 test 0.27
09/05/2026,06:26:45: 	Recall@10: 0.06842 Recall@20: 0.10106 NDCG@10: 0.04076 NDCG@20: 0.04981 
09/05/2026,06:26:45: 	Recall@10: 0.02796 Recall@20: 0.04328 NDCG@10: 0.01517 NDCG@20: 0.01939 
09/05/2026,06:26:45: Epoch [170/1000]
09/05/2026,06:26:45: Negative sampling...
09/05/2026,06:26:46: Model's personal time...
09/05/2026,06:26:46: Model diagnostics: arce_anchor_count_mean=36.256180, arce_blocker_budget_mean=13.743820, arce_blocker_entropy_mean=4.732161, arce_gamma_effective_beta=2.445470, arce_gamma_max=0.334302, arce_gamma_mean=0.124466, arce_gamma_min=0.086685, arce_gamma_mode=teacher_mass_calibrated, arce_gamma_std=0.029144, arce_sample_gamma_mean=0.124466, arce_sampled_teacher_overlap_mean=0.725124, arce_teacher_missing_mass_mean=0.138159, arce_teacher_missing_mass_std=0.086818
09/05/2026,06:26:46: Training...
09/05/2026,06:26:47: Evaluating...
09/05/2026,06:26:48: 	Train Loss: 3441842.7500 (base: 172.8938, kd: 6883.3403), Elapsed: train 2.67 test 0.26 *
09/05/2026,06:26:48: 	Recall@10: 0.06818 Recall@20: 0.10112 NDCG@10: 0.04076 NDCG@20: 0.04987 
09/05/2026,06:26:48: 	Recall@10: 0.02706 Recall@20: 0.04316 NDCG@10: 0.01500 NDCG@20: 0.01940 
09/05/2026,06:26:48: Epoch [171/1000]
09/05/2026,06:26:48: Negative sampling...
09/05/2026,06:26:49: Model's personal time...
09/05/2026,06:26:49: Model diagnostics: arce_anchor_count_mean=36.278599, arce_blocker_budget_mean=13.721402, arce_blocker_entropy_mean=4.733163, arce_gamma_effective_beta=2.446486, arce_gamma_max=0.345532, arce_gamma_mean=0.124262, arce_gamma_min=0.086597, arce_gamma_mode=teacher_mass_calibrated, arce_gamma_std=0.029053, arce_sample_gamma_mean=0.124262, arce_sampled_teacher_overlap_mean=0.725572, arce_teacher_missing_mass_mean=0.137878, arce_teacher_missing_mass_std=0.086650
09/05/2026,06:26:49: Training...
09/05/2026,06:26:50: Evaluating...
09/05/2026,06:26:50: 	Train Loss: 3442383.0000 (base: 172.6277, kd: 6884.4199), Elapsed: train 2.43 test 0.25
09/05/2026,06:26:50: 	Recall@10: 0.06810 Recall@20: 0.10140 NDCG@10: 0.04067 NDCG@20: 0.04987 
09/05/2026,06:26:50: 	Recall@10: 0.02727 Recall@20: 0.04309 NDCG@10: 0.01494 NDCG@20: 0.01925 
09/05/2026,06:26:50: Epoch [172/1000]
09/05/2026,06:26:50: Negative sampling...
09/05/2026,06:26:52: Model's personal time...
09/05/2026,06:26:52: Model diagnostics: arce_anchor_count_mean=36.301014, arce_blocker_budget_mean=13.698984, arce_blocker_entropy_mean=4.730891, arce_gamma_effective_beta=2.447551, arce_gamma_max=0.325616, arce_gamma_mean=0.124076, arce_gamma_min=0.086505, arce_gamma_mode=teacher_mass_calibrated, arce_gamma_std=0.029010, arce_sample_gamma_mean=0.124076, arce_sampled_teacher_overlap_mean=0.726020, arce_teacher_missing_mass_mean=0.137639, arce_teacher_missing_mass_std=0.086616
09/05/2026,06:26:52: Training...
09/05/2026,06:26:53: Evaluating...
09/05/2026,06:26:53: 	Train Loss: 3442394.7500 (base: 170.0852, kd: 6884.4487), Elapsed: train 2.38 test 0.26 *
09/05/2026,06:26:53: 	Recall@10: 0.06893 Recall@20: 0.10123 NDCG@10: 0.04108 NDCG@20: 0.04992 
09/05/2026,06:26:53: 	Recall@10: 0.02744 Recall@20: 0.04309 NDCG@10: 0.01506 NDCG@20: 0.01936 
09/05/2026,06:26:53: Epoch [173/1000]
09/05/2026,06:26:53: Negative sampling...
09/05/2026,06:26:54: Model's personal time...
09/05/2026,06:26:54: Model diagnostics: arce_anchor_count_mean=36.330330, arce_blocker_budget_mean=13.669668, arce_blocker_entropy_mean=4.732563, arce_gamma_effective_beta=2.448960, arce_gamma_max=0.314155, arce_gamma_mean=0.123791, arce_gamma_min=0.086383, arce_gamma_mode=teacher_mass_calibrated, arce_gamma_std=0.028830, arce_sample_gamma_mean=0.123791, arce_sampled_teacher_overlap_mean=0.726607, arce_teacher_missing_mass_mean=0.137257, arce_teacher_missing_mass_std=0.086326
09/05/2026,06:26:54: Training...
09/05/2026,06:26:55: Evaluating...
09/05/2026,06:26:56: 	Train Loss: 3442202.0000 (base: 171.7443, kd: 6884.0605), Elapsed: train 2.41 test 0.33
09/05/2026,06:26:56: 	Recall@10: 0.06863 Recall@20: 0.10072 NDCG@10: 0.04073 NDCG@20: 0.04948 
09/05/2026,06:26:56: 	Recall@10: 0.02757 Recall@20: 0.04266 NDCG@10: 0.01509 NDCG@20: 0.01923 
09/05/2026,06:26:56: Epoch [174/1000]
09/05/2026,06:26:56: Negative sampling...
09/05/2026,06:26:57: Model's personal time...
09/05/2026,06:26:57: Model diagnostics: arce_anchor_count_mean=36.350067, arce_blocker_budget_mean=13.649933, arce_blocker_entropy_mean=4.730097, arce_gamma_effective_beta=2.449687, arce_gamma_max=0.322775, arce_gamma_mean=0.123631, arce_gamma_min=0.086321, arce_gamma_mode=teacher_mass_calibrated, arce_gamma_std=0.028817, arce_sample_gamma_mean=0.123631, arce_sampled_teacher_overlap_mean=0.727001, arce_teacher_missing_mass_mean=0.136982, arce_teacher_missing_mass_std=0.086286
09/05/2026,06:26:57: Training...
09/05/2026,06:26:58: Evaluating...
09/05/2026,06:26:58: 	Train Loss: 3442454.5000 (base: 168.0007, kd: 6884.5728), Elapsed: train 2.57 test 0.25 *
09/05/2026,06:26:58: 	Recall@10: 0.06923 Recall@20: 0.10145 NDCG@10: 0.04111 NDCG@20: 0.04994 
09/05/2026,06:26:58: 	Recall@10: 0.02686 Recall@20: 0.04292 NDCG@10: 0.01479 NDCG@20: 0.01916 
09/05/2026,06:26:58: Epoch [175/1000]
09/05/2026,06:26:58: Negative sampling...
09/05/2026,06:27:00: Model's personal time...
09/05/2026,06:27:00: Model diagnostics: arce_anchor_count_mean=36.372868, arce_blocker_budget_mean=13.627131, arce_blocker_entropy_mean=4.724801, arce_gamma_effective_beta=2.450559, arce_gamma_max=0.313917, arce_gamma_mean=0.123429, arce_gamma_min=0.086245, arce_gamma_mode=teacher_mass_calibrated, arce_gamma_std=0.028697, arce_sample_gamma_mean=0.123429, arce_sampled_teacher_overlap_mean=0.727457, arce_teacher_missing_mass_mean=0.136661, arce_teacher_missing_mass_std=0.086090
09/05/2026,06:27:00: Training...
09/05/2026,06:27:01: Evaluating...
09/05/2026,06:27:01: 	Train Loss: 3442553.5000 (base: 169.7281, kd: 6884.7676), Elapsed: train 2.62 test 0.33
09/05/2026,06:27:01: 	Recall@10: 0.06885 Recall@20: 0.10165 NDCG@10: 0.04098 NDCG@20: 0.04988 
09/05/2026,06:27:01: 	Recall@10: 0.02696 Recall@20: 0.04336 NDCG@10: 0.01502 NDCG@20: 0.01951 
09/05/2026,06:27:01: Epoch [176/1000]
09/05/2026,06:27:01: Negative sampling...
09/05/2026,06:27:03: Model's personal time...
09/05/2026,06:27:03: Model diagnostics: arce_anchor_count_mean=36.397587, arce_blocker_budget_mean=13.602414, arce_blocker_entropy_mean=4.726621, arce_gamma_effective_beta=2.451731, arce_gamma_max=0.305831, arce_gamma_mean=0.123216, arce_gamma_min=0.086144, arce_gamma_mode=teacher_mass_calibrated, arce_gamma_std=0.028613, arce_sample_gamma_mean=0.123216, arce_sampled_teacher_overlap_mean=0.727952, arce_teacher_missing_mass_mean=0.136389, arce_teacher_missing_mass_std=0.085971
09/05/2026,06:27:03: Training...
09/05/2026,06:27:04: Evaluating...
09/05/2026,06:27:05: 	Train Loss: 3442761.5000 (base: 171.9793, kd: 6885.1782), Elapsed: train 3.09 test 0.33
09/05/2026,06:27:05: 	Recall@10: 0.06850 Recall@20: 0.10105 NDCG@10: 0.04051 NDCG@20: 0.04942 
09/05/2026,06:27:05: 	Recall@10: 0.02718 Recall@20: 0.04271 NDCG@10: 0.01508 NDCG@20: 0.01935 
09/05/2026,06:27:05: Epoch [177/1000]
09/05/2026,06:27:05: Negative sampling...
09/05/2026,06:27:07: Model's personal time...
09/05/2026,06:27:07: Model diagnostics: arce_anchor_count_mean=36.421535, arce_blocker_budget_mean=13.578464, arce_blocker_entropy_mean=4.727071, arce_gamma_effective_beta=2.452766, arce_gamma_max=0.305678, arce_gamma_mean=0.123023, arce_gamma_min=0.086055, arce_gamma_mode=teacher_mass_calibrated, arce_gamma_std=0.028594, arce_sample_gamma_mean=0.123023, arce_sampled_teacher_overlap_mean=0.728431, arce_teacher_missing_mass_mean=0.136104, arce_teacher_missing_mass_std=0.085959
09/05/2026,06:27:07: Training...
09/05/2026,06:27:08: Evaluating...
09/05/2026,06:27:08: 	Train Loss: 3442607.0000 (base: 170.5778, kd: 6884.8730), Elapsed: train 2.90 test 0.27 *
09/05/2026,06:27:08: 	Recall@10: 0.06861 Recall@20: 0.10167 NDCG@10: 0.04107 NDCG@20: 0.05008 
09/05/2026,06:27:08: 	Recall@10: 0.02745 Recall@20: 0.04365 NDCG@10: 0.01519 NDCG@20: 0.01960 
09/05/2026,06:27:08: Epoch [178/1000]
09/05/2026,06:27:08: Negative sampling...
09/05/2026,06:27:09: Model's personal time...
09/05/2026,06:27:09: Model diagnostics: arce_anchor_count_mean=36.443378, arce_blocker_budget_mean=13.556620, arce_blocker_entropy_mean=4.722111, arce_gamma_effective_beta=2.453790, arce_gamma_max=0.305527, arce_gamma_mean=0.122812, arce_gamma_min=0.085967, arce_gamma_mode=teacher_mass_calibrated, arce_gamma_std=0.028471, arce_sample_gamma_mean=0.122812, arce_sampled_teacher_overlap_mean=0.728868, arce_teacher_missing_mass_mean=0.135807, arce_teacher_missing_mass_std=0.085755
09/05/2026,06:27:09: Training...
09/05/2026,06:27:11: Evaluating...
09/05/2026,06:27:11: 	Train Loss: 3443247.5000 (base: 167.2175, kd: 6886.1602), Elapsed: train 2.54 test 0.36
09/05/2026,06:27:11: 	Recall@10: 0.06932 Recall@20: 0.10124 NDCG@10: 0.04126 NDCG@20: 0.04997 
09/05/2026,06:27:11: 	Recall@10: 0.02732 Recall@20: 0.04299 NDCG@10: 0.01499 NDCG@20: 0.01930 
09/05/2026,06:27:11: Epoch [179/1000]
09/05/2026,06:27:11: Negative sampling...
09/05/2026,06:27:12: Model's personal time...
09/05/2026,06:27:12: Model diagnostics: arce_anchor_count_mean=36.465031, arce_blocker_budget_mean=13.534968, arce_blocker_entropy_mean=4.723289, arce_gamma_effective_beta=2.454502, arce_gamma_max=0.305422, arce_gamma_mean=0.122626, arce_gamma_min=0.085906, arce_gamma_mode=teacher_mass_calibrated, arce_gamma_std=0.028352, arce_sample_gamma_mean=0.122626, arce_sampled_teacher_overlap_mean=0.729301, arce_teacher_missing_mass_mean=0.135483, arce_teacher_missing_mass_std=0.085549
09/05/2026,06:27:12: Training...
09/05/2026,06:27:13: Evaluating...
09/05/2026,06:27:14: 	Train Loss: 3442631.0000 (base: 168.0735, kd: 6884.9258), Elapsed: train 2.55 test 0.26
09/05/2026,06:27:14: 	Recall@10: 0.06898 Recall@20: 0.10133 NDCG@10: 0.04089 NDCG@20: 0.04972 
09/05/2026,06:27:14: 	Recall@10: 0.02699 Recall@20: 0.04360 NDCG@10: 0.01506 NDCG@20: 0.01962 
09/05/2026,06:27:14: Epoch [180/1000]
09/05/2026,06:27:14: Negative sampling...
09/05/2026,06:27:15: Model's personal time...
09/05/2026,06:27:15: Model diagnostics: arce_anchor_count_mean=36.478634, arce_blocker_budget_mean=13.521364, arce_blocker_entropy_mean=4.719286, arce_gamma_effective_beta=2.455038, arce_gamma_max=0.305343, arce_gamma_mean=0.122504, arce_gamma_min=0.085860, arce_gamma_mode=teacher_mass_calibrated, arce_gamma_std=0.028289, arce_sample_gamma_mean=0.122504, arce_sampled_teacher_overlap_mean=0.729573, arce_teacher_missing_mass_mean=0.135285, arce_teacher_missing_mass_std=0.085456
09/05/2026,06:27:15: Training...
09/05/2026,06:27:16: Evaluating...
09/05/2026,06:27:17: 	Train Loss: 3442748.7500 (base: 169.0498, kd: 6885.1587), Elapsed: train 2.50 test 0.35
09/05/2026,06:27:17: 	Recall@10: 0.06811 Recall@20: 0.10181 NDCG@10: 0.04069 NDCG@20: 0.04987 
09/05/2026,06:27:17: 	Recall@10: 0.02728 Recall@20: 0.04391 NDCG@10: 0.01499 NDCG@20: 0.01954 
09/05/2026,06:27:17: Epoch [181/1000]
09/05/2026,06:27:17: Negative sampling...
09/05/2026,06:27:18: Model's personal time...
09/05/2026,06:27:18: Model diagnostics: arce_anchor_count_mean=36.501820, arce_blocker_budget_mean=13.498179, arce_blocker_entropy_mean=4.720539, arce_gamma_effective_beta=2.455976, arce_gamma_max=0.305204, arce_gamma_mean=0.122321, arce_gamma_min=0.085779, arce_gamma_mode=teacher_mass_calibrated, arce_gamma_std=0.028236, arce_sample_gamma_mean=0.122321, arce_sampled_teacher_overlap_mean=0.730036, arce_teacher_missing_mass_mean=0.135017, arce_teacher_missing_mass_std=0.085375
09/05/2026,06:27:18: Training...
09/05/2026,06:27:19: Evaluating...
09/05/2026,06:27:20: 	Train Loss: 3442873.7500 (base: 167.1855, kd: 6885.4131), Elapsed: train 2.77 test 0.31
09/05/2026,06:27:20: 	Recall@10: 0.06861 Recall@20: 0.10157 NDCG@10: 0.04104 NDCG@20: 0.05006 
09/05/2026,06:27:20: 	Recall@10: 0.02699 Recall@20: 0.04362 NDCG@10: 0.01499 NDCG@20: 0.01953 
09/05/2026,06:27:20: Epoch [182/1000]
09/05/2026,06:27:20: Negative sampling...
09/05/2026,06:27:21: Model's personal time...
09/05/2026,06:27:21: Model diagnostics: arce_anchor_count_mean=36.520023, arce_blocker_budget_mean=13.479977, arce_blocker_entropy_mean=4.716557, arce_gamma_effective_beta=2.456630, arce_gamma_max=0.316070, arce_gamma_mean=0.122182, arce_gamma_min=0.085723, arce_gamma_mode=teacher_mass_calibrated, arce_gamma_std=0.028216, arce_sample_gamma_mean=0.122182, arce_sampled_teacher_overlap_mean=0.730400, arce_teacher_missing_mass_mean=0.134784, arce_teacher_missing_mass_std=0.085336
09/05/2026,06:27:21: Training...
09/05/2026,06:27:22: Evaluating...
09/05/2026,06:27:22: 	Train Loss: 3443473.0000 (base: 165.4390, kd: 6886.6147), Elapsed: train 2.57 test 0.30
09/05/2026,06:27:22: 	Recall@10: 0.06923 Recall@20: 0.10158 NDCG@10: 0.04104 NDCG@20: 0.04993 
09/05/2026,06:27:22: 	Recall@10: 0.02758 Recall@20: 0.04318 NDCG@10: 0.01511 NDCG@20: 0.01940 
09/05/2026,06:27:22: Epoch [183/1000]
09/05/2026,06:27:22: Negative sampling...
09/05/2026,06:27:24: Model's personal time...
09/05/2026,06:27:24: Model diagnostics: arce_anchor_count_mean=36.536694, arce_blocker_budget_mean=13.463307, arce_blocker_entropy_mean=4.717459, arce_gamma_effective_beta=2.457242, arce_gamma_max=0.305017, arce_gamma_mean=0.122040, arce_gamma_min=0.085671, arce_gamma_mode=teacher_mass_calibrated, arce_gamma_std=0.028131, arce_sample_gamma_mean=0.122040, arce_sampled_teacher_overlap_mean=0.730734, arce_teacher_missing_mass_mean=0.134555, arce_teacher_missing_mass_std=0.085206
09/05/2026,06:27:24: Training...
09/05/2026,06:27:25: Evaluating...
09/05/2026,06:27:25: 	Train Loss: 3443032.0000 (base: 164.1619, kd: 6885.7358), Elapsed: train 2.44 test 0.26 *
09/05/2026,06:27:25: 	Recall@10: 0.06874 Recall@20: 0.10151 NDCG@10: 0.04116 NDCG@20: 0.05015 
09/05/2026,06:27:25: 	Recall@10: 0.02741 Recall@20: 0.04343 NDCG@10: 0.01506 NDCG@20: 0.01944 
09/05/2026,06:27:25: Epoch [184/1000]
09/05/2026,06:27:25: Negative sampling...
09/05/2026,06:27:27: Model's personal time...
09/05/2026,06:27:27: Model diagnostics: arce_anchor_count_mean=36.551640, arce_blocker_budget_mean=13.448361, arce_blocker_entropy_mean=4.712702, arce_gamma_effective_beta=2.457583, arce_gamma_max=0.304967, arce_gamma_mean=0.121925, arce_gamma_min=0.085642, arce_gamma_mode=teacher_mass_calibrated, arce_gamma_std=0.028062, arce_sample_gamma_mean=0.121925, arce_sampled_teacher_overlap_mean=0.731033, arce_teacher_missing_mass_mean=0.134313, arce_teacher_missing_mass_std=0.085099
09/05/2026,06:27:27: Training...
09/05/2026,06:27:28: Evaluating...
09/05/2026,06:27:28: 	Train Loss: 3443189.5000 (base: 164.6709, kd: 6886.0498), Elapsed: train 2.40 test 0.25 *
09/05/2026,06:27:28: 	Recall@10: 0.06900 Recall@20: 0.10242 NDCG@10: 0.04112 NDCG@20: 0.05022 
09/05/2026,06:27:28: 	Recall@10: 0.02757 Recall@20: 0.04316 NDCG@10: 0.01518 NDCG@20: 0.01945 
09/05/2026,06:27:28: Epoch [185/1000]
09/05/2026,06:27:28: Negative sampling...
09/05/2026,06:27:29: Model's personal time...
09/05/2026,06:27:29: Model diagnostics: arce_anchor_count_mean=36.579037, arce_blocker_budget_mean=13.420961, arce_blocker_entropy_mean=4.713395, arce_gamma_effective_beta=2.458875, arce_gamma_max=0.304777, arce_gamma_mean=0.121694, arce_gamma_min=0.085531, arce_gamma_mode=teacher_mass_calibrated, arce_gamma_std=0.027969, arce_sample_gamma_mean=0.121694, arce_sampled_teacher_overlap_mean=0.731581, arce_teacher_missing_mass_mean=0.134023, arce_teacher_missing_mass_std=0.084937
09/05/2026,06:27:29: Training...
09/05/2026,06:27:30: Evaluating...
09/05/2026,06:27:30: 	Train Loss: 3443550.5000 (base: 166.5704, kd: 6886.7676), Elapsed: train 2.36 test 0.25 *
09/05/2026,06:27:30: 	Recall@10: 0.06892 Recall@20: 0.10348 NDCG@10: 0.04102 NDCG@20: 0.05044 
09/05/2026,06:27:30: 	Recall@10: 0.02770 Recall@20: 0.04326 NDCG@10: 0.01518 NDCG@20: 0.01944 
09/05/2026,06:27:30: Epoch [186/1000]
09/05/2026,06:27:30: Negative sampling...
09/05/2026,06:27:32: Model's personal time...
09/05/2026,06:27:32: Model diagnostics: arce_anchor_count_mean=36.596474, arce_blocker_budget_mean=13.403525, arce_blocker_entropy_mean=4.714166, arce_gamma_effective_beta=2.459554, arce_gamma_max=0.304677, arce_gamma_mean=0.121540, arce_gamma_min=0.085473, arce_gamma_mode=teacher_mass_calibrated, arce_gamma_std=0.027903, arce_sample_gamma_mean=0.121540, arce_sampled_teacher_overlap_mean=0.731929, arce_teacher_missing_mass_mean=0.133765, arce_teacher_missing_mass_std=0.084833
09/05/2026,06:27:32: Training...
09/05/2026,06:27:33: Evaluating...
09/05/2026,06:27:33: 	Train Loss: 3443787.0000 (base: 163.6793, kd: 6887.2471), Elapsed: train 2.55 test 0.26
09/05/2026,06:27:33: 	Recall@10: 0.06860 Recall@20: 0.10240 NDCG@10: 0.04102 NDCG@20: 0.05022 
09/05/2026,06:27:33: 	Recall@10: 0.02766 Recall@20: 0.04365 NDCG@10: 0.01515 NDCG@20: 0.01951 
09/05/2026,06:27:33: Epoch [187/1000]
09/05/2026,06:27:33: Negative sampling...
09/05/2026,06:27:35: Model's personal time...
09/05/2026,06:27:35: Model diagnostics: arce_anchor_count_mean=36.616592, arce_blocker_budget_mean=13.383407, arce_blocker_entropy_mean=4.710299, arce_gamma_effective_beta=2.460508, arce_gamma_max=0.304536, arce_gamma_mean=0.121378, arce_gamma_min=0.085392, arce_gamma_mode=teacher_mass_calibrated, arce_gamma_std=0.027882, arce_sample_gamma_mean=0.121378, arce_sampled_teacher_overlap_mean=0.732332, arce_teacher_missing_mass_mean=0.133551, arce_teacher_missing_mass_std=0.084831
09/05/2026,06:27:35: Training...
09/05/2026,06:27:36: Evaluating...
09/05/2026,06:27:36: 	Train Loss: 3443674.7500 (base: 161.8718, kd: 6887.0254), Elapsed: train 2.71 test 0.27
09/05/2026,06:27:36: 	Recall@10: 0.06905 Recall@20: 0.10208 NDCG@10: 0.04106 NDCG@20: 0.05006 
09/05/2026,06:27:36: 	Recall@10: 0.02699 Recall@20: 0.04363 NDCG@10: 0.01491 NDCG@20: 0.01947 
09/05/2026,06:27:36: Epoch [188/1000]
09/05/2026,06:27:36: Negative sampling...
09/05/2026,06:27:38: Model's personal time...
09/05/2026,06:27:38: Model diagnostics: arce_anchor_count_mean=36.641312, arce_blocker_budget_mean=13.358689, arce_blocker_entropy_mean=4.714229, arce_gamma_effective_beta=2.461596, arce_gamma_max=0.304377, arce_gamma_mean=0.121178, arce_gamma_min=0.085299, arce_gamma_mode=teacher_mass_calibrated, arce_gamma_std=0.027827, arce_sample_gamma_mean=0.121178, arce_sampled_teacher_overlap_mean=0.732826, arce_teacher_missing_mass_mean=0.133274, arce_teacher_missing_mass_std=0.084746
09/05/2026,06:27:38: Training...
09/05/2026,06:27:39: Evaluating...
09/05/2026,06:27:39: 	Train Loss: 3443713.2500 (base: 163.4102, kd: 6887.0991), Elapsed: train 2.52 test 0.28
09/05/2026,06:27:39: 	Recall@10: 0.06857 Recall@20: 0.10223 NDCG@10: 0.04101 NDCG@20: 0.05021 
09/05/2026,06:27:39: 	Recall@10: 0.02747 Recall@20: 0.04334 NDCG@10: 0.01505 NDCG@20: 0.01941 
09/05/2026,06:27:39: Epoch [189/1000]
09/05/2026,06:27:39: Negative sampling...
09/05/2026,06:27:41: Model's personal time...
09/05/2026,06:27:41: Model diagnostics: arce_anchor_count_mean=36.662003, arce_blocker_budget_mean=13.337996, arce_blocker_entropy_mean=4.710168, arce_gamma_effective_beta=2.462317, arce_gamma_max=0.304270, arce_gamma_mean=0.121015, arce_gamma_min=0.085237, arce_gamma_mode=teacher_mass_calibrated, arce_gamma_std=0.027764, arce_sample_gamma_mean=0.121015, arce_sampled_teacher_overlap_mean=0.733240, arce_teacher_missing_mass_mean=0.132998, arce_teacher_missing_mass_std=0.084638
09/05/2026,06:27:41: Training...
09/05/2026,06:27:42: Evaluating...
09/05/2026,06:27:42: 	Train Loss: 3444351.2500 (base: 161.6865, kd: 6888.3799), Elapsed: train 2.64 test 0.30
09/05/2026,06:27:42: 	Recall@10: 0.06873 Recall@20: 0.10219 NDCG@10: 0.04105 NDCG@20: 0.05018 
09/05/2026,06:27:42: 	Recall@10: 0.02702 Recall@20: 0.04331 NDCG@10: 0.01487 NDCG@20: 0.01935 
09/05/2026,06:27:42: Epoch [190/1000]
09/05/2026,06:27:42: Negative sampling...
09/05/2026,06:27:43: Model's personal time...
09/05/2026,06:27:43: Model diagnostics: arce_anchor_count_mean=36.680973, arce_blocker_budget_mean=13.319026, arce_blocker_entropy_mean=4.707167, arce_gamma_effective_beta=2.463420, arce_gamma_max=0.304108, arce_gamma_mean=0.120827, arce_gamma_min=0.085143, arce_gamma_mode=teacher_mass_calibrated, arce_gamma_std=0.027717, arce_sample_gamma_mean=0.120827, arce_sampled_teacher_overlap_mean=0.733619, arce_teacher_missing_mass_mean=0.132767, arce_teacher_missing_mass_std=0.084526
09/05/2026,06:27:43: Training...
09/05/2026,06:27:45: Evaluating...
09/05/2026,06:27:45: 	Train Loss: 3444304.2500 (base: 164.8257, kd: 6888.2783), Elapsed: train 2.88 test 0.28
09/05/2026,06:27:45: 	Recall@10: 0.06898 Recall@20: 0.10227 NDCG@10: 0.04101 NDCG@20: 0.05007 
09/05/2026,06:27:45: 	Recall@10: 0.02741 Recall@20: 0.04348 NDCG@10: 0.01498 NDCG@20: 0.01938 
09/05/2026,06:27:45: Epoch [191/1000]
09/05/2026,06:27:45: Negative sampling...
09/05/2026,06:27:47: Model's personal time...
09/05/2026,06:27:47: Model diagnostics: arce_anchor_count_mean=36.690170, arce_blocker_budget_mean=13.309830, arce_blocker_entropy_mean=4.705931, arce_gamma_effective_beta=2.463837, arce_gamma_max=0.304047, arce_gamma_mean=0.120721, arce_gamma_min=0.085108, arce_gamma_mode=teacher_mass_calibrated, arce_gamma_std=0.027636, arce_sample_gamma_mean=0.120721, arce_sampled_teacher_overlap_mean=0.733803, arce_teacher_missing_mass_mean=0.132590, arce_teacher_missing_mass_std=0.084363
09/05/2026,06:27:47: Training...
09/05/2026,06:27:48: Evaluating...
09/05/2026,06:27:48: 	Train Loss: 3443556.5000 (base: 166.5871, kd: 6886.7798), Elapsed: train 2.64 test 0.30
09/05/2026,06:27:48: 	Recall@10: 0.06769 Recall@20: 0.10201 NDCG@10: 0.04051 NDCG@20: 0.04991 
09/05/2026,06:27:48: 	Recall@10: 0.02773 Recall@20: 0.04330 NDCG@10: 0.01515 NDCG@20: 0.01942 
09/05/2026,06:27:48: Epoch [192/1000]
09/05/2026,06:27:48: Negative sampling...
09/05/2026,06:27:49: Model's personal time...
09/05/2026,06:27:49: Model diagnostics: arce_anchor_count_mean=36.703007, arce_blocker_budget_mean=13.296991, arce_blocker_entropy_mean=4.705937, arce_gamma_effective_beta=2.464142, arce_gamma_max=0.304002, arce_gamma_mean=0.120647, arce_gamma_min=0.085082, arce_gamma_mode=teacher_mass_calibrated, arce_gamma_std=0.027661, arce_sample_gamma_mean=0.120647, arce_sampled_teacher_overlap_mean=0.734060, arce_teacher_missing_mass_mean=0.132427, arce_teacher_missing_mass_std=0.084437
09/05/2026,06:27:49: Training...
09/05/2026,06:27:51: Evaluating...
09/05/2026,06:27:51: 	Train Loss: 3443683.2500 (base: 162.8068, kd: 6887.0405), Elapsed: train 2.72 test 0.34
09/05/2026,06:27:51: 	Recall@10: 0.06898 Recall@20: 0.10243 NDCG@10: 0.04111 NDCG@20: 0.05018 
09/05/2026,06:27:51: 	Recall@10: 0.02722 Recall@20: 0.04342 NDCG@10: 0.01487 NDCG@20: 0.01933 
09/05/2026,06:27:51: Epoch [193/1000]
09/05/2026,06:27:51: Negative sampling...
09/05/2026,06:27:53: Model's personal time...
09/05/2026,06:27:53: Model diagnostics: arce_anchor_count_mean=36.729641, arce_blocker_budget_mean=13.270358, arce_blocker_entropy_mean=4.703795, arce_gamma_effective_beta=2.465356, arce_gamma_max=0.303824, arce_gamma_mean=0.120420, arce_gamma_min=0.084979, arce_gamma_mode=teacher_mass_calibrated, arce_gamma_std=0.027572, arce_sample_gamma_mean=0.120420, arce_sampled_teacher_overlap_mean=0.734593, arce_teacher_missing_mass_mean=0.132114, arce_teacher_missing_mass_std=0.084302
09/05/2026,06:27:53: Training...
09/05/2026,06:27:54: Evaluating...
09/05/2026,06:27:54: 	Train Loss: 3444286.0000 (base: 159.5358, kd: 6888.2529), Elapsed: train 2.72 test 0.26
09/05/2026,06:27:54: 	Recall@10: 0.06832 Recall@20: 0.10273 NDCG@10: 0.04091 NDCG@20: 0.05024 
09/05/2026,06:27:54: 	Recall@10: 0.02742 Recall@20: 0.04361 NDCG@10: 0.01500 NDCG@20: 0.01942 
09/05/2026,06:27:54: Epoch [194/1000]
09/05/2026,06:27:54: Negative sampling...
09/05/2026,06:27:56: Model's personal time...
09/05/2026,06:27:56: Model diagnostics: arce_anchor_count_mean=36.744396, arce_blocker_budget_mean=13.255605, arce_blocker_entropy_mean=4.706140, arce_gamma_effective_beta=2.465904, arce_gamma_max=0.303743, arce_gamma_mean=0.120300, arce_gamma_min=0.084932, arce_gamma_mode=teacher_mass_calibrated, arce_gamma_std=0.027508, arce_sample_gamma_mean=0.120300, arce_sampled_teacher_overlap_mean=0.734888, arce_teacher_missing_mass_mean=0.131920, arce_teacher_missing_mass_std=0.084223
09/05/2026,06:27:56: Training...
09/05/2026,06:27:57: Evaluating...
09/05/2026,06:27:57: 	Train Loss: 3444502.7500 (base: 161.4567, kd: 6888.6821), Elapsed: train 2.51 test 0.25
09/05/2026,06:27:57: 	Recall@10: 0.06849 Recall@20: 0.10210 NDCG@10: 0.04094 NDCG@20: 0.05008 
09/05/2026,06:27:57: 	Recall@10: 0.02720 Recall@20: 0.04332 NDCG@10: 0.01495 NDCG@20: 0.01937 
09/05/2026,06:27:57: Epoch [195/1000]
09/05/2026,06:27:57: Negative sampling...
09/05/2026,06:27:58: Model's personal time...
09/05/2026,06:27:58: Model diagnostics: arce_anchor_count_mean=36.764130, arce_blocker_budget_mean=13.235868, arce_blocker_entropy_mean=4.702340, arce_gamma_effective_beta=2.466934, arce_gamma_max=0.303592, arce_gamma_mean=0.120124, arce_gamma_min=0.084845, arce_gamma_mode=teacher_mass_calibrated, arce_gamma_std=0.027462, arce_sample_gamma_mean=0.120124, arce_sampled_teacher_overlap_mean=0.735283, arce_teacher_missing_mass_mean=0.131699, arce_teacher_missing_mass_std=0.084127
09/05/2026,06:27:58: Training...
09/05/2026,06:28:00: Evaluating...
09/05/2026,06:28:00: 	Train Loss: 3444152.7500 (base: 160.3786, kd: 6887.9854), Elapsed: train 2.78 test 0.27
09/05/2026,06:28:00: 	Recall@10: 0.06795 Recall@20: 0.10173 NDCG@10: 0.04066 NDCG@20: 0.04994 
09/05/2026,06:28:00: 	Recall@10: 0.02732 Recall@20: 0.04305 NDCG@10: 0.01503 NDCG@20: 0.01934 
09/05/2026,06:28:00: Epoch [196/1000]
09/05/2026,06:28:00: Negative sampling...
09/05/2026,06:28:01: Model's personal time...
09/05/2026,06:28:01: Model diagnostics: arce_anchor_count_mean=36.773518, arce_blocker_budget_mean=13.226480, arce_blocker_entropy_mean=4.701749, arce_gamma_effective_beta=2.467269, arce_gamma_max=0.303543, arce_gamma_mean=0.120049, arce_gamma_min=0.084816, arce_gamma_mode=teacher_mass_calibrated, arce_gamma_std=0.027433, arce_sample_gamma_mean=0.120049, arce_sampled_teacher_overlap_mean=0.735470, arce_teacher_missing_mass_mean=0.131565, arce_teacher_missing_mass_std=0.084105
09/05/2026,06:28:01: Training...
09/05/2026,06:28:02: Evaluating...
09/05/2026,06:28:03: 	Train Loss: 3444002.0000 (base: 158.0879, kd: 6887.6875), Elapsed: train 2.52 test 0.26
09/05/2026,06:28:03: 	Recall@10: 0.06827 Recall@20: 0.10187 NDCG@10: 0.04061 NDCG@20: 0.04978 
09/05/2026,06:28:03: 	Recall@10: 0.02716 Recall@20: 0.04302 NDCG@10: 0.01504 NDCG@20: 0.01943 
09/05/2026,06:28:03: Epoch [197/1000]
09/05/2026,06:28:03: Negative sampling...
09/05/2026,06:28:04: Model's personal time...
09/05/2026,06:28:04: Model diagnostics: arce_anchor_count_mean=36.787697, arce_blocker_budget_mean=13.212301, arce_blocker_entropy_mean=4.700075, arce_gamma_effective_beta=2.467787, arce_gamma_max=0.303467, arce_gamma_mean=0.119926, arce_gamma_min=0.084772, arce_gamma_mode=teacher_mass_calibrated, arce_gamma_std=0.027389, arce_sample_gamma_mean=0.119926, arce_sampled_teacher_overlap_mean=0.735754, arce_teacher_missing_mass_mean=0.131349, arce_teacher_missing_mass_std=0.084009
09/05/2026,06:28:04: Training...
09/05/2026,06:28:05: Evaluating...
09/05/2026,06:28:06: 	Train Loss: 3444500.7500 (base: 161.7083, kd: 6888.6782), Elapsed: train 2.68 test 0.29
09/05/2026,06:28:06: 	Recall@10: 0.06853 Recall@20: 0.10069 NDCG@10: 0.04089 NDCG@20: 0.04967 
09/05/2026,06:28:06: 	Recall@10: 0.02713 Recall@20: 0.04350 NDCG@10: 0.01504 NDCG@20: 0.01952 
09/05/2026,06:28:06: Epoch [198/1000]
09/05/2026,06:28:06: Negative sampling...
09/05/2026,06:28:07: Model's personal time...
09/05/2026,06:28:07: Model diagnostics: arce_anchor_count_mean=36.808968, arce_blocker_budget_mean=13.191032, arce_blocker_entropy_mean=4.698454, arce_gamma_effective_beta=2.469022, arce_gamma_max=0.303286, arce_gamma_mean=0.119735, arce_gamma_min=0.084668, arce_gamma_mode=teacher_mass_calibrated, arce_gamma_std=0.027335, arce_sample_gamma_mean=0.119735, arce_sampled_teacher_overlap_mean=0.736179, arce_teacher_missing_mass_mean=0.131149, arce_teacher_missing_mass_std=0.083916
09/05/2026,06:28:07: Training...
09/05/2026,06:28:08: Evaluating...
09/05/2026,06:28:08: 	Train Loss: 3444375.0000 (base: 157.2534, kd: 6888.4355), Elapsed: train 2.48 test 0.25
09/05/2026,06:28:08: 	Recall@10: 0.06812 Recall@20: 0.10193 NDCG@10: 0.04070 NDCG@20: 0.04991 
09/05/2026,06:28:08: 	Recall@10: 0.02687 Recall@20: 0.04328 NDCG@10: 0.01489 NDCG@20: 0.01941 
09/05/2026,06:28:08: Epoch [199/1000]
09/05/2026,06:28:08: Negative sampling...
09/05/2026,06:28:10: Model's personal time...
09/05/2026,06:28:10: Model diagnostics: arce_anchor_count_mean=36.818932, arce_blocker_budget_mean=13.181069, arce_blocker_entropy_mean=4.694996, arce_gamma_effective_beta=2.469518, arce_gamma_max=0.303213, arce_gamma_mean=0.119647, arce_gamma_min=0.084626, arce_gamma_mode=teacher_mass_calibrated, arce_gamma_std=0.027304, arce_sample_gamma_mean=0.119647, arce_sampled_teacher_overlap_mean=0.736379, arce_teacher_missing_mass_mean=0.131034, arce_teacher_missing_mass_std=0.083865
09/05/2026,06:28:10: Training...
09/05/2026,06:28:11: Evaluating...
09/05/2026,06:28:11: 	Train Loss: 3444236.2500 (base: 156.4660, kd: 6888.1602), Elapsed: train 2.41 test 0.29
09/05/2026,06:28:11: 	Recall@10: 0.06727 Recall@20: 0.10058 NDCG@10: 0.04049 NDCG@20: 0.04969 
09/05/2026,06:28:11: 	Recall@10: 0.02758 Recall@20: 0.04337 NDCG@10: 0.01512 NDCG@20: 0.01944 
09/05/2026,06:28:11: Epoch [200/1000]
09/05/2026,06:28:11: Negative sampling...
09/05/2026,06:28:13: Model's personal time...
09/05/2026,06:28:13: Model diagnostics: arce_anchor_count_mean=36.838093, arce_blocker_budget_mean=13.161908, arce_blocker_entropy_mean=4.693514, arce_gamma_effective_beta=2.470409, arce_gamma_max=0.303083, arce_gamma_mean=0.119477, arce_gamma_min=0.084550, arce_gamma_mode=teacher_mass_calibrated, arce_gamma_std=0.027254, arce_sample_gamma_mean=0.119477, arce_sampled_teacher_overlap_mean=0.736762, arce_teacher_missing_mass_mean=0.130781, arce_teacher_missing_mass_std=0.083768
09/05/2026,06:28:13: Training...
09/05/2026,06:28:14: Evaluating...
09/05/2026,06:28:14: 	Train Loss: 3445016.7500 (base: 161.3150, kd: 6889.7109), Elapsed: train 2.66 test 0.25
09/05/2026,06:28:14: 	Recall@10: 0.06733 Recall@20: 0.10282 NDCG@10: 0.04057 NDCG@20: 0.05023 
09/05/2026,06:28:14: 	Recall@10: 0.02757 Recall@20: 0.04383 NDCG@10: 0.01510 NDCG@20: 0.01954 
09/05/2026,06:28:14: Epoch [201/1000]
09/05/2026,06:28:14: Negative sampling...
09/05/2026,06:28:15: Model's personal time...
09/05/2026,06:28:15: Model diagnostics: arce_anchor_count_mean=36.857826, arce_blocker_budget_mean=13.142173, arce_blocker_entropy_mean=4.692719, arce_gamma_effective_beta=2.471095, arce_gamma_max=0.302983, arce_gamma_mean=0.119329, arce_gamma_min=0.084492, arce_gamma_mode=teacher_mass_calibrated, arce_gamma_std=0.027220, arce_sample_gamma_mean=0.119329, arce_sampled_teacher_overlap_mean=0.737157, arce_teacher_missing_mass_mean=0.130530, arce_teacher_missing_mass_std=0.083689
09/05/2026,06:28:15: Training...
09/05/2026,06:28:16: Evaluating...
09/05/2026,06:28:17: 	Train Loss: 3444686.5000 (base: 160.3697, kd: 6889.0522), Elapsed: train 2.42 test 0.25
09/05/2026,06:28:17: 	Recall@10: 0.06867 Recall@20: 0.10281 NDCG@10: 0.04110 NDCG@20: 0.05042 
09/05/2026,06:28:17: 	Recall@10: 0.02690 Recall@20: 0.04388 NDCG@10: 0.01498 NDCG@20: 0.01963 
09/05/2026,06:28:17: Epoch [202/1000]
09/05/2026,06:28:17: Negative sampling...
09/05/2026,06:28:18: Model's personal time...
09/05/2026,06:28:18: Model diagnostics: arce_anchor_count_mean=36.879669, arce_blocker_budget_mean=13.120330, arce_blocker_entropy_mean=4.692197, arce_gamma_effective_beta=2.472317, arce_gamma_max=0.302804, arce_gamma_mean=0.119133, arce_gamma_min=0.084389, arce_gamma_mode=teacher_mass_calibrated, arce_gamma_std=0.027170, arce_sample_gamma_mean=0.119133, arce_sampled_teacher_overlap_mean=0.737593, arce_teacher_missing_mass_mean=0.130298, arce_teacher_missing_mass_std=0.083628
09/05/2026,06:28:18: Training...
09/05/2026,06:28:19: Evaluating...
09/05/2026,06:28:19: 	Train Loss: 3444954.7500 (base: 154.6659, kd: 6889.6006), Elapsed: train 2.46 test 0.25
09/05/2026,06:28:19: 	Recall@10: 0.06856 Recall@20: 0.10174 NDCG@10: 0.04092 NDCG@20: 0.04994 
09/05/2026,06:28:19: 	Recall@10: 0.02709 Recall@20: 0.04393 NDCG@10: 0.01491 NDCG@20: 0.01950 
09/05/2026,06:28:19: Epoch [203/1000]
09/05/2026,06:28:19: Negative sampling...
09/05/2026,06:28:21: Model's personal time...
09/05/2026,06:28:21: Model diagnostics: arce_anchor_count_mean=36.898064, arce_blocker_budget_mean=13.101935, arce_blocker_entropy_mean=4.694010, arce_gamma_effective_beta=2.472986, arce_gamma_max=0.302706, arce_gamma_mean=0.119001, arce_gamma_min=0.084333, arce_gamma_mode=teacher_mass_calibrated, arce_gamma_std=0.027169, arce_sample_gamma_mean=0.119001, arce_sampled_teacher_overlap_mean=0.737961, arce_teacher_missing_mass_mean=0.130078, arce_teacher_missing_mass_std=0.083628
09/05/2026,06:28:21: Training...
09/05/2026,06:28:22: Evaluating...
09/05/2026,06:28:22: 	Train Loss: 3444720.2500 (base: 154.6741, kd: 6889.1304), Elapsed: train 2.63 test 0.29
09/05/2026,06:28:22: 	Recall@10: 0.06874 Recall@20: 0.10193 NDCG@10: 0.04104 NDCG@20: 0.05001 
09/05/2026,06:28:22: 	Recall@10: 0.02712 Recall@20: 0.04366 NDCG@10: 0.01503 NDCG@20: 0.01959 
09/05/2026,06:28:22: Epoch [204/1000]
09/05/2026,06:28:22: Negative sampling...
09/05/2026,06:28:24: Model's personal time...
09/05/2026,06:28:24: Model diagnostics: arce_anchor_count_mean=36.915691, arce_blocker_budget_mean=13.084307, arce_blocker_entropy_mean=4.693059, arce_gamma_effective_beta=2.473756, arce_gamma_max=0.302593, arce_gamma_mean=0.118835, arce_gamma_min=0.084268, arce_gamma_mode=teacher_mass_calibrated, arce_gamma_std=0.027059, arce_sample_gamma_mean=0.118835, arce_sampled_teacher_overlap_mean=0.738314, arce_teacher_missing_mass_mean=0.129821, arce_teacher_missing_mass_std=0.083448
09/05/2026,06:28:24: Training...
09/05/2026,06:28:25: Evaluating...
09/05/2026,06:28:25: 	Train Loss: 3445027.2500 (base: 153.3336, kd: 6889.7471), Elapsed: train 2.60 test 0.26
09/05/2026,06:28:25: 	Recall@10: 0.06880 Recall@20: 0.10085 NDCG@10: 0.04120 NDCG@20: 0.04987 
09/05/2026,06:28:25: 	Recall@10: 0.02715 Recall@20: 0.04385 NDCG@10: 0.01496 NDCG@20: 0.01955 
09/05/2026,06:28:25: Epoch [205/1000]
09/05/2026,06:28:25: Negative sampling...
09/05/2026,06:28:27: Model's personal time...
09/05/2026,06:28:27: Model diagnostics: arce_anchor_count_mean=36.928913, arce_blocker_budget_mean=13.071086, arce_blocker_entropy_mean=4.690485, arce_gamma_effective_beta=2.474022, arce_gamma_max=0.302554, arce_gamma_mean=0.118758, arce_gamma_min=0.084245, arce_gamma_mode=teacher_mass_calibrated, arce_gamma_std=0.027042, arce_sample_gamma_mean=0.118758, arce_sampled_teacher_overlap_mean=0.738578, arce_teacher_missing_mass_mean=0.129654, arce_teacher_missing_mass_std=0.083423
09/05/2026,06:28:27: Training...
09/05/2026,06:28:28: Evaluating...
09/05/2026,06:28:28: 	Train Loss: 3445452.2500 (base: 159.1290, kd: 6890.5864), Elapsed: train 2.67 test 0.28
09/05/2026,06:28:28: 	Recall@10: 0.06832 Recall@20: 0.10152 NDCG@10: 0.04092 NDCG@20: 0.05001 
09/05/2026,06:28:28: 	Recall@10: 0.02715 Recall@20: 0.04402 NDCG@10: 0.01507 NDCG@20: 0.01969 
09/05/2026,06:28:28: Epoch [206/1000]
09/05/2026,06:28:28: Negative sampling...
09/05/2026,06:28:30: Model's personal time...
09/05/2026,06:28:30: Model diagnostics: arce_anchor_count_mean=36.953247, arce_blocker_budget_mean=13.046752, arce_blocker_entropy_mean=4.689483, arce_gamma_effective_beta=2.475304, arce_gamma_max=0.302367, arce_gamma_mean=0.118537, arce_gamma_min=0.084137, arce_gamma_mode=teacher_mass_calibrated, arce_gamma_std=0.026931, arce_sample_gamma_mean=0.118537, arce_sampled_teacher_overlap_mean=0.739065, arce_teacher_missing_mass_mean=0.129386, arce_teacher_missing_mass_std=0.083255
09/05/2026,06:28:30: Training...
09/05/2026,06:28:31: Evaluating...
09/05/2026,06:28:31: 	Train Loss: 3445172.7500 (base: 155.9081, kd: 6890.0337), Elapsed: train 2.45 test 0.29
09/05/2026,06:28:31: 	Recall@10: 0.06845 Recall@20: 0.10132 NDCG@10: 0.04078 NDCG@20: 0.04975 
09/05/2026,06:28:31: 	Recall@10: 0.02651 Recall@20: 0.04352 NDCG@10: 0.01486 NDCG@20: 0.01956 
09/05/2026,06:28:31: Epoch [207/1000]
09/05/2026,06:28:31: Negative sampling...
09/05/2026,06:28:32: Model's personal time...
09/05/2026,06:28:32: Model diagnostics: arce_anchor_count_mean=36.973175, arce_blocker_budget_mean=13.026825, arce_blocker_entropy_mean=4.685513, arce_gamma_effective_beta=2.476361, arce_gamma_max=0.302213, arce_gamma_mean=0.118370, arce_gamma_min=0.084049, arce_gamma_mode=teacher_mass_calibrated, arce_gamma_std=0.026882, arce_sample_gamma_mean=0.118370, arce_sampled_teacher_overlap_mean=0.739463, arce_teacher_missing_mass_mean=0.129197, arce_teacher_missing_mass_std=0.083162
09/05/2026,06:28:32: Training...
09/05/2026,06:28:33: Evaluating...
09/05/2026,06:28:34: 	Train Loss: 3445268.7500 (base: 151.9173, kd: 6890.2344), Elapsed: train 2.47 test 0.25
09/05/2026,06:28:34: 	Recall@10: 0.06767 Recall@20: 0.10192 NDCG@10: 0.04063 NDCG@20: 0.04994 
09/05/2026,06:28:34: 	Recall@10: 0.02723 Recall@20: 0.04385 NDCG@10: 0.01509 NDCG@20: 0.01965 
09/05/2026,06:28:34: Epoch [208/1000]
09/05/2026,06:28:34: Negative sampling...
09/05/2026,06:28:35: Model's personal time...
09/05/2026,06:28:35: Model diagnostics: arce_anchor_count_mean=36.987736, arce_blocker_budget_mean=13.012262, arce_blocker_entropy_mean=4.688426, arce_gamma_effective_beta=2.476871, arce_gamma_max=0.302138, arce_gamma_mean=0.118253, arce_gamma_min=0.084006, arce_gamma_mode=teacher_mass_calibrated, arce_gamma_std=0.026850, arce_sample_gamma_mean=0.118253, arce_sampled_teacher_overlap_mean=0.739755, arce_teacher_missing_mass_mean=0.128987, arce_teacher_missing_mass_std=0.083103
09/05/2026,06:28:35: Training...
09/05/2026,06:28:36: Evaluating...
09/05/2026,06:28:37: 	Train Loss: 3445060.5000 (base: 154.4531, kd: 6889.8115), Elapsed: train 2.64 test 0.25
09/05/2026,06:28:37: 	Recall@10: 0.06739 Recall@20: 0.10202 NDCG@10: 0.04066 NDCG@20: 0.05010 
09/05/2026,06:28:37: 	Recall@10: 0.02652 Recall@20: 0.04369 NDCG@10: 0.01475 NDCG@20: 0.01946 
09/05/2026,06:28:37: Epoch [209/1000]
09/05/2026,06:28:37: Negative sampling...
09/05/2026,06:28:38: Model's personal time...
09/05/2026,06:28:38: Model diagnostics: arce_anchor_count_mean=37.003639, arce_blocker_budget_mean=12.996359, arce_blocker_entropy_mean=4.692077, arce_gamma_effective_beta=2.477507, arce_gamma_max=0.302045, arce_gamma_mean=0.118123, arce_gamma_min=0.083952, arce_gamma_mode=teacher_mass_calibrated, arce_gamma_std=0.026756, arce_sample_gamma_mean=0.118123, arce_sampled_teacher_overlap_mean=0.740073, arce_teacher_missing_mass_mean=0.128796, arce_teacher_missing_mass_std=0.082969
09/05/2026,06:28:38: Training...
09/05/2026,06:28:39: Evaluating...
09/05/2026,06:28:39: 	Train Loss: 3445584.2500 (base: 152.1589, kd: 6890.8633), Elapsed: train 2.42 test 0.33
09/05/2026,06:28:39: 	Recall@10: 0.06770 Recall@20: 0.10245 NDCG@10: 0.04062 NDCG@20: 0.05011 
09/05/2026,06:28:39: 	Recall@10: 0.02717 Recall@20: 0.04335 NDCG@10: 0.01487 NDCG@20: 0.01932 
09/05/2026,06:28:39: Epoch [210/1000]
09/05/2026,06:28:39: Negative sampling...
09/05/2026,06:28:41: Model's personal time...
09/05/2026,06:28:41: Model diagnostics: arce_anchor_count_mean=37.019928, arce_blocker_budget_mean=12.980073, arce_blocker_entropy_mean=4.687703, arce_gamma_effective_beta=2.478368, arce_gamma_max=0.301920, arce_gamma_mean=0.117983, arce_gamma_min=0.083880, arce_gamma_mode=teacher_mass_calibrated, arce_gamma_std=0.026720, arce_sample_gamma_mean=0.117983, arce_sampled_teacher_overlap_mean=0.740399, arce_teacher_missing_mass_mean=0.128625, arce_teacher_missing_mass_std=0.082914
09/05/2026,06:28:41: Training...
09/05/2026,06:28:42: Evaluating...
09/05/2026,06:28:42: 	Train Loss: 3445782.2500 (base: 157.6378, kd: 6891.2485), Elapsed: train 2.76 test 0.32
09/05/2026,06:28:42: 	Recall@10: 0.06883 Recall@20: 0.10280 NDCG@10: 0.04096 NDCG@20: 0.05024 
09/05/2026,06:28:42: 	Recall@10: 0.02702 Recall@20: 0.04417 NDCG@10: 0.01493 NDCG@20: 0.01960 
09/05/2026,06:28:42: Epoch [211/1000]
09/05/2026,06:28:42: Negative sampling...
09/05/2026,06:28:44: Model's personal time...
09/05/2026,06:28:44: Model diagnostics: arce_anchor_count_mean=37.032955, arce_blocker_budget_mean=12.967043, arce_blocker_entropy_mean=4.684737, arce_gamma_effective_beta=2.478929, arce_gamma_max=0.301838, arce_gamma_mean=0.117885, arce_gamma_min=0.083833, arce_gamma_mode=teacher_mass_calibrated, arce_gamma_std=0.026714, arce_sample_gamma_mean=0.117885, arce_sampled_teacher_overlap_mean=0.740659, arce_teacher_missing_mass_mean=0.128482, arce_teacher_missing_mass_std=0.082893
09/05/2026,06:28:44: Training...
09/05/2026,06:28:45: Evaluating...
09/05/2026,06:28:46: 	Train Loss: 3445780.2500 (base: 152.1972, kd: 6891.2554), Elapsed: train 2.84 test 0.32
09/05/2026,06:28:46: 	Recall@10: 0.06866 Recall@20: 0.10226 NDCG@10: 0.04094 NDCG@20: 0.05011 
09/05/2026,06:28:46: 	Recall@10: 0.02707 Recall@20: 0.04340 NDCG@10: 0.01514 NDCG@20: 0.01964 
09/05/2026,06:28:46: Epoch [212/1000]
09/05/2026,06:28:46: Negative sampling...
09/05/2026,06:28:47: Model's personal time...
09/05/2026,06:28:47: Model diagnostics: arce_anchor_count_mean=37.049244, arce_blocker_budget_mean=12.950757, arce_blocker_entropy_mean=4.684842, arce_gamma_effective_beta=2.479530, arce_gamma_max=0.301750, arce_gamma_mean=0.117750, arce_gamma_min=0.083783, arce_gamma_mode=teacher_mass_calibrated, arce_gamma_std=0.026613, arce_sample_gamma_mean=0.117750, arce_sampled_teacher_overlap_mean=0.740985, arce_teacher_missing_mass_mean=0.128273, arce_teacher_missing_mass_std=0.082714
09/05/2026,06:28:47: Training...
09/05/2026,06:28:48: Evaluating...
09/05/2026,06:28:48: 	Train Loss: 3445261.2500 (base: 153.4382, kd: 6890.2153), Elapsed: train 2.57 test 0.26
09/05/2026,06:28:48: 	Recall@10: 0.06845 Recall@20: 0.10272 NDCG@10: 0.04084 NDCG@20: 0.05019 
09/05/2026,06:28:48: 	Recall@10: 0.02689 Recall@20: 0.04380 NDCG@10: 0.01485 NDCG@20: 0.01946 
09/05/2026,06:28:48: Epoch [213/1000]
09/05/2026,06:28:48: Negative sampling...
09/05/2026,06:28:50: Model's personal time...
09/05/2026,06:28:50: Model diagnostics: arce_anchor_count_mean=37.066677, arce_blocker_budget_mean=12.933320, arce_blocker_entropy_mean=4.685489, arce_gamma_effective_beta=2.479875, arce_gamma_max=0.301700, arce_gamma_mean=0.117635, arce_gamma_min=0.083754, arce_gamma_mode=teacher_mass_calibrated, arce_gamma_std=0.026581, arce_sample_gamma_mean=0.117635, arce_sampled_teacher_overlap_mean=0.741334, arce_teacher_missing_mass_mean=0.128009, arce_teacher_missing_mass_std=0.082648
09/05/2026,06:28:50: Training...
09/05/2026,06:28:51: Evaluating...
09/05/2026,06:28:51: 	Train Loss: 3445782.2500 (base: 154.9289, kd: 6891.2539), Elapsed: train 2.49 test 0.31
09/05/2026,06:28:51: 	Recall@10: 0.06780 Recall@20: 0.10138 NDCG@10: 0.04048 NDCG@20: 0.04977 
09/05/2026,06:28:51: 	Recall@10: 0.02752 Recall@20: 0.04361 NDCG@10: 0.01506 NDCG@20: 0.01947 
09/05/2026,06:28:51: Epoch [214/1000]
09/05/2026,06:28:51: Negative sampling...
09/05/2026,06:28:53: Model's personal time...
09/05/2026,06:28:53: Model diagnostics: arce_anchor_count_mean=37.077793, arce_blocker_budget_mean=12.922207, arce_blocker_entropy_mean=4.682704, arce_gamma_effective_beta=2.480610, arce_gamma_max=0.301593, arce_gamma_mean=0.117516, arce_gamma_min=0.083692, arce_gamma_mode=teacher_mass_calibrated, arce_gamma_std=0.026550, arce_sample_gamma_mean=0.117516, arce_sampled_teacher_overlap_mean=0.741556, arce_teacher_missing_mass_mean=0.127865, arce_teacher_missing_mass_std=0.082583
09/05/2026,06:28:53: Training...
09/05/2026,06:28:54: Evaluating...
09/05/2026,06:28:54: 	Train Loss: 3445449.7500 (base: 156.9608, kd: 6890.5854), Elapsed: train 2.53 test 0.28
09/05/2026,06:28:54: 	Recall@10: 0.06783 Recall@20: 0.10249 NDCG@10: 0.04084 NDCG@20: 0.05030 
09/05/2026,06:28:54: 	Recall@10: 0.02731 Recall@20: 0.04342 NDCG@10: 0.01503 NDCG@20: 0.01945 
09/05/2026,06:28:54: Epoch [215/1000]
09/05/2026,06:28:54: Negative sampling...
09/05/2026,06:28:55: Model's personal time...
09/05/2026,06:28:55: Model diagnostics: arce_anchor_count_mean=37.100594, arce_blocker_budget_mean=12.899405, arce_blocker_entropy_mean=4.683504, arce_gamma_effective_beta=2.481622, arce_gamma_max=0.301445, arce_gamma_mean=0.117334, arce_gamma_min=0.083607, arce_gamma_mode=teacher_mass_calibrated, arce_gamma_std=0.026496, arce_sample_gamma_mean=0.117334, arce_sampled_teacher_overlap_mean=0.742012, arce_teacher_missing_mass_mean=0.127608, arce_teacher_missing_mass_std=0.082502
09/05/2026,06:28:55: Training...
09/05/2026,06:28:57: Evaluating...
09/05/2026,06:28:57: 	Train Loss: 3445792.0000 (base: 155.8866, kd: 6891.2729), Elapsed: train 2.61 test 0.34
09/05/2026,06:28:57: 	Recall@10: 0.06777 Recall@20: 0.10132 NDCG@10: 0.04068 NDCG@20: 0.04986 
09/05/2026,06:28:57: 	Recall@10: 0.02713 Recall@20: 0.04309 NDCG@10: 0.01495 NDCG@20: 0.01934 
09/05/2026,06:28:57: ------------------------------
09/05/2026,06:28:57: valid Recall@10: 0.06892 Recall@20: 0.10348 NDCG@10: 0.04102 NDCG@20: 0.05044
09/05/2026,06:28:57: test Recall@10: 0.02770 Recall@20: 0.04326 NDCG@10: 0.01518 NDCG@20: 0.01944
