----------------------------------------TEACHER----------------------------------------
init_std                                 0.01
embedding_dim                            400
----------------------------------------TEACHER----------------------------------------
----------------------------------------STUDENT----------------------------------------
init_std                                 0.01
embedding_dim                            5
----------------------------------------STUDENT----------------------------------------
----------------------------------------ARGUMENTS----------------------------------------
run_all                                  False
seed                                     0
gpu_id                                   0
no_log                                   False
no_save                                  False
suffix                                   capacity_d5_k100_l50_seed0
verbose                                  False
ablation                                 False
task                                     rec
dataset                                  citeulike
batch_size                               2048
num_ns                                   1
neg_sampling_on_all                      False
T_backbone                               bpr
S_backbone                               bpr
model                                    rcekd
preload                                  False
postsave                                 False
train_teacher                            False
ckpt_interval                            -1
epochs                                   1000
lr                                       0.001
wd                                       1e-05
lmbda                                    500
srce_alpha                               1.0
srce_s                                   20.0
srce_eta                                 1.0
srce_Lu                                  20
srce_mode                                union
srce_kappa                               0.0
eval_period                              1
K_list                                   [10, 20]
early_stop_metric                        NDCG
early_stop_K                             20
early_stop_patience                      30
LOG_DIR                                  logs/
CONFIG_DIR                               configs/
DATA_DIR                                 data/
CKPT_DIR                                 checkpoints/
CRAFT_DIR                                crafts/
mkd_tau                                  1
mkd_K                                    100
mkd_L                                    50
mkd_T                                    10
mkd_mxK                                  200
mkd_beta                                 3
sample_rank                              False
----------------------------------------ARGUMENTS----------------------------------------
----------------------------------------Teacher----------------------------------------
09/05/2026,02:46:24: ------------------------------
09/05/2026,02:46:24: valid Recall@10: 0.06778 Recall@20: 0.10315 NDCG@10: 0.04052 NDCG@20: 0.05027
09/05/2026,02:46:24: test Recall@10: 0.02747 Recall@20: 0.04385 NDCG@10: 0.01551 NDCG@20: 0.02003
----------------------------------------------------------------------------------------
09/05/2026,02:46:24: Epoch [1/1000]
09/05/2026,02:46:24: Negative sampling...
09/05/2026,02:46:26: Model's personal time...
09/05/2026,02:46:26: Training...
09/05/2026,02:46:27: Evaluating...
09/05/2026,02:46:28: 	Train Loss: 5026284.5000 (base: 1391.8861, kd: 10049.7852), Elapsed: train 3.06 test 0.82 *
09/05/2026,02:46:28: 	Recall@10: 0.00476 Recall@20: 0.00607 NDCG@10: 0.00223 NDCG@20: 0.00256 
09/05/2026,02:46:28: 	Recall@10: 0.00211 Recall@20: 0.00255 NDCG@10: 0.00094 NDCG@20: 0.00106 
09/05/2026,02:46:28: Epoch [2/1000]
09/05/2026,02:46:28: Negative sampling...
09/05/2026,02:46:29: Model's personal time...
09/05/2026,02:46:29: Training...
09/05/2026,02:46:31: Evaluating...
09/05/2026,02:46:31: 	Train Loss: 4960229.5000 (base: 1390.4038, kd: 9917.6787), Elapsed: train 3.11 test 0.52 *
09/05/2026,02:46:31: 	Recall@10: 0.01663 Recall@20: 0.02132 NDCG@10: 0.00807 NDCG@20: 0.00941 
09/05/2026,02:46:31: 	Recall@10: 0.00489 Recall@20: 0.00624 NDCG@10: 0.00247 NDCG@20: 0.00287 
09/05/2026,02:46:31: Epoch [3/1000]
09/05/2026,02:46:31: Negative sampling...
09/05/2026,02:46:34: Model's personal time...
09/05/2026,02:46:34: Training...
09/05/2026,02:46:35: Evaluating...
09/05/2026,02:46:36: 	Train Loss: 4912437.0000 (base: 1386.5975, kd: 9822.1016), Elapsed: train 3.56 test 0.47 *
09/05/2026,02:46:36: 	Recall@10: 0.02194 Recall@20: 0.02789 NDCG@10: 0.01156 NDCG@20: 0.01316 
09/05/2026,02:46:36: 	Recall@10: 0.00628 Recall@20: 0.00914 NDCG@10: 0.00313 NDCG@20: 0.00388 
09/05/2026,02:46:36: Epoch [4/1000]
09/05/2026,02:46:36: Negative sampling...
09/05/2026,02:46:37: Model's personal time...
09/05/2026,02:46:37: Training...
09/05/2026,02:46:38: Evaluating...
09/05/2026,02:46:38: 	Train Loss: 4886002.0000 (base: 1381.8505, kd: 9769.2412), Elapsed: train 2.59 test 0.33 *
09/05/2026,02:46:38: 	Recall@10: 0.02494 Recall@20: 0.03008 NDCG@10: 0.01374 NDCG@20: 0.01514 
09/05/2026,02:46:38: 	Recall@10: 0.00883 Recall@20: 0.01099 NDCG@10: 0.00454 NDCG@20: 0.00512 
09/05/2026,02:46:38: Epoch [5/1000]
09/05/2026,02:46:38: Negative sampling...
09/05/2026,02:46:40: Model's personal time...
09/05/2026,02:46:40: Training...
09/05/2026,02:46:41: Evaluating...
09/05/2026,02:46:42: 	Train Loss: 4857259.5000 (base: 1375.5121, kd: 9711.7686), Elapsed: train 2.72 test 0.51 *
09/05/2026,02:46:42: 	Recall@10: 0.02490 Recall@20: 0.03535 NDCG@10: 0.01447 NDCG@20: 0.01735 
09/05/2026,02:46:42: 	Recall@10: 0.00842 Recall@20: 0.01405 NDCG@10: 0.00476 NDCG@20: 0.00627 
09/05/2026,02:46:42: Epoch [6/1000]
09/05/2026,02:46:42: Negative sampling...
09/05/2026,02:46:43: Model's personal time...
09/05/2026,02:46:43: Training...
09/05/2026,02:46:44: Evaluating...
09/05/2026,02:46:45: 	Train Loss: 4822514.0000 (base: 1368.6648, kd: 9642.2910), Elapsed: train 2.80 test 0.52 *
09/05/2026,02:46:45: 	Recall@10: 0.02516 Recall@20: 0.03767 NDCG@10: 0.01550 NDCG@20: 0.01885 
09/05/2026,02:46:45: 	Recall@10: 0.00941 Recall@20: 0.01515 NDCG@10: 0.00587 NDCG@20: 0.00739 
09/05/2026,02:46:45: Epoch [7/1000]
09/05/2026,02:46:45: Negative sampling...
09/05/2026,02:46:47: Model's personal time...
09/05/2026,02:46:47: Training...
09/05/2026,02:46:48: Evaluating...
09/05/2026,02:46:49: 	Train Loss: 4796131.0000 (base: 1360.9465, kd: 9589.5410), Elapsed: train 3.44 test 0.42 *
09/05/2026,02:46:49: 	Recall@10: 0.02537 Recall@20: 0.03971 NDCG@10: 0.01569 NDCG@20: 0.01954 
09/05/2026,02:46:49: 	Recall@10: 0.00923 Recall@20: 0.01649 NDCG@10: 0.00576 NDCG@20: 0.00771 
09/05/2026,02:46:49: Epoch [8/1000]
09/05/2026,02:46:49: Negative sampling...
09/05/2026,02:46:50: Model's personal time...
09/05/2026,02:46:50: Training...
09/05/2026,02:46:52: Evaluating...
09/05/2026,02:46:53: 	Train Loss: 4775984.0000 (base: 1352.4583, kd: 9549.2617), Elapsed: train 3.00 test 0.66
09/05/2026,02:46:53: 	Recall@10: 0.02500 Recall@20: 0.03921 NDCG@10: 0.01541 NDCG@20: 0.01917 
09/05/2026,02:46:53: 	Recall@10: 0.01004 Recall@20: 0.01643 NDCG@10: 0.00639 NDCG@20: 0.00808 
09/05/2026,02:46:53: Epoch [9/1000]
09/05/2026,02:46:53: Negative sampling...
09/05/2026,02:46:54: Model's personal time...
09/05/2026,02:46:54: Training...
09/05/2026,02:46:55: Evaluating...
09/05/2026,02:46:56: 	Train Loss: 4742469.0000 (base: 1344.3594, kd: 9482.2500), Elapsed: train 2.87 test 0.76 *
09/05/2026,02:46:56: 	Recall@10: 0.02596 Recall@20: 0.03999 NDCG@10: 0.01643 NDCG@20: 0.02016 
09/05/2026,02:46:56: 	Recall@10: 0.00990 Recall@20: 0.01728 NDCG@10: 0.00618 NDCG@20: 0.00814 
09/05/2026,02:46:56: Epoch [10/1000]
09/05/2026,02:46:56: Negative sampling...
09/05/2026,02:46:58: Model's personal time...
09/05/2026,02:46:58: Training...
09/05/2026,02:46:59: Evaluating...
09/05/2026,02:47:01: 	Train Loss: 4720963.0000 (base: 1336.4130, kd: 9439.2529), Elapsed: train 3.27 test 1.23
09/05/2026,02:47:01: 	Recall@10: 0.02534 Recall@20: 0.04031 NDCG@10: 0.01586 NDCG@20: 0.01976 
09/05/2026,02:47:01: 	Recall@10: 0.01058 Recall@20: 0.01693 NDCG@10: 0.00607 NDCG@20: 0.00775 
09/05/2026,02:47:01: Epoch [11/1000]
09/05/2026,02:47:01: Negative sampling...
09/05/2026,02:47:04: Model's personal time...
09/05/2026,02:47:04: Training...
09/05/2026,02:47:05: Evaluating...
09/05/2026,02:47:06: 	Train Loss: 4701946.5000 (base: 1328.1495, kd: 9401.2373), Elapsed: train 4.72 test 0.78
09/05/2026,02:47:06: 	Recall@10: 0.02568 Recall@20: 0.04071 NDCG@10: 0.01514 NDCG@20: 0.01910 
09/05/2026,02:47:06: 	Recall@10: 0.01039 Recall@20: 0.01674 NDCG@10: 0.00576 NDCG@20: 0.00745 
09/05/2026,02:47:06: Epoch [12/1000]
09/05/2026,02:47:06: Negative sampling...
09/05/2026,02:47:08: Model's personal time...
09/05/2026,02:47:08: Training...
09/05/2026,02:47:10: Evaluating...
09/05/2026,02:47:11: 	Train Loss: 4677283.5000 (base: 1319.7733, kd: 9351.9277), Elapsed: train 3.90 test 0.57
09/05/2026,02:47:11: 	Recall@10: 0.02624 Recall@20: 0.04186 NDCG@10: 0.01576 NDCG@20: 0.01988 
09/05/2026,02:47:11: 	Recall@10: 0.01039 Recall@20: 0.01719 NDCG@10: 0.00566 NDCG@20: 0.00749 
09/05/2026,02:47:11: Epoch [13/1000]
09/05/2026,02:47:11: Negative sampling...
09/05/2026,02:47:12: Model's personal time...
09/05/2026,02:47:12: Training...
09/05/2026,02:47:14: Evaluating...
09/05/2026,02:47:15: 	Train Loss: 4656782.0000 (base: 1312.5073, kd: 9310.9385), Elapsed: train 3.85 test 0.68 *
09/05/2026,02:47:15: 	Recall@10: 0.02547 Recall@20: 0.04166 NDCG@10: 0.01619 NDCG@20: 0.02050 
09/05/2026,02:47:15: 	Recall@10: 0.01067 Recall@20: 0.01709 NDCG@10: 0.00589 NDCG@20: 0.00762 
09/05/2026,02:47:15: Epoch [14/1000]
09/05/2026,02:47:15: Negative sampling...
09/05/2026,02:47:18: Model's personal time...
09/05/2026,02:47:18: Training...
09/05/2026,02:47:21: Evaluating...
09/05/2026,02:47:21: 	Train Loss: 4635243.5000 (base: 1303.6646, kd: 9267.8789), Elapsed: train 5.34 test 0.60 *
09/05/2026,02:47:21: 	Recall@10: 0.02629 Recall@20: 0.04188 NDCG@10: 0.01643 NDCG@20: 0.02061 
09/05/2026,02:47:21: 	Recall@10: 0.01027 Recall@20: 0.01671 NDCG@10: 0.00582 NDCG@20: 0.00757 
09/05/2026,02:47:21: Epoch [15/1000]
09/05/2026,02:47:21: Negative sampling...
09/05/2026,02:47:23: Model's personal time...
09/05/2026,02:47:23: Training...
09/05/2026,02:47:25: Evaluating...
09/05/2026,02:47:25: 	Train Loss: 4624682.5000 (base: 1295.0277, kd: 9246.7744), Elapsed: train 3.76 test 0.53
09/05/2026,02:47:25: 	Recall@10: 0.02702 Recall@20: 0.04165 NDCG@10: 0.01659 NDCG@20: 0.02046 
09/05/2026,02:47:25: 	Recall@10: 0.01056 Recall@20: 0.01712 NDCG@10: 0.00577 NDCG@20: 0.00756 
09/05/2026,02:47:25: Epoch [16/1000]
09/05/2026,02:47:25: Negative sampling...
09/05/2026,02:47:27: Model's personal time...
09/05/2026,02:47:27: Training...
09/05/2026,02:47:29: Evaluating...
09/05/2026,02:47:30: 	Train Loss: 4604735.0000 (base: 1287.1172, kd: 9206.8955), Elapsed: train 3.91 test 0.56 *
09/05/2026,02:47:30: 	Recall@10: 0.02674 Recall@20: 0.04303 NDCG@10: 0.01655 NDCG@20: 0.02089 
09/05/2026,02:47:30: 	Recall@10: 0.01047 Recall@20: 0.01694 NDCG@10: 0.00574 NDCG@20: 0.00751 
09/05/2026,02:47:30: Epoch [17/1000]
09/05/2026,02:47:30: Negative sampling...
09/05/2026,02:47:32: Model's personal time...
09/05/2026,02:47:32: Training...
09/05/2026,02:47:34: Evaluating...
09/05/2026,02:47:35: 	Train Loss: 4594018.5000 (base: 1279.3971, kd: 9185.4785), Elapsed: train 3.93 test 0.78 *
09/05/2026,02:47:35: 	Recall@10: 0.02629 Recall@20: 0.04312 NDCG@10: 0.01657 NDCG@20: 0.02110 
09/05/2026,02:47:35: 	Recall@10: 0.01069 Recall@20: 0.01698 NDCG@10: 0.00580 NDCG@20: 0.00754 
09/05/2026,02:47:35: Epoch [18/1000]
09/05/2026,02:47:35: Negative sampling...
09/05/2026,02:47:37: Model's personal time...
09/05/2026,02:47:37: Training...
09/05/2026,02:47:39: Evaluating...
09/05/2026,02:47:39: 	Train Loss: 4586826.5000 (base: 1269.8792, kd: 9171.1133), Elapsed: train 4.08 test 0.56 *
09/05/2026,02:47:39: 	Recall@10: 0.02871 Recall@20: 0.04349 NDCG@10: 0.01736 NDCG@20: 0.02134 
09/05/2026,02:47:39: 	Recall@10: 0.01108 Recall@20: 0.01775 NDCG@10: 0.00590 NDCG@20: 0.00771 
09/05/2026,02:47:39: Epoch [19/1000]
09/05/2026,02:47:39: Negative sampling...
09/05/2026,02:47:41: Model's personal time...
09/05/2026,02:47:41: Training...
09/05/2026,02:47:43: Evaluating...
09/05/2026,02:47:44: 	Train Loss: 4575319.5000 (base: 1260.6633, kd: 9148.1172), Elapsed: train 4.04 test 0.52 *
09/05/2026,02:47:44: 	Recall@10: 0.02851 Recall@20: 0.04368 NDCG@10: 0.01734 NDCG@20: 0.02140 
09/05/2026,02:47:44: 	Recall@10: 0.01136 Recall@20: 0.01765 NDCG@10: 0.00618 NDCG@20: 0.00794 
09/05/2026,02:47:44: Epoch [20/1000]
09/05/2026,02:47:44: Negative sampling...
09/05/2026,02:47:46: Model's personal time...
09/05/2026,02:47:46: Training...
09/05/2026,02:47:48: Evaluating...
09/05/2026,02:47:48: 	Train Loss: 4563126.0000 (base: 1252.4155, kd: 9123.7471), Elapsed: train 3.77 test 0.61 *
09/05/2026,02:47:48: 	Recall@10: 0.03000 Recall@20: 0.04390 NDCG@10: 0.01774 NDCG@20: 0.02154 
09/05/2026,02:47:48: 	Recall@10: 0.01250 Recall@20: 0.01807 NDCG@10: 0.00646 NDCG@20: 0.00804 
09/05/2026,02:47:48: Epoch [21/1000]
09/05/2026,02:47:48: Negative sampling...
09/05/2026,02:47:50: Model's personal time...
09/05/2026,02:47:50: Training...
09/05/2026,02:47:51: Evaluating...
09/05/2026,02:47:53: 	Train Loss: 4557365.0000 (base: 1243.4331, kd: 9112.2432), Elapsed: train 3.31 test 1.31 *
09/05/2026,02:47:53: 	Recall@10: 0.03049 Recall@20: 0.04429 NDCG@10: 0.01805 NDCG@20: 0.02180 
09/05/2026,02:47:53: 	Recall@10: 0.01201 Recall@20: 0.01788 NDCG@10: 0.00618 NDCG@20: 0.00785 
09/05/2026,02:47:53: Epoch [22/1000]
09/05/2026,02:47:53: Negative sampling...
09/05/2026,02:47:55: Model's personal time...
09/05/2026,02:47:55: Training...
09/05/2026,02:47:57: Evaluating...
09/05/2026,02:47:57: 	Train Loss: 4548550.5000 (base: 1234.3204, kd: 9094.6328), Elapsed: train 4.12 test 0.57 *
09/05/2026,02:47:57: 	Recall@10: 0.03058 Recall@20: 0.04470 NDCG@10: 0.01818 NDCG@20: 0.02202 
09/05/2026,02:47:57: 	Recall@10: 0.01228 Recall@20: 0.01859 NDCG@10: 0.00641 NDCG@20: 0.00817 
09/05/2026,02:47:57: Epoch [23/1000]
09/05/2026,02:47:57: Negative sampling...
09/05/2026,02:48:00: Model's personal time...
09/05/2026,02:48:00: Training...
09/05/2026,02:48:02: Evaluating...
09/05/2026,02:48:02: 	Train Loss: 4542093.5000 (base: 1224.3746, kd: 9081.7373), Elapsed: train 4.09 test 0.72 *
09/05/2026,02:48:02: 	Recall@10: 0.03121 Recall@20: 0.04554 NDCG@10: 0.01857 NDCG@20: 0.02248 
09/05/2026,02:48:02: 	Recall@10: 0.01190 Recall@20: 0.01835 NDCG@10: 0.00621 NDCG@20: 0.00799 
09/05/2026,02:48:02: Epoch [24/1000]
09/05/2026,02:48:02: Negative sampling...
09/05/2026,02:48:04: Model's personal time...
09/05/2026,02:48:04: Training...
09/05/2026,02:48:06: Evaluating...
09/05/2026,02:48:07: 	Train Loss: 4539674.5000 (base: 1215.8776, kd: 9076.9170), Elapsed: train 3.99 test 0.48
09/05/2026,02:48:07: 	Recall@10: 0.03101 Recall@20: 0.04537 NDCG@10: 0.01856 NDCG@20: 0.02248 
09/05/2026,02:48:07: 	Recall@10: 0.01209 Recall@20: 0.01873 NDCG@10: 0.00614 NDCG@20: 0.00798 
09/05/2026,02:48:07: Epoch [25/1000]
09/05/2026,02:48:07: Negative sampling...
09/05/2026,02:48:09: Model's personal time...
09/05/2026,02:48:09: Training...
09/05/2026,02:48:11: Evaluating...
09/05/2026,02:48:12: 	Train Loss: 4527569.0000 (base: 1205.4630, kd: 9052.7266), Elapsed: train 4.19 test 0.61 *
09/05/2026,02:48:12: 	Recall@10: 0.03145 Recall@20: 0.04538 NDCG@10: 0.01870 NDCG@20: 0.02255 
09/05/2026,02:48:12: 	Recall@10: 0.01190 Recall@20: 0.01778 NDCG@10: 0.00619 NDCG@20: 0.00785 
09/05/2026,02:48:12: Epoch [26/1000]
09/05/2026,02:48:12: Negative sampling...
09/05/2026,02:48:14: Model's personal time...
09/05/2026,02:48:14: Training...
09/05/2026,02:48:16: Evaluating...
09/05/2026,02:48:16: 	Train Loss: 4522848.0000 (base: 1196.5214, kd: 9043.3018), Elapsed: train 4.29 test 0.61
09/05/2026,02:48:16: 	Recall@10: 0.03109 Recall@20: 0.04566 NDCG@10: 0.01844 NDCG@20: 0.02247 
09/05/2026,02:48:16: 	Recall@10: 0.01181 Recall@20: 0.01797 NDCG@10: 0.00621 NDCG@20: 0.00796 
09/05/2026,02:48:16: Epoch [27/1000]
09/05/2026,02:48:16: Negative sampling...
09/05/2026,02:48:19: Model's personal time...
09/05/2026,02:48:19: Training...
09/05/2026,02:48:20: Evaluating...
09/05/2026,02:48:21: 	Train Loss: 4520239.5000 (base: 1187.0902, kd: 9038.1055), Elapsed: train 3.66 test 0.73
09/05/2026,02:48:21: 	Recall@10: 0.03153 Recall@20: 0.04558 NDCG@10: 0.01841 NDCG@20: 0.02232 
09/05/2026,02:48:21: 	Recall@10: 0.01223 Recall@20: 0.01797 NDCG@10: 0.00620 NDCG@20: 0.00783 
09/05/2026,02:48:21: Epoch [28/1000]
09/05/2026,02:48:21: Negative sampling...
09/05/2026,02:48:24: Model's personal time...
09/05/2026,02:48:24: Training...
09/05/2026,02:48:25: Evaluating...
09/05/2026,02:48:26: 	Train Loss: 4511947.5000 (base: 1178.0656, kd: 9021.5391), Elapsed: train 4.45 test 0.61 *
09/05/2026,02:48:26: 	Recall@10: 0.03220 Recall@20: 0.04571 NDCG@10: 0.01880 NDCG@20: 0.02257 
09/05/2026,02:48:26: 	Recall@10: 0.01276 Recall@20: 0.01795 NDCG@10: 0.00654 NDCG@20: 0.00802 
09/05/2026,02:48:26: Epoch [29/1000]
09/05/2026,02:48:26: Negative sampling...
09/05/2026,02:48:28: Model's personal time...
09/05/2026,02:48:28: Training...
09/05/2026,02:48:30: Evaluating...
09/05/2026,02:48:30: 	Train Loss: 4507195.5000 (base: 1168.1246, kd: 9012.0547), Elapsed: train 3.75 test 0.51 *
09/05/2026,02:48:30: 	Recall@10: 0.03231 Recall@20: 0.04561 NDCG@10: 0.01920 NDCG@20: 0.02291 
09/05/2026,02:48:30: 	Recall@10: 0.01261 Recall@20: 0.01781 NDCG@10: 0.00662 NDCG@20: 0.00809 
09/05/2026,02:48:30: Epoch [30/1000]
09/05/2026,02:48:30: Negative sampling...
09/05/2026,02:48:32: Model's personal time...
09/05/2026,02:48:32: Training...
09/05/2026,02:48:34: Evaluating...
09/05/2026,02:48:34: 	Train Loss: 4510114.0000 (base: 1160.4222, kd: 9017.9062), Elapsed: train 3.48 test 0.52
09/05/2026,02:48:34: 	Recall@10: 0.03197 Recall@20: 0.04558 NDCG@10: 0.01890 NDCG@20: 0.02273 
09/05/2026,02:48:34: 	Recall@10: 0.01318 Recall@20: 0.01782 NDCG@10: 0.00677 NDCG@20: 0.00809 
09/05/2026,02:48:34: Epoch [31/1000]
09/05/2026,02:48:34: Negative sampling...
09/05/2026,02:48:37: Model's personal time...
09/05/2026,02:48:37: Training...
09/05/2026,02:48:38: Evaluating...
09/05/2026,02:48:39: 	Train Loss: 4499400.5000 (base: 1151.2065, kd: 8996.4990), Elapsed: train 4.00 test 0.51 *
09/05/2026,02:48:39: 	Recall@10: 0.03246 Recall@20: 0.04614 NDCG@10: 0.01945 NDCG@20: 0.02332 
09/05/2026,02:48:39: 	Recall@10: 0.01274 Recall@20: 0.01818 NDCG@10: 0.00651 NDCG@20: 0.00808 
09/05/2026,02:48:39: Epoch [32/1000]
09/05/2026,02:48:39: Negative sampling...
09/05/2026,02:48:41: Model's personal time...
09/05/2026,02:48:41: Training...
09/05/2026,02:48:43: Evaluating...
09/05/2026,02:48:43: 	Train Loss: 4496146.0000 (base: 1142.0228, kd: 8990.0078), Elapsed: train 4.03 test 0.54 *
09/05/2026,02:48:43: 	Recall@10: 0.03317 Recall@20: 0.04687 NDCG@10: 0.01963 NDCG@20: 0.02348 
09/05/2026,02:48:43: 	Recall@10: 0.01282 Recall@20: 0.01813 NDCG@10: 0.00672 NDCG@20: 0.00825 
09/05/2026,02:48:43: Epoch [33/1000]
09/05/2026,02:48:43: Negative sampling...
09/05/2026,02:48:45: Model's personal time...
09/05/2026,02:48:45: Training...
09/05/2026,02:48:47: Evaluating...
09/05/2026,02:48:47: 	Train Loss: 4490874.5000 (base: 1133.6876, kd: 8979.4824), Elapsed: train 3.73 test 0.47
09/05/2026,02:48:47: 	Recall@10: 0.03366 Recall@20: 0.04677 NDCG@10: 0.01981 NDCG@20: 0.02348 
09/05/2026,02:48:47: 	Recall@10: 0.01248 Recall@20: 0.01846 NDCG@10: 0.00663 NDCG@20: 0.00834 
09/05/2026,02:48:47: Epoch [34/1000]
09/05/2026,02:48:47: Negative sampling...
09/05/2026,02:48:50: Model's personal time...
09/05/2026,02:48:50: Training...
09/05/2026,02:48:51: Evaluating...
09/05/2026,02:48:52: 	Train Loss: 4485756.5000 (base: 1124.4510, kd: 8969.2646), Elapsed: train 3.77 test 0.36 *
09/05/2026,02:48:52: 	Recall@10: 0.03392 Recall@20: 0.04781 NDCG@10: 0.02008 NDCG@20: 0.02396 
09/05/2026,02:48:52: 	Recall@10: 0.01239 Recall@20: 0.01861 NDCG@10: 0.00664 NDCG@20: 0.00838 
09/05/2026,02:48:52: Epoch [35/1000]
09/05/2026,02:48:52: Negative sampling...
09/05/2026,02:48:54: Model's personal time...
09/05/2026,02:48:54: Training...
09/05/2026,02:48:55: Evaluating...
09/05/2026,02:48:56: 	Train Loss: 4482375.5000 (base: 1115.1970, kd: 8962.5205), Elapsed: train 3.68 test 0.48 *
09/05/2026,02:48:56: 	Recall@10: 0.03442 Recall@20: 0.04756 NDCG@10: 0.02068 NDCG@20: 0.02437 
09/05/2026,02:48:56: 	Recall@10: 0.01258 Recall@20: 0.01881 NDCG@10: 0.00660 NDCG@20: 0.00836 
09/05/2026,02:48:56: Epoch [36/1000]
09/05/2026,02:48:56: Negative sampling...
09/05/2026,02:48:58: Model's personal time...
09/05/2026,02:48:58: Training...
09/05/2026,02:49:00: Evaluating...
09/05/2026,02:49:00: 	Train Loss: 4483587.0000 (base: 1107.8179, kd: 8964.9580), Elapsed: train 3.93 test 0.78 *
09/05/2026,02:49:00: 	Recall@10: 0.03438 Recall@20: 0.04785 NDCG@10: 0.02074 NDCG@20: 0.02452 
09/05/2026,02:49:00: 	Recall@10: 0.01261 Recall@20: 0.01836 NDCG@10: 0.00659 NDCG@20: 0.00823 
09/05/2026,02:49:00: Epoch [37/1000]
09/05/2026,02:49:00: Negative sampling...
09/05/2026,02:49:02: Model's personal time...
09/05/2026,02:49:02: Training...
09/05/2026,02:49:04: Evaluating...
09/05/2026,02:49:05: 	Train Loss: 4471659.5000 (base: 1097.7653, kd: 8941.1221), Elapsed: train 3.48 test 0.61
09/05/2026,02:49:05: 	Recall@10: 0.03433 Recall@20: 0.04793 NDCG@10: 0.02057 NDCG@20: 0.02435 
09/05/2026,02:49:05: 	Recall@10: 0.01261 Recall@20: 0.01917 NDCG@10: 0.00669 NDCG@20: 0.00852 
09/05/2026,02:49:05: Epoch [38/1000]
09/05/2026,02:49:05: Negative sampling...
09/05/2026,02:49:07: Model's personal time...
09/05/2026,02:49:07: Training...
09/05/2026,02:49:08: Evaluating...
09/05/2026,02:49:09: 	Train Loss: 4468469.0000 (base: 1088.9589, kd: 8934.7598), Elapsed: train 3.90 test 0.51 *
09/05/2026,02:49:09: 	Recall@10: 0.03429 Recall@20: 0.04777 NDCG@10: 0.02106 NDCG@20: 0.02485 
09/05/2026,02:49:09: 	Recall@10: 0.01290 Recall@20: 0.01967 NDCG@10: 0.00690 NDCG@20: 0.00877 
09/05/2026,02:49:09: Epoch [39/1000]
09/05/2026,02:49:09: Negative sampling...
09/05/2026,02:49:11: Model's personal time...
09/05/2026,02:49:11: Training...
09/05/2026,02:49:13: Evaluating...
09/05/2026,02:49:13: 	Train Loss: 4467679.5000 (base: 1082.2041, kd: 8933.1953), Elapsed: train 3.60 test 0.59
09/05/2026,02:49:13: 	Recall@10: 0.03435 Recall@20: 0.04786 NDCG@10: 0.02074 NDCG@20: 0.02450 
09/05/2026,02:49:13: 	Recall@10: 0.01312 Recall@20: 0.01929 NDCG@10: 0.00705 NDCG@20: 0.00877 
09/05/2026,02:49:13: Epoch [40/1000]
09/05/2026,02:49:13: Negative sampling...
09/05/2026,02:49:16: Model's personal time...
09/05/2026,02:49:16: Training...
09/05/2026,02:49:17: Evaluating...
09/05/2026,02:49:18: 	Train Loss: 4462391.5000 (base: 1076.0834, kd: 8922.6309), Elapsed: train 4.12 test 0.56 *
09/05/2026,02:49:18: 	Recall@10: 0.03546 Recall@20: 0.04875 NDCG@10: 0.02141 NDCG@20: 0.02513 
09/05/2026,02:49:18: 	Recall@10: 0.01299 Recall@20: 0.01987 NDCG@10: 0.00699 NDCG@20: 0.00888 
09/05/2026,02:49:18: Epoch [41/1000]
09/05/2026,02:49:18: Negative sampling...
09/05/2026,02:49:20: Model's personal time...
09/05/2026,02:49:20: Training...
09/05/2026,02:49:21: Evaluating...
09/05/2026,02:49:22: 	Train Loss: 4457977.0000 (base: 1067.8396, kd: 8913.8184), Elapsed: train 3.55 test 0.72
09/05/2026,02:49:22: 	Recall@10: 0.03513 Recall@20: 0.04847 NDCG@10: 0.02131 NDCG@20: 0.02506 
09/05/2026,02:49:22: 	Recall@10: 0.01309 Recall@20: 0.01923 NDCG@10: 0.00713 NDCG@20: 0.00886 
09/05/2026,02:49:22: Epoch [42/1000]
09/05/2026,02:49:22: Negative sampling...
09/05/2026,02:49:24: Model's personal time...
09/05/2026,02:49:24: Training...
09/05/2026,02:49:26: Evaluating...
09/05/2026,02:49:26: 	Train Loss: 4458370.5000 (base: 1058.7354, kd: 8914.6230), Elapsed: train 3.70 test 0.69
09/05/2026,02:49:26: 	Recall@10: 0.03531 Recall@20: 0.04942 NDCG@10: 0.02107 NDCG@20: 0.02498 
09/05/2026,02:49:26: 	Recall@10: 0.01328 Recall@20: 0.01948 NDCG@10: 0.00707 NDCG@20: 0.00879 
09/05/2026,02:49:26: Epoch [43/1000]
09/05/2026,02:49:26: Negative sampling...
09/05/2026,02:49:29: Model's personal time...
09/05/2026,02:49:29: Training...
09/05/2026,02:49:30: Evaluating...
09/05/2026,02:49:31: 	Train Loss: 4451177.0000 (base: 1050.3334, kd: 8900.2539), Elapsed: train 3.50 test 0.88
09/05/2026,02:49:31: 	Recall@10: 0.03497 Recall@20: 0.04862 NDCG@10: 0.02120 NDCG@20: 0.02501 
09/05/2026,02:49:31: 	Recall@10: 0.01405 Recall@20: 0.01939 NDCG@10: 0.00748 NDCG@20: 0.00894 
09/05/2026,02:49:31: Epoch [44/1000]
09/05/2026,02:49:31: Negative sampling...
09/05/2026,02:49:33: Model's personal time...
09/05/2026,02:49:33: Training...
09/05/2026,02:49:35: Evaluating...
09/05/2026,02:49:36: 	Train Loss: 4447746.5000 (base: 1043.6351, kd: 8893.4062), Elapsed: train 4.00 test 1.10 *
09/05/2026,02:49:36: 	Recall@10: 0.03575 Recall@20: 0.04989 NDCG@10: 0.02176 NDCG@20: 0.02570 
09/05/2026,02:49:36: 	Recall@10: 0.01386 Recall@20: 0.01926 NDCG@10: 0.00742 NDCG@20: 0.00889 
09/05/2026,02:49:36: Epoch [45/1000]
09/05/2026,02:49:36: Negative sampling...
09/05/2026,02:49:38: Model's personal time...
09/05/2026,02:49:38: Training...
09/05/2026,02:49:39: Evaluating...
09/05/2026,02:49:41: 	Train Loss: 4445509.0000 (base: 1036.1677, kd: 8888.9463), Elapsed: train 3.49 test 1.23
09/05/2026,02:49:41: 	Recall@10: 0.03563 Recall@20: 0.04970 NDCG@10: 0.02143 NDCG@20: 0.02533 
09/05/2026,02:49:41: 	Recall@10: 0.01414 Recall@20: 0.01901 NDCG@10: 0.00749 NDCG@20: 0.00884 
09/05/2026,02:49:41: Epoch [46/1000]
09/05/2026,02:49:41: Negative sampling...
09/05/2026,02:49:43: Model's personal time...
09/05/2026,02:49:43: Training...
09/05/2026,02:49:44: Evaluating...
09/05/2026,02:49:45: 	Train Loss: 4442655.5000 (base: 1028.0853, kd: 8883.2539), Elapsed: train 3.60 test 1.16 *
09/05/2026,02:49:45: 	Recall@10: 0.03524 Recall@20: 0.05037 NDCG@10: 0.02164 NDCG@20: 0.02586 
09/05/2026,02:49:45: 	Recall@10: 0.01386 Recall@20: 0.01898 NDCG@10: 0.00740 NDCG@20: 0.00881 
09/05/2026,02:49:45: Epoch [47/1000]
09/05/2026,02:49:45: Negative sampling...
09/05/2026,02:49:48: Model's personal time...
09/05/2026,02:49:48: Training...
09/05/2026,02:49:49: Evaluating...
09/05/2026,02:49:51: 	Train Loss: 4443707.0000 (base: 1022.4793, kd: 8885.3682), Elapsed: train 3.97 test 1.14 *
09/05/2026,02:49:51: 	Recall@10: 0.03608 Recall@20: 0.05139 NDCG@10: 0.02231 NDCG@20: 0.02650 
09/05/2026,02:49:51: 	Recall@10: 0.01402 Recall@20: 0.01972 NDCG@10: 0.00754 NDCG@20: 0.00911 
09/05/2026,02:49:51: Epoch [48/1000]
09/05/2026,02:49:51: Negative sampling...
09/05/2026,02:49:53: Model's personal time...
09/05/2026,02:49:53: Training...
09/05/2026,02:49:55: Evaluating...
09/05/2026,02:49:55: 	Train Loss: 4440312.0000 (base: 1014.9833, kd: 8878.5938), Elapsed: train 4.44 test 0.41
09/05/2026,02:49:55: 	Recall@10: 0.03608 Recall@20: 0.05034 NDCG@10: 0.02210 NDCG@20: 0.02610 
09/05/2026,02:49:55: 	Recall@10: 0.01380 Recall@20: 0.01939 NDCG@10: 0.00762 NDCG@20: 0.00916 
09/05/2026,02:49:55: Epoch [49/1000]
09/05/2026,02:49:55: Negative sampling...
09/05/2026,02:49:57: Model's personal time...
09/05/2026,02:49:57: Training...
09/05/2026,02:49:59: Evaluating...
09/05/2026,02:50:00: 	Train Loss: 4433717.0000 (base: 1007.7697, kd: 8865.4180), Elapsed: train 3.15 test 1.26 *
09/05/2026,02:50:00: 	Recall@10: 0.03603 Recall@20: 0.05154 NDCG@10: 0.02230 NDCG@20: 0.02661 
09/05/2026,02:50:00: 	Recall@10: 0.01398 Recall@20: 0.02013 NDCG@10: 0.00747 NDCG@20: 0.00917 
09/05/2026,02:50:00: Epoch [50/1000]
09/05/2026,02:50:00: Negative sampling...
09/05/2026,02:50:02: Model's personal time...
09/05/2026,02:50:02: Training...
09/05/2026,02:50:04: Evaluating...
09/05/2026,02:50:04: 	Train Loss: 4429683.0000 (base: 1001.2865, kd: 8857.3623), Elapsed: train 3.70 test 0.84
09/05/2026,02:50:04: 	Recall@10: 0.03594 Recall@20: 0.05083 NDCG@10: 0.02214 NDCG@20: 0.02630 
09/05/2026,02:50:04: 	Recall@10: 0.01367 Recall@20: 0.01869 NDCG@10: 0.00731 NDCG@20: 0.00870 
09/05/2026,02:50:04: Epoch [51/1000]
09/05/2026,02:50:04: Negative sampling...
09/05/2026,02:50:06: Model's personal time...
09/05/2026,02:50:06: Training...
09/05/2026,02:50:08: Evaluating...
09/05/2026,02:50:09: 	Train Loss: 4429562.0000 (base: 993.9982, kd: 8857.1367), Elapsed: train 3.89 test 0.75
09/05/2026,02:50:09: 	Recall@10: 0.03593 Recall@20: 0.05051 NDCG@10: 0.02216 NDCG@20: 0.02624 
09/05/2026,02:50:09: 	Recall@10: 0.01389 Recall@20: 0.01907 NDCG@10: 0.00752 NDCG@20: 0.00894 
09/05/2026,02:50:09: Epoch [52/1000]
09/05/2026,02:50:09: Negative sampling...
09/05/2026,02:50:10: Model's personal time...
09/05/2026,02:50:10: Training...
09/05/2026,02:50:12: Evaluating...
09/05/2026,02:50:13: 	Train Loss: 4426853.0000 (base: 988.0309, kd: 8851.7305), Elapsed: train 3.38 test 0.60
09/05/2026,02:50:13: 	Recall@10: 0.03642 Recall@20: 0.05091 NDCG@10: 0.02214 NDCG@20: 0.02620 
09/05/2026,02:50:13: 	Recall@10: 0.01398 Recall@20: 0.01895 NDCG@10: 0.00760 NDCG@20: 0.00898 
09/05/2026,02:50:13: Epoch [53/1000]
09/05/2026,02:50:13: Negative sampling...
09/05/2026,02:50:15: Model's personal time...
09/05/2026,02:50:15: Training...
09/05/2026,02:50:17: Evaluating...
09/05/2026,02:50:17: 	Train Loss: 4423527.5000 (base: 981.3553, kd: 8845.0918), Elapsed: train 3.67 test 0.61 *
09/05/2026,02:50:17: 	Recall@10: 0.03763 Recall@20: 0.05163 NDCG@10: 0.02273 NDCG@20: 0.02664 
09/05/2026,02:50:17: 	Recall@10: 0.01408 Recall@20: 0.01908 NDCG@10: 0.00743 NDCG@20: 0.00882 
09/05/2026,02:50:17: Epoch [54/1000]
09/05/2026,02:50:17: Negative sampling...
09/05/2026,02:50:20: Model's personal time...
09/05/2026,02:50:20: Training...
09/05/2026,02:50:21: Evaluating...
09/05/2026,02:50:22: 	Train Loss: 4421431.0000 (base: 976.8898, kd: 8840.9072), Elapsed: train 3.99 test 0.64 *
09/05/2026,02:50:22: 	Recall@10: 0.03751 Recall@20: 0.05251 NDCG@10: 0.02252 NDCG@20: 0.02669 
09/05/2026,02:50:22: 	Recall@10: 0.01438 Recall@20: 0.02013 NDCG@10: 0.00771 NDCG@20: 0.00926 
09/05/2026,02:50:22: Epoch [55/1000]
09/05/2026,02:50:22: Negative sampling...
09/05/2026,02:50:24: Model's personal time...
09/05/2026,02:50:24: Training...
09/05/2026,02:50:26: Evaluating...
09/05/2026,02:50:26: 	Train Loss: 4417717.0000 (base: 969.1608, kd: 8833.4961), Elapsed: train 3.90 test 0.47 *
09/05/2026,02:50:26: 	Recall@10: 0.03736 Recall@20: 0.05180 NDCG@10: 0.02275 NDCG@20: 0.02676 
09/05/2026,02:50:26: 	Recall@10: 0.01438 Recall@20: 0.01960 NDCG@10: 0.00765 NDCG@20: 0.00911 
09/05/2026,02:50:26: Epoch [56/1000]
09/05/2026,02:50:26: Negative sampling...
09/05/2026,02:50:29: Model's personal time...
09/05/2026,02:50:29: Training...
09/05/2026,02:50:30: Evaluating...
09/05/2026,02:50:31: 	Train Loss: 4416573.0000 (base: 964.9537, kd: 8831.2168), Elapsed: train 3.82 test 0.44 *
09/05/2026,02:50:31: 	Recall@10: 0.03715 Recall@20: 0.05237 NDCG@10: 0.02276 NDCG@20: 0.02697 
09/05/2026,02:50:31: 	Recall@10: 0.01412 Recall@20: 0.01960 NDCG@10: 0.00758 NDCG@20: 0.00907 
09/05/2026,02:50:31: Epoch [57/1000]
09/05/2026,02:50:31: Negative sampling...
09/05/2026,02:50:32: Model's personal time...
09/05/2026,02:50:32: Training...
09/05/2026,02:50:34: Evaluating...
09/05/2026,02:50:35: 	Train Loss: 4412716.5000 (base: 955.8018, kd: 8823.5215), Elapsed: train 3.38 test 0.72
09/05/2026,02:50:35: 	Recall@10: 0.03634 Recall@20: 0.05255 NDCG@10: 0.02184 NDCG@20: 0.02634 
09/05/2026,02:50:35: 	Recall@10: 0.01371 Recall@20: 0.02024 NDCG@10: 0.00737 NDCG@20: 0.00914 
09/05/2026,02:50:35: Epoch [58/1000]
09/05/2026,02:50:35: Negative sampling...
09/05/2026,02:50:37: Model's personal time...
09/05/2026,02:50:37: Training...
09/05/2026,02:50:39: Evaluating...
09/05/2026,02:50:39: 	Train Loss: 4408981.0000 (base: 951.2793, kd: 8816.0596), Elapsed: train 4.19 test 0.65 *
09/05/2026,02:50:39: 	Recall@10: 0.03653 Recall@20: 0.05409 NDCG@10: 0.02271 NDCG@20: 0.02753 
09/05/2026,02:50:39: 	Recall@10: 0.01380 Recall@20: 0.01960 NDCG@10: 0.00744 NDCG@20: 0.00902 
09/05/2026,02:50:39: Epoch [59/1000]
09/05/2026,02:50:39: Negative sampling...
09/05/2026,02:50:42: Model's personal time...
09/05/2026,02:50:42: Training...
09/05/2026,02:50:44: Evaluating...
09/05/2026,02:50:44: 	Train Loss: 4408225.0000 (base: 947.0040, kd: 8814.5557), Elapsed: train 4.19 test 0.76
09/05/2026,02:50:44: 	Recall@10: 0.03518 Recall@20: 0.05355 NDCG@10: 0.02176 NDCG@20: 0.02684 
09/05/2026,02:50:44: 	Recall@10: 0.01380 Recall@20: 0.02002 NDCG@10: 0.00744 NDCG@20: 0.00915 
09/05/2026,02:50:44: Epoch [60/1000]
09/05/2026,02:50:44: Negative sampling...
09/05/2026,02:50:46: Model's personal time...
09/05/2026,02:50:46: Training...
09/05/2026,02:50:48: Evaluating...
09/05/2026,02:50:48: 	Train Loss: 4409257.5000 (base: 940.3372, kd: 8816.6348), Elapsed: train 3.35 test 0.65
09/05/2026,02:50:48: 	Recall@10: 0.03715 Recall@20: 0.05397 NDCG@10: 0.02255 NDCG@20: 0.02721 
09/05/2026,02:50:48: 	Recall@10: 0.01352 Recall@20: 0.01961 NDCG@10: 0.00731 NDCG@20: 0.00898 
09/05/2026,02:50:48: Epoch [61/1000]
09/05/2026,02:50:48: Negative sampling...
09/05/2026,02:50:51: Model's personal time...
09/05/2026,02:50:51: Training...
09/05/2026,02:50:52: Evaluating...
09/05/2026,02:50:53: 	Train Loss: 4404291.0000 (base: 932.3201, kd: 8806.7168), Elapsed: train 4.05 test 0.88
09/05/2026,02:50:53: 	Recall@10: 0.03653 Recall@20: 0.05298 NDCG@10: 0.02233 NDCG@20: 0.02689 
09/05/2026,02:50:53: 	Recall@10: 0.01419 Recall@20: 0.01995 NDCG@10: 0.00764 NDCG@20: 0.00921 
09/05/2026,02:50:53: Epoch [62/1000]
09/05/2026,02:50:53: Negative sampling...
09/05/2026,02:50:56: Model's personal time...
09/05/2026,02:50:56: Training...
09/05/2026,02:50:57: Evaluating...
09/05/2026,02:50:58: 	Train Loss: 4402302.0000 (base: 927.7409, kd: 8802.7490), Elapsed: train 4.10 test 0.43 *
09/05/2026,02:50:58: 	Recall@10: 0.03682 Recall@20: 0.05487 NDCG@10: 0.02257 NDCG@20: 0.02760 
09/05/2026,02:50:58: 	Recall@10: 0.01400 Recall@20: 0.01989 NDCG@10: 0.00769 NDCG@20: 0.00931 
09/05/2026,02:50:58: Epoch [63/1000]
09/05/2026,02:50:58: Negative sampling...
09/05/2026,02:51:00: Model's personal time...
09/05/2026,02:51:00: Training...
09/05/2026,02:51:01: Evaluating...
09/05/2026,02:51:02: 	Train Loss: 4404857.5000 (base: 923.9322, kd: 8807.8682), Elapsed: train 3.40 test 0.67 *
09/05/2026,02:51:02: 	Recall@10: 0.03669 Recall@20: 0.05604 NDCG@10: 0.02256 NDCG@20: 0.02785 
09/05/2026,02:51:02: 	Recall@10: 0.01419 Recall@20: 0.02051 NDCG@10: 0.00775 NDCG@20: 0.00947 
09/05/2026,02:51:02: Epoch [64/1000]
09/05/2026,02:51:02: Negative sampling...
09/05/2026,02:51:04: Model's personal time...
09/05/2026,02:51:04: Training...
09/05/2026,02:51:06: Evaluating...
09/05/2026,02:51:07: 	Train Loss: 4398402.0000 (base: 916.2665, kd: 8794.9717), Elapsed: train 3.66 test 0.90
09/05/2026,02:51:07: 	Recall@10: 0.03589 Recall@20: 0.05369 NDCG@10: 0.02208 NDCG@20: 0.02700 
09/05/2026,02:51:07: 	Recall@10: 0.01380 Recall@20: 0.02028 NDCG@10: 0.00759 NDCG@20: 0.00936 
09/05/2026,02:51:07: Epoch [65/1000]
09/05/2026,02:51:07: Negative sampling...
09/05/2026,02:51:09: Model's personal time...
09/05/2026,02:51:09: Training...
09/05/2026,02:51:10: Evaluating...
09/05/2026,02:51:12: 	Train Loss: 4395066.0000 (base: 912.3157, kd: 8788.3076), Elapsed: train 3.85 test 1.17
09/05/2026,02:51:12: 	Recall@10: 0.03681 Recall@20: 0.05547 NDCG@10: 0.02252 NDCG@20: 0.02763 
09/05/2026,02:51:12: 	Recall@10: 0.01342 Recall@20: 0.02012 NDCG@10: 0.00751 NDCG@20: 0.00934 
09/05/2026,02:51:12: Epoch [66/1000]
09/05/2026,02:51:12: Negative sampling...
09/05/2026,02:51:14: Model's personal time...
09/05/2026,02:51:14: Training...
09/05/2026,02:51:15: Evaluating...
09/05/2026,02:51:16: 	Train Loss: 4394607.5000 (base: 905.9388, kd: 8787.4033), Elapsed: train 3.60 test 1.03
09/05/2026,02:51:16: 	Recall@10: 0.03732 Recall@20: 0.05588 NDCG@10: 0.02261 NDCG@20: 0.02768 
09/05/2026,02:51:16: 	Recall@10: 0.01400 Recall@20: 0.02109 NDCG@10: 0.00783 NDCG@20: 0.00977 
09/05/2026,02:51:16: Epoch [67/1000]
09/05/2026,02:51:16: Negative sampling...
09/05/2026,02:51:18: Model's personal time...
09/05/2026,02:51:18: Training...
09/05/2026,02:51:20: Evaluating...
09/05/2026,02:51:21: 	Train Loss: 4392843.0000 (base: 901.0738, kd: 8783.8848), Elapsed: train 3.97 test 0.54 *
09/05/2026,02:51:21: 	Recall@10: 0.03728 Recall@20: 0.05599 NDCG@10: 0.02277 NDCG@20: 0.02788 
09/05/2026,02:51:21: 	Recall@10: 0.01352 Recall@20: 0.02089 NDCG@10: 0.00756 NDCG@20: 0.00956 
09/05/2026,02:51:21: Epoch [68/1000]
09/05/2026,02:51:21: Negative sampling...
09/05/2026,02:51:22: Model's personal time...
09/05/2026,02:51:22: Training...
09/05/2026,02:51:24: Evaluating...
09/05/2026,02:51:25: 	Train Loss: 4394742.0000 (base: 894.4861, kd: 8787.6943), Elapsed: train 3.10 test 0.78
09/05/2026,02:51:25: 	Recall@10: 0.03664 Recall@20: 0.05640 NDCG@10: 0.02232 NDCG@20: 0.02767 
09/05/2026,02:51:25: 	Recall@10: 0.01361 Recall@20: 0.02104 NDCG@10: 0.00765 NDCG@20: 0.00967 
09/05/2026,02:51:25: Epoch [69/1000]
09/05/2026,02:51:25: Negative sampling...
09/05/2026,02:51:27: Model's personal time...
09/05/2026,02:51:27: Training...
09/05/2026,02:51:28: Evaluating...
09/05/2026,02:51:30: 	Train Loss: 4393972.0000 (base: 893.1187, kd: 8786.1582), Elapsed: train 3.76 test 1.32
09/05/2026,02:51:30: 	Recall@10: 0.03701 Recall@20: 0.05620 NDCG@10: 0.02238 NDCG@20: 0.02766 
09/05/2026,02:51:30: 	Recall@10: 0.01333 Recall@20: 0.02071 NDCG@10: 0.00761 NDCG@20: 0.00965 
09/05/2026,02:51:30: Epoch [70/1000]
09/05/2026,02:51:30: Negative sampling...
09/05/2026,02:51:32: Model's personal time...
09/05/2026,02:51:32: Training...
09/05/2026,02:51:34: Evaluating...
09/05/2026,02:51:34: 	Train Loss: 4385820.5000 (base: 883.2798, kd: 8769.8750), Elapsed: train 3.99 test 0.64 *
09/05/2026,02:51:34: 	Recall@10: 0.03729 Recall@20: 0.05676 NDCG@10: 0.02257 NDCG@20: 0.02792 
09/05/2026,02:51:34: 	Recall@10: 0.01361 Recall@20: 0.02235 NDCG@10: 0.00764 NDCG@20: 0.01000 
09/05/2026,02:51:34: Epoch [71/1000]
09/05/2026,02:51:34: Negative sampling...
09/05/2026,02:51:37: Model's personal time...
09/05/2026,02:51:37: Training...
09/05/2026,02:51:38: Evaluating...
09/05/2026,02:51:39: 	Train Loss: 4384397.0000 (base: 882.2574, kd: 8767.0293), Elapsed: train 4.10 test 0.53 *
09/05/2026,02:51:39: 	Recall@10: 0.03770 Recall@20: 0.05712 NDCG@10: 0.02275 NDCG@20: 0.02808 
09/05/2026,02:51:39: 	Recall@10: 0.01352 Recall@20: 0.02164 NDCG@10: 0.00770 NDCG@20: 0.00991 
09/05/2026,02:51:39: Epoch [72/1000]
09/05/2026,02:51:39: Negative sampling...
09/05/2026,02:51:41: Model's personal time...
09/05/2026,02:51:41: Training...
09/05/2026,02:51:43: Evaluating...
09/05/2026,02:51:43: 	Train Loss: 4382673.5000 (base: 876.1573, kd: 8763.5938), Elapsed: train 3.83 test 0.60
09/05/2026,02:51:43: 	Recall@10: 0.03759 Recall@20: 0.05630 NDCG@10: 0.02276 NDCG@20: 0.02789 
09/05/2026,02:51:43: 	Recall@10: 0.01370 Recall@20: 0.02171 NDCG@10: 0.00769 NDCG@20: 0.00990 
09/05/2026,02:51:43: Epoch [73/1000]
09/05/2026,02:51:43: Negative sampling...
09/05/2026,02:51:45: Model's personal time...
09/05/2026,02:51:45: Training...
09/05/2026,02:51:47: Evaluating...
09/05/2026,02:51:47: 	Train Loss: 4380102.0000 (base: 871.9443, kd: 8758.4609), Elapsed: train 3.51 test 0.59
09/05/2026,02:51:47: 	Recall@10: 0.03765 Recall@20: 0.05585 NDCG@10: 0.02273 NDCG@20: 0.02778 
09/05/2026,02:51:47: 	Recall@10: 0.01342 Recall@20: 0.02127 NDCG@10: 0.00779 NDCG@20: 0.00994 
09/05/2026,02:51:47: Epoch [74/1000]
09/05/2026,02:51:47: Negative sampling...
09/05/2026,02:51:49: Model's personal time...
09/05/2026,02:51:49: Training...
09/05/2026,02:51:51: Evaluating...
09/05/2026,02:51:52: 	Train Loss: 4381507.0000 (base: 869.8560, kd: 8761.2754), Elapsed: train 3.53 test 1.08
09/05/2026,02:51:52: 	Recall@10: 0.03712 Recall@20: 0.05579 NDCG@10: 0.02269 NDCG@20: 0.02786 
09/05/2026,02:51:52: 	Recall@10: 0.01365 Recall@20: 0.02117 NDCG@10: 0.00775 NDCG@20: 0.00981 
09/05/2026,02:51:52: Epoch [75/1000]
09/05/2026,02:51:52: Negative sampling...
09/05/2026,02:51:54: Model's personal time...
09/05/2026,02:51:54: Training...
09/05/2026,02:51:56: Evaluating...
09/05/2026,02:51:57: 	Train Loss: 4377973.0000 (base: 864.5693, kd: 8754.2168), Elapsed: train 3.58 test 1.56
09/05/2026,02:51:57: 	Recall@10: 0.03800 Recall@20: 0.05665 NDCG@10: 0.02291 NDCG@20: 0.02805 
09/05/2026,02:51:57: 	Recall@10: 0.01342 Recall@20: 0.02156 NDCG@10: 0.00766 NDCG@20: 0.00988 
09/05/2026,02:51:57: Epoch [76/1000]
09/05/2026,02:51:57: Negative sampling...
09/05/2026,02:51:59: Model's personal time...
09/05/2026,02:51:59: Training...
09/05/2026,02:52:01: Evaluating...
09/05/2026,02:52:02: 	Train Loss: 4378199.0000 (base: 859.4929, kd: 8754.6797), Elapsed: train 3.34 test 1.40 *
09/05/2026,02:52:02: 	Recall@10: 0.03847 Recall@20: 0.05736 NDCG@10: 0.02323 NDCG@20: 0.02840 
09/05/2026,02:52:02: 	Recall@10: 0.01336 Recall@20: 0.02146 NDCG@10: 0.00766 NDCG@20: 0.00986 
09/05/2026,02:52:02: Epoch [77/1000]
09/05/2026,02:52:02: Negative sampling...
09/05/2026,02:52:04: Model's personal time...
09/05/2026,02:52:04: Training...
09/05/2026,02:52:05: Evaluating...
09/05/2026,02:52:06: 	Train Loss: 4379812.5000 (base: 854.8563, kd: 8757.9150), Elapsed: train 3.33 test 0.82
09/05/2026,02:52:06: 	Recall@10: 0.03814 Recall@20: 0.05784 NDCG@10: 0.02297 NDCG@20: 0.02840 
09/05/2026,02:52:06: 	Recall@10: 0.01399 Recall@20: 0.02224 NDCG@10: 0.00802 NDCG@20: 0.01026 
09/05/2026,02:52:06: Epoch [78/1000]
09/05/2026,02:52:06: Negative sampling...
09/05/2026,02:52:08: Model's personal time...
09/05/2026,02:52:08: Training...
09/05/2026,02:52:10: Evaluating...
09/05/2026,02:52:11: 	Train Loss: 4375441.0000 (base: 853.2025, kd: 8749.1748), Elapsed: train 3.77 test 0.81
09/05/2026,02:52:11: 	Recall@10: 0.03794 Recall@20: 0.05687 NDCG@10: 0.02298 NDCG@20: 0.02819 
09/05/2026,02:52:11: 	Recall@10: 0.01365 Recall@20: 0.02146 NDCG@10: 0.00780 NDCG@20: 0.00992 
09/05/2026,02:52:11: Epoch [79/1000]
09/05/2026,02:52:11: Negative sampling...
09/05/2026,02:52:13: Model's personal time...
09/05/2026,02:52:13: Training...
09/05/2026,02:52:15: Evaluating...
09/05/2026,02:52:16: 	Train Loss: 4372313.5000 (base: 844.5907, kd: 8742.9365), Elapsed: train 4.37 test 0.83
09/05/2026,02:52:16: 	Recall@10: 0.03840 Recall@20: 0.05742 NDCG@10: 0.02299 NDCG@20: 0.02819 
09/05/2026,02:52:16: 	Recall@10: 0.01383 Recall@20: 0.02168 NDCG@10: 0.00786 NDCG@20: 0.01001 
09/05/2026,02:52:16: Epoch [80/1000]
09/05/2026,02:52:16: Negative sampling...
09/05/2026,02:52:18: Model's personal time...
09/05/2026,02:52:18: Training...
09/05/2026,02:52:20: Evaluating...
09/05/2026,02:52:21: 	Train Loss: 4368772.0000 (base: 840.4078, kd: 8735.8623), Elapsed: train 4.30 test 1.16 *
09/05/2026,02:52:21: 	Recall@10: 0.03922 Recall@20: 0.05787 NDCG@10: 0.02346 NDCG@20: 0.02858 
09/05/2026,02:52:21: 	Recall@10: 0.01456 Recall@20: 0.02280 NDCG@10: 0.00819 NDCG@20: 0.01041 
09/05/2026,02:52:21: Epoch [81/1000]
09/05/2026,02:52:21: Negative sampling...
09/05/2026,02:52:23: Model's personal time...
09/05/2026,02:52:23: Training...
09/05/2026,02:52:25: Evaluating...
09/05/2026,02:52:25: 	Train Loss: 4366894.5000 (base: 838.4190, kd: 8732.1133), Elapsed: train 3.14 test 0.77 *
09/05/2026,02:52:25: 	Recall@10: 0.03863 Recall@20: 0.05815 NDCG@10: 0.02328 NDCG@20: 0.02868 
09/05/2026,02:52:25: 	Recall@10: 0.01437 Recall@20: 0.02269 NDCG@10: 0.00802 NDCG@20: 0.01029 
09/05/2026,02:52:25: Epoch [82/1000]
09/05/2026,02:52:25: Negative sampling...
09/05/2026,02:52:28: Model's personal time...
09/05/2026,02:52:28: Training...
09/05/2026,02:52:29: Evaluating...
09/05/2026,02:52:29: 	Train Loss: 4368843.5000 (base: 834.0386, kd: 8736.0186), Elapsed: train 3.37 test 0.49 *
09/05/2026,02:52:29: 	Recall@10: 0.03898 Recall@20: 0.05868 NDCG@10: 0.02353 NDCG@20: 0.02895 
09/05/2026,02:52:29: 	Recall@10: 0.01437 Recall@20: 0.02274 NDCG@10: 0.00799 NDCG@20: 0.01025 
09/05/2026,02:52:29: Epoch [83/1000]
09/05/2026,02:52:29: Negative sampling...
09/05/2026,02:52:32: Model's personal time...
09/05/2026,02:52:32: Training...
09/05/2026,02:52:34: Evaluating...
09/05/2026,02:52:34: 	Train Loss: 4363616.0000 (base: 830.2909, kd: 8725.5723), Elapsed: train 4.44 test 0.51
09/05/2026,02:52:34: 	Recall@10: 0.03940 Recall@20: 0.05851 NDCG@10: 0.02360 NDCG@20: 0.02883 
09/05/2026,02:52:34: 	Recall@10: 0.01456 Recall@20: 0.02264 NDCG@10: 0.00817 NDCG@20: 0.01038 
09/05/2026,02:52:34: Epoch [84/1000]
09/05/2026,02:52:34: Negative sampling...
09/05/2026,02:52:37: Model's personal time...
09/05/2026,02:52:37: Training...
09/05/2026,02:52:38: Evaluating...
09/05/2026,02:52:39: 	Train Loss: 4362522.0000 (base: 826.7094, kd: 8723.3896), Elapsed: train 4.21 test 0.67 *
09/05/2026,02:52:39: 	Recall@10: 0.03972 Recall@20: 0.05917 NDCG@10: 0.02365 NDCG@20: 0.02898 
09/05/2026,02:52:39: 	Recall@10: 0.01475 Recall@20: 0.02231 NDCG@10: 0.00821 NDCG@20: 0.01026 
09/05/2026,02:52:39: Epoch [85/1000]
09/05/2026,02:52:39: Negative sampling...
09/05/2026,02:52:42: Model's personal time...
09/05/2026,02:52:42: Training...
09/05/2026,02:52:44: Evaluating...
09/05/2026,02:52:44: 	Train Loss: 4362311.5000 (base: 823.3016, kd: 8722.9766), Elapsed: train 4.54 test 0.47
09/05/2026,02:52:44: 	Recall@10: 0.03919 Recall@20: 0.05810 NDCG@10: 0.02376 NDCG@20: 0.02897 
09/05/2026,02:52:44: 	Recall@10: 0.01447 Recall@20: 0.02293 NDCG@10: 0.00827 NDCG@20: 0.01057 
09/05/2026,02:52:44: Epoch [86/1000]
09/05/2026,02:52:44: Negative sampling...
09/05/2026,02:52:46: Model's personal time...
09/05/2026,02:52:46: Training...
09/05/2026,02:52:48: Evaluating...
09/05/2026,02:52:48: 	Train Loss: 4360799.5000 (base: 819.8728, kd: 8719.9600), Elapsed: train 3.86 test 0.45 *
09/05/2026,02:52:48: 	Recall@10: 0.04044 Recall@20: 0.05930 NDCG@10: 0.02416 NDCG@20: 0.02933 
09/05/2026,02:52:48: 	Recall@10: 0.01427 Recall@20: 0.02278 NDCG@10: 0.00823 NDCG@20: 0.01056 
09/05/2026,02:52:48: Epoch [87/1000]
09/05/2026,02:52:48: Negative sampling...
09/05/2026,02:52:50: Model's personal time...
09/05/2026,02:52:50: Training...
09/05/2026,02:52:52: Evaluating...
09/05/2026,02:52:53: 	Train Loss: 4361748.0000 (base: 816.3471, kd: 8721.8643), Elapsed: train 3.93 test 1.05
09/05/2026,02:52:53: 	Recall@10: 0.04086 Recall@20: 0.05901 NDCG@10: 0.02433 NDCG@20: 0.02931 
09/05/2026,02:52:53: 	Recall@10: 0.01485 Recall@20: 0.02315 NDCG@10: 0.00837 NDCG@20: 0.01062 
09/05/2026,02:52:53: Epoch [88/1000]
09/05/2026,02:52:53: Negative sampling...
09/05/2026,02:52:55: Model's personal time...
09/05/2026,02:52:55: Training...
09/05/2026,02:52:57: Evaluating...
09/05/2026,02:52:57: 	Train Loss: 4356436.0000 (base: 811.6766, kd: 8711.2490), Elapsed: train 3.38 test 0.66 *
09/05/2026,02:52:57: 	Recall@10: 0.03995 Recall@20: 0.05989 NDCG@10: 0.02399 NDCG@20: 0.02944 
09/05/2026,02:52:57: 	Recall@10: 0.01466 Recall@20: 0.02263 NDCG@10: 0.00835 NDCG@20: 0.01051 
09/05/2026,02:52:57: Epoch [89/1000]
09/05/2026,02:52:57: Negative sampling...
09/05/2026,02:52:59: Model's personal time...
09/05/2026,02:52:59: Training...
09/05/2026,02:53:01: Evaluating...
09/05/2026,02:53:01: 	Train Loss: 4359222.0000 (base: 811.5917, kd: 8716.8203), Elapsed: train 3.49 test 0.60
09/05/2026,02:53:01: 	Recall@10: 0.03982 Recall@20: 0.05871 NDCG@10: 0.02370 NDCG@20: 0.02892 
09/05/2026,02:53:01: 	Recall@10: 0.01408 Recall@20: 0.02292 NDCG@10: 0.00816 NDCG@20: 0.01054 
09/05/2026,02:53:01: Epoch [90/1000]
09/05/2026,02:53:01: Negative sampling...
09/05/2026,02:53:04: Model's personal time...
09/05/2026,02:53:04: Training...
09/05/2026,02:53:06: Evaluating...
09/05/2026,02:53:06: 	Train Loss: 4355935.0000 (base: 806.4003, kd: 8710.2578), Elapsed: train 4.07 test 0.66 *
09/05/2026,02:53:06: 	Recall@10: 0.04044 Recall@20: 0.06000 NDCG@10: 0.02419 NDCG@20: 0.02956 
09/05/2026,02:53:06: 	Recall@10: 0.01455 Recall@20: 0.02273 NDCG@10: 0.00840 NDCG@20: 0.01065 
09/05/2026,02:53:06: Epoch [91/1000]
09/05/2026,02:53:06: Negative sampling...
09/05/2026,02:53:08: Model's personal time...
09/05/2026,02:53:08: Training...
09/05/2026,02:53:10: Evaluating...
09/05/2026,02:53:11: 	Train Loss: 4355537.5000 (base: 801.9418, kd: 8709.4717), Elapsed: train 4.25 test 0.69
09/05/2026,02:53:11: 	Recall@10: 0.04032 Recall@20: 0.05891 NDCG@10: 0.02387 NDCG@20: 0.02903 
09/05/2026,02:53:11: 	Recall@10: 0.01418 Recall@20: 0.02234 NDCG@10: 0.00815 NDCG@20: 0.01038 
09/05/2026,02:53:11: Epoch [92/1000]
09/05/2026,02:53:11: Negative sampling...
09/05/2026,02:53:13: Model's personal time...
09/05/2026,02:53:13: Training...
09/05/2026,02:53:15: Evaluating...
09/05/2026,02:53:16: 	Train Loss: 4350633.5000 (base: 797.0557, kd: 8699.6729), Elapsed: train 3.94 test 0.61
09/05/2026,02:53:16: 	Recall@10: 0.04052 Recall@20: 0.05872 NDCG@10: 0.02422 NDCG@20: 0.02927 
09/05/2026,02:53:16: 	Recall@10: 0.01427 Recall@20: 0.02254 NDCG@10: 0.00823 NDCG@20: 0.01048 
09/05/2026,02:53:16: Epoch [93/1000]
09/05/2026,02:53:16: Negative sampling...
09/05/2026,02:53:18: Model's personal time...
09/05/2026,02:53:18: Training...
09/05/2026,02:53:20: Evaluating...
09/05/2026,02:53:20: 	Train Loss: 4353116.5000 (base: 794.8311, kd: 8704.6436), Elapsed: train 3.87 test 0.51
09/05/2026,02:53:20: 	Recall@10: 0.04104 Recall@20: 0.05848 NDCG@10: 0.02454 NDCG@20: 0.02938 
09/05/2026,02:53:20: 	Recall@10: 0.01445 Recall@20: 0.02340 NDCG@10: 0.00827 NDCG@20: 0.01071 
09/05/2026,02:53:20: Epoch [94/1000]
09/05/2026,02:53:20: Negative sampling...
09/05/2026,02:53:22: Model's personal time...
09/05/2026,02:53:22: Training...
09/05/2026,02:53:24: Evaluating...
09/05/2026,02:53:24: 	Train Loss: 4354991.0000 (base: 793.6894, kd: 8708.3936), Elapsed: train 3.52 test 0.42
09/05/2026,02:53:24: 	Recall@10: 0.04084 Recall@20: 0.05947 NDCG@10: 0.02428 NDCG@20: 0.02940 
09/05/2026,02:53:24: 	Recall@10: 0.01472 Recall@20: 0.02299 NDCG@10: 0.00847 NDCG@20: 0.01071 
09/05/2026,02:53:24: Epoch [95/1000]
09/05/2026,02:53:24: Negative sampling...
09/05/2026,02:53:26: Model's personal time...
09/05/2026,02:53:26: Training...
09/05/2026,02:53:28: Evaluating...
09/05/2026,02:53:28: 	Train Loss: 4350969.5000 (base: 786.2339, kd: 8700.3662), Elapsed: train 3.68 test 0.56 *
09/05/2026,02:53:28: 	Recall@10: 0.04120 Recall@20: 0.06048 NDCG@10: 0.02449 NDCG@20: 0.02980 
09/05/2026,02:53:28: 	Recall@10: 0.01471 Recall@20: 0.02333 NDCG@10: 0.00850 NDCG@20: 0.01085 
09/05/2026,02:53:28: Epoch [96/1000]
09/05/2026,02:53:28: Negative sampling...
09/05/2026,02:53:30: Model's personal time...
09/05/2026,02:53:30: Training...
09/05/2026,02:53:32: Evaluating...
09/05/2026,02:53:33: 	Train Loss: 4349267.5000 (base: 782.6052, kd: 8696.9697), Elapsed: train 4.05 test 0.55 *
09/05/2026,02:53:33: 	Recall@10: 0.04194 Recall@20: 0.06015 NDCG@10: 0.02483 NDCG@20: 0.02986 
09/05/2026,02:53:33: 	Recall@10: 0.01506 Recall@20: 0.02431 NDCG@10: 0.00856 NDCG@20: 0.01108 
09/05/2026,02:53:33: Epoch [97/1000]
09/05/2026,02:53:33: Negative sampling...
09/05/2026,02:53:35: Model's personal time...
09/05/2026,02:53:35: Training...
09/05/2026,02:53:36: Evaluating...
09/05/2026,02:53:37: 	Train Loss: 4349091.0000 (base: 788.0497, kd: 8696.6064), Elapsed: train 3.18 test 0.59 *
09/05/2026,02:53:37: 	Recall@10: 0.04154 Recall@20: 0.06060 NDCG@10: 0.02466 NDCG@20: 0.02987 
09/05/2026,02:53:37: 	Recall@10: 0.01458 Recall@20: 0.02372 NDCG@10: 0.00842 NDCG@20: 0.01091 
09/05/2026,02:53:37: Epoch [98/1000]
09/05/2026,02:53:37: Negative sampling...
09/05/2026,02:53:39: Model's personal time...
09/05/2026,02:53:39: Training...
09/05/2026,02:53:41: Evaluating...
09/05/2026,02:53:41: 	Train Loss: 4348651.5000 (base: 782.9673, kd: 8695.7373), Elapsed: train 3.89 test 0.57 *
09/05/2026,02:53:41: 	Recall@10: 0.04249 Recall@20: 0.06119 NDCG@10: 0.02534 NDCG@20: 0.03045 
09/05/2026,02:53:41: 	Recall@10: 0.01493 Recall@20: 0.02426 NDCG@10: 0.00865 NDCG@20: 0.01117 
09/05/2026,02:53:41: Epoch [99/1000]
09/05/2026,02:53:41: Negative sampling...
09/05/2026,02:53:43: Model's personal time...
09/05/2026,02:53:43: Training...
09/05/2026,02:53:45: Evaluating...
09/05/2026,02:53:46: 	Train Loss: 4351309.5000 (base: 776.7736, kd: 8701.0654), Elapsed: train 3.64 test 0.78
09/05/2026,02:53:46: 	Recall@10: 0.04200 Recall@20: 0.06110 NDCG@10: 0.02483 NDCG@20: 0.03005 
09/05/2026,02:53:46: 	Recall@10: 0.01485 Recall@20: 0.02441 NDCG@10: 0.00848 NDCG@20: 0.01109 
09/05/2026,02:53:46: Epoch [100/1000]
09/05/2026,02:53:46: Negative sampling...
09/05/2026,02:53:47: Model's personal time...
09/05/2026,02:53:47: Training...
09/05/2026,02:53:49: Evaluating...
09/05/2026,02:53:49: 	Train Loss: 4345637.0000 (base: 776.3396, kd: 8689.7217), Elapsed: train 3.24 test 0.51
09/05/2026,02:53:49: 	Recall@10: 0.04256 Recall@20: 0.06105 NDCG@10: 0.02506 NDCG@20: 0.03014 
09/05/2026,02:53:49: 	Recall@10: 0.01520 Recall@20: 0.02374 NDCG@10: 0.00857 NDCG@20: 0.01091 
09/05/2026,02:53:49: Epoch [101/1000]
09/05/2026,02:53:49: Negative sampling...
09/05/2026,02:53:51: Model's personal time...
09/05/2026,02:53:51: Training...
09/05/2026,02:53:53: Evaluating...
09/05/2026,02:53:53: 	Train Loss: 4342827.5000 (base: 778.6307, kd: 8684.0977), Elapsed: train 3.27 test 0.92
09/05/2026,02:53:53: 	Recall@10: 0.04241 Recall@20: 0.06179 NDCG@10: 0.02470 NDCG@20: 0.03002 
09/05/2026,02:53:53: 	Recall@10: 0.01544 Recall@20: 0.02490 NDCG@10: 0.00870 NDCG@20: 0.01129 
09/05/2026,02:53:53: Epoch [102/1000]
09/05/2026,02:53:53: Negative sampling...
09/05/2026,02:53:55: Model's personal time...
09/05/2026,02:53:55: Training...
09/05/2026,02:53:57: Evaluating...
09/05/2026,02:53:58: 	Train Loss: 4341408.5000 (base: 768.7225, kd: 8681.2793), Elapsed: train 3.48 test 1.36
09/05/2026,02:53:58: 	Recall@10: 0.04225 Recall@20: 0.06230 NDCG@10: 0.02499 NDCG@20: 0.03044 
09/05/2026,02:53:58: 	Recall@10: 0.01530 Recall@20: 0.02447 NDCG@10: 0.00864 NDCG@20: 0.01117 
09/05/2026,02:53:58: Epoch [103/1000]
09/05/2026,02:53:58: Negative sampling...
09/05/2026,02:54:00: Model's personal time...
09/05/2026,02:54:00: Training...
09/05/2026,02:54:01: Evaluating...
09/05/2026,02:54:02: 	Train Loss: 4345347.5000 (base: 765.7337, kd: 8689.1631), Elapsed: train 3.07 test 0.67
09/05/2026,02:54:02: 	Recall@10: 0.04257 Recall@20: 0.06168 NDCG@10: 0.02479 NDCG@20: 0.03009 
09/05/2026,02:54:02: 	Recall@10: 0.01592 Recall@20: 0.02439 NDCG@10: 0.00883 NDCG@20: 0.01119 
09/05/2026,02:54:02: Epoch [104/1000]
09/05/2026,02:54:02: Negative sampling...
09/05/2026,02:54:04: Model's personal time...
09/05/2026,02:54:04: Training...
09/05/2026,02:54:05: Evaluating...
09/05/2026,02:54:06: 	Train Loss: 4340910.5000 (base: 767.0787, kd: 8680.2871), Elapsed: train 3.15 test 0.37
09/05/2026,02:54:06: 	Recall@10: 0.04227 Recall@20: 0.06130 NDCG@10: 0.02490 NDCG@20: 0.03012 
09/05/2026,02:54:06: 	Recall@10: 0.01589 Recall@20: 0.02468 NDCG@10: 0.00895 NDCG@20: 0.01136 
09/05/2026,02:54:06: Epoch [105/1000]
09/05/2026,02:54:06: Negative sampling...
09/05/2026,02:54:07: Model's personal time...
09/05/2026,02:54:07: Training...
09/05/2026,02:54:09: Evaluating...
09/05/2026,02:54:10: 	Train Loss: 4339202.5000 (base: 763.7116, kd: 8676.8779), Elapsed: train 3.40 test 0.59
09/05/2026,02:54:10: 	Recall@10: 0.04231 Recall@20: 0.06146 NDCG@10: 0.02489 NDCG@20: 0.03012 
09/05/2026,02:54:10: 	Recall@10: 0.01593 Recall@20: 0.02453 NDCG@10: 0.00900 NDCG@20: 0.01140 
09/05/2026,02:54:10: Epoch [106/1000]
09/05/2026,02:54:10: Negative sampling...
09/05/2026,02:54:11: Model's personal time...
09/05/2026,02:54:11: Training...
09/05/2026,02:54:13: Evaluating...
09/05/2026,02:54:13: 	Train Loss: 4340263.5000 (base: 762.7055, kd: 8679.0020), Elapsed: train 3.29 test 0.46
09/05/2026,02:54:13: 	Recall@10: 0.04211 Recall@20: 0.06241 NDCG@10: 0.02487 NDCG@20: 0.03039 
09/05/2026,02:54:13: 	Recall@10: 0.01565 Recall@20: 0.02477 NDCG@10: 0.00881 NDCG@20: 0.01132 
09/05/2026,02:54:13: Epoch [107/1000]
09/05/2026,02:54:13: Negative sampling...
09/05/2026,02:54:15: Model's personal time...
09/05/2026,02:54:15: Training...
09/05/2026,02:54:16: Evaluating...
09/05/2026,02:54:17: 	Train Loss: 4338733.5000 (base: 758.5539, kd: 8675.9492), Elapsed: train 3.10 test 0.49
09/05/2026,02:54:17: 	Recall@10: 0.04165 Recall@20: 0.06091 NDCG@10: 0.02460 NDCG@20: 0.02989 
09/05/2026,02:54:17: 	Recall@10: 0.01627 Recall@20: 0.02482 NDCG@10: 0.00902 NDCG@20: 0.01141 
09/05/2026,02:54:17: Epoch [108/1000]
09/05/2026,02:54:17: Negative sampling...
09/05/2026,02:54:19: Model's personal time...
09/05/2026,02:54:19: Training...
09/05/2026,02:54:20: Evaluating...
09/05/2026,02:54:21: 	Train Loss: 4339482.5000 (base: 754.0235, kd: 8677.4580), Elapsed: train 3.26 test 0.51
09/05/2026,02:54:21: 	Recall@10: 0.04213 Recall@20: 0.06099 NDCG@10: 0.02474 NDCG@20: 0.02994 
09/05/2026,02:54:21: 	Recall@10: 0.01573 Recall@20: 0.02464 NDCG@10: 0.00893 NDCG@20: 0.01143 
09/05/2026,02:54:21: Epoch [109/1000]
09/05/2026,02:54:21: Negative sampling...
09/05/2026,02:54:23: Model's personal time...
09/05/2026,02:54:23: Training...
09/05/2026,02:54:24: Evaluating...
09/05/2026,02:54:25: 	Train Loss: 4340252.5000 (base: 755.5002, kd: 8678.9951), Elapsed: train 3.39 test 0.54
09/05/2026,02:54:25: 	Recall@10: 0.04140 Recall@20: 0.06244 NDCG@10: 0.02450 NDCG@20: 0.03024 
09/05/2026,02:54:25: 	Recall@10: 0.01634 Recall@20: 0.02523 NDCG@10: 0.00921 NDCG@20: 0.01171 
09/05/2026,02:54:25: Epoch [110/1000]
09/05/2026,02:54:25: Negative sampling...
09/05/2026,02:54:27: Model's personal time...
09/05/2026,02:54:27: Training...
09/05/2026,02:54:28: Evaluating...
09/05/2026,02:54:28: 	Train Loss: 4335837.5000 (base: 753.4401, kd: 8670.1680), Elapsed: train 3.27 test 0.48
09/05/2026,02:54:28: 	Recall@10: 0.04155 Recall@20: 0.06201 NDCG@10: 0.02463 NDCG@20: 0.03026 
09/05/2026,02:54:28: 	Recall@10: 0.01631 Recall@20: 0.02475 NDCG@10: 0.00917 NDCG@20: 0.01153 
09/05/2026,02:54:28: Epoch [111/1000]
09/05/2026,02:54:28: Negative sampling...
09/05/2026,02:54:30: Model's personal time...
09/05/2026,02:54:30: Training...
09/05/2026,02:54:31: Evaluating...
09/05/2026,02:54:32: 	Train Loss: 4335374.5000 (base: 749.2994, kd: 8669.2500), Elapsed: train 3.07 test 0.56
09/05/2026,02:54:32: 	Recall@10: 0.04182 Recall@20: 0.06167 NDCG@10: 0.02467 NDCG@20: 0.03007 
09/05/2026,02:54:32: 	Recall@10: 0.01603 Recall@20: 0.02451 NDCG@10: 0.00910 NDCG@20: 0.01148 
09/05/2026,02:54:32: Epoch [112/1000]
09/05/2026,02:54:32: Negative sampling...
09/05/2026,02:54:34: Model's personal time...
09/05/2026,02:54:34: Training...
09/05/2026,02:54:35: Evaluating...
09/05/2026,02:54:36: 	Train Loss: 4337748.0000 (base: 750.5164, kd: 8673.9941), Elapsed: train 3.25 test 0.45
09/05/2026,02:54:36: 	Recall@10: 0.04196 Recall@20: 0.06171 NDCG@10: 0.02472 NDCG@20: 0.03012 
09/05/2026,02:54:36: 	Recall@10: 0.01653 Recall@20: 0.02531 NDCG@10: 0.00940 NDCG@20: 0.01180 
09/05/2026,02:54:36: Epoch [113/1000]
09/05/2026,02:54:36: Negative sampling...
09/05/2026,02:54:37: Model's personal time...
09/05/2026,02:54:37: Training...
09/05/2026,02:54:39: Evaluating...
09/05/2026,02:54:39: 	Train Loss: 4334567.5000 (base: 746.0075, kd: 8667.6416), Elapsed: train 2.83 test 0.72 *
09/05/2026,02:54:39: 	Recall@10: 0.04273 Recall@20: 0.06364 NDCG@10: 0.02515 NDCG@20: 0.03079 
09/05/2026,02:54:39: 	Recall@10: 0.01646 Recall@20: 0.02483 NDCG@10: 0.00935 NDCG@20: 0.01167 
09/05/2026,02:54:39: Epoch [114/1000]
09/05/2026,02:54:39: Negative sampling...
09/05/2026,02:54:41: Model's personal time...
09/05/2026,02:54:41: Training...
09/05/2026,02:54:42: Evaluating...
09/05/2026,02:54:43: 	Train Loss: 4334868.5000 (base: 746.3901, kd: 8668.2441), Elapsed: train 3.19 test 1.04
09/05/2026,02:54:43: 	Recall@10: 0.04185 Recall@20: 0.06286 NDCG@10: 0.02493 NDCG@20: 0.03066 
09/05/2026,02:54:43: 	Recall@10: 0.01656 Recall@20: 0.02542 NDCG@10: 0.00930 NDCG@20: 0.01174 
09/05/2026,02:54:43: Epoch [115/1000]
09/05/2026,02:54:43: Negative sampling...
09/05/2026,02:54:45: Model's personal time...
09/05/2026,02:54:45: Training...
09/05/2026,02:54:47: Evaluating...
09/05/2026,02:54:48: 	Train Loss: 4329782.5000 (base: 745.3866, kd: 8658.0742), Elapsed: train 3.28 test 1.11
09/05/2026,02:54:48: 	Recall@10: 0.04178 Recall@20: 0.06329 NDCG@10: 0.02448 NDCG@20: 0.03030 
09/05/2026,02:54:48: 	Recall@10: 0.01646 Recall@20: 0.02499 NDCG@10: 0.00932 NDCG@20: 0.01166 
09/05/2026,02:54:48: Epoch [116/1000]
09/05/2026,02:54:48: Negative sampling...
09/05/2026,02:54:49: Model's personal time...
09/05/2026,02:54:49: Training...
09/05/2026,02:54:51: Evaluating...
09/05/2026,02:54:52: 	Train Loss: 4336191.5000 (base: 741.8148, kd: 8670.8994), Elapsed: train 3.25 test 0.60
09/05/2026,02:54:52: 	Recall@10: 0.04208 Recall@20: 0.06347 NDCG@10: 0.02492 NDCG@20: 0.03072 
09/05/2026,02:54:52: 	Recall@10: 0.01666 Recall@20: 0.02547 NDCG@10: 0.00946 NDCG@20: 0.01189 
09/05/2026,02:54:52: Epoch [117/1000]
09/05/2026,02:54:52: Negative sampling...
09/05/2026,02:54:53: Model's personal time...
09/05/2026,02:54:53: Training...
09/05/2026,02:54:55: Evaluating...
09/05/2026,02:54:56: 	Train Loss: 4334515.5000 (base: 736.8530, kd: 8667.5576), Elapsed: train 3.42 test 0.46
09/05/2026,02:54:56: 	Recall@10: 0.04170 Recall@20: 0.06261 NDCG@10: 0.02470 NDCG@20: 0.03044 
09/05/2026,02:54:56: 	Recall@10: 0.01633 Recall@20: 0.02528 NDCG@10: 0.00937 NDCG@20: 0.01185 
09/05/2026,02:54:56: Epoch [118/1000]
09/05/2026,02:54:56: Negative sampling...
09/05/2026,02:54:57: Model's personal time...
09/05/2026,02:54:57: Training...
09/05/2026,02:54:59: Evaluating...
09/05/2026,02:54:59: 	Train Loss: 4332586.5000 (base: 735.4277, kd: 8663.7012), Elapsed: train 3.16 test 0.33 *
09/05/2026,02:54:59: 	Recall@10: 0.04285 Recall@20: 0.06449 NDCG@10: 0.02552 NDCG@20: 0.03142 
09/05/2026,02:54:59: 	Recall@10: 0.01643 Recall@20: 0.02512 NDCG@10: 0.00924 NDCG@20: 0.01164 
09/05/2026,02:54:59: Epoch [119/1000]
09/05/2026,02:54:59: Negative sampling...
09/05/2026,02:55:01: Model's personal time...
09/05/2026,02:55:01: Training...
09/05/2026,02:55:02: Evaluating...
09/05/2026,02:55:03: 	Train Loss: 4331719.5000 (base: 728.1664, kd: 8661.9834), Elapsed: train 3.38 test 0.50
09/05/2026,02:55:03: 	Recall@10: 0.04266 Recall@20: 0.06404 NDCG@10: 0.02543 NDCG@20: 0.03122 
09/05/2026,02:55:03: 	Recall@10: 0.01666 Recall@20: 0.02497 NDCG@10: 0.00933 NDCG@20: 0.01164 
09/05/2026,02:55:03: Epoch [120/1000]
09/05/2026,02:55:03: Negative sampling...
09/05/2026,02:55:05: Model's personal time...
09/05/2026,02:55:05: Training...
09/05/2026,02:55:07: Evaluating...
09/05/2026,02:55:07: 	Train Loss: 4333185.5000 (base: 731.7456, kd: 8664.9082), Elapsed: train 3.61 test 0.41
09/05/2026,02:55:07: 	Recall@10: 0.04222 Recall@20: 0.06463 NDCG@10: 0.02491 NDCG@20: 0.03101 
09/05/2026,02:55:07: 	Recall@10: 0.01640 Recall@20: 0.02537 NDCG@10: 0.00934 NDCG@20: 0.01182 
09/05/2026,02:55:07: Epoch [121/1000]
09/05/2026,02:55:07: Negative sampling...
09/05/2026,02:55:09: Model's personal time...
09/05/2026,02:55:09: Training...
09/05/2026,02:55:10: Evaluating...
09/05/2026,02:55:11: 	Train Loss: 4329929.5000 (base: 728.4741, kd: 8658.4014), Elapsed: train 3.02 test 0.61
09/05/2026,02:55:11: 	Recall@10: 0.04255 Recall@20: 0.06491 NDCG@10: 0.02521 NDCG@20: 0.03125 
09/05/2026,02:55:11: 	Recall@10: 0.01674 Recall@20: 0.02468 NDCG@10: 0.00943 NDCG@20: 0.01163 
09/05/2026,02:55:11: Epoch [122/1000]
09/05/2026,02:55:11: Negative sampling...
09/05/2026,02:55:13: Model's personal time...
09/05/2026,02:55:13: Training...
09/05/2026,02:55:14: Evaluating...
09/05/2026,02:55:15: 	Train Loss: 4328464.0000 (base: 723.8275, kd: 8655.4824), Elapsed: train 3.69 test 0.64 *
09/05/2026,02:55:15: 	Recall@10: 0.04292 Recall@20: 0.06546 NDCG@10: 0.02537 NDCG@20: 0.03150 
09/05/2026,02:55:15: 	Recall@10: 0.01755 Recall@20: 0.02539 NDCG@10: 0.00971 NDCG@20: 0.01190 
09/05/2026,02:55:15: Epoch [123/1000]
09/05/2026,02:55:15: Negative sampling...
09/05/2026,02:55:17: Model's personal time...
09/05/2026,02:55:17: Training...
09/05/2026,02:55:18: Evaluating...
09/05/2026,02:55:19: 	Train Loss: 4327986.5000 (base: 725.5140, kd: 8654.5225), Elapsed: train 3.28 test 0.41
09/05/2026,02:55:19: 	Recall@10: 0.04325 Recall@20: 0.06465 NDCG@10: 0.02539 NDCG@20: 0.03121 
09/05/2026,02:55:19: 	Recall@10: 0.01688 Recall@20: 0.02501 NDCG@10: 0.00940 NDCG@20: 0.01164 
09/05/2026,02:55:19: Epoch [124/1000]
09/05/2026,02:55:19: Negative sampling...
09/05/2026,02:55:20: Model's personal time...
09/05/2026,02:55:21: Training...
09/05/2026,02:55:22: Evaluating...
09/05/2026,02:55:23: 	Train Loss: 4327935.0000 (base: 729.7857, kd: 8654.4102), Elapsed: train 3.38 test 0.60
09/05/2026,02:55:23: 	Recall@10: 0.04361 Recall@20: 0.06470 NDCG@10: 0.02558 NDCG@20: 0.03135 
09/05/2026,02:55:23: 	Recall@10: 0.01704 Recall@20: 0.02509 NDCG@10: 0.00953 NDCG@20: 0.01174 
09/05/2026,02:55:23: Epoch [125/1000]
09/05/2026,02:55:23: Negative sampling...
09/05/2026,02:55:24: Model's personal time...
09/05/2026,02:55:24: Training...
09/05/2026,02:55:26: Evaluating...
09/05/2026,02:55:26: 	Train Loss: 4328094.5000 (base: 721.2872, kd: 8654.7451), Elapsed: train 3.23 test 0.58
09/05/2026,02:55:26: 	Recall@10: 0.04287 Recall@20: 0.06389 NDCG@10: 0.02558 NDCG@20: 0.03128 
09/05/2026,02:55:26: 	Recall@10: 0.01678 Recall@20: 0.02539 NDCG@10: 0.00949 NDCG@20: 0.01186 
09/05/2026,02:55:26: Epoch [126/1000]
09/05/2026,02:55:26: Negative sampling...
09/05/2026,02:55:28: Model's personal time...
09/05/2026,02:55:28: Training...
09/05/2026,02:55:30: Evaluating...
09/05/2026,02:55:30: 	Train Loss: 4323194.0000 (base: 718.5730, kd: 8644.9512), Elapsed: train 3.49 test 0.42 *
09/05/2026,02:55:30: 	Recall@10: 0.04321 Recall@20: 0.06470 NDCG@10: 0.02574 NDCG@20: 0.03155 
09/05/2026,02:55:30: 	Recall@10: 0.01664 Recall@20: 0.02453 NDCG@10: 0.00936 NDCG@20: 0.01156 
09/05/2026,02:55:30: Epoch [127/1000]
09/05/2026,02:55:30: Negative sampling...
09/05/2026,02:55:32: Model's personal time...
09/05/2026,02:55:32: Training...
09/05/2026,02:55:34: Evaluating...
09/05/2026,02:55:34: 	Train Loss: 4326556.5000 (base: 720.2312, kd: 8651.6719), Elapsed: train 3.20 test 0.45 *
09/05/2026,02:55:34: 	Recall@10: 0.04387 Recall@20: 0.06505 NDCG@10: 0.02587 NDCG@20: 0.03166 
09/05/2026,02:55:34: 	Recall@10: 0.01707 Recall@20: 0.02557 NDCG@10: 0.00969 NDCG@20: 0.01201 
09/05/2026,02:55:34: Epoch [128/1000]
09/05/2026,02:55:34: Negative sampling...
09/05/2026,02:55:35: Model's personal time...
09/05/2026,02:55:35: Training...
09/05/2026,02:55:37: Evaluating...
09/05/2026,02:55:38: 	Train Loss: 4332309.0000 (base: 716.6587, kd: 8663.1846), Elapsed: train 2.97 test 0.63 *
09/05/2026,02:55:38: 	Recall@10: 0.04382 Recall@20: 0.06478 NDCG@10: 0.02593 NDCG@20: 0.03169 
09/05/2026,02:55:38: 	Recall@10: 0.01732 Recall@20: 0.02486 NDCG@10: 0.00971 NDCG@20: 0.01181 
09/05/2026,02:55:38: Epoch [129/1000]
09/05/2026,02:55:38: Negative sampling...
09/05/2026,02:55:39: Model's personal time...
09/05/2026,02:55:39: Training...
09/05/2026,02:55:40: Evaluating...
09/05/2026,02:55:41: 	Train Loss: 4322991.5000 (base: 715.4188, kd: 8644.5518), Elapsed: train 2.78 test 0.33
09/05/2026,02:55:41: 	Recall@10: 0.04386 Recall@20: 0.06507 NDCG@10: 0.02573 NDCG@20: 0.03156 
09/05/2026,02:55:41: 	Recall@10: 0.01653 Recall@20: 0.02511 NDCG@10: 0.00945 NDCG@20: 0.01184 
09/05/2026,02:55:41: Epoch [130/1000]
09/05/2026,02:55:41: Negative sampling...
09/05/2026,02:55:42: Model's personal time...
09/05/2026,02:55:42: Training...
09/05/2026,02:55:44: Evaluating...
09/05/2026,02:55:44: 	Train Loss: 4324607.0000 (base: 717.0643, kd: 8647.7803), Elapsed: train 2.82 test 0.26
09/05/2026,02:55:44: 	Recall@10: 0.04335 Recall@20: 0.06468 NDCG@10: 0.02549 NDCG@20: 0.03135 
09/05/2026,02:55:44: 	Recall@10: 0.01697 Recall@20: 0.02539 NDCG@10: 0.00950 NDCG@20: 0.01182 
09/05/2026,02:55:44: Epoch [131/1000]
09/05/2026,02:55:44: Negative sampling...
09/05/2026,02:55:45: Model's personal time...
09/05/2026,02:55:45: Training...
09/05/2026,02:55:47: Evaluating...
09/05/2026,02:55:47: 	Train Loss: 4325902.0000 (base: 715.1014, kd: 8650.3740), Elapsed: train 2.91 test 0.56 *
09/05/2026,02:55:47: 	Recall@10: 0.04336 Recall@20: 0.06582 NDCG@10: 0.02568 NDCG@20: 0.03181 
09/05/2026,02:55:47: 	Recall@10: 0.01734 Recall@20: 0.02563 NDCG@10: 0.00968 NDCG@20: 0.01198 
09/05/2026,02:55:47: Epoch [132/1000]
09/05/2026,02:55:47: Negative sampling...
09/05/2026,02:55:49: Model's personal time...
09/05/2026,02:55:49: Training...
09/05/2026,02:55:50: Evaluating...
09/05/2026,02:55:51: 	Train Loss: 4322728.0000 (base: 711.5245, kd: 8644.0332), Elapsed: train 3.00 test 0.57
09/05/2026,02:55:51: 	Recall@10: 0.04372 Recall@20: 0.06568 NDCG@10: 0.02561 NDCG@20: 0.03163 
09/05/2026,02:55:51: 	Recall@10: 0.01723 Recall@20: 0.02486 NDCG@10: 0.00985 NDCG@20: 0.01200 
09/05/2026,02:55:51: Epoch [133/1000]
09/05/2026,02:55:51: Negative sampling...
09/05/2026,02:55:53: Model's personal time...
09/05/2026,02:55:53: Training...
09/05/2026,02:55:54: Evaluating...
09/05/2026,02:55:54: 	Train Loss: 4325191.5000 (base: 714.5099, kd: 8648.9551), Elapsed: train 2.83 test 0.42
09/05/2026,02:55:54: 	Recall@10: 0.04424 Recall@20: 0.06574 NDCG@10: 0.02585 NDCG@20: 0.03174 
09/05/2026,02:55:54: 	Recall@10: 0.01685 Recall@20: 0.02506 NDCG@10: 0.00952 NDCG@20: 0.01180 
09/05/2026,02:55:54: Epoch [134/1000]
09/05/2026,02:55:54: Negative sampling...
09/05/2026,02:55:56: Model's personal time...
09/05/2026,02:55:56: Training...
09/05/2026,02:55:57: Evaluating...
09/05/2026,02:55:58: 	Train Loss: 4322773.5000 (base: 710.1193, kd: 8644.1270), Elapsed: train 3.18 test 0.42
09/05/2026,02:55:58: 	Recall@10: 0.04305 Recall@20: 0.06525 NDCG@10: 0.02555 NDCG@20: 0.03167 
09/05/2026,02:55:58: 	Recall@10: 0.01676 Recall@20: 0.02526 NDCG@10: 0.00954 NDCG@20: 0.01191 
09/05/2026,02:55:58: Epoch [135/1000]
09/05/2026,02:55:58: Negative sampling...
09/05/2026,02:55:59: Model's personal time...
09/05/2026,02:55:59: Training...
09/05/2026,02:56:01: Evaluating...
09/05/2026,02:56:01: 	Train Loss: 4325760.0000 (base: 707.2706, kd: 8650.1055), Elapsed: train 3.11 test 0.53 *
09/05/2026,02:56:01: 	Recall@10: 0.04427 Recall@20: 0.06601 NDCG@10: 0.02607 NDCG@20: 0.03209 
09/05/2026,02:56:01: 	Recall@10: 0.01688 Recall@20: 0.02480 NDCG@10: 0.00956 NDCG@20: 0.01177 
09/05/2026,02:56:01: Epoch [136/1000]
09/05/2026,02:56:01: Negative sampling...
09/05/2026,02:56:03: Model's personal time...
09/05/2026,02:56:03: Training...
09/05/2026,02:56:04: Evaluating...
09/05/2026,02:56:05: 	Train Loss: 4322262.0000 (base: 704.4684, kd: 8643.1143), Elapsed: train 3.08 test 0.46
09/05/2026,02:56:05: 	Recall@10: 0.04432 Recall@20: 0.06576 NDCG@10: 0.02612 NDCG@20: 0.03196 
09/05/2026,02:56:05: 	Recall@10: 0.01668 Recall@20: 0.02529 NDCG@10: 0.00936 NDCG@20: 0.01173 
09/05/2026,02:56:05: Epoch [137/1000]
09/05/2026,02:56:05: Negative sampling...
09/05/2026,02:56:07: Model's personal time...
09/05/2026,02:56:07: Training...
09/05/2026,02:56:08: Evaluating...
09/05/2026,02:56:08: 	Train Loss: 4319349.5000 (base: 700.3657, kd: 8637.2979), Elapsed: train 2.93 test 0.40
09/05/2026,02:56:08: 	Recall@10: 0.04286 Recall@20: 0.06560 NDCG@10: 0.02546 NDCG@20: 0.03170 
09/05/2026,02:56:08: 	Recall@10: 0.01688 Recall@20: 0.02515 NDCG@10: 0.00964 NDCG@20: 0.01193 
09/05/2026,02:56:08: Epoch [138/1000]
09/05/2026,02:56:08: Negative sampling...
09/05/2026,02:56:10: Model's personal time...
09/05/2026,02:56:10: Training...
09/05/2026,02:56:11: Evaluating...
09/05/2026,02:56:12: 	Train Loss: 4321071.5000 (base: 702.8753, kd: 8640.7373), Elapsed: train 3.01 test 0.61 *
09/05/2026,02:56:12: 	Recall@10: 0.04456 Recall@20: 0.06626 NDCG@10: 0.02631 NDCG@20: 0.03230 
09/05/2026,02:56:12: 	Recall@10: 0.01684 Recall@20: 0.02587 NDCG@10: 0.00940 NDCG@20: 0.01187 
09/05/2026,02:56:12: Epoch [139/1000]
09/05/2026,02:56:12: Negative sampling...
09/05/2026,02:56:13: Model's personal time...
09/05/2026,02:56:13: Training...
09/05/2026,02:56:15: Evaluating...
09/05/2026,02:56:15: 	Train Loss: 4318398.5000 (base: 697.0790, kd: 8635.4023), Elapsed: train 2.76 test 0.64
09/05/2026,02:56:15: 	Recall@10: 0.04468 Recall@20: 0.06615 NDCG@10: 0.02617 NDCG@20: 0.03204 
09/05/2026,02:56:15: 	Recall@10: 0.01675 Recall@20: 0.02519 NDCG@10: 0.00964 NDCG@20: 0.01197 
09/05/2026,02:56:15: Epoch [140/1000]
09/05/2026,02:56:15: Negative sampling...
09/05/2026,02:56:17: Model's personal time...
09/05/2026,02:56:17: Training...
09/05/2026,02:56:18: Evaluating...
09/05/2026,02:56:18: 	Train Loss: 4319465.5000 (base: 698.0201, kd: 8637.5352), Elapsed: train 2.80 test 0.41 *
09/05/2026,02:56:18: 	Recall@10: 0.04390 Recall@20: 0.06609 NDCG@10: 0.02646 NDCG@20: 0.03256 
09/05/2026,02:56:18: 	Recall@10: 0.01742 Recall@20: 0.02557 NDCG@10: 0.00988 NDCG@20: 0.01213 
09/05/2026,02:56:18: Epoch [141/1000]
09/05/2026,02:56:18: Negative sampling...
09/05/2026,02:56:20: Model's personal time...
09/05/2026,02:56:20: Training...
09/05/2026,02:56:21: Evaluating...
09/05/2026,02:56:22: 	Train Loss: 4319294.0000 (base: 698.7098, kd: 8637.1914), Elapsed: train 2.83 test 0.44
09/05/2026,02:56:22: 	Recall@10: 0.04435 Recall@20: 0.06609 NDCG@10: 0.02616 NDCG@20: 0.03209 
09/05/2026,02:56:22: 	Recall@10: 0.01723 Recall@20: 0.02533 NDCG@10: 0.00966 NDCG@20: 0.01188 
09/05/2026,02:56:22: Epoch [142/1000]
09/05/2026,02:56:22: Negative sampling...
09/05/2026,02:56:23: Model's personal time...
09/05/2026,02:56:23: Training...
09/05/2026,02:56:24: Evaluating...
09/05/2026,02:56:25: 	Train Loss: 4317501.5000 (base: 695.3985, kd: 8633.6123), Elapsed: train 2.80 test 0.48
09/05/2026,02:56:25: 	Recall@10: 0.04421 Recall@20: 0.06605 NDCG@10: 0.02629 NDCG@20: 0.03229 
09/05/2026,02:56:25: 	Recall@10: 0.01732 Recall@20: 0.02552 NDCG@10: 0.00976 NDCG@20: 0.01200 
09/05/2026,02:56:25: Epoch [143/1000]
09/05/2026,02:56:25: Negative sampling...
09/05/2026,02:56:27: Model's personal time...
09/05/2026,02:56:27: Training...
09/05/2026,02:56:28: Evaluating...
09/05/2026,02:56:28: 	Train Loss: 4318831.0000 (base: 694.4257, kd: 8636.2725), Elapsed: train 2.92 test 0.58
09/05/2026,02:56:28: 	Recall@10: 0.04417 Recall@20: 0.06544 NDCG@10: 0.02592 NDCG@20: 0.03173 
09/05/2026,02:56:28: 	Recall@10: 0.01761 Recall@20: 0.02562 NDCG@10: 0.00963 NDCG@20: 0.01182 
09/05/2026,02:56:28: Epoch [144/1000]
09/05/2026,02:56:28: Negative sampling...
09/05/2026,02:56:30: Model's personal time...
09/05/2026,02:56:30: Training...
09/05/2026,02:56:32: Evaluating...
09/05/2026,02:56:32: 	Train Loss: 4317878.0000 (base: 692.4514, kd: 8634.3711), Elapsed: train 3.25 test 0.41
09/05/2026,02:56:32: 	Recall@10: 0.04443 Recall@20: 0.06663 NDCG@10: 0.02624 NDCG@20: 0.03233 
09/05/2026,02:56:32: 	Recall@10: 0.01766 Recall@20: 0.02567 NDCG@10: 0.00986 NDCG@20: 0.01205 
09/05/2026,02:56:32: Epoch [145/1000]
09/05/2026,02:56:32: Negative sampling...
09/05/2026,02:56:34: Model's personal time...
09/05/2026,02:56:34: Training...
09/05/2026,02:56:35: Evaluating...
09/05/2026,02:56:35: 	Train Loss: 4319155.5000 (base: 694.1991, kd: 8636.9229), Elapsed: train 2.61 test 0.47
09/05/2026,02:56:35: 	Recall@10: 0.04376 Recall@20: 0.06690 NDCG@10: 0.02603 NDCG@20: 0.03235 
09/05/2026,02:56:35: 	Recall@10: 0.01729 Recall@20: 0.02622 NDCG@10: 0.00972 NDCG@20: 0.01217 
09/05/2026,02:56:35: Epoch [146/1000]
09/05/2026,02:56:35: Negative sampling...
09/05/2026,02:56:37: Model's personal time...
09/05/2026,02:56:37: Training...
09/05/2026,02:56:38: Evaluating...
09/05/2026,02:56:38: 	Train Loss: 4318238.0000 (base: 688.3989, kd: 8635.0996), Elapsed: train 2.92 test 0.30
09/05/2026,02:56:38: 	Recall@10: 0.04434 Recall@20: 0.06603 NDCG@10: 0.02583 NDCG@20: 0.03179 
09/05/2026,02:56:38: 	Recall@10: 0.01688 Recall@20: 0.02514 NDCG@10: 0.00944 NDCG@20: 0.01175 
09/05/2026,02:56:38: Epoch [147/1000]
09/05/2026,02:56:38: Negative sampling...
09/05/2026,02:56:40: Model's personal time...
09/05/2026,02:56:40: Training...
09/05/2026,02:56:41: Evaluating...
09/05/2026,02:56:42: 	Train Loss: 4318144.0000 (base: 692.9643, kd: 8634.9023), Elapsed: train 2.90 test 0.54 *
09/05/2026,02:56:42: 	Recall@10: 0.04453 Recall@20: 0.06801 NDCG@10: 0.02630 NDCG@20: 0.03265 
09/05/2026,02:56:42: 	Recall@10: 0.01721 Recall@20: 0.02605 NDCG@10: 0.00963 NDCG@20: 0.01203 
09/05/2026,02:56:42: Epoch [148/1000]
09/05/2026,02:56:42: Negative sampling...
09/05/2026,02:56:44: Model's personal time...
09/05/2026,02:56:44: Training...
09/05/2026,02:56:45: Evaluating...
09/05/2026,02:56:45: 	Train Loss: 4315069.5000 (base: 690.0342, kd: 8628.7588), Elapsed: train 3.01 test 0.48
09/05/2026,02:56:45: 	Recall@10: 0.04357 Recall@20: 0.06756 NDCG@10: 0.02575 NDCG@20: 0.03230 
09/05/2026,02:56:45: 	Recall@10: 0.01718 Recall@20: 0.02568 NDCG@10: 0.00969 NDCG@20: 0.01202 
09/05/2026,02:56:45: Epoch [149/1000]
09/05/2026,02:56:45: Negative sampling...
09/05/2026,02:56:47: Model's personal time...
09/05/2026,02:56:47: Training...
09/05/2026,02:56:48: Evaluating...
09/05/2026,02:56:49: 	Train Loss: 4315447.0000 (base: 686.6532, kd: 8629.5205), Elapsed: train 2.87 test 0.59
09/05/2026,02:56:49: 	Recall@10: 0.04452 Recall@20: 0.06731 NDCG@10: 0.02599 NDCG@20: 0.03227 
09/05/2026,02:56:49: 	Recall@10: 0.01723 Recall@20: 0.02611 NDCG@10: 0.00975 NDCG@20: 0.01222 
09/05/2026,02:56:49: Epoch [150/1000]
09/05/2026,02:56:49: Negative sampling...
09/05/2026,02:56:50: Model's personal time...
09/05/2026,02:56:50: Training...
09/05/2026,02:56:52: Evaluating...
09/05/2026,02:56:52: 	Train Loss: 4315343.5000 (base: 681.8998, kd: 8629.3242), Elapsed: train 2.98 test 0.46
09/05/2026,02:56:52: 	Recall@10: 0.04420 Recall@20: 0.06702 NDCG@10: 0.02616 NDCG@20: 0.03247 
09/05/2026,02:56:52: 	Recall@10: 0.01754 Recall@20: 0.02611 NDCG@10: 0.00976 NDCG@20: 0.01212 
09/05/2026,02:56:52: Epoch [151/1000]
09/05/2026,02:56:52: Negative sampling...
09/05/2026,02:56:54: Model's personal time...
09/05/2026,02:56:54: Training...
09/05/2026,02:56:55: Evaluating...
09/05/2026,02:56:56: 	Train Loss: 4313625.5000 (base: 684.7292, kd: 8625.8809), Elapsed: train 2.85 test 0.57 *
09/05/2026,02:56:56: 	Recall@10: 0.04415 Recall@20: 0.06729 NDCG@10: 0.02636 NDCG@20: 0.03271 
09/05/2026,02:56:56: 	Recall@10: 0.01752 Recall@20: 0.02651 NDCG@10: 0.00987 NDCG@20: 0.01233 
09/05/2026,02:56:56: Epoch [152/1000]
09/05/2026,02:56:56: Negative sampling...
09/05/2026,02:56:57: Model's personal time...
09/05/2026,02:56:57: Training...
09/05/2026,02:56:59: Evaluating...
09/05/2026,02:56:59: 	Train Loss: 4311629.5000 (base: 682.9079, kd: 8621.8936), Elapsed: train 3.10 test 0.56
09/05/2026,02:56:59: 	Recall@10: 0.04347 Recall@20: 0.06701 NDCG@10: 0.02569 NDCG@20: 0.03216 
09/05/2026,02:56:59: 	Recall@10: 0.01721 Recall@20: 0.02669 NDCG@10: 0.00958 NDCG@20: 0.01215 
09/05/2026,02:56:59: Epoch [153/1000]
09/05/2026,02:56:59: Negative sampling...
09/05/2026,02:57:01: Model's personal time...
09/05/2026,02:57:01: Training...
09/05/2026,02:57:02: Evaluating...
09/05/2026,02:57:02: 	Train Loss: 4312786.0000 (base: 683.4988, kd: 8624.2051), Elapsed: train 2.56 test 0.54 *
09/05/2026,02:57:02: 	Recall@10: 0.04466 Recall@20: 0.06688 NDCG@10: 0.02668 NDCG@20: 0.03273 
09/05/2026,02:57:02: 	Recall@10: 0.01705 Recall@20: 0.02574 NDCG@10: 0.00970 NDCG@20: 0.01207 
09/05/2026,02:57:02: Epoch [154/1000]
09/05/2026,02:57:02: Negative sampling...
09/05/2026,02:57:04: Model's personal time...
09/05/2026,02:57:04: Training...
09/05/2026,02:57:05: Evaluating...
09/05/2026,02:57:06: 	Train Loss: 4312210.5000 (base: 686.1865, kd: 8623.0498), Elapsed: train 2.82 test 0.44
09/05/2026,02:57:06: 	Recall@10: 0.04404 Recall@20: 0.06682 NDCG@10: 0.02600 NDCG@20: 0.03220 
09/05/2026,02:57:06: 	Recall@10: 0.01738 Recall@20: 0.02602 NDCG@10: 0.00954 NDCG@20: 0.01188 
09/05/2026,02:57:06: Epoch [155/1000]
09/05/2026,02:57:06: Negative sampling...
09/05/2026,02:57:07: Model's personal time...
09/05/2026,02:57:07: Training...
09/05/2026,02:57:09: Evaluating...
09/05/2026,02:57:09: 	Train Loss: 4315189.0000 (base: 688.2854, kd: 8629.0010), Elapsed: train 2.91 test 0.55
09/05/2026,02:57:09: 	Recall@10: 0.04432 Recall@20: 0.06593 NDCG@10: 0.02622 NDCG@20: 0.03217 
09/05/2026,02:57:09: 	Recall@10: 0.01721 Recall@20: 0.02683 NDCG@10: 0.00956 NDCG@20: 0.01216 
09/05/2026,02:57:09: Epoch [156/1000]
09/05/2026,02:57:09: Negative sampling...
09/05/2026,02:57:11: Model's personal time...
09/05/2026,02:57:11: Training...
09/05/2026,02:57:12: Evaluating...
09/05/2026,02:57:13: 	Train Loss: 4317248.5000 (base: 688.4497, kd: 8633.1201), Elapsed: train 3.26 test 0.62
09/05/2026,02:57:13: 	Recall@10: 0.04486 Recall@20: 0.06685 NDCG@10: 0.02643 NDCG@20: 0.03247 
09/05/2026,02:57:13: 	Recall@10: 0.01707 Recall@20: 0.02698 NDCG@10: 0.00973 NDCG@20: 0.01243 
09/05/2026,02:57:13: Epoch [157/1000]
09/05/2026,02:57:13: Negative sampling...
09/05/2026,02:57:15: Model's personal time...
09/05/2026,02:57:15: Training...
09/05/2026,02:57:16: Evaluating...
09/05/2026,02:57:17: 	Train Loss: 4309945.0000 (base: 682.3610, kd: 8618.5254), Elapsed: train 3.02 test 0.48
09/05/2026,02:57:17: 	Recall@10: 0.04425 Recall@20: 0.06653 NDCG@10: 0.02616 NDCG@20: 0.03232 
09/05/2026,02:57:17: 	Recall@10: 0.01758 Recall@20: 0.02669 NDCG@10: 0.00979 NDCG@20: 0.01226 
09/05/2026,02:57:17: Epoch [158/1000]
09/05/2026,02:57:17: Negative sampling...
09/05/2026,02:57:18: Model's personal time...
09/05/2026,02:57:18: Training...
09/05/2026,02:57:19: Evaluating...
09/05/2026,02:57:20: 	Train Loss: 4310457.5000 (base: 683.7911, kd: 8619.5479), Elapsed: train 2.83 test 0.59 *
09/05/2026,02:57:20: 	Recall@10: 0.04395 Recall@20: 0.06778 NDCG@10: 0.02617 NDCG@20: 0.03273 
09/05/2026,02:57:20: 	Recall@10: 0.01729 Recall@20: 0.02736 NDCG@10: 0.00978 NDCG@20: 0.01247 
09/05/2026,02:57:20: Epoch [159/1000]
09/05/2026,02:57:20: Negative sampling...
09/05/2026,02:57:21: Model's personal time...
09/05/2026,02:57:22: Training...
09/05/2026,02:57:23: Evaluating...
09/05/2026,02:57:23: 	Train Loss: 4311205.0000 (base: 677.4363, kd: 8621.0557), Elapsed: train 2.86 test 0.29
09/05/2026,02:57:23: 	Recall@10: 0.04443 Recall@20: 0.06724 NDCG@10: 0.02639 NDCG@20: 0.03268 
09/05/2026,02:57:23: 	Recall@10: 0.01708 Recall@20: 0.02693 NDCG@10: 0.00973 NDCG@20: 0.01240 
09/05/2026,02:57:23: Epoch [160/1000]
09/05/2026,02:57:23: Negative sampling...
09/05/2026,02:57:25: Model's personal time...
09/05/2026,02:57:25: Training...
09/05/2026,02:57:26: Evaluating...
09/05/2026,02:57:26: 	Train Loss: 4310670.5000 (base: 679.0344, kd: 8619.9824), Elapsed: train 2.67 test 0.46 *
09/05/2026,02:57:26: 	Recall@10: 0.04543 Recall@20: 0.06762 NDCG@10: 0.02725 NDCG@20: 0.03334 
09/05/2026,02:57:26: 	Recall@10: 0.01738 Recall@20: 0.02650 NDCG@10: 0.00988 NDCG@20: 0.01233 
09/05/2026,02:57:26: Epoch [161/1000]
09/05/2026,02:57:26: Negative sampling...
09/05/2026,02:57:28: Model's personal time...
09/05/2026,02:57:28: Training...
09/05/2026,02:57:29: Evaluating...
09/05/2026,02:57:29: 	Train Loss: 4311677.5000 (base: 682.8664, kd: 8621.9893), Elapsed: train 2.57 test 0.46
09/05/2026,02:57:29: 	Recall@10: 0.04483 Recall@20: 0.06713 NDCG@10: 0.02663 NDCG@20: 0.03279 
09/05/2026,02:57:29: 	Recall@10: 0.01712 Recall@20: 0.02674 NDCG@10: 0.00962 NDCG@20: 0.01225 
09/05/2026,02:57:29: Epoch [162/1000]
09/05/2026,02:57:29: Negative sampling...
09/05/2026,02:57:31: Model's personal time...
09/05/2026,02:57:31: Training...
09/05/2026,02:57:32: Evaluating...
09/05/2026,02:57:32: 	Train Loss: 4309568.0000 (base: 682.6016, kd: 8617.7705), Elapsed: train 2.77 test 0.37
09/05/2026,02:57:32: 	Recall@10: 0.04491 Recall@20: 0.06780 NDCG@10: 0.02695 NDCG@20: 0.03322 
09/05/2026,02:57:32: 	Recall@10: 0.01739 Recall@20: 0.02655 NDCG@10: 0.00979 NDCG@20: 0.01228 
09/05/2026,02:57:32: Epoch [163/1000]
09/05/2026,02:57:32: Negative sampling...
09/05/2026,02:57:34: Model's personal time...
09/05/2026,02:57:34: Training...
09/05/2026,02:57:35: Evaluating...
09/05/2026,02:57:36: 	Train Loss: 4308896.0000 (base: 678.6580, kd: 8616.4346), Elapsed: train 2.79 test 0.32
09/05/2026,02:57:36: 	Recall@10: 0.04454 Recall@20: 0.06684 NDCG@10: 0.02643 NDCG@20: 0.03250 
09/05/2026,02:57:36: 	Recall@10: 0.01731 Recall@20: 0.02707 NDCG@10: 0.00975 NDCG@20: 0.01242 
09/05/2026,02:57:36: Epoch [164/1000]
09/05/2026,02:57:36: Negative sampling...
09/05/2026,02:57:37: Model's personal time...
09/05/2026,02:57:37: Training...
09/05/2026,02:57:38: Evaluating...
09/05/2026,02:57:39: 	Train Loss: 4307827.0000 (base: 678.9969, kd: 8614.2959), Elapsed: train 2.74 test 0.42
09/05/2026,02:57:39: 	Recall@10: 0.04528 Recall@20: 0.06755 NDCG@10: 0.02685 NDCG@20: 0.03296 
09/05/2026,02:57:39: 	Recall@10: 0.01699 Recall@20: 0.02688 NDCG@10: 0.00966 NDCG@20: 0.01233 
09/05/2026,02:57:39: Epoch [165/1000]
09/05/2026,02:57:39: Negative sampling...
09/05/2026,02:57:40: Model's personal time...
09/05/2026,02:57:40: Training...
09/05/2026,02:57:42: Evaluating...
09/05/2026,02:57:42: 	Train Loss: 4315192.5000 (base: 678.8557, kd: 8629.0283), Elapsed: train 2.82 test 0.56
09/05/2026,02:57:42: 	Recall@10: 0.04453 Recall@20: 0.06806 NDCG@10: 0.02664 NDCG@20: 0.03308 
09/05/2026,02:57:42: 	Recall@10: 0.01720 Recall@20: 0.02683 NDCG@10: 0.00971 NDCG@20: 0.01237 
09/05/2026,02:57:42: Epoch [166/1000]
09/05/2026,02:57:42: Negative sampling...
09/05/2026,02:57:44: Model's personal time...
09/05/2026,02:57:44: Training...
09/05/2026,02:57:45: Evaluating...
09/05/2026,02:57:45: 	Train Loss: 4306900.0000 (base: 675.6901, kd: 8612.4492), Elapsed: train 2.59 test 0.54
09/05/2026,02:57:45: 	Recall@10: 0.04452 Recall@20: 0.06720 NDCG@10: 0.02678 NDCG@20: 0.03300 
09/05/2026,02:57:45: 	Recall@10: 0.01733 Recall@20: 0.02651 NDCG@10: 0.00982 NDCG@20: 0.01233 
09/05/2026,02:57:45: Epoch [167/1000]
09/05/2026,02:57:45: Negative sampling...
09/05/2026,02:57:47: Model's personal time...
09/05/2026,02:57:47: Training...
09/05/2026,02:57:48: Evaluating...
09/05/2026,02:57:49: 	Train Loss: 4306050.5000 (base: 671.8925, kd: 8610.7568), Elapsed: train 2.70 test 0.66
09/05/2026,02:57:49: 	Recall@10: 0.04459 Recall@20: 0.06759 NDCG@10: 0.02627 NDCG@20: 0.03258 
09/05/2026,02:57:49: 	Recall@10: 0.01707 Recall@20: 0.02684 NDCG@10: 0.00983 NDCG@20: 0.01250 
09/05/2026,02:57:49: Epoch [168/1000]
09/05/2026,02:57:49: Negative sampling...
09/05/2026,02:57:50: Model's personal time...
09/05/2026,02:57:50: Training...
09/05/2026,02:57:51: Evaluating...
09/05/2026,02:57:52: 	Train Loss: 4307843.5000 (base: 674.3821, kd: 8614.3389), Elapsed: train 2.65 test 0.41
09/05/2026,02:57:52: 	Recall@10: 0.04484 Recall@20: 0.06767 NDCG@10: 0.02680 NDCG@20: 0.03303 
09/05/2026,02:57:52: 	Recall@10: 0.01734 Recall@20: 0.02678 NDCG@10: 0.00978 NDCG@20: 0.01235 
09/05/2026,02:57:52: Epoch [169/1000]
09/05/2026,02:57:52: Negative sampling...
09/05/2026,02:57:54: Model's personal time...
09/05/2026,02:57:54: Training...
09/05/2026,02:57:55: Evaluating...
09/05/2026,02:57:55: 	Train Loss: 4307062.0000 (base: 673.0193, kd: 8612.7783), Elapsed: train 2.95 test 0.29
09/05/2026,02:57:55: 	Recall@10: 0.04542 Recall@20: 0.06802 NDCG@10: 0.02704 NDCG@20: 0.03322 
09/05/2026,02:57:55: 	Recall@10: 0.01718 Recall@20: 0.02726 NDCG@10: 0.00967 NDCG@20: 0.01239 
09/05/2026,02:57:55: Epoch [170/1000]
09/05/2026,02:57:55: Negative sampling...
09/05/2026,02:57:57: Model's personal time...
09/05/2026,02:57:57: Training...
09/05/2026,02:57:58: Evaluating...
09/05/2026,02:57:58: 	Train Loss: 4312142.5000 (base: 674.1680, kd: 8622.9365), Elapsed: train 2.86 test 0.53
09/05/2026,02:57:58: 	Recall@10: 0.04462 Recall@20: 0.06779 NDCG@10: 0.02657 NDCG@20: 0.03292 
09/05/2026,02:57:58: 	Recall@10: 0.01715 Recall@20: 0.02726 NDCG@10: 0.00976 NDCG@20: 0.01251 
09/05/2026,02:57:58: Epoch [171/1000]
09/05/2026,02:57:58: Negative sampling...
09/05/2026,02:58:00: Model's personal time...
09/05/2026,02:58:00: Training...
09/05/2026,02:58:01: Evaluating...
09/05/2026,02:58:02: 	Train Loss: 4312402.0000 (base: 670.8660, kd: 8623.4619), Elapsed: train 2.89 test 0.31
09/05/2026,02:58:02: 	Recall@10: 0.04536 Recall@20: 0.06801 NDCG@10: 0.02690 NDCG@20: 0.03307 
09/05/2026,02:58:02: 	Recall@10: 0.01747 Recall@20: 0.02751 NDCG@10: 0.00992 NDCG@20: 0.01265 
09/05/2026,02:58:02: Epoch [172/1000]
09/05/2026,02:58:02: Negative sampling...
09/05/2026,02:58:03: Model's personal time...
09/05/2026,02:58:03: Training...
09/05/2026,02:58:04: Evaluating...
09/05/2026,02:58:05: 	Train Loss: 4305428.0000 (base: 672.7792, kd: 8609.5098), Elapsed: train 2.79 test 0.39
09/05/2026,02:58:05: 	Recall@10: 0.04557 Recall@20: 0.06796 NDCG@10: 0.02693 NDCG@20: 0.03308 
09/05/2026,02:58:05: 	Recall@10: 0.01689 Recall@20: 0.02674 NDCG@10: 0.00976 NDCG@20: 0.01245 
09/05/2026,02:58:05: Epoch [173/1000]
09/05/2026,02:58:05: Negative sampling...
09/05/2026,02:58:06: Model's personal time...
09/05/2026,02:58:06: Training...
09/05/2026,02:58:08: Evaluating...
09/05/2026,02:58:08: 	Train Loss: 4306941.0000 (base: 673.1915, kd: 8612.5352), Elapsed: train 2.92 test 0.40
09/05/2026,02:58:08: 	Recall@10: 0.04537 Recall@20: 0.06735 NDCG@10: 0.02692 NDCG@20: 0.03292 
09/05/2026,02:58:08: 	Recall@10: 0.01728 Recall@20: 0.02789 NDCG@10: 0.00983 NDCG@20: 0.01269 
09/05/2026,02:58:08: Epoch [174/1000]
09/05/2026,02:58:08: Negative sampling...
09/05/2026,02:58:10: Model's personal time...
09/05/2026,02:58:10: Training...
09/05/2026,02:58:11: Evaluating...
09/05/2026,02:58:11: 	Train Loss: 4305334.0000 (base: 671.4664, kd: 8609.3242), Elapsed: train 2.76 test 0.44
09/05/2026,02:58:11: 	Recall@10: 0.04548 Recall@20: 0.06730 NDCG@10: 0.02714 NDCG@20: 0.03313 
09/05/2026,02:58:11: 	Recall@10: 0.01734 Recall@20: 0.02782 NDCG@10: 0.00976 NDCG@20: 0.01261 
09/05/2026,02:58:11: Epoch [175/1000]
09/05/2026,02:58:11: Negative sampling...
09/05/2026,02:58:13: Model's personal time...
09/05/2026,02:58:13: Training...
09/05/2026,02:58:14: Evaluating...
09/05/2026,02:58:14: 	Train Loss: 4310789.0000 (base: 664.5931, kd: 8620.2480), Elapsed: train 2.82 test 0.28
09/05/2026,02:58:14: 	Recall@10: 0.04544 Recall@20: 0.06735 NDCG@10: 0.02700 NDCG@20: 0.03299 
09/05/2026,02:58:14: 	Recall@10: 0.01740 Recall@20: 0.02733 NDCG@10: 0.00989 NDCG@20: 0.01258 
09/05/2026,02:58:14: Epoch [176/1000]
09/05/2026,02:58:14: Negative sampling...
09/05/2026,02:58:16: Model's personal time...
09/05/2026,02:58:16: Training...
09/05/2026,02:58:17: Evaluating...
09/05/2026,02:58:17: 	Train Loss: 4307300.5000 (base: 669.9841, kd: 8613.2607), Elapsed: train 2.80 test 0.30
09/05/2026,02:58:17: 	Recall@10: 0.04504 Recall@20: 0.06706 NDCG@10: 0.02707 NDCG@20: 0.03308 
09/05/2026,02:58:17: 	Recall@10: 0.01748 Recall@20: 0.02784 NDCG@10: 0.00988 NDCG@20: 0.01269 
09/05/2026,02:58:17: Epoch [177/1000]
09/05/2026,02:58:17: Negative sampling...
09/05/2026,02:58:19: Model's personal time...
09/05/2026,02:58:19: Training...
09/05/2026,02:58:20: Evaluating...
09/05/2026,02:58:20: 	Train Loss: 4311004.5000 (base: 667.1445, kd: 8620.6748), Elapsed: train 2.48 test 0.31
09/05/2026,02:58:20: 	Recall@10: 0.04559 Recall@20: 0.06670 NDCG@10: 0.02730 NDCG@20: 0.03314 
09/05/2026,02:58:20: 	Recall@10: 0.01725 Recall@20: 0.02762 NDCG@10: 0.00982 NDCG@20: 0.01262 
09/05/2026,02:58:20: Epoch [178/1000]
09/05/2026,02:58:20: Negative sampling...
09/05/2026,02:58:22: Model's personal time...
09/05/2026,02:58:22: Training...
09/05/2026,02:58:23: Evaluating...
09/05/2026,02:58:23: 	Train Loss: 4306884.5000 (base: 668.2428, kd: 8612.4326), Elapsed: train 2.70 test 0.57
09/05/2026,02:58:23: 	Recall@10: 0.04598 Recall@20: 0.06761 NDCG@10: 0.02720 NDCG@20: 0.03312 
09/05/2026,02:58:23: 	Recall@10: 0.01736 Recall@20: 0.02736 NDCG@10: 0.00985 NDCG@20: 0.01261 
09/05/2026,02:58:23: Epoch [179/1000]
09/05/2026,02:58:23: Negative sampling...
09/05/2026,02:58:25: Model's personal time...
09/05/2026,02:58:25: Training...
09/05/2026,02:58:26: Evaluating...
09/05/2026,02:58:27: 	Train Loss: 4308542.5000 (base: 667.7013, kd: 8615.7500), Elapsed: train 2.70 test 0.54
09/05/2026,02:58:27: 	Recall@10: 0.04563 Recall@20: 0.06818 NDCG@10: 0.02703 NDCG@20: 0.03316 
09/05/2026,02:58:27: 	Recall@10: 0.01785 Recall@20: 0.02833 NDCG@10: 0.00996 NDCG@20: 0.01282 
09/05/2026,02:58:27: Epoch [180/1000]
09/05/2026,02:58:27: Negative sampling...
09/05/2026,02:58:28: Model's personal time...
09/05/2026,02:58:28: Training...
09/05/2026,02:58:29: Evaluating...
09/05/2026,02:58:30: 	Train Loss: 4307768.0000 (base: 662.7318, kd: 8614.2109), Elapsed: train 2.60 test 0.55
09/05/2026,02:58:30: 	Recall@10: 0.04605 Recall@20: 0.06779 NDCG@10: 0.02727 NDCG@20: 0.03318 
09/05/2026,02:58:30: 	Recall@10: 0.01735 Recall@20: 0.02761 NDCG@10: 0.00983 NDCG@20: 0.01263 
09/05/2026,02:58:30: Epoch [181/1000]
09/05/2026,02:58:30: Negative sampling...
09/05/2026,02:58:31: Model's personal time...
09/05/2026,02:58:31: Training...
09/05/2026,02:58:33: Evaluating...
09/05/2026,02:58:33: 	Train Loss: 4302645.5000 (base: 670.0400, kd: 8603.9502), Elapsed: train 2.65 test 0.52
09/05/2026,02:58:33: 	Recall@10: 0.04466 Recall@20: 0.06690 NDCG@10: 0.02673 NDCG@20: 0.03284 
09/05/2026,02:58:33: 	Recall@10: 0.01769 Recall@20: 0.02769 NDCG@10: 0.01010 NDCG@20: 0.01285 
09/05/2026,02:58:33: Epoch [182/1000]
09/05/2026,02:58:33: Negative sampling...
09/05/2026,02:58:35: Model's personal time...
09/05/2026,02:58:35: Training...
09/05/2026,02:58:36: Evaluating...
09/05/2026,02:58:36: 	Train Loss: 4302084.0000 (base: 663.0027, kd: 8602.8418), Elapsed: train 2.93 test 0.48
09/05/2026,02:58:36: 	Recall@10: 0.04555 Recall@20: 0.06822 NDCG@10: 0.02710 NDCG@20: 0.03331 
09/05/2026,02:58:36: 	Recall@10: 0.01774 Recall@20: 0.02768 NDCG@10: 0.00996 NDCG@20: 0.01272 
09/05/2026,02:58:36: Epoch [183/1000]
09/05/2026,02:58:36: Negative sampling...
09/05/2026,02:58:39: Model's personal time...
09/05/2026,02:58:39: Training...
09/05/2026,02:58:40: Evaluating...
09/05/2026,02:58:40: 	Train Loss: 4307771.0000 (base: 668.0574, kd: 8614.2061), Elapsed: train 3.37 test 0.43
09/05/2026,02:58:40: 	Recall@10: 0.04494 Recall@20: 0.06797 NDCG@10: 0.02704 NDCG@20: 0.03333 
09/05/2026,02:58:40: 	Recall@10: 0.01795 Recall@20: 0.02856 NDCG@10: 0.01021 NDCG@20: 0.01311 
09/05/2026,02:58:40: Epoch [184/1000]
09/05/2026,02:58:40: Negative sampling...
09/05/2026,02:58:42: Model's personal time...
09/05/2026,02:58:42: Training...
09/05/2026,02:58:43: Evaluating...
09/05/2026,02:58:44: 	Train Loss: 4302271.5000 (base: 665.5493, kd: 8603.2119), Elapsed: train 2.89 test 0.61 *
09/05/2026,02:58:44: 	Recall@10: 0.04631 Recall@20: 0.06875 NDCG@10: 0.02755 NDCG@20: 0.03366 
09/05/2026,02:58:44: 	Recall@10: 0.01775 Recall@20: 0.02791 NDCG@10: 0.00998 NDCG@20: 0.01277 
09/05/2026,02:58:44: Epoch [185/1000]
09/05/2026,02:58:44: Negative sampling...
09/05/2026,02:58:45: Model's personal time...
09/05/2026,02:58:45: Training...
09/05/2026,02:58:46: Evaluating...
09/05/2026,02:58:47: 	Train Loss: 4303183.5000 (base: 664.4940, kd: 8605.0381), Elapsed: train 2.63 test 0.42
09/05/2026,02:58:47: 	Recall@10: 0.04507 Recall@20: 0.06788 NDCG@10: 0.02704 NDCG@20: 0.03323 
09/05/2026,02:58:47: 	Recall@10: 0.01762 Recall@20: 0.02741 NDCG@10: 0.00996 NDCG@20: 0.01266 
09/05/2026,02:58:47: Epoch [186/1000]
09/05/2026,02:58:47: Negative sampling...
09/05/2026,02:58:49: Model's personal time...
09/05/2026,02:58:49: Training...
09/05/2026,02:58:50: Evaluating...
09/05/2026,02:58:50: 	Train Loss: 4301205.5000 (base: 660.8480, kd: 8601.0898), Elapsed: train 2.87 test 0.34
09/05/2026,02:58:50: 	Recall@10: 0.04522 Recall@20: 0.06705 NDCG@10: 0.02694 NDCG@20: 0.03293 
09/05/2026,02:58:50: 	Recall@10: 0.01777 Recall@20: 0.02743 NDCG@10: 0.00998 NDCG@20: 0.01266 
09/05/2026,02:58:50: Epoch [187/1000]
09/05/2026,02:58:50: Negative sampling...
09/05/2026,02:58:52: Model's personal time...
09/05/2026,02:58:52: Training...
09/05/2026,02:58:53: Evaluating...
09/05/2026,02:58:53: 	Train Loss: 4301815.0000 (base: 664.1948, kd: 8602.3008), Elapsed: train 2.67 test 0.39
09/05/2026,02:58:53: 	Recall@10: 0.04563 Recall@20: 0.06750 NDCG@10: 0.02726 NDCG@20: 0.03315 
09/05/2026,02:58:53: 	Recall@10: 0.01734 Recall@20: 0.02786 NDCG@10: 0.01001 NDCG@20: 0.01292 
09/05/2026,02:58:53: Epoch [188/1000]
09/05/2026,02:58:53: Negative sampling...
09/05/2026,02:58:55: Model's personal time...
09/05/2026,02:58:55: Training...
09/05/2026,02:58:56: Evaluating...
09/05/2026,02:58:56: 	Train Loss: 4300924.5000 (base: 658.2221, kd: 8600.5332), Elapsed: train 2.87 test 0.34
09/05/2026,02:58:56: 	Recall@10: 0.04560 Recall@20: 0.06751 NDCG@10: 0.02700 NDCG@20: 0.03293 
09/05/2026,02:58:56: 	Recall@10: 0.01747 Recall@20: 0.02744 NDCG@10: 0.00993 NDCG@20: 0.01270 
09/05/2026,02:58:56: Epoch [189/1000]
09/05/2026,02:58:56: Negative sampling...
09/05/2026,02:58:58: Model's personal time...
09/05/2026,02:58:58: Training...
09/05/2026,02:58:59: Evaluating...
09/05/2026,02:59:00: 	Train Loss: 4300842.5000 (base: 659.6733, kd: 8600.3662), Elapsed: train 3.13 test 0.39
09/05/2026,02:59:00: 	Recall@10: 0.04538 Recall@20: 0.06751 NDCG@10: 0.02705 NDCG@20: 0.03308 
09/05/2026,02:59:00: 	Recall@10: 0.01760 Recall@20: 0.02798 NDCG@10: 0.01004 NDCG@20: 0.01291 
09/05/2026,02:59:00: Epoch [190/1000]
09/05/2026,02:59:00: Negative sampling...
09/05/2026,02:59:01: Model's personal time...
09/05/2026,02:59:01: Training...
09/05/2026,02:59:03: Evaluating...
09/05/2026,02:59:03: 	Train Loss: 4303667.5000 (base: 663.0641, kd: 8606.0078), Elapsed: train 3.06 test 0.34
09/05/2026,02:59:03: 	Recall@10: 0.04589 Recall@20: 0.06894 NDCG@10: 0.02708 NDCG@20: 0.03334 
09/05/2026,02:59:03: 	Recall@10: 0.01750 Recall@20: 0.02768 NDCG@10: 0.01000 NDCG@20: 0.01281 
09/05/2026,02:59:03: Epoch [191/1000]
09/05/2026,02:59:03: Negative sampling...
09/05/2026,02:59:05: Model's personal time...
09/05/2026,02:59:05: Training...
09/05/2026,02:59:06: Evaluating...
09/05/2026,02:59:07: 	Train Loss: 4301831.0000 (base: 654.4644, kd: 8602.3525), Elapsed: train 2.87 test 0.70
09/05/2026,02:59:07: 	Recall@10: 0.04553 Recall@20: 0.06701 NDCG@10: 0.02709 NDCG@20: 0.03295 
09/05/2026,02:59:07: 	Recall@10: 0.01764 Recall@20: 0.02846 NDCG@10: 0.00996 NDCG@20: 0.01292 
09/05/2026,02:59:07: Epoch [192/1000]
09/05/2026,02:59:07: Negative sampling...
09/05/2026,02:59:09: Model's personal time...
09/05/2026,02:59:09: Training...
09/05/2026,02:59:10: Evaluating...
09/05/2026,02:59:10: 	Train Loss: 4300221.0000 (base: 654.9420, kd: 8599.1318), Elapsed: train 3.13 test 0.46
09/05/2026,02:59:10: 	Recall@10: 0.04462 Recall@20: 0.06847 NDCG@10: 0.02703 NDCG@20: 0.03349 
09/05/2026,02:59:10: 	Recall@10: 0.01772 Recall@20: 0.02811 NDCG@10: 0.01006 NDCG@20: 0.01291 
09/05/2026,02:59:10: Epoch [193/1000]
09/05/2026,02:59:10: Negative sampling...
09/05/2026,02:59:12: Model's personal time...
09/05/2026,02:59:12: Training...
09/05/2026,02:59:13: Evaluating...
09/05/2026,02:59:14: 	Train Loss: 4301129.5000 (base: 659.3448, kd: 8600.9414), Elapsed: train 2.73 test 0.43
09/05/2026,02:59:14: 	Recall@10: 0.04535 Recall@20: 0.06773 NDCG@10: 0.02707 NDCG@20: 0.03316 
09/05/2026,02:59:14: 	Recall@10: 0.01770 Recall@20: 0.02815 NDCG@10: 0.01004 NDCG@20: 0.01289 
09/05/2026,02:59:14: Epoch [194/1000]
09/05/2026,02:59:14: Negative sampling...
09/05/2026,02:59:15: Model's personal time...
09/05/2026,02:59:15: Training...
09/05/2026,02:59:17: Evaluating...
09/05/2026,02:59:17: 	Train Loss: 4299558.0000 (base: 651.1172, kd: 8597.8135), Elapsed: train 2.96 test 0.49
09/05/2026,02:59:17: 	Recall@10: 0.04599 Recall@20: 0.06831 NDCG@10: 0.02736 NDCG@20: 0.03337 
09/05/2026,02:59:17: 	Recall@10: 0.01736 Recall@20: 0.02836 NDCG@10: 0.01006 NDCG@20: 0.01310 
09/05/2026,02:59:17: Epoch [195/1000]
09/05/2026,02:59:17: Negative sampling...
09/05/2026,02:59:19: Model's personal time...
09/05/2026,02:59:19: Training...
09/05/2026,02:59:20: Evaluating...
09/05/2026,02:59:21: 	Train Loss: 4300468.0000 (base: 657.7635, kd: 8599.6201), Elapsed: train 3.15 test 0.61
09/05/2026,02:59:21: 	Recall@10: 0.04513 Recall@20: 0.06816 NDCG@10: 0.02696 NDCG@20: 0.03321 
09/05/2026,02:59:21: 	Recall@10: 0.01766 Recall@20: 0.02844 NDCG@10: 0.01012 NDCG@20: 0.01309 
09/05/2026,02:59:21: Epoch [196/1000]
09/05/2026,02:59:21: Negative sampling...
09/05/2026,02:59:22: Model's personal time...
09/05/2026,02:59:22: Training...
09/05/2026,02:59:24: Evaluating...
09/05/2026,02:59:24: 	Train Loss: 4302471.0000 (base: 659.1027, kd: 8603.6230), Elapsed: train 3.22 test 0.49
09/05/2026,02:59:24: 	Recall@10: 0.04580 Recall@20: 0.06860 NDCG@10: 0.02722 NDCG@20: 0.03341 
09/05/2026,02:59:24: 	Recall@10: 0.01764 Recall@20: 0.02836 NDCG@10: 0.01026 NDCG@20: 0.01322 
09/05/2026,02:59:24: Epoch [197/1000]
09/05/2026,02:59:24: Negative sampling...
09/05/2026,02:59:26: Model's personal time...
09/05/2026,02:59:26: Training...
09/05/2026,02:59:28: Evaluating...
09/05/2026,02:59:28: 	Train Loss: 4295834.5000 (base: 660.3100, kd: 8590.3477), Elapsed: train 3.16 test 0.46
09/05/2026,02:59:28: 	Recall@10: 0.04567 Recall@20: 0.06891 NDCG@10: 0.02720 NDCG@20: 0.03349 
09/05/2026,02:59:28: 	Recall@10: 0.01816 Recall@20: 0.02889 NDCG@10: 0.01034 NDCG@20: 0.01330 
09/05/2026,02:59:28: Epoch [198/1000]
09/05/2026,02:59:28: Negative sampling...
09/05/2026,02:59:29: Model's personal time...
09/05/2026,02:59:29: Training...
09/05/2026,02:59:31: Evaluating...
09/05/2026,02:59:32: 	Train Loss: 4298926.5000 (base: 654.4751, kd: 8596.5430), Elapsed: train 3.00 test 0.49
09/05/2026,02:59:32: 	Recall@10: 0.04524 Recall@20: 0.06750 NDCG@10: 0.02659 NDCG@20: 0.03262 
09/05/2026,02:59:32: 	Recall@10: 0.01733 Recall@20: 0.02816 NDCG@10: 0.01017 NDCG@20: 0.01320 
09/05/2026,02:59:32: Epoch [199/1000]
09/05/2026,02:59:32: Negative sampling...
09/05/2026,02:59:33: Model's personal time...
09/05/2026,02:59:33: Training...
09/05/2026,02:59:35: Evaluating...
09/05/2026,02:59:35: 	Train Loss: 4297991.5000 (base: 654.2357, kd: 8594.6748), Elapsed: train 3.16 test 0.47
09/05/2026,02:59:35: 	Recall@10: 0.04588 Recall@20: 0.06848 NDCG@10: 0.02721 NDCG@20: 0.03330 
09/05/2026,02:59:35: 	Recall@10: 0.01773 Recall@20: 0.02827 NDCG@10: 0.00993 NDCG@20: 0.01286 
09/05/2026,02:59:35: Epoch [200/1000]
09/05/2026,02:59:35: Negative sampling...
09/05/2026,02:59:37: Model's personal time...
09/05/2026,02:59:37: Training...
09/05/2026,02:59:38: Evaluating...
09/05/2026,02:59:39: 	Train Loss: 4296802.5000 (base: 659.9355, kd: 8592.2842), Elapsed: train 3.02 test 0.46
09/05/2026,02:59:39: 	Recall@10: 0.04555 Recall@20: 0.06843 NDCG@10: 0.02694 NDCG@20: 0.03311 
09/05/2026,02:59:39: 	Recall@10: 0.01756 Recall@20: 0.02772 NDCG@10: 0.00996 NDCG@20: 0.01279 
09/05/2026,02:59:39: Epoch [201/1000]
09/05/2026,02:59:39: Negative sampling...
09/05/2026,02:59:40: Model's personal time...
09/05/2026,02:59:40: Training...
09/05/2026,02:59:42: Evaluating...
09/05/2026,02:59:42: 	Train Loss: 4295146.5000 (base: 652.9589, kd: 8588.9873), Elapsed: train 2.90 test 0.31
09/05/2026,02:59:42: 	Recall@10: 0.04511 Recall@20: 0.06764 NDCG@10: 0.02714 NDCG@20: 0.03325 
09/05/2026,02:59:42: 	Recall@10: 0.01756 Recall@20: 0.02753 NDCG@10: 0.00987 NDCG@20: 0.01263 
09/05/2026,02:59:42: Epoch [202/1000]
09/05/2026,02:59:42: Negative sampling...
09/05/2026,02:59:43: Model's personal time...
09/05/2026,02:59:43: Training...
09/05/2026,02:59:45: Evaluating...
09/05/2026,02:59:46: 	Train Loss: 4295873.0000 (base: 655.7104, kd: 8590.4346), Elapsed: train 2.77 test 0.88
09/05/2026,02:59:46: 	Recall@10: 0.04540 Recall@20: 0.06768 NDCG@10: 0.02737 NDCG@20: 0.03341 
09/05/2026,02:59:46: 	Recall@10: 0.01718 Recall@20: 0.02782 NDCG@10: 0.01008 NDCG@20: 0.01303 
09/05/2026,02:59:46: Epoch [203/1000]
09/05/2026,02:59:46: Negative sampling...
09/05/2026,02:59:47: Model's personal time...
09/05/2026,02:59:47: Training...
09/05/2026,02:59:49: Evaluating...
09/05/2026,02:59:49: 	Train Loss: 4296691.5000 (base: 646.9938, kd: 8592.0889), Elapsed: train 3.00 test 0.45
09/05/2026,02:59:49: 	Recall@10: 0.04449 Recall@20: 0.06803 NDCG@10: 0.02675 NDCG@20: 0.03308 
09/05/2026,02:59:49: 	Recall@10: 0.01764 Recall@20: 0.02826 NDCG@10: 0.01009 NDCG@20: 0.01303 
09/05/2026,02:59:49: Epoch [204/1000]
09/05/2026,02:59:49: Negative sampling...
09/05/2026,02:59:50: Model's personal time...
09/05/2026,02:59:50: Training...
09/05/2026,02:59:52: Evaluating...
09/05/2026,02:59:52: 	Train Loss: 4301668.0000 (base: 657.6736, kd: 8602.0215), Elapsed: train 2.85 test 0.55
09/05/2026,02:59:52: 	Recall@10: 0.04590 Recall@20: 0.06883 NDCG@10: 0.02720 NDCG@20: 0.03338 
09/05/2026,02:59:52: 	Recall@10: 0.01747 Recall@20: 0.02772 NDCG@10: 0.01002 NDCG@20: 0.01289 
09/05/2026,02:59:52: Epoch [205/1000]
09/05/2026,02:59:52: Negative sampling...
09/05/2026,02:59:54: Model's personal time...
09/05/2026,02:59:54: Training...
09/05/2026,02:59:55: Evaluating...
09/05/2026,02:59:56: 	Train Loss: 4296002.5000 (base: 650.6617, kd: 8590.7041), Elapsed: train 3.07 test 0.49
09/05/2026,02:59:56: 	Recall@10: 0.04569 Recall@20: 0.06650 NDCG@10: 0.02725 NDCG@20: 0.03291 
09/05/2026,02:59:56: 	Recall@10: 0.01754 Recall@20: 0.02820 NDCG@10: 0.01000 NDCG@20: 0.01295 
09/05/2026,02:59:56: Epoch [206/1000]
09/05/2026,02:59:56: Negative sampling...
09/05/2026,02:59:57: Model's personal time...
09/05/2026,02:59:58: Training...
09/05/2026,02:59:59: Evaluating...
09/05/2026,02:59:59: 	Train Loss: 4296211.0000 (base: 654.0022, kd: 8591.1143), Elapsed: train 2.89 test 0.47
09/05/2026,02:59:59: 	Recall@10: 0.04515 Recall@20: 0.06763 NDCG@10: 0.02695 NDCG@20: 0.03303 
09/05/2026,02:59:59: 	Recall@10: 0.01752 Recall@20: 0.02777 NDCG@10: 0.01004 NDCG@20: 0.01289 
09/05/2026,02:59:59: Epoch [207/1000]
09/05/2026,02:59:59: Negative sampling...
09/05/2026,03:00:01: Model's personal time...
09/05/2026,03:00:01: Training...
09/05/2026,03:00:02: Evaluating...
09/05/2026,03:00:03: 	Train Loss: 4295328.0000 (base: 645.9914, kd: 8589.3643), Elapsed: train 3.14 test 0.50
09/05/2026,03:00:03: 	Recall@10: 0.04586 Recall@20: 0.06812 NDCG@10: 0.02733 NDCG@20: 0.03331 
09/05/2026,03:00:03: 	Recall@10: 0.01817 Recall@20: 0.02868 NDCG@10: 0.01019 NDCG@20: 0.01311 
09/05/2026,03:00:03: Epoch [208/1000]
09/05/2026,03:00:03: Negative sampling...
09/05/2026,03:00:05: Model's personal time...
09/05/2026,03:00:05: Training...
09/05/2026,03:00:06: Evaluating...
09/05/2026,03:00:07: 	Train Loss: 4301382.0000 (base: 644.8961, kd: 8601.4736), Elapsed: train 2.95 test 0.70
09/05/2026,03:00:07: 	Recall@10: 0.04545 Recall@20: 0.06770 NDCG@10: 0.02736 NDCG@20: 0.03338 
09/05/2026,03:00:07: 	Recall@10: 0.01742 Recall@20: 0.02733 NDCG@10: 0.01020 NDCG@20: 0.01298 
09/05/2026,03:00:07: Epoch [209/1000]
09/05/2026,03:00:07: Negative sampling...
09/05/2026,03:00:08: Model's personal time...
09/05/2026,03:00:08: Training...
09/05/2026,03:00:09: Evaluating...
09/05/2026,03:00:10: 	Train Loss: 4295830.0000 (base: 647.2161, kd: 8590.3662), Elapsed: train 2.76 test 0.50
09/05/2026,03:00:10: 	Recall@10: 0.04601 Recall@20: 0.06829 NDCG@10: 0.02743 NDCG@20: 0.03346 
09/05/2026,03:00:10: 	Recall@10: 0.01764 Recall@20: 0.02846 NDCG@10: 0.01004 NDCG@20: 0.01303 
09/05/2026,03:00:10: Epoch [210/1000]
09/05/2026,03:00:10: Negative sampling...
09/05/2026,03:00:11: Model's personal time...
09/05/2026,03:00:11: Training...
09/05/2026,03:00:13: Evaluating...
09/05/2026,03:00:13: 	Train Loss: 4293451.5000 (base: 653.9592, kd: 8585.5957), Elapsed: train 2.87 test 0.46
09/05/2026,03:00:13: 	Recall@10: 0.04525 Recall@20: 0.06857 NDCG@10: 0.02720 NDCG@20: 0.03349 
09/05/2026,03:00:13: 	Recall@10: 0.01842 Recall@20: 0.02851 NDCG@10: 0.01050 NDCG@20: 0.01328 
09/05/2026,03:00:13: Epoch [211/1000]
09/05/2026,03:00:13: Negative sampling...
09/05/2026,03:00:15: Model's personal time...
09/05/2026,03:00:15: Training...
09/05/2026,03:00:16: Evaluating...
09/05/2026,03:00:17: 	Train Loss: 4296095.0000 (base: 643.8029, kd: 8590.9023), Elapsed: train 2.83 test 0.47
09/05/2026,03:00:17: 	Recall@10: 0.04451 Recall@20: 0.06805 NDCG@10: 0.02705 NDCG@20: 0.03343 
09/05/2026,03:00:17: 	Recall@10: 0.01780 Recall@20: 0.02744 NDCG@10: 0.01009 NDCG@20: 0.01280 
09/05/2026,03:00:17: Epoch [212/1000]
09/05/2026,03:00:17: Negative sampling...
09/05/2026,03:00:18: Model's personal time...
09/05/2026,03:00:18: Training...
09/05/2026,03:00:19: Evaluating...
09/05/2026,03:00:20: 	Train Loss: 4293798.5000 (base: 647.8961, kd: 8586.3018), Elapsed: train 2.99 test 0.40 *
09/05/2026,03:00:20: 	Recall@10: 0.04635 Recall@20: 0.06936 NDCG@10: 0.02779 NDCG@20: 0.03401 
09/05/2026,03:00:20: 	Recall@10: 0.01782 Recall@20: 0.02816 NDCG@10: 0.01028 NDCG@20: 0.01315 
09/05/2026,03:00:20: Epoch [213/1000]
09/05/2026,03:00:20: Negative sampling...
09/05/2026,03:00:22: Model's personal time...
09/05/2026,03:00:22: Training...
09/05/2026,03:00:23: Evaluating...
09/05/2026,03:00:23: 	Train Loss: 4294174.5000 (base: 647.7430, kd: 8587.0537), Elapsed: train 2.89 test 0.34
09/05/2026,03:00:23: 	Recall@10: 0.04579 Recall@20: 0.06911 NDCG@10: 0.02721 NDCG@20: 0.03350 
09/05/2026,03:00:23: 	Recall@10: 0.01723 Recall@20: 0.02791 NDCG@10: 0.01010 NDCG@20: 0.01304 
09/05/2026,03:00:23: Epoch [214/1000]
09/05/2026,03:00:23: Negative sampling...
09/05/2026,03:00:25: Model's personal time...
09/05/2026,03:00:25: Training...
09/05/2026,03:00:26: Evaluating...
09/05/2026,03:00:26: 	Train Loss: 4292912.0000 (base: 644.8541, kd: 8584.5352), Elapsed: train 2.80 test 0.43
09/05/2026,03:00:26: 	Recall@10: 0.04570 Recall@20: 0.06881 NDCG@10: 0.02742 NDCG@20: 0.03370 
09/05/2026,03:00:26: 	Recall@10: 0.01775 Recall@20: 0.02747 NDCG@10: 0.01013 NDCG@20: 0.01284 
09/05/2026,03:00:26: Epoch [215/1000]
09/05/2026,03:00:26: Negative sampling...
09/05/2026,03:00:28: Model's personal time...
09/05/2026,03:00:28: Training...
09/05/2026,03:00:29: Evaluating...
09/05/2026,03:00:30: 	Train Loss: 4293580.5000 (base: 641.0320, kd: 8585.8789), Elapsed: train 2.89 test 0.27
09/05/2026,03:00:30: 	Recall@10: 0.04618 Recall@20: 0.06888 NDCG@10: 0.02750 NDCG@20: 0.03365 
09/05/2026,03:00:30: 	Recall@10: 0.01766 Recall@20: 0.02760 NDCG@10: 0.01038 NDCG@20: 0.01317 
09/05/2026,03:00:30: Epoch [216/1000]
09/05/2026,03:00:30: Negative sampling...
09/05/2026,03:00:31: Model's personal time...
09/05/2026,03:00:31: Training...
09/05/2026,03:00:32: Evaluating...
09/05/2026,03:00:33: 	Train Loss: 4293978.0000 (base: 651.1047, kd: 8586.6533), Elapsed: train 2.76 test 0.52
09/05/2026,03:00:33: 	Recall@10: 0.04574 Recall@20: 0.06868 NDCG@10: 0.02741 NDCG@20: 0.03367 
09/05/2026,03:00:33: 	Recall@10: 0.01730 Recall@20: 0.02734 NDCG@10: 0.01010 NDCG@20: 0.01292 
09/05/2026,03:00:33: Epoch [217/1000]
09/05/2026,03:00:33: Negative sampling...
09/05/2026,03:00:34: Model's personal time...
09/05/2026,03:00:34: Training...
09/05/2026,03:00:36: Evaluating...
09/05/2026,03:00:36: 	Train Loss: 4294341.5000 (base: 644.5221, kd: 8587.3936), Elapsed: train 2.78 test 0.46
09/05/2026,03:00:36: 	Recall@10: 0.04585 Recall@20: 0.06811 NDCG@10: 0.02765 NDCG@20: 0.03371 
09/05/2026,03:00:36: 	Recall@10: 0.01804 Recall@20: 0.02826 NDCG@10: 0.01048 NDCG@20: 0.01332 
09/05/2026,03:00:36: Epoch [218/1000]
09/05/2026,03:00:36: Negative sampling...
09/05/2026,03:00:38: Model's personal time...
09/05/2026,03:00:38: Training...
09/05/2026,03:00:39: Evaluating...
09/05/2026,03:00:39: 	Train Loss: 4297842.5000 (base: 649.3790, kd: 8594.3867), Elapsed: train 2.94 test 0.41
09/05/2026,03:00:39: 	Recall@10: 0.04476 Recall@20: 0.06822 NDCG@10: 0.02710 NDCG@20: 0.03344 
09/05/2026,03:00:39: 	Recall@10: 0.01770 Recall@20: 0.02778 NDCG@10: 0.01001 NDCG@20: 0.01283 
09/05/2026,03:00:39: Epoch [219/1000]
09/05/2026,03:00:39: Negative sampling...
09/05/2026,03:00:41: Model's personal time...
09/05/2026,03:00:41: Training...
09/05/2026,03:00:42: Evaluating...
09/05/2026,03:00:43: 	Train Loss: 4292417.0000 (base: 643.4296, kd: 8583.5479), Elapsed: train 2.86 test 0.33
09/05/2026,03:00:43: 	Recall@10: 0.04541 Recall@20: 0.06840 NDCG@10: 0.02716 NDCG@20: 0.03341 
09/05/2026,03:00:43: 	Recall@10: 0.01811 Recall@20: 0.02768 NDCG@10: 0.01029 NDCG@20: 0.01293 
09/05/2026,03:00:43: Epoch [220/1000]
09/05/2026,03:00:43: Negative sampling...
09/05/2026,03:00:44: Model's personal time...
09/05/2026,03:00:44: Training...
09/05/2026,03:00:46: Evaluating...
09/05/2026,03:00:46: 	Train Loss: 4296014.5000 (base: 644.3475, kd: 8590.7393), Elapsed: train 3.16 test 0.41
09/05/2026,03:00:46: 	Recall@10: 0.04586 Recall@20: 0.06864 NDCG@10: 0.02745 NDCG@20: 0.03364 
09/05/2026,03:00:46: 	Recall@10: 0.01779 Recall@20: 0.02787 NDCG@10: 0.01007 NDCG@20: 0.01286 
09/05/2026,03:00:46: Epoch [221/1000]
09/05/2026,03:00:46: Negative sampling...
09/05/2026,03:00:48: Model's personal time...
09/05/2026,03:00:48: Training...
09/05/2026,03:00:49: Evaluating...
09/05/2026,03:00:50: 	Train Loss: 4293038.5000 (base: 644.5815, kd: 8584.7881), Elapsed: train 3.03 test 0.37
09/05/2026,03:00:50: 	Recall@10: 0.04560 Recall@20: 0.06827 NDCG@10: 0.02754 NDCG@20: 0.03371 
09/05/2026,03:00:50: 	Recall@10: 0.01828 Recall@20: 0.02734 NDCG@10: 0.01041 NDCG@20: 0.01294 
09/05/2026,03:00:50: Epoch [222/1000]
09/05/2026,03:00:50: Negative sampling...
09/05/2026,03:00:51: Model's personal time...
09/05/2026,03:00:51: Training...
09/05/2026,03:00:52: Evaluating...
09/05/2026,03:00:53: 	Train Loss: 4289323.0000 (base: 641.4261, kd: 8577.3633), Elapsed: train 2.81 test 0.41
09/05/2026,03:00:53: 	Recall@10: 0.04589 Recall@20: 0.06843 NDCG@10: 0.02731 NDCG@20: 0.03346 
09/05/2026,03:00:53: 	Recall@10: 0.01775 Recall@20: 0.02752 NDCG@10: 0.01022 NDCG@20: 0.01293 
09/05/2026,03:00:53: Epoch [223/1000]
09/05/2026,03:00:53: Negative sampling...
09/05/2026,03:00:54: Model's personal time...
09/05/2026,03:00:54: Training...
09/05/2026,03:00:56: Evaluating...
09/05/2026,03:00:56: 	Train Loss: 4295703.0000 (base: 640.8701, kd: 8590.1240), Elapsed: train 2.97 test 0.54
09/05/2026,03:00:56: 	Recall@10: 0.04673 Recall@20: 0.06822 NDCG@10: 0.02774 NDCG@20: 0.03359 
09/05/2026,03:00:56: 	Recall@10: 0.01790 Recall@20: 0.02729 NDCG@10: 0.01018 NDCG@20: 0.01278 
09/05/2026,03:00:56: Epoch [224/1000]
09/05/2026,03:00:56: Negative sampling...
09/05/2026,03:00:58: Model's personal time...
09/05/2026,03:00:58: Training...
09/05/2026,03:00:59: Evaluating...
09/05/2026,03:00:59: 	Train Loss: 4290562.0000 (base: 644.8984, kd: 8579.8340), Elapsed: train 2.75 test 0.47 *
09/05/2026,03:00:59: 	Recall@10: 0.04654 Recall@20: 0.06985 NDCG@10: 0.02791 NDCG@20: 0.03425 
09/05/2026,03:00:59: 	Recall@10: 0.01772 Recall@20: 0.02763 NDCG@10: 0.01012 NDCG@20: 0.01289 
09/05/2026,03:00:59: Epoch [225/1000]
09/05/2026,03:00:59: Negative sampling...
09/05/2026,03:01:01: Model's personal time...
09/05/2026,03:01:01: Training...
09/05/2026,03:01:02: Evaluating...
09/05/2026,03:01:03: 	Train Loss: 4288856.5000 (base: 642.6893, kd: 8576.4287), Elapsed: train 2.64 test 0.38
09/05/2026,03:01:03: 	Recall@10: 0.04544 Recall@20: 0.06980 NDCG@10: 0.02736 NDCG@20: 0.03400 
09/05/2026,03:01:03: 	Recall@10: 0.01808 Recall@20: 0.02831 NDCG@10: 0.01024 NDCG@20: 0.01305 
09/05/2026,03:01:03: Epoch [226/1000]
09/05/2026,03:01:03: Negative sampling...
09/05/2026,03:01:04: Model's personal time...
09/05/2026,03:01:04: Training...
09/05/2026,03:01:05: Evaluating...
09/05/2026,03:01:06: 	Train Loss: 4289230.0000 (base: 640.8086, kd: 8577.1777), Elapsed: train 2.91 test 0.39
09/05/2026,03:01:06: 	Recall@10: 0.04589 Recall@20: 0.06950 NDCG@10: 0.02761 NDCG@20: 0.03406 
09/05/2026,03:01:06: 	Recall@10: 0.01850 Recall@20: 0.02779 NDCG@10: 0.01066 NDCG@20: 0.01324 
09/05/2026,03:01:06: Epoch [227/1000]
09/05/2026,03:01:06: Negative sampling...
09/05/2026,03:01:07: Model's personal time...
09/05/2026,03:01:08: Training...
09/05/2026,03:01:09: Evaluating...
09/05/2026,03:01:09: 	Train Loss: 4292140.5000 (base: 638.4446, kd: 8583.0049), Elapsed: train 2.83 test 0.46
09/05/2026,03:01:09: 	Recall@10: 0.04622 Recall@20: 0.06943 NDCG@10: 0.02741 NDCG@20: 0.03376 
09/05/2026,03:01:09: 	Recall@10: 0.01781 Recall@20: 0.02755 NDCG@10: 0.01030 NDCG@20: 0.01301 
09/05/2026,03:01:09: Epoch [228/1000]
09/05/2026,03:01:09: Negative sampling...
09/05/2026,03:01:11: Model's personal time...
09/05/2026,03:01:11: Training...
09/05/2026,03:01:12: Evaluating...
09/05/2026,03:01:12: 	Train Loss: 4291386.0000 (base: 641.3276, kd: 8581.4893), Elapsed: train 2.79 test 0.50
09/05/2026,03:01:12: 	Recall@10: 0.04619 Recall@20: 0.06897 NDCG@10: 0.02759 NDCG@20: 0.03375 
09/05/2026,03:01:12: 	Recall@10: 0.01823 Recall@20: 0.02866 NDCG@10: 0.01058 NDCG@20: 0.01349 
09/05/2026,03:01:12: Epoch [229/1000]
09/05/2026,03:01:12: Negative sampling...
09/05/2026,03:01:14: Model's personal time...
09/05/2026,03:01:14: Training...
09/05/2026,03:01:15: Evaluating...
09/05/2026,03:01:16: 	Train Loss: 4290863.5000 (base: 639.3319, kd: 8580.4492), Elapsed: train 2.88 test 0.53
09/05/2026,03:01:16: 	Recall@10: 0.04593 Recall@20: 0.06896 NDCG@10: 0.02771 NDCG@20: 0.03399 
09/05/2026,03:01:16: 	Recall@10: 0.01787 Recall@20: 0.02751 NDCG@10: 0.01034 NDCG@20: 0.01302 
09/05/2026,03:01:16: Epoch [230/1000]
09/05/2026,03:01:16: Negative sampling...
09/05/2026,03:01:17: Model's personal time...
09/05/2026,03:01:17: Training...
09/05/2026,03:01:19: Evaluating...
09/05/2026,03:01:19: 	Train Loss: 4288136.0000 (base: 636.5099, kd: 8575.0000), Elapsed: train 2.74 test 0.47
09/05/2026,03:01:19: 	Recall@10: 0.04712 Recall@20: 0.06938 NDCG@10: 0.02776 NDCG@20: 0.03386 
09/05/2026,03:01:19: 	Recall@10: 0.01811 Recall@20: 0.02836 NDCG@10: 0.01027 NDCG@20: 0.01308 
09/05/2026,03:01:19: Epoch [231/1000]
09/05/2026,03:01:19: Negative sampling...
09/05/2026,03:01:21: Model's personal time...
09/05/2026,03:01:21: Training...
09/05/2026,03:01:22: Evaluating...
09/05/2026,03:01:22: 	Train Loss: 4289471.0000 (base: 640.6415, kd: 8577.6602), Elapsed: train 2.91 test 0.41
09/05/2026,03:01:22: 	Recall@10: 0.04516 Recall@20: 0.06863 NDCG@10: 0.02722 NDCG@20: 0.03360 
09/05/2026,03:01:22: 	Recall@10: 0.01808 Recall@20: 0.02800 NDCG@10: 0.01054 NDCG@20: 0.01330 
09/05/2026,03:01:22: Epoch [232/1000]
09/05/2026,03:01:22: Negative sampling...
09/05/2026,03:01:24: Model's personal time...
09/05/2026,03:01:24: Training...
09/05/2026,03:01:25: Evaluating...
09/05/2026,03:01:26: 	Train Loss: 4287957.0000 (base: 638.4104, kd: 8574.6367), Elapsed: train 3.01 test 0.39
09/05/2026,03:01:26: 	Recall@10: 0.04651 Recall@20: 0.06936 NDCG@10: 0.02756 NDCG@20: 0.03374 
09/05/2026,03:01:26: 	Recall@10: 0.01807 Recall@20: 0.02812 NDCG@10: 0.01027 NDCG@20: 0.01305 
09/05/2026,03:01:26: Epoch [233/1000]
09/05/2026,03:01:26: Negative sampling...
09/05/2026,03:01:27: Model's personal time...
09/05/2026,03:01:27: Training...
09/05/2026,03:01:28: Evaluating...
09/05/2026,03:01:29: 	Train Loss: 4290463.5000 (base: 633.9343, kd: 8579.6602), Elapsed: train 2.63 test 0.44
09/05/2026,03:01:29: 	Recall@10: 0.04693 Recall@20: 0.06966 NDCG@10: 0.02783 NDCG@20: 0.03402 
09/05/2026,03:01:29: 	Recall@10: 0.01829 Recall@20: 0.02793 NDCG@10: 0.01027 NDCG@20: 0.01292 
09/05/2026,03:01:29: Epoch [234/1000]
09/05/2026,03:01:29: Negative sampling...
09/05/2026,03:01:30: Model's personal time...
09/05/2026,03:01:30: Training...
09/05/2026,03:01:32: Evaluating...
09/05/2026,03:01:32: 	Train Loss: 4290889.0000 (base: 636.2935, kd: 8580.5049), Elapsed: train 2.72 test 0.38
09/05/2026,03:01:32: 	Recall@10: 0.04665 Recall@20: 0.06901 NDCG@10: 0.02765 NDCG@20: 0.03367 
09/05/2026,03:01:32: 	Recall@10: 0.01872 Recall@20: 0.02809 NDCG@10: 0.01041 NDCG@20: 0.01303 
09/05/2026,03:01:32: Epoch [235/1000]
09/05/2026,03:01:32: Negative sampling...
09/05/2026,03:01:34: Model's personal time...
09/05/2026,03:01:34: Training...
09/05/2026,03:01:35: Evaluating...
09/05/2026,03:01:35: 	Train Loss: 4287161.5000 (base: 640.5752, kd: 8573.0410), Elapsed: train 2.97 test 0.43
09/05/2026,03:01:35: 	Recall@10: 0.04657 Recall@20: 0.06933 NDCG@10: 0.02765 NDCG@20: 0.03385 
09/05/2026,03:01:35: 	Recall@10: 0.01842 Recall@20: 0.02813 NDCG@10: 0.01039 NDCG@20: 0.01307 
09/05/2026,03:01:35: Epoch [236/1000]
09/05/2026,03:01:35: Negative sampling...
09/05/2026,03:01:37: Model's personal time...
09/05/2026,03:01:37: Training...
09/05/2026,03:01:38: Evaluating...
09/05/2026,03:01:38: 	Train Loss: 4288104.5000 (base: 637.9537, kd: 8574.9336), Elapsed: train 2.72 test 0.30
09/05/2026,03:01:38: 	Recall@10: 0.04678 Recall@20: 0.06973 NDCG@10: 0.02796 NDCG@20: 0.03416 
09/05/2026,03:01:38: 	Recall@10: 0.01800 Recall@20: 0.02697 NDCG@10: 0.01016 NDCG@20: 0.01269 
09/05/2026,03:01:38: Epoch [237/1000]
09/05/2026,03:01:38: Negative sampling...
09/05/2026,03:01:40: Model's personal time...
09/05/2026,03:01:40: Training...
09/05/2026,03:01:41: Evaluating...
09/05/2026,03:01:41: 	Train Loss: 4286632.5000 (base: 636.7806, kd: 8571.9922), Elapsed: train 2.81 test 0.28 *
09/05/2026,03:01:41: 	Recall@10: 0.04663 Recall@20: 0.07001 NDCG@10: 0.02796 NDCG@20: 0.03429 
09/05/2026,03:01:41: 	Recall@10: 0.01837 Recall@20: 0.02794 NDCG@10: 0.01050 NDCG@20: 0.01316 
09/05/2026,03:01:41: Epoch [238/1000]
09/05/2026,03:01:41: Negative sampling...
09/05/2026,03:01:43: Model's personal time...
09/05/2026,03:01:43: Training...
09/05/2026,03:01:44: Evaluating...
09/05/2026,03:01:45: 	Train Loss: 4287413.5000 (base: 629.4746, kd: 8573.5684), Elapsed: train 2.90 test 0.34 *
09/05/2026,03:01:45: 	Recall@10: 0.04704 Recall@20: 0.07002 NDCG@10: 0.02809 NDCG@20: 0.03434 
09/05/2026,03:01:45: 	Recall@10: 0.01902 Recall@20: 0.02783 NDCG@10: 0.01064 NDCG@20: 0.01308 
09/05/2026,03:01:45: Epoch [239/1000]
09/05/2026,03:01:45: Negative sampling...
09/05/2026,03:01:46: Model's personal time...
09/05/2026,03:01:46: Training...
09/05/2026,03:01:47: Evaluating...
09/05/2026,03:01:48: 	Train Loss: 4288686.5000 (base: 631.5985, kd: 8576.1104), Elapsed: train 2.69 test 0.40
09/05/2026,03:01:48: 	Recall@10: 0.04701 Recall@20: 0.06931 NDCG@10: 0.02803 NDCG@20: 0.03412 
09/05/2026,03:01:48: 	Recall@10: 0.01834 Recall@20: 0.02787 NDCG@10: 0.01043 NDCG@20: 0.01309 
09/05/2026,03:01:48: Epoch [240/1000]
09/05/2026,03:01:48: Negative sampling...
09/05/2026,03:01:49: Model's personal time...
09/05/2026,03:01:49: Training...
09/05/2026,03:01:50: Evaluating...
09/05/2026,03:01:51: 	Train Loss: 4286974.0000 (base: 635.9996, kd: 8572.6768), Elapsed: train 2.58 test 0.31
09/05/2026,03:01:51: 	Recall@10: 0.04723 Recall@20: 0.07008 NDCG@10: 0.02791 NDCG@20: 0.03410 
09/05/2026,03:01:51: 	Recall@10: 0.01869 Recall@20: 0.02836 NDCG@10: 0.01039 NDCG@20: 0.01307 
09/05/2026,03:01:51: Epoch [241/1000]
09/05/2026,03:01:51: Negative sampling...
09/05/2026,03:01:52: Model's personal time...
09/05/2026,03:01:52: Training...
09/05/2026,03:01:53: Evaluating...
09/05/2026,03:01:54: 	Train Loss: 4289678.5000 (base: 634.1551, kd: 8578.0889), Elapsed: train 2.69 test 0.43
09/05/2026,03:01:54: 	Recall@10: 0.04657 Recall@20: 0.07008 NDCG@10: 0.02761 NDCG@20: 0.03401 
09/05/2026,03:01:54: 	Recall@10: 0.01883 Recall@20: 0.02778 NDCG@10: 0.01061 NDCG@20: 0.01310 
09/05/2026,03:01:54: Epoch [242/1000]
09/05/2026,03:01:54: Negative sampling...
09/05/2026,03:01:55: Model's personal time...
09/05/2026,03:01:55: Training...
09/05/2026,03:01:57: Evaluating...
09/05/2026,03:01:57: 	Train Loss: 4286703.0000 (base: 631.0574, kd: 8572.1445), Elapsed: train 2.78 test 0.35
09/05/2026,03:01:57: 	Recall@10: 0.04652 Recall@20: 0.06911 NDCG@10: 0.02787 NDCG@20: 0.03397 
09/05/2026,03:01:57: 	Recall@10: 0.01855 Recall@20: 0.02780 NDCG@10: 0.01046 NDCG@20: 0.01300 
09/05/2026,03:01:57: Epoch [243/1000]
09/05/2026,03:01:57: Negative sampling...
09/05/2026,03:01:58: Model's personal time...
09/05/2026,03:01:58: Training...
09/05/2026,03:02:00: Evaluating...
09/05/2026,03:02:00: 	Train Loss: 4285375.5000 (base: 634.6364, kd: 8569.4814), Elapsed: train 2.86 test 0.43
09/05/2026,03:02:00: 	Recall@10: 0.04711 Recall@20: 0.06935 NDCG@10: 0.02796 NDCG@20: 0.03407 
09/05/2026,03:02:00: 	Recall@10: 0.01872 Recall@20: 0.02807 NDCG@10: 0.01063 NDCG@20: 0.01323 
09/05/2026,03:02:00: Epoch [244/1000]
09/05/2026,03:02:00: Negative sampling...
09/05/2026,03:02:02: Model's personal time...
09/05/2026,03:02:02: Training...
09/05/2026,03:02:03: Evaluating...
09/05/2026,03:02:03: 	Train Loss: 4287284.0000 (base: 628.5600, kd: 8573.3115), Elapsed: train 2.73 test 0.28 *
09/05/2026,03:02:03: 	Recall@10: 0.04709 Recall@20: 0.07086 NDCG@10: 0.02806 NDCG@20: 0.03452 
09/05/2026,03:02:03: 	Recall@10: 0.01863 Recall@20: 0.02811 NDCG@10: 0.01042 NDCG@20: 0.01306 
09/05/2026,03:02:03: Epoch [245/1000]
09/05/2026,03:02:03: Negative sampling...
09/05/2026,03:02:05: Model's personal time...
09/05/2026,03:02:05: Training...
09/05/2026,03:02:06: Evaluating...
09/05/2026,03:02:06: 	Train Loss: 4284100.0000 (base: 640.2591, kd: 8566.9199), Elapsed: train 2.71 test 0.48
09/05/2026,03:02:06: 	Recall@10: 0.04712 Recall@20: 0.06930 NDCG@10: 0.02792 NDCG@20: 0.03396 
09/05/2026,03:02:06: 	Recall@10: 0.01803 Recall@20: 0.02788 NDCG@10: 0.01038 NDCG@20: 0.01313 
09/05/2026,03:02:06: Epoch [246/1000]
09/05/2026,03:02:06: Negative sampling...
09/05/2026,03:02:08: Model's personal time...
09/05/2026,03:02:08: Training...
09/05/2026,03:02:09: Evaluating...
09/05/2026,03:02:09: 	Train Loss: 4285677.5000 (base: 626.9617, kd: 8570.0996), Elapsed: train 2.51 test 0.41 *
09/05/2026,03:02:09: 	Recall@10: 0.04706 Recall@20: 0.07078 NDCG@10: 0.02819 NDCG@20: 0.03466 
09/05/2026,03:02:09: 	Recall@10: 0.01840 Recall@20: 0.02764 NDCG@10: 0.01033 NDCG@20: 0.01290 
09/05/2026,03:02:09: Epoch [247/1000]
09/05/2026,03:02:09: Negative sampling...
09/05/2026,03:02:11: Model's personal time...
09/05/2026,03:02:11: Training...
09/05/2026,03:02:12: Evaluating...
09/05/2026,03:02:12: 	Train Loss: 4286015.0000 (base: 629.4001, kd: 8570.7715), Elapsed: train 2.68 test 0.47
09/05/2026,03:02:12: 	Recall@10: 0.04699 Recall@20: 0.06947 NDCG@10: 0.02805 NDCG@20: 0.03420 
09/05/2026,03:02:12: 	Recall@10: 0.01829 Recall@20: 0.02769 NDCG@10: 0.01019 NDCG@20: 0.01283 
09/05/2026,03:02:12: Epoch [248/1000]
09/05/2026,03:02:12: Negative sampling...
09/05/2026,03:02:14: Model's personal time...
09/05/2026,03:02:14: Training...
09/05/2026,03:02:16: Evaluating...
09/05/2026,03:02:16: 	Train Loss: 4290643.0000 (base: 629.5437, kd: 8580.0264), Elapsed: train 3.06 test 0.47
09/05/2026,03:02:16: 	Recall@10: 0.04709 Recall@20: 0.06983 NDCG@10: 0.02820 NDCG@20: 0.03438 
09/05/2026,03:02:16: 	Recall@10: 0.01879 Recall@20: 0.02805 NDCG@10: 0.01045 NDCG@20: 0.01302 
09/05/2026,03:02:16: Epoch [249/1000]
09/05/2026,03:02:16: Negative sampling...
09/05/2026,03:02:17: Model's personal time...
09/05/2026,03:02:17: Training...
09/05/2026,03:02:18: Evaluating...
09/05/2026,03:02:19: 	Train Loss: 4284138.5000 (base: 635.9238, kd: 8567.0049), Elapsed: train 2.43 test 0.40
09/05/2026,03:02:19: 	Recall@10: 0.04721 Recall@20: 0.07126 NDCG@10: 0.02798 NDCG@20: 0.03453 
09/05/2026,03:02:19: 	Recall@10: 0.01840 Recall@20: 0.02769 NDCG@10: 0.01022 NDCG@20: 0.01282 
09/05/2026,03:02:19: Epoch [250/1000]
09/05/2026,03:02:19: Negative sampling...
09/05/2026,03:02:21: Model's personal time...
09/05/2026,03:02:21: Training...
09/05/2026,03:02:22: Evaluating...
09/05/2026,03:02:22: 	Train Loss: 4285897.5000 (base: 627.9156, kd: 8570.5400), Elapsed: train 2.84 test 0.55
09/05/2026,03:02:22: 	Recall@10: 0.04688 Recall@20: 0.06980 NDCG@10: 0.02784 NDCG@20: 0.03410 
09/05/2026,03:02:22: 	Recall@10: 0.01815 Recall@20: 0.02806 NDCG@10: 0.01021 NDCG@20: 0.01294 
09/05/2026,03:02:22: Epoch [251/1000]
09/05/2026,03:02:22: Negative sampling...
09/05/2026,03:02:24: Model's personal time...
09/05/2026,03:02:24: Training...
09/05/2026,03:02:25: Evaluating...
09/05/2026,03:02:25: 	Train Loss: 4284863.5000 (base: 626.8459, kd: 8568.4717), Elapsed: train 2.56 test 0.31
09/05/2026,03:02:25: 	Recall@10: 0.04655 Recall@20: 0.07071 NDCG@10: 0.02792 NDCG@20: 0.03448 
09/05/2026,03:02:25: 	Recall@10: 0.01863 Recall@20: 0.02812 NDCG@10: 0.01035 NDCG@20: 0.01298 
09/05/2026,03:02:25: Epoch [252/1000]
09/05/2026,03:02:25: Negative sampling...
09/05/2026,03:02:27: Model's personal time...
09/05/2026,03:02:27: Training...
09/05/2026,03:02:28: Evaluating...
09/05/2026,03:02:28: 	Train Loss: 4286969.5000 (base: 631.4684, kd: 8572.6748), Elapsed: train 2.66 test 0.35
09/05/2026,03:02:28: 	Recall@10: 0.04687 Recall@20: 0.07051 NDCG@10: 0.02786 NDCG@20: 0.03430 
09/05/2026,03:02:28: 	Recall@10: 0.01827 Recall@20: 0.02793 NDCG@10: 0.01032 NDCG@20: 0.01301 
09/05/2026,03:02:28: Epoch [253/1000]
09/05/2026,03:02:28: Negative sampling...
09/05/2026,03:02:30: Model's personal time...
09/05/2026,03:02:30: Training...
09/05/2026,03:02:31: Evaluating...
09/05/2026,03:02:31: 	Train Loss: 4286838.0000 (base: 628.7470, kd: 8572.4199), Elapsed: train 2.67 test 0.42
09/05/2026,03:02:31: 	Recall@10: 0.04626 Recall@20: 0.07085 NDCG@10: 0.02764 NDCG@20: 0.03435 
09/05/2026,03:02:31: 	Recall@10: 0.01867 Recall@20: 0.02786 NDCG@10: 0.01033 NDCG@20: 0.01292 
09/05/2026,03:02:31: Epoch [254/1000]
09/05/2026,03:02:31: Negative sampling...
09/05/2026,03:02:33: Model's personal time...
09/05/2026,03:02:33: Training...
09/05/2026,03:02:34: Evaluating...
09/05/2026,03:02:34: 	Train Loss: 4282475.5000 (base: 626.5253, kd: 8563.6982), Elapsed: train 2.65 test 0.38
09/05/2026,03:02:34: 	Recall@10: 0.04796 Recall@20: 0.07069 NDCG@10: 0.02819 NDCG@20: 0.03437 
09/05/2026,03:02:34: 	Recall@10: 0.01861 Recall@20: 0.02785 NDCG@10: 0.01044 NDCG@20: 0.01302 
09/05/2026,03:02:34: Epoch [255/1000]
09/05/2026,03:02:34: Negative sampling...
09/05/2026,03:02:36: Model's personal time...
09/05/2026,03:02:36: Training...
09/05/2026,03:02:37: Evaluating...
09/05/2026,03:02:37: 	Train Loss: 4286048.0000 (base: 631.4193, kd: 8570.8330), Elapsed: train 2.55 test 0.31
09/05/2026,03:02:37: 	Recall@10: 0.04588 Recall@20: 0.07035 NDCG@10: 0.02781 NDCG@20: 0.03450 
09/05/2026,03:02:37: 	Recall@10: 0.01860 Recall@20: 0.02762 NDCG@10: 0.01031 NDCG@20: 0.01281 
09/05/2026,03:02:37: Epoch [256/1000]
09/05/2026,03:02:37: Negative sampling...
09/05/2026,03:02:39: Model's personal time...
09/05/2026,03:02:39: Training...
09/05/2026,03:02:40: Evaluating...
09/05/2026,03:02:40: 	Train Loss: 4281968.5000 (base: 629.9897, kd: 8562.6768), Elapsed: train 2.64 test 0.35
09/05/2026,03:02:40: 	Recall@10: 0.04658 Recall@20: 0.06986 NDCG@10: 0.02784 NDCG@20: 0.03420 
09/05/2026,03:02:40: 	Recall@10: 0.01866 Recall@20: 0.02796 NDCG@10: 0.01045 NDCG@20: 0.01301 
09/05/2026,03:02:40: Epoch [257/1000]
09/05/2026,03:02:40: Negative sampling...
09/05/2026,03:02:42: Model's personal time...
09/05/2026,03:02:42: Training...
09/05/2026,03:02:43: Evaluating...
09/05/2026,03:02:43: 	Train Loss: 4284028.5000 (base: 628.0887, kd: 8566.8008), Elapsed: train 2.57 test 0.46
09/05/2026,03:02:43: 	Recall@10: 0.04695 Recall@20: 0.07107 NDCG@10: 0.02799 NDCG@20: 0.03455 
09/05/2026,03:02:43: 	Recall@10: 0.01864 Recall@20: 0.02772 NDCG@10: 0.01019 NDCG@20: 0.01273 
09/05/2026,03:02:43: Epoch [258/1000]
09/05/2026,03:02:43: Negative sampling...
09/05/2026,03:02:45: Model's personal time...
09/05/2026,03:02:45: Training...
09/05/2026,03:02:46: Evaluating...
09/05/2026,03:02:46: 	Train Loss: 4283464.5000 (base: 622.6854, kd: 8565.6846), Elapsed: train 2.59 test 0.43
09/05/2026,03:02:46: 	Recall@10: 0.04676 Recall@20: 0.06975 NDCG@10: 0.02805 NDCG@20: 0.03427 
09/05/2026,03:02:46: 	Recall@10: 0.01827 Recall@20: 0.02766 NDCG@10: 0.01024 NDCG@20: 0.01285 
09/05/2026,03:02:46: Epoch [259/1000]
09/05/2026,03:02:46: Negative sampling...
09/05/2026,03:02:48: Model's personal time...
09/05/2026,03:02:48: Training...
09/05/2026,03:02:49: Evaluating...
09/05/2026,03:02:49: 	Train Loss: 4281622.0000 (base: 626.4987, kd: 8561.9922), Elapsed: train 2.79 test 0.38
09/05/2026,03:02:49: 	Recall@10: 0.04660 Recall@20: 0.07056 NDCG@10: 0.02779 NDCG@20: 0.03434 
09/05/2026,03:02:49: 	Recall@10: 0.01869 Recall@20: 0.02838 NDCG@10: 0.01053 NDCG@20: 0.01320 
09/05/2026,03:02:49: Epoch [260/1000]
09/05/2026,03:02:49: Negative sampling...
09/05/2026,03:02:51: Model's personal time...
09/05/2026,03:02:51: Training...
09/05/2026,03:02:52: Evaluating...
09/05/2026,03:02:52: 	Train Loss: 4284811.5000 (base: 626.3945, kd: 8568.3701), Elapsed: train 2.81 test 0.34 *
09/05/2026,03:02:52: 	Recall@10: 0.04746 Recall@20: 0.07122 NDCG@10: 0.02813 NDCG@20: 0.03467 
09/05/2026,03:02:52: 	Recall@10: 0.01856 Recall@20: 0.02790 NDCG@10: 0.01035 NDCG@20: 0.01292 
09/05/2026,03:02:52: Epoch [261/1000]
09/05/2026,03:02:52: Negative sampling...
09/05/2026,03:02:54: Model's personal time...
09/05/2026,03:02:54: Training...
09/05/2026,03:02:55: Evaluating...
09/05/2026,03:02:55: 	Train Loss: 4283771.0000 (base: 626.2688, kd: 8566.2900), Elapsed: train 2.44 test 0.49 *
09/05/2026,03:02:55: 	Recall@10: 0.04768 Recall@20: 0.07126 NDCG@10: 0.02842 NDCG@20: 0.03489 
09/05/2026,03:02:55: 	Recall@10: 0.01851 Recall@20: 0.02720 NDCG@10: 0.01025 NDCG@20: 0.01267 
09/05/2026,03:02:55: Epoch [262/1000]
09/05/2026,03:02:55: Negative sampling...
09/05/2026,03:02:57: Model's personal time...
09/05/2026,03:02:57: Training...
09/05/2026,03:02:58: Evaluating...
09/05/2026,03:02:58: 	Train Loss: 4281809.0000 (base: 623.1335, kd: 8562.3721), Elapsed: train 2.66 test 0.43
09/05/2026,03:02:58: 	Recall@10: 0.04747 Recall@20: 0.07092 NDCG@10: 0.02817 NDCG@20: 0.03457 
09/05/2026,03:02:58: 	Recall@10: 0.01861 Recall@20: 0.02699 NDCG@10: 0.01045 NDCG@20: 0.01277 
09/05/2026,03:02:58: Epoch [263/1000]
09/05/2026,03:02:58: Negative sampling...
09/05/2026,03:03:00: Model's personal time...
09/05/2026,03:03:00: Training...
09/05/2026,03:03:01: Evaluating...
09/05/2026,03:03:02: 	Train Loss: 4285697.0000 (base: 622.0593, kd: 8570.1504), Elapsed: train 2.74 test 0.39
09/05/2026,03:03:02: 	Recall@10: 0.04654 Recall@20: 0.07000 NDCG@10: 0.02776 NDCG@20: 0.03413 
09/05/2026,03:03:02: 	Recall@10: 0.01850 Recall@20: 0.02748 NDCG@10: 0.01023 NDCG@20: 0.01271 
09/05/2026,03:03:02: Epoch [264/1000]
09/05/2026,03:03:02: Negative sampling...
09/05/2026,03:03:03: Model's personal time...
09/05/2026,03:03:03: Training...
09/05/2026,03:03:04: Evaluating...
09/05/2026,03:03:05: 	Train Loss: 4284555.0000 (base: 629.0596, kd: 8567.8516), Elapsed: train 2.62 test 0.39 *
09/05/2026,03:03:05: 	Recall@10: 0.04800 Recall@20: 0.07114 NDCG@10: 0.02861 NDCG@20: 0.03493 
09/05/2026,03:03:05: 	Recall@10: 0.01866 Recall@20: 0.02813 NDCG@10: 0.01043 NDCG@20: 0.01304 
09/05/2026,03:03:05: Epoch [265/1000]
09/05/2026,03:03:05: Negative sampling...
09/05/2026,03:03:06: Model's personal time...
09/05/2026,03:03:06: Training...
09/05/2026,03:03:07: Evaluating...
09/05/2026,03:03:07: 	Train Loss: 4283062.0000 (base: 626.3717, kd: 8564.8711), Elapsed: train 2.49 test 0.31
09/05/2026,03:03:07: 	Recall@10: 0.04759 Recall@20: 0.07198 NDCG@10: 0.02817 NDCG@20: 0.03481 
09/05/2026,03:03:07: 	Recall@10: 0.01802 Recall@20: 0.02776 NDCG@10: 0.00998 NDCG@20: 0.01270 
09/05/2026,03:03:07: Epoch [266/1000]
09/05/2026,03:03:07: Negative sampling...
09/05/2026,03:03:09: Model's personal time...
09/05/2026,03:03:09: Training...
09/05/2026,03:03:10: Evaluating...
09/05/2026,03:03:10: 	Train Loss: 4282099.5000 (base: 622.0420, kd: 8562.9541), Elapsed: train 2.66 test 0.32
09/05/2026,03:03:10: 	Recall@10: 0.04719 Recall@20: 0.07166 NDCG@10: 0.02818 NDCG@20: 0.03487 
09/05/2026,03:03:10: 	Recall@10: 0.01818 Recall@20: 0.02743 NDCG@10: 0.01029 NDCG@20: 0.01287 
09/05/2026,03:03:10: Epoch [267/1000]
09/05/2026,03:03:10: Negative sampling...
09/05/2026,03:03:12: Model's personal time...
09/05/2026,03:03:12: Training...
09/05/2026,03:03:13: Evaluating...
09/05/2026,03:03:13: 	Train Loss: 4282544.5000 (base: 624.0424, kd: 8563.8408), Elapsed: train 2.53 test 0.28
09/05/2026,03:03:13: 	Recall@10: 0.04687 Recall@20: 0.07091 NDCG@10: 0.02817 NDCG@20: 0.03472 
09/05/2026,03:03:13: 	Recall@10: 0.01840 Recall@20: 0.02787 NDCG@10: 0.01034 NDCG@20: 0.01297 
09/05/2026,03:03:13: Epoch [268/1000]
09/05/2026,03:03:13: Negative sampling...
09/05/2026,03:03:15: Model's personal time...
09/05/2026,03:03:15: Training...
09/05/2026,03:03:16: Evaluating...
09/05/2026,03:03:16: 	Train Loss: 4280098.0000 (base: 623.0221, kd: 8558.9502), Elapsed: train 2.50 test 0.47
09/05/2026,03:03:16: 	Recall@10: 0.04705 Recall@20: 0.07161 NDCG@10: 0.02801 NDCG@20: 0.03471 
09/05/2026,03:03:16: 	Recall@10: 0.01827 Recall@20: 0.02776 NDCG@10: 0.01023 NDCG@20: 0.01286 
09/05/2026,03:03:16: Epoch [269/1000]
09/05/2026,03:03:16: Negative sampling...
09/05/2026,03:03:18: Model's personal time...
09/05/2026,03:03:18: Training...
09/05/2026,03:03:19: Evaluating...
09/05/2026,03:03:19: 	Train Loss: 4285319.5000 (base: 626.0717, kd: 8569.3867), Elapsed: train 2.67 test 0.45
09/05/2026,03:03:19: 	Recall@10: 0.04683 Recall@20: 0.07121 NDCG@10: 0.02789 NDCG@20: 0.03455 
09/05/2026,03:03:19: 	Recall@10: 0.01783 Recall@20: 0.02729 NDCG@10: 0.01001 NDCG@20: 0.01267 
09/05/2026,03:03:19: Epoch [270/1000]
09/05/2026,03:03:19: Negative sampling...
09/05/2026,03:03:21: Model's personal time...
09/05/2026,03:03:21: Training...
09/05/2026,03:03:22: Evaluating...
09/05/2026,03:03:22: 	Train Loss: 4281603.0000 (base: 619.0305, kd: 8561.9688), Elapsed: train 2.62 test 0.37
09/05/2026,03:03:22: 	Recall@10: 0.04738 Recall@20: 0.07190 NDCG@10: 0.02805 NDCG@20: 0.03469 
09/05/2026,03:03:22: 	Recall@10: 0.01840 Recall@20: 0.02834 NDCG@10: 0.01022 NDCG@20: 0.01297 
09/05/2026,03:03:22: Epoch [271/1000]
09/05/2026,03:03:22: Negative sampling...
09/05/2026,03:03:24: Model's personal time...
09/05/2026,03:03:24: Training...
09/05/2026,03:03:25: Evaluating...
09/05/2026,03:03:25: 	Train Loss: 4279895.0000 (base: 619.7020, kd: 8558.5518), Elapsed: train 2.56 test 0.35 *
09/05/2026,03:03:25: 	Recall@10: 0.04686 Recall@20: 0.07299 NDCG@10: 0.02794 NDCG@20: 0.03503 
09/05/2026,03:03:25: 	Recall@10: 0.01802 Recall@20: 0.02810 NDCG@10: 0.01004 NDCG@20: 0.01282 
09/05/2026,03:03:25: Epoch [272/1000]
09/05/2026,03:03:25: Negative sampling...
09/05/2026,03:03:27: Model's personal time...
09/05/2026,03:03:27: Training...
09/05/2026,03:03:28: Evaluating...
09/05/2026,03:03:28: 	Train Loss: 4280706.0000 (base: 620.7892, kd: 8560.1709), Elapsed: train 2.65 test 0.40
09/05/2026,03:03:28: 	Recall@10: 0.04746 Recall@20: 0.07051 NDCG@10: 0.02803 NDCG@20: 0.03432 
09/05/2026,03:03:28: 	Recall@10: 0.01826 Recall@20: 0.02743 NDCG@10: 0.01015 NDCG@20: 0.01270 
09/05/2026,03:03:28: Epoch [273/1000]
09/05/2026,03:03:28: Negative sampling...
09/05/2026,03:03:30: Model's personal time...
09/05/2026,03:03:30: Training...
09/05/2026,03:03:31: Evaluating...
09/05/2026,03:03:31: 	Train Loss: 4281096.5000 (base: 620.2299, kd: 8560.9512), Elapsed: train 2.44 test 0.32 *
09/05/2026,03:03:31: 	Recall@10: 0.04767 Recall@20: 0.07254 NDCG@10: 0.02838 NDCG@20: 0.03514 
09/05/2026,03:03:31: 	Recall@10: 0.01834 Recall@20: 0.02784 NDCG@10: 0.01030 NDCG@20: 0.01297 
09/05/2026,03:03:31: Epoch [274/1000]
09/05/2026,03:03:31: Negative sampling...
09/05/2026,03:03:32: Model's personal time...
09/05/2026,03:03:32: Training...
09/05/2026,03:03:34: Evaluating...
09/05/2026,03:03:34: 	Train Loss: 4285123.0000 (base: 623.0419, kd: 8569.0000), Elapsed: train 2.64 test 0.37
09/05/2026,03:03:34: 	Recall@10: 0.04748 Recall@20: 0.07203 NDCG@10: 0.02836 NDCG@20: 0.03504 
09/05/2026,03:03:34: 	Recall@10: 0.01869 Recall@20: 0.02842 NDCG@10: 0.01036 NDCG@20: 0.01304 
09/05/2026,03:03:34: Epoch [275/1000]
09/05/2026,03:03:34: Negative sampling...
09/05/2026,03:03:35: Model's personal time...
09/05/2026,03:03:35: Training...
09/05/2026,03:03:37: Evaluating...
09/05/2026,03:03:37: 	Train Loss: 4285807.5000 (base: 622.6263, kd: 8570.3682), Elapsed: train 2.85 test 0.41
09/05/2026,03:03:37: 	Recall@10: 0.04710 Recall@20: 0.07185 NDCG@10: 0.02820 NDCG@20: 0.03492 
09/05/2026,03:03:37: 	Recall@10: 0.01866 Recall@20: 0.02877 NDCG@10: 0.01023 NDCG@20: 0.01299 
09/05/2026,03:03:37: Epoch [276/1000]
09/05/2026,03:03:37: Negative sampling...
09/05/2026,03:03:39: Model's personal time...
09/05/2026,03:03:39: Training...
09/05/2026,03:03:40: Evaluating...
09/05/2026,03:03:40: 	Train Loss: 4280511.5000 (base: 619.5901, kd: 8559.7832), Elapsed: train 2.58 test 0.47
09/05/2026,03:03:40: 	Recall@10: 0.04697 Recall@20: 0.07219 NDCG@10: 0.02806 NDCG@20: 0.03490 
09/05/2026,03:03:40: 	Recall@10: 0.01856 Recall@20: 0.02809 NDCG@10: 0.01040 NDCG@20: 0.01304 
09/05/2026,03:03:40: Epoch [277/1000]
09/05/2026,03:03:40: Negative sampling...
09/05/2026,03:03:42: Model's personal time...
09/05/2026,03:03:42: Training...
09/05/2026,03:03:43: Evaluating...
09/05/2026,03:03:44: 	Train Loss: 4280810.5000 (base: 621.8508, kd: 8560.3770), Elapsed: train 2.85 test 0.40
09/05/2026,03:03:44: 	Recall@10: 0.04759 Recall@20: 0.07229 NDCG@10: 0.02816 NDCG@20: 0.03488 
09/05/2026,03:03:44: 	Recall@10: 0.01837 Recall@20: 0.02830 NDCG@10: 0.01021 NDCG@20: 0.01296 
09/05/2026,03:03:44: Epoch [278/1000]
09/05/2026,03:03:44: Negative sampling...
09/05/2026,03:03:45: Model's personal time...
09/05/2026,03:03:45: Training...
09/05/2026,03:03:47: Evaluating...
09/05/2026,03:03:47: 	Train Loss: 4285499.0000 (base: 623.2287, kd: 8569.7529), Elapsed: train 2.98 test 0.46
09/05/2026,03:03:47: 	Recall@10: 0.04794 Recall@20: 0.07203 NDCG@10: 0.02823 NDCG@20: 0.03473 
09/05/2026,03:03:47: 	Recall@10: 0.01821 Recall@20: 0.02759 NDCG@10: 0.01023 NDCG@20: 0.01284 
09/05/2026,03:03:47: Epoch [279/1000]
09/05/2026,03:03:47: Negative sampling...
09/05/2026,03:03:49: Model's personal time...
09/05/2026,03:03:49: Training...
09/05/2026,03:03:50: Evaluating...
09/05/2026,03:03:50: 	Train Loss: 4284081.0000 (base: 617.3151, kd: 8566.9268), Elapsed: train 2.89 test 0.50
09/05/2026,03:03:50: 	Recall@10: 0.04660 Recall@20: 0.07130 NDCG@10: 0.02783 NDCG@20: 0.03459 
09/05/2026,03:03:50: 	Recall@10: 0.01831 Recall@20: 0.02778 NDCG@10: 0.01010 NDCG@20: 0.01276 
09/05/2026,03:03:50: Epoch [280/1000]
09/05/2026,03:03:50: Negative sampling...
09/05/2026,03:03:52: Model's personal time...
09/05/2026,03:03:52: Training...
09/05/2026,03:03:53: Evaluating...
09/05/2026,03:03:54: 	Train Loss: 4279735.0000 (base: 628.5621, kd: 8558.2129), Elapsed: train 2.74 test 0.49
09/05/2026,03:03:54: 	Recall@10: 0.04751 Recall@20: 0.07069 NDCG@10: 0.02825 NDCG@20: 0.03456 
09/05/2026,03:03:54: 	Recall@10: 0.01845 Recall@20: 0.02853 NDCG@10: 0.01025 NDCG@20: 0.01306 
09/05/2026,03:03:54: Epoch [281/1000]
09/05/2026,03:03:54: Negative sampling...
09/05/2026,03:03:55: Model's personal time...
09/05/2026,03:03:55: Training...
09/05/2026,03:03:56: Evaluating...
09/05/2026,03:03:57: 	Train Loss: 4279497.5000 (base: 624.9299, kd: 8557.7471), Elapsed: train 2.54 test 0.42
09/05/2026,03:03:57: 	Recall@10: 0.04774 Recall@20: 0.07216 NDCG@10: 0.02832 NDCG@20: 0.03500 
09/05/2026,03:03:57: 	Recall@10: 0.01859 Recall@20: 0.02841 NDCG@10: 0.01027 NDCG@20: 0.01302 
09/05/2026,03:03:57: Epoch [282/1000]
09/05/2026,03:03:57: Negative sampling...
09/05/2026,03:03:58: Model's personal time...
09/05/2026,03:03:58: Training...
09/05/2026,03:03:59: Evaluating...
09/05/2026,03:04:00: 	Train Loss: 4278947.0000 (base: 616.8069, kd: 8556.6602), Elapsed: train 2.80 test 0.38
09/05/2026,03:04:00: 	Recall@10: 0.04649 Recall@20: 0.07182 NDCG@10: 0.02800 NDCG@20: 0.03489 
09/05/2026,03:04:00: 	Recall@10: 0.01840 Recall@20: 0.02833 NDCG@10: 0.01025 NDCG@20: 0.01303 
09/05/2026,03:04:00: Epoch [283/1000]
09/05/2026,03:04:00: Negative sampling...
09/05/2026,03:04:01: Model's personal time...
09/05/2026,03:04:01: Training...
09/05/2026,03:04:03: Evaluating...
09/05/2026,03:04:03: 	Train Loss: 4280108.5000 (base: 612.1896, kd: 8558.9932), Elapsed: train 2.79 test 0.40
09/05/2026,03:04:03: 	Recall@10: 0.04785 Recall@20: 0.07189 NDCG@10: 0.02845 NDCG@20: 0.03500 
09/05/2026,03:04:03: 	Recall@10: 0.01869 Recall@20: 0.02803 NDCG@10: 0.01021 NDCG@20: 0.01283 
09/05/2026,03:04:03: Epoch [284/1000]
09/05/2026,03:04:03: Negative sampling...
09/05/2026,03:04:04: Model's personal time...
09/05/2026,03:04:04: Training...
09/05/2026,03:04:06: Evaluating...
09/05/2026,03:04:06: 	Train Loss: 4278348.5000 (base: 617.8676, kd: 8555.4619), Elapsed: train 2.54 test 0.38 *
09/05/2026,03:04:06: 	Recall@10: 0.04802 Recall@20: 0.07206 NDCG@10: 0.02863 NDCG@20: 0.03514 
09/05/2026,03:04:06: 	Recall@10: 0.01928 Recall@20: 0.02883 NDCG@10: 0.01047 NDCG@20: 0.01309 
09/05/2026,03:04:06: Epoch [285/1000]
09/05/2026,03:04:06: Negative sampling...
09/05/2026,03:04:07: Model's personal time...
09/05/2026,03:04:07: Training...
09/05/2026,03:04:09: Evaluating...
09/05/2026,03:04:09: 	Train Loss: 4277092.5000 (base: 621.9427, kd: 8552.9414), Elapsed: train 2.76 test 0.59
09/05/2026,03:04:09: 	Recall@10: 0.04771 Recall@20: 0.07239 NDCG@10: 0.02845 NDCG@20: 0.03513 
09/05/2026,03:04:09: 	Recall@10: 0.01885 Recall@20: 0.02847 NDCG@10: 0.01024 NDCG@20: 0.01290 
09/05/2026,03:04:09: Epoch [286/1000]
09/05/2026,03:04:09: Negative sampling...
09/05/2026,03:04:11: Model's personal time...
09/05/2026,03:04:11: Training...
09/05/2026,03:04:12: Evaluating...
09/05/2026,03:04:12: 	Train Loss: 4279127.0000 (base: 617.3136, kd: 8557.0195), Elapsed: train 2.76 test 0.36
09/05/2026,03:04:12: 	Recall@10: 0.04787 Recall@20: 0.07212 NDCG@10: 0.02855 NDCG@20: 0.03514 
09/05/2026,03:04:12: 	Recall@10: 0.01837 Recall@20: 0.02782 NDCG@10: 0.01025 NDCG@20: 0.01288 
09/05/2026,03:04:12: Epoch [287/1000]
09/05/2026,03:04:12: Negative sampling...
09/05/2026,03:04:14: Model's personal time...
09/05/2026,03:04:14: Training...
09/05/2026,03:04:15: Evaluating...
09/05/2026,03:04:16: 	Train Loss: 4277755.5000 (base: 613.2704, kd: 8554.2852), Elapsed: train 2.65 test 0.48
09/05/2026,03:04:16: 	Recall@10: 0.04796 Recall@20: 0.07224 NDCG@10: 0.02848 NDCG@20: 0.03509 
09/05/2026,03:04:16: 	Recall@10: 0.01837 Recall@20: 0.02819 NDCG@10: 0.01027 NDCG@20: 0.01299 
09/05/2026,03:04:16: Epoch [288/1000]
09/05/2026,03:04:16: Negative sampling...
09/05/2026,03:04:17: Model's personal time...
09/05/2026,03:04:17: Training...
09/05/2026,03:04:18: Evaluating...
09/05/2026,03:04:19: 	Train Loss: 4282338.0000 (base: 621.5078, kd: 8563.4336), Elapsed: train 2.83 test 0.50
09/05/2026,03:04:19: 	Recall@10: 0.04757 Recall@20: 0.07084 NDCG@10: 0.02820 NDCG@20: 0.03450 
09/05/2026,03:04:19: 	Recall@10: 0.01894 Recall@20: 0.02841 NDCG@10: 0.01015 NDCG@20: 0.01279 
09/05/2026,03:04:19: Epoch [289/1000]
09/05/2026,03:04:19: Negative sampling...
09/05/2026,03:04:20: Model's personal time...
09/05/2026,03:04:20: Training...
09/05/2026,03:04:21: Evaluating...
09/05/2026,03:04:22: 	Train Loss: 4277840.0000 (base: 618.6403, kd: 8554.4424), Elapsed: train 2.52 test 0.42 *
09/05/2026,03:04:22: 	Recall@10: 0.04834 Recall@20: 0.07284 NDCG@10: 0.02866 NDCG@20: 0.03527 
09/05/2026,03:04:22: 	Recall@10: 0.01851 Recall@20: 0.02823 NDCG@10: 0.01014 NDCG@20: 0.01284 
09/05/2026,03:04:22: Epoch [290/1000]
09/05/2026,03:04:22: Negative sampling...
09/05/2026,03:04:23: Model's personal time...
09/05/2026,03:04:23: Training...
09/05/2026,03:04:24: Evaluating...
09/05/2026,03:04:25: 	Train Loss: 4278680.0000 (base: 620.8066, kd: 8556.1182), Elapsed: train 2.58 test 0.56 *
09/05/2026,03:04:25: 	Recall@10: 0.04833 Recall@20: 0.07297 NDCG@10: 0.02873 NDCG@20: 0.03545 
09/05/2026,03:04:25: 	Recall@10: 0.01871 Recall@20: 0.02855 NDCG@10: 0.01020 NDCG@20: 0.01292 
09/05/2026,03:04:25: Epoch [291/1000]
09/05/2026,03:04:25: Negative sampling...
09/05/2026,03:04:27: Model's personal time...
09/05/2026,03:04:27: Training...
09/05/2026,03:04:28: Evaluating...
09/05/2026,03:04:29: 	Train Loss: 4281466.0000 (base: 620.1516, kd: 8561.6924), Elapsed: train 3.04 test 0.69
09/05/2026,03:04:29: 	Recall@10: 0.04764 Recall@20: 0.07196 NDCG@10: 0.02845 NDCG@20: 0.03510 
09/05/2026,03:04:29: 	Recall@10: 0.01840 Recall@20: 0.02852 NDCG@10: 0.01015 NDCG@20: 0.01297 
09/05/2026,03:04:29: Epoch [292/1000]
09/05/2026,03:04:29: Negative sampling...
09/05/2026,03:04:30: Model's personal time...
09/05/2026,03:04:30: Training...
09/05/2026,03:04:32: Evaluating...
09/05/2026,03:04:32: 	Train Loss: 4278071.0000 (base: 620.9805, kd: 8554.8994), Elapsed: train 2.96 test 0.35
09/05/2026,03:04:32: 	Recall@10: 0.04730 Recall@20: 0.07248 NDCG@10: 0.02822 NDCG@20: 0.03504 
09/05/2026,03:04:32: 	Recall@10: 0.01853 Recall@20: 0.02913 NDCG@10: 0.01009 NDCG@20: 0.01305 
09/05/2026,03:04:32: Epoch [293/1000]
09/05/2026,03:04:32: Negative sampling...
09/05/2026,03:04:34: Model's personal time...
09/05/2026,03:04:34: Training...
09/05/2026,03:04:35: Evaluating...
09/05/2026,03:04:35: 	Train Loss: 4277087.0000 (base: 626.5310, kd: 8552.9209), Elapsed: train 3.11 test 0.31
09/05/2026,03:04:35: 	Recall@10: 0.04763 Recall@20: 0.07268 NDCG@10: 0.02835 NDCG@20: 0.03516 
09/05/2026,03:04:35: 	Recall@10: 0.01815 Recall@20: 0.02896 NDCG@10: 0.01000 NDCG@20: 0.01301 
09/05/2026,03:04:35: Epoch [294/1000]
09/05/2026,03:04:35: Negative sampling...
09/05/2026,03:04:37: Model's personal time...
09/05/2026,03:04:37: Training...
09/05/2026,03:04:38: Evaluating...
09/05/2026,03:04:38: 	Train Loss: 4276869.0000 (base: 616.0258, kd: 8552.5068), Elapsed: train 2.61 test 0.42
09/05/2026,03:04:38: 	Recall@10: 0.04739 Recall@20: 0.07240 NDCG@10: 0.02835 NDCG@20: 0.03518 
09/05/2026,03:04:38: 	Recall@10: 0.01867 Recall@20: 0.02866 NDCG@10: 0.01027 NDCG@20: 0.01303 
09/05/2026,03:04:38: Epoch [295/1000]
09/05/2026,03:04:38: Negative sampling...
09/05/2026,03:04:40: Model's personal time...
09/05/2026,03:04:40: Training...
09/05/2026,03:04:41: Evaluating...
09/05/2026,03:04:41: 	Train Loss: 4275908.0000 (base: 612.6827, kd: 8550.5908), Elapsed: train 2.54 test 0.43
09/05/2026,03:04:41: 	Recall@10: 0.04780 Recall@20: 0.07218 NDCG@10: 0.02810 NDCG@20: 0.03473 
09/05/2026,03:04:41: 	Recall@10: 0.01892 Recall@20: 0.02866 NDCG@10: 0.01030 NDCG@20: 0.01301 
09/05/2026,03:04:41: Epoch [296/1000]
09/05/2026,03:04:41: Negative sampling...
09/05/2026,03:04:43: Model's personal time...
09/05/2026,03:04:43: Training...
09/05/2026,03:04:44: Evaluating...
09/05/2026,03:04:45: 	Train Loss: 4276261.5000 (base: 620.6215, kd: 8551.2822), Elapsed: train 2.74 test 0.37
09/05/2026,03:04:45: 	Recall@10: 0.04787 Recall@20: 0.07203 NDCG@10: 0.02839 NDCG@20: 0.03496 
09/05/2026,03:04:45: 	Recall@10: 0.01852 Recall@20: 0.02831 NDCG@10: 0.01023 NDCG@20: 0.01296 
09/05/2026,03:04:45: Epoch [297/1000]
09/05/2026,03:04:45: Negative sampling...
09/05/2026,03:04:46: Model's personal time...
09/05/2026,03:04:46: Training...
09/05/2026,03:04:47: Evaluating...
09/05/2026,03:04:48: 	Train Loss: 4275195.5000 (base: 626.0269, kd: 8549.1387), Elapsed: train 2.76 test 0.61
09/05/2026,03:04:48: 	Recall@10: 0.04819 Recall@20: 0.07230 NDCG@10: 0.02864 NDCG@20: 0.03523 
09/05/2026,03:04:48: 	Recall@10: 0.01916 Recall@20: 0.02894 NDCG@10: 0.01058 NDCG@20: 0.01330 
09/05/2026,03:04:48: Epoch [298/1000]
09/05/2026,03:04:48: Negative sampling...
09/05/2026,03:04:49: Model's personal time...
09/05/2026,03:04:49: Training...
09/05/2026,03:04:51: Evaluating...
09/05/2026,03:04:51: 	Train Loss: 4275623.5000 (base: 621.8058, kd: 8550.0029), Elapsed: train 2.72 test 0.37
09/05/2026,03:04:51: 	Recall@10: 0.04768 Recall@20: 0.07284 NDCG@10: 0.02826 NDCG@20: 0.03510 
09/05/2026,03:04:51: 	Recall@10: 0.01894 Recall@20: 0.02888 NDCG@10: 0.01037 NDCG@20: 0.01313 
09/05/2026,03:04:51: Epoch [299/1000]
09/05/2026,03:04:51: Negative sampling...
09/05/2026,03:04:53: Model's personal time...
09/05/2026,03:04:53: Training...
09/05/2026,03:04:54: Evaluating...
09/05/2026,03:04:54: 	Train Loss: 4275159.5000 (base: 620.0760, kd: 8549.0781), Elapsed: train 2.95 test 0.41 *
09/05/2026,03:04:54: 	Recall@10: 0.04815 Recall@20: 0.07276 NDCG@10: 0.02876 NDCG@20: 0.03549 
09/05/2026,03:04:54: 	Recall@10: 0.01842 Recall@20: 0.02852 NDCG@10: 0.01006 NDCG@20: 0.01289 
09/05/2026,03:04:54: Epoch [300/1000]
09/05/2026,03:04:54: Negative sampling...
09/05/2026,03:04:56: Model's personal time...
09/05/2026,03:04:56: Training...
09/05/2026,03:04:57: Evaluating...
09/05/2026,03:04:57: 	Train Loss: 4279301.5000 (base: 631.6542, kd: 8557.3408), Elapsed: train 2.67 test 0.40
09/05/2026,03:04:57: 	Recall@10: 0.04692 Recall@20: 0.07178 NDCG@10: 0.02792 NDCG@20: 0.03468 
09/05/2026,03:04:57: 	Recall@10: 0.01878 Recall@20: 0.02869 NDCG@10: 0.01030 NDCG@20: 0.01308 
09/05/2026,03:04:57: Epoch [301/1000]
09/05/2026,03:04:57: Negative sampling...
09/05/2026,03:04:59: Model's personal time...
09/05/2026,03:04:59: Training...
09/05/2026,03:05:00: Evaluating...
09/05/2026,03:05:00: 	Train Loss: 4275661.0000 (base: 622.4300, kd: 8550.0762), Elapsed: train 2.53 test 0.37
09/05/2026,03:05:00: 	Recall@10: 0.04660 Recall@20: 0.07220 NDCG@10: 0.02801 NDCG@20: 0.03501 
09/05/2026,03:05:00: 	Recall@10: 0.01900 Recall@20: 0.02842 NDCG@10: 0.01027 NDCG@20: 0.01290 
09/05/2026,03:05:00: Epoch [302/1000]
09/05/2026,03:05:00: Negative sampling...
09/05/2026,03:05:02: Model's personal time...
09/05/2026,03:05:02: Training...
09/05/2026,03:05:03: Evaluating...
09/05/2026,03:05:03: 	Train Loss: 4277524.0000 (base: 617.4365, kd: 8553.8125), Elapsed: train 2.64 test 0.45
09/05/2026,03:05:03: 	Recall@10: 0.04745 Recall@20: 0.07317 NDCG@10: 0.02815 NDCG@20: 0.03520 
09/05/2026,03:05:03: 	Recall@10: 0.01842 Recall@20: 0.02882 NDCG@10: 0.01010 NDCG@20: 0.01301 
09/05/2026,03:05:03: Epoch [303/1000]
09/05/2026,03:05:03: Negative sampling...
09/05/2026,03:05:05: Model's personal time...
09/05/2026,03:05:05: Training...
09/05/2026,03:05:06: Evaluating...
09/05/2026,03:05:07: 	Train Loss: 4280348.0000 (base: 623.2541, kd: 8559.4502), Elapsed: train 2.69 test 0.46
09/05/2026,03:05:07: 	Recall@10: 0.04706 Recall@20: 0.07188 NDCG@10: 0.02816 NDCG@20: 0.03495 
09/05/2026,03:05:07: 	Recall@10: 0.01878 Recall@20: 0.02930 NDCG@10: 0.01031 NDCG@20: 0.01321 
09/05/2026,03:05:07: Epoch [304/1000]
09/05/2026,03:05:07: Negative sampling...
09/05/2026,03:05:08: Model's personal time...
09/05/2026,03:05:08: Training...
09/05/2026,03:05:09: Evaluating...
09/05/2026,03:05:10: 	Train Loss: 4274778.0000 (base: 616.6401, kd: 8548.3223), Elapsed: train 2.62 test 0.49
09/05/2026,03:05:10: 	Recall@10: 0.04797 Recall@20: 0.07304 NDCG@10: 0.02849 NDCG@20: 0.03531 
09/05/2026,03:05:10: 	Recall@10: 0.01881 Recall@20: 0.02886 NDCG@10: 0.01027 NDCG@20: 0.01308 
09/05/2026,03:05:10: Epoch [305/1000]
09/05/2026,03:05:10: Negative sampling...
09/05/2026,03:05:11: Model's personal time...
09/05/2026,03:05:11: Training...
09/05/2026,03:05:12: Evaluating...
09/05/2026,03:05:13: 	Train Loss: 4275926.0000 (base: 617.0383, kd: 8550.6182), Elapsed: train 2.63 test 0.58
09/05/2026,03:05:13: 	Recall@10: 0.04732 Recall@20: 0.07288 NDCG@10: 0.02847 NDCG@20: 0.03541 
09/05/2026,03:05:13: 	Recall@10: 0.01884 Recall@20: 0.02922 NDCG@10: 0.01022 NDCG@20: 0.01311 
09/05/2026,03:05:13: Epoch [306/1000]
09/05/2026,03:05:13: Negative sampling...
09/05/2026,03:05:14: Model's personal time...
09/05/2026,03:05:14: Training...
09/05/2026,03:05:16: Evaluating...
09/05/2026,03:05:16: 	Train Loss: 4274593.0000 (base: 624.7719, kd: 8547.9375), Elapsed: train 2.64 test 0.56 *
09/05/2026,03:05:16: 	Recall@10: 0.04769 Recall@20: 0.07228 NDCG@10: 0.02887 NDCG@20: 0.03553 
09/05/2026,03:05:16: 	Recall@10: 0.01868 Recall@20: 0.02825 NDCG@10: 0.01017 NDCG@20: 0.01283 
09/05/2026,03:05:16: Epoch [307/1000]
09/05/2026,03:05:16: Negative sampling...
09/05/2026,03:05:18: Model's personal time...
09/05/2026,03:05:18: Training...
09/05/2026,03:05:19: Evaluating...
09/05/2026,03:05:19: 	Train Loss: 4276431.0000 (base: 613.7809, kd: 8551.6338), Elapsed: train 2.75 test 0.34
09/05/2026,03:05:19: 	Recall@10: 0.04807 Recall@20: 0.07291 NDCG@10: 0.02861 NDCG@20: 0.03534 
09/05/2026,03:05:19: 	Recall@10: 0.01878 Recall@20: 0.02889 NDCG@10: 0.01038 NDCG@20: 0.01321 
09/05/2026,03:05:19: Epoch [308/1000]
09/05/2026,03:05:19: Negative sampling...
09/05/2026,03:05:21: Model's personal time...
09/05/2026,03:05:21: Training...
09/05/2026,03:05:22: Evaluating...
09/05/2026,03:05:22: 	Train Loss: 4274474.5000 (base: 620.5333, kd: 8547.7080), Elapsed: train 2.66 test 0.36
09/05/2026,03:05:22: 	Recall@10: 0.04915 Recall@20: 0.07318 NDCG@10: 0.02896 NDCG@20: 0.03550 
09/05/2026,03:05:22: 	Recall@10: 0.01871 Recall@20: 0.02889 NDCG@10: 0.01037 NDCG@20: 0.01320 
09/05/2026,03:05:22: Epoch [309/1000]
09/05/2026,03:05:22: Negative sampling...
09/05/2026,03:05:24: Model's personal time...
09/05/2026,03:05:24: Training...
09/05/2026,03:05:25: Evaluating...
09/05/2026,03:05:25: 	Train Loss: 4274897.0000 (base: 618.9276, kd: 8548.5557), Elapsed: train 2.58 test 0.33
09/05/2026,03:05:25: 	Recall@10: 0.04801 Recall@20: 0.07260 NDCG@10: 0.02867 NDCG@20: 0.03539 
09/05/2026,03:05:25: 	Recall@10: 0.01842 Recall@20: 0.02878 NDCG@10: 0.01005 NDCG@20: 0.01295 
09/05/2026,03:05:25: Epoch [310/1000]
09/05/2026,03:05:25: Negative sampling...
09/05/2026,03:05:27: Model's personal time...
09/05/2026,03:05:27: Training...
09/05/2026,03:05:28: Evaluating...
09/05/2026,03:05:29: 	Train Loss: 4274772.0000 (base: 622.0172, kd: 8548.2998), Elapsed: train 2.96 test 0.50
09/05/2026,03:05:29: 	Recall@10: 0.04860 Recall@20: 0.07245 NDCG@10: 0.02863 NDCG@20: 0.03515 
09/05/2026,03:05:29: 	Recall@10: 0.01913 Recall@20: 0.02934 NDCG@10: 0.01055 NDCG@20: 0.01338 
09/05/2026,03:05:29: Epoch [311/1000]
09/05/2026,03:05:29: Negative sampling...
09/05/2026,03:05:30: Model's personal time...
09/05/2026,03:05:30: Training...
09/05/2026,03:05:31: Evaluating...
09/05/2026,03:05:32: 	Train Loss: 4273564.5000 (base: 623.7114, kd: 8545.8828), Elapsed: train 2.72 test 0.43
09/05/2026,03:05:32: 	Recall@10: 0.04845 Recall@20: 0.07319 NDCG@10: 0.02865 NDCG@20: 0.03537 
09/05/2026,03:05:32: 	Recall@10: 0.01900 Recall@20: 0.02913 NDCG@10: 0.01027 NDCG@20: 0.01307 
09/05/2026,03:05:32: Epoch [312/1000]
09/05/2026,03:05:32: Negative sampling...
09/05/2026,03:05:33: Model's personal time...
09/05/2026,03:05:33: Training...
09/05/2026,03:05:34: Evaluating...
09/05/2026,03:05:35: 	Train Loss: 4276954.5000 (base: 622.4611, kd: 8552.6641), Elapsed: train 2.58 test 0.29
09/05/2026,03:05:35: 	Recall@10: 0.04837 Recall@20: 0.07382 NDCG@10: 0.02856 NDCG@20: 0.03547 
09/05/2026,03:05:35: 	Recall@10: 0.01935 Recall@20: 0.02878 NDCG@10: 0.01049 NDCG@20: 0.01311 
09/05/2026,03:05:35: Epoch [313/1000]
09/05/2026,03:05:35: Negative sampling...
09/05/2026,03:05:36: Model's personal time...
09/05/2026,03:05:36: Training...
09/05/2026,03:05:37: Evaluating...
09/05/2026,03:05:38: 	Train Loss: 4274478.5000 (base: 622.4617, kd: 8547.7119), Elapsed: train 2.80 test 0.46
09/05/2026,03:05:38: 	Recall@10: 0.04779 Recall@20: 0.07225 NDCG@10: 0.02856 NDCG@20: 0.03523 
09/05/2026,03:05:38: 	Recall@10: 0.01953 Recall@20: 0.02932 NDCG@10: 0.01045 NDCG@20: 0.01318 
09/05/2026,03:05:38: Epoch [314/1000]
09/05/2026,03:05:38: Negative sampling...
09/05/2026,03:05:39: Model's personal time...
09/05/2026,03:05:39: Training...
09/05/2026,03:05:41: Evaluating...
09/05/2026,03:05:41: 	Train Loss: 4274614.0000 (base: 618.2867, kd: 8547.9912), Elapsed: train 2.67 test 0.29 *
09/05/2026,03:05:41: 	Recall@10: 0.04833 Recall@20: 0.07371 NDCG@10: 0.02869 NDCG@20: 0.03559 
09/05/2026,03:05:41: 	Recall@10: 0.01932 Recall@20: 0.02889 NDCG@10: 0.01040 NDCG@20: 0.01305 
09/05/2026,03:05:41: Epoch [315/1000]
09/05/2026,03:05:41: Negative sampling...
09/05/2026,03:05:42: Model's personal time...
09/05/2026,03:05:42: Training...
09/05/2026,03:05:43: Evaluating...
09/05/2026,03:05:44: 	Train Loss: 4278584.5000 (base: 615.6411, kd: 8555.9375), Elapsed: train 2.61 test 0.37
09/05/2026,03:05:44: 	Recall@10: 0.04856 Recall@20: 0.07305 NDCG@10: 0.02876 NDCG@20: 0.03547 
09/05/2026,03:05:44: 	Recall@10: 0.01910 Recall@20: 0.02914 NDCG@10: 0.01030 NDCG@20: 0.01312 
09/05/2026,03:05:44: Epoch [316/1000]
09/05/2026,03:05:44: Negative sampling...
09/05/2026,03:05:45: Model's personal time...
09/05/2026,03:05:45: Training...
09/05/2026,03:05:46: Evaluating...
09/05/2026,03:05:47: 	Train Loss: 4275643.5000 (base: 618.6419, kd: 8550.0498), Elapsed: train 2.58 test 0.63
09/05/2026,03:05:47: 	Recall@10: 0.04859 Recall@20: 0.07338 NDCG@10: 0.02850 NDCG@20: 0.03520 
09/05/2026,03:05:47: 	Recall@10: 0.01977 Recall@20: 0.02912 NDCG@10: 0.01068 NDCG@20: 0.01330 
09/05/2026,03:05:47: Epoch [317/1000]
09/05/2026,03:05:47: Negative sampling...
09/05/2026,03:05:48: Model's personal time...
09/05/2026,03:05:48: Training...
09/05/2026,03:05:50: Evaluating...
09/05/2026,03:05:51: 	Train Loss: 4272218.0000 (base: 614.3221, kd: 8543.2061), Elapsed: train 2.71 test 0.92
09/05/2026,03:05:51: 	Recall@10: 0.04777 Recall@20: 0.07327 NDCG@10: 0.02849 NDCG@20: 0.03545 
09/05/2026,03:05:51: 	Recall@10: 0.01887 Recall@20: 0.02900 NDCG@10: 0.01025 NDCG@20: 0.01305 
09/05/2026,03:05:51: Epoch [318/1000]
09/05/2026,03:05:51: Negative sampling...
09/05/2026,03:05:52: Model's personal time...
09/05/2026,03:05:52: Training...
09/05/2026,03:05:53: Evaluating...
09/05/2026,03:05:54: 	Train Loss: 4273044.0000 (base: 613.9602, kd: 8544.8604), Elapsed: train 2.80 test 0.50
09/05/2026,03:05:54: 	Recall@10: 0.04773 Recall@20: 0.07312 NDCG@10: 0.02862 NDCG@20: 0.03553 
09/05/2026,03:05:54: 	Recall@10: 0.01881 Recall@20: 0.02877 NDCG@10: 0.01031 NDCG@20: 0.01311 
09/05/2026,03:05:54: Epoch [319/1000]
09/05/2026,03:05:54: Negative sampling...
09/05/2026,03:05:55: Model's personal time...
09/05/2026,03:05:55: Training...
09/05/2026,03:05:57: Evaluating...
09/05/2026,03:05:57: 	Train Loss: 4273765.5000 (base: 617.7897, kd: 8546.2949), Elapsed: train 2.83 test 0.47
09/05/2026,03:05:57: 	Recall@10: 0.04786 Recall@20: 0.07310 NDCG@10: 0.02825 NDCG@20: 0.03515 
09/05/2026,03:05:57: 	Recall@10: 0.01874 Recall@20: 0.02903 NDCG@10: 0.01018 NDCG@20: 0.01304 
09/05/2026,03:05:57: Epoch [320/1000]
09/05/2026,03:05:57: Negative sampling...
09/05/2026,03:05:59: Model's personal time...
09/05/2026,03:05:59: Training...
09/05/2026,03:06:00: Evaluating...
09/05/2026,03:06:01: 	Train Loss: 4274914.5000 (base: 619.0303, kd: 8548.5918), Elapsed: train 2.90 test 0.53
09/05/2026,03:06:01: 	Recall@10: 0.04855 Recall@20: 0.07376 NDCG@10: 0.02855 NDCG@20: 0.03543 
09/05/2026,03:06:01: 	Recall@10: 0.01881 Recall@20: 0.02882 NDCG@10: 0.01028 NDCG@20: 0.01308 
09/05/2026,03:06:01: Epoch [321/1000]
09/05/2026,03:06:01: Negative sampling...
09/05/2026,03:06:02: Model's personal time...
09/05/2026,03:06:02: Training...
09/05/2026,03:06:03: Evaluating...
09/05/2026,03:06:04: 	Train Loss: 4272871.0000 (base: 622.4231, kd: 8544.4971), Elapsed: train 2.82 test 0.49
09/05/2026,03:06:04: 	Recall@10: 0.04926 Recall@20: 0.07317 NDCG@10: 0.02880 NDCG@20: 0.03537 
09/05/2026,03:06:04: 	Recall@10: 0.01842 Recall@20: 0.02863 NDCG@10: 0.01015 NDCG@20: 0.01301 
09/05/2026,03:06:04: Epoch [322/1000]
09/05/2026,03:06:04: Negative sampling...
09/05/2026,03:06:05: Model's personal time...
09/05/2026,03:06:05: Training...
09/05/2026,03:06:07: Evaluating...
09/05/2026,03:06:07: 	Train Loss: 4274130.0000 (base: 619.6827, kd: 8547.0205), Elapsed: train 2.67 test 0.35
09/05/2026,03:06:07: 	Recall@10: 0.04757 Recall@20: 0.07344 NDCG@10: 0.02845 NDCG@20: 0.03548 
09/05/2026,03:06:07: 	Recall@10: 0.01901 Recall@20: 0.02892 NDCG@10: 0.01037 NDCG@20: 0.01314 
09/05/2026,03:06:07: Epoch [323/1000]
09/05/2026,03:06:07: Negative sampling...
09/05/2026,03:06:08: Model's personal time...
09/05/2026,03:06:08: Training...
09/05/2026,03:06:10: Evaluating...
09/05/2026,03:06:10: 	Train Loss: 4275072.0000 (base: 624.9348, kd: 8548.8936), Elapsed: train 2.93 test 0.47
09/05/2026,03:06:10: 	Recall@10: 0.04744 Recall@20: 0.07297 NDCG@10: 0.02821 NDCG@20: 0.03518 
09/05/2026,03:06:10: 	Recall@10: 0.01900 Recall@20: 0.02921 NDCG@10: 0.01039 NDCG@20: 0.01322 
09/05/2026,03:06:10: Epoch [324/1000]
09/05/2026,03:06:10: Negative sampling...
09/05/2026,03:06:12: Model's personal time...
09/05/2026,03:06:12: Training...
09/05/2026,03:06:13: Evaluating...
09/05/2026,03:06:14: 	Train Loss: 4275466.5000 (base: 616.0100, kd: 8549.7021), Elapsed: train 2.74 test 0.47 *
09/05/2026,03:06:14: 	Recall@10: 0.04819 Recall@20: 0.07347 NDCG@10: 0.02872 NDCG@20: 0.03565 
09/05/2026,03:06:14: 	Recall@10: 0.01916 Recall@20: 0.02848 NDCG@10: 0.01047 NDCG@20: 0.01307 
09/05/2026,03:06:14: Epoch [325/1000]
09/05/2026,03:06:14: Negative sampling...
09/05/2026,03:06:15: Model's personal time...
09/05/2026,03:06:15: Training...
09/05/2026,03:06:16: Evaluating...
09/05/2026,03:06:17: 	Train Loss: 4273222.5000 (base: 631.0497, kd: 8545.1836), Elapsed: train 2.68 test 0.47
09/05/2026,03:06:17: 	Recall@10: 0.04844 Recall@20: 0.07370 NDCG@10: 0.02865 NDCG@20: 0.03551 
09/05/2026,03:06:17: 	Recall@10: 0.01897 Recall@20: 0.02972 NDCG@10: 0.01038 NDCG@20: 0.01331 
09/05/2026,03:06:17: Epoch [326/1000]
09/05/2026,03:06:17: Negative sampling...
09/05/2026,03:06:18: Model's personal time...
09/05/2026,03:06:18: Training...
09/05/2026,03:06:20: Evaluating...
09/05/2026,03:06:20: 	Train Loss: 4277327.0000 (base: 615.3663, kd: 8553.4229), Elapsed: train 2.82 test 0.39
09/05/2026,03:06:20: 	Recall@10: 0.04869 Recall@20: 0.07365 NDCG@10: 0.02873 NDCG@20: 0.03555 
09/05/2026,03:06:20: 	Recall@10: 0.01945 Recall@20: 0.02934 NDCG@10: 0.01058 NDCG@20: 0.01333 
09/05/2026,03:06:20: Epoch [327/1000]
09/05/2026,03:06:20: Negative sampling...
09/05/2026,03:06:21: Model's personal time...
09/05/2026,03:06:21: Training...
09/05/2026,03:06:23: Evaluating...
09/05/2026,03:06:23: 	Train Loss: 4271401.0000 (base: 612.0565, kd: 8541.5781), Elapsed: train 2.75 test 0.45
09/05/2026,03:06:23: 	Recall@10: 0.04848 Recall@20: 0.07313 NDCG@10: 0.02857 NDCG@20: 0.03529 
09/05/2026,03:06:23: 	Recall@10: 0.01925 Recall@20: 0.02923 NDCG@10: 0.01043 NDCG@20: 0.01321 
09/05/2026,03:06:23: Epoch [328/1000]
09/05/2026,03:06:23: Negative sampling...
09/05/2026,03:06:25: Model's personal time...
09/05/2026,03:06:25: Training...
09/05/2026,03:06:26: Evaluating...
09/05/2026,03:06:26: 	Train Loss: 4273515.5000 (base: 626.4908, kd: 8545.7773), Elapsed: train 2.66 test 0.44
09/05/2026,03:06:26: 	Recall@10: 0.04902 Recall@20: 0.07390 NDCG@10: 0.02879 NDCG@20: 0.03562 
09/05/2026,03:06:26: 	Recall@10: 0.01881 Recall@20: 0.02899 NDCG@10: 0.01036 NDCG@20: 0.01320 
09/05/2026,03:06:26: Epoch [329/1000]
09/05/2026,03:06:26: Negative sampling...
09/05/2026,03:06:28: Model's personal time...
09/05/2026,03:06:28: Training...
09/05/2026,03:06:29: Evaluating...
09/05/2026,03:06:29: 	Train Loss: 4271375.5000 (base: 614.9728, kd: 8541.5205), Elapsed: train 2.63 test 0.48 *
09/05/2026,03:06:29: 	Recall@10: 0.04920 Recall@20: 0.07365 NDCG@10: 0.02914 NDCG@20: 0.03579 
09/05/2026,03:06:29: 	Recall@10: 0.01884 Recall@20: 0.02882 NDCG@10: 0.01032 NDCG@20: 0.01310 
09/05/2026,03:06:29: Epoch [330/1000]
09/05/2026,03:06:29: Negative sampling...
09/05/2026,03:06:31: Model's personal time...
09/05/2026,03:06:31: Training...
09/05/2026,03:06:32: Evaluating...
09/05/2026,03:06:33: 	Train Loss: 4271299.0000 (base: 612.0963, kd: 8541.3740), Elapsed: train 2.78 test 0.47
09/05/2026,03:06:33: 	Recall@10: 0.04778 Recall@20: 0.07328 NDCG@10: 0.02855 NDCG@20: 0.03559 
09/05/2026,03:06:33: 	Recall@10: 0.01906 Recall@20: 0.02910 NDCG@10: 0.01055 NDCG@20: 0.01332 
09/05/2026,03:06:33: Epoch [331/1000]
09/05/2026,03:06:33: Negative sampling...
09/05/2026,03:06:34: Model's personal time...
09/05/2026,03:06:34: Training...
09/05/2026,03:06:36: Evaluating...
09/05/2026,03:06:36: 	Train Loss: 4271597.0000 (base: 621.6489, kd: 8541.9512), Elapsed: train 2.91 test 0.45
09/05/2026,03:06:36: 	Recall@10: 0.04812 Recall@20: 0.07411 NDCG@10: 0.02850 NDCG@20: 0.03556 
09/05/2026,03:06:36: 	Recall@10: 0.01890 Recall@20: 0.02882 NDCG@10: 0.01040 NDCG@20: 0.01316 
09/05/2026,03:06:36: Epoch [332/1000]
09/05/2026,03:06:36: Negative sampling...
09/05/2026,03:06:37: Model's personal time...
09/05/2026,03:06:37: Training...
09/05/2026,03:06:39: Evaluating...
09/05/2026,03:06:39: 	Train Loss: 4270498.5000 (base: 616.1973, kd: 8539.7646), Elapsed: train 2.64 test 0.42
09/05/2026,03:06:39: 	Recall@10: 0.04795 Recall@20: 0.07396 NDCG@10: 0.02855 NDCG@20: 0.03562 
09/05/2026,03:06:39: 	Recall@10: 0.01865 Recall@20: 0.02945 NDCG@10: 0.01031 NDCG@20: 0.01329 
09/05/2026,03:06:39: Epoch [333/1000]
09/05/2026,03:06:39: Negative sampling...
09/05/2026,03:06:41: Model's personal time...
09/05/2026,03:06:41: Training...
09/05/2026,03:06:42: Evaluating...
09/05/2026,03:06:42: 	Train Loss: 4271409.5000 (base: 620.5278, kd: 8541.5771), Elapsed: train 2.74 test 0.44
09/05/2026,03:06:42: 	Recall@10: 0.04817 Recall@20: 0.07347 NDCG@10: 0.02857 NDCG@20: 0.03545 
09/05/2026,03:06:42: 	Recall@10: 0.01932 Recall@20: 0.02896 NDCG@10: 0.01051 NDCG@20: 0.01319 
09/05/2026,03:06:42: Epoch [334/1000]
09/05/2026,03:06:42: Negative sampling...
09/05/2026,03:06:44: Model's personal time...
09/05/2026,03:06:44: Training...
09/05/2026,03:06:45: Evaluating...
09/05/2026,03:06:45: 	Train Loss: 4271218.0000 (base: 625.0815, kd: 8541.1875), Elapsed: train 2.77 test 0.42
09/05/2026,03:06:45: 	Recall@10: 0.04778 Recall@20: 0.07320 NDCG@10: 0.02850 NDCG@20: 0.03544 
09/05/2026,03:06:45: 	Recall@10: 0.01952 Recall@20: 0.02979 NDCG@10: 0.01076 NDCG@20: 0.01360 
09/05/2026,03:06:45: Epoch [335/1000]
09/05/2026,03:06:45: Negative sampling...
09/05/2026,03:06:47: Model's personal time...
09/05/2026,03:06:47: Training...
09/05/2026,03:06:48: Evaluating...
09/05/2026,03:06:49: 	Train Loss: 4269126.0000 (base: 622.9027, kd: 8537.0059), Elapsed: train 2.92 test 0.44
09/05/2026,03:06:49: 	Recall@10: 0.04777 Recall@20: 0.07249 NDCG@10: 0.02847 NDCG@20: 0.03526 
09/05/2026,03:06:49: 	Recall@10: 0.01871 Recall@20: 0.02829 NDCG@10: 0.01026 NDCG@20: 0.01294 
09/05/2026,03:06:49: Epoch [336/1000]
09/05/2026,03:06:49: Negative sampling...
09/05/2026,03:06:50: Model's personal time...
09/05/2026,03:06:50: Training...
09/05/2026,03:06:52: Evaluating...
09/05/2026,03:06:52: 	Train Loss: 4271758.5000 (base: 620.6432, kd: 8542.2764), Elapsed: train 2.72 test 0.39
09/05/2026,03:06:52: 	Recall@10: 0.04794 Recall@20: 0.07318 NDCG@10: 0.02850 NDCG@20: 0.03536 
09/05/2026,03:06:52: 	Recall@10: 0.01897 Recall@20: 0.02901 NDCG@10: 0.01045 NDCG@20: 0.01325 
09/05/2026,03:06:52: Epoch [337/1000]
09/05/2026,03:06:52: Negative sampling...
09/05/2026,03:06:53: Model's personal time...
09/05/2026,03:06:53: Training...
09/05/2026,03:06:54: Evaluating...
09/05/2026,03:06:55: 	Train Loss: 4273955.5000 (base: 624.9579, kd: 8546.6621), Elapsed: train 2.52 test 0.32
09/05/2026,03:06:55: 	Recall@10: 0.04742 Recall@20: 0.07343 NDCG@10: 0.02840 NDCG@20: 0.03553 
09/05/2026,03:06:55: 	Recall@10: 0.01894 Recall@20: 0.02899 NDCG@10: 0.01044 NDCG@20: 0.01322 
09/05/2026,03:06:55: Epoch [338/1000]
09/05/2026,03:06:55: Negative sampling...
09/05/2026,03:06:56: Model's personal time...
09/05/2026,03:06:56: Training...
09/05/2026,03:06:57: Evaluating...
09/05/2026,03:06:58: 	Train Loss: 4272440.5000 (base: 623.4460, kd: 8543.6348), Elapsed: train 2.66 test 0.29
09/05/2026,03:06:58: 	Recall@10: 0.04852 Recall@20: 0.07257 NDCG@10: 0.02868 NDCG@20: 0.03528 
09/05/2026,03:06:58: 	Recall@10: 0.01925 Recall@20: 0.02942 NDCG@10: 0.01048 NDCG@20: 0.01330 
09/05/2026,03:06:58: Epoch [339/1000]
09/05/2026,03:06:58: Negative sampling...
09/05/2026,03:06:59: Model's personal time...
09/05/2026,03:06:59: Training...
09/05/2026,03:07:00: Evaluating...
09/05/2026,03:07:01: 	Train Loss: 4270654.5000 (base: 614.3418, kd: 8540.0801), Elapsed: train 2.57 test 0.58
09/05/2026,03:07:01: 	Recall@10: 0.04733 Recall@20: 0.07278 NDCG@10: 0.02846 NDCG@20: 0.03545 
09/05/2026,03:07:01: 	Recall@10: 0.02008 Recall@20: 0.02966 NDCG@10: 0.01094 NDCG@20: 0.01358 
09/05/2026,03:07:01: Epoch [340/1000]
09/05/2026,03:07:01: Negative sampling...
09/05/2026,03:07:02: Model's personal time...
09/05/2026,03:07:02: Training...
09/05/2026,03:07:03: Evaluating...
09/05/2026,03:07:04: 	Train Loss: 4272337.5000 (base: 609.9072, kd: 8543.4541), Elapsed: train 2.64 test 0.34
09/05/2026,03:07:04: 	Recall@10: 0.04748 Recall@20: 0.07246 NDCG@10: 0.02834 NDCG@20: 0.03517 
09/05/2026,03:07:04: 	Recall@10: 0.01884 Recall@20: 0.02894 NDCG@10: 0.01046 NDCG@20: 0.01328 
09/05/2026,03:07:04: Epoch [341/1000]
09/05/2026,03:07:04: Negative sampling...
09/05/2026,03:07:05: Model's personal time...
09/05/2026,03:07:05: Training...
09/05/2026,03:07:06: Evaluating...
09/05/2026,03:07:07: 	Train Loss: 4271237.5000 (base: 616.0560, kd: 8541.2432), Elapsed: train 2.57 test 0.30
09/05/2026,03:07:07: 	Recall@10: 0.04855 Recall@20: 0.07369 NDCG@10: 0.02858 NDCG@20: 0.03544 
09/05/2026,03:07:07: 	Recall@10: 0.01868 Recall@20: 0.02866 NDCG@10: 0.01018 NDCG@20: 0.01298 
09/05/2026,03:07:07: Epoch [342/1000]
09/05/2026,03:07:07: Negative sampling...
09/05/2026,03:07:08: Model's personal time...
09/05/2026,03:07:08: Training...
09/05/2026,03:07:09: Evaluating...
09/05/2026,03:07:10: 	Train Loss: 4270946.5000 (base: 612.0100, kd: 8540.6699), Elapsed: train 2.62 test 0.41
09/05/2026,03:07:10: 	Recall@10: 0.04974 Recall@20: 0.07333 NDCG@10: 0.02922 NDCG@20: 0.03562 
09/05/2026,03:07:10: 	Recall@10: 0.01909 Recall@20: 0.02917 NDCG@10: 0.01065 NDCG@20: 0.01345 
09/05/2026,03:07:10: Epoch [343/1000]
09/05/2026,03:07:10: Negative sampling...
09/05/2026,03:07:11: Model's personal time...
09/05/2026,03:07:11: Training...
09/05/2026,03:07:13: Evaluating...
09/05/2026,03:07:13: 	Train Loss: 4269823.5000 (base: 616.0639, kd: 8538.4141), Elapsed: train 2.79 test 0.42
09/05/2026,03:07:13: 	Recall@10: 0.04796 Recall@20: 0.07412 NDCG@10: 0.02871 NDCG@20: 0.03579 
09/05/2026,03:07:13: 	Recall@10: 0.01890 Recall@20: 0.02912 NDCG@10: 0.01046 NDCG@20: 0.01328 
09/05/2026,03:07:13: Epoch [344/1000]
09/05/2026,03:07:13: Negative sampling...
09/05/2026,03:07:14: Model's personal time...
09/05/2026,03:07:14: Training...
09/05/2026,03:07:16: Evaluating...
09/05/2026,03:07:16: 	Train Loss: 4272215.5000 (base: 610.0532, kd: 8543.2109), Elapsed: train 2.64 test 0.51
09/05/2026,03:07:16: 	Recall@10: 0.04800 Recall@20: 0.07367 NDCG@10: 0.02841 NDCG@20: 0.03544 
09/05/2026,03:07:16: 	Recall@10: 0.01892 Recall@20: 0.02857 NDCG@10: 0.01044 NDCG@20: 0.01314 
09/05/2026,03:07:16: Epoch [345/1000]
09/05/2026,03:07:16: Negative sampling...
09/05/2026,03:07:18: Model's personal time...
09/05/2026,03:07:18: Training...
09/05/2026,03:07:19: Evaluating...
09/05/2026,03:07:19: 	Train Loss: 4271369.5000 (base: 617.2786, kd: 8541.5039), Elapsed: train 2.54 test 0.44
09/05/2026,03:07:19: 	Recall@10: 0.04808 Recall@20: 0.07257 NDCG@10: 0.02869 NDCG@20: 0.03534 
09/05/2026,03:07:19: 	Recall@10: 0.01871 Recall@20: 0.02923 NDCG@10: 0.01036 NDCG@20: 0.01328 
09/05/2026,03:07:19: Epoch [346/1000]
09/05/2026,03:07:19: Negative sampling...
09/05/2026,03:07:20: Model's personal time...
09/05/2026,03:07:20: Training...
09/05/2026,03:07:22: Evaluating...
09/05/2026,03:07:22: 	Train Loss: 4270581.0000 (base: 623.3172, kd: 8539.9150), Elapsed: train 2.44 test 0.42 *
09/05/2026,03:07:22: 	Recall@10: 0.04896 Recall@20: 0.07405 NDCG@10: 0.02923 NDCG@20: 0.03603 
09/05/2026,03:07:22: 	Recall@10: 0.01897 Recall@20: 0.02894 NDCG@10: 0.01048 NDCG@20: 0.01325 
09/05/2026,03:07:22: Epoch [347/1000]
09/05/2026,03:07:22: Negative sampling...
09/05/2026,03:07:23: Model's personal time...
09/05/2026,03:07:23: Training...
09/05/2026,03:07:24: Evaluating...
09/05/2026,03:07:25: 	Train Loss: 4271633.5000 (base: 610.8434, kd: 8542.0459), Elapsed: train 2.49 test 0.29
09/05/2026,03:07:25: 	Recall@10: 0.04838 Recall@20: 0.07312 NDCG@10: 0.02893 NDCG@20: 0.03571 
09/05/2026,03:07:25: 	Recall@10: 0.01922 Recall@20: 0.02921 NDCG@10: 0.01048 NDCG@20: 0.01326 
09/05/2026,03:07:25: Epoch [348/1000]
09/05/2026,03:07:25: Negative sampling...
09/05/2026,03:07:26: Model's personal time...
09/05/2026,03:07:26: Training...
09/05/2026,03:07:27: Evaluating...
09/05/2026,03:07:28: 	Train Loss: 4272830.5000 (base: 615.6121, kd: 8544.4307), Elapsed: train 2.67 test 0.32
09/05/2026,03:07:28: 	Recall@10: 0.04872 Recall@20: 0.07337 NDCG@10: 0.02892 NDCG@20: 0.03559 
09/05/2026,03:07:28: 	Recall@10: 0.01922 Recall@20: 0.02928 NDCG@10: 0.01053 NDCG@20: 0.01335 
09/05/2026,03:07:28: Epoch [349/1000]
09/05/2026,03:07:28: Negative sampling...
09/05/2026,03:07:29: Model's personal time...
09/05/2026,03:07:29: Training...
09/05/2026,03:07:30: Evaluating...
09/05/2026,03:07:31: 	Train Loss: 4270157.5000 (base: 620.3577, kd: 8539.0742), Elapsed: train 2.79 test 0.30
09/05/2026,03:07:31: 	Recall@10: 0.04706 Recall@20: 0.07337 NDCG@10: 0.02812 NDCG@20: 0.03529 
09/05/2026,03:07:31: 	Recall@10: 0.01868 Recall@20: 0.02939 NDCG@10: 0.01031 NDCG@20: 0.01331 
09/05/2026,03:07:31: Epoch [350/1000]
09/05/2026,03:07:31: Negative sampling...
09/05/2026,03:07:32: Model's personal time...
09/05/2026,03:07:32: Training...
09/05/2026,03:07:33: Evaluating...
09/05/2026,03:07:34: 	Train Loss: 4269901.0000 (base: 614.1116, kd: 8538.5742), Elapsed: train 2.65 test 0.44
09/05/2026,03:07:34: 	Recall@10: 0.04861 Recall@20: 0.07314 NDCG@10: 0.02887 NDCG@20: 0.03553 
09/05/2026,03:07:34: 	Recall@10: 0.01925 Recall@20: 0.02996 NDCG@10: 0.01063 NDCG@20: 0.01363 
09/05/2026,03:07:34: Epoch [351/1000]
09/05/2026,03:07:34: Negative sampling...
09/05/2026,03:07:35: Model's personal time...
09/05/2026,03:07:35: Training...
09/05/2026,03:07:37: Evaluating...
09/05/2026,03:07:37: 	Train Loss: 4273345.0000 (base: 609.5130, kd: 8545.4707), Elapsed: train 2.70 test 0.35
09/05/2026,03:07:37: 	Recall@10: 0.04856 Recall@20: 0.07309 NDCG@10: 0.02889 NDCG@20: 0.03558 
09/05/2026,03:07:37: 	Recall@10: 0.01973 Recall@20: 0.02949 NDCG@10: 0.01071 NDCG@20: 0.01341 
09/05/2026,03:07:37: Epoch [352/1000]
09/05/2026,03:07:37: Negative sampling...
09/05/2026,03:07:39: Model's personal time...
09/05/2026,03:07:39: Training...
09/05/2026,03:07:40: Evaluating...
09/05/2026,03:07:40: 	Train Loss: 4271288.5000 (base: 609.5992, kd: 8541.3584), Elapsed: train 2.88 test 0.41
09/05/2026,03:07:40: 	Recall@10: 0.04768 Recall@20: 0.07315 NDCG@10: 0.02862 NDCG@20: 0.03554 
09/05/2026,03:07:40: 	Recall@10: 0.01967 Recall@20: 0.02965 NDCG@10: 0.01076 NDCG@20: 0.01354 
09/05/2026,03:07:40: Epoch [353/1000]
09/05/2026,03:07:40: Negative sampling...
09/05/2026,03:07:42: Model's personal time...
09/05/2026,03:07:42: Training...
09/05/2026,03:07:43: Evaluating...
09/05/2026,03:07:43: 	Train Loss: 4270186.0000 (base: 615.3492, kd: 8539.1416), Elapsed: train 2.43 test 0.47
09/05/2026,03:07:43: 	Recall@10: 0.04797 Recall@20: 0.07242 NDCG@10: 0.02863 NDCG@20: 0.03536 
09/05/2026,03:07:43: 	Recall@10: 0.01906 Recall@20: 0.02952 NDCG@10: 0.01043 NDCG@20: 0.01335 
09/05/2026,03:07:43: Epoch [354/1000]
09/05/2026,03:07:43: Negative sampling...
09/05/2026,03:07:45: Model's personal time...
09/05/2026,03:07:45: Training...
09/05/2026,03:07:46: Evaluating...
09/05/2026,03:07:46: 	Train Loss: 4268888.5000 (base: 622.3707, kd: 8536.5332), Elapsed: train 2.81 test 0.46
09/05/2026,03:07:46: 	Recall@10: 0.04716 Recall@20: 0.07270 NDCG@10: 0.02825 NDCG@20: 0.03520 
09/05/2026,03:07:46: 	Recall@10: 0.01922 Recall@20: 0.03016 NDCG@10: 0.01081 NDCG@20: 0.01383 
09/05/2026,03:07:46: Epoch [355/1000]
09/05/2026,03:07:46: Negative sampling...
09/05/2026,03:07:48: Model's personal time...
09/05/2026,03:07:48: Training...
09/05/2026,03:07:49: Evaluating...
09/05/2026,03:07:49: 	Train Loss: 4273878.0000 (base: 610.6519, kd: 8546.5361), Elapsed: train 2.63 test 0.45
09/05/2026,03:07:49: 	Recall@10: 0.04880 Recall@20: 0.07286 NDCG@10: 0.02878 NDCG@20: 0.03539 
09/05/2026,03:07:49: 	Recall@10: 0.01894 Recall@20: 0.02923 NDCG@10: 0.01039 NDCG@20: 0.01324 
09/05/2026,03:07:49: Epoch [356/1000]
09/05/2026,03:07:49: Negative sampling...
09/05/2026,03:07:51: Model's personal time...
09/05/2026,03:07:51: Training...
09/05/2026,03:07:52: Evaluating...
09/05/2026,03:07:53: 	Train Loss: 4268930.0000 (base: 618.5932, kd: 8536.6221), Elapsed: train 2.73 test 0.40
09/05/2026,03:07:53: 	Recall@10: 0.04961 Recall@20: 0.07249 NDCG@10: 0.02904 NDCG@20: 0.03533 
09/05/2026,03:07:53: 	Recall@10: 0.01916 Recall@20: 0.02957 NDCG@10: 0.01059 NDCG@20: 0.01348 
09/05/2026,03:07:53: Epoch [357/1000]
09/05/2026,03:07:53: Negative sampling...
09/05/2026,03:07:54: Model's personal time...
09/05/2026,03:07:54: Training...
09/05/2026,03:07:56: Evaluating...
09/05/2026,03:07:56: 	Train Loss: 4269636.0000 (base: 615.8347, kd: 8538.0400), Elapsed: train 2.96 test 0.51
09/05/2026,03:07:56: 	Recall@10: 0.04993 Recall@20: 0.07352 NDCG@10: 0.02921 NDCG@20: 0.03563 
09/05/2026,03:07:56: 	Recall@10: 0.01900 Recall@20: 0.02938 NDCG@10: 0.01043 NDCG@20: 0.01332 
09/05/2026,03:07:56: Epoch [358/1000]
09/05/2026,03:07:56: Negative sampling...
09/05/2026,03:07:58: Model's personal time...
09/05/2026,03:07:58: Training...
09/05/2026,03:07:59: Evaluating...
09/05/2026,03:07:59: 	Train Loss: 4271859.5000 (base: 620.4185, kd: 8542.4785), Elapsed: train 2.71 test 0.34
09/05/2026,03:07:59: 	Recall@10: 0.04705 Recall@20: 0.07243 NDCG@10: 0.02826 NDCG@20: 0.03518 
09/05/2026,03:07:59: 	Recall@10: 0.01919 Recall@20: 0.02906 NDCG@10: 0.01054 NDCG@20: 0.01330 
09/05/2026,03:07:59: Epoch [359/1000]
09/05/2026,03:07:59: Negative sampling...
09/05/2026,03:08:01: Model's personal time...
09/05/2026,03:08:01: Training...
09/05/2026,03:08:02: Evaluating...
09/05/2026,03:08:02: 	Train Loss: 4268685.5000 (base: 617.0667, kd: 8536.1367), Elapsed: train 2.68 test 0.31
09/05/2026,03:08:02: 	Recall@10: 0.04950 Recall@20: 0.07198 NDCG@10: 0.02922 NDCG@20: 0.03536 
09/05/2026,03:08:02: 	Recall@10: 0.01922 Recall@20: 0.02935 NDCG@10: 0.01049 NDCG@20: 0.01332 
09/05/2026,03:08:02: Epoch [360/1000]
09/05/2026,03:08:02: Negative sampling...
09/05/2026,03:08:04: Model's personal time...
09/05/2026,03:08:04: Training...
09/05/2026,03:08:05: Evaluating...
09/05/2026,03:08:05: 	Train Loss: 4270643.0000 (base: 611.4603, kd: 8540.0625), Elapsed: train 2.80 test 0.29
09/05/2026,03:08:05: 	Recall@10: 0.04864 Recall@20: 0.07235 NDCG@10: 0.02888 NDCG@20: 0.03534 
09/05/2026,03:08:05: 	Recall@10: 0.01900 Recall@20: 0.02942 NDCG@10: 0.01046 NDCG@20: 0.01333 
09/05/2026,03:08:05: Epoch [361/1000]
09/05/2026,03:08:05: Negative sampling...
09/05/2026,03:08:07: Model's personal time...
09/05/2026,03:08:07: Training...
09/05/2026,03:08:08: Evaluating...
09/05/2026,03:08:08: 	Train Loss: 4268922.5000 (base: 618.2598, kd: 8536.6074), Elapsed: train 2.53 test 0.49
09/05/2026,03:08:08: 	Recall@10: 0.04748 Recall@20: 0.07229 NDCG@10: 0.02850 NDCG@20: 0.03527 
09/05/2026,03:08:08: 	Recall@10: 0.01865 Recall@20: 0.02870 NDCG@10: 0.01023 NDCG@20: 0.01304 
09/05/2026,03:08:08: Epoch [362/1000]
09/05/2026,03:08:08: Negative sampling...
09/05/2026,03:08:10: Model's personal time...
09/05/2026,03:08:10: Training...
09/05/2026,03:08:11: Evaluating...
09/05/2026,03:08:11: 	Train Loss: 4268228.5000 (base: 610.1854, kd: 8535.2373), Elapsed: train 2.71 test 0.51
09/05/2026,03:08:11: 	Recall@10: 0.04781 Recall@20: 0.07266 NDCG@10: 0.02837 NDCG@20: 0.03515 
09/05/2026,03:08:11: 	Recall@10: 0.01855 Recall@20: 0.02911 NDCG@10: 0.01043 NDCG@20: 0.01337 
09/05/2026,03:08:11: Epoch [363/1000]
09/05/2026,03:08:11: Negative sampling...
09/05/2026,03:08:13: Model's personal time...
09/05/2026,03:08:13: Training...
09/05/2026,03:08:14: Evaluating...
09/05/2026,03:08:15: 	Train Loss: 4269594.5000 (base: 616.6708, kd: 8537.9561), Elapsed: train 2.77 test 0.38
09/05/2026,03:08:15: 	Recall@10: 0.05016 Recall@20: 0.07314 NDCG@10: 0.02935 NDCG@20: 0.03561 
09/05/2026,03:08:15: 	Recall@10: 0.01932 Recall@20: 0.02952 NDCG@10: 0.01065 NDCG@20: 0.01347 
09/05/2026,03:08:15: Epoch [364/1000]
09/05/2026,03:08:15: Negative sampling...
09/05/2026,03:08:16: Model's personal time...
09/05/2026,03:08:16: Training...
09/05/2026,03:08:17: Evaluating...
09/05/2026,03:08:18: 	Train Loss: 4269850.5000 (base: 618.9660, kd: 8538.4639), Elapsed: train 2.80 test 0.31
09/05/2026,03:08:18: 	Recall@10: 0.04860 Recall@20: 0.07339 NDCG@10: 0.02873 NDCG@20: 0.03548 
09/05/2026,03:08:18: 	Recall@10: 0.01890 Recall@20: 0.02973 NDCG@10: 0.01044 NDCG@20: 0.01345 
09/05/2026,03:08:18: Epoch [365/1000]
09/05/2026,03:08:18: Negative sampling...
09/05/2026,03:08:19: Model's personal time...
09/05/2026,03:08:19: Training...
09/05/2026,03:08:20: Evaluating...
09/05/2026,03:08:21: 	Train Loss: 4270814.5000 (base: 613.5061, kd: 8540.4014), Elapsed: train 2.67 test 0.38
09/05/2026,03:08:21: 	Recall@10: 0.04984 Recall@20: 0.07260 NDCG@10: 0.02906 NDCG@20: 0.03526 
09/05/2026,03:08:21: 	Recall@10: 0.01862 Recall@20: 0.02951 NDCG@10: 0.01034 NDCG@20: 0.01336 
09/05/2026,03:08:21: Epoch [366/1000]
09/05/2026,03:08:21: Negative sampling...
09/05/2026,03:08:22: Model's personal time...
09/05/2026,03:08:22: Training...
09/05/2026,03:08:24: Evaluating...
09/05/2026,03:08:24: 	Train Loss: 4268799.5000 (base: 607.5833, kd: 8536.3828), Elapsed: train 2.83 test 0.46
09/05/2026,03:08:24: 	Recall@10: 0.04805 Recall@20: 0.07248 NDCG@10: 0.02872 NDCG@20: 0.03537 
09/05/2026,03:08:24: 	Recall@10: 0.01890 Recall@20: 0.02899 NDCG@10: 0.01041 NDCG@20: 0.01320 
09/05/2026,03:08:24: Epoch [367/1000]
09/05/2026,03:08:24: Negative sampling...
09/05/2026,03:08:25: Model's personal time...
09/05/2026,03:08:25: Training...
09/05/2026,03:08:27: Evaluating...
09/05/2026,03:08:27: 	Train Loss: 4268850.0000 (base: 612.6696, kd: 8536.4746), Elapsed: train 2.56 test 0.38
09/05/2026,03:08:27: 	Recall@10: 0.04823 Recall@20: 0.07201 NDCG@10: 0.02851 NDCG@20: 0.03505 
09/05/2026,03:08:27: 	Recall@10: 0.01913 Recall@20: 0.02919 NDCG@10: 0.01047 NDCG@20: 0.01327 
09/05/2026,03:08:27: Epoch [368/1000]
09/05/2026,03:08:27: Negative sampling...
09/05/2026,03:08:28: Model's personal time...
09/05/2026,03:08:28: Training...
09/05/2026,03:08:30: Evaluating...
09/05/2026,03:08:30: 	Train Loss: 4268571.5000 (base: 612.3553, kd: 8535.9199), Elapsed: train 2.58 test 0.47
09/05/2026,03:08:30: 	Recall@10: 0.04927 Recall@20: 0.07360 NDCG@10: 0.02918 NDCG@20: 0.03581 
09/05/2026,03:08:30: 	Recall@10: 0.01914 Recall@20: 0.02974 NDCG@10: 0.01070 NDCG@20: 0.01361 
09/05/2026,03:08:30: Epoch [369/1000]
09/05/2026,03:08:30: Negative sampling...
09/05/2026,03:08:31: Model's personal time...
09/05/2026,03:08:31: Training...
09/05/2026,03:08:33: Evaluating...
09/05/2026,03:08:33: 	Train Loss: 4269043.5000 (base: 613.6380, kd: 8536.8584), Elapsed: train 2.48 test 0.34
09/05/2026,03:08:33: 	Recall@10: 0.04881 Recall@20: 0.07351 NDCG@10: 0.02889 NDCG@20: 0.03563 
09/05/2026,03:08:33: 	Recall@10: 0.01922 Recall@20: 0.02929 NDCG@10: 0.01037 NDCG@20: 0.01316 
09/05/2026,03:08:33: Epoch [370/1000]
09/05/2026,03:08:33: Negative sampling...
09/05/2026,03:08:34: Model's personal time...
09/05/2026,03:08:34: Training...
09/05/2026,03:08:35: Evaluating...
09/05/2026,03:08:36: 	Train Loss: 4273274.0000 (base: 612.8718, kd: 8545.3223), Elapsed: train 2.44 test 0.32
09/05/2026,03:08:36: 	Recall@10: 0.04949 Recall@20: 0.07315 NDCG@10: 0.02894 NDCG@20: 0.03543 
09/05/2026,03:08:36: 	Recall@10: 0.01879 Recall@20: 0.02942 NDCG@10: 0.01039 NDCG@20: 0.01333 
09/05/2026,03:08:36: Epoch [371/1000]
09/05/2026,03:08:36: Negative sampling...
09/05/2026,03:08:37: Model's personal time...
09/05/2026,03:08:37: Training...
09/05/2026,03:08:38: Evaluating...
09/05/2026,03:08:38: 	Train Loss: 4270744.5000 (base: 612.6226, kd: 8540.2637), Elapsed: train 2.48 test 0.29
09/05/2026,03:08:38: 	Recall@10: 0.04935 Recall@20: 0.07369 NDCG@10: 0.02895 NDCG@20: 0.03561 
09/05/2026,03:08:38: 	Recall@10: 0.01919 Recall@20: 0.02949 NDCG@10: 0.01049 NDCG@20: 0.01332 
09/05/2026,03:08:38: Epoch [372/1000]
09/05/2026,03:08:38: Negative sampling...
09/05/2026,03:08:40: Model's personal time...
09/05/2026,03:08:40: Training...
09/05/2026,03:08:41: Evaluating...
09/05/2026,03:08:42: 	Train Loss: 4272037.0000 (base: 608.1385, kd: 8542.8574), Elapsed: train 2.69 test 0.66
09/05/2026,03:08:42: 	Recall@10: 0.04877 Recall@20: 0.07311 NDCG@10: 0.02900 NDCG@20: 0.03558 
09/05/2026,03:08:42: 	Recall@10: 0.01874 Recall@20: 0.02947 NDCG@10: 0.01031 NDCG@20: 0.01328 
09/05/2026,03:08:42: Epoch [373/1000]
09/05/2026,03:08:42: Negative sampling...
09/05/2026,03:08:43: Model's personal time...
09/05/2026,03:08:43: Training...
09/05/2026,03:08:44: Evaluating...
09/05/2026,03:08:45: 	Train Loss: 4268656.0000 (base: 609.8347, kd: 8536.0928), Elapsed: train 2.65 test 0.66
09/05/2026,03:08:45: 	Recall@10: 0.04957 Recall@20: 0.07237 NDCG@10: 0.02895 NDCG@20: 0.03517 
09/05/2026,03:08:45: 	Recall@10: 0.01922 Recall@20: 0.03051 NDCG@10: 0.01059 NDCG@20: 0.01368 
09/05/2026,03:08:45: Epoch [374/1000]
09/05/2026,03:08:45: Negative sampling...
09/05/2026,03:08:47: Model's personal time...
09/05/2026,03:08:47: Training...
09/05/2026,03:08:48: Evaluating...
09/05/2026,03:08:49: 	Train Loss: 4273447.5000 (base: 616.1615, kd: 8545.6621), Elapsed: train 2.70 test 0.90
09/05/2026,03:08:49: 	Recall@10: 0.04831 Recall@20: 0.07225 NDCG@10: 0.02893 NDCG@20: 0.03544 
09/05/2026,03:08:49: 	Recall@10: 0.01919 Recall@20: 0.02956 NDCG@10: 0.01056 NDCG@20: 0.01341 
09/05/2026,03:08:49: Epoch [375/1000]
09/05/2026,03:08:49: Negative sampling...
09/05/2026,03:08:50: Model's personal time...
09/05/2026,03:08:50: Training...
09/05/2026,03:08:51: Evaluating...
09/05/2026,03:08:52: 	Train Loss: 4273423.0000 (base: 609.0349, kd: 8545.6279), Elapsed: train 2.71 test 1.06
09/05/2026,03:08:52: 	Recall@10: 0.04834 Recall@20: 0.07278 NDCG@10: 0.02864 NDCG@20: 0.03528 
09/05/2026,03:08:52: 	Recall@10: 0.01900 Recall@20: 0.02936 NDCG@10: 0.01040 NDCG@20: 0.01325 
09/05/2026,03:08:52: Epoch [376/1000]
09/05/2026,03:08:52: Negative sampling...
09/05/2026,03:08:54: Model's personal time...
09/05/2026,03:08:54: Training...
09/05/2026,03:08:55: Evaluating...
09/05/2026,03:08:56: 	Train Loss: 4266571.5000 (base: 614.9686, kd: 8531.9131), Elapsed: train 2.78 test 0.48
09/05/2026,03:08:56: 	Recall@10: 0.04904 Recall@20: 0.07248 NDCG@10: 0.02888 NDCG@20: 0.03525 
09/05/2026,03:08:56: 	Recall@10: 0.01965 Recall@20: 0.02948 NDCG@10: 0.01072 NDCG@20: 0.01344 
09/05/2026,03:08:56: ------------------------------
09/05/2026,03:08:56: valid Recall@10: 0.04896 Recall@20: 0.07405 NDCG@10: 0.02923 NDCG@20: 0.03603
09/05/2026,03:08:56: test Recall@10: 0.01897 Recall@20: 0.02894 NDCG@10: 0.01048 NDCG@20: 0.01325
