----------------------------------------TEACHER----------------------------------------
init_std                                 0.01
embedding_dim                            400
----------------------------------------TEACHER----------------------------------------
----------------------------------------STUDENT----------------------------------------
init_std                                 0.01
embedding_dim                            5
----------------------------------------STUDENT----------------------------------------
----------------------------------------ARGUMENTS----------------------------------------
run_all                                  False
seed                                     0
gpu_id                                   0
no_log                                   False
no_save                                  False
suffix                                   capacity_d5_k20_l50_seed0
verbose                                  False
ablation                                 False
task                                     rec
dataset                                  citeulike
batch_size                               2048
num_ns                                   1
neg_sampling_on_all                      False
T_backbone                               bpr
S_backbone                               bpr
model                                    rcekd
preload                                  False
postsave                                 False
train_teacher                            False
ckpt_interval                            -1
epochs                                   1000
lr                                       0.001
wd                                       1e-05
lmbda                                    500
srce_alpha                               1.0
srce_s                                   20.0
srce_eta                                 1.0
srce_Lu                                  20
srce_mode                                union
srce_kappa                               0.0
eval_period                              1
K_list                                   [10, 20]
early_stop_metric                        NDCG
early_stop_K                             20
early_stop_patience                      30
LOG_DIR                                  logs/
CONFIG_DIR                               configs/
DATA_DIR                                 data/
CKPT_DIR                                 checkpoints/
CRAFT_DIR                                crafts/
mkd_tau                                  1
mkd_K                                    20
mkd_L                                    50
mkd_T                                    10
mkd_mxK                                  200
mkd_beta                                 3
sample_rank                              False
----------------------------------------ARGUMENTS----------------------------------------
----------------------------------------Teacher----------------------------------------
09/05/2026,02:40:25: ------------------------------
09/05/2026,02:40:25: valid Recall@10: 0.06778 Recall@20: 0.10315 NDCG@10: 0.04052 NDCG@20: 0.05027
09/05/2026,02:40:25: test Recall@10: 0.02747 Recall@20: 0.04385 NDCG@10: 0.01551 NDCG@20: 0.02003
----------------------------------------------------------------------------------------
09/05/2026,02:40:25: Epoch [1/1000]
09/05/2026,02:40:25: Negative sampling...
09/05/2026,02:40:27: Model's personal time...
09/05/2026,02:40:27: Training...
09/05/2026,02:40:28: Evaluating...
09/05/2026,02:40:28: 	Train Loss: 4259306.5000 (base: 1391.8173, kd: 8515.8291), Elapsed: train 2.74 test 0.30 *
09/05/2026,02:40:28: 	Recall@10: 0.00346 Recall@20: 0.00692 NDCG@10: 0.00185 NDCG@20: 0.00279 
09/05/2026,02:40:28: 	Recall@10: 0.00182 Recall@20: 0.00253 NDCG@10: 0.00099 NDCG@20: 0.00119 
09/05/2026,02:40:28: Epoch [2/1000]
09/05/2026,02:40:28: Negative sampling...
09/05/2026,02:40:30: Model's personal time...
09/05/2026,02:40:30: Training...
09/05/2026,02:40:31: Evaluating...
09/05/2026,02:40:31: 	Train Loss: 3934408.7500 (base: 1389.8688, kd: 7866.0381), Elapsed: train 2.52 test 0.36 *
09/05/2026,02:40:31: 	Recall@10: 0.02006 Recall@20: 0.02839 NDCG@10: 0.01023 NDCG@20: 0.01264 
09/05/2026,02:40:31: 	Recall@10: 0.00694 Recall@20: 0.01115 NDCG@10: 0.00336 NDCG@20: 0.00456 
09/05/2026,02:40:31: Epoch [3/1000]
09/05/2026,02:40:31: Negative sampling...
09/05/2026,02:40:32: Model's personal time...
09/05/2026,02:40:32: Training...
09/05/2026,02:40:34: Evaluating...
09/05/2026,02:40:34: 	Train Loss: 3871125.5000 (base: 1386.0673, kd: 7739.4795), Elapsed: train 2.58 test 0.45
09/05/2026,02:40:34: 	Recall@10: 0.01684 Recall@20: 0.02216 NDCG@10: 0.01039 NDCG@20: 0.01187 
09/05/2026,02:40:34: 	Recall@10: 0.00482 Recall@20: 0.00621 NDCG@10: 0.00302 NDCG@20: 0.00340 
09/05/2026,02:40:34: Epoch [4/1000]
09/05/2026,02:40:34: Negative sampling...
09/05/2026,02:40:36: Model's personal time...
09/05/2026,02:40:36: Training...
09/05/2026,02:40:37: Evaluating...
09/05/2026,02:40:37: 	Train Loss: 3862153.7500 (base: 1381.9167, kd: 7721.5430), Elapsed: train 2.38 test 0.40 *
09/05/2026,02:40:37: 	Recall@10: 0.01771 Recall@20: 0.02851 NDCG@10: 0.01197 NDCG@20: 0.01489 
09/05/2026,02:40:37: 	Recall@10: 0.00555 Recall@20: 0.00976 NDCG@10: 0.00383 NDCG@20: 0.00499 
09/05/2026,02:40:37: Epoch [5/1000]
09/05/2026,02:40:37: Negative sampling...
09/05/2026,02:40:38: Model's personal time...
09/05/2026,02:40:38: Training...
09/05/2026,02:40:40: Evaluating...
09/05/2026,02:40:40: 	Train Loss: 3838970.0000 (base: 1376.4742, kd: 7675.1875), Elapsed: train 2.59 test 0.48 *
09/05/2026,02:40:40: 	Recall@10: 0.02441 Recall@20: 0.03073 NDCG@10: 0.01478 NDCG@20: 0.01646 
09/05/2026,02:40:40: 	Recall@10: 0.00745 Recall@20: 0.01053 NDCG@10: 0.00483 NDCG@20: 0.00567 
09/05/2026,02:40:40: Epoch [6/1000]
09/05/2026,02:40:40: Negative sampling...
09/05/2026,02:40:41: Model's personal time...
09/05/2026,02:40:41: Training...
09/05/2026,02:40:43: Evaluating...
09/05/2026,02:40:43: 	Train Loss: 3781432.5000 (base: 1370.8151, kd: 7560.1235), Elapsed: train 2.54 test 0.27
09/05/2026,02:40:43: 	Recall@10: 0.01997 Recall@20: 0.02707 NDCG@10: 0.01299 NDCG@20: 0.01497 
09/05/2026,02:40:43: 	Recall@10: 0.00663 Recall@20: 0.00940 NDCG@10: 0.00434 NDCG@20: 0.00509 
09/05/2026,02:40:43: Epoch [7/1000]
09/05/2026,02:40:43: Negative sampling...
09/05/2026,02:40:44: Model's personal time...
09/05/2026,02:40:44: Training...
09/05/2026,02:40:45: Evaluating...
09/05/2026,02:40:46: 	Train Loss: 3756408.7500 (base: 1364.6575, kd: 7510.0879), Elapsed: train 2.62 test 0.29 *
09/05/2026,02:40:46: 	Recall@10: 0.01923 Recall@20: 0.03525 NDCG@10: 0.01306 NDCG@20: 0.01736 
09/05/2026,02:40:46: 	Recall@10: 0.00637 Recall@20: 0.01335 NDCG@10: 0.00424 NDCG@20: 0.00617 
09/05/2026,02:40:46: Epoch [8/1000]
09/05/2026,02:40:46: Negative sampling...
09/05/2026,02:40:47: Model's personal time...
09/05/2026,02:40:47: Training...
09/05/2026,02:40:48: Evaluating...
09/05/2026,02:40:49: 	Train Loss: 3730743.5000 (base: 1357.7512, kd: 7458.7715), Elapsed: train 2.60 test 0.32 *
09/05/2026,02:40:49: 	Recall@10: 0.02729 Recall@20: 0.03632 NDCG@10: 0.01573 NDCG@20: 0.01826 
09/05/2026,02:40:49: 	Recall@10: 0.00816 Recall@20: 0.01502 NDCG@10: 0.00520 NDCG@20: 0.00707 
09/05/2026,02:40:49: Epoch [9/1000]
09/05/2026,02:40:49: Negative sampling...
09/05/2026,02:40:50: Model's personal time...
09/05/2026,02:40:50: Training...
09/05/2026,02:40:51: Evaluating...
09/05/2026,02:40:51: 	Train Loss: 3703590.7500 (base: 1351.0219, kd: 7404.4795), Elapsed: train 2.36 test 0.46
09/05/2026,02:40:51: 	Recall@10: 0.02349 Recall@20: 0.03763 NDCG@10: 0.01438 NDCG@20: 0.01825 
09/05/2026,02:40:51: 	Recall@10: 0.00788 Recall@20: 0.01627 NDCG@10: 0.00476 NDCG@20: 0.00706 
09/05/2026,02:40:51: Epoch [10/1000]
09/05/2026,02:40:51: Negative sampling...
09/05/2026,02:40:53: Model's personal time...
09/05/2026,02:40:53: Training...
09/05/2026,02:40:54: Evaluating...
09/05/2026,02:40:55: 	Train Loss: 3686035.2500 (base: 1343.7080, kd: 7369.3823), Elapsed: train 2.56 test 0.57
09/05/2026,02:40:55: 	Recall@10: 0.02673 Recall@20: 0.03243 NDCG@10: 0.01565 NDCG@20: 0.01723 
09/05/2026,02:40:55: 	Recall@10: 0.00793 Recall@20: 0.01105 NDCG@10: 0.00491 NDCG@20: 0.00576 
09/05/2026,02:40:55: Epoch [11/1000]
09/05/2026,02:40:55: Negative sampling...
09/05/2026,02:40:56: Model's personal time...
09/05/2026,02:40:56: Training...
09/05/2026,02:40:57: Evaluating...
09/05/2026,02:40:58: 	Train Loss: 3649861.7500 (base: 1335.8943, kd: 7297.0508), Elapsed: train 2.86 test 0.31
09/05/2026,02:40:58: 	Recall@10: 0.02458 Recall@20: 0.03112 NDCG@10: 0.01482 NDCG@20: 0.01660 
09/05/2026,02:40:58: 	Recall@10: 0.00774 Recall@20: 0.01152 NDCG@10: 0.00496 NDCG@20: 0.00597 
09/05/2026,02:40:58: Epoch [12/1000]
09/05/2026,02:40:58: Negative sampling...
09/05/2026,02:40:59: Model's personal time...
09/05/2026,02:40:59: Training...
09/05/2026,02:41:00: Evaluating...
09/05/2026,02:41:01: 	Train Loss: 3643184.2500 (base: 1328.0623, kd: 7283.7129), Elapsed: train 2.53 test 0.44
09/05/2026,02:41:01: 	Recall@10: 0.02633 Recall@20: 0.03289 NDCG@10: 0.01580 NDCG@20: 0.01766 
09/05/2026,02:41:01: 	Recall@10: 0.00860 Recall@20: 0.01165 NDCG@10: 0.00490 NDCG@20: 0.00576 
09/05/2026,02:41:01: Epoch [13/1000]
09/05/2026,02:41:01: Negative sampling...
09/05/2026,02:41:02: Model's personal time...
09/05/2026,02:41:02: Training...
09/05/2026,02:41:03: Evaluating...
09/05/2026,02:41:04: 	Train Loss: 3630724.5000 (base: 1319.7812, kd: 7258.8096), Elapsed: train 2.50 test 0.49 *
09/05/2026,02:41:04: 	Recall@10: 0.02764 Recall@20: 0.03823 NDCG@10: 0.01644 NDCG@20: 0.01929 
09/05/2026,02:41:04: 	Recall@10: 0.00901 Recall@20: 0.01511 NDCG@10: 0.00514 NDCG@20: 0.00682 
09/05/2026,02:41:04: Epoch [14/1000]
09/05/2026,02:41:04: Negative sampling...
09/05/2026,02:41:05: Model's personal time...
09/05/2026,02:41:05: Training...
09/05/2026,02:41:07: Evaluating...
09/05/2026,02:41:07: 	Train Loss: 3602764.2500 (base: 1311.8645, kd: 7202.9048), Elapsed: train 3.03 test 0.43
09/05/2026,02:41:07: 	Recall@10: 0.02689 Recall@20: 0.03287 NDCG@10: 0.01642 NDCG@20: 0.01803 
09/05/2026,02:41:07: 	Recall@10: 0.00976 Recall@20: 0.01161 NDCG@10: 0.00566 NDCG@20: 0.00616 
09/05/2026,02:41:07: Epoch [15/1000]
09/05/2026,02:41:07: Negative sampling...
09/05/2026,02:41:09: Model's personal time...
09/05/2026,02:41:09: Training...
09/05/2026,02:41:10: Evaluating...
09/05/2026,02:41:10: 	Train Loss: 3595146.0000 (base: 1302.6360, kd: 7187.6865), Elapsed: train 2.57 test 0.36
09/05/2026,02:41:10: 	Recall@10: 0.02867 Recall@20: 0.03491 NDCG@10: 0.01729 NDCG@20: 0.01894 
09/05/2026,02:41:10: 	Recall@10: 0.00922 Recall@20: 0.01139 NDCG@10: 0.00540 NDCG@20: 0.00600 
09/05/2026,02:41:10: Epoch [16/1000]
09/05/2026,02:41:10: Negative sampling...
09/05/2026,02:41:11: Model's personal time...
09/05/2026,02:41:11: Training...
09/05/2026,02:41:13: Evaluating...
09/05/2026,02:41:13: 	Train Loss: 3578737.2500 (base: 1294.0114, kd: 7154.8862), Elapsed: train 2.52 test 0.34 *
09/05/2026,02:41:13: 	Recall@10: 0.02794 Recall@20: 0.03858 NDCG@10: 0.01723 NDCG@20: 0.02001 
09/05/2026,02:41:13: 	Recall@10: 0.00988 Recall@20: 0.01491 NDCG@10: 0.00558 NDCG@20: 0.00697 
09/05/2026,02:41:13: Epoch [17/1000]
09/05/2026,02:41:13: Negative sampling...
09/05/2026,02:41:14: Model's personal time...
09/05/2026,02:41:14: Training...
09/05/2026,02:41:15: Evaluating...
09/05/2026,02:41:16: 	Train Loss: 3571483.2500 (base: 1284.5354, kd: 7140.3979), Elapsed: train 2.35 test 0.30
09/05/2026,02:41:16: 	Recall@10: 0.02745 Recall@20: 0.03212 NDCG@10: 0.01682 NDCG@20: 0.01809 
09/05/2026,02:41:16: 	Recall@10: 0.00934 Recall@20: 0.01151 NDCG@10: 0.00571 NDCG@20: 0.00631 
09/05/2026,02:41:16: Epoch [18/1000]
09/05/2026,02:41:16: Negative sampling...
09/05/2026,02:41:17: Model's personal time...
09/05/2026,02:41:17: Training...
09/05/2026,02:41:18: Evaluating...
09/05/2026,02:41:19: 	Train Loss: 3553675.2500 (base: 1274.6250, kd: 7104.8022), Elapsed: train 2.54 test 0.42
09/05/2026,02:41:19: 	Recall@10: 0.02766 Recall@20: 0.03871 NDCG@10: 0.01683 NDCG@20: 0.01973 
09/05/2026,02:41:19: 	Recall@10: 0.00947 Recall@20: 0.01621 NDCG@10: 0.00583 NDCG@20: 0.00763 
09/05/2026,02:41:19: Epoch [19/1000]
09/05/2026,02:41:19: Negative sampling...
09/05/2026,02:41:20: Model's personal time...
09/05/2026,02:41:20: Training...
09/05/2026,02:41:21: Evaluating...
09/05/2026,02:41:22: 	Train Loss: 3548779.2500 (base: 1264.7369, kd: 7095.0293), Elapsed: train 2.73 test 0.42 *
09/05/2026,02:41:22: 	Recall@10: 0.02778 Recall@20: 0.03906 NDCG@10: 0.01715 NDCG@20: 0.02020 
09/05/2026,02:41:22: 	Recall@10: 0.00900 Recall@20: 0.01630 NDCG@10: 0.00544 NDCG@20: 0.00748 
09/05/2026,02:41:22: Epoch [20/1000]
09/05/2026,02:41:22: Negative sampling...
09/05/2026,02:41:23: Model's personal time...
09/05/2026,02:41:23: Training...
09/05/2026,02:41:24: Evaluating...
09/05/2026,02:41:25: 	Train Loss: 3535987.2500 (base: 1255.4285, kd: 7069.4634), Elapsed: train 2.62 test 0.28
09/05/2026,02:41:25: 	Recall@10: 0.02838 Recall@20: 0.03402 NDCG@10: 0.01743 NDCG@20: 0.01893 
09/05/2026,02:41:25: 	Recall@10: 0.00959 Recall@20: 0.01245 NDCG@10: 0.00570 NDCG@20: 0.00650 
09/05/2026,02:41:25: Epoch [21/1000]
09/05/2026,02:41:25: Negative sampling...
09/05/2026,02:41:26: Model's personal time...
09/05/2026,02:41:26: Training...
09/05/2026,02:41:27: Evaluating...
09/05/2026,02:41:27: 	Train Loss: 3532303.5000 (base: 1244.6124, kd: 7062.1187), Elapsed: train 2.43 test 0.27 *
09/05/2026,02:41:27: 	Recall@10: 0.02808 Recall@20: 0.03909 NDCG@10: 0.01747 NDCG@20: 0.02044 
09/05/2026,02:41:27: 	Recall@10: 0.00961 Recall@20: 0.01652 NDCG@10: 0.00575 NDCG@20: 0.00765 
09/05/2026,02:41:27: Epoch [22/1000]
09/05/2026,02:41:27: Negative sampling...
09/05/2026,02:41:29: Model's personal time...
09/05/2026,02:41:29: Training...
09/05/2026,02:41:30: Evaluating...
09/05/2026,02:41:30: 	Train Loss: 3515181.7500 (base: 1235.3085, kd: 7027.8926), Elapsed: train 2.65 test 0.47 *
09/05/2026,02:41:30: 	Recall@10: 0.02872 Recall@20: 0.03884 NDCG@10: 0.01791 NDCG@20: 0.02068 
09/05/2026,02:41:30: 	Recall@10: 0.00986 Recall@20: 0.01618 NDCG@10: 0.00582 NDCG@20: 0.00755 
09/05/2026,02:41:30: Epoch [23/1000]
09/05/2026,02:41:30: Negative sampling...
09/05/2026,02:41:32: Model's personal time...
09/05/2026,02:41:32: Training...
09/05/2026,02:41:33: Evaluating...
09/05/2026,02:41:33: 	Train Loss: 3501290.0000 (base: 1224.1033, kd: 7000.1318), Elapsed: train 2.44 test 0.33
09/05/2026,02:41:33: 	Recall@10: 0.02824 Recall@20: 0.03868 NDCG@10: 0.01791 NDCG@20: 0.02063 
09/05/2026,02:41:33: 	Recall@10: 0.01008 Recall@20: 0.01590 NDCG@10: 0.00597 NDCG@20: 0.00757 
09/05/2026,02:41:33: Epoch [24/1000]
09/05/2026,02:41:33: Negative sampling...
09/05/2026,02:41:35: Model's personal time...
09/05/2026,02:41:35: Training...
09/05/2026,02:41:36: Evaluating...
09/05/2026,02:41:36: 	Train Loss: 3503652.2500 (base: 1214.5928, kd: 7004.8750), Elapsed: train 2.49 test 0.39 *
09/05/2026,02:41:36: 	Recall@10: 0.03086 Recall@20: 0.04119 NDCG@10: 0.01925 NDCG@20: 0.02207 
09/05/2026,02:41:36: 	Recall@10: 0.00966 Recall@20: 0.01663 NDCG@10: 0.00575 NDCG@20: 0.00769 
09/05/2026,02:41:36: Epoch [25/1000]
09/05/2026,02:41:36: Negative sampling...
09/05/2026,02:41:37: Model's personal time...
09/05/2026,02:41:37: Training...
09/05/2026,02:41:39: Evaluating...
09/05/2026,02:41:39: 	Train Loss: 3483941.2500 (base: 1203.8494, kd: 6965.4741), Elapsed: train 2.46 test 0.44
09/05/2026,02:41:39: 	Recall@10: 0.02832 Recall@20: 0.03978 NDCG@10: 0.01826 NDCG@20: 0.02129 
09/05/2026,02:41:39: 	Recall@10: 0.01006 Recall@20: 0.01657 NDCG@10: 0.00591 NDCG@20: 0.00768 
09/05/2026,02:41:39: Epoch [26/1000]
09/05/2026,02:41:39: Negative sampling...
09/05/2026,02:41:40: Model's personal time...
09/05/2026,02:41:40: Training...
09/05/2026,02:41:41: Evaluating...
09/05/2026,02:41:42: 	Train Loss: 3479110.5000 (base: 1194.2595, kd: 6955.8330), Elapsed: train 2.49 test 0.41 *
09/05/2026,02:41:42: 	Recall@10: 0.03231 Recall@20: 0.04142 NDCG@10: 0.02011 NDCG@20: 0.02264 
09/05/2026,02:41:42: 	Recall@10: 0.01022 Recall@20: 0.01791 NDCG@10: 0.00611 NDCG@20: 0.00832 
09/05/2026,02:41:42: Epoch [27/1000]
09/05/2026,02:41:42: Negative sampling...
09/05/2026,02:41:43: Model's personal time...
09/05/2026,02:41:43: Training...
09/05/2026,02:41:44: Evaluating...
09/05/2026,02:41:45: 	Train Loss: 3473910.5000 (base: 1185.2836, kd: 6945.4502), Elapsed: train 2.50 test 0.29
09/05/2026,02:41:45: 	Recall@10: 0.02929 Recall@20: 0.04078 NDCG@10: 0.01870 NDCG@20: 0.02186 
09/05/2026,02:41:45: 	Recall@10: 0.00949 Recall@20: 0.01661 NDCG@10: 0.00584 NDCG@20: 0.00777 
09/05/2026,02:41:45: Epoch [28/1000]
09/05/2026,02:41:45: Negative sampling...
09/05/2026,02:41:46: Model's personal time...
09/05/2026,02:41:46: Training...
09/05/2026,02:41:47: Evaluating...
09/05/2026,02:41:48: 	Train Loss: 3465832.0000 (base: 1174.6661, kd: 6929.3149), Elapsed: train 2.63 test 0.44
09/05/2026,02:41:48: 	Recall@10: 0.03164 Recall@20: 0.04241 NDCG@10: 0.01935 NDCG@20: 0.02239 
09/05/2026,02:41:48: 	Recall@10: 0.01152 Recall@20: 0.01788 NDCG@10: 0.00663 NDCG@20: 0.00839 
09/05/2026,02:41:48: Epoch [29/1000]
09/05/2026,02:41:48: Negative sampling...
09/05/2026,02:41:49: Model's personal time...
09/05/2026,02:41:49: Training...
09/05/2026,02:41:51: Evaluating...
09/05/2026,02:41:51: 	Train Loss: 3465023.5000 (base: 1165.1017, kd: 6927.7168), Elapsed: train 2.85 test 0.30
09/05/2026,02:41:51: 	Recall@10: 0.02948 Recall@20: 0.04011 NDCG@10: 0.01873 NDCG@20: 0.02164 
09/05/2026,02:41:51: 	Recall@10: 0.00913 Recall@20: 0.01606 NDCG@10: 0.00561 NDCG@20: 0.00744 
09/05/2026,02:41:51: Epoch [30/1000]
09/05/2026,02:41:51: Negative sampling...
09/05/2026,02:41:52: Model's personal time...
09/05/2026,02:41:52: Training...
09/05/2026,02:41:54: Evaluating...
09/05/2026,02:41:54: 	Train Loss: 3462314.7500 (base: 1156.8026, kd: 6922.3164), Elapsed: train 2.73 test 0.37
09/05/2026,02:41:54: 	Recall@10: 0.03037 Recall@20: 0.04292 NDCG@10: 0.01899 NDCG@20: 0.02251 
09/05/2026,02:41:54: 	Recall@10: 0.01115 Recall@20: 0.01762 NDCG@10: 0.00642 NDCG@20: 0.00826 
09/05/2026,02:41:54: Epoch [31/1000]
09/05/2026,02:41:54: Negative sampling...
09/05/2026,02:41:55: Model's personal time...
09/05/2026,02:41:55: Training...
09/05/2026,02:41:57: Evaluating...
09/05/2026,02:41:57: 	Train Loss: 3461348.5000 (base: 1147.5085, kd: 6920.4028), Elapsed: train 2.59 test 0.32
09/05/2026,02:41:57: 	Recall@10: 0.02906 Recall@20: 0.04211 NDCG@10: 0.01877 NDCG@20: 0.02229 
09/05/2026,02:41:57: 	Recall@10: 0.01051 Recall@20: 0.01775 NDCG@10: 0.00610 NDCG@20: 0.00807 
09/05/2026,02:41:57: Epoch [32/1000]
09/05/2026,02:41:57: Negative sampling...
09/05/2026,02:41:58: Model's personal time...
09/05/2026,02:41:58: Training...
09/05/2026,02:42:00: Evaluating...
09/05/2026,02:42:00: 	Train Loss: 3443188.5000 (base: 1137.9070, kd: 6884.1006), Elapsed: train 2.68 test 0.43
09/05/2026,02:42:00: 	Recall@10: 0.02998 Recall@20: 0.04295 NDCG@10: 0.01892 NDCG@20: 0.02253 
09/05/2026,02:42:00: 	Recall@10: 0.01064 Recall@20: 0.01796 NDCG@10: 0.00625 NDCG@20: 0.00832 
09/05/2026,02:42:00: Epoch [33/1000]
09/05/2026,02:42:00: Negative sampling...
09/05/2026,02:42:02: Model's personal time...
09/05/2026,02:42:02: Training...
09/05/2026,02:42:03: Evaluating...
09/05/2026,02:42:03: 	Train Loss: 3439256.7500 (base: 1128.8010, kd: 6876.2563), Elapsed: train 2.56 test 0.53 *
09/05/2026,02:42:03: 	Recall@10: 0.03013 Recall@20: 0.04365 NDCG@10: 0.01927 NDCG@20: 0.02295 
09/05/2026,02:42:03: 	Recall@10: 0.01055 Recall@20: 0.01730 NDCG@10: 0.00638 NDCG@20: 0.00824 
09/05/2026,02:42:03: Epoch [34/1000]
09/05/2026,02:42:03: Negative sampling...
09/05/2026,02:42:05: Model's personal time...
09/05/2026,02:42:05: Training...
09/05/2026,02:42:06: Evaluating...
09/05/2026,02:42:06: 	Train Loss: 3432677.2500 (base: 1121.6641, kd: 6863.1108), Elapsed: train 2.65 test 0.31 *
09/05/2026,02:42:06: 	Recall@10: 0.03103 Recall@20: 0.04419 NDCG@10: 0.01982 NDCG@20: 0.02346 
09/05/2026,02:42:06: 	Recall@10: 0.01075 Recall@20: 0.01799 NDCG@10: 0.00664 NDCG@20: 0.00866 
09/05/2026,02:42:06: Epoch [35/1000]
09/05/2026,02:42:06: Negative sampling...
09/05/2026,02:42:07: Model's personal time...
09/05/2026,02:42:07: Training...
09/05/2026,02:42:09: Evaluating...
09/05/2026,02:42:09: 	Train Loss: 3443946.7500 (base: 1111.6824, kd: 6885.6709), Elapsed: train 2.50 test 0.39
09/05/2026,02:42:09: 	Recall@10: 0.03212 Recall@20: 0.04382 NDCG@10: 0.01958 NDCG@20: 0.02280 
09/05/2026,02:42:09: 	Recall@10: 0.01078 Recall@20: 0.01829 NDCG@10: 0.00661 NDCG@20: 0.00874 
09/05/2026,02:42:09: Epoch [36/1000]
09/05/2026,02:42:09: Negative sampling...
09/05/2026,02:42:10: Model's personal time...
09/05/2026,02:42:10: Training...
09/05/2026,02:42:12: Evaluating...
09/05/2026,02:42:12: 	Train Loss: 3431009.5000 (base: 1104.5952, kd: 6859.8096), Elapsed: train 2.66 test 0.47
09/05/2026,02:42:12: 	Recall@10: 0.03035 Recall@20: 0.04415 NDCG@10: 0.01931 NDCG@20: 0.02305 
09/05/2026,02:42:12: 	Recall@10: 0.01078 Recall@20: 0.01713 NDCG@10: 0.00655 NDCG@20: 0.00832 
09/05/2026,02:42:12: Epoch [37/1000]
09/05/2026,02:42:12: Negative sampling...
09/05/2026,02:42:13: Model's personal time...
09/05/2026,02:42:14: Training...
09/05/2026,02:42:15: Evaluating...
09/05/2026,02:42:15: 	Train Loss: 3423837.2500 (base: 1095.8616, kd: 6845.4834), Elapsed: train 2.54 test 0.33 *
09/05/2026,02:42:15: 	Recall@10: 0.03309 Recall@20: 0.04609 NDCG@10: 0.02003 NDCG@20: 0.02366 
09/05/2026,02:42:15: 	Recall@10: 0.01283 Recall@20: 0.01867 NDCG@10: 0.00721 NDCG@20: 0.00884 
09/05/2026,02:42:15: Epoch [38/1000]
09/05/2026,02:42:15: Negative sampling...
09/05/2026,02:42:16: Model's personal time...
09/05/2026,02:42:16: Training...
09/05/2026,02:42:17: Evaluating...
09/05/2026,02:42:18: 	Train Loss: 3414549.5000 (base: 1087.4375, kd: 6826.9238), Elapsed: train 2.44 test 0.28
09/05/2026,02:42:18: 	Recall@10: 0.03123 Recall@20: 0.04435 NDCG@10: 0.01938 NDCG@20: 0.02305 
09/05/2026,02:42:18: 	Recall@10: 0.01119 Recall@20: 0.01786 NDCG@10: 0.00677 NDCG@20: 0.00864 
09/05/2026,02:42:18: Epoch [39/1000]
09/05/2026,02:42:18: Negative sampling...
09/05/2026,02:42:19: Model's personal time...
09/05/2026,02:42:19: Training...
09/05/2026,02:42:20: Evaluating...
09/05/2026,02:42:21: 	Train Loss: 3401159.7500 (base: 1080.2700, kd: 6800.1592), Elapsed: train 2.51 test 0.32
09/05/2026,02:42:21: 	Recall@10: 0.03114 Recall@20: 0.04514 NDCG@10: 0.01967 NDCG@20: 0.02351 
09/05/2026,02:42:21: 	Recall@10: 0.01134 Recall@20: 0.01837 NDCG@10: 0.00670 NDCG@20: 0.00865 
09/05/2026,02:42:21: Epoch [40/1000]
09/05/2026,02:42:21: Negative sampling...
09/05/2026,02:42:22: Model's personal time...
09/05/2026,02:42:22: Training...
09/05/2026,02:42:23: Evaluating...
09/05/2026,02:42:23: 	Train Loss: 3403754.5000 (base: 1073.5814, kd: 6805.3623), Elapsed: train 2.47 test 0.30 *
09/05/2026,02:42:23: 	Recall@10: 0.03219 Recall@20: 0.04756 NDCG@10: 0.02016 NDCG@20: 0.02439 
09/05/2026,02:42:23: 	Recall@10: 0.01235 Recall@20: 0.01840 NDCG@10: 0.00708 NDCG@20: 0.00876 
09/05/2026,02:42:23: Epoch [41/1000]
09/05/2026,02:42:23: Negative sampling...
09/05/2026,02:42:25: Model's personal time...
09/05/2026,02:42:25: Training...
09/05/2026,02:42:26: Evaluating...
09/05/2026,02:42:26: 	Train Loss: 3395808.0000 (base: 1067.3214, kd: 6789.4819), Elapsed: train 2.66 test 0.43
09/05/2026,02:42:26: 	Recall@10: 0.03196 Recall@20: 0.04569 NDCG@10: 0.02020 NDCG@20: 0.02403 
09/05/2026,02:42:26: 	Recall@10: 0.01175 Recall@20: 0.01847 NDCG@10: 0.00698 NDCG@20: 0.00884 
09/05/2026,02:42:26: Epoch [42/1000]
09/05/2026,02:42:26: Negative sampling...
09/05/2026,02:42:28: Model's personal time...
09/05/2026,02:42:28: Training...
09/05/2026,02:42:29: Evaluating...
09/05/2026,02:42:29: 	Train Loss: 3396898.5000 (base: 1058.9069, kd: 6791.6792), Elapsed: train 2.63 test 0.41 *
09/05/2026,02:42:29: 	Recall@10: 0.03376 Recall@20: 0.04580 NDCG@10: 0.02125 NDCG@20: 0.02455 
09/05/2026,02:42:29: 	Recall@10: 0.01244 Recall@20: 0.01978 NDCG@10: 0.00697 NDCG@20: 0.00903 
09/05/2026,02:42:29: Epoch [43/1000]
09/05/2026,02:42:29: Negative sampling...
09/05/2026,02:42:31: Model's personal time...
09/05/2026,02:42:31: Training...
09/05/2026,02:42:32: Evaluating...
09/05/2026,02:42:33: 	Train Loss: 3391638.2500 (base: 1052.8698, kd: 6781.1709), Elapsed: train 2.73 test 0.53
09/05/2026,02:42:33: 	Recall@10: 0.03114 Recall@20: 0.04544 NDCG@10: 0.01992 NDCG@20: 0.02381 
09/05/2026,02:42:33: 	Recall@10: 0.01116 Recall@20: 0.01773 NDCG@10: 0.00646 NDCG@20: 0.00831 
09/05/2026,02:42:33: Epoch [44/1000]
09/05/2026,02:42:33: Negative sampling...
09/05/2026,02:42:34: Model's personal time...
09/05/2026,02:42:34: Training...
09/05/2026,02:42:35: Evaluating...
09/05/2026,02:42:36: 	Train Loss: 3380239.5000 (base: 1046.2506, kd: 6758.3872), Elapsed: train 2.79 test 0.35
09/05/2026,02:42:36: 	Recall@10: 0.03388 Recall@20: 0.04714 NDCG@10: 0.02089 NDCG@20: 0.02450 
09/05/2026,02:42:36: 	Recall@10: 0.01263 Recall@20: 0.01877 NDCG@10: 0.00705 NDCG@20: 0.00880 
09/05/2026,02:42:36: Epoch [45/1000]
09/05/2026,02:42:36: Negative sampling...
09/05/2026,02:42:37: Model's personal time...
09/05/2026,02:42:37: Training...
09/05/2026,02:42:39: Evaluating...
09/05/2026,02:42:39: 	Train Loss: 3381579.0000 (base: 1040.5763, kd: 6761.0771), Elapsed: train 2.82 test 0.45
09/05/2026,02:42:39: 	Recall@10: 0.03366 Recall@20: 0.04566 NDCG@10: 0.02066 NDCG@20: 0.02402 
09/05/2026,02:42:39: 	Recall@10: 0.01270 Recall@20: 0.01911 NDCG@10: 0.00707 NDCG@20: 0.00886 
09/05/2026,02:42:39: Epoch [46/1000]
09/05/2026,02:42:39: Negative sampling...
09/05/2026,02:42:40: Model's personal time...
09/05/2026,02:42:40: Training...
09/05/2026,02:42:42: Evaluating...
09/05/2026,02:42:42: 	Train Loss: 3372573.2500 (base: 1034.1809, kd: 6743.0781), Elapsed: train 2.59 test 0.36 *
09/05/2026,02:42:42: 	Recall@10: 0.03290 Recall@20: 0.04820 NDCG@10: 0.02098 NDCG@20: 0.02519 
09/05/2026,02:42:42: 	Recall@10: 0.01303 Recall@20: 0.01915 NDCG@10: 0.00711 NDCG@20: 0.00883 
09/05/2026,02:42:42: Epoch [47/1000]
09/05/2026,02:42:42: Negative sampling...
09/05/2026,02:42:43: Model's personal time...
09/05/2026,02:42:43: Training...
09/05/2026,02:42:45: Evaluating...
09/05/2026,02:42:45: 	Train Loss: 3373132.0000 (base: 1028.2179, kd: 6744.2070), Elapsed: train 2.58 test 0.26
09/05/2026,02:42:45: 	Recall@10: 0.03257 Recall@20: 0.04624 NDCG@10: 0.02080 NDCG@20: 0.02454 
09/05/2026,02:42:45: 	Recall@10: 0.01150 Recall@20: 0.01934 NDCG@10: 0.00675 NDCG@20: 0.00896 
09/05/2026,02:42:45: Epoch [48/1000]
09/05/2026,02:42:45: Negative sampling...
----------------------------------------TEACHER----------------------------------------
init_std                                 0.01
embedding_dim                            400
----------------------------------------TEACHER----------------------------------------
----------------------------------------STUDENT----------------------------------------
init_std                                 0.01
embedding_dim                            5
----------------------------------------STUDENT----------------------------------------
----------------------------------------ARGUMENTS----------------------------------------
run_all                                  False
seed                                     0
gpu_id                                   0
no_log                                   False
no_save                                  False
suffix                                   capacity_d5_k20_l50_seed0
verbose                                  False
ablation                                 False
task                                     rec
dataset                                  citeulike
batch_size                               2048
num_ns                                   1
neg_sampling_on_all                      False
T_backbone                               bpr
S_backbone                               bpr
model                                    rcekd
preload                                  False
postsave                                 False
train_teacher                            False
ckpt_interval                            -1
epochs                                   1000
lr                                       0.001
wd                                       1e-05
lmbda                                    500
srce_alpha                               1.0
srce_s                                   20.0
srce_eta                                 1.0
srce_Lu                                  20
srce_mode                                union
srce_kappa                               0.0
eval_period                              1
K_list                                   [10, 20]
early_stop_metric                        NDCG
early_stop_K                             20
early_stop_patience                      30
LOG_DIR                                  logs/
CONFIG_DIR                               configs/
DATA_DIR                                 data/
CKPT_DIR                                 checkpoints/
CRAFT_DIR                                crafts/
mkd_tau                                  1
mkd_K                                    20
mkd_L                                    50
mkd_T                                    10
mkd_mxK                                  200
mkd_beta                                 3
sample_rank                              False
----------------------------------------ARGUMENTS----------------------------------------
----------------------------------------Teacher----------------------------------------
09/05/2026,02:46:09: ------------------------------
09/05/2026,02:46:09: valid Recall@10: 0.06778 Recall@20: 0.10315 NDCG@10: 0.04052 NDCG@20: 0.05027
09/05/2026,02:46:09: test Recall@10: 0.02747 Recall@20: 0.04385 NDCG@10: 0.01551 NDCG@20: 0.02003
----------------------------------------------------------------------------------------
09/05/2026,02:46:09: Epoch [1/1000]
09/05/2026,02:46:09: Negative sampling...
09/05/2026,02:46:11: Model's personal time...
09/05/2026,02:46:11: Training...
09/05/2026,02:46:12: Evaluating...
09/05/2026,02:46:13: 	Train Loss: 4259306.5000 (base: 1391.8173, kd: 8515.8291), Elapsed: train 2.81 test 0.38 *
09/05/2026,02:46:13: 	Recall@10: 0.00346 Recall@20: 0.00692 NDCG@10: 0.00185 NDCG@20: 0.00279 
09/05/2026,02:46:13: 	Recall@10: 0.00182 Recall@20: 0.00253 NDCG@10: 0.00099 NDCG@20: 0.00119 
09/05/2026,02:46:13: Epoch [2/1000]
09/05/2026,02:46:13: Negative sampling...
09/05/2026,02:46:14: Model's personal time...
09/05/2026,02:46:14: Training...
09/05/2026,02:46:15: Evaluating...
09/05/2026,02:46:15: 	Train Loss: 3934408.7500 (base: 1389.8688, kd: 7866.0381), Elapsed: train 2.51 test 0.31 *
09/05/2026,02:46:15: 	Recall@10: 0.02006 Recall@20: 0.02839 NDCG@10: 0.01023 NDCG@20: 0.01264 
09/05/2026,02:46:15: 	Recall@10: 0.00694 Recall@20: 0.01115 NDCG@10: 0.00336 NDCG@20: 0.00456 
09/05/2026,02:46:15: Epoch [3/1000]
09/05/2026,02:46:15: Negative sampling...
09/05/2026,02:46:17: Model's personal time...
09/05/2026,02:46:17: Training...
09/05/2026,02:46:18: Evaluating...
09/05/2026,02:46:18: 	Train Loss: 3871125.5000 (base: 1386.0673, kd: 7739.4795), Elapsed: train 2.60 test 0.29
09/05/2026,02:46:18: 	Recall@10: 0.01684 Recall@20: 0.02216 NDCG@10: 0.01039 NDCG@20: 0.01187 
09/05/2026,02:46:18: 	Recall@10: 0.00482 Recall@20: 0.00621 NDCG@10: 0.00302 NDCG@20: 0.00340 
09/05/2026,02:46:18: Epoch [4/1000]
09/05/2026,02:46:18: Negative sampling...
09/05/2026,02:46:20: Model's personal time...
09/05/2026,02:46:20: Training...
09/05/2026,02:46:21: Evaluating...
09/05/2026,02:46:21: 	Train Loss: 3862153.7500 (base: 1381.9167, kd: 7721.5430), Elapsed: train 2.60 test 0.37 *
09/05/2026,02:46:21: 	Recall@10: 0.01771 Recall@20: 0.02851 NDCG@10: 0.01197 NDCG@20: 0.01489 
09/05/2026,02:46:21: 	Recall@10: 0.00555 Recall@20: 0.00976 NDCG@10: 0.00383 NDCG@20: 0.00499 
09/05/2026,02:46:21: Epoch [5/1000]
09/05/2026,02:46:21: Negative sampling...
09/05/2026,02:46:23: Model's personal time...
09/05/2026,02:46:23: Training...
09/05/2026,02:46:24: Evaluating...
09/05/2026,02:46:24: 	Train Loss: 3838970.0000 (base: 1376.4742, kd: 7675.1875), Elapsed: train 2.85 test 0.41 *
09/05/2026,02:46:24: 	Recall@10: 0.02441 Recall@20: 0.03073 NDCG@10: 0.01478 NDCG@20: 0.01646 
09/05/2026,02:46:24: 	Recall@10: 0.00745 Recall@20: 0.01053 NDCG@10: 0.00483 NDCG@20: 0.00567 
09/05/2026,02:46:24: Epoch [6/1000]
09/05/2026,02:46:24: Negative sampling...
09/05/2026,02:46:26: Model's personal time...
09/05/2026,02:46:26: Training...
09/05/2026,02:46:27: Evaluating...
09/05/2026,02:46:28: 	Train Loss: 3781432.5000 (base: 1370.8151, kd: 7560.1235), Elapsed: train 2.63 test 0.81
09/05/2026,02:46:28: 	Recall@10: 0.01997 Recall@20: 0.02707 NDCG@10: 0.01299 NDCG@20: 0.01497 
09/05/2026,02:46:28: 	Recall@10: 0.00663 Recall@20: 0.00940 NDCG@10: 0.00434 NDCG@20: 0.00509 
09/05/2026,02:46:28: Epoch [7/1000]
09/05/2026,02:46:28: Negative sampling...
09/05/2026,02:46:29: Model's personal time...
09/05/2026,02:46:29: Training...
09/05/2026,02:46:31: Evaluating...
09/05/2026,02:46:31: 	Train Loss: 3756408.7500 (base: 1364.6575, kd: 7510.0879), Elapsed: train 2.93 test 0.59 *
09/05/2026,02:46:31: 	Recall@10: 0.01923 Recall@20: 0.03525 NDCG@10: 0.01306 NDCG@20: 0.01736 
09/05/2026,02:46:31: 	Recall@10: 0.00637 Recall@20: 0.01335 NDCG@10: 0.00424 NDCG@20: 0.00617 
09/05/2026,02:46:31: Epoch [8/1000]
09/05/2026,02:46:31: Negative sampling...
09/05/2026,02:46:34: Model's personal time...
09/05/2026,02:46:34: Training...
09/05/2026,02:46:35: Evaluating...
09/05/2026,02:46:35: 	Train Loss: 3730743.5000 (base: 1357.7512, kd: 7458.7715), Elapsed: train 3.43 test 0.54 *
09/05/2026,02:46:35: 	Recall@10: 0.02729 Recall@20: 0.03632 NDCG@10: 0.01573 NDCG@20: 0.01826 
09/05/2026,02:46:35: 	Recall@10: 0.00816 Recall@20: 0.01502 NDCG@10: 0.00520 NDCG@20: 0.00707 
09/05/2026,02:46:35: Epoch [9/1000]
09/05/2026,02:46:35: Negative sampling...
09/05/2026,02:46:37: Model's personal time...
09/05/2026,02:46:37: Training...
09/05/2026,02:46:38: Evaluating...
09/05/2026,02:46:38: 	Train Loss: 3703590.7500 (base: 1351.0219, kd: 7404.4795), Elapsed: train 2.35 test 0.39
09/05/2026,02:46:38: 	Recall@10: 0.02349 Recall@20: 0.03763 NDCG@10: 0.01438 NDCG@20: 0.01825 
09/05/2026,02:46:38: 	Recall@10: 0.00788 Recall@20: 0.01627 NDCG@10: 0.00476 NDCG@20: 0.00706 
09/05/2026,02:46:38: Epoch [10/1000]
09/05/2026,02:46:38: Negative sampling...
09/05/2026,02:46:40: Model's personal time...
09/05/2026,02:46:40: Training...
09/05/2026,02:46:41: Evaluating...
09/05/2026,02:46:41: 	Train Loss: 3686035.2500 (base: 1343.7080, kd: 7369.3823), Elapsed: train 2.70 test 0.45
09/05/2026,02:46:41: 	Recall@10: 0.02673 Recall@20: 0.03243 NDCG@10: 0.01565 NDCG@20: 0.01723 
09/05/2026,02:46:41: 	Recall@10: 0.00793 Recall@20: 0.01105 NDCG@10: 0.00491 NDCG@20: 0.00576 
09/05/2026,02:46:41: Epoch [11/1000]
09/05/2026,02:46:41: Negative sampling...
09/05/2026,02:46:43: Model's personal time...
09/05/2026,02:46:43: Training...
09/05/2026,02:46:44: Evaluating...
09/05/2026,02:46:45: 	Train Loss: 3649861.7500 (base: 1335.8943, kd: 7297.0508), Elapsed: train 2.91 test 0.63
09/05/2026,02:46:45: 	Recall@10: 0.02458 Recall@20: 0.03112 NDCG@10: 0.01482 NDCG@20: 0.01660 
09/05/2026,02:46:45: 	Recall@10: 0.00774 Recall@20: 0.01152 NDCG@10: 0.00496 NDCG@20: 0.00597 
09/05/2026,02:46:45: Epoch [12/1000]
09/05/2026,02:46:45: Negative sampling...
09/05/2026,02:46:47: Model's personal time...
09/05/2026,02:46:47: Training...
09/05/2026,02:46:48: Evaluating...
09/05/2026,02:46:48: 	Train Loss: 3643184.2500 (base: 1328.0623, kd: 7283.7129), Elapsed: train 2.85 test 0.58
09/05/2026,02:46:48: 	Recall@10: 0.02633 Recall@20: 0.03289 NDCG@10: 0.01580 NDCG@20: 0.01766 
09/05/2026,02:46:48: 	Recall@10: 0.00860 Recall@20: 0.01165 NDCG@10: 0.00490 NDCG@20: 0.00576 
09/05/2026,02:46:48: Epoch [13/1000]
09/05/2026,02:46:48: Negative sampling...
09/05/2026,02:46:50: Model's personal time...
09/05/2026,02:46:50: Training...
09/05/2026,02:46:51: Evaluating...
09/05/2026,02:46:52: 	Train Loss: 3630724.5000 (base: 1319.7812, kd: 7258.8096), Elapsed: train 2.86 test 0.50 *
09/05/2026,02:46:52: 	Recall@10: 0.02764 Recall@20: 0.03823 NDCG@10: 0.01644 NDCG@20: 0.01929 
09/05/2026,02:46:52: 	Recall@10: 0.00901 Recall@20: 0.01511 NDCG@10: 0.00514 NDCG@20: 0.00682 
09/05/2026,02:46:52: Epoch [14/1000]
09/05/2026,02:46:52: Negative sampling...
09/05/2026,02:46:53: Model's personal time...
09/05/2026,02:46:53: Training...
09/05/2026,02:46:55: Evaluating...
09/05/2026,02:46:55: 	Train Loss: 3602764.2500 (base: 1311.8645, kd: 7202.9048), Elapsed: train 3.09 test 0.41
09/05/2026,02:46:55: 	Recall@10: 0.02689 Recall@20: 0.03287 NDCG@10: 0.01642 NDCG@20: 0.01803 
09/05/2026,02:46:55: 	Recall@10: 0.00976 Recall@20: 0.01161 NDCG@10: 0.00566 NDCG@20: 0.00616 
09/05/2026,02:46:55: Epoch [15/1000]
09/05/2026,02:46:55: Negative sampling...
09/05/2026,02:46:57: Model's personal time...
09/05/2026,02:46:57: Training...
09/05/2026,02:46:59: Evaluating...
09/05/2026,02:46:59: 	Train Loss: 3595146.0000 (base: 1302.6360, kd: 7187.6865), Elapsed: train 3.43 test 0.54
09/05/2026,02:46:59: 	Recall@10: 0.02867 Recall@20: 0.03491 NDCG@10: 0.01729 NDCG@20: 0.01894 
09/05/2026,02:46:59: 	Recall@10: 0.00922 Recall@20: 0.01139 NDCG@10: 0.00540 NDCG@20: 0.00600 
09/05/2026,02:46:59: Epoch [16/1000]
09/05/2026,02:46:59: Negative sampling...
09/05/2026,02:47:03: Model's personal time...
09/05/2026,02:47:03: Training...
09/05/2026,02:47:04: Evaluating...
09/05/2026,02:47:04: 	Train Loss: 3578737.2500 (base: 1294.0114, kd: 7154.8862), Elapsed: train 4.97 test 0.35 *
09/05/2026,02:47:04: 	Recall@10: 0.02794 Recall@20: 0.03858 NDCG@10: 0.01723 NDCG@20: 0.02001 
09/05/2026,02:47:04: 	Recall@10: 0.00988 Recall@20: 0.01491 NDCG@10: 0.00558 NDCG@20: 0.00697 
09/05/2026,02:47:04: Epoch [17/1000]
09/05/2026,02:47:04: Negative sampling...
09/05/2026,02:47:06: Model's personal time...
09/05/2026,02:47:06: Training...
09/05/2026,02:47:08: Evaluating...
09/05/2026,02:47:08: 	Train Loss: 3571483.2500 (base: 1284.5354, kd: 7140.3979), Elapsed: train 3.18 test 0.62
09/05/2026,02:47:08: 	Recall@10: 0.02745 Recall@20: 0.03212 NDCG@10: 0.01682 NDCG@20: 0.01809 
09/05/2026,02:47:08: 	Recall@10: 0.00934 Recall@20: 0.01151 NDCG@10: 0.00571 NDCG@20: 0.00631 
09/05/2026,02:47:08: Epoch [18/1000]
09/05/2026,02:47:08: Negative sampling...
09/05/2026,02:47:11: Model's personal time...
09/05/2026,02:47:11: Training...
09/05/2026,02:47:12: Evaluating...
09/05/2026,02:47:12: 	Train Loss: 3553675.2500 (base: 1274.6250, kd: 7104.8022), Elapsed: train 3.80 test 0.42
09/05/2026,02:47:12: 	Recall@10: 0.02766 Recall@20: 0.03871 NDCG@10: 0.01683 NDCG@20: 0.01973 
09/05/2026,02:47:12: 	Recall@10: 0.00947 Recall@20: 0.01621 NDCG@10: 0.00583 NDCG@20: 0.00763 
09/05/2026,02:47:12: Epoch [19/1000]
09/05/2026,02:47:12: Negative sampling...
09/05/2026,02:47:15: Model's personal time...
09/05/2026,02:47:15: Training...
09/05/2026,02:47:17: Evaluating...
09/05/2026,02:47:18: 	Train Loss: 3548779.2500 (base: 1264.7369, kd: 7095.0293), Elapsed: train 4.81 test 0.54 *
09/05/2026,02:47:18: 	Recall@10: 0.02778 Recall@20: 0.03906 NDCG@10: 0.01715 NDCG@20: 0.02020 
09/05/2026,02:47:18: 	Recall@10: 0.00900 Recall@20: 0.01630 NDCG@10: 0.00544 NDCG@20: 0.00748 
09/05/2026,02:47:18: Epoch [20/1000]
09/05/2026,02:47:18: Negative sampling...
09/05/2026,02:47:20: Model's personal time...
09/05/2026,02:47:20: Training...
09/05/2026,02:47:22: Evaluating...
09/05/2026,02:47:22: 	Train Loss: 3535987.2500 (base: 1255.4285, kd: 7069.4634), Elapsed: train 4.07 test 0.40
09/05/2026,02:47:22: 	Recall@10: 0.02838 Recall@20: 0.03402 NDCG@10: 0.01743 NDCG@20: 0.01893 
09/05/2026,02:47:22: 	Recall@10: 0.00959 Recall@20: 0.01245 NDCG@10: 0.00570 NDCG@20: 0.00650 
09/05/2026,02:47:22: Epoch [21/1000]
09/05/2026,02:47:22: Negative sampling...
09/05/2026,02:47:24: Model's personal time...
09/05/2026,02:47:24: Training...
09/05/2026,02:47:26: Evaluating...
09/05/2026,02:47:26: 	Train Loss: 3532303.5000 (base: 1244.6124, kd: 7062.1187), Elapsed: train 3.83 test 0.38 *
09/05/2026,02:47:26: 	Recall@10: 0.02808 Recall@20: 0.03909 NDCG@10: 0.01747 NDCG@20: 0.02044 
09/05/2026,02:47:26: 	Recall@10: 0.00961 Recall@20: 0.01652 NDCG@10: 0.00575 NDCG@20: 0.00765 
09/05/2026,02:47:26: Epoch [22/1000]
09/05/2026,02:47:26: Negative sampling...
09/05/2026,02:47:29: Model's personal time...
09/05/2026,02:47:29: Training...
09/05/2026,02:47:30: Evaluating...
09/05/2026,02:47:31: 	Train Loss: 3515181.7500 (base: 1235.3085, kd: 7027.8926), Elapsed: train 3.60 test 0.58 *
09/05/2026,02:47:31: 	Recall@10: 0.02872 Recall@20: 0.03884 NDCG@10: 0.01791 NDCG@20: 0.02068 
09/05/2026,02:47:31: 	Recall@10: 0.00986 Recall@20: 0.01618 NDCG@10: 0.00582 NDCG@20: 0.00755 
09/05/2026,02:47:31: Epoch [23/1000]
09/05/2026,02:47:31: Negative sampling...
09/05/2026,02:47:33: Model's personal time...
09/05/2026,02:47:33: Training...
09/05/2026,02:47:34: Evaluating...
09/05/2026,02:47:35: 	Train Loss: 3501290.0000 (base: 1224.1033, kd: 7000.1318), Elapsed: train 3.63 test 0.42
09/05/2026,02:47:35: 	Recall@10: 0.02824 Recall@20: 0.03868 NDCG@10: 0.01791 NDCG@20: 0.02063 
09/05/2026,02:47:35: 	Recall@10: 0.01008 Recall@20: 0.01590 NDCG@10: 0.00597 NDCG@20: 0.00757 
09/05/2026,02:47:35: Epoch [24/1000]
09/05/2026,02:47:35: Negative sampling...
09/05/2026,02:47:37: Model's personal time...
09/05/2026,02:47:37: Training...
09/05/2026,02:47:38: Evaluating...
09/05/2026,02:47:39: 	Train Loss: 3503652.2500 (base: 1214.5928, kd: 7004.8750), Elapsed: train 3.59 test 0.78 *
09/05/2026,02:47:39: 	Recall@10: 0.03086 Recall@20: 0.04119 NDCG@10: 0.01925 NDCG@20: 0.02207 
09/05/2026,02:47:39: 	Recall@10: 0.00966 Recall@20: 0.01663 NDCG@10: 0.00575 NDCG@20: 0.00769 
09/05/2026,02:47:39: Epoch [25/1000]
09/05/2026,02:47:39: Negative sampling...
09/05/2026,02:47:41: Model's personal time...
09/05/2026,02:47:41: Training...
09/05/2026,02:47:42: Evaluating...
09/05/2026,02:47:43: 	Train Loss: 3483941.2500 (base: 1203.8494, kd: 6965.4741), Elapsed: train 3.13 test 0.51
09/05/2026,02:47:43: 	Recall@10: 0.02832 Recall@20: 0.03978 NDCG@10: 0.01826 NDCG@20: 0.02129 
09/05/2026,02:47:43: 	Recall@10: 0.01006 Recall@20: 0.01657 NDCG@10: 0.00591 NDCG@20: 0.00768 
09/05/2026,02:47:43: Epoch [26/1000]
09/05/2026,02:47:43: Negative sampling...
09/05/2026,02:47:45: Model's personal time...
09/05/2026,02:47:45: Training...
09/05/2026,02:47:46: Evaluating...
09/05/2026,02:47:47: 	Train Loss: 3479110.5000 (base: 1194.2595, kd: 6955.8330), Elapsed: train 3.49 test 0.70 *
09/05/2026,02:47:47: 	Recall@10: 0.03231 Recall@20: 0.04142 NDCG@10: 0.02011 NDCG@20: 0.02264 
09/05/2026,02:47:47: 	Recall@10: 0.01022 Recall@20: 0.01791 NDCG@10: 0.00611 NDCG@20: 0.00832 
09/05/2026,02:47:47: Epoch [27/1000]
09/05/2026,02:47:47: Negative sampling...
09/05/2026,02:47:49: Model's personal time...
09/05/2026,02:47:49: Training...
09/05/2026,02:47:50: Evaluating...
09/05/2026,02:47:51: 	Train Loss: 3473910.5000 (base: 1185.2836, kd: 6945.4502), Elapsed: train 3.15 test 0.47
09/05/2026,02:47:51: 	Recall@10: 0.02929 Recall@20: 0.04078 NDCG@10: 0.01870 NDCG@20: 0.02186 
09/05/2026,02:47:51: 	Recall@10: 0.00949 Recall@20: 0.01661 NDCG@10: 0.00584 NDCG@20: 0.00777 
09/05/2026,02:47:51: Epoch [28/1000]
09/05/2026,02:47:51: Negative sampling...
09/05/2026,02:47:53: Model's personal time...
09/05/2026,02:47:53: Training...
09/05/2026,02:47:54: Evaluating...
09/05/2026,02:47:55: 	Train Loss: 3465832.0000 (base: 1174.6661, kd: 6929.3149), Elapsed: train 3.95 test 0.56
09/05/2026,02:47:55: 	Recall@10: 0.03164 Recall@20: 0.04241 NDCG@10: 0.01935 NDCG@20: 0.02239 
09/05/2026,02:47:55: 	Recall@10: 0.01152 Recall@20: 0.01788 NDCG@10: 0.00663 NDCG@20: 0.00839 
09/05/2026,02:47:55: Epoch [29/1000]
09/05/2026,02:47:55: Negative sampling...
09/05/2026,02:47:57: Model's personal time...
09/05/2026,02:47:57: Training...
09/05/2026,02:47:59: Evaluating...
09/05/2026,02:47:59: 	Train Loss: 3465023.5000 (base: 1165.1017, kd: 6927.7168), Elapsed: train 3.77 test 0.49
09/05/2026,02:47:59: 	Recall@10: 0.02948 Recall@20: 0.04011 NDCG@10: 0.01873 NDCG@20: 0.02164 
09/05/2026,02:47:59: 	Recall@10: 0.00913 Recall@20: 0.01606 NDCG@10: 0.00561 NDCG@20: 0.00744 
09/05/2026,02:47:59: Epoch [30/1000]
09/05/2026,02:47:59: Negative sampling...
09/05/2026,02:48:01: Model's personal time...
09/05/2026,02:48:01: Training...
09/05/2026,02:48:03: Evaluating...
09/05/2026,02:48:04: 	Train Loss: 3462314.7500 (base: 1156.8026, kd: 6922.3164), Elapsed: train 3.86 test 0.55
09/05/2026,02:48:04: 	Recall@10: 0.03037 Recall@20: 0.04292 NDCG@10: 0.01899 NDCG@20: 0.02251 
09/05/2026,02:48:04: 	Recall@10: 0.01115 Recall@20: 0.01762 NDCG@10: 0.00642 NDCG@20: 0.00826 
09/05/2026,02:48:04: Epoch [31/1000]
09/05/2026,02:48:04: Negative sampling...
09/05/2026,02:48:05: Model's personal time...
09/05/2026,02:48:05: Training...
09/05/2026,02:48:07: Evaluating...
09/05/2026,02:48:08: 	Train Loss: 3461348.5000 (base: 1147.5085, kd: 6920.4028), Elapsed: train 3.65 test 0.52
09/05/2026,02:48:08: 	Recall@10: 0.02906 Recall@20: 0.04211 NDCG@10: 0.01877 NDCG@20: 0.02229 
09/05/2026,02:48:08: 	Recall@10: 0.01051 Recall@20: 0.01775 NDCG@10: 0.00610 NDCG@20: 0.00807 
09/05/2026,02:48:08: Epoch [32/1000]
09/05/2026,02:48:08: Negative sampling...
09/05/2026,02:48:10: Model's personal time...
09/05/2026,02:48:10: Training...
09/05/2026,02:48:12: Evaluating...
09/05/2026,02:48:13: 	Train Loss: 3443188.5000 (base: 1137.9070, kd: 6884.1006), Elapsed: train 4.48 test 1.05
09/05/2026,02:48:13: 	Recall@10: 0.02998 Recall@20: 0.04295 NDCG@10: 0.01892 NDCG@20: 0.02253 
09/05/2026,02:48:13: 	Recall@10: 0.01064 Recall@20: 0.01796 NDCG@10: 0.00625 NDCG@20: 0.00832 
09/05/2026,02:48:13: Epoch [33/1000]
09/05/2026,02:48:13: Negative sampling...
09/05/2026,02:48:15: Model's personal time...
09/05/2026,02:48:15: Training...
09/05/2026,02:48:17: Evaluating...
09/05/2026,02:48:17: 	Train Loss: 3439256.7500 (base: 1128.8010, kd: 6876.2563), Elapsed: train 3.23 test 0.45 *
09/05/2026,02:48:17: 	Recall@10: 0.03013 Recall@20: 0.04365 NDCG@10: 0.01927 NDCG@20: 0.02295 
09/05/2026,02:48:17: 	Recall@10: 0.01055 Recall@20: 0.01730 NDCG@10: 0.00638 NDCG@20: 0.00824 
09/05/2026,02:48:17: Epoch [34/1000]
09/05/2026,02:48:17: Negative sampling...
09/05/2026,02:48:19: Model's personal time...
09/05/2026,02:48:19: Training...
09/05/2026,02:48:20: Evaluating...
09/05/2026,02:48:21: 	Train Loss: 3432677.2500 (base: 1121.6641, kd: 6863.1108), Elapsed: train 3.33 test 0.52 *
09/05/2026,02:48:21: 	Recall@10: 0.03103 Recall@20: 0.04419 NDCG@10: 0.01982 NDCG@20: 0.02346 
09/05/2026,02:48:21: 	Recall@10: 0.01075 Recall@20: 0.01799 NDCG@10: 0.00664 NDCG@20: 0.00866 
09/05/2026,02:48:21: Epoch [35/1000]
09/05/2026,02:48:21: Negative sampling...
09/05/2026,02:48:23: Model's personal time...
09/05/2026,02:48:23: Training...
09/05/2026,02:48:25: Evaluating...
09/05/2026,02:48:25: 	Train Loss: 3443946.7500 (base: 1111.6824, kd: 6885.6709), Elapsed: train 3.81 test 0.53
09/05/2026,02:48:25: 	Recall@10: 0.03212 Recall@20: 0.04382 NDCG@10: 0.01958 NDCG@20: 0.02280 
09/05/2026,02:48:25: 	Recall@10: 0.01078 Recall@20: 0.01829 NDCG@10: 0.00661 NDCG@20: 0.00874 
09/05/2026,02:48:25: Epoch [36/1000]
09/05/2026,02:48:25: Negative sampling...
09/05/2026,02:48:28: Model's personal time...
09/05/2026,02:48:28: Training...
09/05/2026,02:48:29: Evaluating...
09/05/2026,02:48:30: 	Train Loss: 3431009.5000 (base: 1104.5952, kd: 6859.8096), Elapsed: train 3.80 test 0.52
09/05/2026,02:48:30: 	Recall@10: 0.03035 Recall@20: 0.04415 NDCG@10: 0.01931 NDCG@20: 0.02305 
09/05/2026,02:48:30: 	Recall@10: 0.01078 Recall@20: 0.01713 NDCG@10: 0.00655 NDCG@20: 0.00832 
09/05/2026,02:48:30: Epoch [37/1000]
09/05/2026,02:48:30: Negative sampling...
09/05/2026,02:48:32: Model's personal time...
09/05/2026,02:48:32: Training...
09/05/2026,02:48:33: Evaluating...
09/05/2026,02:48:34: 	Train Loss: 3423837.2500 (base: 1095.8616, kd: 6845.4834), Elapsed: train 3.57 test 0.46 *
09/05/2026,02:48:34: 	Recall@10: 0.03309 Recall@20: 0.04609 NDCG@10: 0.02003 NDCG@20: 0.02366 
09/05/2026,02:48:34: 	Recall@10: 0.01283 Recall@20: 0.01867 NDCG@10: 0.00721 NDCG@20: 0.00884 
09/05/2026,02:48:34: Epoch [38/1000]
09/05/2026,02:48:34: Negative sampling...
09/05/2026,02:48:36: Model's personal time...
09/05/2026,02:48:36: Training...
09/05/2026,02:48:37: Evaluating...
09/05/2026,02:48:38: 	Train Loss: 3414549.5000 (base: 1087.4375, kd: 6826.9238), Elapsed: train 3.78 test 0.58
09/05/2026,02:48:38: 	Recall@10: 0.03123 Recall@20: 0.04435 NDCG@10: 0.01938 NDCG@20: 0.02305 
09/05/2026,02:48:38: 	Recall@10: 0.01119 Recall@20: 0.01786 NDCG@10: 0.00677 NDCG@20: 0.00864 
09/05/2026,02:48:38: Epoch [39/1000]
09/05/2026,02:48:38: Negative sampling...
09/05/2026,02:48:40: Model's personal time...
09/05/2026,02:48:40: Training...
09/05/2026,02:48:41: Evaluating...
09/05/2026,02:48:42: 	Train Loss: 3401159.7500 (base: 1080.2700, kd: 6800.1592), Elapsed: train 3.41 test 0.64
09/05/2026,02:48:42: 	Recall@10: 0.03114 Recall@20: 0.04514 NDCG@10: 0.01967 NDCG@20: 0.02351 
09/05/2026,02:48:42: 	Recall@10: 0.01134 Recall@20: 0.01837 NDCG@10: 0.00670 NDCG@20: 0.00865 
09/05/2026,02:48:42: Epoch [40/1000]
09/05/2026,02:48:42: Negative sampling...
09/05/2026,02:48:44: Model's personal time...
09/05/2026,02:48:44: Training...
09/05/2026,02:48:46: Evaluating...
09/05/2026,02:48:46: 	Train Loss: 3403754.5000 (base: 1073.5814, kd: 6805.3623), Elapsed: train 3.50 test 0.57 *
09/05/2026,02:48:46: 	Recall@10: 0.03219 Recall@20: 0.04756 NDCG@10: 0.02016 NDCG@20: 0.02439 
09/05/2026,02:48:46: 	Recall@10: 0.01235 Recall@20: 0.01840 NDCG@10: 0.00708 NDCG@20: 0.00876 
09/05/2026,02:48:46: Epoch [41/1000]
09/05/2026,02:48:46: Negative sampling...
09/05/2026,02:48:48: Model's personal time...
09/05/2026,02:48:48: Training...
09/05/2026,02:48:49: Evaluating...
09/05/2026,02:48:50: 	Train Loss: 3395808.0000 (base: 1067.3214, kd: 6789.4819), Elapsed: train 3.26 test 0.55
09/05/2026,02:48:50: 	Recall@10: 0.03196 Recall@20: 0.04569 NDCG@10: 0.02020 NDCG@20: 0.02403 
09/05/2026,02:48:50: 	Recall@10: 0.01175 Recall@20: 0.01847 NDCG@10: 0.00698 NDCG@20: 0.00884 
09/05/2026,02:48:50: Epoch [42/1000]
09/05/2026,02:48:50: Negative sampling...
09/05/2026,02:48:52: Model's personal time...
09/05/2026,02:48:52: Training...
09/05/2026,02:48:53: Evaluating...
09/05/2026,02:48:54: 	Train Loss: 3396898.5000 (base: 1058.9069, kd: 6791.6792), Elapsed: train 3.35 test 0.84 *
09/05/2026,02:48:54: 	Recall@10: 0.03376 Recall@20: 0.04580 NDCG@10: 0.02125 NDCG@20: 0.02455 
09/05/2026,02:48:54: 	Recall@10: 0.01244 Recall@20: 0.01978 NDCG@10: 0.00697 NDCG@20: 0.00903 
09/05/2026,02:48:54: Epoch [43/1000]
09/05/2026,02:48:54: Negative sampling...
09/05/2026,02:48:56: Model's personal time...
09/05/2026,02:48:56: Training...
09/05/2026,02:48:58: Evaluating...
09/05/2026,02:48:58: 	Train Loss: 3391638.2500 (base: 1052.8698, kd: 6781.1709), Elapsed: train 3.41 test 0.50
09/05/2026,02:48:58: 	Recall@10: 0.03114 Recall@20: 0.04544 NDCG@10: 0.01992 NDCG@20: 0.02381 
09/05/2026,02:48:58: 	Recall@10: 0.01116 Recall@20: 0.01773 NDCG@10: 0.00646 NDCG@20: 0.00831 
09/05/2026,02:48:58: Epoch [44/1000]
09/05/2026,02:48:58: Negative sampling...
09/05/2026,02:49:00: Model's personal time...
09/05/2026,02:49:00: Training...
09/05/2026,02:49:02: Evaluating...
09/05/2026,02:49:02: 	Train Loss: 3380239.5000 (base: 1046.2506, kd: 6758.3872), Elapsed: train 3.52 test 0.55
09/05/2026,02:49:02: 	Recall@10: 0.03388 Recall@20: 0.04714 NDCG@10: 0.02089 NDCG@20: 0.02450 
09/05/2026,02:49:02: 	Recall@10: 0.01263 Recall@20: 0.01877 NDCG@10: 0.00705 NDCG@20: 0.00880 
09/05/2026,02:49:02: Epoch [45/1000]
09/05/2026,02:49:02: Negative sampling...
09/05/2026,02:49:04: Model's personal time...
09/05/2026,02:49:04: Training...
09/05/2026,02:49:06: Evaluating...
09/05/2026,02:49:06: 	Train Loss: 3381579.0000 (base: 1040.5763, kd: 6761.0771), Elapsed: train 3.57 test 0.57
09/05/2026,02:49:06: 	Recall@10: 0.03366 Recall@20: 0.04566 NDCG@10: 0.02066 NDCG@20: 0.02402 
09/05/2026,02:49:06: 	Recall@10: 0.01270 Recall@20: 0.01911 NDCG@10: 0.00707 NDCG@20: 0.00886 
09/05/2026,02:49:06: Epoch [46/1000]
09/05/2026,02:49:06: Negative sampling...
09/05/2026,02:49:08: Model's personal time...
09/05/2026,02:49:08: Training...
09/05/2026,02:49:10: Evaluating...
09/05/2026,02:49:10: 	Train Loss: 3372573.2500 (base: 1034.1809, kd: 6743.0781), Elapsed: train 3.49 test 0.40 *
09/05/2026,02:49:10: 	Recall@10: 0.03290 Recall@20: 0.04820 NDCG@10: 0.02098 NDCG@20: 0.02519 
09/05/2026,02:49:10: 	Recall@10: 0.01303 Recall@20: 0.01915 NDCG@10: 0.00711 NDCG@20: 0.00883 
09/05/2026,02:49:10: Epoch [47/1000]
09/05/2026,02:49:10: Negative sampling...
09/05/2026,02:49:12: Model's personal time...
09/05/2026,02:49:12: Training...
09/05/2026,02:49:14: Evaluating...
09/05/2026,02:49:15: 	Train Loss: 3373132.0000 (base: 1028.2179, kd: 6744.2070), Elapsed: train 3.54 test 0.89
09/05/2026,02:49:15: 	Recall@10: 0.03257 Recall@20: 0.04624 NDCG@10: 0.02080 NDCG@20: 0.02454 
09/05/2026,02:49:15: 	Recall@10: 0.01150 Recall@20: 0.01934 NDCG@10: 0.00675 NDCG@20: 0.00896 
09/05/2026,02:49:15: Epoch [48/1000]
09/05/2026,02:49:15: Negative sampling...
09/05/2026,02:49:16: Model's personal time...
09/05/2026,02:49:16: Training...
09/05/2026,02:49:18: Evaluating...
09/05/2026,02:49:19: 	Train Loss: 3369758.5000 (base: 1022.9240, kd: 6737.4717), Elapsed: train 3.45 test 0.89 *
09/05/2026,02:49:19: 	Recall@10: 0.03374 Recall@20: 0.04730 NDCG@10: 0.02158 NDCG@20: 0.02527 
09/05/2026,02:49:19: 	Recall@10: 0.01215 Recall@20: 0.01886 NDCG@10: 0.00689 NDCG@20: 0.00879 
09/05/2026,02:49:19: Epoch [49/1000]
09/05/2026,02:49:19: Negative sampling...
09/05/2026,02:49:21: Model's personal time...
09/05/2026,02:49:21: Training...
09/05/2026,02:49:22: Evaluating...
09/05/2026,02:49:23: 	Train Loss: 3371501.7500 (base: 1017.5834, kd: 6740.9678), Elapsed: train 3.40 test 0.56
09/05/2026,02:49:23: 	Recall@10: 0.03529 Recall@20: 0.04780 NDCG@10: 0.02178 NDCG@20: 0.02524 
09/05/2026,02:49:23: 	Recall@10: 0.01378 Recall@20: 0.02039 NDCG@10: 0.00744 NDCG@20: 0.00927 
09/05/2026,02:49:23: Epoch [50/1000]
09/05/2026,02:49:23: Negative sampling...
09/05/2026,02:49:25: Model's personal time...
09/05/2026,02:49:25: Training...
09/05/2026,02:49:27: Evaluating...
09/05/2026,02:49:27: 	Train Loss: 3357619.2500 (base: 1010.9353, kd: 6713.2168), Elapsed: train 3.82 test 0.43
09/05/2026,02:49:27: 	Recall@10: 0.03581 Recall@20: 0.04789 NDCG@10: 0.02177 NDCG@20: 0.02505 
09/05/2026,02:49:27: 	Recall@10: 0.01318 Recall@20: 0.02035 NDCG@10: 0.00709 NDCG@20: 0.00906 
09/05/2026,02:49:27: Epoch [51/1000]
09/05/2026,02:49:27: Negative sampling...
09/05/2026,02:49:29: Model's personal time...
09/05/2026,02:49:29: Training...
09/05/2026,02:49:31: Evaluating...
09/05/2026,02:49:31: 	Train Loss: 3352649.0000 (base: 1004.5668, kd: 6703.2886), Elapsed: train 3.68 test 0.53
09/05/2026,02:49:31: 	Recall@10: 0.03440 Recall@20: 0.04844 NDCG@10: 0.02146 NDCG@20: 0.02527 
09/05/2026,02:49:31: 	Recall@10: 0.01338 Recall@20: 0.01959 NDCG@10: 0.00730 NDCG@20: 0.00903 
09/05/2026,02:49:31: Epoch [52/1000]
09/05/2026,02:49:31: Negative sampling...
09/05/2026,02:49:33: Model's personal time...
09/05/2026,02:49:33: Training...
09/05/2026,02:49:35: Evaluating...
09/05/2026,02:49:36: 	Train Loss: 3349858.7500 (base: 1001.0234, kd: 6697.7153), Elapsed: train 3.20 test 1.27 *
09/05/2026,02:49:36: 	Recall@10: 0.03596 Recall@20: 0.04925 NDCG@10: 0.02214 NDCG@20: 0.02577 
09/05/2026,02:49:36: 	Recall@10: 0.01209 Recall@20: 0.02030 NDCG@10: 0.00696 NDCG@20: 0.00922 
09/05/2026,02:49:36: Epoch [53/1000]
09/05/2026,02:49:36: Negative sampling...
09/05/2026,02:49:38: Model's personal time...
09/05/2026,02:49:38: Training...
09/05/2026,02:49:40: Evaluating...
09/05/2026,02:49:41: 	Train Loss: 3345724.0000 (base: 995.3316, kd: 6689.4580), Elapsed: train 4.63 test 0.52
09/05/2026,02:49:41: 	Recall@10: 0.03342 Recall@20: 0.04800 NDCG@10: 0.02096 NDCG@20: 0.02503 
09/05/2026,02:49:41: 	Recall@10: 0.01255 Recall@20: 0.02103 NDCG@10: 0.00697 NDCG@20: 0.00929 
09/05/2026,02:49:41: Epoch [54/1000]
09/05/2026,02:49:41: Negative sampling...
09/05/2026,02:49:43: Model's personal time...
09/05/2026,02:49:43: Training...
09/05/2026,02:49:45: Evaluating...
09/05/2026,02:49:46: 	Train Loss: 3338533.7500 (base: 990.8539, kd: 6675.0864), Elapsed: train 4.55 test 0.44
09/05/2026,02:49:46: 	Recall@10: 0.03399 Recall@20: 0.04769 NDCG@10: 0.02111 NDCG@20: 0.02488 
09/05/2026,02:49:46: 	Recall@10: 0.01316 Recall@20: 0.01988 NDCG@10: 0.00725 NDCG@20: 0.00917 
09/05/2026,02:49:46: Epoch [55/1000]
09/05/2026,02:49:46: Negative sampling...
09/05/2026,02:49:48: Model's personal time...
09/05/2026,02:49:48: Training...
09/05/2026,02:49:50: Evaluating...
09/05/2026,02:49:51: 	Train Loss: 3346396.2500 (base: 984.8691, kd: 6690.8228), Elapsed: train 3.65 test 1.08
09/05/2026,02:49:51: 	Recall@10: 0.03510 Recall@20: 0.04925 NDCG@10: 0.02145 NDCG@20: 0.02534 
09/05/2026,02:49:51: 	Recall@10: 0.01296 Recall@20: 0.02084 NDCG@10: 0.00722 NDCG@20: 0.00939 
09/05/2026,02:49:51: Epoch [56/1000]
09/05/2026,02:49:51: Negative sampling...
09/05/2026,02:49:52: Model's personal time...
09/05/2026,02:49:52: Training...
09/05/2026,02:49:54: Evaluating...
09/05/2026,02:49:55: 	Train Loss: 3340859.0000 (base: 982.2872, kd: 6679.7529), Elapsed: train 3.45 test 1.06
09/05/2026,02:49:55: 	Recall@10: 0.03476 Recall@20: 0.04876 NDCG@10: 0.02108 NDCG@20: 0.02489 
09/05/2026,02:49:55: 	Recall@10: 0.01292 Recall@20: 0.02010 NDCG@10: 0.00710 NDCG@20: 0.00911 
09/05/2026,02:49:55: Epoch [57/1000]
09/05/2026,02:49:55: Negative sampling...
09/05/2026,02:49:57: Model's personal time...
09/05/2026,02:49:57: Training...
09/05/2026,02:49:59: Evaluating...
09/05/2026,02:50:00: 	Train Loss: 3342573.0000 (base: 975.9365, kd: 6683.1938), Elapsed: train 3.91 test 0.78
09/05/2026,02:50:00: 	Recall@10: 0.03523 Recall@20: 0.04890 NDCG@10: 0.02167 NDCG@20: 0.02547 
09/05/2026,02:50:00: 	Recall@10: 0.01392 Recall@20: 0.02061 NDCG@10: 0.00769 NDCG@20: 0.00956 
09/05/2026,02:50:00: Epoch [58/1000]
09/05/2026,02:50:00: Negative sampling...
09/05/2026,02:50:01: Model's personal time...
09/05/2026,02:50:01: Training...
09/05/2026,02:50:04: Evaluating...
09/05/2026,02:50:04: 	Train Loss: 3327443.2500 (base: 973.9415, kd: 6652.9385), Elapsed: train 3.93 test 0.66 *
09/05/2026,02:50:04: 	Recall@10: 0.03490 Recall@20: 0.05163 NDCG@10: 0.02175 NDCG@20: 0.02629 
09/05/2026,02:50:04: 	Recall@10: 0.01306 Recall@20: 0.02107 NDCG@10: 0.00727 NDCG@20: 0.00950 
09/05/2026,02:50:04: Epoch [59/1000]
09/05/2026,02:50:04: Negative sampling...
09/05/2026,02:50:06: Model's personal time...
09/05/2026,02:50:06: Training...
09/05/2026,02:50:09: Evaluating...
09/05/2026,02:50:09: 	Train Loss: 3336715.0000 (base: 969.4199, kd: 6671.4907), Elapsed: train 4.25 test 0.42
09/05/2026,02:50:09: 	Recall@10: 0.03572 Recall@20: 0.05011 NDCG@10: 0.02194 NDCG@20: 0.02586 
09/05/2026,02:50:09: 	Recall@10: 0.01308 Recall@20: 0.02011 NDCG@10: 0.00725 NDCG@20: 0.00918 
09/05/2026,02:50:09: Epoch [60/1000]
09/05/2026,02:50:09: Negative sampling...
09/05/2026,02:50:11: Model's personal time...
09/05/2026,02:50:11: Training...
09/05/2026,02:50:13: Evaluating...
09/05/2026,02:50:14: 	Train Loss: 3329140.2500 (base: 963.4335, kd: 6656.3530), Elapsed: train 3.92 test 0.52
09/05/2026,02:50:14: 	Recall@10: 0.03604 Recall@20: 0.04941 NDCG@10: 0.02214 NDCG@20: 0.02579 
09/05/2026,02:50:14: 	Recall@10: 0.01335 Recall@20: 0.02068 NDCG@10: 0.00718 NDCG@20: 0.00922 
09/05/2026,02:50:14: Epoch [61/1000]
09/05/2026,02:50:14: Negative sampling...
09/05/2026,02:50:16: Model's personal time...
09/05/2026,02:50:16: Training...
09/05/2026,02:50:18: Evaluating...
09/05/2026,02:50:19: 	Train Loss: 3325932.0000 (base: 961.0628, kd: 6649.9414), Elapsed: train 4.45 test 0.55
09/05/2026,02:50:19: 	Recall@10: 0.03598 Recall@20: 0.04967 NDCG@10: 0.02232 NDCG@20: 0.02607 
09/05/2026,02:50:19: 	Recall@10: 0.01416 Recall@20: 0.02035 NDCG@10: 0.00772 NDCG@20: 0.00946 
09/05/2026,02:50:19: Epoch [62/1000]
09/05/2026,02:50:19: Negative sampling...
09/05/2026,02:50:20: Model's personal time...
09/05/2026,02:50:20: Training...
09/05/2026,02:50:22: Evaluating...
09/05/2026,02:50:23: 	Train Loss: 3330897.0000 (base: 954.9096, kd: 6659.8838), Elapsed: train 3.76 test 0.42
09/05/2026,02:50:23: 	Recall@10: 0.03566 Recall@20: 0.05032 NDCG@10: 0.02207 NDCG@20: 0.02610 
09/05/2026,02:50:23: 	Recall@10: 0.01377 Recall@20: 0.02179 NDCG@10: 0.00784 NDCG@20: 0.01004 
09/05/2026,02:50:23: Epoch [63/1000]
09/05/2026,02:50:23: Negative sampling...
09/05/2026,02:50:25: Model's personal time...
09/05/2026,02:50:25: Training...
09/05/2026,02:50:27: Evaluating...
09/05/2026,02:50:27: 	Train Loss: 3323934.7500 (base: 952.2220, kd: 6645.9648), Elapsed: train 3.81 test 0.36
09/05/2026,02:50:27: 	Recall@10: 0.03634 Recall@20: 0.04950 NDCG@10: 0.02249 NDCG@20: 0.02608 
09/05/2026,02:50:27: 	Recall@10: 0.01370 Recall@20: 0.01999 NDCG@10: 0.00757 NDCG@20: 0.00931 
09/05/2026,02:50:27: Epoch [64/1000]
09/05/2026,02:50:27: Negative sampling...
09/05/2026,02:50:29: Model's personal time...
09/05/2026,02:50:29: Training...
09/05/2026,02:50:31: Evaluating...
09/05/2026,02:50:31: 	Train Loss: 3321360.2500 (base: 946.7052, kd: 6640.8262), Elapsed: train 3.83 test 0.37
09/05/2026,02:50:31: 	Recall@10: 0.03599 Recall@20: 0.05041 NDCG@10: 0.02221 NDCG@20: 0.02610 
09/05/2026,02:50:31: 	Recall@10: 0.01330 Recall@20: 0.02029 NDCG@10: 0.00745 NDCG@20: 0.00942 
09/05/2026,02:50:31: Epoch [65/1000]
09/05/2026,02:50:31: Negative sampling...
09/05/2026,02:50:33: Model's personal time...
09/05/2026,02:50:33: Training...
09/05/2026,02:50:35: Evaluating...
09/05/2026,02:50:36: 	Train Loss: 3314765.7500 (base: 942.3335, kd: 6627.6460), Elapsed: train 3.87 test 0.56
09/05/2026,02:50:36: 	Recall@10: 0.03663 Recall@20: 0.04987 NDCG@10: 0.02233 NDCG@20: 0.02597 
09/05/2026,02:50:36: 	Recall@10: 0.01384 Recall@20: 0.02081 NDCG@10: 0.00770 NDCG@20: 0.00967 
09/05/2026,02:50:36: Epoch [66/1000]
09/05/2026,02:50:36: Negative sampling...
09/05/2026,02:50:38: Model's personal time...
09/05/2026,02:50:38: Training...
09/05/2026,02:50:39: Evaluating...
09/05/2026,02:50:40: 	Train Loss: 3315663.5000 (base: 942.3858, kd: 6629.4424), Elapsed: train 3.74 test 0.42
09/05/2026,02:50:40: 	Recall@10: 0.03562 Recall@20: 0.05013 NDCG@10: 0.02196 NDCG@20: 0.02586 
09/05/2026,02:50:40: 	Recall@10: 0.01370 Recall@20: 0.02001 NDCG@10: 0.00755 NDCG@20: 0.00932 
09/05/2026,02:50:40: Epoch [67/1000]
09/05/2026,02:50:40: Negative sampling...
09/05/2026,02:50:42: Model's personal time...
09/05/2026,02:50:42: Training...
09/05/2026,02:50:43: Evaluating...
09/05/2026,02:50:44: 	Train Loss: 3309112.5000 (base: 934.9781, kd: 6616.3550), Elapsed: train 3.74 test 0.99
09/05/2026,02:50:44: 	Recall@10: 0.03512 Recall@20: 0.05037 NDCG@10: 0.02190 NDCG@20: 0.02602 
09/05/2026,02:50:44: 	Recall@10: 0.01292 Recall@20: 0.02001 NDCG@10: 0.00731 NDCG@20: 0.00927 
09/05/2026,02:50:44: Epoch [68/1000]
09/05/2026,02:50:44: Negative sampling...
09/05/2026,02:50:47: Model's personal time...
09/05/2026,02:50:47: Training...
09/05/2026,02:50:48: Evaluating...
09/05/2026,02:50:49: 	Train Loss: 3308790.5000 (base: 932.2997, kd: 6615.7158), Elapsed: train 4.03 test 0.46 *
09/05/2026,02:50:49: 	Recall@10: 0.03675 Recall@20: 0.05127 NDCG@10: 0.02258 NDCG@20: 0.02654 
09/05/2026,02:50:49: 	Recall@10: 0.01407 Recall@20: 0.02058 NDCG@10: 0.00790 NDCG@20: 0.00969 
09/05/2026,02:50:49: Epoch [69/1000]
09/05/2026,02:50:49: Negative sampling...
09/05/2026,02:50:51: Model's personal time...
09/05/2026,02:50:51: Training...
09/05/2026,02:50:53: Evaluating...
09/05/2026,02:50:53: 	Train Loss: 3308665.0000 (base: 927.0803, kd: 6615.4756), Elapsed: train 3.94 test 0.54
09/05/2026,02:50:53: 	Recall@10: 0.03640 Recall@20: 0.04978 NDCG@10: 0.02247 NDCG@20: 0.02612 
09/05/2026,02:50:53: 	Recall@10: 0.01402 Recall@20: 0.02034 NDCG@10: 0.00779 NDCG@20: 0.00954 
09/05/2026,02:50:53: Epoch [70/1000]
09/05/2026,02:50:53: Negative sampling...
09/05/2026,02:50:56: Model's personal time...
09/05/2026,02:50:56: Training...
09/05/2026,02:50:57: Evaluating...
09/05/2026,02:50:58: 	Train Loss: 3302739.7500 (base: 922.7048, kd: 6603.6353), Elapsed: train 3.74 test 0.77 *
09/05/2026,02:50:58: 	Recall@10: 0.03790 Recall@20: 0.05192 NDCG@10: 0.02288 NDCG@20: 0.02668 
09/05/2026,02:50:58: 	Recall@10: 0.01538 Recall@20: 0.02193 NDCG@10: 0.00843 NDCG@20: 0.01026 
09/05/2026,02:50:58: Epoch [71/1000]
09/05/2026,02:50:58: Negative sampling...
09/05/2026,02:51:00: Model's personal time...
09/05/2026,02:51:00: Training...
09/05/2026,02:51:02: Evaluating...
09/05/2026,02:51:03: 	Train Loss: 3305443.2500 (base: 923.4631, kd: 6609.0396), Elapsed: train 4.51 test 0.42
09/05/2026,02:51:03: 	Recall@10: 0.03706 Recall@20: 0.05094 NDCG@10: 0.02248 NDCG@20: 0.02628 
09/05/2026,02:51:03: 	Recall@10: 0.01440 Recall@20: 0.02078 NDCG@10: 0.00806 NDCG@20: 0.00984 
09/05/2026,02:51:03: Epoch [72/1000]
09/05/2026,02:51:03: Negative sampling...
09/05/2026,02:51:05: Model's personal time...
09/05/2026,02:51:05: Training...
09/05/2026,02:51:07: Evaluating...
09/05/2026,02:51:07: 	Train Loss: 3298284.7500 (base: 919.1933, kd: 6594.7310), Elapsed: train 3.81 test 0.44
09/05/2026,02:51:07: 	Recall@10: 0.03680 Recall@20: 0.05042 NDCG@10: 0.02245 NDCG@20: 0.02612 
09/05/2026,02:51:07: 	Recall@10: 0.01346 Recall@20: 0.02049 NDCG@10: 0.00762 NDCG@20: 0.00956 
09/05/2026,02:51:07: Epoch [73/1000]
09/05/2026,02:51:07: Negative sampling...
09/05/2026,02:51:09: Model's personal time...
09/05/2026,02:51:09: Training...
09/05/2026,02:51:10: Evaluating...
09/05/2026,02:51:12: 	Train Loss: 3300626.0000 (base: 915.5634, kd: 6599.4209), Elapsed: train 3.36 test 1.04 *
09/05/2026,02:51:12: 	Recall@10: 0.03743 Recall@20: 0.05133 NDCG@10: 0.02298 NDCG@20: 0.02679 
09/05/2026,02:51:12: 	Recall@10: 0.01379 Recall@20: 0.02010 NDCG@10: 0.00766 NDCG@20: 0.00942 
09/05/2026,02:51:12: Epoch [74/1000]
09/05/2026,02:51:12: Negative sampling...
09/05/2026,02:51:13: Model's personal time...
09/05/2026,02:51:13: Training...
09/05/2026,02:51:15: Evaluating...
09/05/2026,02:51:16: 	Train Loss: 3289660.0000 (base: 913.7813, kd: 6577.4922), Elapsed: train 3.58 test 1.06 *
09/05/2026,02:51:16: 	Recall@10: 0.03810 Recall@20: 0.05126 NDCG@10: 0.02323 NDCG@20: 0.02683 
09/05/2026,02:51:16: 	Recall@10: 0.01466 Recall@20: 0.02143 NDCG@10: 0.00825 NDCG@20: 0.01009 
09/05/2026,02:51:16: Epoch [75/1000]
09/05/2026,02:51:16: Negative sampling...
09/05/2026,02:51:18: Model's personal time...
09/05/2026,02:51:18: Training...
09/05/2026,02:51:20: Evaluating...
09/05/2026,02:51:21: 	Train Loss: 3291185.5000 (base: 911.4461, kd: 6580.5483), Elapsed: train 3.75 test 0.73 *
09/05/2026,02:51:21: 	Recall@10: 0.03612 Recall@20: 0.05205 NDCG@10: 0.02272 NDCG@20: 0.02703 
09/05/2026,02:51:21: 	Recall@10: 0.01392 Recall@20: 0.02040 NDCG@10: 0.00778 NDCG@20: 0.00956 
09/05/2026,02:51:21: Epoch [76/1000]
09/05/2026,02:51:21: Negative sampling...
09/05/2026,02:51:22: Model's personal time...
09/05/2026,02:51:22: Training...
09/05/2026,02:51:24: Evaluating...
09/05/2026,02:51:25: 	Train Loss: 3285074.7500 (base: 906.7200, kd: 6568.3364), Elapsed: train 3.55 test 0.54
09/05/2026,02:51:25: 	Recall@10: 0.03576 Recall@20: 0.04970 NDCG@10: 0.02212 NDCG@20: 0.02596 
09/05/2026,02:51:25: 	Recall@10: 0.01402 Recall@20: 0.02044 NDCG@10: 0.00773 NDCG@20: 0.00951 
09/05/2026,02:51:25: Epoch [77/1000]
09/05/2026,02:51:25: Negative sampling...
09/05/2026,02:51:27: Model's personal time...
09/05/2026,02:51:27: Training...
09/05/2026,02:51:28: Evaluating...
09/05/2026,02:51:30: 	Train Loss: 3292110.2500 (base: 905.0467, kd: 6582.4102), Elapsed: train 3.66 test 1.28
09/05/2026,02:51:30: 	Recall@10: 0.03713 Recall@20: 0.05024 NDCG@10: 0.02291 NDCG@20: 0.02648 
09/05/2026,02:51:30: 	Recall@10: 0.01400 Recall@20: 0.02012 NDCG@10: 0.00766 NDCG@20: 0.00933 
09/05/2026,02:51:30: Epoch [78/1000]
09/05/2026,02:51:30: Negative sampling...
09/05/2026,02:51:31: Model's personal time...
09/05/2026,02:51:32: Training...
09/05/2026,02:51:33: Evaluating...
09/05/2026,02:51:34: 	Train Loss: 3272301.0000 (base: 903.7121, kd: 6542.7944), Elapsed: train 3.32 test 0.59
09/05/2026,02:51:34: 	Recall@10: 0.03688 Recall@20: 0.05058 NDCG@10: 0.02283 NDCG@20: 0.02663 
09/05/2026,02:51:34: 	Recall@10: 0.01447 Recall@20: 0.02029 NDCG@10: 0.00817 NDCG@20: 0.00982 
09/05/2026,02:51:34: Epoch [79/1000]
09/05/2026,02:51:34: Negative sampling...
09/05/2026,02:51:36: Model's personal time...
09/05/2026,02:51:36: Training...
09/05/2026,02:51:38: Evaluating...
09/05/2026,02:51:38: 	Train Loss: 3275266.0000 (base: 900.1181, kd: 6548.7319), Elapsed: train 3.97 test 0.77
09/05/2026,02:51:38: 	Recall@10: 0.03713 Recall@20: 0.05063 NDCG@10: 0.02275 NDCG@20: 0.02641 
09/05/2026,02:51:38: 	Recall@10: 0.01415 Recall@20: 0.01970 NDCG@10: 0.00779 NDCG@20: 0.00933 
09/05/2026,02:51:38: Epoch [80/1000]
09/05/2026,02:51:38: Negative sampling...
09/05/2026,02:51:41: Model's personal time...
09/05/2026,02:51:41: Training...
09/05/2026,02:51:42: Evaluating...
09/05/2026,02:51:42: 	Train Loss: 3277603.7500 (base: 895.5865, kd: 6553.4165), Elapsed: train 3.73 test 0.42 *
09/05/2026,02:51:42: 	Recall@10: 0.03727 Recall@20: 0.05161 NDCG@10: 0.02323 NDCG@20: 0.02706 
09/05/2026,02:51:42: 	Recall@10: 0.01528 Recall@20: 0.02058 NDCG@10: 0.00833 NDCG@20: 0.00981 
09/05/2026,02:51:42: Epoch [81/1000]
09/05/2026,02:51:42: Negative sampling...
09/05/2026,02:51:45: Model's personal time...
09/05/2026,02:51:45: Training...
09/05/2026,02:51:46: Evaluating...
09/05/2026,02:51:46: 	Train Loss: 3281020.7500 (base: 891.3366, kd: 6560.2588), Elapsed: train 3.37 test 0.58 *
09/05/2026,02:51:46: 	Recall@10: 0.03797 Recall@20: 0.05273 NDCG@10: 0.02314 NDCG@20: 0.02712 
09/05/2026,02:51:46: 	Recall@10: 0.01471 Recall@20: 0.02068 NDCG@10: 0.00808 NDCG@20: 0.00973 
09/05/2026,02:51:46: Epoch [82/1000]
09/05/2026,02:51:46: Negative sampling...
09/05/2026,02:51:49: Model's personal time...
09/05/2026,02:51:49: Training...
09/05/2026,02:51:50: Evaluating...
09/05/2026,02:51:51: 	Train Loss: 3277329.5000 (base: 889.2359, kd: 6552.8813), Elapsed: train 3.67 test 0.57
09/05/2026,02:51:51: 	Recall@10: 0.03624 Recall@20: 0.05080 NDCG@10: 0.02257 NDCG@20: 0.02654 
09/05/2026,02:51:51: 	Recall@10: 0.01392 Recall@20: 0.02006 NDCG@10: 0.00780 NDCG@20: 0.00952 
09/05/2026,02:51:51: Epoch [83/1000]
09/05/2026,02:51:51: Negative sampling...
09/05/2026,02:51:53: Model's personal time...
09/05/2026,02:51:53: Training...
09/05/2026,02:51:55: Evaluating...
09/05/2026,02:51:55: 	Train Loss: 3263322.5000 (base: 886.7808, kd: 6524.8711), Elapsed: train 4.02 test 0.36 *
09/05/2026,02:51:55: 	Recall@10: 0.03810 Recall@20: 0.05170 NDCG@10: 0.02353 NDCG@20: 0.02720 
09/05/2026,02:51:55: 	Recall@10: 0.01399 Recall@20: 0.01990 NDCG@10: 0.00801 NDCG@20: 0.00967 
09/05/2026,02:51:55: Epoch [84/1000]
09/05/2026,02:51:55: Negative sampling...
09/05/2026,02:51:58: Model's personal time...
09/05/2026,02:51:58: Training...
09/05/2026,02:52:00: Evaluating...
09/05/2026,02:52:00: 	Train Loss: 3273376.0000 (base: 886.0604, kd: 6544.9795), Elapsed: train 4.57 test 0.51
09/05/2026,02:52:00: 	Recall@10: 0.03725 Recall@20: 0.05049 NDCG@10: 0.02293 NDCG@20: 0.02658 
09/05/2026,02:52:00: 	Recall@10: 0.01370 Recall@20: 0.02047 NDCG@10: 0.00782 NDCG@20: 0.00966 
09/05/2026,02:52:00: Epoch [85/1000]
09/05/2026,02:52:00: Negative sampling...
09/05/2026,02:52:03: Model's personal time...
09/05/2026,02:52:03: Training...
09/05/2026,02:52:04: Evaluating...
09/05/2026,02:52:05: 	Train Loss: 3261891.2500 (base: 880.9587, kd: 6522.0205), Elapsed: train 4.14 test 0.55 *
09/05/2026,02:52:05: 	Recall@10: 0.03862 Recall@20: 0.05328 NDCG@10: 0.02354 NDCG@20: 0.02746 
09/05/2026,02:52:05: 	Recall@10: 0.01389 Recall@20: 0.02059 NDCG@10: 0.00787 NDCG@20: 0.00970 
09/05/2026,02:52:05: Epoch [86/1000]
09/05/2026,02:52:05: Negative sampling...
09/05/2026,02:52:07: Model's personal time...
09/05/2026,02:52:07: Training...
09/05/2026,02:52:09: Evaluating...
09/05/2026,02:52:09: 	Train Loss: 3278306.0000 (base: 878.6623, kd: 6554.8545), Elapsed: train 3.85 test 0.65
09/05/2026,02:52:09: 	Recall@10: 0.03831 Recall@20: 0.05144 NDCG@10: 0.02346 NDCG@20: 0.02703 
09/05/2026,02:52:09: 	Recall@10: 0.01421 Recall@20: 0.02088 NDCG@10: 0.00801 NDCG@20: 0.00987 
09/05/2026,02:52:09: Epoch [87/1000]
09/05/2026,02:52:09: Negative sampling...
09/05/2026,02:52:11: Model's personal time...
09/05/2026,02:52:11: Training...
09/05/2026,02:52:13: Evaluating...
09/05/2026,02:52:13: 	Train Loss: 3260668.2500 (base: 872.7540, kd: 6519.5918), Elapsed: train 3.54 test 0.62
09/05/2026,02:52:13: 	Recall@10: 0.03699 Recall@20: 0.05181 NDCG@10: 0.02278 NDCG@20: 0.02673 
09/05/2026,02:52:13: 	Recall@10: 0.01482 Recall@20: 0.02142 NDCG@10: 0.00826 NDCG@20: 0.01012 
09/05/2026,02:52:13: Epoch [88/1000]
09/05/2026,02:52:13: Negative sampling...
09/05/2026,02:52:16: Model's personal time...
09/05/2026,02:52:16: Training...
09/05/2026,02:52:17: Evaluating...
09/05/2026,02:52:18: 	Train Loss: 3264803.5000 (base: 877.1103, kd: 6527.8530), Elapsed: train 3.94 test 0.67
09/05/2026,02:52:18: 	Recall@10: 0.03739 Recall@20: 0.05286 NDCG@10: 0.02312 NDCG@20: 0.02723 
09/05/2026,02:52:18: 	Recall@10: 0.01485 Recall@20: 0.02119 NDCG@10: 0.00849 NDCG@20: 0.01021 
09/05/2026,02:52:18: Epoch [89/1000]
09/05/2026,02:52:18: Negative sampling...
09/05/2026,02:52:20: Model's personal time...
09/05/2026,02:52:20: Training...
09/05/2026,02:52:22: Evaluating...
09/05/2026,02:52:23: 	Train Loss: 3264831.5000 (base: 871.6575, kd: 6527.9194), Elapsed: train 4.01 test 0.42
09/05/2026,02:52:23: 	Recall@10: 0.03747 Recall@20: 0.05114 NDCG@10: 0.02334 NDCG@20: 0.02703 
09/05/2026,02:52:23: 	Recall@10: 0.01431 Recall@20: 0.01932 NDCG@10: 0.00816 NDCG@20: 0.00954 
09/05/2026,02:52:23: Epoch [90/1000]
09/05/2026,02:52:23: Negative sampling...
09/05/2026,02:52:24: Model's personal time...
09/05/2026,02:52:24: Training...
09/05/2026,02:52:26: Evaluating...
09/05/2026,02:52:27: 	Train Loss: 3262340.7500 (base: 870.8490, kd: 6522.9399), Elapsed: train 3.59 test 0.42 *
09/05/2026,02:52:27: 	Recall@10: 0.03806 Recall@20: 0.05318 NDCG@10: 0.02361 NDCG@20: 0.02771 
09/05/2026,02:52:27: 	Recall@10: 0.01450 Recall@20: 0.02066 NDCG@10: 0.00824 NDCG@20: 0.00991 
09/05/2026,02:52:27: Epoch [91/1000]
09/05/2026,02:52:27: Negative sampling...
09/05/2026,02:52:28: Model's personal time...
09/05/2026,02:52:28: Training...
09/05/2026,02:52:30: Evaluating...
09/05/2026,02:52:31: 	Train Loss: 3260207.0000 (base: 867.2261, kd: 6518.6797), Elapsed: train 3.85 test 0.70
09/05/2026,02:52:31: 	Recall@10: 0.03745 Recall@20: 0.05186 NDCG@10: 0.02348 NDCG@20: 0.02736 
09/05/2026,02:52:31: 	Recall@10: 0.01514 Recall@20: 0.02027 NDCG@10: 0.00848 NDCG@20: 0.00989 
09/05/2026,02:52:31: Epoch [92/1000]
09/05/2026,02:52:31: Negative sampling...
09/05/2026,02:52:33: Model's personal time...
09/05/2026,02:52:33: Training...
09/05/2026,02:52:35: Evaluating...
09/05/2026,02:52:36: 	Train Loss: 3250602.5000 (base: 864.7141, kd: 6499.4751), Elapsed: train 4.13 test 0.53
09/05/2026,02:52:36: 	Recall@10: 0.03849 Recall@20: 0.05301 NDCG@10: 0.02361 NDCG@20: 0.02752 
09/05/2026,02:52:36: 	Recall@10: 0.01473 Recall@20: 0.02111 NDCG@10: 0.00829 NDCG@20: 0.01003 
09/05/2026,02:52:36: Epoch [93/1000]
09/05/2026,02:52:36: Negative sampling...
09/05/2026,02:52:38: Model's personal time...
09/05/2026,02:52:38: Training...
09/05/2026,02:52:39: Evaluating...
09/05/2026,02:52:40: 	Train Loss: 3254295.5000 (base: 863.2654, kd: 6506.8647), Elapsed: train 3.47 test 0.70 *
09/05/2026,02:52:40: 	Recall@10: 0.03860 Recall@20: 0.05415 NDCG@10: 0.02363 NDCG@20: 0.02784 
09/05/2026,02:52:40: 	Recall@10: 0.01482 Recall@20: 0.02118 NDCG@10: 0.00835 NDCG@20: 0.01009 
09/05/2026,02:52:40: Epoch [94/1000]
09/05/2026,02:52:40: Negative sampling...
09/05/2026,02:52:42: Model's personal time...
09/05/2026,02:52:42: Training...
09/05/2026,02:52:43: Evaluating...
09/05/2026,02:52:44: 	Train Loss: 3264371.7500 (base: 862.0547, kd: 6527.0195), Elapsed: train 3.28 test 0.73
09/05/2026,02:52:44: 	Recall@10: 0.03771 Recall@20: 0.05229 NDCG@10: 0.02320 NDCG@20: 0.02715 
09/05/2026,02:52:44: 	Recall@10: 0.01521 Recall@20: 0.02031 NDCG@10: 0.00851 NDCG@20: 0.00993 
09/05/2026,02:52:44: Epoch [95/1000]
09/05/2026,02:52:44: Negative sampling...
09/05/2026,02:52:46: Model's personal time...
09/05/2026,02:52:46: Training...
09/05/2026,02:52:47: Evaluating...
09/05/2026,02:52:48: 	Train Loss: 3257881.7500 (base: 860.2417, kd: 6514.0435), Elapsed: train 3.36 test 0.62
09/05/2026,02:52:48: 	Recall@10: 0.03748 Recall@20: 0.05273 NDCG@10: 0.02285 NDCG@20: 0.02692 
09/05/2026,02:52:48: 	Recall@10: 0.01508 Recall@20: 0.02019 NDCG@10: 0.00856 NDCG@20: 0.01000 
09/05/2026,02:52:48: Epoch [96/1000]
09/05/2026,02:52:48: Negative sampling...
09/05/2026,02:52:50: Model's personal time...
09/05/2026,02:52:50: Training...
09/05/2026,02:52:51: Evaluating...
09/05/2026,02:52:52: 	Train Loss: 3254941.7500 (base: 855.6926, kd: 6508.1719), Elapsed: train 3.51 test 0.51
09/05/2026,02:52:52: 	Recall@10: 0.03770 Recall@20: 0.05180 NDCG@10: 0.02333 NDCG@20: 0.02714 
09/05/2026,02:52:52: 	Recall@10: 0.01511 Recall@20: 0.02069 NDCG@10: 0.00865 NDCG@20: 0.01019 
09/05/2026,02:52:52: Epoch [97/1000]
09/05/2026,02:52:52: Negative sampling...
09/05/2026,02:52:54: Model's personal time...
09/05/2026,02:52:54: Training...
09/05/2026,02:52:55: Evaluating...
09/05/2026,02:52:56: 	Train Loss: 3254355.5000 (base: 859.4289, kd: 6506.9922), Elapsed: train 3.49 test 0.55
09/05/2026,02:52:56: 	Recall@10: 0.03664 Recall@20: 0.05215 NDCG@10: 0.02296 NDCG@20: 0.02717 
09/05/2026,02:52:56: 	Recall@10: 0.01387 Recall@20: 0.01956 NDCG@10: 0.00799 NDCG@20: 0.00961 
09/05/2026,02:52:56: Epoch [98/1000]
09/05/2026,02:52:56: Negative sampling...
09/05/2026,02:52:58: Model's personal time...
09/05/2026,02:52:58: Training...
09/05/2026,02:52:59: Evaluating...
09/05/2026,02:53:00: 	Train Loss: 3257498.0000 (base: 853.3359, kd: 6513.2886), Elapsed: train 3.32 test 0.89
09/05/2026,02:53:00: 	Recall@10: 0.03776 Recall@20: 0.05288 NDCG@10: 0.02355 NDCG@20: 0.02765 
09/05/2026,02:53:00: 	Recall@10: 0.01473 Recall@20: 0.02001 NDCG@10: 0.00816 NDCG@20: 0.00961 
09/05/2026,02:53:00: Epoch [99/1000]
09/05/2026,02:53:00: Negative sampling...
09/05/2026,02:53:02: Model's personal time...
09/05/2026,02:53:02: Training...
09/05/2026,02:53:03: Evaluating...
09/05/2026,02:53:04: 	Train Loss: 3250628.2500 (base: 846.9409, kd: 6499.5625), Elapsed: train 3.25 test 0.79
09/05/2026,02:53:04: 	Recall@10: 0.03860 Recall@20: 0.05412 NDCG@10: 0.02371 NDCG@20: 0.02784 
09/05/2026,02:53:04: 	Recall@10: 0.01424 Recall@20: 0.02076 NDCG@10: 0.00809 NDCG@20: 0.00987 
09/05/2026,02:53:04: Epoch [100/1000]
09/05/2026,02:53:04: Negative sampling...
09/05/2026,02:53:06: Model's personal time...
09/05/2026,02:53:06: Training...
09/05/2026,02:53:08: Evaluating...
09/05/2026,02:53:08: 	Train Loss: 3252079.5000 (base: 856.9622, kd: 6502.4458), Elapsed: train 3.47 test 0.68
09/05/2026,02:53:08: 	Recall@10: 0.03807 Recall@20: 0.05357 NDCG@10: 0.02331 NDCG@20: 0.02747 
09/05/2026,02:53:08: 	Recall@10: 0.01537 Recall@20: 0.02076 NDCG@10: 0.00893 NDCG@20: 0.01045 
09/05/2026,02:53:08: Epoch [101/1000]
09/05/2026,02:53:08: Negative sampling...
09/05/2026,02:53:10: Model's personal time...
09/05/2026,02:53:10: Training...
09/05/2026,02:53:12: Evaluating...
09/05/2026,02:53:12: 	Train Loss: 3253652.2500 (base: 848.5169, kd: 6505.6069), Elapsed: train 3.44 test 0.52 *
09/05/2026,02:53:12: 	Recall@10: 0.03853 Recall@20: 0.05407 NDCG@10: 0.02362 NDCG@20: 0.02785 
09/05/2026,02:53:12: 	Recall@10: 0.01515 Recall@20: 0.02040 NDCG@10: 0.00839 NDCG@20: 0.00987 
09/05/2026,02:53:12: Epoch [102/1000]
09/05/2026,02:53:12: Negative sampling...
09/05/2026,02:53:14: Model's personal time...
09/05/2026,02:53:14: Training...
09/05/2026,02:53:16: Evaluating...
09/05/2026,02:53:17: 	Train Loss: 3250132.5000 (base: 847.0445, kd: 6498.5713), Elapsed: train 3.96 test 0.44
09/05/2026,02:53:17: 	Recall@10: 0.03766 Recall@20: 0.05347 NDCG@10: 0.02331 NDCG@20: 0.02756 
09/05/2026,02:53:17: 	Recall@10: 0.01450 Recall@20: 0.01989 NDCG@10: 0.00824 NDCG@20: 0.00975 
09/05/2026,02:53:17: Epoch [103/1000]
09/05/2026,02:53:17: Negative sampling...
09/05/2026,02:53:19: Model's personal time...
09/05/2026,02:53:19: Training...
09/05/2026,02:53:21: Evaluating...
09/05/2026,02:53:21: 	Train Loss: 3252446.0000 (base: 847.2967, kd: 6503.1978), Elapsed: train 3.82 test 0.71
09/05/2026,02:53:21: 	Recall@10: 0.03859 Recall@20: 0.05359 NDCG@10: 0.02330 NDCG@20: 0.02738 
09/05/2026,02:53:21: 	Recall@10: 0.01469 Recall@20: 0.02063 NDCG@10: 0.00833 NDCG@20: 0.00997 
09/05/2026,02:53:21: Epoch [104/1000]
09/05/2026,02:53:21: Negative sampling...
09/05/2026,02:53:23: Model's personal time...
09/05/2026,02:53:23: Training...
09/05/2026,02:53:25: Evaluating...
09/05/2026,02:53:26: 	Train Loss: 3237394.2500 (base: 845.1334, kd: 6473.0981), Elapsed: train 3.47 test 0.80 *
09/05/2026,02:53:26: 	Recall@10: 0.03863 Recall@20: 0.05473 NDCG@10: 0.02370 NDCG@20: 0.02801 
09/05/2026,02:53:26: 	Recall@10: 0.01511 Recall@20: 0.02149 NDCG@10: 0.00853 NDCG@20: 0.01026 
09/05/2026,02:53:26: Epoch [105/1000]
09/05/2026,02:53:26: Negative sampling...
09/05/2026,02:53:27: Model's personal time...
09/05/2026,02:53:27: Training...
09/05/2026,02:53:29: Evaluating...
09/05/2026,02:53:29: 	Train Loss: 3233097.5000 (base: 845.0756, kd: 6464.5049), Elapsed: train 3.13 test 0.45
09/05/2026,02:53:29: 	Recall@10: 0.03746 Recall@20: 0.05371 NDCG@10: 0.02345 NDCG@20: 0.02788 
09/05/2026,02:53:29: 	Recall@10: 0.01486 Recall@20: 0.02035 NDCG@10: 0.00857 NDCG@20: 0.01011 
09/05/2026,02:53:29: Epoch [106/1000]
09/05/2026,02:53:29: Negative sampling...
09/05/2026,02:53:32: Model's personal time...
09/05/2026,02:53:32: Training...
09/05/2026,02:53:33: Evaluating...
09/05/2026,02:53:34: 	Train Loss: 3233560.7500 (base: 843.5732, kd: 6465.4351), Elapsed: train 4.03 test 0.46 *
09/05/2026,02:53:34: 	Recall@10: 0.03824 Recall@20: 0.05540 NDCG@10: 0.02367 NDCG@20: 0.02827 
09/05/2026,02:53:34: 	Recall@10: 0.01489 Recall@20: 0.02086 NDCG@10: 0.00839 NDCG@20: 0.01006 
09/05/2026,02:53:34: Epoch [107/1000]
09/05/2026,02:53:34: Negative sampling...
09/05/2026,02:53:35: Model's personal time...
09/05/2026,02:53:35: Training...
09/05/2026,02:53:37: Evaluating...
09/05/2026,02:53:37: 	Train Loss: 3249017.0000 (base: 839.8571, kd: 6496.3545), Elapsed: train 3.25 test 0.55 *
09/05/2026,02:53:37: 	Recall@10: 0.03897 Recall@20: 0.05524 NDCG@10: 0.02404 NDCG@20: 0.02842 
09/05/2026,02:53:37: 	Recall@10: 0.01541 Recall@20: 0.02042 NDCG@10: 0.00862 NDCG@20: 0.00999 
09/05/2026,02:53:37: Epoch [108/1000]
09/05/2026,02:53:37: Negative sampling...
09/05/2026,02:53:39: Model's personal time...
09/05/2026,02:53:39: Training...
09/05/2026,02:53:41: Evaluating...
09/05/2026,02:53:41: 	Train Loss: 3239001.0000 (base: 833.9349, kd: 6476.3345), Elapsed: train 3.46 test 0.38
09/05/2026,02:53:41: 	Recall@10: 0.03726 Recall@20: 0.05406 NDCG@10: 0.02289 NDCG@20: 0.02742 
09/05/2026,02:53:41: 	Recall@10: 0.01406 Recall@20: 0.02075 NDCG@10: 0.00805 NDCG@20: 0.00988 
09/05/2026,02:53:41: Epoch [109/1000]
09/05/2026,02:53:41: Negative sampling...
09/05/2026,02:53:43: Model's personal time...
09/05/2026,02:53:43: Training...
09/05/2026,02:53:45: Evaluating...
09/05/2026,02:53:46: 	Train Loss: 3235100.7500 (base: 835.1154, kd: 6468.5317), Elapsed: train 3.92 test 0.46
09/05/2026,02:53:46: 	Recall@10: 0.03740 Recall@20: 0.05585 NDCG@10: 0.02340 NDCG@20: 0.02837 
09/05/2026,02:53:46: 	Recall@10: 0.01498 Recall@20: 0.02164 NDCG@10: 0.00870 NDCG@20: 0.01055 
09/05/2026,02:53:46: Epoch [110/1000]
09/05/2026,02:53:46: Negative sampling...
09/05/2026,02:53:48: Model's personal time...
09/05/2026,02:53:48: Training...
09/05/2026,02:53:49: Evaluating...
09/05/2026,02:53:50: 	Train Loss: 3233810.7500 (base: 833.6551, kd: 6465.9551), Elapsed: train 3.51 test 0.49
09/05/2026,02:53:50: 	Recall@10: 0.03896 Recall@20: 0.05323 NDCG@10: 0.02372 NDCG@20: 0.02757 
09/05/2026,02:53:50: 	Recall@10: 0.01507 Recall@20: 0.02163 NDCG@10: 0.00841 NDCG@20: 0.01020 
09/05/2026,02:53:50: Epoch [111/1000]
09/05/2026,02:53:50: Negative sampling...
09/05/2026,02:53:51: Model's personal time...
09/05/2026,02:53:51: Training...
09/05/2026,02:53:53: Evaluating...
09/05/2026,02:53:54: 	Train Loss: 3233022.7500 (base: 834.1426, kd: 6464.3770), Elapsed: train 3.41 test 0.70
09/05/2026,02:53:54: 	Recall@10: 0.03773 Recall@20: 0.05473 NDCG@10: 0.02316 NDCG@20: 0.02772 
09/05/2026,02:53:54: 	Recall@10: 0.01444 Recall@20: 0.02026 NDCG@10: 0.00839 NDCG@20: 0.01000 
09/05/2026,02:53:54: Epoch [112/1000]
09/05/2026,02:53:54: Negative sampling...
09/05/2026,02:53:55: Model's personal time...
09/05/2026,02:53:55: Training...
09/05/2026,02:53:57: Evaluating...
09/05/2026,02:53:58: 	Train Loss: 3235548.2500 (base: 833.9696, kd: 6469.4282), Elapsed: train 3.54 test 1.06
09/05/2026,02:53:58: 	Recall@10: 0.03961 Recall@20: 0.05418 NDCG@10: 0.02397 NDCG@20: 0.02796 
09/05/2026,02:53:58: 	Recall@10: 0.01488 Recall@20: 0.02052 NDCG@10: 0.00850 NDCG@20: 0.01008 
09/05/2026,02:53:58: Epoch [113/1000]
09/05/2026,02:53:58: Negative sampling...
09/05/2026,02:54:00: Model's personal time...
09/05/2026,02:54:00: Training...
09/05/2026,02:54:01: Evaluating...
09/05/2026,02:54:01: 	Train Loss: 3233778.7500 (base: 830.7567, kd: 6465.8965), Elapsed: train 2.57 test 0.54 *
09/05/2026,02:54:01: 	Recall@10: 0.03894 Recall@20: 0.05645 NDCG@10: 0.02367 NDCG@20: 0.02843 
09/05/2026,02:54:01: 	Recall@10: 0.01479 Recall@20: 0.02082 NDCG@10: 0.00851 NDCG@20: 0.01016 
09/05/2026,02:54:01: Epoch [114/1000]
09/05/2026,02:54:01: Negative sampling...
09/05/2026,02:54:03: Model's personal time...
09/05/2026,02:54:03: Training...
09/05/2026,02:54:05: Evaluating...
09/05/2026,02:54:05: 	Train Loss: 3232799.2500 (base: 832.3160, kd: 6463.9341), Elapsed: train 3.26 test 0.70
09/05/2026,02:54:05: 	Recall@10: 0.03855 Recall@20: 0.05579 NDCG@10: 0.02365 NDCG@20: 0.02832 
09/05/2026,02:54:05: 	Recall@10: 0.01553 Recall@20: 0.02039 NDCG@10: 0.00847 NDCG@20: 0.00982 
09/05/2026,02:54:05: Epoch [115/1000]
09/05/2026,02:54:05: Negative sampling...
09/05/2026,02:54:07: Model's personal time...
09/05/2026,02:54:07: Training...
09/05/2026,02:54:09: Evaluating...
09/05/2026,02:54:10: 	Train Loss: 3226006.7500 (base: 830.8477, kd: 6450.3521), Elapsed: train 3.33 test 0.77 *
09/05/2026,02:54:10: 	Recall@10: 0.03995 Recall@20: 0.05610 NDCG@10: 0.02436 NDCG@20: 0.02874 
09/05/2026,02:54:10: 	Recall@10: 0.01447 Recall@20: 0.02053 NDCG@10: 0.00822 NDCG@20: 0.00988 
09/05/2026,02:54:10: Epoch [116/1000]
09/05/2026,02:54:10: Negative sampling...
09/05/2026,02:54:11: Model's personal time...
09/05/2026,02:54:11: Training...
09/05/2026,02:54:13: Evaluating...
09/05/2026,02:54:13: 	Train Loss: 3239509.5000 (base: 833.4862, kd: 6477.3521), Elapsed: train 3.02 test 0.70
09/05/2026,02:54:13: 	Recall@10: 0.03966 Recall@20: 0.05496 NDCG@10: 0.02435 NDCG@20: 0.02855 
09/05/2026,02:54:13: 	Recall@10: 0.01582 Recall@20: 0.02231 NDCG@10: 0.00901 NDCG@20: 0.01079 
09/05/2026,02:54:13: Epoch [117/1000]
09/05/2026,02:54:13: Negative sampling...
09/05/2026,02:54:15: Model's personal time...
09/05/2026,02:54:15: Training...
09/05/2026,02:54:16: Evaluating...
09/05/2026,02:54:17: 	Train Loss: 3230998.5000 (base: 823.7537, kd: 6460.3491), Elapsed: train 2.85 test 0.56
09/05/2026,02:54:17: 	Recall@10: 0.03880 Recall@20: 0.05578 NDCG@10: 0.02363 NDCG@20: 0.02827 
09/05/2026,02:54:17: 	Recall@10: 0.01476 Recall@20: 0.02217 NDCG@10: 0.00845 NDCG@20: 0.01048 
09/05/2026,02:54:17: Epoch [118/1000]
09/05/2026,02:54:17: Negative sampling...
09/05/2026,02:54:18: Model's personal time...
09/05/2026,02:54:18: Training...
09/05/2026,02:54:20: Evaluating...
09/05/2026,02:54:20: 	Train Loss: 3233426.7500 (base: 821.7498, kd: 6465.2104), Elapsed: train 2.86 test 0.51
09/05/2026,02:54:20: 	Recall@10: 0.03982 Recall@20: 0.05540 NDCG@10: 0.02404 NDCG@20: 0.02827 
09/05/2026,02:54:20: 	Recall@10: 0.01441 Recall@20: 0.02085 NDCG@10: 0.00824 NDCG@20: 0.00999 
09/05/2026,02:54:20: Epoch [119/1000]
09/05/2026,02:54:20: Negative sampling...
09/05/2026,02:54:22: Model's personal time...
09/05/2026,02:54:22: Training...
09/05/2026,02:54:23: Evaluating...
09/05/2026,02:54:24: 	Train Loss: 3233754.5000 (base: 824.6292, kd: 6465.8594), Elapsed: train 3.42 test 0.48 *
09/05/2026,02:54:24: 	Recall@10: 0.03968 Recall@20: 0.05764 NDCG@10: 0.02401 NDCG@20: 0.02894 
09/05/2026,02:54:24: 	Recall@10: 0.01569 Recall@20: 0.02213 NDCG@10: 0.00873 NDCG@20: 0.01050 
09/05/2026,02:54:24: Epoch [120/1000]
09/05/2026,02:54:24: Negative sampling...
09/05/2026,02:54:26: Model's personal time...
09/05/2026,02:54:26: Training...
09/05/2026,02:54:28: Evaluating...
09/05/2026,02:54:28: 	Train Loss: 3230686.7500 (base: 822.5148, kd: 6459.7280), Elapsed: train 3.69 test 0.58
09/05/2026,02:54:28: 	Recall@10: 0.03907 Recall@20: 0.05584 NDCG@10: 0.02382 NDCG@20: 0.02835 
09/05/2026,02:54:28: 	Recall@10: 0.01580 Recall@20: 0.02256 NDCG@10: 0.00876 NDCG@20: 0.01056 
09/05/2026,02:54:28: Epoch [121/1000]
09/05/2026,02:54:28: Negative sampling...
09/05/2026,02:54:30: Model's personal time...
09/05/2026,02:54:30: Training...
09/05/2026,02:54:31: Evaluating...
09/05/2026,02:54:32: 	Train Loss: 3227843.7500 (base: 819.6661, kd: 6454.0483), Elapsed: train 2.85 test 0.83
09/05/2026,02:54:32: 	Recall@10: 0.03983 Recall@20: 0.05530 NDCG@10: 0.02381 NDCG@20: 0.02803 
09/05/2026,02:54:32: 	Recall@10: 0.01482 Recall@20: 0.02117 NDCG@10: 0.00813 NDCG@20: 0.00986 
09/05/2026,02:54:32: Epoch [122/1000]
09/05/2026,02:54:32: Negative sampling...
09/05/2026,02:54:34: Model's personal time...
09/05/2026,02:54:34: Training...
09/05/2026,02:54:35: Evaluating...
09/05/2026,02:54:36: 	Train Loss: 3224629.7500 (base: 822.9125, kd: 6447.6133), Elapsed: train 3.12 test 0.59
09/05/2026,02:54:36: 	Recall@10: 0.04039 Recall@20: 0.05729 NDCG@10: 0.02415 NDCG@20: 0.02877 
09/05/2026,02:54:36: 	Recall@10: 0.01578 Recall@20: 0.02131 NDCG@10: 0.00883 NDCG@20: 0.01041 
09/05/2026,02:54:36: Epoch [123/1000]
09/05/2026,02:54:36: Negative sampling...
09/05/2026,02:54:37: Model's personal time...
09/05/2026,02:54:37: Training...
09/05/2026,02:54:39: Evaluating...
09/05/2026,02:54:39: 	Train Loss: 3218601.7500 (base: 817.0613, kd: 6435.5693), Elapsed: train 3.08 test 0.61
09/05/2026,02:54:39: 	Recall@10: 0.04031 Recall@20: 0.05576 NDCG@10: 0.02439 NDCG@20: 0.02862 
09/05/2026,02:54:39: 	Recall@10: 0.01623 Recall@20: 0.02212 NDCG@10: 0.00888 NDCG@20: 0.01048 
09/05/2026,02:54:39: Epoch [124/1000]
09/05/2026,02:54:39: Negative sampling...
09/05/2026,02:54:41: Model's personal time...
09/05/2026,02:54:41: Training...
09/05/2026,02:54:43: Evaluating...
09/05/2026,02:54:44: 	Train Loss: 3224037.7500 (base: 824.9647, kd: 6446.4258), Elapsed: train 3.20 test 0.95
09/05/2026,02:54:44: 	Recall@10: 0.04026 Recall@20: 0.05500 NDCG@10: 0.02437 NDCG@20: 0.02844 
09/05/2026,02:54:44: 	Recall@10: 0.01550 Recall@20: 0.02184 NDCG@10: 0.00873 NDCG@20: 0.01046 
09/05/2026,02:54:44: Epoch [125/1000]
09/05/2026,02:54:44: Negative sampling...
09/05/2026,02:54:45: Model's personal time...
09/05/2026,02:54:45: Training...
09/05/2026,02:54:47: Evaluating...
09/05/2026,02:54:48: 	Train Loss: 3230099.5000 (base: 819.7896, kd: 6458.5601), Elapsed: train 3.25 test 1.12 *
09/05/2026,02:54:48: 	Recall@10: 0.04033 Recall@20: 0.05667 NDCG@10: 0.02451 NDCG@20: 0.02898 
09/05/2026,02:54:48: 	Recall@10: 0.01510 Recall@20: 0.02203 NDCG@10: 0.00846 NDCG@20: 0.01034 
09/05/2026,02:54:48: Epoch [126/1000]
09/05/2026,02:54:48: Negative sampling...
09/05/2026,02:54:49: Model's personal time...
09/05/2026,02:54:49: Training...
09/05/2026,02:54:51: Evaluating...
09/05/2026,02:54:52: 	Train Loss: 3218666.5000 (base: 821.1938, kd: 6435.6904), Elapsed: train 3.00 test 0.73
09/05/2026,02:54:52: 	Recall@10: 0.04119 Recall@20: 0.05709 NDCG@10: 0.02457 NDCG@20: 0.02891 
09/05/2026,02:54:52: 	Recall@10: 0.01543 Recall@20: 0.02201 NDCG@10: 0.00852 NDCG@20: 0.01030 
09/05/2026,02:54:52: Epoch [127/1000]
09/05/2026,02:54:52: Negative sampling...
09/05/2026,02:54:53: Model's personal time...
09/05/2026,02:54:53: Training...
09/05/2026,02:54:55: Evaluating...
09/05/2026,02:54:55: 	Train Loss: 3224184.0000 (base: 818.0801, kd: 6446.7319), Elapsed: train 3.07 test 0.80 *
09/05/2026,02:54:55: 	Recall@10: 0.04121 Recall@20: 0.05748 NDCG@10: 0.02490 NDCG@20: 0.02938 
09/05/2026,02:54:55: 	Recall@10: 0.01549 Recall@20: 0.02349 NDCG@10: 0.00867 NDCG@20: 0.01083 
09/05/2026,02:54:55: Epoch [128/1000]
09/05/2026,02:54:55: Negative sampling...
09/05/2026,02:54:57: Model's personal time...
09/05/2026,02:54:57: Training...
09/05/2026,02:54:58: Evaluating...
09/05/2026,02:54:59: 	Train Loss: 3225528.7500 (base: 815.6844, kd: 6449.4258), Elapsed: train 2.93 test 0.51
09/05/2026,02:54:59: 	Recall@10: 0.04124 Recall@20: 0.05508 NDCG@10: 0.02489 NDCG@20: 0.02867 
09/05/2026,02:54:59: 	Recall@10: 0.01606 Recall@20: 0.02251 NDCG@10: 0.00883 NDCG@20: 0.01060 
09/05/2026,02:54:59: Epoch [129/1000]
09/05/2026,02:54:59: Negative sampling...
09/05/2026,02:55:01: Model's personal time...
09/05/2026,02:55:01: Training...
09/05/2026,02:55:02: Evaluating...
09/05/2026,02:55:03: 	Train Loss: 3220886.5000 (base: 813.2605, kd: 6440.1465), Elapsed: train 3.11 test 0.62
09/05/2026,02:55:03: 	Recall@10: 0.04144 Recall@20: 0.05551 NDCG@10: 0.02522 NDCG@20: 0.02909 
09/05/2026,02:55:03: 	Recall@10: 0.01633 Recall@20: 0.02360 NDCG@10: 0.00898 NDCG@20: 0.01095 
09/05/2026,02:55:03: Epoch [130/1000]
09/05/2026,02:55:03: Negative sampling...
09/05/2026,02:55:05: Model's personal time...
09/05/2026,02:55:05: Training...
09/05/2026,02:55:06: Evaluating...
09/05/2026,02:55:06: 	Train Loss: 3208761.5000 (base: 817.7240, kd: 6415.8872), Elapsed: train 3.25 test 0.57
09/05/2026,02:55:06: 	Recall@10: 0.04131 Recall@20: 0.05573 NDCG@10: 0.02488 NDCG@20: 0.02886 
09/05/2026,02:55:06: 	Recall@10: 0.01485 Recall@20: 0.02255 NDCG@10: 0.00846 NDCG@20: 0.01059 
09/05/2026,02:55:06: Epoch [131/1000]
09/05/2026,02:55:06: Negative sampling...
09/05/2026,02:55:08: Model's personal time...
09/05/2026,02:55:08: Training...
09/05/2026,02:55:09: Evaluating...
09/05/2026,02:55:10: 	Train Loss: 3222901.5000 (base: 811.3866, kd: 6444.1797), Elapsed: train 2.87 test 0.40
09/05/2026,02:55:10: 	Recall@10: 0.04076 Recall@20: 0.05666 NDCG@10: 0.02477 NDCG@20: 0.02915 
09/05/2026,02:55:10: 	Recall@10: 0.01675 Recall@20: 0.02244 NDCG@10: 0.00911 NDCG@20: 0.01066 
09/05/2026,02:55:10: Epoch [132/1000]
09/05/2026,02:55:10: Negative sampling...
09/05/2026,02:55:12: Model's personal time...
09/05/2026,02:55:12: Training...
09/05/2026,02:55:13: Evaluating...
09/05/2026,02:55:14: 	Train Loss: 3219680.5000 (base: 816.6696, kd: 6437.7271), Elapsed: train 3.36 test 0.50
09/05/2026,02:55:14: 	Recall@10: 0.04134 Recall@20: 0.05504 NDCG@10: 0.02465 NDCG@20: 0.02843 
09/05/2026,02:55:14: 	Recall@10: 0.01621 Recall@20: 0.02201 NDCG@10: 0.00873 NDCG@20: 0.01031 
09/05/2026,02:55:14: Epoch [133/1000]
09/05/2026,02:55:14: Negative sampling...
09/05/2026,02:55:15: Model's personal time...
09/05/2026,02:55:15: Training...
09/05/2026,02:55:17: Evaluating...
09/05/2026,02:55:17: 	Train Loss: 3218892.7500 (base: 813.8042, kd: 6436.1567), Elapsed: train 3.15 test 0.36
09/05/2026,02:55:17: 	Recall@10: 0.04074 Recall@20: 0.05661 NDCG@10: 0.02438 NDCG@20: 0.02869 
09/05/2026,02:55:17: 	Recall@10: 0.01584 Recall@20: 0.02355 NDCG@10: 0.00885 NDCG@20: 0.01093 
09/05/2026,02:55:17: Epoch [134/1000]
09/05/2026,02:55:17: Negative sampling...
09/05/2026,02:55:19: Model's personal time...
09/05/2026,02:55:19: Training...
09/05/2026,02:55:20: Evaluating...
09/05/2026,02:55:21: 	Train Loss: 3213056.5000 (base: 810.8892, kd: 6424.4907), Elapsed: train 3.10 test 0.42
09/05/2026,02:55:21: 	Recall@10: 0.04148 Recall@20: 0.05613 NDCG@10: 0.02486 NDCG@20: 0.02886 
09/05/2026,02:55:21: 	Recall@10: 0.01591 Recall@20: 0.02217 NDCG@10: 0.00894 NDCG@20: 0.01064 
09/05/2026,02:55:21: Epoch [135/1000]
09/05/2026,02:55:21: Negative sampling...
09/05/2026,02:55:22: Model's personal time...
09/05/2026,02:55:22: Training...
09/05/2026,02:55:24: Evaluating...
09/05/2026,02:55:24: 	Train Loss: 3210152.0000 (base: 809.2548, kd: 6418.6860), Elapsed: train 3.14 test 0.54
09/05/2026,02:55:24: 	Recall@10: 0.04268 Recall@20: 0.05836 NDCG@10: 0.02504 NDCG@20: 0.02927 
09/05/2026,02:55:24: 	Recall@10: 0.01625 Recall@20: 0.02320 NDCG@10: 0.00897 NDCG@20: 0.01089 
09/05/2026,02:55:24: Epoch [136/1000]
09/05/2026,02:55:24: Negative sampling...
09/05/2026,02:55:26: Model's personal time...
09/05/2026,02:55:26: Training...
09/05/2026,02:55:28: Evaluating...
09/05/2026,02:55:28: 	Train Loss: 3211476.2500 (base: 810.0032, kd: 6421.3315), Elapsed: train 3.26 test 0.33 *
09/05/2026,02:55:28: 	Recall@10: 0.04119 Recall@20: 0.05784 NDCG@10: 0.02534 NDCG@20: 0.02988 
09/05/2026,02:55:28: 	Recall@10: 0.01657 Recall@20: 0.02233 NDCG@10: 0.00895 NDCG@20: 0.01054 
09/05/2026,02:55:28: Epoch [137/1000]
09/05/2026,02:55:28: Negative sampling...
09/05/2026,02:55:30: Model's personal time...
09/05/2026,02:55:30: Training...
09/05/2026,02:55:31: Evaluating...
09/05/2026,02:55:31: 	Train Loss: 3212587.0000 (base: 808.2714, kd: 6423.5571), Elapsed: train 2.88 test 0.42
09/05/2026,02:55:31: 	Recall@10: 0.04132 Recall@20: 0.05647 NDCG@10: 0.02473 NDCG@20: 0.02883 
09/05/2026,02:55:31: 	Recall@10: 0.01600 Recall@20: 0.02262 NDCG@10: 0.00904 NDCG@20: 0.01084 
09/05/2026,02:55:31: Epoch [138/1000]
09/05/2026,02:55:31: Negative sampling...
09/05/2026,02:55:33: Model's personal time...
09/05/2026,02:55:33: Training...
09/05/2026,02:55:35: Evaluating...
09/05/2026,02:55:35: 	Train Loss: 3209572.5000 (base: 808.1638, kd: 6417.5288), Elapsed: train 3.33 test 0.39
09/05/2026,02:55:35: 	Recall@10: 0.04171 Recall@20: 0.05722 NDCG@10: 0.02543 NDCG@20: 0.02968 
09/05/2026,02:55:35: 	Recall@10: 0.01581 Recall@20: 0.02260 NDCG@10: 0.00877 NDCG@20: 0.01063 
09/05/2026,02:55:35: Epoch [139/1000]
09/05/2026,02:55:35: Negative sampling...
09/05/2026,02:55:37: Model's personal time...
09/05/2026,02:55:37: Training...
09/05/2026,02:55:38: Evaluating...
09/05/2026,02:55:39: 	Train Loss: 3210164.2500 (base: 808.3225, kd: 6418.7114), Elapsed: train 3.47 test 0.40
09/05/2026,02:55:39: 	Recall@10: 0.04077 Recall@20: 0.05704 NDCG@10: 0.02471 NDCG@20: 0.02921 
09/05/2026,02:55:39: 	Recall@10: 0.01658 Recall@20: 0.02334 NDCG@10: 0.00903 NDCG@20: 0.01086 
09/05/2026,02:55:39: Epoch [140/1000]
09/05/2026,02:55:39: Negative sampling...
09/05/2026,02:55:41: Model's personal time...
09/05/2026,02:55:41: Training...
09/05/2026,02:55:42: Evaluating...
09/05/2026,02:55:42: 	Train Loss: 3208375.5000 (base: 809.1754, kd: 6415.1323), Elapsed: train 3.13 test 0.37
09/05/2026,02:55:42: 	Recall@10: 0.04087 Recall@20: 0.05599 NDCG@10: 0.02479 NDCG@20: 0.02894 
09/05/2026,02:55:42: 	Recall@10: 0.01609 Recall@20: 0.02265 NDCG@10: 0.00873 NDCG@20: 0.01054 
09/05/2026,02:55:42: Epoch [141/1000]
09/05/2026,02:55:42: Negative sampling...
09/05/2026,02:55:44: Model's personal time...
09/05/2026,02:55:44: Training...
09/05/2026,02:55:45: Evaluating...
09/05/2026,02:55:46: 	Train Loss: 3203043.2500 (base: 811.2036, kd: 6404.4648), Elapsed: train 2.78 test 0.45
09/05/2026,02:55:46: 	Recall@10: 0.04152 Recall@20: 0.05726 NDCG@10: 0.02534 NDCG@20: 0.02961 
09/05/2026,02:55:46: 	Recall@10: 0.01619 Recall@20: 0.02269 NDCG@10: 0.00900 NDCG@20: 0.01077 
09/05/2026,02:55:46: Epoch [142/1000]
09/05/2026,02:55:46: Negative sampling...
09/05/2026,02:55:47: Model's personal time...
09/05/2026,02:55:47: Training...
09/05/2026,02:55:48: Evaluating...
09/05/2026,02:55:49: 	Train Loss: 3206821.5000 (base: 810.7293, kd: 6412.0215), Elapsed: train 2.80 test 0.49
09/05/2026,02:55:49: 	Recall@10: 0.04084 Recall@20: 0.05682 NDCG@10: 0.02500 NDCG@20: 0.02942 
09/05/2026,02:55:49: 	Recall@10: 0.01628 Recall@20: 0.02346 NDCG@10: 0.00926 NDCG@20: 0.01120 
09/05/2026,02:55:49: Epoch [143/1000]
09/05/2026,02:55:49: Negative sampling...
09/05/2026,02:55:50: Model's personal time...
09/05/2026,02:55:50: Training...
09/05/2026,02:55:52: Evaluating...
09/05/2026,02:55:52: 	Train Loss: 3219457.5000 (base: 810.2032, kd: 6437.2944), Elapsed: train 2.99 test 0.40
09/05/2026,02:55:52: 	Recall@10: 0.04039 Recall@20: 0.05700 NDCG@10: 0.02445 NDCG@20: 0.02896 
09/05/2026,02:55:52: 	Recall@10: 0.01574 Recall@20: 0.02353 NDCG@10: 0.00886 NDCG@20: 0.01098 
09/05/2026,02:55:52: Epoch [144/1000]
09/05/2026,02:55:52: Negative sampling...
09/05/2026,02:55:54: Model's personal time...
09/05/2026,02:55:54: Training...
09/05/2026,02:55:55: Evaluating...
09/05/2026,02:55:56: 	Train Loss: 3209369.0000 (base: 802.1328, kd: 6417.1338), Elapsed: train 2.98 test 0.43
09/05/2026,02:55:56: 	Recall@10: 0.04060 Recall@20: 0.05580 NDCG@10: 0.02486 NDCG@20: 0.02906 
09/05/2026,02:55:56: 	Recall@10: 0.01558 Recall@20: 0.02310 NDCG@10: 0.00874 NDCG@20: 0.01079 
09/05/2026,02:55:56: Epoch [145/1000]
09/05/2026,02:55:56: Negative sampling...
09/05/2026,02:55:57: Model's personal time...
09/05/2026,02:55:57: Training...
09/05/2026,02:55:59: Evaluating...
09/05/2026,02:55:59: 	Train Loss: 3211466.0000 (base: 803.9329, kd: 6421.3247), Elapsed: train 3.15 test 0.47
09/05/2026,02:55:59: 	Recall@10: 0.04148 Recall@20: 0.05812 NDCG@10: 0.02518 NDCG@20: 0.02974 
09/05/2026,02:55:59: 	Recall@10: 0.01587 Recall@20: 0.02352 NDCG@10: 0.00866 NDCG@20: 0.01075 
09/05/2026,02:55:59: Epoch [146/1000]
09/05/2026,02:55:59: Negative sampling...
09/05/2026,02:56:01: Model's personal time...
09/05/2026,02:56:01: Training...
09/05/2026,02:56:02: Evaluating...
09/05/2026,02:56:03: 	Train Loss: 3208743.0000 (base: 799.2346, kd: 6415.8882), Elapsed: train 3.08 test 0.39
09/05/2026,02:56:03: 	Recall@10: 0.04174 Recall@20: 0.05811 NDCG@10: 0.02529 NDCG@20: 0.02977 
09/05/2026,02:56:03: 	Recall@10: 0.01536 Recall@20: 0.02248 NDCG@10: 0.00872 NDCG@20: 0.01065 
09/05/2026,02:56:03: Epoch [147/1000]
09/05/2026,02:56:03: Negative sampling...
09/05/2026,02:56:04: Model's personal time...
09/05/2026,02:56:04: Training...
09/05/2026,02:56:06: Evaluating...
09/05/2026,02:56:06: 	Train Loss: 3208106.5000 (base: 804.5542, kd: 6414.6030), Elapsed: train 3.13 test 0.45
09/05/2026,02:56:06: 	Recall@10: 0.04293 Recall@20: 0.05804 NDCG@10: 0.02540 NDCG@20: 0.02952 
09/05/2026,02:56:06: 	Recall@10: 0.01592 Recall@20: 0.02303 NDCG@10: 0.00894 NDCG@20: 0.01090 
09/05/2026,02:56:06: Epoch [148/1000]
09/05/2026,02:56:06: Negative sampling...
09/05/2026,02:56:08: Model's personal time...
09/05/2026,02:56:08: Training...
09/05/2026,02:56:09: Evaluating...
09/05/2026,02:56:10: 	Train Loss: 3204303.2500 (base: 797.6166, kd: 6407.0112), Elapsed: train 3.01 test 0.33 *
09/05/2026,02:56:10: 	Recall@10: 0.04216 Recall@20: 0.05813 NDCG@10: 0.02569 NDCG@20: 0.03006 
09/05/2026,02:56:10: 	Recall@10: 0.01565 Recall@20: 0.02185 NDCG@10: 0.00873 NDCG@20: 0.01044 
09/05/2026,02:56:10: Epoch [149/1000]
09/05/2026,02:56:10: Negative sampling...
09/05/2026,02:56:11: Model's personal time...
09/05/2026,02:56:11: Training...
09/05/2026,02:56:13: Evaluating...
09/05/2026,02:56:13: 	Train Loss: 3204545.5000 (base: 803.3979, kd: 6407.4839), Elapsed: train 3.33 test 0.33
09/05/2026,02:56:13: 	Recall@10: 0.04081 Recall@20: 0.05688 NDCG@10: 0.02494 NDCG@20: 0.02935 
09/05/2026,02:56:13: 	Recall@10: 0.01601 Recall@20: 0.02297 NDCG@10: 0.00892 NDCG@20: 0.01081 
09/05/2026,02:56:13: Epoch [150/1000]
09/05/2026,02:56:13: Negative sampling...
09/05/2026,02:56:15: Model's personal time...
09/05/2026,02:56:15: Training...
09/05/2026,02:56:16: Evaluating...
09/05/2026,02:56:17: 	Train Loss: 3199268.5000 (base: 801.2662, kd: 6396.9351), Elapsed: train 3.09 test 0.41
09/05/2026,02:56:17: 	Recall@10: 0.04166 Recall@20: 0.05690 NDCG@10: 0.02502 NDCG@20: 0.02922 
09/05/2026,02:56:17: 	Recall@10: 0.01597 Recall@20: 0.02308 NDCG@10: 0.00888 NDCG@20: 0.01084 
09/05/2026,02:56:17: Epoch [151/1000]
09/05/2026,02:56:17: Negative sampling...
09/05/2026,02:56:18: Model's personal time...
09/05/2026,02:56:18: Training...
09/05/2026,02:56:20: Evaluating...
09/05/2026,02:56:20: 	Train Loss: 3198381.7500 (base: 796.0586, kd: 6395.1714), Elapsed: train 2.90 test 0.40
09/05/2026,02:56:20: 	Recall@10: 0.04107 Recall@20: 0.05764 NDCG@10: 0.02466 NDCG@20: 0.02927 
09/05/2026,02:56:20: 	Recall@10: 0.01612 Recall@20: 0.02284 NDCG@10: 0.00894 NDCG@20: 0.01078 
09/05/2026,02:56:20: Epoch [152/1000]
09/05/2026,02:56:20: Negative sampling...
09/05/2026,02:56:22: Model's personal time...
09/05/2026,02:56:22: Training...
09/05/2026,02:56:23: Evaluating...
09/05/2026,02:56:23: 	Train Loss: 3204337.5000 (base: 790.7263, kd: 6407.0938), Elapsed: train 2.85 test 0.37
09/05/2026,02:56:23: 	Recall@10: 0.04157 Recall@20: 0.05825 NDCG@10: 0.02522 NDCG@20: 0.02976 
09/05/2026,02:56:23: 	Recall@10: 0.01702 Recall@20: 0.02299 NDCG@10: 0.00926 NDCG@20: 0.01090 
09/05/2026,02:56:23: Epoch [153/1000]
09/05/2026,02:56:23: Negative sampling...
09/05/2026,02:56:25: Model's personal time...
09/05/2026,02:56:25: Training...
09/05/2026,02:56:26: Evaluating...
09/05/2026,02:56:26: 	Train Loss: 3204268.0000 (base: 796.4684, kd: 6406.9424), Elapsed: train 2.65 test 0.47
09/05/2026,02:56:26: 	Recall@10: 0.04171 Recall@20: 0.05795 NDCG@10: 0.02550 NDCG@20: 0.02993 
09/05/2026,02:56:26: 	Recall@10: 0.01715 Recall@20: 0.02389 NDCG@10: 0.00934 NDCG@20: 0.01117 
09/05/2026,02:56:26: Epoch [154/1000]
09/05/2026,02:56:26: Negative sampling...
09/05/2026,02:56:28: Model's personal time...
09/05/2026,02:56:28: Training...
09/05/2026,02:56:29: Evaluating...
09/05/2026,02:56:30: 	Train Loss: 3199736.7500 (base: 803.4423, kd: 6397.8657), Elapsed: train 2.85 test 0.37
09/05/2026,02:56:30: 	Recall@10: 0.04197 Recall@20: 0.05874 NDCG@10: 0.02540 NDCG@20: 0.02986 
09/05/2026,02:56:30: 	Recall@10: 0.01649 Recall@20: 0.02323 NDCG@10: 0.00899 NDCG@20: 0.01079 
09/05/2026,02:56:30: Epoch [155/1000]
09/05/2026,02:56:30: Negative sampling...
09/05/2026,02:56:31: Model's personal time...
09/05/2026,02:56:31: Training...
09/05/2026,02:56:32: Evaluating...
09/05/2026,02:56:33: 	Train Loss: 3194695.0000 (base: 800.0732, kd: 6387.7905), Elapsed: train 2.82 test 0.34
09/05/2026,02:56:33: 	Recall@10: 0.04309 Recall@20: 0.05837 NDCG@10: 0.02590 NDCG@20: 0.03003 
09/05/2026,02:56:33: 	Recall@10: 0.01684 Recall@20: 0.02308 NDCG@10: 0.00932 NDCG@20: 0.01105 
09/05/2026,02:56:33: Epoch [156/1000]
09/05/2026,02:56:33: Negative sampling...
09/05/2026,02:56:34: Model's personal time...
09/05/2026,02:56:34: Training...
09/05/2026,02:56:36: Evaluating...
09/05/2026,02:56:36: 	Train Loss: 3195766.2500 (base: 812.5865, kd: 6389.9067), Elapsed: train 2.78 test 0.40
09/05/2026,02:56:36: 	Recall@10: 0.03974 Recall@20: 0.05688 NDCG@10: 0.02448 NDCG@20: 0.02915 
09/05/2026,02:56:36: 	Recall@10: 0.01673 Recall@20: 0.02323 NDCG@10: 0.00930 NDCG@20: 0.01108 
09/05/2026,02:56:36: Epoch [157/1000]
09/05/2026,02:56:36: Negative sampling...
09/05/2026,02:56:38: Model's personal time...
09/05/2026,02:56:38: Training...
09/05/2026,02:56:39: Evaluating...
09/05/2026,02:56:39: 	Train Loss: 3203450.0000 (base: 804.6247, kd: 6405.2905), Elapsed: train 2.83 test 0.38 *
09/05/2026,02:56:39: 	Recall@10: 0.04224 Recall@20: 0.05824 NDCG@10: 0.02577 NDCG@20: 0.03013 
09/05/2026,02:56:39: 	Recall@10: 0.01670 Recall@20: 0.02359 NDCG@10: 0.00926 NDCG@20: 0.01113 
09/05/2026,02:56:39: Epoch [158/1000]
09/05/2026,02:56:39: Negative sampling...
09/05/2026,02:56:41: Model's personal time...
09/05/2026,02:56:41: Training...
09/05/2026,02:56:42: Evaluating...
09/05/2026,02:56:43: 	Train Loss: 3202201.5000 (base: 804.7709, kd: 6402.7935), Elapsed: train 2.86 test 0.51
09/05/2026,02:56:43: 	Recall@10: 0.04136 Recall@20: 0.05764 NDCG@10: 0.02545 NDCG@20: 0.02995 
09/05/2026,02:56:43: 	Recall@10: 0.01662 Recall@20: 0.02260 NDCG@10: 0.00919 NDCG@20: 0.01080 
09/05/2026,02:56:43: Epoch [159/1000]
09/05/2026,02:56:43: Negative sampling...
09/05/2026,02:56:44: Model's personal time...
09/05/2026,02:56:44: Training...
09/05/2026,02:56:45: Evaluating...
09/05/2026,02:56:46: 	Train Loss: 3196215.7500 (base: 797.1182, kd: 6390.8374), Elapsed: train 2.79 test 0.39
09/05/2026,02:56:46: 	Recall@10: 0.04152 Recall@20: 0.05860 NDCG@10: 0.02494 NDCG@20: 0.02962 
09/05/2026,02:56:46: 	Recall@10: 0.01597 Recall@20: 0.02392 NDCG@10: 0.00907 NDCG@20: 0.01125 
09/05/2026,02:56:46: Epoch [160/1000]
09/05/2026,02:56:46: Negative sampling...
09/05/2026,02:56:47: Model's personal time...
09/05/2026,02:56:47: Training...
09/05/2026,02:56:48: Evaluating...
09/05/2026,02:56:49: 	Train Loss: 3195875.5000 (base: 803.5941, kd: 6390.1440), Elapsed: train 2.69 test 0.39 *
09/05/2026,02:56:49: 	Recall@10: 0.04225 Recall@20: 0.05836 NDCG@10: 0.02601 NDCG@20: 0.03049 
09/05/2026,02:56:49: 	Recall@10: 0.01708 Recall@20: 0.02352 NDCG@10: 0.00939 NDCG@20: 0.01114 
09/05/2026,02:56:49: Epoch [161/1000]
09/05/2026,02:56:49: Negative sampling...
09/05/2026,02:56:50: Model's personal time...
09/05/2026,02:56:50: Training...
09/05/2026,02:56:51: Evaluating...
09/05/2026,02:56:52: 	Train Loss: 3200380.2500 (base: 800.2820, kd: 6399.1602), Elapsed: train 2.49 test 0.46
09/05/2026,02:56:52: 	Recall@10: 0.04064 Recall@20: 0.05930 NDCG@10: 0.02499 NDCG@20: 0.03005 
09/05/2026,02:56:52: 	Recall@10: 0.01636 Recall@20: 0.02281 NDCG@10: 0.00882 NDCG@20: 0.01059 
09/05/2026,02:56:52: Epoch [162/1000]
09/05/2026,02:56:52: Negative sampling...
09/05/2026,02:56:54: Model's personal time...
09/05/2026,02:56:54: Training...
09/05/2026,02:56:55: Evaluating...
09/05/2026,02:56:55: 	Train Loss: 3198037.5000 (base: 802.1584, kd: 6394.4707), Elapsed: train 2.80 test 0.41
09/05/2026,02:56:55: 	Recall@10: 0.04035 Recall@20: 0.05708 NDCG@10: 0.02493 NDCG@20: 0.02953 
09/05/2026,02:56:55: 	Recall@10: 0.01676 Recall@20: 0.02288 NDCG@10: 0.00908 NDCG@20: 0.01074 
09/05/2026,02:56:55: Epoch [163/1000]
09/05/2026,02:56:55: Negative sampling...
09/05/2026,02:56:57: Model's personal time...
09/05/2026,02:56:57: Training...
09/05/2026,02:56:58: Evaluating...
09/05/2026,02:56:58: 	Train Loss: 3194120.5000 (base: 802.8961, kd: 6386.6353), Elapsed: train 2.92 test 0.33
09/05/2026,02:56:58: 	Recall@10: 0.04194 Recall@20: 0.05814 NDCG@10: 0.02537 NDCG@20: 0.02985 
09/05/2026,02:56:58: 	Recall@10: 0.01642 Recall@20: 0.02418 NDCG@10: 0.00926 NDCG@20: 0.01131 
09/05/2026,02:56:58: Epoch [164/1000]
09/05/2026,02:56:58: Negative sampling...
09/05/2026,02:57:00: Model's personal time...
09/05/2026,02:57:00: Training...
09/05/2026,02:57:01: Evaluating...
09/05/2026,02:57:01: 	Train Loss: 3190800.2500 (base: 802.3656, kd: 6379.9956), Elapsed: train 2.71 test 0.45
09/05/2026,02:57:01: 	Recall@10: 0.04117 Recall@20: 0.05824 NDCG@10: 0.02469 NDCG@20: 0.02938 
09/05/2026,02:57:01: 	Recall@10: 0.01616 Recall@20: 0.02320 NDCG@10: 0.00891 NDCG@20: 0.01081 
09/05/2026,02:57:01: Epoch [165/1000]
09/05/2026,02:57:01: Negative sampling...
09/05/2026,02:57:03: Model's personal time...
09/05/2026,02:57:03: Training...
09/05/2026,02:57:04: Evaluating...
09/05/2026,02:57:05: 	Train Loss: 3199274.0000 (base: 800.3796, kd: 6396.9478), Elapsed: train 2.86 test 0.42
09/05/2026,02:57:05: 	Recall@10: 0.04211 Recall@20: 0.05838 NDCG@10: 0.02522 NDCG@20: 0.02965 
09/05/2026,02:57:05: 	Recall@10: 0.01704 Recall@20: 0.02338 NDCG@10: 0.00923 NDCG@20: 0.01094 
09/05/2026,02:57:05: Epoch [166/1000]
09/05/2026,02:57:05: Negative sampling...
09/05/2026,02:57:06: Model's personal time...
09/05/2026,02:57:06: Training...
09/05/2026,02:57:08: Evaluating...
09/05/2026,02:57:08: 	Train Loss: 3191619.5000 (base: 797.5472, kd: 6381.6440), Elapsed: train 3.01 test 0.49
09/05/2026,02:57:08: 	Recall@10: 0.04150 Recall@20: 0.05809 NDCG@10: 0.02513 NDCG@20: 0.02965 
09/05/2026,02:57:08: 	Recall@10: 0.01683 Recall@20: 0.02298 NDCG@10: 0.00919 NDCG@20: 0.01090 
09/05/2026,02:57:08: Epoch [167/1000]
09/05/2026,02:57:08: Negative sampling...
09/05/2026,02:57:10: Model's personal time...
09/05/2026,02:57:10: Training...
09/05/2026,02:57:11: Evaluating...
09/05/2026,02:57:12: 	Train Loss: 3193880.5000 (base: 806.1589, kd: 6386.1479), Elapsed: train 2.93 test 0.37
09/05/2026,02:57:12: 	Recall@10: 0.04173 Recall@20: 0.05849 NDCG@10: 0.02523 NDCG@20: 0.02980 
09/05/2026,02:57:12: 	Recall@10: 0.01702 Recall@20: 0.02413 NDCG@10: 0.00963 NDCG@20: 0.01155 
09/05/2026,02:57:12: Epoch [168/1000]
09/05/2026,02:57:12: Negative sampling...
09/05/2026,02:57:13: Model's personal time...
09/05/2026,02:57:13: Training...
09/05/2026,02:57:14: Evaluating...
09/05/2026,02:57:15: 	Train Loss: 3185677.2500 (base: 803.2188, kd: 6369.7485), Elapsed: train 2.88 test 0.55
09/05/2026,02:57:15: 	Recall@10: 0.04301 Recall@20: 0.05664 NDCG@10: 0.02581 NDCG@20: 0.02957 
09/05/2026,02:57:15: 	Recall@10: 0.01625 Recall@20: 0.02443 NDCG@10: 0.00951 NDCG@20: 0.01166 
09/05/2026,02:57:15: Epoch [169/1000]
09/05/2026,02:57:15: Negative sampling...
09/05/2026,02:57:17: Model's personal time...
09/05/2026,02:57:17: Training...
09/05/2026,02:57:18: Evaluating...
09/05/2026,02:57:18: 	Train Loss: 3203441.0000 (base: 797.4724, kd: 6405.2866), Elapsed: train 2.93 test 0.46
09/05/2026,02:57:18: 	Recall@10: 0.04225 Recall@20: 0.05914 NDCG@10: 0.02546 NDCG@20: 0.03011 
09/05/2026,02:57:18: 	Recall@10: 0.01711 Recall@20: 0.02385 NDCG@10: 0.00993 NDCG@20: 0.01179 
09/05/2026,02:57:18: Epoch [170/1000]
09/05/2026,02:57:18: Negative sampling...
09/05/2026,02:57:20: Model's personal time...
09/05/2026,02:57:20: Training...
09/05/2026,02:57:21: Evaluating...
09/05/2026,02:57:22: 	Train Loss: 3194932.5000 (base: 803.5634, kd: 6388.2573), Elapsed: train 2.87 test 0.41
09/05/2026,02:57:22: 	Recall@10: 0.04186 Recall@20: 0.05810 NDCG@10: 0.02548 NDCG@20: 0.02993 
09/05/2026,02:57:22: 	Recall@10: 0.01638 Recall@20: 0.02285 NDCG@10: 0.00913 NDCG@20: 0.01090 
09/05/2026,02:57:22: Epoch [171/1000]
09/05/2026,02:57:22: Negative sampling...
09/05/2026,02:57:23: Model's personal time...
09/05/2026,02:57:23: Training...
09/05/2026,02:57:24: Evaluating...
09/05/2026,02:57:25: 	Train Loss: 3190294.2500 (base: 801.2412, kd: 6378.9854), Elapsed: train 2.78 test 0.39
09/05/2026,02:57:25: 	Recall@10: 0.04272 Recall@20: 0.05738 NDCG@10: 0.02588 NDCG@20: 0.02988 
09/05/2026,02:57:25: 	Recall@10: 0.01628 Recall@20: 0.02388 NDCG@10: 0.00931 NDCG@20: 0.01135 
09/05/2026,02:57:25: Epoch [172/1000]
09/05/2026,02:57:25: Negative sampling...
09/05/2026,02:57:26: Model's personal time...
09/05/2026,02:57:26: Training...
09/05/2026,02:57:28: Evaluating...
09/05/2026,02:57:28: 	Train Loss: 3188817.0000 (base: 800.8151, kd: 6376.0322), Elapsed: train 2.74 test 0.49
09/05/2026,02:57:28: 	Recall@10: 0.04189 Recall@20: 0.05808 NDCG@10: 0.02589 NDCG@20: 0.03034 
09/05/2026,02:57:28: 	Recall@10: 0.01616 Recall@20: 0.02295 NDCG@10: 0.00903 NDCG@20: 0.01087 
09/05/2026,02:57:28: Epoch [173/1000]
09/05/2026,02:57:28: Negative sampling...
09/05/2026,02:57:30: Model's personal time...
09/05/2026,02:57:30: Training...
09/05/2026,02:57:31: Evaluating...
09/05/2026,02:57:31: 	Train Loss: 3198833.2500 (base: 809.3787, kd: 6396.0479), Elapsed: train 2.72 test 0.52
09/05/2026,02:57:31: 	Recall@10: 0.04166 Recall@20: 0.05858 NDCG@10: 0.02561 NDCG@20: 0.03024 
09/05/2026,02:57:31: 	Recall@10: 0.01695 Recall@20: 0.02333 NDCG@10: 0.00967 NDCG@20: 0.01142 
09/05/2026,02:57:31: Epoch [174/1000]
09/05/2026,02:57:31: Negative sampling...
09/05/2026,02:57:33: Model's personal time...
09/05/2026,02:57:33: Training...
09/05/2026,02:57:34: Evaluating...
09/05/2026,02:57:34: 	Train Loss: 3192878.0000 (base: 798.3657, kd: 6384.1592), Elapsed: train 2.83 test 0.36
09/05/2026,02:57:34: 	Recall@10: 0.04193 Recall@20: 0.05765 NDCG@10: 0.02552 NDCG@20: 0.02977 
09/05/2026,02:57:34: 	Recall@10: 0.01670 Recall@20: 0.02303 NDCG@10: 0.00960 NDCG@20: 0.01132 
09/05/2026,02:57:34: Epoch [175/1000]
09/05/2026,02:57:34: Negative sampling...
09/05/2026,02:57:36: Model's personal time...
09/05/2026,02:57:36: Training...
09/05/2026,02:57:37: Evaluating...
09/05/2026,02:57:38: 	Train Loss: 3188120.7500 (base: 795.1755, kd: 6374.6519), Elapsed: train 2.79 test 0.31
09/05/2026,02:57:38: 	Recall@10: 0.04099 Recall@20: 0.05839 NDCG@10: 0.02517 NDCG@20: 0.02994 
09/05/2026,02:57:38: 	Recall@10: 0.01643 Recall@20: 0.02274 NDCG@10: 0.00925 NDCG@20: 0.01099 
09/05/2026,02:57:38: Epoch [176/1000]
09/05/2026,02:57:38: Negative sampling...
09/05/2026,02:57:39: Model's personal time...
09/05/2026,02:57:39: Training...
09/05/2026,02:57:40: Evaluating...
09/05/2026,02:57:41: 	Train Loss: 3193553.2500 (base: 805.1440, kd: 6385.4961), Elapsed: train 2.73 test 0.43
09/05/2026,02:57:41: 	Recall@10: 0.04122 Recall@20: 0.05760 NDCG@10: 0.02494 NDCG@20: 0.02937 
09/05/2026,02:57:41: 	Recall@10: 0.01737 Recall@20: 0.02383 NDCG@10: 0.00975 NDCG@20: 0.01149 
09/05/2026,02:57:41: Epoch [177/1000]
09/05/2026,02:57:41: Negative sampling...
09/05/2026,02:57:42: Model's personal time...
09/05/2026,02:57:42: Training...
09/05/2026,02:57:43: Evaluating...
09/05/2026,02:57:44: 	Train Loss: 3197202.7500 (base: 798.3216, kd: 6392.8086), Elapsed: train 2.63 test 0.40
09/05/2026,02:57:44: 	Recall@10: 0.04012 Recall@20: 0.05818 NDCG@10: 0.02464 NDCG@20: 0.02957 
09/05/2026,02:57:44: 	Recall@10: 0.01697 Recall@20: 0.02409 NDCG@10: 0.00953 NDCG@20: 0.01145 
09/05/2026,02:57:44: Epoch [178/1000]
09/05/2026,02:57:44: Negative sampling...
09/05/2026,02:57:45: Model's personal time...
09/05/2026,02:57:45: Training...
09/05/2026,02:57:47: Evaluating...
09/05/2026,02:57:47: 	Train Loss: 3187836.0000 (base: 806.3561, kd: 6374.0601), Elapsed: train 2.83 test 0.32
09/05/2026,02:57:47: 	Recall@10: 0.04088 Recall@20: 0.05754 NDCG@10: 0.02456 NDCG@20: 0.02916 
09/05/2026,02:57:47: 	Recall@10: 0.01693 Recall@20: 0.02329 NDCG@10: 0.00967 NDCG@20: 0.01143 
09/05/2026,02:57:47: Epoch [179/1000]
09/05/2026,02:57:47: Negative sampling...
09/05/2026,02:57:49: Model's personal time...
09/05/2026,02:57:49: Training...
09/05/2026,02:57:50: Evaluating...
09/05/2026,02:57:50: 	Train Loss: 3193105.0000 (base: 806.9584, kd: 6384.5957), Elapsed: train 2.94 test 0.46
09/05/2026,02:57:50: 	Recall@10: 0.04213 Recall@20: 0.05895 NDCG@10: 0.02566 NDCG@20: 0.03021 
09/05/2026,02:57:50: 	Recall@10: 0.01702 Recall@20: 0.02437 NDCG@10: 0.00954 NDCG@20: 0.01152 
09/05/2026,02:57:50: Epoch [180/1000]
09/05/2026,02:57:50: Negative sampling...
09/05/2026,02:57:52: Model's personal time...
09/05/2026,02:57:52: Training...
09/05/2026,02:57:53: Evaluating...
09/05/2026,02:57:53: 	Train Loss: 3191430.7500 (base: 793.5618, kd: 6381.2739), Elapsed: train 2.77 test 0.35
09/05/2026,02:57:53: 	Recall@10: 0.04155 Recall@20: 0.05910 NDCG@10: 0.02550 NDCG@20: 0.03029 
09/05/2026,02:57:53: 	Recall@10: 0.01646 Recall@20: 0.02401 NDCG@10: 0.00970 NDCG@20: 0.01173 
09/05/2026,02:57:53: Epoch [181/1000]
09/05/2026,02:57:53: Negative sampling...
09/05/2026,02:57:55: Model's personal time...
09/05/2026,02:57:55: Training...
09/05/2026,02:57:56: Evaluating...
09/05/2026,02:57:56: 	Train Loss: 3180412.0000 (base: 811.5193, kd: 6359.2012), Elapsed: train 2.62 test 0.45
09/05/2026,02:57:56: 	Recall@10: 0.04044 Recall@20: 0.05701 NDCG@10: 0.02488 NDCG@20: 0.02938 
09/05/2026,02:57:56: 	Recall@10: 0.01637 Recall@20: 0.02313 NDCG@10: 0.00931 NDCG@20: 0.01118 
09/05/2026,02:57:56: Epoch [182/1000]
09/05/2026,02:57:56: Negative sampling...
09/05/2026,02:57:58: Model's personal time...
09/05/2026,02:57:58: Training...
09/05/2026,02:57:59: Evaluating...
09/05/2026,02:58:00: 	Train Loss: 3184338.7500 (base: 808.3844, kd: 6367.0610), Elapsed: train 2.68 test 0.49
09/05/2026,02:58:00: 	Recall@10: 0.04200 Recall@20: 0.05752 NDCG@10: 0.02578 NDCG@20: 0.02996 
09/05/2026,02:58:00: 	Recall@10: 0.01688 Recall@20: 0.02291 NDCG@10: 0.00956 NDCG@20: 0.01120 
09/05/2026,02:58:00: Epoch [183/1000]
09/05/2026,02:58:00: Negative sampling...
09/05/2026,02:58:01: Model's personal time...
09/05/2026,02:58:01: Training...
09/05/2026,02:58:02: Evaluating...
09/05/2026,02:58:03: 	Train Loss: 3179932.0000 (base: 805.0466, kd: 6358.2539), Elapsed: train 2.68 test 0.43
09/05/2026,02:58:03: 	Recall@10: 0.04180 Recall@20: 0.05735 NDCG@10: 0.02556 NDCG@20: 0.02977 
09/05/2026,02:58:03: 	Recall@10: 0.01714 Recall@20: 0.02338 NDCG@10: 0.00960 NDCG@20: 0.01129 
09/05/2026,02:58:03: Epoch [184/1000]
09/05/2026,02:58:03: Negative sampling...
09/05/2026,02:58:04: Model's personal time...
09/05/2026,02:58:04: Training...
09/05/2026,02:58:05: Evaluating...
09/05/2026,02:58:06: 	Train Loss: 3190709.5000 (base: 806.3071, kd: 6379.8071), Elapsed: train 2.59 test 0.46
09/05/2026,02:58:06: 	Recall@10: 0.04247 Recall@20: 0.05837 NDCG@10: 0.02520 NDCG@20: 0.02964 
09/05/2026,02:58:06: 	Recall@10: 0.01697 Recall@20: 0.02330 NDCG@10: 0.00948 NDCG@20: 0.01122 
09/05/2026,02:58:06: Epoch [185/1000]
09/05/2026,02:58:06: Negative sampling...
09/05/2026,02:58:07: Model's personal time...
09/05/2026,02:58:07: Training...
09/05/2026,02:58:08: Evaluating...
09/05/2026,02:58:09: 	Train Loss: 3180353.2500 (base: 806.5361, kd: 6359.0928), Elapsed: train 2.59 test 0.50
09/05/2026,02:58:09: 	Recall@10: 0.04136 Recall@20: 0.05797 NDCG@10: 0.02519 NDCG@20: 0.02976 
09/05/2026,02:58:09: 	Recall@10: 0.01722 Recall@20: 0.02415 NDCG@10: 0.00952 NDCG@20: 0.01142 
09/05/2026,02:58:09: Epoch [186/1000]
09/05/2026,02:58:09: Negative sampling...
09/05/2026,02:58:10: Model's personal time...
09/05/2026,02:58:10: Training...
09/05/2026,02:58:12: Evaluating...
09/05/2026,02:58:12: 	Train Loss: 3181807.5000 (base: 808.1120, kd: 6361.9990), Elapsed: train 2.69 test 0.40
09/05/2026,02:58:12: 	Recall@10: 0.04077 Recall@20: 0.05730 NDCG@10: 0.02526 NDCG@20: 0.02984 
09/05/2026,02:58:12: 	Recall@10: 0.01742 Recall@20: 0.02402 NDCG@10: 0.00982 NDCG@20: 0.01161 
09/05/2026,02:58:12: Epoch [187/1000]
09/05/2026,02:58:12: Negative sampling...
09/05/2026,02:58:14: Model's personal time...
09/05/2026,02:58:14: Training...
09/05/2026,02:58:15: Evaluating...
09/05/2026,02:58:15: 	Train Loss: 3183125.2500 (base: 808.2894, kd: 6364.6333), Elapsed: train 2.79 test 0.39
09/05/2026,02:58:15: 	Recall@10: 0.04129 Recall@20: 0.05795 NDCG@10: 0.02586 NDCG@20: 0.03043 
09/05/2026,02:58:15: 	Recall@10: 0.01685 Recall@20: 0.02400 NDCG@10: 0.00950 NDCG@20: 0.01144 
09/05/2026,02:58:15: Epoch [188/1000]
09/05/2026,02:58:15: Negative sampling...
09/05/2026,02:58:17: Model's personal time...
09/05/2026,02:58:17: Training...
09/05/2026,02:58:18: Evaluating...
09/05/2026,02:58:18: 	Train Loss: 3181030.5000 (base: 808.0438, kd: 6360.4443), Elapsed: train 2.65 test 0.34 *
09/05/2026,02:58:18: 	Recall@10: 0.04372 Recall@20: 0.05955 NDCG@10: 0.02635 NDCG@20: 0.03062 
09/05/2026,02:58:18: 	Recall@10: 0.01819 Recall@20: 0.02383 NDCG@10: 0.01047 NDCG@20: 0.01202 
09/05/2026,02:58:18: Epoch [189/1000]
09/05/2026,02:58:18: Negative sampling...
09/05/2026,02:58:20: Model's personal time...
09/05/2026,02:58:20: Training...
09/05/2026,02:58:21: Evaluating...
09/05/2026,02:58:21: 	Train Loss: 3181266.2500 (base: 801.7183, kd: 6360.9282), Elapsed: train 2.64 test 0.42
09/05/2026,02:58:21: 	Recall@10: 0.04308 Recall@20: 0.06000 NDCG@10: 0.02587 NDCG@20: 0.03048 
09/05/2026,02:58:21: 	Recall@10: 0.01650 Recall@20: 0.02359 NDCG@10: 0.00955 NDCG@20: 0.01144 
09/05/2026,02:58:21: Epoch [190/1000]
09/05/2026,02:58:21: Negative sampling...
09/05/2026,02:58:23: Model's personal time...
09/05/2026,02:58:23: Training...
09/05/2026,02:58:24: Evaluating...
09/05/2026,02:58:24: 	Train Loss: 3175613.2500 (base: 806.2591, kd: 6349.6143), Elapsed: train 2.73 test 0.37
09/05/2026,02:58:24: 	Recall@10: 0.04172 Recall@20: 0.05845 NDCG@10: 0.02575 NDCG@20: 0.03028 
09/05/2026,02:58:24: 	Recall@10: 0.01730 Recall@20: 0.02342 NDCG@10: 0.00975 NDCG@20: 0.01139 
09/05/2026,02:58:24: Epoch [191/1000]
09/05/2026,02:58:24: Negative sampling...
09/05/2026,02:58:26: Model's personal time...
09/05/2026,02:58:26: Training...
09/05/2026,02:58:27: Evaluating...
09/05/2026,02:58:28: 	Train Loss: 3173817.0000 (base: 806.6309, kd: 6346.0205), Elapsed: train 2.89 test 0.35
09/05/2026,02:58:28: 	Recall@10: 0.04171 Recall@20: 0.05794 NDCG@10: 0.02575 NDCG@20: 0.03020 
09/05/2026,02:58:28: 	Recall@10: 0.01726 Recall@20: 0.02395 NDCG@10: 0.00979 NDCG@20: 0.01162 
09/05/2026,02:58:28: Epoch [192/1000]
09/05/2026,02:58:28: Negative sampling...
09/05/2026,02:58:29: Model's personal time...
09/05/2026,02:58:29: Training...
09/05/2026,02:58:30: Evaluating...
09/05/2026,02:58:31: 	Train Loss: 3178805.2500 (base: 805.4635, kd: 6356.0000), Elapsed: train 2.82 test 0.38
09/05/2026,02:58:31: 	Recall@10: 0.04113 Recall@20: 0.05861 NDCG@10: 0.02547 NDCG@20: 0.03023 
09/05/2026,02:58:31: 	Recall@10: 0.01738 Recall@20: 0.02418 NDCG@10: 0.00986 NDCG@20: 0.01170 
09/05/2026,02:58:31: Epoch [193/1000]
09/05/2026,02:58:31: Negative sampling...
09/05/2026,02:58:32: Model's personal time...
09/05/2026,02:58:32: Training...
09/05/2026,02:58:34: Evaluating...
09/05/2026,02:58:34: 	Train Loss: 3177160.5000 (base: 803.7863, kd: 6352.7134), Elapsed: train 2.93 test 0.37
09/05/2026,02:58:34: 	Recall@10: 0.04126 Recall@20: 0.05880 NDCG@10: 0.02486 NDCG@20: 0.02969 
09/05/2026,02:58:34: 	Recall@10: 0.01659 Recall@20: 0.02441 NDCG@10: 0.00972 NDCG@20: 0.01180 
09/05/2026,02:58:34: Epoch [194/1000]
09/05/2026,02:58:34: Negative sampling...
09/05/2026,02:58:36: Model's personal time...
09/05/2026,02:58:36: Training...
09/05/2026,02:58:37: Evaluating...
09/05/2026,02:58:38: 	Train Loss: 3179185.5000 (base: 801.6646, kd: 6356.7676), Elapsed: train 2.77 test 0.88
09/05/2026,02:58:38: 	Recall@10: 0.04188 Recall@20: 0.05813 NDCG@10: 0.02541 NDCG@20: 0.02982 
09/05/2026,02:58:38: 	Recall@10: 0.01695 Recall@20: 0.02444 NDCG@10: 0.00954 NDCG@20: 0.01159 
09/05/2026,02:58:38: Epoch [195/1000]
09/05/2026,02:58:38: Negative sampling...
09/05/2026,02:58:39: Model's personal time...
09/05/2026,02:58:39: Training...
09/05/2026,02:58:41: Evaluating...
09/05/2026,02:58:41: 	Train Loss: 3183298.5000 (base: 809.0571, kd: 6364.9795), Elapsed: train 2.77 test 0.47 *
09/05/2026,02:58:41: 	Recall@10: 0.04213 Recall@20: 0.05985 NDCG@10: 0.02585 NDCG@20: 0.03067 
09/05/2026,02:58:41: 	Recall@10: 0.01678 Recall@20: 0.02383 NDCG@10: 0.00952 NDCG@20: 0.01142 
09/05/2026,02:58:41: Epoch [196/1000]
09/05/2026,02:58:41: Negative sampling...
09/05/2026,02:58:42: Model's personal time...
09/05/2026,02:58:42: Training...
09/05/2026,02:58:44: Evaluating...
09/05/2026,02:58:44: 	Train Loss: 3184503.0000 (base: 802.9340, kd: 6367.4004), Elapsed: train 2.58 test 0.49
09/05/2026,02:58:44: 	Recall@10: 0.04145 Recall@20: 0.05861 NDCG@10: 0.02548 NDCG@20: 0.03019 
09/05/2026,02:58:44: 	Recall@10: 0.01774 Recall@20: 0.02400 NDCG@10: 0.00999 NDCG@20: 0.01170 
09/05/2026,02:58:44: Epoch [197/1000]
09/05/2026,02:58:44: Negative sampling...
09/05/2026,02:58:46: Model's personal time...
09/05/2026,02:58:46: Training...
09/05/2026,02:58:47: Evaluating...
09/05/2026,02:58:47: 	Train Loss: 3173225.0000 (base: 806.9235, kd: 6344.8364), Elapsed: train 2.90 test 0.53 *
09/05/2026,02:58:47: 	Recall@10: 0.04304 Recall@20: 0.06006 NDCG@10: 0.02633 NDCG@20: 0.03089 
09/05/2026,02:58:47: 	Recall@10: 0.01672 Recall@20: 0.02350 NDCG@10: 0.00958 NDCG@20: 0.01143 
09/05/2026,02:58:48: Epoch [198/1000]
09/05/2026,02:58:48: Negative sampling...
09/05/2026,02:58:49: Model's personal time...
09/05/2026,02:58:49: Training...
09/05/2026,02:58:50: Evaluating...
09/05/2026,02:58:51: 	Train Loss: 3174680.0000 (base: 807.4717, kd: 6347.7446), Elapsed: train 2.83 test 0.32 *
09/05/2026,02:58:51: 	Recall@10: 0.04246 Recall@20: 0.06079 NDCG@10: 0.02602 NDCG@20: 0.03104 
09/05/2026,02:58:51: 	Recall@10: 0.01684 Recall@20: 0.02343 NDCG@10: 0.00988 NDCG@20: 0.01174 
09/05/2026,02:58:51: Epoch [199/1000]
09/05/2026,02:58:51: Negative sampling...
09/05/2026,02:58:52: Model's personal time...
09/05/2026,02:58:52: Training...
09/05/2026,02:58:53: Evaluating...
09/05/2026,02:58:54: 	Train Loss: 3172516.7500 (base: 810.6600, kd: 6343.4126), Elapsed: train 2.82 test 0.44
09/05/2026,02:58:54: 	Recall@10: 0.04210 Recall@20: 0.05973 NDCG@10: 0.02574 NDCG@20: 0.03057 
09/05/2026,02:58:54: 	Recall@10: 0.01659 Recall@20: 0.02378 NDCG@10: 0.00953 NDCG@20: 0.01153 
09/05/2026,02:58:54: Epoch [200/1000]
09/05/2026,02:58:54: Negative sampling...
09/05/2026,02:58:55: Model's personal time...
09/05/2026,02:58:55: Training...
09/05/2026,02:58:57: Evaluating...
09/05/2026,02:58:57: 	Train Loss: 3180546.0000 (base: 812.1897, kd: 6359.4673), Elapsed: train 2.94 test 0.58
09/05/2026,02:58:57: 	Recall@10: 0.04280 Recall@20: 0.05962 NDCG@10: 0.02600 NDCG@20: 0.03058 
09/05/2026,02:58:57: 	Recall@10: 0.01746 Recall@20: 0.02410 NDCG@10: 0.01003 NDCG@20: 0.01185 
09/05/2026,02:58:57: Epoch [201/1000]
09/05/2026,02:58:57: Negative sampling...
09/05/2026,02:58:59: Model's personal time...
09/05/2026,02:58:59: Training...
09/05/2026,02:59:00: Evaluating...
09/05/2026,02:59:00: 	Train Loss: 3175665.2500 (base: 809.8289, kd: 6349.7109), Elapsed: train 2.64 test 0.42
09/05/2026,02:59:00: 	Recall@10: 0.04247 Recall@20: 0.06070 NDCG@10: 0.02568 NDCG@20: 0.03063 
09/05/2026,02:59:00: 	Recall@10: 0.01672 Recall@20: 0.02454 NDCG@10: 0.00962 NDCG@20: 0.01172 
09/05/2026,02:59:00: Epoch [202/1000]
09/05/2026,02:59:00: Negative sampling...
09/05/2026,02:59:02: Model's personal time...
09/05/2026,02:59:02: Training...
09/05/2026,02:59:03: Evaluating...
09/05/2026,02:59:04: 	Train Loss: 3177285.2500 (base: 811.8615, kd: 6352.9463), Elapsed: train 2.82 test 0.38 *
09/05/2026,02:59:04: 	Recall@10: 0.04336 Recall@20: 0.06150 NDCG@10: 0.02637 NDCG@20: 0.03130 
09/05/2026,02:59:04: 	Recall@10: 0.01738 Recall@20: 0.02424 NDCG@10: 0.00981 NDCG@20: 0.01168 
09/05/2026,02:59:04: Epoch [203/1000]
09/05/2026,02:59:04: Negative sampling...
09/05/2026,02:59:05: Model's personal time...
09/05/2026,02:59:05: Training...
09/05/2026,02:59:06: Evaluating...
09/05/2026,02:59:07: 	Train Loss: 3169297.2500 (base: 803.0045, kd: 6336.9883), Elapsed: train 2.78 test 0.51
09/05/2026,02:59:07: 	Recall@10: 0.04278 Recall@20: 0.05947 NDCG@10: 0.02616 NDCG@20: 0.03070 
09/05/2026,02:59:07: 	Recall@10: 0.01752 Recall@20: 0.02394 NDCG@10: 0.00992 NDCG@20: 0.01167 
09/05/2026,02:59:07: Epoch [204/1000]
09/05/2026,02:59:07: Negative sampling...
09/05/2026,02:59:08: Model's personal time...
09/05/2026,02:59:08: Training...
09/05/2026,02:59:10: Evaluating...
09/05/2026,02:59:10: 	Train Loss: 3176553.0000 (base: 801.7509, kd: 6351.5024), Elapsed: train 2.56 test 0.56
09/05/2026,02:59:10: 	Recall@10: 0.04205 Recall@20: 0.05955 NDCG@10: 0.02622 NDCG@20: 0.03104 
09/05/2026,02:59:10: 	Recall@10: 0.01722 Recall@20: 0.02370 NDCG@10: 0.00982 NDCG@20: 0.01159 
09/05/2026,02:59:10: Epoch [205/1000]
09/05/2026,02:59:10: Negative sampling...
09/05/2026,02:59:12: Model's personal time...
09/05/2026,02:59:12: Training...
09/05/2026,02:59:13: Evaluating...
09/05/2026,02:59:13: 	Train Loss: 3172436.5000 (base: 809.6263, kd: 6343.2539), Elapsed: train 2.72 test 0.47
09/05/2026,02:59:13: 	Recall@10: 0.04214 Recall@20: 0.06083 NDCG@10: 0.02603 NDCG@20: 0.03116 
09/05/2026,02:59:13: 	Recall@10: 0.01726 Recall@20: 0.02424 NDCG@10: 0.00988 NDCG@20: 0.01175 
09/05/2026,02:59:13: Epoch [206/1000]
09/05/2026,02:59:13: Negative sampling...
09/05/2026,02:59:15: Model's personal time...
09/05/2026,02:59:15: Training...
09/05/2026,02:59:16: Evaluating...
09/05/2026,02:59:16: 	Train Loss: 3174279.7500 (base: 803.5104, kd: 6346.9526), Elapsed: train 2.69 test 0.43
09/05/2026,02:59:16: 	Recall@10: 0.04202 Recall@20: 0.05970 NDCG@10: 0.02588 NDCG@20: 0.03070 
09/05/2026,02:59:16: 	Recall@10: 0.01750 Recall@20: 0.02511 NDCG@10: 0.00995 NDCG@20: 0.01204 
09/05/2026,02:59:16: Epoch [207/1000]
09/05/2026,02:59:16: Negative sampling...
09/05/2026,02:59:18: Model's personal time...
09/05/2026,02:59:18: Training...
09/05/2026,02:59:20: Evaluating...
09/05/2026,02:59:20: 	Train Loss: 3166587.7500 (base: 810.0500, kd: 6331.5547), Elapsed: train 3.13 test 0.44
09/05/2026,02:59:20: 	Recall@10: 0.04179 Recall@20: 0.05790 NDCG@10: 0.02550 NDCG@20: 0.02991 
09/05/2026,02:59:20: 	Recall@10: 0.01711 Recall@20: 0.02394 NDCG@10: 0.00987 NDCG@20: 0.01175 
09/05/2026,02:59:20: Epoch [208/1000]
09/05/2026,02:59:20: Negative sampling...
09/05/2026,02:59:22: Model's personal time...
09/05/2026,02:59:22: Training...
09/05/2026,02:59:23: Evaluating...
09/05/2026,02:59:24: 	Train Loss: 3181651.2500 (base: 812.2818, kd: 6361.6777), Elapsed: train 3.30 test 0.44
09/05/2026,02:59:24: 	Recall@10: 0.04296 Recall@20: 0.06082 NDCG@10: 0.02602 NDCG@20: 0.03090 
09/05/2026,02:59:24: 	Recall@10: 0.01747 Recall@20: 0.02399 NDCG@10: 0.00980 NDCG@20: 0.01160 
09/05/2026,02:59:24: Epoch [209/1000]
09/05/2026,02:59:24: Negative sampling...
09/05/2026,02:59:25: Model's personal time...
09/05/2026,02:59:25: Training...
09/05/2026,02:59:27: Evaluating...
09/05/2026,02:59:27: 	Train Loss: 3169616.0000 (base: 810.1320, kd: 6337.6113), Elapsed: train 2.81 test 0.45
09/05/2026,02:59:27: 	Recall@10: 0.04201 Recall@20: 0.06005 NDCG@10: 0.02598 NDCG@20: 0.03090 
09/05/2026,02:59:27: 	Recall@10: 0.01616 Recall@20: 0.02350 NDCG@10: 0.00947 NDCG@20: 0.01145 
09/05/2026,02:59:27: Epoch [210/1000]
09/05/2026,02:59:27: Negative sampling...
09/05/2026,02:59:29: Model's personal time...
09/05/2026,02:59:29: Training...
09/05/2026,02:59:30: Evaluating...
09/05/2026,02:59:30: 	Train Loss: 3177894.5000 (base: 813.6995, kd: 6354.1611), Elapsed: train 2.74 test 0.67
09/05/2026,02:59:30: 	Recall@10: 0.04267 Recall@20: 0.06109 NDCG@10: 0.02545 NDCG@20: 0.03043 
09/05/2026,02:59:30: 	Recall@10: 0.01775 Recall@20: 0.02505 NDCG@10: 0.01019 NDCG@20: 0.01223 
09/05/2026,02:59:30: Epoch [211/1000]
09/05/2026,02:59:30: Negative sampling...
09/05/2026,02:59:32: Model's personal time...
09/05/2026,02:59:32: Training...
09/05/2026,02:59:33: Evaluating...
09/05/2026,02:59:33: 	Train Loss: 3173042.2500 (base: 815.7355, kd: 6344.4526), Elapsed: train 2.61 test 0.44
09/05/2026,02:59:33: 	Recall@10: 0.04216 Recall@20: 0.05775 NDCG@10: 0.02584 NDCG@20: 0.03016 
09/05/2026,02:59:33: 	Recall@10: 0.01695 Recall@20: 0.02414 NDCG@10: 0.00988 NDCG@20: 0.01186 
09/05/2026,02:59:33: Epoch [212/1000]
09/05/2026,02:59:33: Negative sampling...
09/05/2026,02:59:35: Model's personal time...
09/05/2026,02:59:35: Training...
09/05/2026,02:59:37: Evaluating...
09/05/2026,02:59:37: 	Train Loss: 3171821.0000 (base: 818.7205, kd: 6342.0049), Elapsed: train 3.25 test 0.52
09/05/2026,02:59:37: 	Recall@10: 0.04195 Recall@20: 0.05945 NDCG@10: 0.02564 NDCG@20: 0.03038 
09/05/2026,02:59:37: 	Recall@10: 0.01687 Recall@20: 0.02410 NDCG@10: 0.00985 NDCG@20: 0.01183 
09/05/2026,02:59:37: Epoch [213/1000]
09/05/2026,02:59:37: Negative sampling...
09/05/2026,02:59:39: Model's personal time...
09/05/2026,02:59:39: Training...
09/05/2026,02:59:40: Evaluating...
09/05/2026,02:59:41: 	Train Loss: 3177932.7500 (base: 809.7513, kd: 6354.2461), Elapsed: train 2.95 test 0.43
09/05/2026,02:59:41: 	Recall@10: 0.04246 Recall@20: 0.05927 NDCG@10: 0.02610 NDCG@20: 0.03075 
09/05/2026,02:59:41: 	Recall@10: 0.01674 Recall@20: 0.02450 NDCG@10: 0.00951 NDCG@20: 0.01163 
09/05/2026,02:59:41: Epoch [214/1000]
09/05/2026,02:59:41: Negative sampling...
09/05/2026,02:59:42: Model's personal time...
09/05/2026,02:59:42: Training...
09/05/2026,02:59:44: Evaluating...
09/05/2026,02:59:44: 	Train Loss: 3175448.0000 (base: 814.3972, kd: 6349.2671), Elapsed: train 2.96 test 0.49
09/05/2026,02:59:44: 	Recall@10: 0.04210 Recall@20: 0.05906 NDCG@10: 0.02575 NDCG@20: 0.03038 
09/05/2026,02:59:44: 	Recall@10: 0.01731 Recall@20: 0.02496 NDCG@10: 0.00954 NDCG@20: 0.01160 
09/05/2026,02:59:44: Epoch [215/1000]
09/05/2026,02:59:44: Negative sampling...
09/05/2026,02:59:46: Model's personal time...
09/05/2026,02:59:46: Training...
09/05/2026,02:59:47: Evaluating...
09/05/2026,02:59:48: 	Train Loss: 3160500.7500 (base: 818.4987, kd: 6319.3652), Elapsed: train 3.30 test 0.44
09/05/2026,02:59:48: 	Recall@10: 0.04379 Recall@20: 0.05973 NDCG@10: 0.02633 NDCG@20: 0.03066 
09/05/2026,02:59:48: 	Recall@10: 0.01751 Recall@20: 0.02537 NDCG@10: 0.00979 NDCG@20: 0.01191 
09/05/2026,02:59:48: Epoch [216/1000]
09/05/2026,02:59:48: Negative sampling...
09/05/2026,02:59:50: Model's personal time...
09/05/2026,02:59:50: Training...
09/05/2026,02:59:51: Evaluating...
09/05/2026,02:59:51: 	Train Loss: 3173122.7500 (base: 806.5634, kd: 6344.6323), Elapsed: train 2.93 test 0.46
09/05/2026,02:59:51: 	Recall@10: 0.04343 Recall@20: 0.06007 NDCG@10: 0.02606 NDCG@20: 0.03063 
09/05/2026,02:59:51: 	Recall@10: 0.01730 Recall@20: 0.02517 NDCG@10: 0.00988 NDCG@20: 0.01203 
09/05/2026,02:59:51: Epoch [217/1000]
09/05/2026,02:59:51: Negative sampling...
09/05/2026,02:59:53: Model's personal time...
09/05/2026,02:59:53: Training...
09/05/2026,02:59:54: Evaluating...
09/05/2026,02:59:54: 	Train Loss: 3172354.0000 (base: 814.7433, kd: 6343.0781), Elapsed: train 2.85 test 0.38
09/05/2026,02:59:54: 	Recall@10: 0.04344 Recall@20: 0.05945 NDCG@10: 0.02616 NDCG@20: 0.03055 
09/05/2026,02:59:54: 	Recall@10: 0.01699 Recall@20: 0.02546 NDCG@10: 0.00962 NDCG@20: 0.01189 
09/05/2026,02:59:54: Epoch [218/1000]
09/05/2026,02:59:54: Negative sampling...
09/05/2026,02:59:56: Model's personal time...
09/05/2026,02:59:56: Training...
09/05/2026,02:59:57: Evaluating...
09/05/2026,02:59:58: 	Train Loss: 3173801.7500 (base: 813.0885, kd: 6345.9775), Elapsed: train 2.80 test 0.42
09/05/2026,02:59:58: 	Recall@10: 0.04343 Recall@20: 0.05988 NDCG@10: 0.02633 NDCG@20: 0.03083 
09/05/2026,02:59:58: 	Recall@10: 0.01722 Recall@20: 0.02477 NDCG@10: 0.00988 NDCG@20: 0.01193 
09/05/2026,02:59:58: Epoch [219/1000]
09/05/2026,02:59:58: Negative sampling...
09/05/2026,02:59:59: Model's personal time...
09/05/2026,02:59:59: Training...
09/05/2026,03:00:00: Evaluating...
09/05/2026,03:00:01: 	Train Loss: 3168428.0000 (base: 819.9819, kd: 6335.2163), Elapsed: train 2.85 test 0.55
09/05/2026,03:00:01: 	Recall@10: 0.04309 Recall@20: 0.05915 NDCG@10: 0.02596 NDCG@20: 0.03041 
09/05/2026,03:00:01: 	Recall@10: 0.01722 Recall@20: 0.02366 NDCG@10: 0.00992 NDCG@20: 0.01169 
09/05/2026,03:00:01: Epoch [220/1000]
09/05/2026,03:00:01: Negative sampling...
09/05/2026,03:00:03: Model's personal time...
09/05/2026,03:00:03: Training...
09/05/2026,03:00:04: Evaluating...
09/05/2026,03:00:05: 	Train Loss: 3167337.0000 (base: 824.0009, kd: 6333.0259), Elapsed: train 3.18 test 0.44
09/05/2026,03:00:05: 	Recall@10: 0.04385 Recall@20: 0.06106 NDCG@10: 0.02650 NDCG@20: 0.03126 
09/05/2026,03:00:05: 	Recall@10: 0.01706 Recall@20: 0.02522 NDCG@10: 0.00980 NDCG@20: 0.01200 
09/05/2026,03:00:05: Epoch [221/1000]
09/05/2026,03:00:05: Negative sampling...
09/05/2026,03:00:06: Model's personal time...
09/05/2026,03:00:06: Training...
09/05/2026,03:00:08: Evaluating...
09/05/2026,03:00:08: 	Train Loss: 3173586.7500 (base: 809.9732, kd: 6345.5532), Elapsed: train 3.24 test 0.39
09/05/2026,03:00:08: 	Recall@10: 0.04413 Recall@20: 0.06079 NDCG@10: 0.02666 NDCG@20: 0.03128 
09/05/2026,03:00:08: 	Recall@10: 0.01845 Recall@20: 0.02501 NDCG@10: 0.01019 NDCG@20: 0.01199 
09/05/2026,03:00:08: Epoch [222/1000]
09/05/2026,03:00:08: Negative sampling...
09/05/2026,03:00:10: Model's personal time...
09/05/2026,03:00:10: Training...
09/05/2026,03:00:11: Evaluating...
09/05/2026,03:00:11: 	Train Loss: 3176837.2500 (base: 807.0323, kd: 6352.0601), Elapsed: train 2.86 test 0.29
09/05/2026,03:00:11: 	Recall@10: 0.04305 Recall@20: 0.06091 NDCG@10: 0.02596 NDCG@20: 0.03091 
09/05/2026,03:00:11: 	Recall@10: 0.01754 Recall@20: 0.02470 NDCG@10: 0.00973 NDCG@20: 0.01169 
09/05/2026,03:00:11: Epoch [223/1000]
09/05/2026,03:00:11: Negative sampling...
09/05/2026,03:00:13: Model's personal time...
09/05/2026,03:00:13: Training...
09/05/2026,03:00:14: Evaluating...
09/05/2026,03:00:15: 	Train Loss: 3173108.7500 (base: 811.2493, kd: 6344.5942), Elapsed: train 2.81 test 0.38
09/05/2026,03:00:15: 	Recall@10: 0.04339 Recall@20: 0.06138 NDCG@10: 0.02633 NDCG@20: 0.03124 
09/05/2026,03:00:15: 	Recall@10: 0.01763 Recall@20: 0.02511 NDCG@10: 0.01017 NDCG@20: 0.01220 
09/05/2026,03:00:15: Epoch [224/1000]
09/05/2026,03:00:15: Negative sampling...
09/05/2026,03:00:16: Model's personal time...
09/05/2026,03:00:16: Training...
09/05/2026,03:00:17: Evaluating...
09/05/2026,03:00:18: 	Train Loss: 3164923.2500 (base: 817.7435, kd: 6328.2104), Elapsed: train 2.82 test 0.41
09/05/2026,03:00:18: 	Recall@10: 0.04318 Recall@20: 0.06056 NDCG@10: 0.02580 NDCG@20: 0.03056 
09/05/2026,03:00:18: 	Recall@10: 0.01802 Recall@20: 0.02530 NDCG@10: 0.01007 NDCG@20: 0.01206 
09/05/2026,03:00:18: Epoch [225/1000]
09/05/2026,03:00:18: Negative sampling...
09/05/2026,03:00:19: Model's personal time...
09/05/2026,03:00:19: Training...
09/05/2026,03:00:21: Evaluating...
09/05/2026,03:00:21: 	Train Loss: 3158983.0000 (base: 815.7103, kd: 6316.3345), Elapsed: train 2.73 test 0.55 *
09/05/2026,03:00:21: 	Recall@10: 0.04422 Recall@20: 0.06036 NDCG@10: 0.02690 NDCG@20: 0.03138 
09/05/2026,03:00:21: 	Recall@10: 0.01792 Recall@20: 0.02529 NDCG@10: 0.01000 NDCG@20: 0.01201 
09/05/2026,03:00:21: Epoch [226/1000]
09/05/2026,03:00:21: Negative sampling...
09/05/2026,03:00:23: Model's personal time...
09/05/2026,03:00:23: Training...
09/05/2026,03:00:24: Evaluating...
09/05/2026,03:00:24: 	Train Loss: 3170779.2500 (base: 815.5115, kd: 6339.9277), Elapsed: train 2.80 test 0.38
09/05/2026,03:00:24: 	Recall@10: 0.04358 Recall@20: 0.06067 NDCG@10: 0.02628 NDCG@20: 0.03092 
09/05/2026,03:00:24: 	Recall@10: 0.01706 Recall@20: 0.02498 NDCG@10: 0.00971 NDCG@20: 0.01185 
09/05/2026,03:00:24: Epoch [227/1000]
09/05/2026,03:00:24: Negative sampling...
09/05/2026,03:00:26: Model's personal time...
09/05/2026,03:00:26: Training...
09/05/2026,03:00:27: Evaluating...
09/05/2026,03:00:28: 	Train Loss: 3168878.0000 (base: 803.2952, kd: 6336.1489), Elapsed: train 2.85 test 0.44 *
09/05/2026,03:00:28: 	Recall@10: 0.04408 Recall@20: 0.06189 NDCG@10: 0.02668 NDCG@20: 0.03155 
09/05/2026,03:00:28: 	Recall@10: 0.01756 Recall@20: 0.02579 NDCG@10: 0.00992 NDCG@20: 0.01215 
09/05/2026,03:00:28: Epoch [228/1000]
09/05/2026,03:00:28: Negative sampling...
09/05/2026,03:00:29: Model's personal time...
09/05/2026,03:00:29: Training...
09/05/2026,03:00:30: Evaluating...
09/05/2026,03:00:31: 	Train Loss: 3169756.2500 (base: 826.9218, kd: 6337.8589), Elapsed: train 2.74 test 0.28
09/05/2026,03:00:31: 	Recall@10: 0.04389 Recall@20: 0.06118 NDCG@10: 0.02650 NDCG@20: 0.03123 
09/05/2026,03:00:31: 	Recall@10: 0.01757 Recall@20: 0.02557 NDCG@10: 0.01027 NDCG@20: 0.01242 
09/05/2026,03:00:31: Epoch [229/1000]
09/05/2026,03:00:31: Negative sampling...
09/05/2026,03:00:32: Model's personal time...
09/05/2026,03:00:32: Training...
09/05/2026,03:00:33: Evaluating...
09/05/2026,03:00:34: 	Train Loss: 3169970.7500 (base: 821.5148, kd: 6338.2983), Elapsed: train 2.85 test 0.47
09/05/2026,03:00:34: 	Recall@10: 0.04393 Recall@20: 0.06160 NDCG@10: 0.02648 NDCG@20: 0.03132 
09/05/2026,03:00:34: 	Recall@10: 0.01711 Recall@20: 0.02542 NDCG@10: 0.00966 NDCG@20: 0.01189 
09/05/2026,03:00:34: Epoch [230/1000]
09/05/2026,03:00:34: Negative sampling...
09/05/2026,03:00:35: Model's personal time...
09/05/2026,03:00:35: Training...
09/05/2026,03:00:37: Evaluating...
09/05/2026,03:00:37: 	Train Loss: 3166039.5000 (base: 817.9156, kd: 6330.4424), Elapsed: train 2.93 test 0.34
09/05/2026,03:00:37: 	Recall@10: 0.04279 Recall@20: 0.05991 NDCG@10: 0.02586 NDCG@20: 0.03052 
09/05/2026,03:00:37: 	Recall@10: 0.01655 Recall@20: 0.02434 NDCG@10: 0.00956 NDCG@20: 0.01171 
09/05/2026,03:00:37: Epoch [231/1000]
09/05/2026,03:00:37: Negative sampling...
09/05/2026,03:00:39: Model's personal time...
09/05/2026,03:00:39: Training...
09/05/2026,03:00:40: Evaluating...
09/05/2026,03:00:41: 	Train Loss: 3166075.2500 (base: 815.0013, kd: 6330.5210), Elapsed: train 2.96 test 0.42 *
09/05/2026,03:00:41: 	Recall@10: 0.04423 Recall@20: 0.06038 NDCG@10: 0.02711 NDCG@20: 0.03158 
09/05/2026,03:00:41: 	Recall@10: 0.01820 Recall@20: 0.02690 NDCG@10: 0.01021 NDCG@20: 0.01252 
09/05/2026,03:00:41: Epoch [232/1000]
09/05/2026,03:00:41: Negative sampling...
09/05/2026,03:00:42: Model's personal time...
09/05/2026,03:00:42: Training...
09/05/2026,03:00:43: Evaluating...
09/05/2026,03:00:44: 	Train Loss: 3164799.2500 (base: 817.4133, kd: 6327.9629), Elapsed: train 2.88 test 0.48
09/05/2026,03:00:44: 	Recall@10: 0.04488 Recall@20: 0.06168 NDCG@10: 0.02693 NDCG@20: 0.03156 
09/05/2026,03:00:44: 	Recall@10: 0.01751 Recall@20: 0.02575 NDCG@10: 0.01011 NDCG@20: 0.01232 
09/05/2026,03:00:44: Epoch [233/1000]
09/05/2026,03:00:44: Negative sampling...
09/05/2026,03:00:46: Model's personal time...
09/05/2026,03:00:46: Training...
09/05/2026,03:00:47: Evaluating...
09/05/2026,03:00:47: 	Train Loss: 3171585.0000 (base: 818.0475, kd: 6341.5337), Elapsed: train 2.71 test 0.47
09/05/2026,03:00:47: 	Recall@10: 0.04432 Recall@20: 0.06134 NDCG@10: 0.02667 NDCG@20: 0.03131 
09/05/2026,03:00:47: 	Recall@10: 0.01778 Recall@20: 0.02375 NDCG@10: 0.01008 NDCG@20: 0.01172 
09/05/2026,03:00:47: Epoch [234/1000]
09/05/2026,03:00:47: Negative sampling...
09/05/2026,03:00:49: Model's personal time...
09/05/2026,03:00:49: Training...
09/05/2026,03:00:50: Evaluating...
09/05/2026,03:00:50: 	Train Loss: 3159237.2500 (base: 823.2305, kd: 6316.8281), Elapsed: train 2.63 test 0.33
09/05/2026,03:00:50: 	Recall@10: 0.04407 Recall@20: 0.06105 NDCG@10: 0.02626 NDCG@20: 0.03093 
09/05/2026,03:00:50: 	Recall@10: 0.01693 Recall@20: 0.02489 NDCG@10: 0.00969 NDCG@20: 0.01183 
09/05/2026,03:00:50: Epoch [235/1000]
09/05/2026,03:00:50: Negative sampling...
09/05/2026,03:00:52: Model's personal time...
09/05/2026,03:00:52: Training...
09/05/2026,03:00:53: Evaluating...
09/05/2026,03:00:53: 	Train Loss: 3163637.5000 (base: 818.3638, kd: 6325.6387), Elapsed: train 2.67 test 0.48 *
09/05/2026,03:00:53: 	Recall@10: 0.04293 Recall@20: 0.06220 NDCG@10: 0.02641 NDCG@20: 0.03158 
09/05/2026,03:00:53: 	Recall@10: 0.01685 Recall@20: 0.02474 NDCG@10: 0.00967 NDCG@20: 0.01184 
09/05/2026,03:00:53: Epoch [236/1000]
09/05/2026,03:00:53: Negative sampling...
09/05/2026,03:00:55: Model's personal time...
09/05/2026,03:00:55: Training...
09/05/2026,03:00:56: Evaluating...
09/05/2026,03:00:57: 	Train Loss: 3164195.2500 (base: 821.2922, kd: 6326.7476), Elapsed: train 2.84 test 0.47
09/05/2026,03:00:57: 	Recall@10: 0.04421 Recall@20: 0.06206 NDCG@10: 0.02667 NDCG@20: 0.03156 
09/05/2026,03:00:57: 	Recall@10: 0.01782 Recall@20: 0.02529 NDCG@10: 0.00992 NDCG@20: 0.01194 
09/05/2026,03:00:57: Epoch [237/1000]
09/05/2026,03:00:57: Negative sampling...
09/05/2026,03:00:58: Model's personal time...
09/05/2026,03:00:58: Training...
09/05/2026,03:01:00: Evaluating...
09/05/2026,03:01:00: 	Train Loss: 3164139.0000 (base: 819.6621, kd: 6326.6387), Elapsed: train 3.04 test 0.39
09/05/2026,03:01:00: 	Recall@10: 0.04300 Recall@20: 0.06290 NDCG@10: 0.02596 NDCG@20: 0.03133 
09/05/2026,03:01:00: 	Recall@10: 0.01757 Recall@20: 0.02602 NDCG@10: 0.00998 NDCG@20: 0.01226 
09/05/2026,03:01:00: Epoch [238/1000]
09/05/2026,03:01:00: Negative sampling...
09/05/2026,03:01:02: Model's personal time...
09/05/2026,03:01:02: Training...
09/05/2026,03:01:03: Evaluating...
09/05/2026,03:01:03: 	Train Loss: 3164904.7500 (base: 810.0408, kd: 6328.1899), Elapsed: train 2.79 test 0.50
09/05/2026,03:01:03: 	Recall@10: 0.04364 Recall@20: 0.06188 NDCG@10: 0.02613 NDCG@20: 0.03108 
09/05/2026,03:01:03: 	Recall@10: 0.01710 Recall@20: 0.02585 NDCG@10: 0.00996 NDCG@20: 0.01236 
09/05/2026,03:01:03: Epoch [239/1000]
09/05/2026,03:01:03: Negative sampling...
09/05/2026,03:01:05: Model's personal time...
09/05/2026,03:01:05: Training...
09/05/2026,03:01:06: Evaluating...
09/05/2026,03:01:07: 	Train Loss: 3161078.7500 (base: 822.0945, kd: 6320.5137), Elapsed: train 2.77 test 0.49 *
09/05/2026,03:01:07: 	Recall@10: 0.04429 Recall@20: 0.06162 NDCG@10: 0.02701 NDCG@20: 0.03178 
09/05/2026,03:01:07: 	Recall@10: 0.01743 Recall@20: 0.02536 NDCG@10: 0.00983 NDCG@20: 0.01195 
09/05/2026,03:01:07: Epoch [240/1000]
09/05/2026,03:01:07: Negative sampling...
09/05/2026,03:01:08: Model's personal time...
09/05/2026,03:01:08: Training...
09/05/2026,03:01:09: Evaluating...
09/05/2026,03:01:10: 	Train Loss: 3162605.0000 (base: 827.4310, kd: 6323.5552), Elapsed: train 2.88 test 0.36 *
09/05/2026,03:01:10: 	Recall@10: 0.04464 Recall@20: 0.06289 NDCG@10: 0.02686 NDCG@20: 0.03180 
09/05/2026,03:01:10: 	Recall@10: 0.01780 Recall@20: 0.02509 NDCG@10: 0.01003 NDCG@20: 0.01199 
09/05/2026,03:01:10: Epoch [241/1000]
09/05/2026,03:01:10: Negative sampling...
09/05/2026,03:01:11: Model's personal time...
09/05/2026,03:01:11: Training...
09/05/2026,03:01:13: Evaluating...
09/05/2026,03:01:13: 	Train Loss: 3156747.0000 (base: 818.8151, kd: 6311.8560), Elapsed: train 2.74 test 0.44
09/05/2026,03:01:13: 	Recall@10: 0.04369 Recall@20: 0.06078 NDCG@10: 0.02675 NDCG@20: 0.03140 
09/05/2026,03:01:13: 	Recall@10: 0.01739 Recall@20: 0.02512 NDCG@10: 0.00988 NDCG@20: 0.01195 
09/05/2026,03:01:13: Epoch [242/1000]
09/05/2026,03:01:13: Negative sampling...
09/05/2026,03:01:15: Model's personal time...
09/05/2026,03:01:15: Training...
09/05/2026,03:01:16: Evaluating...
09/05/2026,03:01:17: 	Train Loss: 3159276.2500 (base: 830.2590, kd: 6316.8926), Elapsed: train 3.26 test 0.27
09/05/2026,03:01:17: 	Recall@10: 0.04390 Recall@20: 0.06196 NDCG@10: 0.02686 NDCG@20: 0.03178 
09/05/2026,03:01:17: 	Recall@10: 0.01869 Recall@20: 0.02634 NDCG@10: 0.01043 NDCG@20: 0.01252 
09/05/2026,03:01:17: Epoch [243/1000]
09/05/2026,03:01:17: Negative sampling...
09/05/2026,03:01:18: Model's personal time...
09/05/2026,03:01:18: Training...
09/05/2026,03:01:20: Evaluating...
09/05/2026,03:01:20: 	Train Loss: 3158016.5000 (base: 820.6863, kd: 6314.3916), Elapsed: train 3.00 test 0.47
09/05/2026,03:01:20: 	Recall@10: 0.04523 Recall@20: 0.06043 NDCG@10: 0.02740 NDCG@20: 0.03158 
09/05/2026,03:01:20: 	Recall@10: 0.01853 Recall@20: 0.02580 NDCG@10: 0.01022 NDCG@20: 0.01219 
09/05/2026,03:01:20: Epoch [244/1000]
09/05/2026,03:01:20: Negative sampling...
09/05/2026,03:01:22: Model's personal time...
09/05/2026,03:01:22: Training...
09/05/2026,03:01:23: Evaluating...
09/05/2026,03:01:23: 	Train Loss: 3158425.0000 (base: 811.9506, kd: 6315.2271), Elapsed: train 2.93 test 0.46
09/05/2026,03:01:23: 	Recall@10: 0.04391 Recall@20: 0.06055 NDCG@10: 0.02645 NDCG@20: 0.03100 
09/05/2026,03:01:23: 	Recall@10: 0.01788 Recall@20: 0.02547 NDCG@10: 0.01001 NDCG@20: 0.01210 
09/05/2026,03:01:23: Epoch [245/1000]
09/05/2026,03:01:23: Negative sampling...
09/05/2026,03:01:25: Model's personal time...
09/05/2026,03:01:25: Training...
09/05/2026,03:01:26: Evaluating...
09/05/2026,03:01:27: 	Train Loss: 3164403.5000 (base: 822.2599, kd: 6327.1616), Elapsed: train 2.94 test 0.39
09/05/2026,03:01:27: 	Recall@10: 0.04321 Recall@20: 0.06090 NDCG@10: 0.02648 NDCG@20: 0.03135 
09/05/2026,03:01:27: 	Recall@10: 0.01777 Recall@20: 0.02560 NDCG@10: 0.01007 NDCG@20: 0.01216 
09/05/2026,03:01:27: Epoch [246/1000]
09/05/2026,03:01:27: Negative sampling...
09/05/2026,03:01:28: Model's personal time...
09/05/2026,03:01:28: Training...
09/05/2026,03:01:30: Evaluating...
09/05/2026,03:01:30: 	Train Loss: 3155268.7500 (base: 814.9692, kd: 6308.9072), Elapsed: train 2.94 test 0.39
09/05/2026,03:01:30: 	Recall@10: 0.04540 Recall@20: 0.06140 NDCG@10: 0.02710 NDCG@20: 0.03146 
09/05/2026,03:01:30: 	Recall@10: 0.01810 Recall@20: 0.02536 NDCG@10: 0.01021 NDCG@20: 0.01216 
09/05/2026,03:01:30: Epoch [247/1000]
09/05/2026,03:01:30: Negative sampling...
09/05/2026,03:01:32: Model's personal time...
09/05/2026,03:01:32: Training...
09/05/2026,03:01:33: Evaluating...
09/05/2026,03:01:34: 	Train Loss: 3162573.7500 (base: 822.1348, kd: 6323.5029), Elapsed: train 3.20 test 0.43
09/05/2026,03:01:34: 	Recall@10: 0.04367 Recall@20: 0.06267 NDCG@10: 0.02632 NDCG@20: 0.03144 
09/05/2026,03:01:34: 	Recall@10: 0.01780 Recall@20: 0.02447 NDCG@10: 0.00995 NDCG@20: 0.01178 
09/05/2026,03:01:34: Epoch [248/1000]
09/05/2026,03:01:34: Negative sampling...
09/05/2026,03:01:35: Model's personal time...
09/05/2026,03:01:35: Training...
09/05/2026,03:01:37: Evaluating...
09/05/2026,03:01:37: 	Train Loss: 3166203.2500 (base: 826.8585, kd: 6330.7539), Elapsed: train 2.97 test 0.36 *
09/05/2026,03:01:37: 	Recall@10: 0.04481 Recall@20: 0.06244 NDCG@10: 0.02728 NDCG@20: 0.03212 
09/05/2026,03:01:37: 	Recall@10: 0.01801 Recall@20: 0.02466 NDCG@10: 0.01004 NDCG@20: 0.01188 
09/05/2026,03:01:37: Epoch [249/1000]
09/05/2026,03:01:37: Negative sampling...
09/05/2026,03:01:38: Model's personal time...
09/05/2026,03:01:38: Training...
09/05/2026,03:01:39: Evaluating...
09/05/2026,03:01:40: 	Train Loss: 3157415.0000 (base: 823.5362, kd: 6313.1836), Elapsed: train 2.42 test 0.42
09/05/2026,03:01:40: 	Recall@10: 0.04412 Recall@20: 0.06389 NDCG@10: 0.02657 NDCG@20: 0.03196 
09/05/2026,03:01:40: 	Recall@10: 0.01842 Recall@20: 0.02476 NDCG@10: 0.01034 NDCG@20: 0.01210 
09/05/2026,03:01:40: Epoch [250/1000]
09/05/2026,03:01:40: Negative sampling...
09/05/2026,03:01:41: Model's personal time...
09/05/2026,03:01:41: Training...
09/05/2026,03:01:43: Evaluating...
09/05/2026,03:01:43: 	Train Loss: 3164128.0000 (base: 827.9683, kd: 6326.6006), Elapsed: train 2.82 test 0.41
09/05/2026,03:01:43: 	Recall@10: 0.04312 Recall@20: 0.06129 NDCG@10: 0.02616 NDCG@20: 0.03112 
09/05/2026,03:01:43: 	Recall@10: 0.01823 Recall@20: 0.02587 NDCG@10: 0.01024 NDCG@20: 0.01229 
09/05/2026,03:01:43: Epoch [251/1000]
09/05/2026,03:01:43: Negative sampling...
09/05/2026,03:01:44: Model's personal time...
09/05/2026,03:01:44: Training...
09/05/2026,03:01:46: Evaluating...
09/05/2026,03:01:46: 	Train Loss: 3160164.5000 (base: 823.6318, kd: 6318.6812), Elapsed: train 2.81 test 0.50
09/05/2026,03:01:46: 	Recall@10: 0.04525 Recall@20: 0.06374 NDCG@10: 0.02694 NDCG@20: 0.03201 
09/05/2026,03:01:46: 	Recall@10: 0.01758 Recall@20: 0.02518 NDCG@10: 0.00986 NDCG@20: 0.01192 
09/05/2026,03:01:46: Epoch [252/1000]
09/05/2026,03:01:46: Negative sampling...
09/05/2026,03:01:48: Model's personal time...
09/05/2026,03:01:48: Training...
09/05/2026,03:01:49: Evaluating...
09/05/2026,03:01:50: 	Train Loss: 3167101.7500 (base: 827.5456, kd: 6332.5483), Elapsed: train 2.95 test 0.31
09/05/2026,03:01:50: 	Recall@10: 0.04385 Recall@20: 0.06279 NDCG@10: 0.02660 NDCG@20: 0.03181 
09/05/2026,03:01:50: 	Recall@10: 0.01791 Recall@20: 0.02506 NDCG@10: 0.00997 NDCG@20: 0.01189 
09/05/2026,03:01:50: Epoch [253/1000]
09/05/2026,03:01:50: Negative sampling...
09/05/2026,03:01:51: Model's personal time...
09/05/2026,03:01:51: Training...
09/05/2026,03:01:52: Evaluating...
09/05/2026,03:01:53: 	Train Loss: 3158423.0000 (base: 821.6771, kd: 6315.2026), Elapsed: train 2.70 test 0.39
09/05/2026,03:01:53: 	Recall@10: 0.04446 Recall@20: 0.06265 NDCG@10: 0.02694 NDCG@20: 0.03195 
09/05/2026,03:01:53: 	Recall@10: 0.01741 Recall@20: 0.02561 NDCG@10: 0.00973 NDCG@20: 0.01197 
09/05/2026,03:01:53: Epoch [254/1000]
09/05/2026,03:01:53: Negative sampling...
09/05/2026,03:01:54: Model's personal time...
09/05/2026,03:01:54: Training...
09/05/2026,03:01:55: Evaluating...
09/05/2026,03:01:56: 	Train Loss: 3156346.5000 (base: 825.7053, kd: 6311.0415), Elapsed: train 2.69 test 0.28
09/05/2026,03:01:56: 	Recall@10: 0.04374 Recall@20: 0.06323 NDCG@10: 0.02609 NDCG@20: 0.03141 
09/05/2026,03:01:56: 	Recall@10: 0.01829 Recall@20: 0.02487 NDCG@10: 0.01036 NDCG@20: 0.01219 
09/05/2026,03:01:56: Epoch [255/1000]
09/05/2026,03:01:56: Negative sampling...
09/05/2026,03:01:57: Model's personal time...
09/05/2026,03:01:57: Training...
09/05/2026,03:01:58: Evaluating...
09/05/2026,03:01:59: 	Train Loss: 3161487.5000 (base: 831.7194, kd: 6321.3115), Elapsed: train 2.58 test 0.41
09/05/2026,03:01:59: 	Recall@10: 0.04449 Recall@20: 0.06113 NDCG@10: 0.02699 NDCG@20: 0.03161 
09/05/2026,03:01:59: 	Recall@10: 0.01815 Recall@20: 0.02636 NDCG@10: 0.01001 NDCG@20: 0.01221 
09/05/2026,03:01:59: Epoch [256/1000]
09/05/2026,03:01:59: Negative sampling...
09/05/2026,03:02:00: Model's personal time...
09/05/2026,03:02:00: Training...
09/05/2026,03:02:01: Evaluating...
09/05/2026,03:02:02: 	Train Loss: 3152560.2500 (base: 832.2058, kd: 6303.4561), Elapsed: train 2.68 test 0.33 *
09/05/2026,03:02:02: 	Recall@10: 0.04460 Recall@20: 0.06260 NDCG@10: 0.02724 NDCG@20: 0.03220 
09/05/2026,03:02:02: 	Recall@10: 0.01735 Recall@20: 0.02527 NDCG@10: 0.00988 NDCG@20: 0.01202 
09/05/2026,03:02:02: Epoch [257/1000]
09/05/2026,03:02:02: Negative sampling...
09/05/2026,03:02:03: Model's personal time...
09/05/2026,03:02:03: Training...
09/05/2026,03:02:04: Evaluating...
09/05/2026,03:02:05: 	Train Loss: 3156328.5000 (base: 819.5013, kd: 6311.0176), Elapsed: train 2.38 test 0.41
09/05/2026,03:02:05: 	Recall@10: 0.04420 Recall@20: 0.06350 NDCG@10: 0.02686 NDCG@20: 0.03213 
09/05/2026,03:02:05: 	Recall@10: 0.01761 Recall@20: 0.02575 NDCG@10: 0.01000 NDCG@20: 0.01222 
09/05/2026,03:02:05: Epoch [258/1000]
09/05/2026,03:02:05: Negative sampling...
09/05/2026,03:02:06: Model's personal time...
09/05/2026,03:02:06: Training...
09/05/2026,03:02:07: Evaluating...
09/05/2026,03:02:08: 	Train Loss: 3161286.5000 (base: 823.2044, kd: 6320.9258), Elapsed: train 2.82 test 0.30 *
09/05/2026,03:02:08: 	Recall@10: 0.04608 Recall@20: 0.06399 NDCG@10: 0.02778 NDCG@20: 0.03261 
09/05/2026,03:02:08: 	Recall@10: 0.01788 Recall@20: 0.02607 NDCG@10: 0.00989 NDCG@20: 0.01211 
09/05/2026,03:02:08: Epoch [259/1000]
09/05/2026,03:02:08: Negative sampling...
09/05/2026,03:02:09: Model's personal time...
09/05/2026,03:02:09: Training...
09/05/2026,03:02:10: Evaluating...
09/05/2026,03:02:11: 	Train Loss: 3153042.7500 (base: 831.6196, kd: 6304.4219), Elapsed: train 2.85 test 0.51
09/05/2026,03:02:11: 	Recall@10: 0.04481 Recall@20: 0.06442 NDCG@10: 0.02697 NDCG@20: 0.03232 
09/05/2026,03:02:11: 	Recall@10: 0.01839 Recall@20: 0.02477 NDCG@10: 0.01013 NDCG@20: 0.01190 
09/05/2026,03:02:11: Epoch [260/1000]
09/05/2026,03:02:11: Negative sampling...
09/05/2026,03:02:13: Model's personal time...
09/05/2026,03:02:13: Training...
09/05/2026,03:02:14: Evaluating...
09/05/2026,03:02:14: 	Train Loss: 3157229.2500 (base: 824.7921, kd: 6312.8091), Elapsed: train 2.68 test 0.46
09/05/2026,03:02:14: 	Recall@10: 0.04452 Recall@20: 0.06313 NDCG@10: 0.02708 NDCG@20: 0.03213 
09/05/2026,03:02:14: 	Recall@10: 0.01818 Recall@20: 0.02602 NDCG@10: 0.01027 NDCG@20: 0.01238 
09/05/2026,03:02:14: Epoch [261/1000]
09/05/2026,03:02:14: Negative sampling...
09/05/2026,03:02:16: Model's personal time...
09/05/2026,03:02:16: Training...
09/05/2026,03:02:17: Evaluating...
09/05/2026,03:02:17: 	Train Loss: 3161031.0000 (base: 826.0596, kd: 6320.4106), Elapsed: train 2.86 test 0.32
09/05/2026,03:02:17: 	Recall@10: 0.04552 Recall@20: 0.06377 NDCG@10: 0.02726 NDCG@20: 0.03226 
09/05/2026,03:02:17: 	Recall@10: 0.01906 Recall@20: 0.02703 NDCG@10: 0.01052 NDCG@20: 0.01267 
09/05/2026,03:02:17: Epoch [262/1000]
09/05/2026,03:02:17: Negative sampling...
09/05/2026,03:02:19: Model's personal time...
09/05/2026,03:02:19: Training...
09/05/2026,03:02:20: Evaluating...
09/05/2026,03:02:20: 	Train Loss: 3150716.0000 (base: 826.9138, kd: 6299.7788), Elapsed: train 2.67 test 0.31
09/05/2026,03:02:20: 	Recall@10: 0.04519 Recall@20: 0.06248 NDCG@10: 0.02745 NDCG@20: 0.03217 
09/05/2026,03:02:20: 	Recall@10: 0.01853 Recall@20: 0.02612 NDCG@10: 0.01033 NDCG@20: 0.01236 
09/05/2026,03:02:20: Epoch [263/1000]
09/05/2026,03:02:20: Negative sampling...
09/05/2026,03:02:22: Model's personal time...
09/05/2026,03:02:22: Training...
09/05/2026,03:02:23: Evaluating...
09/05/2026,03:02:24: 	Train Loss: 3161574.5000 (base: 821.0667, kd: 6321.5068), Elapsed: train 2.87 test 0.43
09/05/2026,03:02:24: 	Recall@10: 0.04521 Recall@20: 0.06332 NDCG@10: 0.02718 NDCG@20: 0.03215 
09/05/2026,03:02:24: 	Recall@10: 0.01887 Recall@20: 0.02588 NDCG@10: 0.01071 NDCG@20: 0.01264 
09/05/2026,03:02:24: Epoch [264/1000]
09/05/2026,03:02:24: Negative sampling...
09/05/2026,03:02:25: Model's personal time...
09/05/2026,03:02:25: Training...
09/05/2026,03:02:26: Evaluating...
09/05/2026,03:02:27: 	Train Loss: 3159550.0000 (base: 831.8311, kd: 6317.4360), Elapsed: train 2.62 test 0.50
09/05/2026,03:02:27: 	Recall@10: 0.04377 Recall@20: 0.06235 NDCG@10: 0.02639 NDCG@20: 0.03151 
09/05/2026,03:02:27: 	Recall@10: 0.01831 Recall@20: 0.02589 NDCG@10: 0.01020 NDCG@20: 0.01228 
09/05/2026,03:02:27: Epoch [265/1000]
09/05/2026,03:02:27: Negative sampling...
09/05/2026,03:02:28: Model's personal time...
09/05/2026,03:02:28: Training...
09/05/2026,03:02:29: Evaluating...
09/05/2026,03:02:30: 	Train Loss: 3155489.2500 (base: 825.8027, kd: 6309.3271), Elapsed: train 2.45 test 0.47 *
09/05/2026,03:02:30: 	Recall@10: 0.04574 Recall@20: 0.06416 NDCG@10: 0.02775 NDCG@20: 0.03277 
09/05/2026,03:02:30: 	Recall@10: 0.01842 Recall@20: 0.02599 NDCG@10: 0.01043 NDCG@20: 0.01251 
09/05/2026,03:02:30: Epoch [266/1000]
09/05/2026,03:02:30: Negative sampling...
09/05/2026,03:02:31: Model's personal time...
09/05/2026,03:02:31: Training...
09/05/2026,03:02:32: Evaluating...
09/05/2026,03:02:33: 	Train Loss: 3155828.7500 (base: 819.3414, kd: 6310.0190), Elapsed: train 2.75 test 0.34
09/05/2026,03:02:33: 	Recall@10: 0.04470 Recall@20: 0.06240 NDCG@10: 0.02686 NDCG@20: 0.03170 
09/05/2026,03:02:33: 	Recall@10: 0.01847 Recall@20: 0.02581 NDCG@10: 0.01026 NDCG@20: 0.01228 
09/05/2026,03:02:33: Epoch [267/1000]
09/05/2026,03:02:33: Negative sampling...
09/05/2026,03:02:34: Model's personal time...
09/05/2026,03:02:34: Training...
09/05/2026,03:02:35: Evaluating...
09/05/2026,03:02:36: 	Train Loss: 3154584.0000 (base: 827.9224, kd: 6307.5127), Elapsed: train 2.68 test 0.39
09/05/2026,03:02:36: 	Recall@10: 0.04493 Recall@20: 0.06436 NDCG@10: 0.02734 NDCG@20: 0.03265 
09/05/2026,03:02:36: 	Recall@10: 0.01871 Recall@20: 0.02598 NDCG@10: 0.01027 NDCG@20: 0.01226 
09/05/2026,03:02:36: Epoch [268/1000]
09/05/2026,03:02:36: Negative sampling...
09/05/2026,03:02:37: Model's personal time...
09/05/2026,03:02:37: Training...
09/05/2026,03:02:38: Evaluating...
09/05/2026,03:02:39: 	Train Loss: 3156478.0000 (base: 828.8498, kd: 6311.2979), Elapsed: train 2.50 test 0.43
09/05/2026,03:02:39: 	Recall@10: 0.04496 Recall@20: 0.06369 NDCG@10: 0.02730 NDCG@20: 0.03235 
09/05/2026,03:02:39: 	Recall@10: 0.01862 Recall@20: 0.02583 NDCG@10: 0.01061 NDCG@20: 0.01262 
09/05/2026,03:02:39: Epoch [269/1000]
09/05/2026,03:02:39: Negative sampling...
09/05/2026,03:02:40: Model's personal time...
09/05/2026,03:02:40: Training...
09/05/2026,03:02:41: Evaluating...
09/05/2026,03:02:42: 	Train Loss: 3157804.2500 (base: 834.5329, kd: 6313.9395), Elapsed: train 2.51 test 0.39
09/05/2026,03:02:42: 	Recall@10: 0.04576 Recall@20: 0.06316 NDCG@10: 0.02743 NDCG@20: 0.03219 
09/05/2026,03:02:42: 	Recall@10: 0.01922 Recall@20: 0.02613 NDCG@10: 0.01068 NDCG@20: 0.01257 
09/05/2026,03:02:42: Epoch [270/1000]
09/05/2026,03:02:42: Negative sampling...
09/05/2026,03:02:43: Model's personal time...
09/05/2026,03:02:43: Training...
09/05/2026,03:02:44: Evaluating...
09/05/2026,03:02:45: 	Train Loss: 3152607.2500 (base: 831.2081, kd: 6303.5522), Elapsed: train 2.73 test 0.37
09/05/2026,03:02:45: 	Recall@10: 0.04438 Recall@20: 0.06304 NDCG@10: 0.02677 NDCG@20: 0.03194 
09/05/2026,03:02:45: 	Recall@10: 0.01896 Recall@20: 0.02632 NDCG@10: 0.01055 NDCG@20: 0.01253 
09/05/2026,03:02:45: Epoch [271/1000]
09/05/2026,03:02:45: Negative sampling...
09/05/2026,03:02:46: Model's personal time...
09/05/2026,03:02:46: Training...
09/05/2026,03:02:47: Evaluating...
09/05/2026,03:02:48: 	Train Loss: 3154835.5000 (base: 842.6272, kd: 6307.9863), Elapsed: train 2.57 test 0.51
09/05/2026,03:02:48: 	Recall@10: 0.04423 Recall@20: 0.06219 NDCG@10: 0.02649 NDCG@20: 0.03135 
09/05/2026,03:02:48: 	Recall@10: 0.01770 Recall@20: 0.02642 NDCG@10: 0.00997 NDCG@20: 0.01231 
09/05/2026,03:02:48: Epoch [272/1000]
09/05/2026,03:02:48: Negative sampling...
09/05/2026,03:02:49: Model's personal time...
09/05/2026,03:02:49: Training...
09/05/2026,03:02:50: Evaluating...
09/05/2026,03:02:51: 	Train Loss: 3163907.2500 (base: 830.2922, kd: 6326.1528), Elapsed: train 2.57 test 0.52
09/05/2026,03:02:51: 	Recall@10: 0.04550 Recall@20: 0.06486 NDCG@10: 0.02723 NDCG@20: 0.03254 
09/05/2026,03:02:51: 	Recall@10: 0.01823 Recall@20: 0.02703 NDCG@10: 0.01053 NDCG@20: 0.01294 
09/05/2026,03:02:51: Epoch [273/1000]
09/05/2026,03:02:51: Negative sampling...
09/05/2026,03:02:52: Model's personal time...
09/05/2026,03:02:52: Training...
09/05/2026,03:02:53: Evaluating...
09/05/2026,03:02:54: 	Train Loss: 3156431.0000 (base: 832.9203, kd: 6311.1963), Elapsed: train 2.44 test 0.28
09/05/2026,03:02:54: 	Recall@10: 0.04432 Recall@20: 0.06383 NDCG@10: 0.02682 NDCG@20: 0.03215 
09/05/2026,03:02:54: 	Recall@10: 0.01813 Recall@20: 0.02561 NDCG@10: 0.01020 NDCG@20: 0.01221 
09/05/2026,03:02:54: Epoch [274/1000]
09/05/2026,03:02:54: Negative sampling...
09/05/2026,03:02:55: Model's personal time...
09/05/2026,03:02:55: Training...
09/05/2026,03:02:56: Evaluating...
09/05/2026,03:02:57: 	Train Loss: 3160190.0000 (base: 831.7208, kd: 6318.7168), Elapsed: train 2.61 test 0.29
09/05/2026,03:02:57: 	Recall@10: 0.04482 Recall@20: 0.06394 NDCG@10: 0.02699 NDCG@20: 0.03224 
09/05/2026,03:02:57: 	Recall@10: 0.01822 Recall@20: 0.02646 NDCG@10: 0.01037 NDCG@20: 0.01261 
09/05/2026,03:02:57: Epoch [275/1000]
09/05/2026,03:02:57: Negative sampling...
09/05/2026,03:02:58: Model's personal time...
09/05/2026,03:02:58: Training...
09/05/2026,03:02:59: Evaluating...
09/05/2026,03:03:00: 	Train Loss: 3158600.0000 (base: 826.6319, kd: 6315.5469), Elapsed: train 2.93 test 0.45
09/05/2026,03:03:00: 	Recall@10: 0.04600 Recall@20: 0.06363 NDCG@10: 0.02756 NDCG@20: 0.03233 
09/05/2026,03:03:00: 	Recall@10: 0.01868 Recall@20: 0.02690 NDCG@10: 0.01060 NDCG@20: 0.01283 
09/05/2026,03:03:00: Epoch [276/1000]
09/05/2026,03:03:00: Negative sampling...
09/05/2026,03:03:01: Model's personal time...
09/05/2026,03:03:01: Training...
09/05/2026,03:03:03: Evaluating...
09/05/2026,03:03:03: 	Train Loss: 3151122.2500 (base: 831.8565, kd: 6300.5801), Elapsed: train 2.71 test 0.34
09/05/2026,03:03:03: 	Recall@10: 0.04522 Recall@20: 0.06362 NDCG@10: 0.02718 NDCG@20: 0.03222 
09/05/2026,03:03:03: 	Recall@10: 0.01796 Recall@20: 0.02600 NDCG@10: 0.01028 NDCG@20: 0.01248 
09/05/2026,03:03:03: Epoch [277/1000]
09/05/2026,03:03:03: Negative sampling...
09/05/2026,03:03:04: Model's personal time...
09/05/2026,03:03:04: Training...
09/05/2026,03:03:06: Evaluating...
09/05/2026,03:03:06: 	Train Loss: 3150648.0000 (base: 832.1529, kd: 6299.6323), Elapsed: train 2.68 test 0.40
09/05/2026,03:03:06: 	Recall@10: 0.04556 Recall@20: 0.06280 NDCG@10: 0.02730 NDCG@20: 0.03200 
09/05/2026,03:03:06: 	Recall@10: 0.01842 Recall@20: 0.02587 NDCG@10: 0.01047 NDCG@20: 0.01247 
09/05/2026,03:03:06: Epoch [278/1000]
09/05/2026,03:03:06: Negative sampling...
09/05/2026,03:03:07: Model's personal time...
09/05/2026,03:03:07: Training...
09/05/2026,03:03:09: Evaluating...
09/05/2026,03:03:09: 	Train Loss: 3158267.0000 (base: 842.1371, kd: 6314.8501), Elapsed: train 2.58 test 0.40 *
09/05/2026,03:03:09: 	Recall@10: 0.04503 Recall@20: 0.06448 NDCG@10: 0.02747 NDCG@20: 0.03280 
09/05/2026,03:03:09: 	Recall@10: 0.01775 Recall@20: 0.02574 NDCG@10: 0.01019 NDCG@20: 0.01232 
09/05/2026,03:03:09: Epoch [279/1000]
09/05/2026,03:03:09: Negative sampling...
09/05/2026,03:03:10: Model's personal time...
09/05/2026,03:03:10: Training...
09/05/2026,03:03:12: Evaluating...
09/05/2026,03:03:12: 	Train Loss: 3163927.5000 (base: 830.4370, kd: 6326.1938), Elapsed: train 2.55 test 0.35 *
09/05/2026,03:03:12: 	Recall@10: 0.04427 Recall@20: 0.06493 NDCG@10: 0.02719 NDCG@20: 0.03289 
09/05/2026,03:03:12: 	Recall@10: 0.01811 Recall@20: 0.02668 NDCG@10: 0.01043 NDCG@20: 0.01277 
09/05/2026,03:03:12: Epoch [280/1000]
09/05/2026,03:03:12: Negative sampling...
09/05/2026,03:03:13: Model's personal time...
09/05/2026,03:03:13: Training...
09/05/2026,03:03:14: Evaluating...
09/05/2026,03:03:15: 	Train Loss: 3151309.2500 (base: 837.9962, kd: 6300.9424), Elapsed: train 2.49 test 0.33
09/05/2026,03:03:15: 	Recall@10: 0.04391 Recall@20: 0.06242 NDCG@10: 0.02667 NDCG@20: 0.03171 
09/05/2026,03:03:15: 	Recall@10: 0.01876 Recall@20: 0.02545 NDCG@10: 0.01048 NDCG@20: 0.01234 
09/05/2026,03:03:15: Epoch [281/1000]
09/05/2026,03:03:15: Negative sampling...
09/05/2026,03:03:16: Model's personal time...
09/05/2026,03:03:16: Training...
09/05/2026,03:03:17: Evaluating...
09/05/2026,03:03:18: 	Train Loss: 3143804.0000 (base: 836.1208, kd: 6285.9360), Elapsed: train 2.60 test 0.28
09/05/2026,03:03:18: 	Recall@10: 0.04490 Recall@20: 0.06437 NDCG@10: 0.02685 NDCG@20: 0.03219 
09/05/2026,03:03:18: 	Recall@10: 0.01832 Recall@20: 0.02562 NDCG@10: 0.01041 NDCG@20: 0.01239 
09/05/2026,03:03:18: Epoch [282/1000]
09/05/2026,03:03:18: Negative sampling...
09/05/2026,03:03:19: Model's personal time...
09/05/2026,03:03:19: Training...
09/05/2026,03:03:20: Evaluating...
09/05/2026,03:03:21: 	Train Loss: 3152751.5000 (base: 824.9472, kd: 6303.8530), Elapsed: train 2.58 test 0.38
09/05/2026,03:03:21: 	Recall@10: 0.04448 Recall@20: 0.06276 NDCG@10: 0.02656 NDCG@20: 0.03162 
09/05/2026,03:03:21: 	Recall@10: 0.01783 Recall@20: 0.02589 NDCG@10: 0.01013 NDCG@20: 0.01231 
09/05/2026,03:03:21: Epoch [283/1000]
09/05/2026,03:03:21: Negative sampling...
09/05/2026,03:03:22: Model's personal time...
09/05/2026,03:03:22: Training...
09/05/2026,03:03:23: Evaluating...
09/05/2026,03:03:24: 	Train Loss: 3156405.5000 (base: 825.4915, kd: 6311.1602), Elapsed: train 2.73 test 0.38
09/05/2026,03:03:24: 	Recall@10: 0.04530 Recall@20: 0.06278 NDCG@10: 0.02698 NDCG@20: 0.03178 
09/05/2026,03:03:24: 	Recall@10: 0.01860 Recall@20: 0.02596 NDCG@10: 0.01052 NDCG@20: 0.01250 
09/05/2026,03:03:24: Epoch [284/1000]
09/05/2026,03:03:24: Negative sampling...
09/05/2026,03:03:25: Model's personal time...
09/05/2026,03:03:25: Training...
09/05/2026,03:03:26: Evaluating...
09/05/2026,03:03:27: 	Train Loss: 3155766.2500 (base: 834.3602, kd: 6309.8633), Elapsed: train 2.71 test 0.42
09/05/2026,03:03:27: 	Recall@10: 0.04566 Recall@20: 0.06400 NDCG@10: 0.02747 NDCG@20: 0.03246 
09/05/2026,03:03:27: 	Recall@10: 0.01878 Recall@20: 0.02619 NDCG@10: 0.01049 NDCG@20: 0.01247 
09/05/2026,03:03:27: Epoch [285/1000]
09/05/2026,03:03:27: Negative sampling...
09/05/2026,03:03:28: Model's personal time...
09/05/2026,03:03:28: Training...
09/05/2026,03:03:29: Evaluating...
09/05/2026,03:03:30: 	Train Loss: 3148908.2500 (base: 831.8605, kd: 6296.1528), Elapsed: train 2.56 test 0.43
09/05/2026,03:03:30: 	Recall@10: 0.04472 Recall@20: 0.06380 NDCG@10: 0.02711 NDCG@20: 0.03225 
09/05/2026,03:03:30: 	Recall@10: 0.01945 Recall@20: 0.02558 NDCG@10: 0.01093 NDCG@20: 0.01262 
09/05/2026,03:03:30: Epoch [286/1000]
09/05/2026,03:03:30: Negative sampling...
09/05/2026,03:03:31: Model's personal time...
09/05/2026,03:03:31: Training...
09/05/2026,03:03:32: Evaluating...
09/05/2026,03:03:33: 	Train Loss: 3155867.2500 (base: 838.0738, kd: 6310.0586), Elapsed: train 2.51 test 0.38 *
09/05/2026,03:03:33: 	Recall@10: 0.04678 Recall@20: 0.06558 NDCG@10: 0.02776 NDCG@20: 0.03292 
09/05/2026,03:03:33: 	Recall@10: 0.01828 Recall@20: 0.02606 NDCG@10: 0.01036 NDCG@20: 0.01250 
09/05/2026,03:03:33: Epoch [287/1000]
09/05/2026,03:03:33: Negative sampling...
09/05/2026,03:03:34: Model's personal time...
09/05/2026,03:03:34: Training...
09/05/2026,03:03:35: Evaluating...
09/05/2026,03:03:36: 	Train Loss: 3157576.0000 (base: 829.5122, kd: 6313.4927), Elapsed: train 2.66 test 0.56
09/05/2026,03:03:36: 	Recall@10: 0.04430 Recall@20: 0.06358 NDCG@10: 0.02713 NDCG@20: 0.03244 
09/05/2026,03:03:36: 	Recall@10: 0.01914 Recall@20: 0.02717 NDCG@10: 0.01098 NDCG@20: 0.01316 
09/05/2026,03:03:36: Epoch [288/1000]
09/05/2026,03:03:36: Negative sampling...
09/05/2026,03:03:37: Model's personal time...
09/05/2026,03:03:37: Training...
09/05/2026,03:03:39: Evaluating...
09/05/2026,03:03:39: 	Train Loss: 3159067.0000 (base: 838.2004, kd: 6316.4580), Elapsed: train 2.68 test 0.39
09/05/2026,03:03:39: 	Recall@10: 0.04584 Recall@20: 0.06382 NDCG@10: 0.02767 NDCG@20: 0.03257 
09/05/2026,03:03:39: 	Recall@10: 0.01855 Recall@20: 0.02663 NDCG@10: 0.01038 NDCG@20: 0.01257 
09/05/2026,03:03:39: Epoch [289/1000]
09/05/2026,03:03:39: Negative sampling...
09/05/2026,03:03:41: Model's personal time...
09/05/2026,03:03:41: Training...
09/05/2026,03:03:42: Evaluating...
09/05/2026,03:03:42: 	Train Loss: 3149498.7500 (base: 827.8026, kd: 6297.3418), Elapsed: train 2.60 test 0.49
09/05/2026,03:03:42: 	Recall@10: 0.04558 Recall@20: 0.06434 NDCG@10: 0.02728 NDCG@20: 0.03243 
09/05/2026,03:03:42: 	Recall@10: 0.01916 Recall@20: 0.02655 NDCG@10: 0.01067 NDCG@20: 0.01265 
09/05/2026,03:03:42: Epoch [290/1000]
09/05/2026,03:03:42: Negative sampling...
09/05/2026,03:03:44: Model's personal time...
09/05/2026,03:03:44: Training...
09/05/2026,03:03:45: Evaluating...
09/05/2026,03:03:45: 	Train Loss: 3148928.5000 (base: 842.4768, kd: 6296.1733), Elapsed: train 2.69 test 0.58
09/05/2026,03:03:45: 	Recall@10: 0.04670 Recall@20: 0.06484 NDCG@10: 0.02773 NDCG@20: 0.03270 
09/05/2026,03:03:45: 	Recall@10: 0.01895 Recall@20: 0.02634 NDCG@10: 0.01066 NDCG@20: 0.01271 
09/05/2026,03:03:45: Epoch [291/1000]
09/05/2026,03:03:45: Negative sampling...
09/05/2026,03:03:47: Model's personal time...
09/05/2026,03:03:47: Training...
09/05/2026,03:03:48: Evaluating...
09/05/2026,03:03:48: 	Train Loss: 3149014.7500 (base: 827.5231, kd: 6296.3740), Elapsed: train 2.71 test 0.37
09/05/2026,03:03:48: 	Recall@10: 0.04574 Recall@20: 0.06348 NDCG@10: 0.02737 NDCG@20: 0.03220 
09/05/2026,03:03:48: 	Recall@10: 0.01828 Recall@20: 0.02647 NDCG@10: 0.01029 NDCG@20: 0.01251 
09/05/2026,03:03:48: Epoch [292/1000]
09/05/2026,03:03:48: Negative sampling...
09/05/2026,03:03:50: Model's personal time...
09/05/2026,03:03:50: Training...
09/05/2026,03:03:51: Evaluating...
09/05/2026,03:03:52: 	Train Loss: 3148876.7500 (base: 831.7227, kd: 6296.0898), Elapsed: train 2.93 test 0.40 *
09/05/2026,03:03:52: 	Recall@10: 0.04626 Recall@20: 0.06564 NDCG@10: 0.02765 NDCG@20: 0.03296 
09/05/2026,03:03:52: 	Recall@10: 0.01897 Recall@20: 0.02762 NDCG@10: 0.01070 NDCG@20: 0.01301 
09/05/2026,03:03:52: Epoch [293/1000]
09/05/2026,03:03:52: Negative sampling...
09/05/2026,03:03:53: Model's personal time...
09/05/2026,03:03:53: Training...
09/05/2026,03:03:54: Evaluating...
09/05/2026,03:03:55: 	Train Loss: 3154423.5000 (base: 838.8350, kd: 6307.1689), Elapsed: train 2.63 test 0.42
09/05/2026,03:03:55: 	Recall@10: 0.04611 Recall@20: 0.06502 NDCG@10: 0.02775 NDCG@20: 0.03289 
09/05/2026,03:03:55: 	Recall@10: 0.01858 Recall@20: 0.02628 NDCG@10: 0.01049 NDCG@20: 0.01258 
09/05/2026,03:03:55: Epoch [294/1000]
09/05/2026,03:03:55: Negative sampling...
09/05/2026,03:03:56: Model's personal time...
09/05/2026,03:03:56: Training...
09/05/2026,03:03:58: Evaluating...
09/05/2026,03:03:58: 	Train Loss: 3152005.2500 (base: 834.6386, kd: 6302.3418), Elapsed: train 2.71 test 0.29 *
09/05/2026,03:03:58: 	Recall@10: 0.04533 Recall@20: 0.06612 NDCG@10: 0.02740 NDCG@20: 0.03312 
09/05/2026,03:03:58: 	Recall@10: 0.01800 Recall@20: 0.02574 NDCG@10: 0.01022 NDCG@20: 0.01235 
09/05/2026,03:03:58: Epoch [295/1000]
09/05/2026,03:03:58: Negative sampling...
09/05/2026,03:03:59: Model's personal time...
09/05/2026,03:03:59: Training...
09/05/2026,03:04:00: Evaluating...
09/05/2026,03:04:01: 	Train Loss: 3154532.2500 (base: 822.6946, kd: 6307.4189), Elapsed: train 2.64 test 0.49
09/05/2026,03:04:01: 	Recall@10: 0.04496 Recall@20: 0.06561 NDCG@10: 0.02665 NDCG@20: 0.03230 
09/05/2026,03:04:01: 	Recall@10: 0.01899 Recall@20: 0.02693 NDCG@10: 0.01048 NDCG@20: 0.01258 
09/05/2026,03:04:01: Epoch [296/1000]
09/05/2026,03:04:01: Negative sampling...
09/05/2026,03:04:02: Model's personal time...
09/05/2026,03:04:02: Training...
09/05/2026,03:04:04: Evaluating...
09/05/2026,03:04:04: 	Train Loss: 3145478.2500 (base: 833.3428, kd: 6289.2900), Elapsed: train 2.77 test 0.33
09/05/2026,03:04:04: 	Recall@10: 0.04517 Recall@20: 0.06666 NDCG@10: 0.02707 NDCG@20: 0.03291 
09/05/2026,03:04:04: 	Recall@10: 0.01871 Recall@20: 0.02709 NDCG@10: 0.01046 NDCG@20: 0.01271 
09/05/2026,03:04:04: Epoch [297/1000]
09/05/2026,03:04:04: Negative sampling...
09/05/2026,03:04:05: Model's personal time...
09/05/2026,03:04:05: Training...
09/05/2026,03:04:07: Evaluating...
09/05/2026,03:04:07: 	Train Loss: 3144942.2500 (base: 842.5662, kd: 6288.1997), Elapsed: train 2.51 test 0.45
09/05/2026,03:04:07: 	Recall@10: 0.04661 Recall@20: 0.06653 NDCG@10: 0.02752 NDCG@20: 0.03301 
09/05/2026,03:04:07: 	Recall@10: 0.01864 Recall@20: 0.02690 NDCG@10: 0.01051 NDCG@20: 0.01272 
09/05/2026,03:04:07: Epoch [298/1000]
09/05/2026,03:04:07: Negative sampling...
09/05/2026,03:04:08: Model's personal time...
09/05/2026,03:04:08: Training...
09/05/2026,03:04:10: Evaluating...
09/05/2026,03:04:10: 	Train Loss: 3139699.5000 (base: 834.3217, kd: 6277.7300), Elapsed: train 2.78 test 0.34
09/05/2026,03:04:10: 	Recall@10: 0.04515 Recall@20: 0.06404 NDCG@10: 0.02732 NDCG@20: 0.03246 
09/05/2026,03:04:10: 	Recall@10: 0.01754 Recall@20: 0.02585 NDCG@10: 0.00996 NDCG@20: 0.01222 
09/05/2026,03:04:10: Epoch [299/1000]
09/05/2026,03:04:10: Negative sampling...
09/05/2026,03:04:12: Model's personal time...
09/05/2026,03:04:12: Training...
09/05/2026,03:04:13: Evaluating...
09/05/2026,03:04:13: 	Train Loss: 3151302.7500 (base: 835.0253, kd: 6300.9355), Elapsed: train 2.56 test 0.34
09/05/2026,03:04:13: 	Recall@10: 0.04502 Recall@20: 0.06452 NDCG@10: 0.02722 NDCG@20: 0.03257 
09/05/2026,03:04:13: 	Recall@10: 0.01899 Recall@20: 0.02601 NDCG@10: 0.01059 NDCG@20: 0.01249 
09/05/2026,03:04:13: Epoch [300/1000]
09/05/2026,03:04:13: Negative sampling...
09/05/2026,03:04:14: Model's personal time...
09/05/2026,03:04:14: Training...
09/05/2026,03:04:16: Evaluating...
09/05/2026,03:04:16: 	Train Loss: 3148924.0000 (base: 848.8766, kd: 6296.1504), Elapsed: train 2.75 test 0.49
09/05/2026,03:04:16: 	Recall@10: 0.04516 Recall@20: 0.06502 NDCG@10: 0.02738 NDCG@20: 0.03283 
09/05/2026,03:04:16: 	Recall@10: 0.01912 Recall@20: 0.02616 NDCG@10: 0.01048 NDCG@20: 0.01240 
09/05/2026,03:04:16: Epoch [301/1000]
09/05/2026,03:04:16: Negative sampling...
09/05/2026,03:04:18: Model's personal time...
09/05/2026,03:04:18: Training...
09/05/2026,03:04:19: Evaluating...
09/05/2026,03:04:19: 	Train Loss: 3147233.2500 (base: 835.8364, kd: 6292.7949), Elapsed: train 2.67 test 0.38
09/05/2026,03:04:19: 	Recall@10: 0.04431 Recall@20: 0.06367 NDCG@10: 0.02662 NDCG@20: 0.03195 
09/05/2026,03:04:19: 	Recall@10: 0.01876 Recall@20: 0.02547 NDCG@10: 0.01057 NDCG@20: 0.01243 
09/05/2026,03:04:19: Epoch [302/1000]
09/05/2026,03:04:19: Negative sampling...
09/05/2026,03:04:21: Model's personal time...
09/05/2026,03:04:21: Training...
09/05/2026,03:04:22: Evaluating...
09/05/2026,03:04:22: 	Train Loss: 3155195.7500 (base: 836.1503, kd: 6308.7192), Elapsed: train 2.69 test 0.31 *
09/05/2026,03:04:22: 	Recall@10: 0.04572 Recall@20: 0.06623 NDCG@10: 0.02782 NDCG@20: 0.03351 
09/05/2026,03:04:22: 	Recall@10: 0.01800 Recall@20: 0.02645 NDCG@10: 0.01016 NDCG@20: 0.01244 
09/05/2026,03:04:22: Epoch [303/1000]
09/05/2026,03:04:22: Negative sampling...
09/05/2026,03:04:24: Model's personal time...
09/05/2026,03:04:24: Training...
09/05/2026,03:04:25: Evaluating...
09/05/2026,03:04:26: 	Train Loss: 3144836.5000 (base: 844.9605, kd: 6287.9834), Elapsed: train 2.87 test 0.46
09/05/2026,03:04:26: 	Recall@10: 0.04525 Recall@20: 0.06567 NDCG@10: 0.02720 NDCG@20: 0.03281 
09/05/2026,03:04:26: 	Recall@10: 0.01907 Recall@20: 0.02776 NDCG@10: 0.01060 NDCG@20: 0.01292 
09/05/2026,03:04:26: Epoch [304/1000]
09/05/2026,03:04:26: Negative sampling...
09/05/2026,03:04:27: Model's personal time...
09/05/2026,03:04:27: Training...
09/05/2026,03:04:28: Evaluating...
09/05/2026,03:04:29: 	Train Loss: 3153827.7500 (base: 835.4595, kd: 6305.9844), Elapsed: train 2.76 test 0.39
09/05/2026,03:04:29: 	Recall@10: 0.04555 Recall@20: 0.06671 NDCG@10: 0.02742 NDCG@20: 0.03320 
09/05/2026,03:04:29: 	Recall@10: 0.01862 Recall@20: 0.02575 NDCG@10: 0.01058 NDCG@20: 0.01253 
09/05/2026,03:04:29: Epoch [305/1000]
09/05/2026,03:04:29: Negative sampling...
09/05/2026,03:04:30: Model's personal time...
09/05/2026,03:04:30: Training...
09/05/2026,03:04:31: Evaluating...
09/05/2026,03:04:32: 	Train Loss: 3143170.5000 (base: 840.2955, kd: 6284.6606), Elapsed: train 2.58 test 0.36
09/05/2026,03:04:32: 	Recall@10: 0.04573 Recall@20: 0.06635 NDCG@10: 0.02753 NDCG@20: 0.03311 
09/05/2026,03:04:32: 	Recall@10: 0.01841 Recall@20: 0.02595 NDCG@10: 0.01039 NDCG@20: 0.01244 
09/05/2026,03:04:32: Epoch [306/1000]
09/05/2026,03:04:32: Negative sampling...
09/05/2026,03:04:33: Model's personal time...
09/05/2026,03:04:33: Training...
09/05/2026,03:04:34: Evaluating...
09/05/2026,03:04:35: 	Train Loss: 3140535.5000 (base: 846.0740, kd: 6279.3794), Elapsed: train 2.74 test 0.45
09/05/2026,03:04:35: 	Recall@10: 0.04627 Recall@20: 0.06501 NDCG@10: 0.02750 NDCG@20: 0.03262 
09/05/2026,03:04:35: 	Recall@10: 0.01759 Recall@20: 0.02713 NDCG@10: 0.00996 NDCG@20: 0.01246 
09/05/2026,03:04:35: Epoch [307/1000]
09/05/2026,03:04:35: Negative sampling...
09/05/2026,03:04:36: Model's personal time...
09/05/2026,03:04:36: Training...
09/05/2026,03:04:37: Evaluating...
09/05/2026,03:04:38: 	Train Loss: 3145357.7500 (base: 833.1857, kd: 6289.0483), Elapsed: train 2.44 test 0.34
09/05/2026,03:04:38: 	Recall@10: 0.04605 Recall@20: 0.06636 NDCG@10: 0.02785 NDCG@20: 0.03336 
09/05/2026,03:04:38: 	Recall@10: 0.01847 Recall@20: 0.02783 NDCG@10: 0.01066 NDCG@20: 0.01318 
09/05/2026,03:04:38: Epoch [308/1000]
09/05/2026,03:04:38: Negative sampling...
09/05/2026,03:04:39: Model's personal time...
09/05/2026,03:04:39: Training...
09/05/2026,03:04:40: Evaluating...
09/05/2026,03:04:41: 	Train Loss: 3147203.7500 (base: 833.3145, kd: 6292.7407), Elapsed: train 2.57 test 0.32
09/05/2026,03:04:41: 	Recall@10: 0.04570 Recall@20: 0.06497 NDCG@10: 0.02774 NDCG@20: 0.03298 
09/05/2026,03:04:41: 	Recall@10: 0.01717 Recall@20: 0.02669 NDCG@10: 0.00996 NDCG@20: 0.01252 
09/05/2026,03:04:41: Epoch [309/1000]
09/05/2026,03:04:41: Negative sampling...
09/05/2026,03:04:42: Model's personal time...
09/05/2026,03:04:42: Training...
09/05/2026,03:04:43: Evaluating...
09/05/2026,03:04:44: 	Train Loss: 3140935.0000 (base: 849.9225, kd: 6280.1699), Elapsed: train 2.63 test 0.29
09/05/2026,03:04:44: 	Recall@10: 0.04588 Recall@20: 0.06484 NDCG@10: 0.02736 NDCG@20: 0.03253 
09/05/2026,03:04:44: 	Recall@10: 0.01884 Recall@20: 0.02691 NDCG@10: 0.01078 NDCG@20: 0.01297 
09/05/2026,03:04:44: Epoch [310/1000]
09/05/2026,03:04:44: Negative sampling...
09/05/2026,03:04:45: Model's personal time...
09/05/2026,03:04:45: Training...
09/05/2026,03:04:46: Evaluating...
09/05/2026,03:04:47: 	Train Loss: 3147425.5000 (base: 836.3774, kd: 6293.1782), Elapsed: train 2.51 test 0.49
09/05/2026,03:04:47: 	Recall@10: 0.04598 Recall@20: 0.06629 NDCG@10: 0.02751 NDCG@20: 0.03305 
09/05/2026,03:04:47: 	Recall@10: 0.01853 Recall@20: 0.02687 NDCG@10: 0.01049 NDCG@20: 0.01274 
09/05/2026,03:04:47: Epoch [311/1000]
09/05/2026,03:04:47: Negative sampling...
09/05/2026,03:04:48: Model's personal time...
09/05/2026,03:04:48: Training...
09/05/2026,03:04:49: Evaluating...
09/05/2026,03:04:50: 	Train Loss: 3144073.7500 (base: 841.1847, kd: 6286.4648), Elapsed: train 2.86 test 0.49
09/05/2026,03:04:50: 	Recall@10: 0.04451 Recall@20: 0.06474 NDCG@10: 0.02680 NDCG@20: 0.03234 
09/05/2026,03:04:50: 	Recall@10: 0.01874 Recall@20: 0.02783 NDCG@10: 0.01073 NDCG@20: 0.01318 
09/05/2026,03:04:50: Epoch [312/1000]
09/05/2026,03:04:50: Negative sampling...
09/05/2026,03:04:51: Model's personal time...
09/05/2026,03:04:51: Training...
09/05/2026,03:04:52: Evaluating...
09/05/2026,03:04:53: 	Train Loss: 3143480.0000 (base: 845.2868, kd: 6285.2705), Elapsed: train 2.48 test 0.58
09/05/2026,03:04:53: 	Recall@10: 0.04609 Recall@20: 0.06652 NDCG@10: 0.02735 NDCG@20: 0.03287 
09/05/2026,03:04:53: 	Recall@10: 0.01876 Recall@20: 0.02683 NDCG@10: 0.01053 NDCG@20: 0.01269 
09/05/2026,03:04:53: Epoch [313/1000]
09/05/2026,03:04:53: Negative sampling...
09/05/2026,03:04:54: Model's personal time...
09/05/2026,03:04:54: Training...
09/05/2026,03:04:55: Evaluating...
09/05/2026,03:04:56: 	Train Loss: 3146560.5000 (base: 844.1577, kd: 6291.4331), Elapsed: train 2.43 test 0.36
09/05/2026,03:04:56: 	Recall@10: 0.04526 Recall@20: 0.06459 NDCG@10: 0.02745 NDCG@20: 0.03280 
09/05/2026,03:04:56: 	Recall@10: 0.01906 Recall@20: 0.02768 NDCG@10: 0.01070 NDCG@20: 0.01302 
09/05/2026,03:04:56: Epoch [314/1000]
09/05/2026,03:04:56: Negative sampling...
09/05/2026,03:04:57: Model's personal time...
09/05/2026,03:04:57: Training...
09/05/2026,03:04:58: Evaluating...
09/05/2026,03:04:59: 	Train Loss: 3144608.5000 (base: 840.8898, kd: 6287.5361), Elapsed: train 2.54 test 0.50
09/05/2026,03:04:59: 	Recall@10: 0.04469 Recall@20: 0.06392 NDCG@10: 0.02697 NDCG@20: 0.03220 
09/05/2026,03:04:59: 	Recall@10: 0.01849 Recall@20: 0.02762 NDCG@10: 0.01032 NDCG@20: 0.01279 
09/05/2026,03:04:59: Epoch [315/1000]
09/05/2026,03:04:59: Negative sampling...
09/05/2026,03:05:00: Model's personal time...
09/05/2026,03:05:00: Training...
09/05/2026,03:05:01: Evaluating...
09/05/2026,03:05:02: 	Train Loss: 3147486.7500 (base: 842.3334, kd: 6293.2881), Elapsed: train 2.62 test 0.33
09/05/2026,03:05:02: 	Recall@10: 0.04582 Recall@20: 0.06754 NDCG@10: 0.02764 NDCG@20: 0.03351 
09/05/2026,03:05:02: 	Recall@10: 0.01823 Recall@20: 0.02634 NDCG@10: 0.01037 NDCG@20: 0.01259 
09/05/2026,03:05:02: Epoch [316/1000]
09/05/2026,03:05:02: Negative sampling...
09/05/2026,03:05:03: Model's personal time...
09/05/2026,03:05:03: Training...
09/05/2026,03:05:04: Evaluating...
09/05/2026,03:05:05: 	Train Loss: 3143995.2500 (base: 842.9667, kd: 6286.3042), Elapsed: train 2.59 test 0.40
09/05/2026,03:05:05: 	Recall@10: 0.04541 Recall@20: 0.06572 NDCG@10: 0.02738 NDCG@20: 0.03298 
09/05/2026,03:05:05: 	Recall@10: 0.01871 Recall@20: 0.02658 NDCG@10: 0.01060 NDCG@20: 0.01276 
09/05/2026,03:05:05: Epoch [317/1000]
09/05/2026,03:05:05: Negative sampling...
09/05/2026,03:05:06: Model's personal time...
09/05/2026,03:05:06: Training...
09/05/2026,03:05:07: Evaluating...
09/05/2026,03:05:08: 	Train Loss: 3148746.5000 (base: 844.3795, kd: 6295.8047), Elapsed: train 2.59 test 0.41
09/05/2026,03:05:08: 	Recall@10: 0.04559 Recall@20: 0.06656 NDCG@10: 0.02775 NDCG@20: 0.03347 
09/05/2026,03:05:08: 	Recall@10: 0.01814 Recall@20: 0.02562 NDCG@10: 0.01035 NDCG@20: 0.01240 
09/05/2026,03:05:08: Epoch [318/1000]
09/05/2026,03:05:08: Negative sampling...
09/05/2026,03:05:09: Model's personal time...
09/05/2026,03:05:09: Training...
09/05/2026,03:05:10: Evaluating...
09/05/2026,03:05:11: 	Train Loss: 3147105.2500 (base: 854.7162, kd: 6292.5010), Elapsed: train 2.76 test 0.35
09/05/2026,03:05:11: 	Recall@10: 0.04545 Recall@20: 0.06559 NDCG@10: 0.02734 NDCG@20: 0.03282 
09/05/2026,03:05:11: 	Recall@10: 0.01797 Recall@20: 0.02683 NDCG@10: 0.01028 NDCG@20: 0.01269 
09/05/2026,03:05:11: Epoch [319/1000]
09/05/2026,03:05:11: Negative sampling...
09/05/2026,03:05:12: Model's personal time...
09/05/2026,03:05:12: Training...
09/05/2026,03:05:14: Evaluating...
09/05/2026,03:05:14: 	Train Loss: 3144751.2500 (base: 849.9049, kd: 6287.8027), Elapsed: train 2.73 test 0.52
09/05/2026,03:05:14: 	Recall@10: 0.04475 Recall@20: 0.06526 NDCG@10: 0.02706 NDCG@20: 0.03262 
09/05/2026,03:05:14: 	Recall@10: 0.01800 Recall@20: 0.02615 NDCG@10: 0.01044 NDCG@20: 0.01267 
09/05/2026,03:05:14: Epoch [320/1000]
09/05/2026,03:05:14: Negative sampling...
09/05/2026,03:05:15: Model's personal time...
09/05/2026,03:05:15: Training...
09/05/2026,03:05:17: Evaluating...
09/05/2026,03:05:17: 	Train Loss: 3144180.2500 (base: 837.8760, kd: 6286.6841), Elapsed: train 2.70 test 0.43 *
09/05/2026,03:05:17: 	Recall@10: 0.04585 Recall@20: 0.06761 NDCG@10: 0.02775 NDCG@20: 0.03368 
09/05/2026,03:05:17: 	Recall@10: 0.01795 Recall@20: 0.02569 NDCG@10: 0.01019 NDCG@20: 0.01233 
09/05/2026,03:05:17: Epoch [321/1000]
09/05/2026,03:05:17: Negative sampling...
09/05/2026,03:05:19: Model's personal time...
09/05/2026,03:05:19: Training...
09/05/2026,03:05:20: Evaluating...
09/05/2026,03:05:20: 	Train Loss: 3143479.0000 (base: 847.4221, kd: 6285.2632), Elapsed: train 2.46 test 0.44
09/05/2026,03:05:20: 	Recall@10: 0.04616 Recall@20: 0.06634 NDCG@10: 0.02748 NDCG@20: 0.03299 
09/05/2026,03:05:20: 	Recall@10: 0.01822 Recall@20: 0.02659 NDCG@10: 0.01059 NDCG@20: 0.01288 
09/05/2026,03:05:20: Epoch [322/1000]
09/05/2026,03:05:20: Negative sampling...
09/05/2026,03:05:21: Model's personal time...
09/05/2026,03:05:21: Training...
09/05/2026,03:05:23: Evaluating...
09/05/2026,03:05:23: 	Train Loss: 3144142.2500 (base: 846.9898, kd: 6286.5903), Elapsed: train 2.57 test 0.50
09/05/2026,03:05:23: 	Recall@10: 0.04528 Recall@20: 0.06625 NDCG@10: 0.02743 NDCG@20: 0.03324 
09/05/2026,03:05:23: 	Recall@10: 0.01878 Recall@20: 0.02726 NDCG@10: 0.01094 NDCG@20: 0.01323 
09/05/2026,03:05:23: Epoch [323/1000]
09/05/2026,03:05:23: Negative sampling...
09/05/2026,03:05:25: Model's personal time...
09/05/2026,03:05:25: Training...
09/05/2026,03:05:26: Evaluating...
09/05/2026,03:05:26: 	Train Loss: 3143962.5000 (base: 848.3533, kd: 6286.2280), Elapsed: train 2.69 test 0.43
09/05/2026,03:05:26: 	Recall@10: 0.04552 Recall@20: 0.06599 NDCG@10: 0.02738 NDCG@20: 0.03301 
09/05/2026,03:05:26: 	Recall@10: 0.01831 Recall@20: 0.02742 NDCG@10: 0.01064 NDCG@20: 0.01310 
09/05/2026,03:05:26: Epoch [324/1000]
09/05/2026,03:05:26: Negative sampling...
09/05/2026,03:05:28: Model's personal time...
09/05/2026,03:05:28: Training...
09/05/2026,03:05:29: Evaluating...
09/05/2026,03:05:30: 	Train Loss: 3145398.5000 (base: 840.6148, kd: 6289.1157), Elapsed: train 2.79 test 0.41
09/05/2026,03:05:30: 	Recall@10: 0.04539 Recall@20: 0.06617 NDCG@10: 0.02758 NDCG@20: 0.03334 
09/05/2026,03:05:30: 	Recall@10: 0.01785 Recall@20: 0.02700 NDCG@10: 0.01013 NDCG@20: 0.01261 
09/05/2026,03:05:30: Epoch [325/1000]
09/05/2026,03:05:30: Negative sampling...
09/05/2026,03:05:31: Model's personal time...
09/05/2026,03:05:31: Training...
09/05/2026,03:05:32: Evaluating...
09/05/2026,03:05:33: 	Train Loss: 3145264.2500 (base: 869.4243, kd: 6288.7896), Elapsed: train 2.71 test 0.40 *
09/05/2026,03:05:33: 	Recall@10: 0.04558 Recall@20: 0.06688 NDCG@10: 0.02806 NDCG@20: 0.03390 
09/05/2026,03:05:33: 	Recall@10: 0.01863 Recall@20: 0.02822 NDCG@10: 0.01056 NDCG@20: 0.01316 
09/05/2026,03:05:33: Epoch [326/1000]
09/05/2026,03:05:33: Negative sampling...
09/05/2026,03:05:34: Model's personal time...
09/05/2026,03:05:34: Training...
09/05/2026,03:05:35: Evaluating...
09/05/2026,03:05:36: 	Train Loss: 3143038.7500 (base: 849.9723, kd: 6284.3774), Elapsed: train 2.59 test 0.39
09/05/2026,03:05:36: 	Recall@10: 0.04558 Recall@20: 0.06635 NDCG@10: 0.02767 NDCG@20: 0.03340 
09/05/2026,03:05:36: 	Recall@10: 0.01797 Recall@20: 0.02665 NDCG@10: 0.01017 NDCG@20: 0.01251 
09/05/2026,03:05:36: Epoch [327/1000]
09/05/2026,03:05:36: Negative sampling...
09/05/2026,03:05:37: Model's personal time...
09/05/2026,03:05:37: Training...
09/05/2026,03:05:38: Evaluating...
09/05/2026,03:05:39: 	Train Loss: 3135876.7500 (base: 833.0529, kd: 6270.0874), Elapsed: train 2.57 test 0.43
09/05/2026,03:05:39: 	Recall@10: 0.04595 Recall@20: 0.06631 NDCG@10: 0.02765 NDCG@20: 0.03328 
09/05/2026,03:05:39: 	Recall@10: 0.01885 Recall@20: 0.02694 NDCG@10: 0.01106 NDCG@20: 0.01327 
09/05/2026,03:05:39: Epoch [328/1000]
09/05/2026,03:05:39: Negative sampling...
09/05/2026,03:05:40: Model's personal time...
09/05/2026,03:05:40: Training...
09/05/2026,03:05:41: Evaluating...
09/05/2026,03:05:41: 	Train Loss: 3141652.2500 (base: 842.2076, kd: 6281.6196), Elapsed: train 2.50 test 0.31
09/05/2026,03:05:41: 	Recall@10: 0.04550 Recall@20: 0.06618 NDCG@10: 0.02726 NDCG@20: 0.03289 
09/05/2026,03:05:41: 	Recall@10: 0.01831 Recall@20: 0.02689 NDCG@10: 0.01031 NDCG@20: 0.01261 
09/05/2026,03:05:41: Epoch [329/1000]
09/05/2026,03:05:41: Negative sampling...
09/05/2026,03:05:43: Model's personal time...
09/05/2026,03:05:43: Training...
09/05/2026,03:05:44: Evaluating...
09/05/2026,03:05:44: 	Train Loss: 3138594.7500 (base: 859.2277, kd: 6275.4707), Elapsed: train 2.42 test 0.26
09/05/2026,03:05:44: 	Recall@10: 0.04561 Recall@20: 0.06716 NDCG@10: 0.02762 NDCG@20: 0.03349 
09/05/2026,03:05:44: 	Recall@10: 0.01937 Recall@20: 0.02692 NDCG@10: 0.01073 NDCG@20: 0.01279 
09/05/2026,03:05:44: Epoch [330/1000]
09/05/2026,03:05:44: Negative sampling...
09/05/2026,03:05:45: Model's personal time...
09/05/2026,03:05:45: Training...
09/05/2026,03:05:47: Evaluating...
09/05/2026,03:05:47: 	Train Loss: 3141310.7500 (base: 861.5438, kd: 6280.8979), Elapsed: train 2.65 test 0.48 *
09/05/2026,03:05:47: 	Recall@10: 0.04625 Recall@20: 0.06866 NDCG@10: 0.02792 NDCG@20: 0.03406 
09/05/2026,03:05:47: 	Recall@10: 0.01884 Recall@20: 0.02717 NDCG@10: 0.01040 NDCG@20: 0.01268 
09/05/2026,03:05:47: Epoch [331/1000]
09/05/2026,03:05:47: Negative sampling...
09/05/2026,03:05:49: Model's personal time...
09/05/2026,03:05:49: Training...
09/05/2026,03:05:50: Evaluating...
09/05/2026,03:05:51: 	Train Loss: 3139300.5000 (base: 847.9714, kd: 6276.9048), Elapsed: train 2.54 test 0.86
09/05/2026,03:05:51: 	Recall@10: 0.04504 Recall@20: 0.06654 NDCG@10: 0.02745 NDCG@20: 0.03337 
09/05/2026,03:05:51: 	Recall@10: 0.01904 Recall@20: 0.02679 NDCG@10: 0.01087 NDCG@20: 0.01300 
09/05/2026,03:05:51: Epoch [332/1000]
09/05/2026,03:05:51: Negative sampling...
09/05/2026,03:05:52: Model's personal time...
09/05/2026,03:05:52: Training...
09/05/2026,03:05:53: Evaluating...
09/05/2026,03:05:53: 	Train Loss: 3145651.2500 (base: 844.3235, kd: 6289.6143), Elapsed: train 2.49 test 0.30
09/05/2026,03:05:53: 	Recall@10: 0.04639 Recall@20: 0.06649 NDCG@10: 0.02786 NDCG@20: 0.03341 
09/05/2026,03:05:53: 	Recall@10: 0.01907 Recall@20: 0.02772 NDCG@10: 0.01078 NDCG@20: 0.01306 
09/05/2026,03:05:53: Epoch [333/1000]
09/05/2026,03:05:53: Negative sampling...
09/05/2026,03:05:55: Model's personal time...
09/05/2026,03:05:55: Training...
09/05/2026,03:05:56: Evaluating...
09/05/2026,03:05:57: 	Train Loss: 3140206.0000 (base: 854.2816, kd: 6278.7031), Elapsed: train 2.65 test 0.47
09/05/2026,03:05:57: 	Recall@10: 0.04499 Recall@20: 0.06508 NDCG@10: 0.02755 NDCG@20: 0.03314 
09/05/2026,03:05:57: 	Recall@10: 0.01843 Recall@20: 0.02742 NDCG@10: 0.01051 NDCG@20: 0.01295 
09/05/2026,03:05:57: Epoch [334/1000]
09/05/2026,03:05:57: Negative sampling...
09/05/2026,03:05:58: Model's personal time...
09/05/2026,03:05:58: Training...
09/05/2026,03:05:59: Evaluating...
09/05/2026,03:06:00: 	Train Loss: 3139605.7500 (base: 848.8410, kd: 6277.5137), Elapsed: train 2.71 test 0.46
09/05/2026,03:06:00: 	Recall@10: 0.04663 Recall@20: 0.06767 NDCG@10: 0.02803 NDCG@20: 0.03378 
09/05/2026,03:06:00: 	Recall@10: 0.01822 Recall@20: 0.02781 NDCG@10: 0.01042 NDCG@20: 0.01301 
09/05/2026,03:06:00: Epoch [335/1000]
09/05/2026,03:06:00: Negative sampling...
09/05/2026,03:06:01: Model's personal time...
09/05/2026,03:06:01: Training...
09/05/2026,03:06:02: Evaluating...
09/05/2026,03:06:03: 	Train Loss: 3142700.7500 (base: 852.3911, kd: 6283.6963), Elapsed: train 2.61 test 0.38
09/05/2026,03:06:03: 	Recall@10: 0.04594 Recall@20: 0.06654 NDCG@10: 0.02773 NDCG@20: 0.03340 
09/05/2026,03:06:03: 	Recall@10: 0.01900 Recall@20: 0.02784 NDCG@10: 0.01062 NDCG@20: 0.01298 
09/05/2026,03:06:03: Epoch [336/1000]
09/05/2026,03:06:03: Negative sampling...
09/05/2026,03:06:04: Model's personal time...
09/05/2026,03:06:04: Training...
09/05/2026,03:06:06: Evaluating...
09/05/2026,03:06:06: 	Train Loss: 3138884.5000 (base: 861.7706, kd: 6276.0459), Elapsed: train 2.90 test 0.31
09/05/2026,03:06:06: 	Recall@10: 0.04423 Recall@20: 0.06632 NDCG@10: 0.02700 NDCG@20: 0.03315 
09/05/2026,03:06:06: 	Recall@10: 0.01821 Recall@20: 0.02772 NDCG@10: 0.01041 NDCG@20: 0.01298 
09/05/2026,03:06:06: Epoch [337/1000]
09/05/2026,03:06:06: Negative sampling...
09/05/2026,03:06:07: Model's personal time...
09/05/2026,03:06:07: Training...
09/05/2026,03:06:08: Evaluating...
09/05/2026,03:06:09: 	Train Loss: 3142583.5000 (base: 853.6810, kd: 6283.4590), Elapsed: train 2.51 test 0.56
09/05/2026,03:06:09: 	Recall@10: 0.04625 Recall@20: 0.06628 NDCG@10: 0.02773 NDCG@20: 0.03321 
09/05/2026,03:06:09: 	Recall@10: 0.01874 Recall@20: 0.02714 NDCG@10: 0.01043 NDCG@20: 0.01269 
09/05/2026,03:06:09: Epoch [338/1000]
09/05/2026,03:06:09: Negative sampling...
09/05/2026,03:06:11: Model's personal time...
09/05/2026,03:06:11: Training...
09/05/2026,03:06:12: Evaluating...
09/05/2026,03:06:12: 	Train Loss: 3140712.7500 (base: 853.3459, kd: 6279.7188), Elapsed: train 2.78 test 0.40
09/05/2026,03:06:12: 	Recall@10: 0.04624 Recall@20: 0.06837 NDCG@10: 0.02772 NDCG@20: 0.03381 
09/05/2026,03:06:12: 	Recall@10: 0.01847 Recall@20: 0.02810 NDCG@10: 0.01048 NDCG@20: 0.01308 
09/05/2026,03:06:12: Epoch [339/1000]
09/05/2026,03:06:12: Negative sampling...
09/05/2026,03:06:14: Model's personal time...
09/05/2026,03:06:14: Training...
09/05/2026,03:06:15: Evaluating...
09/05/2026,03:06:15: 	Train Loss: 3137972.7500 (base: 844.3092, kd: 6274.2568), Elapsed: train 2.73 test 0.47
09/05/2026,03:06:15: 	Recall@10: 0.04565 Recall@20: 0.06616 NDCG@10: 0.02778 NDCG@20: 0.03338 
09/05/2026,03:06:15: 	Recall@10: 0.01990 Recall@20: 0.02864 NDCG@10: 0.01086 NDCG@20: 0.01323 
09/05/2026,03:06:15: Epoch [340/1000]
09/05/2026,03:06:15: Negative sampling...
09/05/2026,03:06:17: Model's personal time...
09/05/2026,03:06:17: Training...
09/05/2026,03:06:18: Evaluating...
09/05/2026,03:06:18: 	Train Loss: 3147811.7500 (base: 844.8586, kd: 6293.9336), Elapsed: train 2.68 test 0.39
09/05/2026,03:06:18: 	Recall@10: 0.04765 Recall@20: 0.06791 NDCG@10: 0.02839 NDCG@20: 0.03397 
09/05/2026,03:06:18: 	Recall@10: 0.01914 Recall@20: 0.02746 NDCG@10: 0.01066 NDCG@20: 0.01295 
09/05/2026,03:06:18: Epoch [341/1000]
09/05/2026,03:06:18: Negative sampling...
09/05/2026,03:06:20: Model's personal time...
09/05/2026,03:06:20: Training...
09/05/2026,03:06:21: Evaluating...
09/05/2026,03:06:21: 	Train Loss: 3138257.5000 (base: 864.2023, kd: 6274.7866), Elapsed: train 2.71 test 0.33
09/05/2026,03:06:21: 	Recall@10: 0.04700 Recall@20: 0.06672 NDCG@10: 0.02805 NDCG@20: 0.03347 
09/05/2026,03:06:21: 	Recall@10: 0.01926 Recall@20: 0.02781 NDCG@10: 0.01092 NDCG@20: 0.01324 
09/05/2026,03:06:21: Epoch [342/1000]
09/05/2026,03:06:21: Negative sampling...
09/05/2026,03:06:23: Model's personal time...
09/05/2026,03:06:23: Training...
09/05/2026,03:06:24: Evaluating...
09/05/2026,03:06:25: 	Train Loss: 3137295.0000 (base: 857.5118, kd: 6272.8750), Elapsed: train 2.72 test 0.31
09/05/2026,03:06:25: 	Recall@10: 0.04672 Recall@20: 0.06763 NDCG@10: 0.02799 NDCG@20: 0.03379 
09/05/2026,03:06:25: 	Recall@10: 0.01917 Recall@20: 0.02845 NDCG@10: 0.01075 NDCG@20: 0.01326 
09/05/2026,03:06:25: Epoch [343/1000]
09/05/2026,03:06:25: Negative sampling...
09/05/2026,03:06:26: Model's personal time...
09/05/2026,03:06:26: Training...
09/05/2026,03:06:27: Evaluating...
09/05/2026,03:06:27: 	Train Loss: 3138962.5000 (base: 854.2109, kd: 6276.2168), Elapsed: train 2.58 test 0.33
09/05/2026,03:06:27: 	Recall@10: 0.04502 Recall@20: 0.06569 NDCG@10: 0.02690 NDCG@20: 0.03256 
09/05/2026,03:06:27: 	Recall@10: 0.01936 Recall@20: 0.02649 NDCG@10: 0.01075 NDCG@20: 0.01270 
09/05/2026,03:06:27: Epoch [344/1000]
09/05/2026,03:06:27: Negative sampling...
09/05/2026,03:06:29: Model's personal time...
09/05/2026,03:06:29: Training...
09/05/2026,03:06:30: Evaluating...
09/05/2026,03:06:30: 	Train Loss: 3142200.7500 (base: 855.9207, kd: 6282.6899), Elapsed: train 2.61 test 0.39
09/05/2026,03:06:30: 	Recall@10: 0.04630 Recall@20: 0.06766 NDCG@10: 0.02798 NDCG@20: 0.03387 
09/05/2026,03:06:30: 	Recall@10: 0.01943 Recall@20: 0.02873 NDCG@10: 0.01093 NDCG@20: 0.01345 
09/05/2026,03:06:30: Epoch [345/1000]
09/05/2026,03:06:30: Negative sampling...
09/05/2026,03:06:32: Model's personal time...
09/05/2026,03:06:32: Training...
09/05/2026,03:06:33: Evaluating...
09/05/2026,03:06:34: 	Train Loss: 3146866.2500 (base: 858.2623, kd: 6292.0166), Elapsed: train 2.66 test 0.54
09/05/2026,03:06:34: 	Recall@10: 0.04575 Recall@20: 0.06603 NDCG@10: 0.02746 NDCG@20: 0.03310 
09/05/2026,03:06:34: 	Recall@10: 0.01847 Recall@20: 0.02676 NDCG@10: 0.01071 NDCG@20: 0.01293 
09/05/2026,03:06:34: Epoch [346/1000]
09/05/2026,03:06:34: Negative sampling...
09/05/2026,03:06:35: Model's personal time...
09/05/2026,03:06:35: Training...
09/05/2026,03:06:37: Evaluating...
09/05/2026,03:06:37: 	Train Loss: 3145905.0000 (base: 862.6860, kd: 6290.0840), Elapsed: train 2.97 test 0.33
09/05/2026,03:06:37: 	Recall@10: 0.04625 Recall@20: 0.06784 NDCG@10: 0.02778 NDCG@20: 0.03367 
09/05/2026,03:06:37: 	Recall@10: 0.01985 Recall@20: 0.02807 NDCG@10: 0.01113 NDCG@20: 0.01336 
09/05/2026,03:06:37: Epoch [347/1000]
09/05/2026,03:06:37: Negative sampling...
09/05/2026,03:06:38: Model's personal time...
09/05/2026,03:06:38: Training...
09/05/2026,03:06:40: Evaluating...
09/05/2026,03:06:40: 	Train Loss: 3145855.2500 (base: 859.3947, kd: 6289.9922), Elapsed: train 2.66 test 0.34 *
09/05/2026,03:06:40: 	Recall@10: 0.04682 Recall@20: 0.06716 NDCG@10: 0.02857 NDCG@20: 0.03415 
09/05/2026,03:06:40: 	Recall@10: 0.01820 Recall@20: 0.02661 NDCG@10: 0.01046 NDCG@20: 0.01272 
09/05/2026,03:06:40: Epoch [348/1000]
09/05/2026,03:06:40: Negative sampling...
09/05/2026,03:06:41: Model's personal time...
09/05/2026,03:06:41: Training...
09/05/2026,03:06:43: Evaluating...
09/05/2026,03:06:43: 	Train Loss: 3146275.7500 (base: 851.9996, kd: 6290.8477), Elapsed: train 2.85 test 0.50
09/05/2026,03:06:43: 	Recall@10: 0.04571 Recall@20: 0.06844 NDCG@10: 0.02779 NDCG@20: 0.03400 
09/05/2026,03:06:43: 	Recall@10: 0.01999 Recall@20: 0.02845 NDCG@10: 0.01104 NDCG@20: 0.01335 
09/05/2026,03:06:43: Epoch [349/1000]
09/05/2026,03:06:43: Negative sampling...
09/05/2026,03:06:45: Model's personal time...
09/05/2026,03:06:45: Training...
09/05/2026,03:06:46: Evaluating...
09/05/2026,03:06:47: 	Train Loss: 3135261.2500 (base: 870.9136, kd: 6268.7803), Elapsed: train 2.87 test 0.47 *
09/05/2026,03:06:47: 	Recall@10: 0.04836 Recall@20: 0.06815 NDCG@10: 0.02868 NDCG@20: 0.03418 
09/05/2026,03:06:47: 	Recall@10: 0.01885 Recall@20: 0.02778 NDCG@10: 0.01072 NDCG@20: 0.01315 
09/05/2026,03:06:47: Epoch [350/1000]
09/05/2026,03:06:47: Negative sampling...
09/05/2026,03:06:48: Model's personal time...
09/05/2026,03:06:48: Training...
09/05/2026,03:06:49: Evaluating...
09/05/2026,03:06:50: 	Train Loss: 3142910.7500 (base: 846.8668, kd: 6284.1279), Elapsed: train 2.68 test 0.31
09/05/2026,03:06:50: 	Recall@10: 0.04773 Recall@20: 0.06791 NDCG@10: 0.02820 NDCG@20: 0.03371 
09/05/2026,03:06:50: 	Recall@10: 0.01864 Recall@20: 0.02738 NDCG@10: 0.01064 NDCG@20: 0.01308 
09/05/2026,03:06:50: Epoch [351/1000]
09/05/2026,03:06:50: Negative sampling...
09/05/2026,03:06:51: Model's personal time...
09/05/2026,03:06:51: Training...
09/05/2026,03:06:52: Evaluating...
09/05/2026,03:06:53: 	Train Loss: 3138986.5000 (base: 868.0646, kd: 6276.2373), Elapsed: train 2.64 test 0.38
09/05/2026,03:06:53: 	Recall@10: 0.04702 Recall@20: 0.06723 NDCG@10: 0.02824 NDCG@20: 0.03380 
09/05/2026,03:06:53: 	Recall@10: 0.01994 Recall@20: 0.02851 NDCG@10: 0.01115 NDCG@20: 0.01347 
09/05/2026,03:06:53: Epoch [352/1000]
09/05/2026,03:06:53: Negative sampling...
09/05/2026,03:06:54: Model's personal time...
09/05/2026,03:06:54: Training...
09/05/2026,03:06:55: Evaluating...
09/05/2026,03:06:56: 	Train Loss: 3143971.2500 (base: 864.2427, kd: 6286.2144), Elapsed: train 2.63 test 0.49 *
09/05/2026,03:06:56: 	Recall@10: 0.04660 Recall@20: 0.06877 NDCG@10: 0.02829 NDCG@20: 0.03443 
09/05/2026,03:06:56: 	Recall@10: 0.01921 Recall@20: 0.02830 NDCG@10: 0.01081 NDCG@20: 0.01327 
09/05/2026,03:06:56: Epoch [353/1000]
09/05/2026,03:06:56: Negative sampling...
09/05/2026,03:06:57: Model's personal time...
09/05/2026,03:06:57: Training...
09/05/2026,03:06:58: Evaluating...
09/05/2026,03:06:59: 	Train Loss: 3132136.7500 (base: 857.8400, kd: 6262.5581), Elapsed: train 2.46 test 0.36
09/05/2026,03:06:59: 	Recall@10: 0.04539 Recall@20: 0.06602 NDCG@10: 0.02758 NDCG@20: 0.03331 
09/05/2026,03:06:59: 	Recall@10: 0.01997 Recall@20: 0.02805 NDCG@10: 0.01097 NDCG@20: 0.01317 
09/05/2026,03:06:59: Epoch [354/1000]
09/05/2026,03:06:59: Negative sampling...
09/05/2026,03:07:00: Model's personal time...
09/05/2026,03:07:00: Training...
09/05/2026,03:07:01: Evaluating...
09/05/2026,03:07:02: 	Train Loss: 3139211.0000 (base: 855.0768, kd: 6276.7114), Elapsed: train 2.78 test 0.35
09/05/2026,03:07:02: 	Recall@10: 0.04696 Recall@20: 0.06989 NDCG@10: 0.02808 NDCG@20: 0.03437 
09/05/2026,03:07:02: 	Recall@10: 0.01910 Recall@20: 0.02835 NDCG@10: 0.01075 NDCG@20: 0.01330 
09/05/2026,03:07:02: Epoch [355/1000]
09/05/2026,03:07:02: Negative sampling...
09/05/2026,03:07:03: Model's personal time...
09/05/2026,03:07:03: Training...
09/05/2026,03:07:04: Evaluating...
09/05/2026,03:07:05: 	Train Loss: 3128622.2500 (base: 853.6276, kd: 6255.5376), Elapsed: train 2.55 test 0.36
09/05/2026,03:07:05: 	Recall@10: 0.04714 Recall@20: 0.06699 NDCG@10: 0.02796 NDCG@20: 0.03345 
09/05/2026,03:07:05: 	Recall@10: 0.01884 Recall@20: 0.02759 NDCG@10: 0.01051 NDCG@20: 0.01287 
09/05/2026,03:07:05: Epoch [356/1000]
09/05/2026,03:07:05: Negative sampling...
09/05/2026,03:07:06: Model's personal time...
09/05/2026,03:07:06: Training...
09/05/2026,03:07:07: Evaluating...
09/05/2026,03:07:07: 	Train Loss: 3138009.7500 (base: 863.4544, kd: 6274.2920), Elapsed: train 2.51 test 0.37
09/05/2026,03:07:07: 	Recall@10: 0.04479 Recall@20: 0.06685 NDCG@10: 0.02715 NDCG@20: 0.03317 
09/05/2026,03:07:07: 	Recall@10: 0.01843 Recall@20: 0.02816 NDCG@10: 0.01064 NDCG@20: 0.01327 
09/05/2026,03:07:07: Epoch [357/1000]
09/05/2026,03:07:07: Negative sampling...
09/05/2026,03:07:09: Model's personal time...
09/05/2026,03:07:09: Training...
09/05/2026,03:07:10: Evaluating...
09/05/2026,03:07:10: 	Train Loss: 3141643.2500 (base: 853.7878, kd: 6281.5791), Elapsed: train 2.51 test 0.33
09/05/2026,03:07:10: 	Recall@10: 0.04773 Recall@20: 0.06764 NDCG@10: 0.02870 NDCG@20: 0.03420 
09/05/2026,03:07:10: 	Recall@10: 0.01903 Recall@20: 0.02811 NDCG@10: 0.01092 NDCG@20: 0.01336 
09/05/2026,03:07:10: Epoch [358/1000]
09/05/2026,03:07:10: Negative sampling...
09/05/2026,03:07:12: Model's personal time...
09/05/2026,03:07:12: Training...
09/05/2026,03:07:13: Evaluating...
09/05/2026,03:07:13: 	Train Loss: 3135986.0000 (base: 860.2133, kd: 6270.2510), Elapsed: train 2.62 test 0.39
09/05/2026,03:07:13: 	Recall@10: 0.04501 Recall@20: 0.06803 NDCG@10: 0.02753 NDCG@20: 0.03381 
09/05/2026,03:07:13: 	Recall@10: 0.01980 Recall@20: 0.02878 NDCG@10: 0.01122 NDCG@20: 0.01362 
09/05/2026,03:07:13: Epoch [359/1000]
09/05/2026,03:07:13: Negative sampling...
09/05/2026,03:07:15: Model's personal time...
09/05/2026,03:07:15: Training...
09/05/2026,03:07:16: Evaluating...
09/05/2026,03:07:16: 	Train Loss: 3135771.2500 (base: 864.5229, kd: 6269.8135), Elapsed: train 2.59 test 0.29
09/05/2026,03:07:16: 	Recall@10: 0.04748 Recall@20: 0.06809 NDCG@10: 0.02803 NDCG@20: 0.03365 
09/05/2026,03:07:16: 	Recall@10: 0.02006 Recall@20: 0.02942 NDCG@10: 0.01139 NDCG@20: 0.01392 
09/05/2026,03:07:16: Epoch [360/1000]
09/05/2026,03:07:16: Negative sampling...
09/05/2026,03:07:18: Model's personal time...
09/05/2026,03:07:18: Training...
09/05/2026,03:07:19: Evaluating...
09/05/2026,03:07:19: 	Train Loss: 3139935.2500 (base: 855.2456, kd: 6278.1592), Elapsed: train 2.55 test 0.42
09/05/2026,03:07:19: 	Recall@10: 0.04724 Recall@20: 0.06676 NDCG@10: 0.02815 NDCG@20: 0.03359 
09/05/2026,03:07:19: 	Recall@10: 0.01929 Recall@20: 0.02797 NDCG@10: 0.01094 NDCG@20: 0.01332 
09/05/2026,03:07:19: Epoch [361/1000]
09/05/2026,03:07:19: Negative sampling...
09/05/2026,03:07:21: Model's personal time...
09/05/2026,03:07:21: Training...
09/05/2026,03:07:22: Evaluating...
09/05/2026,03:07:22: 	Train Loss: 3138562.2500 (base: 863.1252, kd: 6275.3979), Elapsed: train 2.47 test 0.42
09/05/2026,03:07:22: 	Recall@10: 0.04605 Recall@20: 0.06720 NDCG@10: 0.02769 NDCG@20: 0.03348 
09/05/2026,03:07:22: 	Recall@10: 0.01964 Recall@20: 0.02853 NDCG@10: 0.01144 NDCG@20: 0.01384 
09/05/2026,03:07:22: Epoch [362/1000]
09/05/2026,03:07:22: Negative sampling...
09/05/2026,03:07:24: Model's personal time...
09/05/2026,03:07:24: Training...
09/05/2026,03:07:25: Evaluating...
09/05/2026,03:07:25: 	Train Loss: 3139917.2500 (base: 863.7574, kd: 6278.1069), Elapsed: train 2.67 test 0.44
09/05/2026,03:07:25: 	Recall@10: 0.04741 Recall@20: 0.06747 NDCG@10: 0.02848 NDCG@20: 0.03404 
09/05/2026,03:07:25: 	Recall@10: 0.01869 Recall@20: 0.02792 NDCG@10: 0.01069 NDCG@20: 0.01321 
09/05/2026,03:07:25: Epoch [363/1000]
09/05/2026,03:07:25: Negative sampling...
09/05/2026,03:07:27: Model's personal time...
09/05/2026,03:07:27: Training...
09/05/2026,03:07:28: Evaluating...
09/05/2026,03:07:29: 	Train Loss: 3141236.7500 (base: 845.5757, kd: 6280.7832), Elapsed: train 2.86 test 0.54
09/05/2026,03:07:29: 	Recall@10: 0.04658 Recall@20: 0.06753 NDCG@10: 0.02789 NDCG@20: 0.03371 
09/05/2026,03:07:29: 	Recall@10: 0.01942 Recall@20: 0.02837 NDCG@10: 0.01144 NDCG@20: 0.01390 
09/05/2026,03:07:29: Epoch [364/1000]
09/05/2026,03:07:29: Negative sampling...
09/05/2026,03:07:30: Model's personal time...
09/05/2026,03:07:30: Training...
09/05/2026,03:07:31: Evaluating...
09/05/2026,03:07:32: 	Train Loss: 3134584.5000 (base: 864.4807, kd: 6267.4399), Elapsed: train 2.74 test 0.35
09/05/2026,03:07:32: 	Recall@10: 0.04618 Recall@20: 0.06831 NDCG@10: 0.02759 NDCG@20: 0.03364 
09/05/2026,03:07:32: 	Recall@10: 0.01971 Recall@20: 0.02881 NDCG@10: 0.01105 NDCG@20: 0.01349 
09/05/2026,03:07:32: Epoch [365/1000]
09/05/2026,03:07:32: Negative sampling...
09/05/2026,03:07:33: Model's personal time...
09/05/2026,03:07:33: Training...
09/05/2026,03:07:34: Evaluating...
09/05/2026,03:07:35: 	Train Loss: 3136468.2500 (base: 852.1404, kd: 6271.2319), Elapsed: train 2.65 test 0.44
09/05/2026,03:07:35: 	Recall@10: 0.04765 Recall@20: 0.06735 NDCG@10: 0.02842 NDCG@20: 0.03393 
09/05/2026,03:07:35: 	Recall@10: 0.01872 Recall@20: 0.02796 NDCG@10: 0.01086 NDCG@20: 0.01339 
09/05/2026,03:07:35: Epoch [366/1000]
09/05/2026,03:07:35: Negative sampling...
09/05/2026,03:07:37: Model's personal time...
09/05/2026,03:07:37: Training...
09/05/2026,03:07:38: Evaluating...
09/05/2026,03:07:38: 	Train Loss: 3138113.2500 (base: 860.3957, kd: 6274.5054), Elapsed: train 3.00 test 0.53
09/05/2026,03:07:38: 	Recall@10: 0.04678 Recall@20: 0.06804 NDCG@10: 0.02802 NDCG@20: 0.03386 
09/05/2026,03:07:38: 	Recall@10: 0.01881 Recall@20: 0.02742 NDCG@10: 0.01089 NDCG@20: 0.01323 
09/05/2026,03:07:38: Epoch [367/1000]
09/05/2026,03:07:38: Negative sampling...
09/05/2026,03:07:40: Model's personal time...
09/05/2026,03:07:40: Training...
09/05/2026,03:07:41: Evaluating...
09/05/2026,03:07:41: 	Train Loss: 3138818.5000 (base: 866.9011, kd: 6275.9028), Elapsed: train 2.63 test 0.35 *
09/05/2026,03:07:41: 	Recall@10: 0.04792 Recall@20: 0.06822 NDCG@10: 0.02886 NDCG@20: 0.03445 
09/05/2026,03:07:41: 	Recall@10: 0.01958 Recall@20: 0.02844 NDCG@10: 0.01121 NDCG@20: 0.01363 
09/05/2026,03:07:41: Epoch [368/1000]
09/05/2026,03:07:41: Negative sampling...
09/05/2026,03:07:43: Model's personal time...
09/05/2026,03:07:43: Training...
09/05/2026,03:07:44: Evaluating...
09/05/2026,03:07:44: 	Train Loss: 3141253.2500 (base: 858.4526, kd: 6280.7896), Elapsed: train 2.72 test 0.40
09/05/2026,03:07:44: 	Recall@10: 0.04772 Recall@20: 0.06779 NDCG@10: 0.02832 NDCG@20: 0.03382 
09/05/2026,03:07:44: 	Recall@10: 0.01897 Recall@20: 0.02802 NDCG@10: 0.01117 NDCG@20: 0.01360 
09/05/2026,03:07:44: Epoch [369/1000]
09/05/2026,03:07:44: Negative sampling...
09/05/2026,03:07:46: Model's personal time...
09/05/2026,03:07:46: Training...
09/05/2026,03:07:47: Evaluating...
09/05/2026,03:07:47: 	Train Loss: 3133257.0000 (base: 873.5281, kd: 6264.7671), Elapsed: train 2.48 test 0.36
09/05/2026,03:07:47: 	Recall@10: 0.04767 Recall@20: 0.06881 NDCG@10: 0.02830 NDCG@20: 0.03404 
09/05/2026,03:07:47: 	Recall@10: 0.01903 Recall@20: 0.02898 NDCG@10: 0.01087 NDCG@20: 0.01356 
09/05/2026,03:07:47: Epoch [370/1000]
09/05/2026,03:07:47: Negative sampling...
09/05/2026,03:07:49: Model's personal time...
09/05/2026,03:07:49: Training...
09/05/2026,03:07:50: Evaluating...
09/05/2026,03:07:51: 	Train Loss: 3139381.5000 (base: 866.9412, kd: 6277.0293), Elapsed: train 2.87 test 0.47
09/05/2026,03:07:51: 	Recall@10: 0.04679 Recall@20: 0.06789 NDCG@10: 0.02816 NDCG@20: 0.03387 
09/05/2026,03:07:51: 	Recall@10: 0.01981 Recall@20: 0.02791 NDCG@10: 0.01128 NDCG@20: 0.01346 
09/05/2026,03:07:51: Epoch [371/1000]
09/05/2026,03:07:51: Negative sampling...
09/05/2026,03:07:52: Model's personal time...
09/05/2026,03:07:52: Training...
09/05/2026,03:07:53: Evaluating...
09/05/2026,03:07:54: 	Train Loss: 3143041.2500 (base: 869.1342, kd: 6284.3442), Elapsed: train 2.79 test 0.41 *
09/05/2026,03:07:54: 	Recall@10: 0.04589 Recall@20: 0.06892 NDCG@10: 0.02825 NDCG@20: 0.03454 
09/05/2026,03:07:54: 	Recall@10: 0.02020 Recall@20: 0.02962 NDCG@10: 0.01128 NDCG@20: 0.01381 
09/05/2026,03:07:54: Epoch [372/1000]
09/05/2026,03:07:54: Negative sampling...
09/05/2026,03:07:55: Model's personal time...
09/05/2026,03:07:55: Training...
09/05/2026,03:07:57: Evaluating...
09/05/2026,03:07:57: 	Train Loss: 3143134.0000 (base: 857.1500, kd: 6284.5532), Elapsed: train 2.83 test 0.29
09/05/2026,03:07:57: 	Recall@10: 0.04614 Recall@20: 0.06739 NDCG@10: 0.02790 NDCG@20: 0.03374 
09/05/2026,03:07:57: 	Recall@10: 0.01997 Recall@20: 0.02739 NDCG@10: 0.01132 NDCG@20: 0.01330 
09/05/2026,03:07:57: Epoch [373/1000]
09/05/2026,03:07:57: Negative sampling...
09/05/2026,03:07:58: Model's personal time...
09/05/2026,03:07:58: Training...
09/05/2026,03:08:00: Evaluating...
09/05/2026,03:08:00: 	Train Loss: 3130136.0000 (base: 847.0073, kd: 6258.5776), Elapsed: train 2.79 test 0.40 *
09/05/2026,03:08:00: 	Recall@10: 0.04799 Recall@20: 0.06912 NDCG@10: 0.02869 NDCG@20: 0.03457 
09/05/2026,03:08:00: 	Recall@10: 0.01990 Recall@20: 0.02873 NDCG@10: 0.01133 NDCG@20: 0.01371 
09/05/2026,03:08:00: Epoch [374/1000]
09/05/2026,03:08:00: Negative sampling...
09/05/2026,03:08:01: Model's personal time...
09/05/2026,03:08:01: Training...
09/05/2026,03:08:03: Evaluating...
09/05/2026,03:08:03: 	Train Loss: 3138549.7500 (base: 860.0419, kd: 6275.3799), Elapsed: train 2.63 test 0.48
09/05/2026,03:08:03: 	Recall@10: 0.04719 Recall@20: 0.06801 NDCG@10: 0.02841 NDCG@20: 0.03419 
09/05/2026,03:08:03: 	Recall@10: 0.01969 Recall@20: 0.02809 NDCG@10: 0.01149 NDCG@20: 0.01375 
09/05/2026,03:08:03: Epoch [375/1000]
09/05/2026,03:08:03: Negative sampling...
09/05/2026,03:08:05: Model's personal time...
09/05/2026,03:08:05: Training...
09/05/2026,03:08:06: Evaluating...
09/05/2026,03:08:06: 	Train Loss: 3137056.0000 (base: 856.4939, kd: 6272.3984), Elapsed: train 2.48 test 0.34
09/05/2026,03:08:06: 	Recall@10: 0.04755 Recall@20: 0.06881 NDCG@10: 0.02837 NDCG@20: 0.03420 
09/05/2026,03:08:06: 	Recall@10: 0.01929 Recall@20: 0.02881 NDCG@10: 0.01112 NDCG@20: 0.01371 
09/05/2026,03:08:06: Epoch [376/1000]
09/05/2026,03:08:06: Negative sampling...
09/05/2026,03:08:07: Model's personal time...
09/05/2026,03:08:07: Training...
09/05/2026,03:08:09: Evaluating...
09/05/2026,03:08:09: 	Train Loss: 3137837.2500 (base: 863.4337, kd: 6273.9478), Elapsed: train 2.74 test 0.37
09/05/2026,03:08:09: 	Recall@10: 0.04702 Recall@20: 0.06711 NDCG@10: 0.02848 NDCG@20: 0.03403 
09/05/2026,03:08:09: 	Recall@10: 0.02015 Recall@20: 0.02919 NDCG@10: 0.01135 NDCG@20: 0.01374 
09/05/2026,03:08:09: Epoch [377/1000]
09/05/2026,03:08:09: Negative sampling...
09/05/2026,03:08:11: Model's personal time...
09/05/2026,03:08:11: Training...
09/05/2026,03:08:12: Evaluating...
09/05/2026,03:08:12: 	Train Loss: 3141616.2500 (base: 870.8141, kd: 6281.4907), Elapsed: train 2.59 test 0.37
09/05/2026,03:08:12: 	Recall@10: 0.04651 Recall@20: 0.06606 NDCG@10: 0.02819 NDCG@20: 0.03361 
09/05/2026,03:08:12: 	Recall@10: 0.01959 Recall@20: 0.02805 NDCG@10: 0.01138 NDCG@20: 0.01369 
09/05/2026,03:08:12: Epoch [378/1000]
09/05/2026,03:08:12: Negative sampling...
09/05/2026,03:08:14: Model's personal time...
09/05/2026,03:08:14: Training...
09/05/2026,03:08:15: Evaluating...
09/05/2026,03:08:15: 	Train Loss: 3141552.5000 (base: 878.4373, kd: 6281.3481), Elapsed: train 2.90 test 0.41
09/05/2026,03:08:15: 	Recall@10: 0.04765 Recall@20: 0.06821 NDCG@10: 0.02849 NDCG@20: 0.03412 
09/05/2026,03:08:15: 	Recall@10: 0.01904 Recall@20: 0.02941 NDCG@10: 0.01094 NDCG@20: 0.01371 
09/05/2026,03:08:15: Epoch [379/1000]
09/05/2026,03:08:15: Negative sampling...
09/05/2026,03:08:17: Model's personal time...
09/05/2026,03:08:17: Training...
09/05/2026,03:08:18: Evaluating...
09/05/2026,03:08:18: 	Train Loss: 3135312.2500 (base: 868.6871, kd: 6268.8877), Elapsed: train 2.59 test 0.31
09/05/2026,03:08:18: 	Recall@10: 0.04640 Recall@20: 0.06736 NDCG@10: 0.02783 NDCG@20: 0.03358 
09/05/2026,03:08:18: 	Recall@10: 0.01881 Recall@20: 0.02827 NDCG@10: 0.01101 NDCG@20: 0.01356 
09/05/2026,03:08:18: Epoch [380/1000]
09/05/2026,03:08:18: Negative sampling...
09/05/2026,03:08:20: Model's personal time...
09/05/2026,03:08:20: Training...
09/05/2026,03:08:21: Evaluating...
09/05/2026,03:08:21: 	Train Loss: 3134020.5000 (base: 864.3889, kd: 6266.3125), Elapsed: train 2.69 test 0.32
09/05/2026,03:08:21: 	Recall@10: 0.04615 Recall@20: 0.06686 NDCG@10: 0.02824 NDCG@20: 0.03399 
09/05/2026,03:08:21: 	Recall@10: 0.01978 Recall@20: 0.02848 NDCG@10: 0.01133 NDCG@20: 0.01369 
09/05/2026,03:08:21: Epoch [381/1000]
09/05/2026,03:08:21: Negative sampling...
09/05/2026,03:08:23: Model's personal time...
09/05/2026,03:08:23: Training...
09/05/2026,03:08:24: Evaluating...
09/05/2026,03:08:24: 	Train Loss: 3138924.0000 (base: 866.0826, kd: 6276.1157), Elapsed: train 2.56 test 0.43
09/05/2026,03:08:24: 	Recall@10: 0.04699 Recall@20: 0.06725 NDCG@10: 0.02839 NDCG@20: 0.03394 
09/05/2026,03:08:24: 	Recall@10: 0.01876 Recall@20: 0.02792 NDCG@10: 0.01109 NDCG@20: 0.01354 
09/05/2026,03:08:24: Epoch [382/1000]
09/05/2026,03:08:24: Negative sampling...
09/05/2026,03:08:26: Model's personal time...
09/05/2026,03:08:26: Training...
09/05/2026,03:08:27: Evaluating...
09/05/2026,03:08:27: 	Train Loss: 3143516.7500 (base: 866.5108, kd: 6285.3008), Elapsed: train 2.61 test 0.31
09/05/2026,03:08:27: 	Recall@10: 0.04684 Recall@20: 0.06911 NDCG@10: 0.02840 NDCG@20: 0.03454 
09/05/2026,03:08:27: 	Recall@10: 0.01987 Recall@20: 0.02880 NDCG@10: 0.01142 NDCG@20: 0.01386 
09/05/2026,03:08:27: Epoch [383/1000]
09/05/2026,03:08:27: Negative sampling...
09/05/2026,03:08:29: Model's personal time...
09/05/2026,03:08:29: Training...
09/05/2026,03:08:30: Evaluating...
09/05/2026,03:08:30: 	Train Loss: 3138591.0000 (base: 856.8904, kd: 6275.4678), Elapsed: train 2.54 test 0.43
09/05/2026,03:08:30: 	Recall@10: 0.04741 Recall@20: 0.06788 NDCG@10: 0.02841 NDCG@20: 0.03397 
09/05/2026,03:08:30: 	Recall@10: 0.01929 Recall@20: 0.02813 NDCG@10: 0.01105 NDCG@20: 0.01346 
09/05/2026,03:08:30: Epoch [384/1000]
09/05/2026,03:08:30: Negative sampling...
09/05/2026,03:08:32: Model's personal time...
09/05/2026,03:08:32: Training...
09/05/2026,03:08:33: Evaluating...
09/05/2026,03:08:33: 	Train Loss: 3129433.0000 (base: 864.0516, kd: 6257.1382), Elapsed: train 2.53 test 0.43
09/05/2026,03:08:33: 	Recall@10: 0.04719 Recall@20: 0.06829 NDCG@10: 0.02846 NDCG@20: 0.03426 
09/05/2026,03:08:33: 	Recall@10: 0.01972 Recall@20: 0.02845 NDCG@10: 0.01148 NDCG@20: 0.01383 
09/05/2026,03:08:33: Epoch [385/1000]
09/05/2026,03:08:33: Negative sampling...
09/05/2026,03:08:35: Model's personal time...
09/05/2026,03:08:35: Training...
09/05/2026,03:08:36: Evaluating...
09/05/2026,03:08:36: 	Train Loss: 3131787.0000 (base: 862.2758, kd: 6261.8501), Elapsed: train 2.35 test 0.34
09/05/2026,03:08:36: 	Recall@10: 0.04615 Recall@20: 0.06584 NDCG@10: 0.02756 NDCG@20: 0.03295 
09/05/2026,03:08:36: 	Recall@10: 0.01900 Recall@20: 0.02787 NDCG@10: 0.01112 NDCG@20: 0.01354 
09/05/2026,03:08:36: Epoch [386/1000]
09/05/2026,03:08:36: Negative sampling...
09/05/2026,03:08:37: Model's personal time...
09/05/2026,03:08:37: Training...
09/05/2026,03:08:38: Evaluating...
09/05/2026,03:08:39: 	Train Loss: 3135723.0000 (base: 857.9096, kd: 6269.7310), Elapsed: train 2.58 test 0.39
09/05/2026,03:08:39: 	Recall@10: 0.04793 Recall@20: 0.06696 NDCG@10: 0.02821 NDCG@20: 0.03348 
09/05/2026,03:08:39: 	Recall@10: 0.01875 Recall@20: 0.02892 NDCG@10: 0.01108 NDCG@20: 0.01384 
09/05/2026,03:08:39: Epoch [387/1000]
09/05/2026,03:08:39: Negative sampling...
09/05/2026,03:08:40: Model's personal time...
09/05/2026,03:08:40: Training...
09/05/2026,03:08:42: Evaluating...
09/05/2026,03:08:42: 	Train Loss: 3135582.7500 (base: 874.0305, kd: 6269.4170), Elapsed: train 2.71 test 0.41
09/05/2026,03:08:42: 	Recall@10: 0.04593 Recall@20: 0.06646 NDCG@10: 0.02742 NDCG@20: 0.03311 
09/05/2026,03:08:42: 	Recall@10: 0.01827 Recall@20: 0.02814 NDCG@10: 0.01090 NDCG@20: 0.01356 
09/05/2026,03:08:42: Epoch [388/1000]
09/05/2026,03:08:42: Negative sampling...
09/05/2026,03:08:43: Model's personal time...
09/05/2026,03:08:43: Training...
09/05/2026,03:08:45: Evaluating...
09/05/2026,03:08:45: 	Train Loss: 3129523.5000 (base: 870.4661, kd: 6257.3062), Elapsed: train 2.65 test 0.53
09/05/2026,03:08:45: 	Recall@10: 0.04640 Recall@20: 0.06695 NDCG@10: 0.02820 NDCG@20: 0.03389 
09/05/2026,03:08:45: 	Recall@10: 0.01932 Recall@20: 0.02921 NDCG@10: 0.01133 NDCG@20: 0.01399 
09/05/2026,03:08:45: Epoch [389/1000]
09/05/2026,03:08:45: Negative sampling...
09/05/2026,03:08:47: Model's personal time...
09/05/2026,03:08:47: Training...
09/05/2026,03:08:48: Evaluating...
09/05/2026,03:08:49: 	Train Loss: 3131172.5000 (base: 869.2050, kd: 6260.6069), Elapsed: train 2.63 test 0.88
09/05/2026,03:08:49: 	Recall@10: 0.04720 Recall@20: 0.06812 NDCG@10: 0.02818 NDCG@20: 0.03387 
09/05/2026,03:08:49: 	Recall@10: 0.01942 Recall@20: 0.02831 NDCG@10: 0.01116 NDCG@20: 0.01361 
09/05/2026,03:08:49: Epoch [390/1000]
09/05/2026,03:08:49: Negative sampling...
09/05/2026,03:08:50: Model's personal time...
09/05/2026,03:08:50: Training...
09/05/2026,03:08:51: Evaluating...
09/05/2026,03:08:52: 	Train Loss: 3127815.0000 (base: 873.2701, kd: 6253.8838), Elapsed: train 2.84 test 0.93
09/05/2026,03:08:52: 	Recall@10: 0.04732 Recall@20: 0.06880 NDCG@10: 0.02856 NDCG@20: 0.03444 
09/05/2026,03:08:52: 	Recall@10: 0.01939 Recall@20: 0.02964 NDCG@10: 0.01137 NDCG@20: 0.01409 
09/05/2026,03:08:52: Epoch [391/1000]
09/05/2026,03:08:52: Negative sampling...
09/05/2026,03:08:54: Model's personal time...
09/05/2026,03:08:54: Training...
09/05/2026,03:08:55: Evaluating...
09/05/2026,03:08:56: 	Train Loss: 3136295.0000 (base: 873.7678, kd: 6270.8428), Elapsed: train 2.46 test 0.65
09/05/2026,03:08:56: 	Recall@10: 0.04626 Recall@20: 0.06752 NDCG@10: 0.02783 NDCG@20: 0.03369 
09/05/2026,03:08:56: 	Recall@10: 0.01872 Recall@20: 0.02775 NDCG@10: 0.01149 NDCG@20: 0.01395 
09/05/2026,03:08:56: Epoch [392/1000]
09/05/2026,03:08:56: Negative sampling...
09/05/2026,03:08:57: Model's personal time...
09/05/2026,03:08:57: Training...
09/05/2026,03:08:58: Evaluating...
09/05/2026,03:08:59: 	Train Loss: 3141596.7500 (base: 860.3762, kd: 6281.4727), Elapsed: train 2.77 test 0.43
09/05/2026,03:08:59: 	Recall@10: 0.04688 Recall@20: 0.06771 NDCG@10: 0.02819 NDCG@20: 0.03393 
09/05/2026,03:08:59: 	Recall@10: 0.01858 Recall@20: 0.02833 NDCG@10: 0.01081 NDCG@20: 0.01344 
09/05/2026,03:08:59: Epoch [393/1000]
09/05/2026,03:08:59: Negative sampling...
09/05/2026,03:09:00: Model's personal time...
09/05/2026,03:09:00: Training...
09/05/2026,03:09:01: Evaluating...
09/05/2026,03:09:02: 	Train Loss: 3132671.5000 (base: 857.3136, kd: 6263.6289), Elapsed: train 2.61 test 0.37
09/05/2026,03:09:02: 	Recall@10: 0.04633 Recall@20: 0.06784 NDCG@10: 0.02783 NDCG@20: 0.03373 
09/05/2026,03:09:02: 	Recall@10: 0.01831 Recall@20: 0.02784 NDCG@10: 0.01092 NDCG@20: 0.01347 
09/05/2026,03:09:02: Epoch [394/1000]
09/05/2026,03:09:02: Negative sampling...
09/05/2026,03:09:03: Model's personal time...
09/05/2026,03:09:03: Training...
09/05/2026,03:09:04: Evaluating...
09/05/2026,03:09:05: 	Train Loss: 3135952.2500 (base: 875.7885, kd: 6270.1528), Elapsed: train 2.63 test 0.30
09/05/2026,03:09:05: 	Recall@10: 0.04736 Recall@20: 0.06719 NDCG@10: 0.02810 NDCG@20: 0.03354 
09/05/2026,03:09:05: 	Recall@10: 0.01908 Recall@20: 0.02802 NDCG@10: 0.01117 NDCG@20: 0.01356 
09/05/2026,03:09:05: Epoch [395/1000]
09/05/2026,03:09:05: Negative sampling...
09/05/2026,03:09:06: Model's personal time...
09/05/2026,03:09:06: Training...
09/05/2026,03:09:07: Evaluating...
09/05/2026,03:09:08: 	Train Loss: 3135342.2500 (base: 867.2295, kd: 6268.9502), Elapsed: train 2.58 test 0.31 *
09/05/2026,03:09:08: 	Recall@10: 0.04764 Recall@20: 0.06905 NDCG@10: 0.02875 NDCG@20: 0.03464 
09/05/2026,03:09:08: 	Recall@10: 0.01920 Recall@20: 0.02896 NDCG@10: 0.01137 NDCG@20: 0.01400 
09/05/2026,03:09:08: Epoch [396/1000]
09/05/2026,03:09:08: Negative sampling...
09/05/2026,03:09:09: Model's personal time...
09/05/2026,03:09:09: Training...
09/05/2026,03:09:10: Evaluating...
09/05/2026,03:09:11: 	Train Loss: 3133842.7500 (base: 876.5038, kd: 6265.9321), Elapsed: train 2.53 test 0.50
09/05/2026,03:09:11: 	Recall@10: 0.04655 Recall@20: 0.06654 NDCG@10: 0.02800 NDCG@20: 0.03346 
09/05/2026,03:09:11: 	Recall@10: 0.01904 Recall@20: 0.02905 NDCG@10: 0.01141 NDCG@20: 0.01405 
09/05/2026,03:09:11: Epoch [397/1000]
09/05/2026,03:09:11: Negative sampling...
09/05/2026,03:09:12: Model's personal time...
09/05/2026,03:09:12: Training...
09/05/2026,03:09:13: Evaluating...
09/05/2026,03:09:14: 	Train Loss: 3133244.7500 (base: 856.6292, kd: 6264.7759), Elapsed: train 2.83 test 0.47
09/05/2026,03:09:14: 	Recall@10: 0.04607 Recall@20: 0.06812 NDCG@10: 0.02739 NDCG@20: 0.03346 
09/05/2026,03:09:14: 	Recall@10: 0.01859 Recall@20: 0.02822 NDCG@10: 0.01120 NDCG@20: 0.01380 
09/05/2026,03:09:14: Epoch [398/1000]
09/05/2026,03:09:14: Negative sampling...
09/05/2026,03:09:15: Model's personal time...
09/05/2026,03:09:15: Training...
09/05/2026,03:09:17: Evaluating...
09/05/2026,03:09:17: 	Train Loss: 3131220.5000 (base: 877.9029, kd: 6260.6851), Elapsed: train 2.66 test 0.42
09/05/2026,03:09:17: 	Recall@10: 0.04613 Recall@20: 0.06696 NDCG@10: 0.02785 NDCG@20: 0.03356 
09/05/2026,03:09:17: 	Recall@10: 0.01948 Recall@20: 0.02904 NDCG@10: 0.01143 NDCG@20: 0.01397 
09/05/2026,03:09:17: Epoch [399/1000]
09/05/2026,03:09:17: Negative sampling...
09/05/2026,03:09:18: Model's personal time...
09/05/2026,03:09:18: Training...
09/05/2026,03:09:20: Evaluating...
09/05/2026,03:09:20: 	Train Loss: 3138504.5000 (base: 856.1284, kd: 6275.2964), Elapsed: train 2.68 test 0.29
09/05/2026,03:09:20: 	Recall@10: 0.04663 Recall@20: 0.06751 NDCG@10: 0.02823 NDCG@20: 0.03399 
09/05/2026,03:09:20: 	Recall@10: 0.01928 Recall@20: 0.02830 NDCG@10: 0.01128 NDCG@20: 0.01369 
09/05/2026,03:09:20: Epoch [400/1000]
09/05/2026,03:09:20: Negative sampling...
09/05/2026,03:09:21: Model's personal time...
09/05/2026,03:09:21: Training...
09/05/2026,03:09:22: Evaluating...
09/05/2026,03:09:23: 	Train Loss: 3133062.5000 (base: 872.0513, kd: 6264.3813), Elapsed: train 2.59 test 0.40
09/05/2026,03:09:23: 	Recall@10: 0.04691 Recall@20: 0.06663 NDCG@10: 0.02806 NDCG@20: 0.03359 
09/05/2026,03:09:23: 	Recall@10: 0.01873 Recall@20: 0.02865 NDCG@10: 0.01102 NDCG@20: 0.01366 
09/05/2026,03:09:23: Epoch [401/1000]
09/05/2026,03:09:23: Negative sampling...
09/05/2026,03:09:24: Model's personal time...
09/05/2026,03:09:24: Training...
09/05/2026,03:09:25: Evaluating...
09/05/2026,03:09:26: 	Train Loss: 3131297.2500 (base: 876.4723, kd: 6260.8418), Elapsed: train 2.39 test 0.33
09/05/2026,03:09:26: 	Recall@10: 0.04698 Recall@20: 0.06778 NDCG@10: 0.02866 NDCG@20: 0.03442 
09/05/2026,03:09:26: 	Recall@10: 0.01975 Recall@20: 0.02904 NDCG@10: 0.01159 NDCG@20: 0.01406 
09/05/2026,03:09:26: Epoch [402/1000]
09/05/2026,03:09:26: Negative sampling...
09/05/2026,03:09:27: Model's personal time...
09/05/2026,03:09:27: Training...
09/05/2026,03:09:28: Evaluating...
09/05/2026,03:09:28: 	Train Loss: 3133613.0000 (base: 867.1730, kd: 6265.4917), Elapsed: train 2.46 test 0.32
09/05/2026,03:09:28: 	Recall@10: 0.04617 Recall@20: 0.06710 NDCG@10: 0.02785 NDCG@20: 0.03363 
09/05/2026,03:09:28: 	Recall@10: 0.01891 Recall@20: 0.02797 NDCG@10: 0.01105 NDCG@20: 0.01348 
09/05/2026,03:09:28: Epoch [403/1000]
09/05/2026,03:09:28: Negative sampling...
09/05/2026,03:09:30: Model's personal time...
09/05/2026,03:09:30: Training...
09/05/2026,03:09:31: Evaluating...
09/05/2026,03:09:32: 	Train Loss: 3136774.5000 (base: 880.4409, kd: 6271.7881), Elapsed: train 2.79 test 0.42
09/05/2026,03:09:32: 	Recall@10: 0.04650 Recall@20: 0.06796 NDCG@10: 0.02768 NDCG@20: 0.03365 
09/05/2026,03:09:32: 	Recall@10: 0.01863 Recall@20: 0.02799 NDCG@10: 0.01084 NDCG@20: 0.01335 
09/05/2026,03:09:32: Epoch [404/1000]
09/05/2026,03:09:32: Negative sampling...
09/05/2026,03:09:33: Model's personal time...
09/05/2026,03:09:33: Training...
09/05/2026,03:09:34: Evaluating...
09/05/2026,03:09:35: 	Train Loss: 3128146.7500 (base: 866.9099, kd: 6254.5601), Elapsed: train 2.76 test 0.44
09/05/2026,03:09:35: 	Recall@10: 0.04793 Recall@20: 0.06955 NDCG@10: 0.02840 NDCG@20: 0.03435 
09/05/2026,03:09:35: 	Recall@10: 0.01916 Recall@20: 0.02955 NDCG@10: 0.01144 NDCG@20: 0.01420 
09/05/2026,03:09:35: Epoch [405/1000]
09/05/2026,03:09:35: Negative sampling...
09/05/2026,03:09:36: Model's personal time...
09/05/2026,03:09:36: Training...
09/05/2026,03:09:37: Evaluating...
09/05/2026,03:09:38: 	Train Loss: 3128410.5000 (base: 870.7555, kd: 6255.0791), Elapsed: train 2.60 test 0.33
09/05/2026,03:09:38: 	Recall@10: 0.04698 Recall@20: 0.06714 NDCG@10: 0.02813 NDCG@20: 0.03373 
09/05/2026,03:09:38: 	Recall@10: 0.01862 Recall@20: 0.02840 NDCG@10: 0.01077 NDCG@20: 0.01337 
09/05/2026,03:09:38: Epoch [406/1000]
09/05/2026,03:09:38: Negative sampling...
09/05/2026,03:09:39: Model's personal time...
09/05/2026,03:09:39: Training...
09/05/2026,03:09:40: Evaluating...
09/05/2026,03:09:41: 	Train Loss: 3131837.2500 (base: 871.3249, kd: 6261.9321), Elapsed: train 2.69 test 0.30
09/05/2026,03:09:41: 	Recall@10: 0.04711 Recall@20: 0.06718 NDCG@10: 0.02876 NDCG@20: 0.03433 
09/05/2026,03:09:41: 	Recall@10: 0.01923 Recall@20: 0.02881 NDCG@10: 0.01112 NDCG@20: 0.01369 
09/05/2026,03:09:41: Epoch [407/1000]
09/05/2026,03:09:41: Negative sampling...
09/05/2026,03:09:42: Model's personal time...
09/05/2026,03:09:42: Training...
09/05/2026,03:09:43: Evaluating...
09/05/2026,03:09:44: 	Train Loss: 3132334.2500 (base: 881.5922, kd: 6262.9048), Elapsed: train 2.64 test 0.36
09/05/2026,03:09:44: 	Recall@10: 0.04700 Recall@20: 0.06822 NDCG@10: 0.02800 NDCG@20: 0.03386 
09/05/2026,03:09:44: 	Recall@10: 0.01862 Recall@20: 0.02750 NDCG@10: 0.01121 NDCG@20: 0.01361 
09/05/2026,03:09:44: Epoch [408/1000]
09/05/2026,03:09:44: Negative sampling...
09/05/2026,03:09:45: Model's personal time...
09/05/2026,03:09:45: Training...
09/05/2026,03:09:46: Evaluating...
09/05/2026,03:09:47: 	Train Loss: 3129292.2500 (base: 868.1132, kd: 6256.8491), Elapsed: train 2.68 test 0.46
09/05/2026,03:09:47: 	Recall@10: 0.04779 Recall@20: 0.06821 NDCG@10: 0.02831 NDCG@20: 0.03403 
09/05/2026,03:09:47: 	Recall@10: 0.01923 Recall@20: 0.02831 NDCG@10: 0.01128 NDCG@20: 0.01372 
09/05/2026,03:09:47: Epoch [409/1000]
09/05/2026,03:09:47: Negative sampling...
09/05/2026,03:09:48: Model's personal time...
09/05/2026,03:09:48: Training...
09/05/2026,03:09:49: Evaluating...
09/05/2026,03:09:50: 	Train Loss: 3136762.7500 (base: 864.7699, kd: 6271.7959), Elapsed: train 2.47 test 0.40
09/05/2026,03:09:50: 	Recall@10: 0.04752 Recall@20: 0.06706 NDCG@10: 0.02845 NDCG@20: 0.03386 
09/05/2026,03:09:50: 	Recall@10: 0.01942 Recall@20: 0.02862 NDCG@10: 0.01127 NDCG@20: 0.01375 
09/05/2026,03:09:50: Epoch [410/1000]
09/05/2026,03:09:50: Negative sampling...
09/05/2026,03:09:51: Model's personal time...
09/05/2026,03:09:51: Training...
09/05/2026,03:09:52: Evaluating...
09/05/2026,03:09:53: 	Train Loss: 3134708.2500 (base: 870.8784, kd: 6267.6748), Elapsed: train 2.51 test 0.46
09/05/2026,03:09:53: 	Recall@10: 0.04686 Recall@20: 0.06818 NDCG@10: 0.02814 NDCG@20: 0.03399 
09/05/2026,03:09:53: 	Recall@10: 0.01865 Recall@20: 0.02811 NDCG@10: 0.01118 NDCG@20: 0.01372 
09/05/2026,03:09:53: Epoch [411/1000]
09/05/2026,03:09:53: Negative sampling...
09/05/2026,03:09:54: Model's personal time...
09/05/2026,03:09:54: Training...
09/05/2026,03:09:55: Evaluating...
09/05/2026,03:09:56: 	Train Loss: 3134354.2500 (base: 869.6709, kd: 6266.9692), Elapsed: train 2.56 test 0.43
09/05/2026,03:09:56: 	Recall@10: 0.04695 Recall@20: 0.06816 NDCG@10: 0.02823 NDCG@20: 0.03408 
09/05/2026,03:09:56: 	Recall@10: 0.01958 Recall@20: 0.02890 NDCG@10: 0.01164 NDCG@20: 0.01411 
09/05/2026,03:09:56: Epoch [412/1000]
09/05/2026,03:09:56: Negative sampling...
09/05/2026,03:09:57: Model's personal time...
09/05/2026,03:09:57: Training...
09/05/2026,03:09:58: Evaluating...
09/05/2026,03:09:59: 	Train Loss: 3126415.5000 (base: 866.6208, kd: 6251.0981), Elapsed: train 2.49 test 0.30
09/05/2026,03:09:59: 	Recall@10: 0.04726 Recall@20: 0.06824 NDCG@10: 0.02797 NDCG@20: 0.03371 
09/05/2026,03:09:59: 	Recall@10: 0.01872 Recall@20: 0.02683 NDCG@10: 0.01107 NDCG@20: 0.01328 
09/05/2026,03:09:59: Epoch [413/1000]
09/05/2026,03:09:59: Negative sampling...
09/05/2026,03:10:00: Model's personal time...
09/05/2026,03:10:00: Training...
09/05/2026,03:10:01: Evaluating...
09/05/2026,03:10:01: 	Train Loss: 3131036.7500 (base: 858.3475, kd: 6260.3569), Elapsed: train 2.50 test 0.33
09/05/2026,03:10:01: 	Recall@10: 0.04740 Recall@20: 0.06866 NDCG@10: 0.02819 NDCG@20: 0.03396 
09/05/2026,03:10:01: 	Recall@10: 0.01872 Recall@20: 0.02986 NDCG@10: 0.01116 NDCG@20: 0.01414 
09/05/2026,03:10:01: Epoch [414/1000]
09/05/2026,03:10:01: Negative sampling...
09/05/2026,03:10:03: Model's personal time...
09/05/2026,03:10:03: Training...
09/05/2026,03:10:04: Evaluating...
09/05/2026,03:10:04: 	Train Loss: 3135599.0000 (base: 869.8751, kd: 6269.4590), Elapsed: train 2.50 test 0.37
09/05/2026,03:10:04: 	Recall@10: 0.04783 Recall@20: 0.06920 NDCG@10: 0.02820 NDCG@20: 0.03410 
09/05/2026,03:10:04: 	Recall@10: 0.01910 Recall@20: 0.02886 NDCG@10: 0.01127 NDCG@20: 0.01392 
09/05/2026,03:10:04: Epoch [415/1000]
09/05/2026,03:10:04: Negative sampling...
09/05/2026,03:10:06: Model's personal time...
09/05/2026,03:10:06: Training...
09/05/2026,03:10:07: Evaluating...
09/05/2026,03:10:07: 	Train Loss: 3130701.7500 (base: 861.1680, kd: 6259.6812), Elapsed: train 2.42 test 0.36
09/05/2026,03:10:07: 	Recall@10: 0.04699 Recall@20: 0.06682 NDCG@10: 0.02846 NDCG@20: 0.03399 
09/05/2026,03:10:07: 	Recall@10: 0.01953 Recall@20: 0.02769 NDCG@10: 0.01149 NDCG@20: 0.01368 
09/05/2026,03:10:07: Epoch [416/1000]
09/05/2026,03:10:07: Negative sampling...
09/05/2026,03:10:08: Model's personal time...
09/05/2026,03:10:08: Training...
09/05/2026,03:10:09: Evaluating...
09/05/2026,03:10:10: 	Train Loss: 3131264.0000 (base: 878.6521, kd: 6260.7705), Elapsed: train 2.40 test 0.32 *
09/05/2026,03:10:10: 	Recall@10: 0.04922 Recall@20: 0.06906 NDCG@10: 0.02934 NDCG@20: 0.03484 
09/05/2026,03:10:10: 	Recall@10: 0.01867 Recall@20: 0.02779 NDCG@10: 0.01081 NDCG@20: 0.01330 
09/05/2026,03:10:10: Epoch [417/1000]
09/05/2026,03:10:10: Negative sampling...
09/05/2026,03:10:11: Model's personal time...
09/05/2026,03:10:11: Training...
09/05/2026,03:10:12: Evaluating...
09/05/2026,03:10:12: 	Train Loss: 3129821.7500 (base: 868.2543, kd: 6257.9067), Elapsed: train 2.27 test 0.32
09/05/2026,03:10:12: 	Recall@10: 0.04625 Recall@20: 0.06677 NDCG@10: 0.02751 NDCG@20: 0.03322 
09/05/2026,03:10:12: 	Recall@10: 0.01963 Recall@20: 0.02907 NDCG@10: 0.01142 NDCG@20: 0.01395 
09/05/2026,03:10:12: Epoch [418/1000]
09/05/2026,03:10:12: Negative sampling...
09/05/2026,03:10:14: Model's personal time...
09/05/2026,03:10:14: Training...
09/05/2026,03:10:15: Evaluating...
09/05/2026,03:10:15: 	Train Loss: 3132079.5000 (base: 872.7412, kd: 6262.4146), Elapsed: train 2.38 test 0.32
09/05/2026,03:10:15: 	Recall@10: 0.04711 Recall@20: 0.06698 NDCG@10: 0.02792 NDCG@20: 0.03339 
09/05/2026,03:10:15: 	Recall@10: 0.01914 Recall@20: 0.02864 NDCG@10: 0.01114 NDCG@20: 0.01367 
09/05/2026,03:10:15: Epoch [419/1000]
09/05/2026,03:10:15: Negative sampling...
09/05/2026,03:10:16: Model's personal time...
09/05/2026,03:10:16: Training...
09/05/2026,03:10:18: Evaluating...
09/05/2026,03:10:18: 	Train Loss: 3130464.0000 (base: 873.9972, kd: 6259.1797), Elapsed: train 2.54 test 0.37
09/05/2026,03:10:18: 	Recall@10: 0.04868 Recall@20: 0.06842 NDCG@10: 0.02908 NDCG@20: 0.03452 
09/05/2026,03:10:18: 	Recall@10: 0.01950 Recall@20: 0.02865 NDCG@10: 0.01141 NDCG@20: 0.01382 
09/05/2026,03:10:18: Epoch [420/1000]
09/05/2026,03:10:18: Negative sampling...
09/05/2026,03:10:19: Model's personal time...
09/05/2026,03:10:19: Training...
09/05/2026,03:10:20: Evaluating...
09/05/2026,03:10:21: 	Train Loss: 3139111.7500 (base: 887.5431, kd: 6276.4482), Elapsed: train 2.52 test 0.26
09/05/2026,03:10:21: 	Recall@10: 0.04675 Recall@20: 0.06802 NDCG@10: 0.02820 NDCG@20: 0.03407 
09/05/2026,03:10:21: 	Recall@10: 0.01909 Recall@20: 0.02763 NDCG@10: 0.01122 NDCG@20: 0.01350 
09/05/2026,03:10:21: Epoch [421/1000]
09/05/2026,03:10:21: Negative sampling...
09/05/2026,03:10:22: Model's personal time...
09/05/2026,03:10:22: Training...
09/05/2026,03:10:23: Evaluating...
09/05/2026,03:10:24: 	Train Loss: 3132743.0000 (base: 873.5784, kd: 6263.7393), Elapsed: train 2.46 test 0.47
09/05/2026,03:10:24: 	Recall@10: 0.04874 Recall@20: 0.06786 NDCG@10: 0.02906 NDCG@20: 0.03436 
09/05/2026,03:10:24: 	Recall@10: 0.01887 Recall@20: 0.02952 NDCG@10: 0.01136 NDCG@20: 0.01417 
09/05/2026,03:10:24: Epoch [422/1000]
09/05/2026,03:10:24: Negative sampling...
09/05/2026,03:10:25: Model's personal time...
09/05/2026,03:10:25: Training...
09/05/2026,03:10:26: Evaluating...
09/05/2026,03:10:26: 	Train Loss: 3132269.0000 (base: 882.9847, kd: 6262.7720), Elapsed: train 2.45 test 0.31
09/05/2026,03:10:26: 	Recall@10: 0.04775 Recall@20: 0.06778 NDCG@10: 0.02870 NDCG@20: 0.03422 
09/05/2026,03:10:26: 	Recall@10: 0.01855 Recall@20: 0.02787 NDCG@10: 0.01111 NDCG@20: 0.01364 
09/05/2026,03:10:26: Epoch [423/1000]
09/05/2026,03:10:26: Negative sampling...
09/05/2026,03:10:28: Model's personal time...
09/05/2026,03:10:28: Training...
09/05/2026,03:10:29: Evaluating...
09/05/2026,03:10:29: 	Train Loss: 3137723.0000 (base: 873.5958, kd: 6273.6987), Elapsed: train 2.39 test 0.43
09/05/2026,03:10:29: 	Recall@10: 0.04645 Recall@20: 0.06923 NDCG@10: 0.02842 NDCG@20: 0.03468 
09/05/2026,03:10:29: 	Recall@10: 0.01881 Recall@20: 0.02997 NDCG@10: 0.01121 NDCG@20: 0.01418 
09/05/2026,03:10:29: Epoch [424/1000]
09/05/2026,03:10:29: Negative sampling...
09/05/2026,03:10:31: Model's personal time...
09/05/2026,03:10:31: Training...
09/05/2026,03:10:32: Evaluating...
09/05/2026,03:10:32: 	Train Loss: 3132190.0000 (base: 883.1065, kd: 6262.6133), Elapsed: train 2.67 test 0.37
09/05/2026,03:10:32: 	Recall@10: 0.04743 Recall@20: 0.06909 NDCG@10: 0.02846 NDCG@20: 0.03441 
09/05/2026,03:10:32: 	Recall@10: 0.01940 Recall@20: 0.02879 NDCG@10: 0.01143 NDCG@20: 0.01397 
09/05/2026,03:10:32: Epoch [425/1000]
09/05/2026,03:10:32: Negative sampling...
09/05/2026,03:10:34: Model's personal time...
09/05/2026,03:10:34: Training...
09/05/2026,03:10:35: Evaluating...
09/05/2026,03:10:35: 	Train Loss: 3130995.7500 (base: 869.6617, kd: 6260.2524), Elapsed: train 2.37 test 0.36
09/05/2026,03:10:35: 	Recall@10: 0.04724 Recall@20: 0.06771 NDCG@10: 0.02823 NDCG@20: 0.03394 
09/05/2026,03:10:35: 	Recall@10: 0.01965 Recall@20: 0.02914 NDCG@10: 0.01138 NDCG@20: 0.01390 
09/05/2026,03:10:35: Epoch [426/1000]
09/05/2026,03:10:35: Negative sampling...
09/05/2026,03:10:36: Model's personal time...
09/05/2026,03:10:36: Training...
09/05/2026,03:10:38: Evaluating...
09/05/2026,03:10:38: 	Train Loss: 3133949.2500 (base: 874.7503, kd: 6266.1489), Elapsed: train 2.62 test 0.43 *
09/05/2026,03:10:38: 	Recall@10: 0.04888 Recall@20: 0.06931 NDCG@10: 0.02928 NDCG@20: 0.03493 
09/05/2026,03:10:38: 	Recall@10: 0.01956 Recall@20: 0.02785 NDCG@10: 0.01154 NDCG@20: 0.01379 
09/05/2026,03:10:38: Epoch [427/1000]
09/05/2026,03:10:38: Negative sampling...
09/05/2026,03:10:39: Model's personal time...
09/05/2026,03:10:39: Training...
09/05/2026,03:10:41: Evaluating...
09/05/2026,03:10:41: 	Train Loss: 3134828.2500 (base: 881.3344, kd: 6267.8945), Elapsed: train 2.53 test 0.33
09/05/2026,03:10:41: 	Recall@10: 0.04643 Recall@20: 0.06815 NDCG@10: 0.02774 NDCG@20: 0.03371 
09/05/2026,03:10:41: 	Recall@10: 0.01918 Recall@20: 0.02808 NDCG@10: 0.01145 NDCG@20: 0.01383 
09/05/2026,03:10:41: Epoch [428/1000]
09/05/2026,03:10:41: Negative sampling...
09/05/2026,03:10:42: Model's personal time...
09/05/2026,03:10:42: Training...
09/05/2026,03:10:43: Evaluating...
09/05/2026,03:10:44: 	Train Loss: 3133221.7500 (base: 887.1967, kd: 6264.6694), Elapsed: train 2.41 test 0.28 *
09/05/2026,03:10:44: 	Recall@10: 0.04955 Recall@20: 0.07006 NDCG@10: 0.02936 NDCG@20: 0.03500 
09/05/2026,03:10:44: 	Recall@10: 0.01931 Recall@20: 0.02838 NDCG@10: 0.01109 NDCG@20: 0.01351 
09/05/2026,03:10:44: Epoch [429/1000]
09/05/2026,03:10:44: Negative sampling...
09/05/2026,03:10:45: Model's personal time...
09/05/2026,03:10:45: Training...
09/05/2026,03:10:46: Evaluating...
09/05/2026,03:10:46: 	Train Loss: 3130708.7500 (base: 880.0735, kd: 6259.6572), Elapsed: train 2.40 test 0.30
09/05/2026,03:10:46: 	Recall@10: 0.04813 Recall@20: 0.06831 NDCG@10: 0.02886 NDCG@20: 0.03442 
09/05/2026,03:10:46: 	Recall@10: 0.01931 Recall@20: 0.02877 NDCG@10: 0.01109 NDCG@20: 0.01365 
09/05/2026,03:10:46: Epoch [430/1000]
09/05/2026,03:10:46: Negative sampling...
09/05/2026,03:10:48: Model's personal time...
09/05/2026,03:10:48: Training...
09/05/2026,03:10:49: Evaluating...
09/05/2026,03:10:49: 	Train Loss: 3134500.5000 (base: 866.6664, kd: 6267.2676), Elapsed: train 2.40 test 0.39
09/05/2026,03:10:49: 	Recall@10: 0.04829 Recall@20: 0.06779 NDCG@10: 0.02864 NDCG@20: 0.03403 
09/05/2026,03:10:49: 	Recall@10: 0.01974 Recall@20: 0.02921 NDCG@10: 0.01153 NDCG@20: 0.01402 
09/05/2026,03:10:49: Epoch [431/1000]
09/05/2026,03:10:49: Negative sampling...
09/05/2026,03:10:50: Model's personal time...
09/05/2026,03:10:50: Training...
09/05/2026,03:10:52: Evaluating...
09/05/2026,03:10:52: 	Train Loss: 3130241.2500 (base: 876.7123, kd: 6258.7295), Elapsed: train 2.46 test 0.33
09/05/2026,03:10:52: 	Recall@10: 0.04756 Recall@20: 0.06926 NDCG@10: 0.02808 NDCG@20: 0.03408 
09/05/2026,03:10:52: 	Recall@10: 0.01900 Recall@20: 0.02887 NDCG@10: 0.01140 NDCG@20: 0.01400 
09/05/2026,03:10:52: Epoch [432/1000]
09/05/2026,03:10:52: Negative sampling...
09/05/2026,03:10:53: Model's personal time...
09/05/2026,03:10:53: Training...
09/05/2026,03:10:54: Evaluating...
09/05/2026,03:10:55: 	Train Loss: 3128923.2500 (base: 887.9874, kd: 6256.0713), Elapsed: train 2.59 test 0.46
09/05/2026,03:10:55: 	Recall@10: 0.04769 Recall@20: 0.06875 NDCG@10: 0.02853 NDCG@20: 0.03433 
09/05/2026,03:10:55: 	Recall@10: 0.01934 Recall@20: 0.02914 NDCG@10: 0.01129 NDCG@20: 0.01386 
09/05/2026,03:10:55: Epoch [433/1000]
09/05/2026,03:10:55: Negative sampling...
09/05/2026,03:10:56: Model's personal time...
09/05/2026,03:10:56: Training...
09/05/2026,03:10:58: Evaluating...
09/05/2026,03:10:58: 	Train Loss: 3130724.2500 (base: 891.7881, kd: 6259.6646), Elapsed: train 2.56 test 0.40
09/05/2026,03:10:58: 	Recall@10: 0.04713 Recall@20: 0.06918 NDCG@10: 0.02819 NDCG@20: 0.03426 
09/05/2026,03:10:58: 	Recall@10: 0.01915 Recall@20: 0.02907 NDCG@10: 0.01127 NDCG@20: 0.01395 
09/05/2026,03:10:58: Epoch [434/1000]
09/05/2026,03:10:58: Negative sampling...
09/05/2026,03:10:59: Model's personal time...
09/05/2026,03:10:59: Training...
09/05/2026,03:11:01: Evaluating...
09/05/2026,03:11:01: 	Train Loss: 3127973.2500 (base: 874.1199, kd: 6254.1987), Elapsed: train 2.71 test 0.41
09/05/2026,03:11:01: 	Recall@10: 0.04798 Recall@20: 0.06797 NDCG@10: 0.02874 NDCG@20: 0.03427 
09/05/2026,03:11:01: 	Recall@10: 0.01987 Recall@20: 0.02999 NDCG@10: 0.01161 NDCG@20: 0.01430 
09/05/2026,03:11:01: Epoch [435/1000]
09/05/2026,03:11:01: Negative sampling...
09/05/2026,03:11:02: Model's personal time...
09/05/2026,03:11:02: Training...
09/05/2026,03:11:04: Evaluating...
09/05/2026,03:11:04: 	Train Loss: 3130739.2500 (base: 862.3542, kd: 6259.7539), Elapsed: train 2.51 test 0.29
09/05/2026,03:11:04: 	Recall@10: 0.04740 Recall@20: 0.06872 NDCG@10: 0.02845 NDCG@20: 0.03433 
09/05/2026,03:11:04: 	Recall@10: 0.01974 Recall@20: 0.02881 NDCG@10: 0.01166 NDCG@20: 0.01408 
09/05/2026,03:11:04: Epoch [436/1000]
09/05/2026,03:11:04: Negative sampling...
09/05/2026,03:11:05: Model's personal time...
09/05/2026,03:11:05: Training...
09/05/2026,03:11:06: Evaluating...
09/05/2026,03:11:07: 	Train Loss: 3129499.2500 (base: 885.3428, kd: 6257.2275), Elapsed: train 2.61 test 0.28
09/05/2026,03:11:07: 	Recall@10: 0.04678 Recall@20: 0.06735 NDCG@10: 0.02857 NDCG@20: 0.03425 
09/05/2026,03:11:07: 	Recall@10: 0.01914 Recall@20: 0.02781 NDCG@10: 0.01101 NDCG@20: 0.01333 
09/05/2026,03:11:07: Epoch [437/1000]
09/05/2026,03:11:07: Negative sampling...
09/05/2026,03:11:08: Model's personal time...
09/05/2026,03:11:08: Training...
09/05/2026,03:11:09: Evaluating...
09/05/2026,03:11:10: 	Train Loss: 3128618.5000 (base: 893.4664, kd: 6255.4502), Elapsed: train 2.49 test 0.40
09/05/2026,03:11:10: 	Recall@10: 0.04724 Recall@20: 0.06804 NDCG@10: 0.02806 NDCG@20: 0.03375 
09/05/2026,03:11:10: 	Recall@10: 0.01909 Recall@20: 0.02794 NDCG@10: 0.01133 NDCG@20: 0.01374 
09/05/2026,03:11:10: Epoch [438/1000]
09/05/2026,03:11:10: Negative sampling...
09/05/2026,03:11:11: Model's personal time...
09/05/2026,03:11:11: Training...
09/05/2026,03:11:12: Evaluating...
09/05/2026,03:11:13: 	Train Loss: 3131112.5000 (base: 879.7875, kd: 6260.4653), Elapsed: train 2.73 test 0.42
09/05/2026,03:11:13: 	Recall@10: 0.04719 Recall@20: 0.06874 NDCG@10: 0.02813 NDCG@20: 0.03404 
09/05/2026,03:11:13: 	Recall@10: 0.01804 Recall@20: 0.02882 NDCG@10: 0.01051 NDCG@20: 0.01340 
09/05/2026,03:11:13: Epoch [439/1000]
09/05/2026,03:11:13: Negative sampling...
09/05/2026,03:11:14: Model's personal time...
09/05/2026,03:11:14: Training...
09/05/2026,03:11:15: Evaluating...
09/05/2026,03:11:16: 	Train Loss: 3131823.2500 (base: 889.0876, kd: 6261.8687), Elapsed: train 2.61 test 0.44
09/05/2026,03:11:16: 	Recall@10: 0.04862 Recall@20: 0.06873 NDCG@10: 0.02917 NDCG@20: 0.03474 
09/05/2026,03:11:16: 	Recall@10: 0.01906 Recall@20: 0.02817 NDCG@10: 0.01134 NDCG@20: 0.01382 
09/05/2026,03:11:16: Epoch [440/1000]
09/05/2026,03:11:16: Negative sampling...
09/05/2026,03:11:17: Model's personal time...
09/05/2026,03:11:17: Training...
09/05/2026,03:11:18: Evaluating...
09/05/2026,03:11:19: 	Train Loss: 3122947.5000 (base: 887.0934, kd: 6244.1211), Elapsed: train 2.56 test 0.34
09/05/2026,03:11:19: 	Recall@10: 0.04673 Recall@20: 0.06680 NDCG@10: 0.02797 NDCG@20: 0.03354 
09/05/2026,03:11:19: 	Recall@10: 0.01903 Recall@20: 0.02936 NDCG@10: 0.01101 NDCG@20: 0.01372 
09/05/2026,03:11:19: Epoch [441/1000]
09/05/2026,03:11:19: Negative sampling...
09/05/2026,03:11:20: Model's personal time...
09/05/2026,03:11:20: Training...
09/05/2026,03:11:21: Evaluating...
09/05/2026,03:11:21: 	Train Loss: 3129107.5000 (base: 886.6912, kd: 6256.4414), Elapsed: train 2.38 test 0.33
09/05/2026,03:11:21: 	Recall@10: 0.04673 Recall@20: 0.06858 NDCG@10: 0.02819 NDCG@20: 0.03425 
09/05/2026,03:11:21: 	Recall@10: 0.01869 Recall@20: 0.02785 NDCG@10: 0.01098 NDCG@20: 0.01346 
09/05/2026,03:11:21: Epoch [442/1000]
09/05/2026,03:11:21: Negative sampling...
09/05/2026,03:11:23: Model's personal time...
09/05/2026,03:11:23: Training...
09/05/2026,03:11:24: Evaluating...
09/05/2026,03:11:24: 	Train Loss: 3127058.2500 (base: 887.0829, kd: 6252.3423), Elapsed: train 2.52 test 0.48
09/05/2026,03:11:24: 	Recall@10: 0.04650 Recall@20: 0.06765 NDCG@10: 0.02823 NDCG@20: 0.03413 
09/05/2026,03:11:24: 	Recall@10: 0.01935 Recall@20: 0.02836 NDCG@10: 0.01109 NDCG@20: 0.01351 
09/05/2026,03:11:24: Epoch [443/1000]
09/05/2026,03:11:24: Negative sampling...
09/05/2026,03:11:26: Model's personal time...
09/05/2026,03:11:26: Training...
09/05/2026,03:11:27: Evaluating...
09/05/2026,03:11:27: 	Train Loss: 3129674.5000 (base: 885.4787, kd: 6257.5776), Elapsed: train 2.57 test 0.35
09/05/2026,03:11:27: 	Recall@10: 0.04760 Recall@20: 0.06937 NDCG@10: 0.02858 NDCG@20: 0.03456 
09/05/2026,03:11:27: 	Recall@10: 0.01924 Recall@20: 0.02809 NDCG@10: 0.01120 NDCG@20: 0.01362 
09/05/2026,03:11:27: Epoch [444/1000]
09/05/2026,03:11:27: Negative sampling...
09/05/2026,03:11:29: Model's personal time...
09/05/2026,03:11:29: Training...
09/05/2026,03:11:30: Evaluating...
09/05/2026,03:11:30: 	Train Loss: 3135914.5000 (base: 894.1562, kd: 6270.0400), Elapsed: train 2.58 test 0.30
09/05/2026,03:11:30: 	Recall@10: 0.04715 Recall@20: 0.06737 NDCG@10: 0.02829 NDCG@20: 0.03392 
09/05/2026,03:11:30: 	Recall@10: 0.01856 Recall@20: 0.02838 NDCG@10: 0.01084 NDCG@20: 0.01343 
09/05/2026,03:11:30: Epoch [445/1000]
09/05/2026,03:11:30: Negative sampling...
09/05/2026,03:11:32: Model's personal time...
09/05/2026,03:11:32: Training...
09/05/2026,03:11:33: Evaluating...
09/05/2026,03:11:33: 	Train Loss: 3135914.5000 (base: 881.4477, kd: 6270.0664), Elapsed: train 2.48 test 0.42
09/05/2026,03:11:33: 	Recall@10: 0.04871 Recall@20: 0.06899 NDCG@10: 0.02854 NDCG@20: 0.03413 
09/05/2026,03:11:33: 	Recall@10: 0.01863 Recall@20: 0.02861 NDCG@10: 0.01102 NDCG@20: 0.01370 
09/05/2026,03:11:33: Epoch [446/1000]
09/05/2026,03:11:33: Negative sampling...
09/05/2026,03:11:35: Model's personal time...
09/05/2026,03:11:35: Training...
09/05/2026,03:11:36: Evaluating...
09/05/2026,03:11:36: 	Train Loss: 3125969.5000 (base: 890.8344, kd: 6250.1572), Elapsed: train 2.55 test 0.44
09/05/2026,03:11:36: 	Recall@10: 0.04693 Recall@20: 0.06855 NDCG@10: 0.02842 NDCG@20: 0.03436 
09/05/2026,03:11:36: 	Recall@10: 0.01837 Recall@20: 0.02791 NDCG@10: 0.01070 NDCG@20: 0.01330 
09/05/2026,03:11:36: Epoch [447/1000]
09/05/2026,03:11:36: Negative sampling...
09/05/2026,03:11:38: Model's personal time...
09/05/2026,03:11:38: Training...
09/05/2026,03:11:39: Evaluating...
09/05/2026,03:11:39: 	Train Loss: 3127384.5000 (base: 877.4901, kd: 6253.0137), Elapsed: train 2.44 test 0.46
09/05/2026,03:11:39: 	Recall@10: 0.04765 Recall@20: 0.06796 NDCG@10: 0.02837 NDCG@20: 0.03400 
09/05/2026,03:11:39: 	Recall@10: 0.02009 Recall@20: 0.03000 NDCG@10: 0.01149 NDCG@20: 0.01413 
09/05/2026,03:11:39: Epoch [448/1000]
09/05/2026,03:11:39: Negative sampling...
09/05/2026,03:11:40: Model's personal time...
09/05/2026,03:11:40: Training...
09/05/2026,03:11:41: Evaluating...
09/05/2026,03:11:42: 	Train Loss: 3122620.0000 (base: 875.7809, kd: 6243.4883), Elapsed: train 2.42 test 0.33
09/05/2026,03:11:42: 	Recall@10: 0.04805 Recall@20: 0.06831 NDCG@10: 0.02879 NDCG@20: 0.03441 
09/05/2026,03:11:42: 	Recall@10: 0.01925 Recall@20: 0.02759 NDCG@10: 0.01105 NDCG@20: 0.01334 
09/05/2026,03:11:42: Epoch [449/1000]
09/05/2026,03:11:42: Negative sampling...
09/05/2026,03:11:43: Model's personal time...
09/05/2026,03:11:43: Training...
09/05/2026,03:11:44: Evaluating...
09/05/2026,03:11:45: 	Train Loss: 3130169.5000 (base: 882.8261, kd: 6258.5732), Elapsed: train 2.34 test 0.40
09/05/2026,03:11:45: 	Recall@10: 0.04849 Recall@20: 0.06894 NDCG@10: 0.02882 NDCG@20: 0.03450 
09/05/2026,03:11:45: 	Recall@10: 0.01829 Recall@20: 0.02807 NDCG@10: 0.01072 NDCG@20: 0.01338 
09/05/2026,03:11:45: Epoch [450/1000]
09/05/2026,03:11:45: Negative sampling...
09/05/2026,03:11:46: Model's personal time...
09/05/2026,03:11:46: Training...
09/05/2026,03:11:47: Evaluating...
09/05/2026,03:11:47: 	Train Loss: 3129214.7500 (base: 885.2476, kd: 6256.6592), Elapsed: train 2.51 test 0.29
09/05/2026,03:11:47: 	Recall@10: 0.04681 Recall@20: 0.06808 NDCG@10: 0.02845 NDCG@20: 0.03429 
09/05/2026,03:11:47: 	Recall@10: 0.01965 Recall@20: 0.02961 NDCG@10: 0.01142 NDCG@20: 0.01408 
09/05/2026,03:11:47: Epoch [451/1000]
09/05/2026,03:11:47: Negative sampling...
09/05/2026,03:11:49: Model's personal time...
09/05/2026,03:11:49: Training...
09/05/2026,03:11:50: Evaluating...
09/05/2026,03:11:50: 	Train Loss: 3127019.7500 (base: 884.6160, kd: 6252.2705), Elapsed: train 2.73 test 0.42
09/05/2026,03:11:50: 	Recall@10: 0.04691 Recall@20: 0.06846 NDCG@10: 0.02818 NDCG@20: 0.03419 
09/05/2026,03:11:50: 	Recall@10: 0.01839 Recall@20: 0.02908 NDCG@10: 0.01080 NDCG@20: 0.01364 
09/05/2026,03:11:50: Epoch [452/1000]
09/05/2026,03:11:50: Negative sampling...
09/05/2026,03:11:52: Model's personal time...
09/05/2026,03:11:52: Training...
09/05/2026,03:11:53: Evaluating...
09/05/2026,03:11:54: 	Train Loss: 3129434.0000 (base: 887.6213, kd: 6257.0928), Elapsed: train 2.71 test 0.34
09/05/2026,03:11:54: 	Recall@10: 0.04742 Recall@20: 0.06870 NDCG@10: 0.02839 NDCG@20: 0.03424 
09/05/2026,03:11:54: 	Recall@10: 0.01870 Recall@20: 0.02841 NDCG@10: 0.01099 NDCG@20: 0.01356 
09/05/2026,03:11:54: Epoch [453/1000]
09/05/2026,03:11:54: Negative sampling...
09/05/2026,03:11:55: Model's personal time...
09/05/2026,03:11:55: Training...
09/05/2026,03:11:56: Evaluating...
09/05/2026,03:11:56: 	Train Loss: 3127354.7500 (base: 884.4902, kd: 6252.9399), Elapsed: train 2.63 test 0.29
09/05/2026,03:11:56: 	Recall@10: 0.04756 Recall@20: 0.06723 NDCG@10: 0.02840 NDCG@20: 0.03385 
09/05/2026,03:11:56: 	Recall@10: 0.01858 Recall@20: 0.02832 NDCG@10: 0.01090 NDCG@20: 0.01350 
09/05/2026,03:11:56: Epoch [454/1000]
09/05/2026,03:11:56: Negative sampling...
09/05/2026,03:11:58: Model's personal time...
09/05/2026,03:11:58: Training...
09/05/2026,03:11:59: Evaluating...
09/05/2026,03:11:59: 	Train Loss: 3131153.5000 (base: 900.9797, kd: 6260.5049), Elapsed: train 2.63 test 0.34
09/05/2026,03:11:59: 	Recall@10: 0.04888 Recall@20: 0.06880 NDCG@10: 0.02891 NDCG@20: 0.03436 
09/05/2026,03:11:59: 	Recall@10: 0.01878 Recall@20: 0.02914 NDCG@10: 0.01115 NDCG@20: 0.01396 
09/05/2026,03:11:59: Epoch [455/1000]
09/05/2026,03:11:59: Negative sampling...
09/05/2026,03:12:01: Model's personal time...
09/05/2026,03:12:01: Training...
09/05/2026,03:12:02: Evaluating...
09/05/2026,03:12:02: 	Train Loss: 3124977.5000 (base: 899.4592, kd: 6248.1567), Elapsed: train 2.65 test 0.38
09/05/2026,03:12:02: 	Recall@10: 0.04969 Recall@20: 0.06927 NDCG@10: 0.02953 NDCG@20: 0.03490 
09/05/2026,03:12:02: 	Recall@10: 0.01880 Recall@20: 0.02888 NDCG@10: 0.01103 NDCG@20: 0.01377 
09/05/2026,03:12:02: Epoch [456/1000]
09/05/2026,03:12:02: Negative sampling...
09/05/2026,03:12:04: Model's personal time...
09/05/2026,03:12:04: Training...
09/05/2026,03:12:05: Evaluating...
09/05/2026,03:12:05: 	Train Loss: 3123570.2500 (base: 895.9758, kd: 6245.3486), Elapsed: train 2.48 test 0.40 *
09/05/2026,03:12:05: 	Recall@10: 0.04838 Recall@20: 0.07102 NDCG@10: 0.02930 NDCG@20: 0.03558 
09/05/2026,03:12:05: 	Recall@10: 0.01922 Recall@20: 0.02950 NDCG@10: 0.01134 NDCG@20: 0.01406 
09/05/2026,03:12:05: Epoch [457/1000]
09/05/2026,03:12:05: Negative sampling...
09/05/2026,03:12:07: Model's personal time...
09/05/2026,03:12:07: Training...
09/05/2026,03:12:08: Evaluating...
09/05/2026,03:12:08: 	Train Loss: 3130145.0000 (base: 878.9314, kd: 6258.5317), Elapsed: train 2.40 test 0.30
09/05/2026,03:12:08: 	Recall@10: 0.04784 Recall@20: 0.06869 NDCG@10: 0.02827 NDCG@20: 0.03404 
09/05/2026,03:12:08: 	Recall@10: 0.01840 Recall@20: 0.02934 NDCG@10: 0.01071 NDCG@20: 0.01362 
09/05/2026,03:12:08: Epoch [458/1000]
09/05/2026,03:12:08: Negative sampling...
09/05/2026,03:12:09: Model's personal time...
09/05/2026,03:12:09: Training...
09/05/2026,03:12:11: Evaluating...
09/05/2026,03:12:11: 	Train Loss: 3126424.0000 (base: 891.7990, kd: 6251.0649), Elapsed: train 2.56 test 0.35
09/05/2026,03:12:11: 	Recall@10: 0.04830 Recall@20: 0.06943 NDCG@10: 0.02897 NDCG@20: 0.03478 
09/05/2026,03:12:11: 	Recall@10: 0.01915 Recall@20: 0.02866 NDCG@10: 0.01109 NDCG@20: 0.01361 
09/05/2026,03:12:11: Epoch [459/1000]
09/05/2026,03:12:11: Negative sampling...
09/05/2026,03:12:12: Model's personal time...
09/05/2026,03:12:12: Training...
09/05/2026,03:12:13: Evaluating...
09/05/2026,03:12:14: 	Train Loss: 3131870.7500 (base: 888.6357, kd: 6261.9644), Elapsed: train 2.44 test 0.43
09/05/2026,03:12:14: 	Recall@10: 0.04819 Recall@20: 0.06765 NDCG@10: 0.02880 NDCG@20: 0.03417 
09/05/2026,03:12:14: 	Recall@10: 0.01884 Recall@20: 0.02967 NDCG@10: 0.01094 NDCG@20: 0.01385 
09/05/2026,03:12:14: Epoch [460/1000]
09/05/2026,03:12:14: Negative sampling...
09/05/2026,03:12:15: Model's personal time...
09/05/2026,03:12:15: Training...
09/05/2026,03:12:16: Evaluating...
09/05/2026,03:12:17: 	Train Loss: 3130120.5000 (base: 892.5621, kd: 6258.4561), Elapsed: train 2.42 test 0.41
09/05/2026,03:12:17: 	Recall@10: 0.04718 Recall@20: 0.06803 NDCG@10: 0.02836 NDCG@20: 0.03409 
09/05/2026,03:12:17: 	Recall@10: 0.01916 Recall@20: 0.02823 NDCG@10: 0.01129 NDCG@20: 0.01370 
09/05/2026,03:12:17: Epoch [461/1000]
09/05/2026,03:12:17: Negative sampling...
09/05/2026,03:12:18: Model's personal time...
09/05/2026,03:12:18: Training...
09/05/2026,03:12:19: Evaluating...
09/05/2026,03:12:19: 	Train Loss: 3123676.2500 (base: 880.4879, kd: 6245.5918), Elapsed: train 2.42 test 0.44
09/05/2026,03:12:19: 	Recall@10: 0.04640 Recall@20: 0.06798 NDCG@10: 0.02756 NDCG@20: 0.03346 
09/05/2026,03:12:19: 	Recall@10: 0.01981 Recall@20: 0.02846 NDCG@10: 0.01156 NDCG@20: 0.01389 
09/05/2026,03:12:19: Epoch [462/1000]
09/05/2026,03:12:19: Negative sampling...
09/05/2026,03:12:21: Model's personal time...
09/05/2026,03:12:21: Training...
09/05/2026,03:12:22: Evaluating...
09/05/2026,03:12:22: 	Train Loss: 3133141.7500 (base: 882.7641, kd: 6264.5186), Elapsed: train 2.45 test 0.27
09/05/2026,03:12:22: 	Recall@10: 0.04834 Recall@20: 0.06852 NDCG@10: 0.02892 NDCG@20: 0.03445 
09/05/2026,03:12:22: 	Recall@10: 0.01913 Recall@20: 0.02927 NDCG@10: 0.01126 NDCG@20: 0.01399 
09/05/2026,03:12:22: Epoch [463/1000]
09/05/2026,03:12:22: Negative sampling...
09/05/2026,03:12:24: Model's personal time...
09/05/2026,03:12:24: Training...
09/05/2026,03:12:25: Evaluating...
09/05/2026,03:12:25: 	Train Loss: 3125668.5000 (base: 901.4008, kd: 6249.5342), Elapsed: train 2.50 test 0.45
09/05/2026,03:12:25: 	Recall@10: 0.04725 Recall@20: 0.06811 NDCG@10: 0.02823 NDCG@20: 0.03401 
09/05/2026,03:12:25: 	Recall@10: 0.01972 Recall@20: 0.02887 NDCG@10: 0.01155 NDCG@20: 0.01403 
09/05/2026,03:12:25: Epoch [464/1000]
09/05/2026,03:12:25: Negative sampling...
09/05/2026,03:12:27: Model's personal time...
09/05/2026,03:12:27: Training...
09/05/2026,03:12:28: Evaluating...
09/05/2026,03:12:28: 	Train Loss: 3132602.0000 (base: 906.8863, kd: 6263.3906), Elapsed: train 2.51 test 0.52
09/05/2026,03:12:28: 	Recall@10: 0.04664 Recall@20: 0.06915 NDCG@10: 0.02783 NDCG@20: 0.03405 
09/05/2026,03:12:28: 	Recall@10: 0.01866 Recall@20: 0.02837 NDCG@10: 0.01084 NDCG@20: 0.01347 
09/05/2026,03:12:28: Epoch [465/1000]
09/05/2026,03:12:28: Negative sampling...
09/05/2026,03:12:30: Model's personal time...
09/05/2026,03:12:30: Training...
09/05/2026,03:12:31: Evaluating...
09/05/2026,03:12:31: 	Train Loss: 3123200.5000 (base: 892.2114, kd: 6244.6157), Elapsed: train 2.34 test 0.28
09/05/2026,03:12:31: 	Recall@10: 0.04686 Recall@20: 0.06851 NDCG@10: 0.02823 NDCG@20: 0.03420 
09/05/2026,03:12:31: 	Recall@10: 0.01906 Recall@20: 0.02880 NDCG@10: 0.01071 NDCG@20: 0.01335 
09/05/2026,03:12:31: Epoch [466/1000]
09/05/2026,03:12:31: Negative sampling...
09/05/2026,03:12:32: Model's personal time...
09/05/2026,03:12:32: Training...
09/05/2026,03:12:33: Evaluating...
09/05/2026,03:12:34: 	Train Loss: 3135672.7500 (base: 889.2143, kd: 6269.5674), Elapsed: train 2.43 test 0.34
09/05/2026,03:12:34: 	Recall@10: 0.04944 Recall@20: 0.07023 NDCG@10: 0.02905 NDCG@20: 0.03469 
09/05/2026,03:12:34: 	Recall@10: 0.02001 Recall@20: 0.03002 NDCG@10: 0.01127 NDCG@20: 0.01394 
09/05/2026,03:12:34: Epoch [467/1000]
09/05/2026,03:12:34: Negative sampling...
09/05/2026,03:12:35: Model's personal time...
09/05/2026,03:12:35: Training...
09/05/2026,03:12:36: Evaluating...
09/05/2026,03:12:37: 	Train Loss: 3127273.0000 (base: 901.0328, kd: 6252.7441), Elapsed: train 2.59 test 0.42
09/05/2026,03:12:37: 	Recall@10: 0.04727 Recall@20: 0.06782 NDCG@10: 0.02824 NDCG@20: 0.03391 
09/05/2026,03:12:37: 	Recall@10: 0.01950 Recall@20: 0.02900 NDCG@10: 0.01104 NDCG@20: 0.01358 
09/05/2026,03:12:37: Epoch [468/1000]
09/05/2026,03:12:37: Negative sampling...
09/05/2026,03:12:38: Model's personal time...
09/05/2026,03:12:38: Training...
09/05/2026,03:12:39: Evaluating...
09/05/2026,03:12:40: 	Train Loss: 3134353.5000 (base: 879.9766, kd: 6266.9478), Elapsed: train 2.68 test 0.49
09/05/2026,03:12:40: 	Recall@10: 0.04775 Recall@20: 0.06984 NDCG@10: 0.02835 NDCG@20: 0.03445 
09/05/2026,03:12:40: 	Recall@10: 0.01925 Recall@20: 0.02941 NDCG@10: 0.01113 NDCG@20: 0.01388 
09/05/2026,03:12:40: Epoch [469/1000]
09/05/2026,03:12:40: Negative sampling...
09/05/2026,03:12:41: Model's personal time...
09/05/2026,03:12:41: Training...
09/05/2026,03:12:43: Evaluating...
09/05/2026,03:12:43: 	Train Loss: 3128389.5000 (base: 893.5013, kd: 6254.9922), Elapsed: train 2.89 test 0.37
09/05/2026,03:12:43: 	Recall@10: 0.04647 Recall@20: 0.06833 NDCG@10: 0.02797 NDCG@20: 0.03398 
09/05/2026,03:12:43: 	Recall@10: 0.01852 Recall@20: 0.02801 NDCG@10: 0.01066 NDCG@20: 0.01322 
09/05/2026,03:12:43: Epoch [470/1000]
09/05/2026,03:12:43: Negative sampling...
09/05/2026,03:12:44: Model's personal time...
09/05/2026,03:12:44: Training...
09/05/2026,03:12:46: Evaluating...
09/05/2026,03:12:46: 	Train Loss: 3127938.5000 (base: 894.8665, kd: 6254.0874), Elapsed: train 2.72 test 0.46
09/05/2026,03:12:46: 	Recall@10: 0.04769 Recall@20: 0.06753 NDCG@10: 0.02842 NDCG@20: 0.03397 
09/05/2026,03:12:46: 	Recall@10: 0.02008 Recall@20: 0.02836 NDCG@10: 0.01148 NDCG@20: 0.01368 
09/05/2026,03:12:46: Epoch [471/1000]
09/05/2026,03:12:46: Negative sampling...
09/05/2026,03:12:48: Model's personal time...
09/05/2026,03:12:48: Training...
09/05/2026,03:12:49: Evaluating...
09/05/2026,03:12:49: 	Train Loss: 3126675.5000 (base: 903.7878, kd: 6251.5435), Elapsed: train 2.69 test 0.31
09/05/2026,03:12:49: 	Recall@10: 0.04744 Recall@20: 0.06839 NDCG@10: 0.02853 NDCG@20: 0.03428 
09/05/2026,03:12:49: 	Recall@10: 0.01836 Recall@20: 0.02812 NDCG@10: 0.01081 NDCG@20: 0.01346 
09/05/2026,03:12:49: Epoch [472/1000]
09/05/2026,03:12:49: Negative sampling...
09/05/2026,03:12:51: Model's personal time...
09/05/2026,03:12:51: Training...
09/05/2026,03:12:52: Evaluating...
09/05/2026,03:12:52: 	Train Loss: 3130973.0000 (base: 886.9090, kd: 6260.1719), Elapsed: train 2.60 test 0.31
09/05/2026,03:12:52: 	Recall@10: 0.04832 Recall@20: 0.07041 NDCG@10: 0.02928 NDCG@20: 0.03536 
09/05/2026,03:12:52: 	Recall@10: 0.01921 Recall@20: 0.02822 NDCG@10: 0.01098 NDCG@20: 0.01343 
09/05/2026,03:12:52: Epoch [473/1000]
09/05/2026,03:12:52: Negative sampling...
09/05/2026,03:12:53: Model's personal time...
09/05/2026,03:12:54: Training...
09/05/2026,03:12:54: Evaluating...
09/05/2026,03:12:55: 	Train Loss: 3126051.2500 (base: 894.3704, kd: 6250.3135), Elapsed: train 2.35 test 0.46
09/05/2026,03:12:55: 	Recall@10: 0.04816 Recall@20: 0.06895 NDCG@10: 0.02899 NDCG@20: 0.03471 
09/05/2026,03:12:55: 	Recall@10: 0.01829 Recall@20: 0.02842 NDCG@10: 0.01083 NDCG@20: 0.01360 
09/05/2026,03:12:55: Epoch [474/1000]
09/05/2026,03:12:55: Negative sampling...
09/05/2026,03:12:56: Model's personal time...
09/05/2026,03:12:56: Training...
09/05/2026,03:12:58: Evaluating...
09/05/2026,03:12:58: 	Train Loss: 3128208.2500 (base: 884.1496, kd: 6254.6479), Elapsed: train 2.66 test 0.31
09/05/2026,03:12:58: 	Recall@10: 0.04735 Recall@20: 0.06920 NDCG@10: 0.02868 NDCG@20: 0.03468 
09/05/2026,03:12:58: 	Recall@10: 0.01897 Recall@20: 0.02913 NDCG@10: 0.01087 NDCG@20: 0.01360 
09/05/2026,03:12:58: Epoch [475/1000]
09/05/2026,03:12:58: Negative sampling...
09/05/2026,03:12:59: Model's personal time...
09/05/2026,03:12:59: Training...
09/05/2026,03:13:00: Evaluating...
09/05/2026,03:13:01: 	Train Loss: 3129269.5000 (base: 892.5161, kd: 6256.7544), Elapsed: train 2.52 test 0.31
09/05/2026,03:13:01: 	Recall@10: 0.04870 Recall@20: 0.06883 NDCG@10: 0.02871 NDCG@20: 0.03426 
09/05/2026,03:13:01: 	Recall@10: 0.01950 Recall@20: 0.02851 NDCG@10: 0.01111 NDCG@20: 0.01357 
09/05/2026,03:13:01: Epoch [476/1000]
09/05/2026,03:13:01: Negative sampling...
09/05/2026,03:13:02: Model's personal time...
09/05/2026,03:13:02: Training...
09/05/2026,03:13:03: Evaluating...
09/05/2026,03:13:03: 	Train Loss: 3126022.2500 (base: 898.9523, kd: 6250.2461), Elapsed: train 2.41 test 0.35
09/05/2026,03:13:03: 	Recall@10: 0.04753 Recall@20: 0.06841 NDCG@10: 0.02840 NDCG@20: 0.03411 
09/05/2026,03:13:03: 	Recall@10: 0.01883 Recall@20: 0.02807 NDCG@10: 0.01080 NDCG@20: 0.01330 
09/05/2026,03:13:03: Epoch [477/1000]
09/05/2026,03:13:03: Negative sampling...
09/05/2026,03:13:05: Model's personal time...
09/05/2026,03:13:05: Training...
09/05/2026,03:13:06: Evaluating...
09/05/2026,03:13:06: 	Train Loss: 3132152.0000 (base: 904.1918, kd: 6262.4956), Elapsed: train 2.56 test 0.36
09/05/2026,03:13:06: 	Recall@10: 0.04857 Recall@20: 0.07030 NDCG@10: 0.02890 NDCG@20: 0.03486 
09/05/2026,03:13:06: 	Recall@10: 0.01952 Recall@20: 0.03036 NDCG@10: 0.01128 NDCG@20: 0.01419 
09/05/2026,03:13:06: Epoch [478/1000]
09/05/2026,03:13:06: Negative sampling...
09/05/2026,03:13:08: Model's personal time...
09/05/2026,03:13:08: Training...
09/05/2026,03:13:09: Evaluating...
09/05/2026,03:13:09: 	Train Loss: 3127410.0000 (base: 904.3189, kd: 6253.0107), Elapsed: train 2.41 test 0.32
09/05/2026,03:13:09: 	Recall@10: 0.04764 Recall@20: 0.07008 NDCG@10: 0.02865 NDCG@20: 0.03479 
09/05/2026,03:13:09: 	Recall@10: 0.01995 Recall@20: 0.02937 NDCG@10: 0.01130 NDCG@20: 0.01383 
09/05/2026,03:13:09: Epoch [479/1000]
09/05/2026,03:13:09: Negative sampling...
09/05/2026,03:13:11: Model's personal time...
09/05/2026,03:13:11: Training...
09/05/2026,03:13:12: Evaluating...
09/05/2026,03:13:12: 	Train Loss: 3127506.0000 (base: 887.3504, kd: 6253.2373), Elapsed: train 2.45 test 0.30
09/05/2026,03:13:12: 	Recall@10: 0.04878 Recall@20: 0.07047 NDCG@10: 0.02922 NDCG@20: 0.03522 
09/05/2026,03:13:12: 	Recall@10: 0.01891 Recall@20: 0.02815 NDCG@10: 0.01089 NDCG@20: 0.01341 
09/05/2026,03:13:12: Epoch [480/1000]
09/05/2026,03:13:12: Negative sampling...
09/05/2026,03:13:13: Model's personal time...
09/05/2026,03:13:13: Training...
09/05/2026,03:13:14: Evaluating...
09/05/2026,03:13:15: 	Train Loss: 3122475.7500 (base: 897.7452, kd: 6243.1567), Elapsed: train 2.45 test 0.36
09/05/2026,03:13:15: 	Recall@10: 0.04795 Recall@20: 0.06956 NDCG@10: 0.02846 NDCG@20: 0.03444 
09/05/2026,03:13:15: 	Recall@10: 0.01931 Recall@20: 0.02902 NDCG@10: 0.01115 NDCG@20: 0.01379 
09/05/2026,03:13:15: Epoch [481/1000]
09/05/2026,03:13:15: Negative sampling...
09/05/2026,03:13:16: Model's personal time...
09/05/2026,03:13:16: Training...
09/05/2026,03:13:17: Evaluating...
09/05/2026,03:13:17: 	Train Loss: 3132358.2500 (base: 907.1589, kd: 6262.9023), Elapsed: train 2.33 test 0.28
09/05/2026,03:13:17: 	Recall@10: 0.04839 Recall@20: 0.06936 NDCG@10: 0.02858 NDCG@20: 0.03434 
09/05/2026,03:13:17: 	Recall@10: 0.01871 Recall@20: 0.02840 NDCG@10: 0.01085 NDCG@20: 0.01348 
09/05/2026,03:13:17: Epoch [482/1000]
09/05/2026,03:13:17: Negative sampling...
09/05/2026,03:13:19: Model's personal time...
09/05/2026,03:13:19: Training...
09/05/2026,03:13:20: Evaluating...
09/05/2026,03:13:20: 	Train Loss: 3127502.2500 (base: 893.8578, kd: 6253.2168), Elapsed: train 2.39 test 0.34
09/05/2026,03:13:20: 	Recall@10: 0.04931 Recall@20: 0.06989 NDCG@10: 0.02883 NDCG@20: 0.03453 
09/05/2026,03:13:20: 	Recall@10: 0.01998 Recall@20: 0.02812 NDCG@10: 0.01143 NDCG@20: 0.01364 
09/05/2026,03:13:20: Epoch [483/1000]
09/05/2026,03:13:20: Negative sampling...
09/05/2026,03:13:21: Model's personal time...
09/05/2026,03:13:21: Training...
09/05/2026,03:13:23: Evaluating...
09/05/2026,03:13:23: 	Train Loss: 3132003.7500 (base: 902.4232, kd: 6262.2026), Elapsed: train 2.52 test 0.46
09/05/2026,03:13:23: 	Recall@10: 0.04839 Recall@20: 0.06980 NDCG@10: 0.02904 NDCG@20: 0.03495 
09/05/2026,03:13:23: 	Recall@10: 0.01882 Recall@20: 0.03003 NDCG@10: 0.01066 NDCG@20: 0.01371 
09/05/2026,03:13:23: Epoch [484/1000]
09/05/2026,03:13:23: Negative sampling...
09/05/2026,03:13:24: Model's personal time...
09/05/2026,03:13:24: Training...
09/05/2026,03:13:26: Evaluating...
09/05/2026,03:13:26: 	Train Loss: 3128566.5000 (base: 899.7369, kd: 6255.3340), Elapsed: train 2.51 test 0.30
09/05/2026,03:13:26: 	Recall@10: 0.04841 Recall@20: 0.06996 NDCG@10: 0.02869 NDCG@20: 0.03465 
09/05/2026,03:13:26: 	Recall@10: 0.01996 Recall@20: 0.03019 NDCG@10: 0.01133 NDCG@20: 0.01410 
09/05/2026,03:13:26: Epoch [485/1000]
09/05/2026,03:13:26: Negative sampling...
09/05/2026,03:13:27: Model's personal time...
09/05/2026,03:13:27: Training...
09/05/2026,03:13:28: Evaluating...
09/05/2026,03:13:29: 	Train Loss: 3123061.2500 (base: 906.8488, kd: 6244.3086), Elapsed: train 2.51 test 0.44
09/05/2026,03:13:29: 	Recall@10: 0.04820 Recall@20: 0.06914 NDCG@10: 0.02858 NDCG@20: 0.03440 
09/05/2026,03:13:29: 	Recall@10: 0.01867 Recall@20: 0.02936 NDCG@10: 0.01092 NDCG@20: 0.01377 
09/05/2026,03:13:29: Epoch [486/1000]
09/05/2026,03:13:29: Negative sampling...
09/05/2026,03:13:30: Model's personal time...
09/05/2026,03:13:30: Training...
09/05/2026,03:13:31: Evaluating...
09/05/2026,03:13:32: 	Train Loss: 3121065.0000 (base: 881.2822, kd: 6240.3677), Elapsed: train 2.51 test 0.30
09/05/2026,03:13:32: 	Recall@10: 0.04786 Recall@20: 0.06816 NDCG@10: 0.02800 NDCG@20: 0.03360 
09/05/2026,03:13:32: 	Recall@10: 0.01875 Recall@20: 0.02858 NDCG@10: 0.01077 NDCG@20: 0.01341 
09/05/2026,03:13:32: ------------------------------
09/05/2026,03:13:32: valid Recall@10: 0.04838 Recall@20: 0.07102 NDCG@10: 0.02930 NDCG@20: 0.03558
09/05/2026,03:13:32: test Recall@10: 0.01922 Recall@20: 0.02950 NDCG@10: 0.01134 NDCG@20: 0.01406
