----------------------------------------TEACHER----------------------------------------
init_std                                 0.01
embedding_dim                            400
----------------------------------------TEACHER----------------------------------------
----------------------------------------STUDENT----------------------------------------
init_std                                 0.01
embedding_dim                            5
----------------------------------------STUDENT----------------------------------------
----------------------------------------ARGUMENTS----------------------------------------
run_all                                  False
seed                                     0
gpu_id                                   0
no_log                                   False
no_save                                  False
suffix                                   capacity_d5_k50_l50_seed0
verbose                                  False
ablation                                 False
task                                     rec
dataset                                  citeulike
batch_size                               2048
num_ns                                   1
neg_sampling_on_all                      False
T_backbone                               bpr
S_backbone                               bpr
model                                    rcekd
preload                                  False
postsave                                 False
train_teacher                            False
ckpt_interval                            -1
epochs                                   1000
lr                                       0.001
wd                                       1e-05
lmbda                                    500
srce_alpha                               1.0
srce_s                                   20.0
srce_eta                                 1.0
srce_Lu                                  20
srce_mode                                union
srce_kappa                               0.0
eval_period                              1
K_list                                   [10, 20]
early_stop_metric                        NDCG
early_stop_K                             20
early_stop_patience                      30
LOG_DIR                                  logs/
CONFIG_DIR                               configs/
DATA_DIR                                 data/
CKPT_DIR                                 checkpoints/
CRAFT_DIR                                crafts/
mkd_tau                                  1
mkd_K                                    50
mkd_L                                    50
mkd_T                                    10
mkd_mxK                                  200
mkd_beta                                 3
sample_rank                              False
----------------------------------------ARGUMENTS----------------------------------------
----------------------------------------Teacher----------------------------------------
09/05/2026,03:19:34: ------------------------------
09/05/2026,03:19:34: valid Recall@10: 0.06778 Recall@20: 0.10315 NDCG@10: 0.04052 NDCG@20: 0.05027
09/05/2026,03:19:34: test Recall@10: 0.02747 Recall@20: 0.04385 NDCG@10: 0.01551 NDCG@20: 0.02003
----------------------------------------------------------------------------------------
09/05/2026,03:19:34: Epoch [1/1000]
09/05/2026,03:19:34: Negative sampling...
09/05/2026,03:19:36: Model's personal time...
09/05/2026,03:19:36: Training...
09/05/2026,03:19:37: Evaluating...
09/05/2026,03:19:38: 	Train Loss: 4618716.5000 (base: 1391.8325, kd: 9234.6494), Elapsed: train 2.98 test 0.38 *
09/05/2026,03:19:38: 	Recall@10: 0.00399 Recall@20: 0.00623 NDCG@10: 0.00191 NDCG@20: 0.00252 
09/05/2026,03:19:38: 	Recall@10: 0.00182 Recall@20: 0.00261 NDCG@10: 0.00105 NDCG@20: 0.00126 
09/05/2026,03:19:38: Epoch [2/1000]
09/05/2026,03:19:38: Negative sampling...
09/05/2026,03:19:39: Model's personal time...
09/05/2026,03:19:40: Training...
09/05/2026,03:19:41: Evaluating...
09/05/2026,03:19:41: 	Train Loss: 4484186.5000 (base: 1389.9355, kd: 8965.5928), Elapsed: train 3.14 test 0.32 *
09/05/2026,03:19:41: 	Recall@10: 0.01810 Recall@20: 0.02505 NDCG@10: 0.00873 NDCG@20: 0.01071 
09/05/2026,03:19:41: 	Recall@10: 0.00640 Recall@20: 0.00983 NDCG@10: 0.00286 NDCG@20: 0.00380 
09/05/2026,03:19:41: Epoch [3/1000]
09/05/2026,03:19:41: Negative sampling...
09/05/2026,03:19:43: Model's personal time...
09/05/2026,03:19:43: Training...
09/05/2026,03:19:44: Evaluating...
09/05/2026,03:19:44: 	Train Loss: 4416335.5000 (base: 1385.7522, kd: 8829.9004), Elapsed: train 2.76 test 0.40 *
09/05/2026,03:19:44: 	Recall@10: 0.02306 Recall@20: 0.02991 NDCG@10: 0.01280 NDCG@20: 0.01468 
09/05/2026,03:19:44: 	Recall@10: 0.00789 Recall@20: 0.00954 NDCG@10: 0.00393 NDCG@20: 0.00441 
09/05/2026,03:19:44: Epoch [4/1000]
09/05/2026,03:19:44: Negative sampling...
09/05/2026,03:19:46: Model's personal time...
09/05/2026,03:19:46: Training...
09/05/2026,03:19:47: Evaluating...
09/05/2026,03:19:47: 	Train Loss: 4390823.0000 (base: 1380.8135, kd: 8778.8838), Elapsed: train 2.42 test 0.35 *
09/05/2026,03:19:47: 	Recall@10: 0.02664 Recall@20: 0.03357 NDCG@10: 0.01532 NDCG@20: 0.01716 
09/05/2026,03:19:47: 	Recall@10: 0.00935 Recall@20: 0.01155 NDCG@10: 0.00470 NDCG@20: 0.00527 
09/05/2026,03:19:47: Epoch [5/1000]
09/05/2026,03:19:47: Negative sampling...
09/05/2026,03:19:48: Model's personal time...
09/05/2026,03:19:48: Training...
09/05/2026,03:19:50: Evaluating...
09/05/2026,03:19:50: 	Train Loss: 4370336.0000 (base: 1374.9668, kd: 8737.9229), Elapsed: train 2.56 test 0.37 *
09/05/2026,03:19:50: 	Recall@10: 0.02623 Recall@20: 0.03291 NDCG@10: 0.01633 NDCG@20: 0.01809 
09/05/2026,03:19:50: 	Recall@10: 0.00929 Recall@20: 0.01045 NDCG@10: 0.00530 NDCG@20: 0.00567 
09/05/2026,03:19:50: Epoch [6/1000]
09/05/2026,03:19:50: Negative sampling...
09/05/2026,03:19:51: Model's personal time...
09/05/2026,03:19:51: Training...
09/05/2026,03:19:53: Evaluating...
09/05/2026,03:19:53: 	Train Loss: 4342593.0000 (base: 1368.3756, kd: 8682.4492), Elapsed: train 2.75 test 0.37 *
09/05/2026,03:19:53: 	Recall@10: 0.02656 Recall@20: 0.03267 NDCG@10: 0.01658 NDCG@20: 0.01820 
09/05/2026,03:19:53: 	Recall@10: 0.00929 Recall@20: 0.01049 NDCG@10: 0.00525 NDCG@20: 0.00559 
09/05/2026,03:19:53: Epoch [7/1000]
09/05/2026,03:19:53: Negative sampling...
09/05/2026,03:19:55: Model's personal time...
09/05/2026,03:19:55: Training...
09/05/2026,03:19:56: Evaluating...
09/05/2026,03:19:56: 	Train Loss: 4323249.0000 (base: 1360.7822, kd: 8643.7764), Elapsed: train 2.75 test 0.33
09/05/2026,03:19:56: 	Recall@10: 0.02594 Recall@20: 0.03332 NDCG@10: 0.01557 NDCG@20: 0.01753 
09/05/2026,03:19:56: 	Recall@10: 0.00908 Recall@20: 0.01078 NDCG@10: 0.00508 NDCG@20: 0.00555 
09/05/2026,03:19:56: Epoch [8/1000]
09/05/2026,03:19:56: Negative sampling...
09/05/2026,03:19:58: Model's personal time...
09/05/2026,03:19:58: Training...
09/05/2026,03:19:59: Evaluating...
09/05/2026,03:20:00: 	Train Loss: 4294153.5000 (base: 1352.4891, kd: 8585.6025), Elapsed: train 2.81 test 0.50 *
09/05/2026,03:20:00: 	Recall@10: 0.02782 Recall@20: 0.03497 NDCG@10: 0.01651 NDCG@20: 0.01848 
09/05/2026,03:20:00: 	Recall@10: 0.01010 Recall@20: 0.01171 NDCG@10: 0.00572 NDCG@20: 0.00620 
09/05/2026,03:20:00: Epoch [9/1000]
09/05/2026,03:20:00: Negative sampling...
09/05/2026,03:20:01: Model's personal time...
09/05/2026,03:20:01: Training...
09/05/2026,03:20:02: Evaluating...
09/05/2026,03:20:03: 	Train Loss: 4280815.0000 (base: 1344.8330, kd: 8558.9404), Elapsed: train 2.47 test 0.53
09/05/2026,03:20:03: 	Recall@10: 0.02805 Recall@20: 0.03449 NDCG@10: 0.01665 NDCG@20: 0.01839 
09/05/2026,03:20:03: 	Recall@10: 0.00949 Recall@20: 0.01138 NDCG@10: 0.00541 NDCG@20: 0.00595 
09/05/2026,03:20:03: Epoch [10/1000]
09/05/2026,03:20:03: Negative sampling...
09/05/2026,03:20:04: Model's personal time...
09/05/2026,03:20:04: Training...
09/05/2026,03:20:05: Evaluating...
09/05/2026,03:20:06: 	Train Loss: 4247916.5000 (base: 1336.4955, kd: 8493.1602), Elapsed: train 2.84 test 0.29
09/05/2026,03:20:06: 	Recall@10: 0.02914 Recall@20: 0.03393 NDCG@10: 0.01712 NDCG@20: 0.01842 
09/05/2026,03:20:06: 	Recall@10: 0.00994 Recall@20: 0.01212 NDCG@10: 0.00543 NDCG@20: 0.00604 
09/05/2026,03:20:06: Epoch [11/1000]
09/05/2026,03:20:06: Negative sampling...
09/05/2026,03:20:07: Model's personal time...
09/05/2026,03:20:07: Training...
09/05/2026,03:20:09: Evaluating...
09/05/2026,03:20:09: 	Train Loss: 4232973.5000 (base: 1328.3950, kd: 8463.2910), Elapsed: train 2.96 test 0.35 *
09/05/2026,03:20:09: 	Recall@10: 0.02890 Recall@20: 0.03698 NDCG@10: 0.01690 NDCG@20: 0.01915 
09/05/2026,03:20:09: 	Recall@10: 0.01033 Recall@20: 0.01249 NDCG@10: 0.00566 NDCG@20: 0.00630 
09/05/2026,03:20:09: Epoch [12/1000]
09/05/2026,03:20:09: Negative sampling...
09/05/2026,03:20:10: Model's personal time...
09/05/2026,03:20:10: Training...
09/05/2026,03:20:12: Evaluating...
09/05/2026,03:20:12: 	Train Loss: 4206397.5000 (base: 1319.4731, kd: 8410.1562), Elapsed: train 2.66 test 0.40
09/05/2026,03:20:12: 	Recall@10: 0.02915 Recall@20: 0.03625 NDCG@10: 0.01680 NDCG@20: 0.01878 
09/05/2026,03:20:12: 	Recall@10: 0.01017 Recall@20: 0.01272 NDCG@10: 0.00544 NDCG@20: 0.00616 
09/05/2026,03:20:12: Epoch [13/1000]
09/05/2026,03:20:12: Negative sampling...
09/05/2026,03:20:13: Model's personal time...
09/05/2026,03:20:13: Training...
09/05/2026,03:20:15: Evaluating...
09/05/2026,03:20:15: 	Train Loss: 4187165.2500 (base: 1311.1718, kd: 8371.7080), Elapsed: train 2.66 test 0.43
09/05/2026,03:20:15: 	Recall@10: 0.02844 Recall@20: 0.03752 NDCG@10: 0.01653 NDCG@20: 0.01904 
09/05/2026,03:20:15: 	Recall@10: 0.00975 Recall@20: 0.01416 NDCG@10: 0.00524 NDCG@20: 0.00646 
09/05/2026,03:20:15: Epoch [14/1000]
09/05/2026,03:20:15: Negative sampling...
09/05/2026,03:20:17: Model's personal time...
09/05/2026,03:20:17: Training...
09/05/2026,03:20:18: Evaluating...
09/05/2026,03:20:18: 	Train Loss: 4171619.2500 (base: 1302.7052, kd: 8340.6328), Elapsed: train 2.75 test 0.35 *
09/05/2026,03:20:18: 	Recall@10: 0.02957 Recall@20: 0.03833 NDCG@10: 0.01723 NDCG@20: 0.01967 
09/05/2026,03:20:18: 	Recall@10: 0.00953 Recall@20: 0.01446 NDCG@10: 0.00512 NDCG@20: 0.00649 
09/05/2026,03:20:18: Epoch [15/1000]
09/05/2026,03:20:18: Negative sampling...
09/05/2026,03:20:20: Model's personal time...
09/05/2026,03:20:20: Training...
09/05/2026,03:20:21: Evaluating...
09/05/2026,03:20:21: 	Train Loss: 4153215.0000 (base: 1293.2028, kd: 8303.8438), Elapsed: train 2.61 test 0.29 *
09/05/2026,03:20:21: 	Recall@10: 0.02943 Recall@20: 0.03894 NDCG@10: 0.01745 NDCG@20: 0.02000 
09/05/2026,03:20:21: 	Recall@10: 0.00967 Recall@20: 0.01523 NDCG@10: 0.00531 NDCG@20: 0.00684 
09/05/2026,03:20:21: Epoch [16/1000]
09/05/2026,03:20:21: Negative sampling...
09/05/2026,03:20:22: Model's personal time...
09/05/2026,03:20:22: Training...
09/05/2026,03:20:24: Evaluating...
09/05/2026,03:20:24: 	Train Loss: 4139658.0000 (base: 1283.4520, kd: 8276.7490), Elapsed: train 2.72 test 0.30 *
09/05/2026,03:20:24: 	Recall@10: 0.02974 Recall@20: 0.04261 NDCG@10: 0.01765 NDCG@20: 0.02113 
09/05/2026,03:20:24: 	Recall@10: 0.00982 Recall@20: 0.01621 NDCG@10: 0.00520 NDCG@20: 0.00695 
09/05/2026,03:20:24: Epoch [17/1000]
09/05/2026,03:20:24: Negative sampling...
09/05/2026,03:20:26: Model's personal time...
09/05/2026,03:20:26: Training...
09/05/2026,03:20:27: Evaluating...
09/05/2026,03:20:27: 	Train Loss: 4125458.5000 (base: 1273.2999, kd: 8248.3701), Elapsed: train 2.76 test 0.44
09/05/2026,03:20:27: 	Recall@10: 0.02900 Recall@20: 0.04243 NDCG@10: 0.01713 NDCG@20: 0.02076 
09/05/2026,03:20:27: 	Recall@10: 0.01030 Recall@20: 0.01662 NDCG@10: 0.00541 NDCG@20: 0.00715 
09/05/2026,03:20:27: Epoch [18/1000]
09/05/2026,03:20:27: Negative sampling...
09/05/2026,03:20:29: Model's personal time...
09/05/2026,03:20:29: Training...
09/05/2026,03:20:30: Evaluating...
09/05/2026,03:20:30: 	Train Loss: 4120375.5000 (base: 1262.9336, kd: 8238.2246), Elapsed: train 2.64 test 0.33
09/05/2026,03:20:30: 	Recall@10: 0.02929 Recall@20: 0.04361 NDCG@10: 0.01712 NDCG@20: 0.02094 
09/05/2026,03:20:30: 	Recall@10: 0.01043 Recall@20: 0.01679 NDCG@10: 0.00577 NDCG@20: 0.00748 
09/05/2026,03:20:30: Epoch [19/1000]
09/05/2026,03:20:30: Negative sampling...
09/05/2026,03:20:32: Model's personal time...
09/05/2026,03:20:32: Training...
09/05/2026,03:20:33: Evaluating...
09/05/2026,03:20:34: 	Train Loss: 4101104.5000 (base: 1252.4069, kd: 8199.7041), Elapsed: train 2.95 test 0.40 *
09/05/2026,03:20:34: 	Recall@10: 0.02983 Recall@20: 0.04436 NDCG@10: 0.01748 NDCG@20: 0.02133 
09/05/2026,03:20:34: 	Recall@10: 0.01020 Recall@20: 0.01744 NDCG@10: 0.00561 NDCG@20: 0.00757 
09/05/2026,03:20:34: Epoch [20/1000]
09/05/2026,03:20:34: Negative sampling...
09/05/2026,03:20:35: Model's personal time...
09/05/2026,03:20:35: Training...
09/05/2026,03:20:37: Evaluating...
09/05/2026,03:20:37: 	Train Loss: 4093871.2500 (base: 1242.2686, kd: 8185.2573), Elapsed: train 3.06 test 0.53 *
09/05/2026,03:20:37: 	Recall@10: 0.02953 Recall@20: 0.04413 NDCG@10: 0.01792 NDCG@20: 0.02178 
09/05/2026,03:20:37: 	Recall@10: 0.01005 Recall@20: 0.01747 NDCG@10: 0.00549 NDCG@20: 0.00748 
09/05/2026,03:20:37: Epoch [21/1000]
09/05/2026,03:20:37: Negative sampling...
09/05/2026,03:20:39: Model's personal time...
09/05/2026,03:20:39: Training...
09/05/2026,03:20:40: Evaluating...
09/05/2026,03:20:40: 	Train Loss: 4091352.0000 (base: 1231.3438, kd: 8180.2407), Elapsed: train 2.75 test 0.42
09/05/2026,03:20:40: 	Recall@10: 0.02944 Recall@20: 0.04474 NDCG@10: 0.01760 NDCG@20: 0.02176 
09/05/2026,03:20:40: 	Recall@10: 0.00933 Recall@20: 0.01816 NDCG@10: 0.00516 NDCG@20: 0.00753 
09/05/2026,03:20:40: Epoch [22/1000]
09/05/2026,03:20:40: Negative sampling...
09/05/2026,03:20:42: Model's personal time...
09/05/2026,03:20:42: Training...
09/05/2026,03:20:43: Evaluating...
09/05/2026,03:20:44: 	Train Loss: 4081588.7500 (base: 1220.9161, kd: 8160.7358), Elapsed: train 2.72 test 0.47 *
09/05/2026,03:20:44: 	Recall@10: 0.02998 Recall@20: 0.04487 NDCG@10: 0.01824 NDCG@20: 0.02226 
09/05/2026,03:20:44: 	Recall@10: 0.00975 Recall@20: 0.01796 NDCG@10: 0.00576 NDCG@20: 0.00798 
09/05/2026,03:20:44: Epoch [23/1000]
09/05/2026,03:20:44: Negative sampling...
09/05/2026,03:20:45: Model's personal time...
09/05/2026,03:20:45: Training...
09/05/2026,03:20:46: Evaluating...
09/05/2026,03:20:47: 	Train Loss: 4070783.2500 (base: 1210.0494, kd: 8139.1465), Elapsed: train 2.91 test 0.44 *
09/05/2026,03:20:47: 	Recall@10: 0.02902 Recall@20: 0.04509 NDCG@10: 0.01832 NDCG@20: 0.02267 
09/05/2026,03:20:47: 	Recall@10: 0.00983 Recall@20: 0.01790 NDCG@10: 0.00570 NDCG@20: 0.00790 
09/05/2026,03:20:47: Epoch [24/1000]
09/05/2026,03:20:47: Negative sampling...
09/05/2026,03:20:48: Model's personal time...
09/05/2026,03:20:48: Training...
09/05/2026,03:20:50: Evaluating...
09/05/2026,03:20:50: 	Train Loss: 4064696.7500 (base: 1199.6616, kd: 8126.9946), Elapsed: train 2.74 test 0.33 *
09/05/2026,03:20:50: 	Recall@10: 0.02978 Recall@20: 0.04505 NDCG@10: 0.01852 NDCG@20: 0.02270 
09/05/2026,03:20:50: 	Recall@10: 0.00973 Recall@20: 0.01777 NDCG@10: 0.00571 NDCG@20: 0.00793 
09/05/2026,03:20:50: Epoch [25/1000]
09/05/2026,03:20:50: Negative sampling...
09/05/2026,03:20:52: Model's personal time...
09/05/2026,03:20:52: Training...
09/05/2026,03:20:53: Evaluating...
09/05/2026,03:20:53: 	Train Loss: 4050926.0000 (base: 1188.1910, kd: 8099.4751), Elapsed: train 2.66 test 0.51 *
09/05/2026,03:20:53: 	Recall@10: 0.03072 Recall@20: 0.04584 NDCG@10: 0.01901 NDCG@20: 0.02310 
09/05/2026,03:20:53: 	Recall@10: 0.01033 Recall@20: 0.01808 NDCG@10: 0.00574 NDCG@20: 0.00789 
09/05/2026,03:20:53: Epoch [26/1000]
09/05/2026,03:20:53: Negative sampling...
09/05/2026,03:20:55: Model's personal time...
09/05/2026,03:20:55: Training...
09/05/2026,03:20:56: Evaluating...
09/05/2026,03:20:56: 	Train Loss: 4047465.0000 (base: 1177.6274, kd: 8092.5752), Elapsed: train 2.90 test 0.40 *
09/05/2026,03:20:56: 	Recall@10: 0.03141 Recall@20: 0.04586 NDCG@10: 0.01967 NDCG@20: 0.02363 
09/05/2026,03:20:56: 	Recall@10: 0.01053 Recall@20: 0.01811 NDCG@10: 0.00595 NDCG@20: 0.00805 
09/05/2026,03:20:56: Epoch [27/1000]
09/05/2026,03:20:56: Negative sampling...
09/05/2026,03:20:58: Model's personal time...
09/05/2026,03:20:58: Training...
09/05/2026,03:20:59: Evaluating...
09/05/2026,03:21:00: 	Train Loss: 4043906.7500 (base: 1167.9402, kd: 8085.4780), Elapsed: train 2.86 test 0.49
09/05/2026,03:21:00: 	Recall@10: 0.03019 Recall@20: 0.04525 NDCG@10: 0.01881 NDCG@20: 0.02292 
09/05/2026,03:21:00: 	Recall@10: 0.01047 Recall@20: 0.01776 NDCG@10: 0.00588 NDCG@20: 0.00793 
09/05/2026,03:21:00: Epoch [28/1000]
09/05/2026,03:21:00: Negative sampling...
09/05/2026,03:21:01: Model's personal time...
09/05/2026,03:21:01: Training...
09/05/2026,03:21:02: Evaluating...
09/05/2026,03:21:03: 	Train Loss: 4036913.0000 (base: 1157.9014, kd: 8071.5103), Elapsed: train 2.65 test 0.33 *
09/05/2026,03:21:03: 	Recall@10: 0.03146 Recall@20: 0.04621 NDCG@10: 0.02003 NDCG@20: 0.02408 
09/05/2026,03:21:03: 	Recall@10: 0.01058 Recall@20: 0.01759 NDCG@10: 0.00597 NDCG@20: 0.00793 
09/05/2026,03:21:03: Epoch [29/1000]
09/05/2026,03:21:03: Negative sampling...
09/05/2026,03:21:04: Model's personal time...
09/05/2026,03:21:04: Training...
09/05/2026,03:21:05: Evaluating...
09/05/2026,03:21:06: 	Train Loss: 4032008.7500 (base: 1147.5979, kd: 8061.7222), Elapsed: train 2.55 test 0.50
09/05/2026,03:21:06: 	Recall@10: 0.03098 Recall@20: 0.04554 NDCG@10: 0.01932 NDCG@20: 0.02339 
09/05/2026,03:21:06: 	Recall@10: 0.00974 Recall@20: 0.01769 NDCG@10: 0.00572 NDCG@20: 0.00796 
09/05/2026,03:21:06: Epoch [30/1000]
09/05/2026,03:21:06: Negative sampling...
09/05/2026,03:21:07: Model's personal time...
09/05/2026,03:21:07: Training...
09/05/2026,03:21:09: Evaluating...
09/05/2026,03:21:09: 	Train Loss: 4026726.5000 (base: 1139.0366, kd: 8051.1748), Elapsed: train 2.65 test 0.33 *
09/05/2026,03:21:09: 	Recall@10: 0.03139 Recall@20: 0.04701 NDCG@10: 0.01992 NDCG@20: 0.02422 
09/05/2026,03:21:09: 	Recall@10: 0.01058 Recall@20: 0.01785 NDCG@10: 0.00615 NDCG@20: 0.00822 
09/05/2026,03:21:09: Epoch [31/1000]
09/05/2026,03:21:09: Negative sampling...
09/05/2026,03:21:10: Model's personal time...
09/05/2026,03:21:10: Training...
09/05/2026,03:21:12: Evaluating...
09/05/2026,03:21:12: 	Train Loss: 4017581.0000 (base: 1128.7400, kd: 8032.9048), Elapsed: train 2.75 test 0.49
09/05/2026,03:21:12: 	Recall@10: 0.03128 Recall@20: 0.04669 NDCG@10: 0.01989 NDCG@20: 0.02414 
09/05/2026,03:21:12: 	Recall@10: 0.00964 Recall@20: 0.01781 NDCG@10: 0.00576 NDCG@20: 0.00806 
09/05/2026,03:21:12: Epoch [32/1000]
09/05/2026,03:21:12: Negative sampling...
09/05/2026,03:21:14: Model's personal time...
09/05/2026,03:21:14: Training...
09/05/2026,03:21:15: Evaluating...
09/05/2026,03:21:15: 	Train Loss: 4017472.5000 (base: 1119.1515, kd: 8032.7065), Elapsed: train 2.90 test 0.43
09/05/2026,03:21:15: 	Recall@10: 0.03172 Recall@20: 0.04668 NDCG@10: 0.01996 NDCG@20: 0.02410 
09/05/2026,03:21:15: 	Recall@10: 0.01031 Recall@20: 0.01825 NDCG@10: 0.00606 NDCG@20: 0.00833 
09/05/2026,03:21:15: Epoch [33/1000]
09/05/2026,03:21:15: Negative sampling...
09/05/2026,03:21:17: Model's personal time...
09/05/2026,03:21:17: Training...
09/05/2026,03:21:18: Evaluating...
09/05/2026,03:21:19: 	Train Loss: 4009242.7500 (base: 1111.2284, kd: 8016.2627), Elapsed: train 2.73 test 0.38 *
09/05/2026,03:21:19: 	Recall@10: 0.03196 Recall@20: 0.04697 NDCG@10: 0.02027 NDCG@20: 0.02443 
09/05/2026,03:21:19: 	Recall@10: 0.01069 Recall@20: 0.01811 NDCG@10: 0.00633 NDCG@20: 0.00842 
09/05/2026,03:21:19: Epoch [34/1000]
09/05/2026,03:21:19: Negative sampling...
09/05/2026,03:21:20: Model's personal time...
09/05/2026,03:21:20: Training...
09/05/2026,03:21:21: Evaluating...
09/05/2026,03:21:22: 	Train Loss: 4003109.2500 (base: 1101.1072, kd: 8004.0166), Elapsed: train 2.70 test 0.32 *
09/05/2026,03:21:22: 	Recall@10: 0.03311 Recall@20: 0.04799 NDCG@10: 0.02088 NDCG@20: 0.02497 
09/05/2026,03:21:22: 	Recall@10: 0.01084 Recall@20: 0.01753 NDCG@10: 0.00604 NDCG@20: 0.00799 
09/05/2026,03:21:22: Epoch [35/1000]
09/05/2026,03:21:22: Negative sampling...
09/05/2026,03:21:23: Model's personal time...
09/05/2026,03:21:23: Training...
09/05/2026,03:21:24: Evaluating...
09/05/2026,03:21:24: 	Train Loss: 4002080.0000 (base: 1092.5859, kd: 8001.9741), Elapsed: train 2.59 test 0.29
09/05/2026,03:21:24: 	Recall@10: 0.03194 Recall@20: 0.04779 NDCG@10: 0.02019 NDCG@20: 0.02458 
09/05/2026,03:21:24: 	Recall@10: 0.01134 Recall@20: 0.01777 NDCG@10: 0.00623 NDCG@20: 0.00811 
09/05/2026,03:21:24: Epoch [36/1000]
09/05/2026,03:21:24: Negative sampling...
09/05/2026,03:21:26: Model's personal time...
09/05/2026,03:21:26: Training...
09/05/2026,03:21:27: Evaluating...
09/05/2026,03:21:28: 	Train Loss: 3994060.0000 (base: 1083.3950, kd: 7985.9526), Elapsed: train 2.67 test 0.48 *
09/05/2026,03:21:28: 	Recall@10: 0.03254 Recall@20: 0.04815 NDCG@10: 0.02095 NDCG@20: 0.02525 
09/05/2026,03:21:28: 	Recall@10: 0.01164 Recall@20: 0.01773 NDCG@10: 0.00653 NDCG@20: 0.00831 
09/05/2026,03:21:28: Epoch [37/1000]
09/05/2026,03:21:28: Negative sampling...
09/05/2026,03:21:29: Model's personal time...
09/05/2026,03:21:29: Training...
09/05/2026,03:21:30: Evaluating...
09/05/2026,03:21:31: 	Train Loss: 3993912.5000 (base: 1074.5708, kd: 7985.6758), Elapsed: train 2.61 test 0.51 *
09/05/2026,03:21:31: 	Recall@10: 0.03300 Recall@20: 0.04870 NDCG@10: 0.02102 NDCG@20: 0.02538 
09/05/2026,03:21:31: 	Recall@10: 0.01143 Recall@20: 0.01811 NDCG@10: 0.00643 NDCG@20: 0.00835 
09/05/2026,03:21:31: Epoch [38/1000]
09/05/2026,03:21:31: Negative sampling...
09/05/2026,03:21:32: Model's personal time...
09/05/2026,03:21:32: Training...
09/05/2026,03:21:33: Evaluating...
09/05/2026,03:21:34: 	Train Loss: 3988391.7500 (base: 1067.0077, kd: 7974.6499), Elapsed: train 2.54 test 0.68
09/05/2026,03:21:34: 	Recall@10: 0.03278 Recall@20: 0.04881 NDCG@10: 0.02077 NDCG@20: 0.02520 
09/05/2026,03:21:34: 	Recall@10: 0.01160 Recall@20: 0.01787 NDCG@10: 0.00643 NDCG@20: 0.00824 
09/05/2026,03:21:34: Epoch [39/1000]
09/05/2026,03:21:34: Negative sampling...
09/05/2026,03:21:35: Model's personal time...
09/05/2026,03:21:35: Training...
09/05/2026,03:21:37: Evaluating...
09/05/2026,03:21:37: 	Train Loss: 3987667.2500 (base: 1058.1772, kd: 7973.2178), Elapsed: train 2.79 test 0.42 *
09/05/2026,03:21:37: 	Recall@10: 0.03405 Recall@20: 0.04932 NDCG@10: 0.02155 NDCG@20: 0.02576 
09/05/2026,03:21:37: 	Recall@10: 0.01161 Recall@20: 0.01782 NDCG@10: 0.00649 NDCG@20: 0.00828 
09/05/2026,03:21:37: Epoch [40/1000]
09/05/2026,03:21:37: Negative sampling...
09/05/2026,03:21:39: Model's personal time...
09/05/2026,03:21:39: Training...
09/05/2026,03:21:40: Evaluating...
09/05/2026,03:21:40: 	Train Loss: 3982917.2500 (base: 1050.5670, kd: 7963.7334), Elapsed: train 2.82 test 0.34
09/05/2026,03:21:40: 	Recall@10: 0.03351 Recall@20: 0.04833 NDCG@10: 0.02119 NDCG@20: 0.02533 
09/05/2026,03:21:40: 	Recall@10: 0.01257 Recall@20: 0.01912 NDCG@10: 0.00689 NDCG@20: 0.00876 
09/05/2026,03:21:40: Epoch [41/1000]
09/05/2026,03:21:40: Negative sampling...
09/05/2026,03:21:42: Model's personal time...
09/05/2026,03:21:42: Training...
09/05/2026,03:21:43: Evaluating...
09/05/2026,03:21:43: 	Train Loss: 3974814.5000 (base: 1042.2284, kd: 7947.5444), Elapsed: train 2.56 test 0.36
09/05/2026,03:21:43: 	Recall@10: 0.03423 Recall@20: 0.04910 NDCG@10: 0.02161 NDCG@20: 0.02572 
09/05/2026,03:21:43: 	Recall@10: 0.01209 Recall@20: 0.01873 NDCG@10: 0.00668 NDCG@20: 0.00854 
09/05/2026,03:21:43: Epoch [42/1000]
09/05/2026,03:21:43: Negative sampling...
09/05/2026,03:21:45: Model's personal time...
09/05/2026,03:21:45: Training...
09/05/2026,03:21:46: Evaluating...
09/05/2026,03:21:47: 	Train Loss: 3972633.5000 (base: 1035.1685, kd: 7943.1958), Elapsed: train 2.74 test 0.92
09/05/2026,03:21:47: 	Recall@10: 0.03469 Recall@20: 0.04866 NDCG@10: 0.02137 NDCG@20: 0.02526 
09/05/2026,03:21:47: 	Recall@10: 0.01247 Recall@20: 0.01927 NDCG@10: 0.00684 NDCG@20: 0.00873 
09/05/2026,03:21:47: Epoch [43/1000]
09/05/2026,03:21:47: Negative sampling...
09/05/2026,03:21:48: Model's personal time...
09/05/2026,03:21:48: Training...
09/05/2026,03:21:50: Evaluating...
09/05/2026,03:21:50: 	Train Loss: 3970385.0000 (base: 1027.8591, kd: 7938.7144), Elapsed: train 2.88 test 0.40
09/05/2026,03:21:50: 	Recall@10: 0.03503 Recall@20: 0.04997 NDCG@10: 0.02149 NDCG@20: 0.02561 
09/05/2026,03:21:50: 	Recall@10: 0.01257 Recall@20: 0.01965 NDCG@10: 0.00684 NDCG@20: 0.00885 
09/05/2026,03:21:50: Epoch [44/1000]
09/05/2026,03:21:50: Negative sampling...
09/05/2026,03:21:52: Model's personal time...
09/05/2026,03:21:52: Training...
09/05/2026,03:21:53: Evaluating...
09/05/2026,03:21:53: 	Train Loss: 3967925.5000 (base: 1020.8135, kd: 7933.8091), Elapsed: train 2.71 test 0.37 *
09/05/2026,03:21:53: 	Recall@10: 0.03509 Recall@20: 0.04990 NDCG@10: 0.02208 NDCG@20: 0.02618 
09/05/2026,03:21:53: 	Recall@10: 0.01265 Recall@20: 0.01931 NDCG@10: 0.00694 NDCG@20: 0.00882 
09/05/2026,03:21:53: Epoch [45/1000]
09/05/2026,03:21:53: Negative sampling...
09/05/2026,03:21:55: Model's personal time...
09/05/2026,03:21:55: Training...
09/05/2026,03:21:56: Evaluating...
09/05/2026,03:21:56: 	Train Loss: 3964083.5000 (base: 1013.6441, kd: 7926.1401), Elapsed: train 2.63 test 0.43
09/05/2026,03:21:56: 	Recall@10: 0.03524 Recall@20: 0.04998 NDCG@10: 0.02212 NDCG@20: 0.02616 
09/05/2026,03:21:56: 	Recall@10: 0.01247 Recall@20: 0.01935 NDCG@10: 0.00676 NDCG@20: 0.00868 
09/05/2026,03:21:56: Epoch [46/1000]
09/05/2026,03:21:56: Negative sampling...
09/05/2026,03:21:58: Model's personal time...
09/05/2026,03:21:58: Training...
09/05/2026,03:21:59: Evaluating...
09/05/2026,03:21:59: 	Train Loss: 3960777.0000 (base: 1006.7329, kd: 7919.5415), Elapsed: train 2.71 test 0.42
09/05/2026,03:21:59: 	Recall@10: 0.03543 Recall@20: 0.05042 NDCG@10: 0.02203 NDCG@20: 0.02615 
09/05/2026,03:21:59: 	Recall@10: 0.01294 Recall@20: 0.01983 NDCG@10: 0.00705 NDCG@20: 0.00900 
09/05/2026,03:21:59: Epoch [47/1000]
09/05/2026,03:21:59: Negative sampling...
09/05/2026,03:22:01: Model's personal time...
09/05/2026,03:22:01: Training...
09/05/2026,03:22:02: Evaluating...
09/05/2026,03:22:02: 	Train Loss: 3959712.0000 (base: 998.6376, kd: 7917.4272), Elapsed: train 2.52 test 0.41
09/05/2026,03:22:02: 	Recall@10: 0.03589 Recall@20: 0.04969 NDCG@10: 0.02237 NDCG@20: 0.02617 
09/05/2026,03:22:02: 	Recall@10: 0.01283 Recall@20: 0.01954 NDCG@10: 0.00725 NDCG@20: 0.00912 
09/05/2026,03:22:02: Epoch [48/1000]
09/05/2026,03:22:02: Negative sampling...
09/05/2026,03:22:04: Model's personal time...
09/05/2026,03:22:04: Training...
09/05/2026,03:22:05: Evaluating...
09/05/2026,03:22:06: 	Train Loss: 3956358.5000 (base: 993.0798, kd: 7910.7305), Elapsed: train 2.78 test 0.45
09/05/2026,03:22:06: 	Recall@10: 0.03552 Recall@20: 0.05025 NDCG@10: 0.02195 NDCG@20: 0.02601 
09/05/2026,03:22:06: 	Recall@10: 0.01291 Recall@20: 0.02016 NDCG@10: 0.00709 NDCG@20: 0.00910 
09/05/2026,03:22:06: Epoch [49/1000]
09/05/2026,03:22:06: Negative sampling...
09/05/2026,03:22:07: Model's personal time...
09/05/2026,03:22:07: Training...
09/05/2026,03:22:08: Evaluating...
09/05/2026,03:22:09: 	Train Loss: 3952964.5000 (base: 987.7401, kd: 7903.9541), Elapsed: train 2.61 test 0.39 *
09/05/2026,03:22:09: 	Recall@10: 0.03581 Recall@20: 0.05038 NDCG@10: 0.02221 NDCG@20: 0.02625 
09/05/2026,03:22:09: 	Recall@10: 0.01313 Recall@20: 0.01954 NDCG@10: 0.00730 NDCG@20: 0.00910 
09/05/2026,03:22:09: Epoch [50/1000]
09/05/2026,03:22:09: Negative sampling...
09/05/2026,03:22:10: Model's personal time...
09/05/2026,03:22:10: Training...
09/05/2026,03:22:11: Evaluating...
09/05/2026,03:22:12: 	Train Loss: 3947698.5000 (base: 981.0781, kd: 7893.4346), Elapsed: train 2.66 test 0.37 *
09/05/2026,03:22:12: 	Recall@10: 0.03536 Recall@20: 0.05087 NDCG@10: 0.02204 NDCG@20: 0.02630 
09/05/2026,03:22:12: 	Recall@10: 0.01329 Recall@20: 0.01960 NDCG@10: 0.00738 NDCG@20: 0.00916 
09/05/2026,03:22:12: Epoch [51/1000]
09/05/2026,03:22:12: Negative sampling...
09/05/2026,03:22:13: Model's personal time...
09/05/2026,03:22:13: Training...
09/05/2026,03:22:14: Evaluating...
09/05/2026,03:22:15: 	Train Loss: 3946821.2500 (base: 973.1952, kd: 7891.6958), Elapsed: train 2.81 test 0.36 *
09/05/2026,03:22:15: 	Recall@10: 0.03661 Recall@20: 0.05272 NDCG@10: 0.02283 NDCG@20: 0.02721 
09/05/2026,03:22:15: 	Recall@10: 0.01303 Recall@20: 0.01983 NDCG@10: 0.00733 NDCG@20: 0.00925 
09/05/2026,03:22:15: Epoch [52/1000]
09/05/2026,03:22:15: Negative sampling...
09/05/2026,03:22:16: Model's personal time...
09/05/2026,03:22:16: Training...
09/05/2026,03:22:18: Evaluating...
09/05/2026,03:22:18: 	Train Loss: 3945487.0000 (base: 969.6686, kd: 7889.0352), Elapsed: train 2.93 test 0.30
09/05/2026,03:22:18: 	Recall@10: 0.03626 Recall@20: 0.05247 NDCG@10: 0.02266 NDCG@20: 0.02701 
09/05/2026,03:22:18: 	Recall@10: 0.01311 Recall@20: 0.01998 NDCG@10: 0.00727 NDCG@20: 0.00919 
09/05/2026,03:22:18: Epoch [53/1000]
09/05/2026,03:22:18: Negative sampling...
09/05/2026,03:22:19: Model's personal time...
09/05/2026,03:22:19: Training...
09/05/2026,03:22:21: Evaluating...
09/05/2026,03:22:21: 	Train Loss: 3939464.7500 (base: 964.1719, kd: 7877.0010), Elapsed: train 2.68 test 0.33
09/05/2026,03:22:21: 	Recall@10: 0.03595 Recall@20: 0.05219 NDCG@10: 0.02230 NDCG@20: 0.02672 
09/05/2026,03:22:21: 	Recall@10: 0.01324 Recall@20: 0.01950 NDCG@10: 0.00727 NDCG@20: 0.00904 
09/05/2026,03:22:21: Epoch [54/1000]
09/05/2026,03:22:21: Negative sampling...
09/05/2026,03:22:22: Model's personal time...
09/05/2026,03:22:22: Training...
09/05/2026,03:22:24: Evaluating...
09/05/2026,03:22:24: 	Train Loss: 3941720.7500 (base: 957.4293, kd: 7881.5269), Elapsed: train 2.53 test 0.45
09/05/2026,03:22:24: 	Recall@10: 0.03587 Recall@20: 0.05244 NDCG@10: 0.02203 NDCG@20: 0.02652 
09/05/2026,03:22:24: 	Recall@10: 0.01333 Recall@20: 0.02052 NDCG@10: 0.00734 NDCG@20: 0.00935 
09/05/2026,03:22:24: Epoch [55/1000]
09/05/2026,03:22:24: Negative sampling...
09/05/2026,03:22:26: Model's personal time...
09/05/2026,03:22:26: Training...
09/05/2026,03:22:27: Evaluating...
09/05/2026,03:22:27: 	Train Loss: 3937652.2500 (base: 953.0491, kd: 7873.3979), Elapsed: train 2.66 test 0.48 *
09/05/2026,03:22:27: 	Recall@10: 0.03647 Recall@20: 0.05373 NDCG@10: 0.02258 NDCG@20: 0.02724 
09/05/2026,03:22:27: 	Recall@10: 0.01351 Recall@20: 0.02023 NDCG@10: 0.00751 NDCG@20: 0.00941 
09/05/2026,03:22:27: Epoch [56/1000]
09/05/2026,03:22:27: Negative sampling...
09/05/2026,03:22:29: Model's personal time...
09/05/2026,03:22:29: Training...
09/05/2026,03:22:30: Evaluating...
09/05/2026,03:22:30: 	Train Loss: 3936507.2500 (base: 946.5540, kd: 7871.1221), Elapsed: train 2.93 test 0.34
09/05/2026,03:22:30: 	Recall@10: 0.03578 Recall@20: 0.05313 NDCG@10: 0.02235 NDCG@20: 0.02702 
09/05/2026,03:22:30: 	Recall@10: 0.01381 Recall@20: 0.02036 NDCG@10: 0.00760 NDCG@20: 0.00946 
09/05/2026,03:22:30: Epoch [57/1000]
09/05/2026,03:22:30: Negative sampling...
09/05/2026,03:22:32: Model's personal time...
09/05/2026,03:22:32: Training...
09/05/2026,03:22:33: Evaluating...
09/05/2026,03:22:34: 	Train Loss: 3933947.2500 (base: 941.5740, kd: 7866.0112), Elapsed: train 2.91 test 0.35 *
09/05/2026,03:22:34: 	Recall@10: 0.03670 Recall@20: 0.05363 NDCG@10: 0.02280 NDCG@20: 0.02741 
09/05/2026,03:22:34: 	Recall@10: 0.01370 Recall@20: 0.02062 NDCG@10: 0.00772 NDCG@20: 0.00966 
09/05/2026,03:22:34: Epoch [58/1000]
09/05/2026,03:22:34: Negative sampling...
09/05/2026,03:22:35: Model's personal time...
09/05/2026,03:22:35: Training...
09/05/2026,03:22:36: Evaluating...
09/05/2026,03:22:37: 	Train Loss: 3932156.7500 (base: 938.2892, kd: 7862.4375), Elapsed: train 2.61 test 0.32
09/05/2026,03:22:37: 	Recall@10: 0.03593 Recall@20: 0.05260 NDCG@10: 0.02251 NDCG@20: 0.02710 
09/05/2026,03:22:37: 	Recall@10: 0.01380 Recall@20: 0.01964 NDCG@10: 0.00762 NDCG@20: 0.00928 
09/05/2026,03:22:37: Epoch [59/1000]
09/05/2026,03:22:37: Negative sampling...
09/05/2026,03:22:38: Model's personal time...
09/05/2026,03:22:38: Training...
09/05/2026,03:22:39: Evaluating...
09/05/2026,03:22:40: 	Train Loss: 3930364.2500 (base: 933.7238, kd: 7858.8613), Elapsed: train 2.68 test 0.31
09/05/2026,03:22:40: 	Recall@10: 0.03651 Recall@20: 0.05253 NDCG@10: 0.02291 NDCG@20: 0.02727 
09/05/2026,03:22:40: 	Recall@10: 0.01359 Recall@20: 0.01936 NDCG@10: 0.00766 NDCG@20: 0.00930 
09/05/2026,03:22:40: Epoch [60/1000]
09/05/2026,03:22:40: Negative sampling...
09/05/2026,03:22:41: Model's personal time...
09/05/2026,03:22:41: Training...
09/05/2026,03:22:42: Evaluating...
09/05/2026,03:22:43: 	Train Loss: 3925814.7500 (base: 926.5665, kd: 7849.7769), Elapsed: train 2.60 test 0.48 *
09/05/2026,03:22:43: 	Recall@10: 0.03685 Recall@20: 0.05350 NDCG@10: 0.02288 NDCG@20: 0.02745 
09/05/2026,03:22:43: 	Recall@10: 0.01371 Recall@20: 0.01995 NDCG@10: 0.00810 NDCG@20: 0.00986 
09/05/2026,03:22:43: Epoch [61/1000]
09/05/2026,03:22:43: Negative sampling...
09/05/2026,03:22:44: Model's personal time...
09/05/2026,03:22:44: Training...
09/05/2026,03:22:45: Evaluating...
09/05/2026,03:22:46: 	Train Loss: 3924342.0000 (base: 922.7864, kd: 7846.8384), Elapsed: train 2.59 test 0.34
09/05/2026,03:22:46: 	Recall@10: 0.03627 Recall@20: 0.05253 NDCG@10: 0.02276 NDCG@20: 0.02721 
09/05/2026,03:22:46: 	Recall@10: 0.01380 Recall@20: 0.02006 NDCG@10: 0.00772 NDCG@20: 0.00947 
09/05/2026,03:22:46: Epoch [62/1000]
09/05/2026,03:22:46: Negative sampling...
09/05/2026,03:22:47: Model's personal time...
09/05/2026,03:22:47: Training...
09/05/2026,03:22:48: Evaluating...
09/05/2026,03:22:49: 	Train Loss: 3925249.5000 (base: 918.0347, kd: 7848.6631), Elapsed: train 2.70 test 0.32 *
09/05/2026,03:22:49: 	Recall@10: 0.03643 Recall@20: 0.05417 NDCG@10: 0.02289 NDCG@20: 0.02778 
09/05/2026,03:22:49: 	Recall@10: 0.01361 Recall@20: 0.01931 NDCG@10: 0.00781 NDCG@20: 0.00943 
09/05/2026,03:22:49: Epoch [63/1000]
09/05/2026,03:22:49: Negative sampling...
09/05/2026,03:22:50: Model's personal time...
09/05/2026,03:22:50: Training...
09/05/2026,03:22:51: Evaluating...
09/05/2026,03:22:52: 	Train Loss: 3923362.5000 (base: 913.6685, kd: 7844.8979), Elapsed: train 2.56 test 0.41
09/05/2026,03:22:52: 	Recall@10: 0.03695 Recall@20: 0.05352 NDCG@10: 0.02312 NDCG@20: 0.02764 
09/05/2026,03:22:52: 	Recall@10: 0.01381 Recall@20: 0.01996 NDCG@10: 0.00784 NDCG@20: 0.00958 
09/05/2026,03:22:52: Epoch [64/1000]
09/05/2026,03:22:52: Negative sampling...
09/05/2026,03:22:53: Model's personal time...
09/05/2026,03:22:53: Training...
09/05/2026,03:22:54: Evaluating...
09/05/2026,03:22:54: 	Train Loss: 3919586.2500 (base: 907.6403, kd: 7837.3569), Elapsed: train 2.53 test 0.29
09/05/2026,03:22:54: 	Recall@10: 0.03560 Recall@20: 0.05285 NDCG@10: 0.02255 NDCG@20: 0.02729 
09/05/2026,03:22:54: 	Recall@10: 0.01380 Recall@20: 0.02052 NDCG@10: 0.00781 NDCG@20: 0.00968 
09/05/2026,03:22:54: Epoch [65/1000]
09/05/2026,03:22:54: Negative sampling...
09/05/2026,03:22:56: Model's personal time...
09/05/2026,03:22:56: Training...
09/05/2026,03:22:57: Evaluating...
09/05/2026,03:22:57: 	Train Loss: 3917550.2500 (base: 902.5798, kd: 7833.2959), Elapsed: train 2.42 test 0.40
09/05/2026,03:22:57: 	Recall@10: 0.03622 Recall@20: 0.05376 NDCG@10: 0.02291 NDCG@20: 0.02771 
09/05/2026,03:22:57: 	Recall@10: 0.01387 Recall@20: 0.02095 NDCG@10: 0.00800 NDCG@20: 0.00997 
09/05/2026,03:22:57: Epoch [66/1000]
09/05/2026,03:22:57: Negative sampling...
09/05/2026,03:22:59: Model's personal time...
09/05/2026,03:22:59: Training...
09/05/2026,03:23:00: Evaluating...
09/05/2026,03:23:00: 	Train Loss: 3919716.2500 (base: 900.6318, kd: 7837.6304), Elapsed: train 2.69 test 0.33 *
09/05/2026,03:23:00: 	Recall@10: 0.03669 Recall@20: 0.05415 NDCG@10: 0.02326 NDCG@20: 0.02805 
09/05/2026,03:23:00: 	Recall@10: 0.01387 Recall@20: 0.02034 NDCG@10: 0.00778 NDCG@20: 0.00962 
09/05/2026,03:23:00: Epoch [67/1000]
09/05/2026,03:23:00: Negative sampling...
09/05/2026,03:23:02: Model's personal time...
09/05/2026,03:23:02: Training...
09/05/2026,03:23:03: Evaluating...
09/05/2026,03:23:03: 	Train Loss: 3915869.2500 (base: 897.7957, kd: 7829.9438), Elapsed: train 2.67 test 0.35
09/05/2026,03:23:03: 	Recall@10: 0.03723 Recall@20: 0.05491 NDCG@10: 0.02321 NDCG@20: 0.02800 
09/05/2026,03:23:03: 	Recall@10: 0.01445 Recall@20: 0.02090 NDCG@10: 0.00836 NDCG@20: 0.01015 
09/05/2026,03:23:03: Epoch [68/1000]
09/05/2026,03:23:03: Negative sampling...
09/05/2026,03:23:05: Model's personal time...
09/05/2026,03:23:05: Training...
09/05/2026,03:23:06: Evaluating...
09/05/2026,03:23:06: 	Train Loss: 3914402.2500 (base: 892.9282, kd: 7827.0190), Elapsed: train 2.52 test 0.30
09/05/2026,03:23:06: 	Recall@10: 0.03736 Recall@20: 0.05452 NDCG@10: 0.02334 NDCG@20: 0.02803 
09/05/2026,03:23:06: 	Recall@10: 0.01362 Recall@20: 0.02039 NDCG@10: 0.00808 NDCG@20: 0.00998 
09/05/2026,03:23:06: Epoch [69/1000]
09/05/2026,03:23:06: Negative sampling...
09/05/2026,03:23:07: Model's personal time...
09/05/2026,03:23:07: Training...
09/05/2026,03:23:09: Evaluating...
09/05/2026,03:23:09: 	Train Loss: 3909638.0000 (base: 888.0594, kd: 7817.5005), Elapsed: train 2.57 test 0.31 *
09/05/2026,03:23:09: 	Recall@10: 0.03747 Recall@20: 0.05477 NDCG@10: 0.02354 NDCG@20: 0.02828 
09/05/2026,03:23:09: 	Recall@10: 0.01425 Recall@20: 0.02106 NDCG@10: 0.00822 NDCG@20: 0.01011 
09/05/2026,03:23:09: Epoch [70/1000]
09/05/2026,03:23:09: Negative sampling...
09/05/2026,03:23:10: Model's personal time...
09/05/2026,03:23:10: Training...
09/05/2026,03:23:12: Evaluating...
09/05/2026,03:23:12: 	Train Loss: 3911027.5000 (base: 883.4080, kd: 7820.2881), Elapsed: train 2.64 test 0.29
09/05/2026,03:23:12: 	Recall@10: 0.03666 Recall@20: 0.05416 NDCG@10: 0.02293 NDCG@20: 0.02768 
09/05/2026,03:23:12: 	Recall@10: 0.01434 Recall@20: 0.02032 NDCG@10: 0.00807 NDCG@20: 0.00974 
09/05/2026,03:23:12: Epoch [71/1000]
09/05/2026,03:23:12: Negative sampling...
09/05/2026,03:23:13: Model's personal time...
09/05/2026,03:23:13: Training...
09/05/2026,03:23:15: Evaluating...
09/05/2026,03:23:15: 	Train Loss: 3906914.0000 (base: 885.2328, kd: 7812.0581), Elapsed: train 2.62 test 0.38 *
09/05/2026,03:23:15: 	Recall@10: 0.03758 Recall@20: 0.05576 NDCG@10: 0.02349 NDCG@20: 0.02840 
09/05/2026,03:23:15: 	Recall@10: 0.01425 Recall@20: 0.02076 NDCG@10: 0.00817 NDCG@20: 0.00999 
09/05/2026,03:23:15: Epoch [72/1000]
09/05/2026,03:23:15: Negative sampling...
09/05/2026,03:23:16: Model's personal time...
09/05/2026,03:23:16: Training...
09/05/2026,03:23:18: Evaluating...
09/05/2026,03:23:18: 	Train Loss: 3905326.5000 (base: 878.7867, kd: 7808.8950), Elapsed: train 2.75 test 0.46
09/05/2026,03:23:18: 	Recall@10: 0.03697 Recall@20: 0.05491 NDCG@10: 0.02322 NDCG@20: 0.02816 
09/05/2026,03:23:18: 	Recall@10: 0.01441 Recall@20: 0.02040 NDCG@10: 0.00831 NDCG@20: 0.01000 
09/05/2026,03:23:18: Epoch [73/1000]
09/05/2026,03:23:18: Negative sampling...
09/05/2026,03:23:20: Model's personal time...
09/05/2026,03:23:20: Training...
09/05/2026,03:23:21: Evaluating...
09/05/2026,03:23:21: 	Train Loss: 3905193.0000 (base: 875.8997, kd: 7808.6338), Elapsed: train 2.60 test 0.27 *
09/05/2026,03:23:21: 	Recall@10: 0.03772 Recall@20: 0.05607 NDCG@10: 0.02357 NDCG@20: 0.02856 
09/05/2026,03:23:21: 	Recall@10: 0.01425 Recall@20: 0.02071 NDCG@10: 0.00818 NDCG@20: 0.00998 
09/05/2026,03:23:21: Epoch [74/1000]
09/05/2026,03:23:21: Negative sampling...
09/05/2026,03:23:22: Model's personal time...
09/05/2026,03:23:22: Training...
09/05/2026,03:23:24: Evaluating...
09/05/2026,03:23:24: 	Train Loss: 3909413.7500 (base: 869.8907, kd: 7817.0879), Elapsed: train 2.62 test 0.43 *
09/05/2026,03:23:24: 	Recall@10: 0.03680 Recall@20: 0.05612 NDCG@10: 0.02340 NDCG@20: 0.02868 
09/05/2026,03:23:24: 	Recall@10: 0.01483 Recall@20: 0.02023 NDCG@10: 0.00841 NDCG@20: 0.00994 
09/05/2026,03:23:24: Epoch [75/1000]
09/05/2026,03:23:24: Negative sampling...
09/05/2026,03:23:25: Model's personal time...
09/05/2026,03:23:25: Training...
09/05/2026,03:23:27: Evaluating...
09/05/2026,03:23:27: 	Train Loss: 3904966.5000 (base: 869.9665, kd: 7808.1938), Elapsed: train 2.61 test 0.35
09/05/2026,03:23:27: 	Recall@10: 0.03597 Recall@20: 0.05500 NDCG@10: 0.02277 NDCG@20: 0.02799 
09/05/2026,03:23:27: 	Recall@10: 0.01444 Recall@20: 0.02102 NDCG@10: 0.00836 NDCG@20: 0.01020 
09/05/2026,03:23:27: Epoch [76/1000]
09/05/2026,03:23:27: Negative sampling...
09/05/2026,03:23:28: Model's personal time...
09/05/2026,03:23:28: Training...
09/05/2026,03:23:29: Evaluating...
09/05/2026,03:23:30: 	Train Loss: 3899232.0000 (base: 864.0952, kd: 7796.7358), Elapsed: train 2.46 test 0.42
09/05/2026,03:23:30: 	Recall@10: 0.03679 Recall@20: 0.05555 NDCG@10: 0.02313 NDCG@20: 0.02831 
09/05/2026,03:23:30: 	Recall@10: 0.01418 Recall@20: 0.02036 NDCG@10: 0.00810 NDCG@20: 0.00982 
09/05/2026,03:23:30: Epoch [77/1000]
09/05/2026,03:23:30: Negative sampling...
09/05/2026,03:23:31: Model's personal time...
09/05/2026,03:23:31: Training...
09/05/2026,03:23:32: Evaluating...
09/05/2026,03:23:33: 	Train Loss: 3902731.7500 (base: 863.0708, kd: 7803.7373), Elapsed: train 2.43 test 0.36 *
09/05/2026,03:23:33: 	Recall@10: 0.03748 Recall@20: 0.05732 NDCG@10: 0.02352 NDCG@20: 0.02897 
09/05/2026,03:23:33: 	Recall@10: 0.01501 Recall@20: 0.02061 NDCG@10: 0.00862 NDCG@20: 0.01021 
09/05/2026,03:23:33: Epoch [78/1000]
09/05/2026,03:23:33: Negative sampling...
09/05/2026,03:23:34: Model's personal time...
09/05/2026,03:23:34: Training...
09/05/2026,03:23:35: Evaluating...
09/05/2026,03:23:35: 	Train Loss: 3898191.5000 (base: 859.9672, kd: 7794.6631), Elapsed: train 2.45 test 0.34 *
09/05/2026,03:23:35: 	Recall@10: 0.03787 Recall@20: 0.05744 NDCG@10: 0.02373 NDCG@20: 0.02911 
09/05/2026,03:23:35: 	Recall@10: 0.01443 Recall@20: 0.02068 NDCG@10: 0.00820 NDCG@20: 0.00995 
09/05/2026,03:23:35: Epoch [79/1000]
09/05/2026,03:23:35: Negative sampling...
09/05/2026,03:23:37: Model's personal time...
09/05/2026,03:23:37: Training...
09/05/2026,03:23:38: Evaluating...
09/05/2026,03:23:38: 	Train Loss: 3895992.5000 (base: 855.0405, kd: 7790.2749), Elapsed: train 2.46 test 0.38 *
09/05/2026,03:23:38: 	Recall@10: 0.03746 Recall@20: 0.05815 NDCG@10: 0.02374 NDCG@20: 0.02941 
09/05/2026,03:23:38: 	Recall@10: 0.01406 Recall@20: 0.02057 NDCG@10: 0.00817 NDCG@20: 0.01001 
09/05/2026,03:23:38: Epoch [80/1000]
09/05/2026,03:23:38: Negative sampling...
09/05/2026,03:23:40: Model's personal time...
09/05/2026,03:23:40: Training...
09/05/2026,03:23:41: Evaluating...
09/05/2026,03:23:41: 	Train Loss: 3898744.7500 (base: 853.0123, kd: 7795.7837), Elapsed: train 2.50 test 0.39
09/05/2026,03:23:41: 	Recall@10: 0.03714 Recall@20: 0.05713 NDCG@10: 0.02339 NDCG@20: 0.02891 
09/05/2026,03:23:41: 	Recall@10: 0.01463 Recall@20: 0.02077 NDCG@10: 0.00846 NDCG@20: 0.01023 
09/05/2026,03:23:41: Epoch [81/1000]
09/05/2026,03:23:41: Negative sampling...
09/05/2026,03:23:43: Model's personal time...
09/05/2026,03:23:43: Training...
09/05/2026,03:23:44: Evaluating...
09/05/2026,03:23:44: 	Train Loss: 3893654.7500 (base: 850.8259, kd: 7785.6074), Elapsed: train 2.44 test 0.46
09/05/2026,03:23:44: 	Recall@10: 0.03743 Recall@20: 0.05781 NDCG@10: 0.02331 NDCG@20: 0.02889 
09/05/2026,03:23:44: 	Recall@10: 0.01443 Recall@20: 0.02101 NDCG@10: 0.00829 NDCG@20: 0.01017 
09/05/2026,03:23:44: Epoch [82/1000]
09/05/2026,03:23:44: Negative sampling...
09/05/2026,03:23:45: Model's personal time...
09/05/2026,03:23:45: Training...
09/05/2026,03:23:47: Evaluating...
09/05/2026,03:23:47: 	Train Loss: 3896285.7500 (base: 844.5022, kd: 7790.8823), Elapsed: train 2.57 test 0.47
09/05/2026,03:23:47: 	Recall@10: 0.03665 Recall@20: 0.05815 NDCG@10: 0.02324 NDCG@20: 0.02911 
09/05/2026,03:23:47: 	Recall@10: 0.01434 Recall@20: 0.02069 NDCG@10: 0.00821 NDCG@20: 0.01004 
09/05/2026,03:23:47: Epoch [83/1000]
09/05/2026,03:23:47: Negative sampling...
09/05/2026,03:23:49: Model's personal time...
09/05/2026,03:23:49: Training...
09/05/2026,03:23:50: Evaluating...
09/05/2026,03:23:50: 	Train Loss: 3892078.5000 (base: 846.8612, kd: 7782.4634), Elapsed: train 2.49 test 0.28
09/05/2026,03:23:50: 	Recall@10: 0.03701 Recall@20: 0.05713 NDCG@10: 0.02296 NDCG@20: 0.02849 
09/05/2026,03:23:50: 	Recall@10: 0.01434 Recall@20: 0.02152 NDCG@10: 0.00840 NDCG@20: 0.01043 
09/05/2026,03:23:50: Epoch [84/1000]
09/05/2026,03:23:50: Negative sampling...
09/05/2026,03:23:51: Model's personal time...
09/05/2026,03:23:51: Training...
09/05/2026,03:23:52: Evaluating...
09/05/2026,03:23:53: 	Train Loss: 3888224.5000 (base: 838.4217, kd: 7774.7720), Elapsed: train 2.40 test 0.44
09/05/2026,03:23:53: 	Recall@10: 0.03765 Recall@20: 0.05804 NDCG@10: 0.02342 NDCG@20: 0.02900 
09/05/2026,03:23:53: 	Recall@10: 0.01472 Recall@20: 0.02218 NDCG@10: 0.00858 NDCG@20: 0.01070 
09/05/2026,03:23:53: Epoch [85/1000]
09/05/2026,03:23:53: Negative sampling...
09/05/2026,03:23:54: Model's personal time...
09/05/2026,03:23:54: Training...
09/05/2026,03:23:55: Evaluating...
09/05/2026,03:23:56: 	Train Loss: 3886702.2500 (base: 840.4551, kd: 7771.7236), Elapsed: train 2.72 test 0.41
09/05/2026,03:23:56: 	Recall@10: 0.03663 Recall@20: 0.05666 NDCG@10: 0.02302 NDCG@20: 0.02859 
09/05/2026,03:23:56: 	Recall@10: 0.01453 Recall@20: 0.02159 NDCG@10: 0.00830 NDCG@20: 0.01029 
09/05/2026,03:23:56: Epoch [86/1000]
09/05/2026,03:23:56: Negative sampling...
09/05/2026,03:23:57: Model's personal time...
09/05/2026,03:23:57: Training...
09/05/2026,03:23:58: Evaluating...
09/05/2026,03:23:59: 	Train Loss: 3887266.5000 (base: 834.4459, kd: 7772.8647), Elapsed: train 2.56 test 0.51
09/05/2026,03:23:59: 	Recall@10: 0.03692 Recall@20: 0.05871 NDCG@10: 0.02325 NDCG@20: 0.02923 
09/05/2026,03:23:59: 	Recall@10: 0.01431 Recall@20: 0.02133 NDCG@10: 0.00837 NDCG@20: 0.01040 
09/05/2026,03:23:59: Epoch [87/1000]
09/05/2026,03:23:59: Negative sampling...
09/05/2026,03:24:00: Model's personal time...
09/05/2026,03:24:00: Training...
09/05/2026,03:24:02: Evaluating...
09/05/2026,03:24:02: 	Train Loss: 3888425.5000 (base: 832.5097, kd: 7775.1855), Elapsed: train 2.58 test 0.48 *
09/05/2026,03:24:02: 	Recall@10: 0.03747 Recall@20: 0.05864 NDCG@10: 0.02383 NDCG@20: 0.02965 
09/05/2026,03:24:02: 	Recall@10: 0.01443 Recall@20: 0.02107 NDCG@10: 0.00846 NDCG@20: 0.01035 
09/05/2026,03:24:02: Epoch [88/1000]
09/05/2026,03:24:02: Negative sampling...
09/05/2026,03:24:03: Model's personal time...
09/05/2026,03:24:03: Training...
09/05/2026,03:24:04: Evaluating...
09/05/2026,03:24:05: 	Train Loss: 3888326.7500 (base: 831.0089, kd: 7774.9917), Elapsed: train 2.43 test 0.40 *
09/05/2026,03:24:05: 	Recall@10: 0.03818 Recall@20: 0.05954 NDCG@10: 0.02407 NDCG@20: 0.02993 
09/05/2026,03:24:05: 	Recall@10: 0.01418 Recall@20: 0.02105 NDCG@10: 0.00839 NDCG@20: 0.01036 
09/05/2026,03:24:05: Epoch [89/1000]
09/05/2026,03:24:05: Negative sampling...
09/05/2026,03:24:06: Model's personal time...
09/05/2026,03:24:06: Training...
09/05/2026,03:24:07: Evaluating...
09/05/2026,03:24:08: 	Train Loss: 3885613.0000 (base: 831.3834, kd: 7769.5630), Elapsed: train 2.43 test 0.30
09/05/2026,03:24:08: 	Recall@10: 0.03774 Recall@20: 0.05950 NDCG@10: 0.02397 NDCG@20: 0.02983 
09/05/2026,03:24:08: 	Recall@10: 0.01447 Recall@20: 0.02126 NDCG@10: 0.00835 NDCG@20: 0.01029 
09/05/2026,03:24:08: Epoch [90/1000]
09/05/2026,03:24:08: Negative sampling...
09/05/2026,03:24:09: Model's personal time...
09/05/2026,03:24:09: Training...
09/05/2026,03:24:10: Evaluating...
09/05/2026,03:24:10: 	Train Loss: 3884789.5000 (base: 826.4153, kd: 7767.9258), Elapsed: train 2.41 test 0.29
09/05/2026,03:24:10: 	Recall@10: 0.03842 Recall@20: 0.05928 NDCG@10: 0.02380 NDCG@20: 0.02949 
09/05/2026,03:24:10: 	Recall@10: 0.01486 Recall@20: 0.02158 NDCG@10: 0.00848 NDCG@20: 0.01039 
09/05/2026,03:24:10: Epoch [91/1000]
09/05/2026,03:24:10: Negative sampling...
09/05/2026,03:24:12: Model's personal time...
09/05/2026,03:24:12: Training...
09/05/2026,03:24:13: Evaluating...
09/05/2026,03:24:13: 	Train Loss: 3884586.7500 (base: 821.0735, kd: 7767.5312), Elapsed: train 2.45 test 0.44
09/05/2026,03:24:13: 	Recall@10: 0.03763 Recall@20: 0.05983 NDCG@10: 0.02372 NDCG@20: 0.02979 
09/05/2026,03:24:13: 	Recall@10: 0.01471 Recall@20: 0.02161 NDCG@10: 0.00870 NDCG@20: 0.01068 
09/05/2026,03:24:13: Epoch [92/1000]
09/05/2026,03:24:13: Negative sampling...
09/05/2026,03:24:15: Model's personal time...
09/05/2026,03:24:15: Training...
09/05/2026,03:24:16: Evaluating...
09/05/2026,03:24:16: 	Train Loss: 3880479.2500 (base: 821.3964, kd: 7759.3154), Elapsed: train 2.53 test 0.38 *
09/05/2026,03:24:16: 	Recall@10: 0.03844 Recall@20: 0.06013 NDCG@10: 0.02420 NDCG@20: 0.03019 
09/05/2026,03:24:16: 	Recall@10: 0.01442 Recall@20: 0.02101 NDCG@10: 0.00850 NDCG@20: 0.01041 
09/05/2026,03:24:16: Epoch [93/1000]
09/05/2026,03:24:16: Negative sampling...
09/05/2026,03:24:18: Model's personal time...
09/05/2026,03:24:18: Training...
09/05/2026,03:24:19: Evaluating...
09/05/2026,03:24:19: 	Train Loss: 3882028.2500 (base: 816.5308, kd: 7762.4238), Elapsed: train 2.73 test 0.37
09/05/2026,03:24:19: 	Recall@10: 0.03714 Recall@20: 0.05960 NDCG@10: 0.02327 NDCG@20: 0.02943 
09/05/2026,03:24:19: 	Recall@10: 0.01404 Recall@20: 0.02114 NDCG@10: 0.00832 NDCG@20: 0.01032 
09/05/2026,03:24:19: Epoch [94/1000]
09/05/2026,03:24:19: Negative sampling...
09/05/2026,03:24:21: Model's personal time...
09/05/2026,03:24:21: Training...
09/05/2026,03:24:22: Evaluating...
09/05/2026,03:24:22: 	Train Loss: 3877561.5000 (base: 814.7554, kd: 7753.4937), Elapsed: train 2.66 test 0.44 *
09/05/2026,03:24:22: 	Recall@10: 0.03904 Recall@20: 0.06098 NDCG@10: 0.02430 NDCG@20: 0.03029 
09/05/2026,03:24:22: 	Recall@10: 0.01471 Recall@20: 0.02107 NDCG@10: 0.00851 NDCG@20: 0.01033 
09/05/2026,03:24:22: Epoch [95/1000]
09/05/2026,03:24:22: Negative sampling...
09/05/2026,03:24:24: Model's personal time...
09/05/2026,03:24:24: Training...
09/05/2026,03:24:25: Evaluating...
09/05/2026,03:24:25: 	Train Loss: 3879759.0000 (base: 810.3157, kd: 7757.8965), Elapsed: train 2.66 test 0.42
09/05/2026,03:24:25: 	Recall@10: 0.03830 Recall@20: 0.06005 NDCG@10: 0.02401 NDCG@20: 0.02990 
09/05/2026,03:24:25: 	Recall@10: 0.01490 Recall@20: 0.02116 NDCG@10: 0.00862 NDCG@20: 0.01041 
09/05/2026,03:24:25: Epoch [96/1000]
09/05/2026,03:24:25: Negative sampling...
09/05/2026,03:24:27: Model's personal time...
09/05/2026,03:24:27: Training...
09/05/2026,03:24:28: Evaluating...
09/05/2026,03:24:28: 	Train Loss: 3878927.2500 (base: 806.9048, kd: 7756.2407), Elapsed: train 2.55 test 0.35
09/05/2026,03:24:28: 	Recall@10: 0.03900 Recall@20: 0.06093 NDCG@10: 0.02404 NDCG@20: 0.03004 
09/05/2026,03:24:28: 	Recall@10: 0.01496 Recall@20: 0.02122 NDCG@10: 0.00849 NDCG@20: 0.01028 
09/05/2026,03:24:28: Epoch [97/1000]
09/05/2026,03:24:28: Negative sampling...
09/05/2026,03:24:30: Model's personal time...
09/05/2026,03:24:30: Training...
09/05/2026,03:24:31: Evaluating...
09/05/2026,03:24:31: 	Train Loss: 3876491.7500 (base: 811.1144, kd: 7751.3608), Elapsed: train 2.37 test 0.32 *
09/05/2026,03:24:31: 	Recall@10: 0.03841 Recall@20: 0.06085 NDCG@10: 0.02434 NDCG@20: 0.03041 
09/05/2026,03:24:31: 	Recall@10: 0.01466 Recall@20: 0.02218 NDCG@10: 0.00836 NDCG@20: 0.01047 
09/05/2026,03:24:31: Epoch [98/1000]
09/05/2026,03:24:31: Negative sampling...
09/05/2026,03:24:32: Model's personal time...
09/05/2026,03:24:32: Training...
09/05/2026,03:24:34: Evaluating...
09/05/2026,03:24:34: 	Train Loss: 3877066.2500 (base: 806.7669, kd: 7752.5190), Elapsed: train 2.52 test 0.37
09/05/2026,03:24:34: 	Recall@10: 0.03840 Recall@20: 0.05989 NDCG@10: 0.02394 NDCG@20: 0.02979 
09/05/2026,03:24:34: 	Recall@10: 0.01509 Recall@20: 0.02131 NDCG@10: 0.00860 NDCG@20: 0.01036 
09/05/2026,03:24:34: Epoch [99/1000]
09/05/2026,03:24:34: Negative sampling...
09/05/2026,03:24:35: Model's personal time...
09/05/2026,03:24:35: Training...
09/05/2026,03:24:36: Evaluating...
09/05/2026,03:24:37: 	Train Loss: 3874390.0000 (base: 803.6497, kd: 7747.1733), Elapsed: train 2.52 test 0.30
09/05/2026,03:24:37: 	Recall@10: 0.03748 Recall@20: 0.06000 NDCG@10: 0.02327 NDCG@20: 0.02948 
09/05/2026,03:24:37: 	Recall@10: 0.01524 Recall@20: 0.02174 NDCG@10: 0.00860 NDCG@20: 0.01044 
09/05/2026,03:24:37: Epoch [100/1000]
09/05/2026,03:24:37: Negative sampling...
09/05/2026,03:24:38: Model's personal time...
09/05/2026,03:24:38: Training...
09/05/2026,03:24:39: Evaluating...
09/05/2026,03:24:40: 	Train Loss: 3873957.7500 (base: 804.3016, kd: 7746.3071), Elapsed: train 2.67 test 0.32 *
09/05/2026,03:24:40: 	Recall@10: 0.03808 Recall@20: 0.06185 NDCG@10: 0.02403 NDCG@20: 0.03051 
09/05/2026,03:24:40: 	Recall@10: 0.01529 Recall@20: 0.02199 NDCG@10: 0.00889 NDCG@20: 0.01078 
09/05/2026,03:24:40: Epoch [101/1000]
09/05/2026,03:24:40: Negative sampling...
09/05/2026,03:24:41: Model's personal time...
09/05/2026,03:24:41: Training...
09/05/2026,03:24:42: Evaluating...
09/05/2026,03:24:43: 	Train Loss: 3873102.0000 (base: 803.2236, kd: 7744.5977), Elapsed: train 2.55 test 0.44
09/05/2026,03:24:43: 	Recall@10: 0.03888 Recall@20: 0.06164 NDCG@10: 0.02409 NDCG@20: 0.03031 
09/05/2026,03:24:43: 	Recall@10: 0.01486 Recall@20: 0.02136 NDCG@10: 0.00871 NDCG@20: 0.01056 
09/05/2026,03:24:43: Epoch [102/1000]
09/05/2026,03:24:43: Negative sampling...
09/05/2026,03:24:44: Model's personal time...
09/05/2026,03:24:44: Training...
09/05/2026,03:24:45: Evaluating...
09/05/2026,03:24:46: 	Train Loss: 3874949.7500 (base: 795.9103, kd: 7748.3081), Elapsed: train 2.71 test 0.40 *
09/05/2026,03:24:46: 	Recall@10: 0.03857 Recall@20: 0.06214 NDCG@10: 0.02436 NDCG@20: 0.03077 
09/05/2026,03:24:46: 	Recall@10: 0.01491 Recall@20: 0.02254 NDCG@10: 0.00866 NDCG@20: 0.01082 
09/05/2026,03:24:46: Epoch [103/1000]
09/05/2026,03:24:46: Negative sampling...
09/05/2026,03:24:47: Model's personal time...
09/05/2026,03:24:47: Training...
09/05/2026,03:24:48: Evaluating...
09/05/2026,03:24:49: 	Train Loss: 3870381.7500 (base: 797.3066, kd: 7739.1680), Elapsed: train 2.63 test 0.27
09/05/2026,03:24:49: 	Recall@10: 0.03898 Recall@20: 0.06178 NDCG@10: 0.02415 NDCG@20: 0.03042 
09/05/2026,03:24:49: 	Recall@10: 0.01577 Recall@20: 0.02209 NDCG@10: 0.00894 NDCG@20: 0.01074 
09/05/2026,03:24:49: Epoch [104/1000]
09/05/2026,03:24:49: Negative sampling...
09/05/2026,03:24:50: Model's personal time...
09/05/2026,03:24:50: Training...
09/05/2026,03:24:51: Evaluating...
09/05/2026,03:24:51: 	Train Loss: 3867452.2500 (base: 793.0086, kd: 7733.3188), Elapsed: train 2.49 test 0.30
09/05/2026,03:24:51: 	Recall@10: 0.03913 Recall@20: 0.06085 NDCG@10: 0.02420 NDCG@20: 0.03019 
09/05/2026,03:24:51: 	Recall@10: 0.01548 Recall@20: 0.02233 NDCG@10: 0.00889 NDCG@20: 0.01082 
09/05/2026,03:24:51: Epoch [105/1000]
09/05/2026,03:24:51: Negative sampling...
09/05/2026,03:24:53: Model's personal time...
09/05/2026,03:24:53: Training...
09/05/2026,03:24:54: Evaluating...
09/05/2026,03:24:54: 	Train Loss: 3869950.5000 (base: 795.7540, kd: 7738.3096), Elapsed: train 2.35 test 0.45
09/05/2026,03:24:54: 	Recall@10: 0.03916 Recall@20: 0.06078 NDCG@10: 0.02447 NDCG@20: 0.03041 
09/05/2026,03:24:54: 	Recall@10: 0.01557 Recall@20: 0.02246 NDCG@10: 0.00907 NDCG@20: 0.01099 
09/05/2026,03:24:54: Epoch [106/1000]
09/05/2026,03:24:54: Negative sampling...
09/05/2026,03:24:56: Model's personal time...
09/05/2026,03:24:56: Training...
09/05/2026,03:24:57: Evaluating...
09/05/2026,03:24:57: 	Train Loss: 3867577.0000 (base: 796.9966, kd: 7733.5596), Elapsed: train 2.51 test 0.31
09/05/2026,03:24:57: 	Recall@10: 0.03905 Recall@20: 0.06090 NDCG@10: 0.02443 NDCG@20: 0.03042 
09/05/2026,03:24:57: 	Recall@10: 0.01490 Recall@20: 0.02239 NDCG@10: 0.00869 NDCG@20: 0.01080 
09/05/2026,03:24:57: Epoch [107/1000]
09/05/2026,03:24:57: Negative sampling...
09/05/2026,03:24:58: Model's personal time...
09/05/2026,03:24:58: Training...
09/05/2026,03:25:00: Evaluating...
09/05/2026,03:25:00: 	Train Loss: 3866342.5000 (base: 792.6031, kd: 7731.0991), Elapsed: train 2.56 test 0.35
09/05/2026,03:25:00: 	Recall@10: 0.03905 Recall@20: 0.06059 NDCG@10: 0.02409 NDCG@20: 0.02998 
09/05/2026,03:25:00: 	Recall@10: 0.01519 Recall@20: 0.02175 NDCG@10: 0.00879 NDCG@20: 0.01068 
09/05/2026,03:25:00: Epoch [108/1000]
09/05/2026,03:25:00: Negative sampling...
09/05/2026,03:25:01: Model's personal time...
09/05/2026,03:25:01: Training...
09/05/2026,03:25:03: Evaluating...
09/05/2026,03:25:03: 	Train Loss: 3867359.5000 (base: 790.2012, kd: 7733.1387), Elapsed: train 2.56 test 0.35 *
09/05/2026,03:25:03: 	Recall@10: 0.03965 Recall@20: 0.06140 NDCG@10: 0.02498 NDCG@20: 0.03089 
09/05/2026,03:25:03: 	Recall@10: 0.01510 Recall@20: 0.02179 NDCG@10: 0.00877 NDCG@20: 0.01067 
09/05/2026,03:25:03: Epoch [109/1000]
09/05/2026,03:25:03: Negative sampling...
09/05/2026,03:25:04: Model's personal time...
09/05/2026,03:25:04: Training...
09/05/2026,03:25:05: Evaluating...
09/05/2026,03:25:06: 	Train Loss: 3866019.5000 (base: 787.9268, kd: 7730.4629), Elapsed: train 2.50 test 0.28
09/05/2026,03:25:06: 	Recall@10: 0.04004 Recall@20: 0.06154 NDCG@10: 0.02480 NDCG@20: 0.03066 
09/05/2026,03:25:06: 	Recall@10: 0.01529 Recall@20: 0.02240 NDCG@10: 0.00906 NDCG@20: 0.01105 
09/05/2026,03:25:06: Epoch [110/1000]
09/05/2026,03:25:06: Negative sampling...
09/05/2026,03:25:07: Model's personal time...
09/05/2026,03:25:07: Training...
09/05/2026,03:25:08: Evaluating...
09/05/2026,03:25:09: 	Train Loss: 3866770.0000 (base: 783.3685, kd: 7731.9731), Elapsed: train 2.55 test 0.35
09/05/2026,03:25:09: 	Recall@10: 0.03957 Recall@20: 0.06022 NDCG@10: 0.02450 NDCG@20: 0.03012 
09/05/2026,03:25:09: 	Recall@10: 0.01523 Recall@20: 0.02158 NDCG@10: 0.00899 NDCG@20: 0.01079 
09/05/2026,03:25:09: Epoch [111/1000]
09/05/2026,03:25:09: Negative sampling...
09/05/2026,03:25:10: Model's personal time...
09/05/2026,03:25:10: Training...
09/05/2026,03:25:11: Evaluating...
09/05/2026,03:25:11: 	Train Loss: 3863478.7500 (base: 784.9405, kd: 7725.3877), Elapsed: train 2.52 test 0.29
09/05/2026,03:25:11: 	Recall@10: 0.03985 Recall@20: 0.06200 NDCG@10: 0.02437 NDCG@20: 0.03043 
09/05/2026,03:25:11: 	Recall@10: 0.01529 Recall@20: 0.02259 NDCG@10: 0.00873 NDCG@20: 0.01077 
09/05/2026,03:25:11: Epoch [112/1000]
09/05/2026,03:25:11: Negative sampling...
09/05/2026,03:25:13: Model's personal time...
09/05/2026,03:25:13: Training...
09/05/2026,03:25:14: Evaluating...
09/05/2026,03:25:15: 	Train Loss: 3862564.5000 (base: 786.1013, kd: 7723.5566), Elapsed: train 2.66 test 0.47
09/05/2026,03:25:15: 	Recall@10: 0.03966 Recall@20: 0.06158 NDCG@10: 0.02439 NDCG@20: 0.03039 
09/05/2026,03:25:15: 	Recall@10: 0.01567 Recall@20: 0.02264 NDCG@10: 0.00899 NDCG@20: 0.01098 
09/05/2026,03:25:15: Epoch [113/1000]
09/05/2026,03:25:15: Negative sampling...
09/05/2026,03:25:16: Model's personal time...
09/05/2026,03:25:16: Training...
09/05/2026,03:25:17: Evaluating...
09/05/2026,03:25:17: 	Train Loss: 3862379.2500 (base: 781.5720, kd: 7723.1958), Elapsed: train 2.38 test 0.31
09/05/2026,03:25:17: 	Recall@10: 0.03955 Recall@20: 0.06201 NDCG@10: 0.02452 NDCG@20: 0.03066 
09/05/2026,03:25:17: 	Recall@10: 0.01580 Recall@20: 0.02338 NDCG@10: 0.00927 NDCG@20: 0.01140 
09/05/2026,03:25:17: Epoch [114/1000]
09/05/2026,03:25:17: Negative sampling...
09/05/2026,03:25:19: Model's personal time...
09/05/2026,03:25:19: Training...
09/05/2026,03:25:20: Evaluating...
09/05/2026,03:25:20: 	Train Loss: 3864380.7500 (base: 777.5828, kd: 7727.2061), Elapsed: train 2.61 test 0.48 *
09/05/2026,03:25:20: 	Recall@10: 0.04056 Recall@20: 0.06251 NDCG@10: 0.02517 NDCG@20: 0.03117 
09/05/2026,03:25:20: 	Recall@10: 0.01529 Recall@20: 0.02289 NDCG@10: 0.00885 NDCG@20: 0.01098 
09/05/2026,03:25:20: Epoch [115/1000]
09/05/2026,03:25:20: Negative sampling...
09/05/2026,03:25:22: Model's personal time...
09/05/2026,03:25:22: Training...
09/05/2026,03:25:23: Evaluating...
09/05/2026,03:25:23: 	Train Loss: 3861761.0000 (base: 780.2318, kd: 7721.9614), Elapsed: train 2.74 test 0.33
09/05/2026,03:25:23: 	Recall@10: 0.03991 Recall@20: 0.06081 NDCG@10: 0.02465 NDCG@20: 0.03038 
09/05/2026,03:25:23: 	Recall@10: 0.01548 Recall@20: 0.02277 NDCG@10: 0.00930 NDCG@20: 0.01135 
09/05/2026,03:25:23: Epoch [116/1000]
09/05/2026,03:25:23: Negative sampling...
09/05/2026,03:25:25: Model's personal time...
09/05/2026,03:25:25: Training...
09/05/2026,03:25:26: Evaluating...
09/05/2026,03:25:26: 	Train Loss: 3861157.2500 (base: 778.3227, kd: 7720.7573), Elapsed: train 2.61 test 0.42
09/05/2026,03:25:26: 	Recall@10: 0.04026 Recall@20: 0.06207 NDCG@10: 0.02478 NDCG@20: 0.03072 
09/05/2026,03:25:26: 	Recall@10: 0.01513 Recall@20: 0.02260 NDCG@10: 0.00893 NDCG@20: 0.01103 
09/05/2026,03:25:26: Epoch [117/1000]
09/05/2026,03:25:26: Negative sampling...
09/05/2026,03:25:28: Model's personal time...
09/05/2026,03:25:28: Training...
09/05/2026,03:25:29: Evaluating...
09/05/2026,03:25:30: 	Train Loss: 3859143.7500 (base: 772.5436, kd: 7716.7422), Elapsed: train 2.79 test 0.40
09/05/2026,03:25:30: 	Recall@10: 0.04099 Recall@20: 0.06249 NDCG@10: 0.02513 NDCG@20: 0.03100 
09/05/2026,03:25:30: 	Recall@10: 0.01557 Recall@20: 0.02326 NDCG@10: 0.00899 NDCG@20: 0.01115 
09/05/2026,03:25:30: Epoch [118/1000]
09/05/2026,03:25:30: Negative sampling...
09/05/2026,03:25:31: Model's personal time...
09/05/2026,03:25:31: Training...
09/05/2026,03:25:32: Evaluating...
09/05/2026,03:25:33: 	Train Loss: 3860452.5000 (base: 772.8292, kd: 7719.3594), Elapsed: train 2.56 test 0.31
09/05/2026,03:25:33: 	Recall@10: 0.04054 Recall@20: 0.06174 NDCG@10: 0.02503 NDCG@20: 0.03085 
09/05/2026,03:25:33: 	Recall@10: 0.01562 Recall@20: 0.02372 NDCG@10: 0.00924 NDCG@20: 0.01149 
09/05/2026,03:25:33: Epoch [119/1000]
09/05/2026,03:25:33: Negative sampling...
09/05/2026,03:25:34: Model's personal time...
09/05/2026,03:25:34: Training...
09/05/2026,03:25:35: Evaluating...
09/05/2026,03:25:35: 	Train Loss: 3860614.5000 (base: 768.3844, kd: 7719.6919), Elapsed: train 2.61 test 0.30
09/05/2026,03:25:35: 	Recall@10: 0.04125 Recall@20: 0.06283 NDCG@10: 0.02529 NDCG@20: 0.03116 
09/05/2026,03:25:35: 	Recall@10: 0.01619 Recall@20: 0.02359 NDCG@10: 0.00920 NDCG@20: 0.01129 
09/05/2026,03:25:35: Epoch [120/1000]
09/05/2026,03:25:35: Negative sampling...
09/05/2026,03:25:37: Model's personal time...
09/05/2026,03:25:37: Training...
09/05/2026,03:25:38: Evaluating...
09/05/2026,03:25:38: 	Train Loss: 3859909.7500 (base: 773.1175, kd: 7718.2739), Elapsed: train 2.62 test 0.42
09/05/2026,03:25:38: 	Recall@10: 0.04095 Recall@20: 0.06251 NDCG@10: 0.02489 NDCG@20: 0.03080 
09/05/2026,03:25:38: 	Recall@10: 0.01608 Recall@20: 0.02346 NDCG@10: 0.00923 NDCG@20: 0.01128 
09/05/2026,03:25:38: Epoch [121/1000]
09/05/2026,03:25:38: Negative sampling...
09/05/2026,03:25:40: Model's personal time...
09/05/2026,03:25:40: Training...
09/05/2026,03:25:41: Evaluating...
09/05/2026,03:25:42: 	Train Loss: 3855755.2500 (base: 767.2677, kd: 7709.9761), Elapsed: train 2.72 test 0.42
09/05/2026,03:25:42: 	Recall@10: 0.04123 Recall@20: 0.06211 NDCG@10: 0.02477 NDCG@20: 0.03050 
09/05/2026,03:25:42: 	Recall@10: 0.01593 Recall@20: 0.02398 NDCG@10: 0.00943 NDCG@20: 0.01169 
09/05/2026,03:25:42: Epoch [122/1000]
09/05/2026,03:25:42: Negative sampling...
09/05/2026,03:25:43: Model's personal time...
09/05/2026,03:25:43: Training...
09/05/2026,03:25:44: Evaluating...
09/05/2026,03:25:45: 	Train Loss: 3858906.7500 (base: 769.3513, kd: 7716.2749), Elapsed: train 2.80 test 0.42
09/05/2026,03:25:45: 	Recall@10: 0.04084 Recall@20: 0.06010 NDCG@10: 0.02472 NDCG@20: 0.03003 
09/05/2026,03:25:45: 	Recall@10: 0.01602 Recall@20: 0.02366 NDCG@10: 0.00941 NDCG@20: 0.01155 
09/05/2026,03:25:45: Epoch [123/1000]
09/05/2026,03:25:45: Negative sampling...
09/05/2026,03:25:46: Model's personal time...
09/05/2026,03:25:46: Training...
09/05/2026,03:25:47: Evaluating...
09/05/2026,03:25:48: 	Train Loss: 3856036.5000 (base: 765.6166, kd: 7710.5420), Elapsed: train 2.61 test 0.28
09/05/2026,03:25:48: 	Recall@10: 0.04014 Recall@20: 0.06176 NDCG@10: 0.02463 NDCG@20: 0.03062 
09/05/2026,03:25:48: 	Recall@10: 0.01606 Recall@20: 0.02372 NDCG@10: 0.00955 NDCG@20: 0.01171 
09/05/2026,03:25:48: Epoch [124/1000]
09/05/2026,03:25:48: Negative sampling...
09/05/2026,03:25:49: Model's personal time...
09/05/2026,03:25:49: Training...
09/05/2026,03:25:50: Evaluating...
09/05/2026,03:25:51: 	Train Loss: 3855899.7500 (base: 765.2925, kd: 7710.2690), Elapsed: train 2.66 test 0.43
09/05/2026,03:25:51: 	Recall@10: 0.04170 Recall@20: 0.06265 NDCG@10: 0.02524 NDCG@20: 0.03099 
09/05/2026,03:25:51: 	Recall@10: 0.01555 Recall@20: 0.02357 NDCG@10: 0.00933 NDCG@20: 0.01159 
09/05/2026,03:25:51: Epoch [125/1000]
09/05/2026,03:25:51: Negative sampling...
09/05/2026,03:25:52: Model's personal time...
09/05/2026,03:25:52: Training...
09/05/2026,03:25:53: Evaluating...
09/05/2026,03:25:54: 	Train Loss: 3856034.0000 (base: 762.2082, kd: 7710.5430), Elapsed: train 2.49 test 0.33
09/05/2026,03:25:54: 	Recall@10: 0.04073 Recall@20: 0.06195 NDCG@10: 0.02512 NDCG@20: 0.03097 
09/05/2026,03:25:54: 	Recall@10: 0.01600 Recall@20: 0.02280 NDCG@10: 0.00949 NDCG@20: 0.01140 
09/05/2026,03:25:54: Epoch [126/1000]
09/05/2026,03:25:54: Negative sampling...
09/05/2026,03:25:55: Model's personal time...
09/05/2026,03:25:55: Training...
09/05/2026,03:25:56: Evaluating...
09/05/2026,03:25:57: 	Train Loss: 3852155.2500 (base: 761.9236, kd: 7702.7866), Elapsed: train 2.67 test 0.32
09/05/2026,03:25:57: 	Recall@10: 0.04126 Recall@20: 0.06245 NDCG@10: 0.02518 NDCG@20: 0.03100 
09/05/2026,03:25:57: 	Recall@10: 0.01631 Recall@20: 0.02327 NDCG@10: 0.00940 NDCG@20: 0.01135 
09/05/2026,03:25:57: Epoch [127/1000]
09/05/2026,03:25:57: Negative sampling...
09/05/2026,03:25:58: Model's personal time...
09/05/2026,03:25:58: Training...
09/05/2026,03:25:59: Evaluating...
09/05/2026,03:25:59: 	Train Loss: 3853308.0000 (base: 761.7087, kd: 7705.0928), Elapsed: train 2.52 test 0.27
09/05/2026,03:25:59: 	Recall@10: 0.04154 Recall@20: 0.06149 NDCG@10: 0.02491 NDCG@20: 0.03040 
09/05/2026,03:25:59: 	Recall@10: 0.01612 Recall@20: 0.02372 NDCG@10: 0.00934 NDCG@20: 0.01144 
09/05/2026,03:25:59: Epoch [128/1000]
09/05/2026,03:25:59: Negative sampling...
09/05/2026,03:26:01: Model's personal time...
09/05/2026,03:26:01: Training...
09/05/2026,03:26:02: Evaluating...
09/05/2026,03:26:02: 	Train Loss: 3854063.0000 (base: 761.5230, kd: 7706.6030), Elapsed: train 2.58 test 0.31
09/05/2026,03:26:02: 	Recall@10: 0.04210 Recall@20: 0.06344 NDCG@10: 0.02530 NDCG@20: 0.03115 
09/05/2026,03:26:02: 	Recall@10: 0.01625 Recall@20: 0.02346 NDCG@10: 0.00945 NDCG@20: 0.01148 
09/05/2026,03:26:02: Epoch [129/1000]
09/05/2026,03:26:02: Negative sampling...
09/05/2026,03:26:04: Model's personal time...
09/05/2026,03:26:04: Training...
09/05/2026,03:26:05: Evaluating...
09/05/2026,03:26:05: 	Train Loss: 3854714.0000 (base: 757.0964, kd: 7707.9136), Elapsed: train 2.53 test 0.37
09/05/2026,03:26:05: 	Recall@10: 0.04199 Recall@20: 0.06197 NDCG@10: 0.02524 NDCG@20: 0.03074 
09/05/2026,03:26:05: 	Recall@10: 0.01619 Recall@20: 0.02395 NDCG@10: 0.00945 NDCG@20: 0.01160 
09/05/2026,03:26:05: Epoch [130/1000]
09/05/2026,03:26:05: Negative sampling...
09/05/2026,03:26:07: Model's personal time...
09/05/2026,03:26:07: Training...
09/05/2026,03:26:08: Evaluating...
09/05/2026,03:26:08: 	Train Loss: 3850160.2500 (base: 763.4774, kd: 7698.7930), Elapsed: train 2.73 test 0.37
09/05/2026,03:26:08: 	Recall@10: 0.04175 Recall@20: 0.06233 NDCG@10: 0.02480 NDCG@20: 0.03041 
09/05/2026,03:26:08: 	Recall@10: 0.01622 Recall@20: 0.02421 NDCG@10: 0.00967 NDCG@20: 0.01187 
09/05/2026,03:26:08: Epoch [131/1000]
09/05/2026,03:26:08: Negative sampling...
09/05/2026,03:26:10: Model's personal time...
09/05/2026,03:26:10: Training...
09/05/2026,03:26:11: Evaluating...
09/05/2026,03:26:11: 	Train Loss: 3853674.2500 (base: 755.0256, kd: 7705.8384), Elapsed: train 2.49 test 0.32
09/05/2026,03:26:11: 	Recall@10: 0.04225 Recall@20: 0.06308 NDCG@10: 0.02492 NDCG@20: 0.03061 
09/05/2026,03:26:11: 	Recall@10: 0.01603 Recall@20: 0.02422 NDCG@10: 0.00946 NDCG@20: 0.01169 
09/05/2026,03:26:11: Epoch [132/1000]
09/05/2026,03:26:11: Negative sampling...
09/05/2026,03:26:13: Model's personal time...
09/05/2026,03:26:13: Training...
09/05/2026,03:26:14: Evaluating...
09/05/2026,03:26:14: 	Train Loss: 3850184.0000 (base: 755.8918, kd: 7698.8569), Elapsed: train 2.72 test 0.36
09/05/2026,03:26:14: 	Recall@10: 0.04172 Recall@20: 0.06222 NDCG@10: 0.02514 NDCG@20: 0.03075 
09/05/2026,03:26:14: 	Recall@10: 0.01641 Recall@20: 0.02421 NDCG@10: 0.00976 NDCG@20: 0.01193 
09/05/2026,03:26:14: Epoch [133/1000]
09/05/2026,03:26:14: Negative sampling...
09/05/2026,03:26:16: Model's personal time...
09/05/2026,03:26:16: Training...
09/05/2026,03:26:17: Evaluating...
09/05/2026,03:26:17: 	Train Loss: 3851465.7500 (base: 755.9586, kd: 7701.4194), Elapsed: train 2.62 test 0.29
09/05/2026,03:26:17: 	Recall@10: 0.04188 Recall@20: 0.06292 NDCG@10: 0.02528 NDCG@20: 0.03104 
09/05/2026,03:26:17: 	Recall@10: 0.01622 Recall@20: 0.02407 NDCG@10: 0.00947 NDCG@20: 0.01165 
09/05/2026,03:26:17: Epoch [134/1000]
09/05/2026,03:26:17: Negative sampling...
09/05/2026,03:26:18: Model's personal time...
09/05/2026,03:26:18: Training...
09/05/2026,03:26:20: Evaluating...
09/05/2026,03:26:20: 	Train Loss: 3850089.0000 (base: 752.2487, kd: 7698.6733), Elapsed: train 2.59 test 0.32
09/05/2026,03:26:20: 	Recall@10: 0.04288 Recall@20: 0.06318 NDCG@10: 0.02552 NDCG@20: 0.03102 
09/05/2026,03:26:20: 	Recall@10: 0.01654 Recall@20: 0.02451 NDCG@10: 0.00972 NDCG@20: 0.01195 
09/05/2026,03:26:20: Epoch [135/1000]
09/05/2026,03:26:20: Negative sampling...
09/05/2026,03:26:21: Model's personal time...
09/05/2026,03:26:21: Training...
09/05/2026,03:26:23: Evaluating...
09/05/2026,03:26:23: 	Train Loss: 3848944.2500 (base: 753.1540, kd: 7696.3823), Elapsed: train 2.52 test 0.45 *
09/05/2026,03:26:23: 	Recall@10: 0.04347 Recall@20: 0.06463 NDCG@10: 0.02597 NDCG@20: 0.03176 
09/05/2026,03:26:23: 	Recall@10: 0.01657 Recall@20: 0.02375 NDCG@10: 0.00982 NDCG@20: 0.01180 
09/05/2026,03:26:23: Epoch [136/1000]
09/05/2026,03:26:23: Negative sampling...
09/05/2026,03:26:24: Model's personal time...
09/05/2026,03:26:24: Training...
09/05/2026,03:26:25: Evaluating...
09/05/2026,03:26:26: 	Train Loss: 3845701.5000 (base: 749.0413, kd: 7689.9043), Elapsed: train 2.48 test 0.31
09/05/2026,03:26:26: 	Recall@10: 0.04325 Recall@20: 0.06353 NDCG@10: 0.02585 NDCG@20: 0.03145 
09/05/2026,03:26:26: 	Recall@10: 0.01718 Recall@20: 0.02490 NDCG@10: 0.01009 NDCG@20: 0.01224 
09/05/2026,03:26:26: Epoch [137/1000]
09/05/2026,03:26:26: Negative sampling...
09/05/2026,03:26:27: Model's personal time...
09/05/2026,03:26:27: Training...
09/05/2026,03:26:28: Evaluating...
09/05/2026,03:26:29: 	Train Loss: 3848530.2500 (base: 750.8018, kd: 7695.5586), Elapsed: train 2.42 test 0.41
09/05/2026,03:26:29: 	Recall@10: 0.04264 Recall@20: 0.06280 NDCG@10: 0.02562 NDCG@20: 0.03116 
09/05/2026,03:26:29: 	Recall@10: 0.01686 Recall@20: 0.02465 NDCG@10: 0.00998 NDCG@20: 0.01212 
09/05/2026,03:26:29: Epoch [138/1000]
09/05/2026,03:26:29: Negative sampling...
09/05/2026,03:26:30: Model's personal time...
09/05/2026,03:26:30: Training...
09/05/2026,03:26:31: Evaluating...
09/05/2026,03:26:32: 	Train Loss: 3844330.7500 (base: 745.4542, kd: 7687.1699), Elapsed: train 2.55 test 0.42
09/05/2026,03:26:32: 	Recall@10: 0.04226 Recall@20: 0.06245 NDCG@10: 0.02538 NDCG@20: 0.03089 
09/05/2026,03:26:32: 	Recall@10: 0.01689 Recall@20: 0.02459 NDCG@10: 0.00990 NDCG@20: 0.01201 
09/05/2026,03:26:32: Epoch [139/1000]
09/05/2026,03:26:32: Negative sampling...
09/05/2026,03:26:33: Model's personal time...
09/05/2026,03:26:33: Training...
09/05/2026,03:26:34: Evaluating...
09/05/2026,03:26:34: 	Train Loss: 3849126.2500 (base: 746.9833, kd: 7696.7583), Elapsed: train 2.46 test 0.33
09/05/2026,03:26:34: 	Recall@10: 0.04384 Recall@20: 0.06310 NDCG@10: 0.02599 NDCG@20: 0.03122 
09/05/2026,03:26:34: 	Recall@10: 0.01689 Recall@20: 0.02448 NDCG@10: 0.01006 NDCG@20: 0.01216 
09/05/2026,03:26:34: Epoch [140/1000]
09/05/2026,03:26:34: Negative sampling...
09/05/2026,03:26:36: Model's personal time...
09/05/2026,03:26:36: Training...
09/05/2026,03:26:37: Evaluating...
09/05/2026,03:26:37: 	Train Loss: 3848518.2500 (base: 749.4573, kd: 7695.5376), Elapsed: train 2.48 test 0.44
09/05/2026,03:26:37: 	Recall@10: 0.04345 Recall@20: 0.06390 NDCG@10: 0.02599 NDCG@20: 0.03160 
09/05/2026,03:26:37: 	Recall@10: 0.01660 Recall@20: 0.02438 NDCG@10: 0.00995 NDCG@20: 0.01209 
09/05/2026,03:26:37: Epoch [141/1000]
09/05/2026,03:26:37: Negative sampling...
09/05/2026,03:26:39: Model's personal time...
09/05/2026,03:26:39: Training...
09/05/2026,03:26:40: Evaluating...
09/05/2026,03:26:40: 	Train Loss: 3845949.2500 (base: 744.4048, kd: 7690.4092), Elapsed: train 2.36 test 0.31
09/05/2026,03:26:40: 	Recall@10: 0.04368 Recall@20: 0.06424 NDCG@10: 0.02595 NDCG@20: 0.03152 
09/05/2026,03:26:40: 	Recall@10: 0.01683 Recall@20: 0.02436 NDCG@10: 0.00990 NDCG@20: 0.01199 
09/05/2026,03:26:40: Epoch [142/1000]
09/05/2026,03:26:40: Negative sampling...
09/05/2026,03:26:41: Model's personal time...
09/05/2026,03:26:41: Training...
09/05/2026,03:26:43: Evaluating...
09/05/2026,03:26:43: 	Train Loss: 3843345.0000 (base: 746.9826, kd: 7685.1963), Elapsed: train 2.55 test 0.27
09/05/2026,03:26:43: 	Recall@10: 0.04381 Recall@20: 0.06305 NDCG@10: 0.02628 NDCG@20: 0.03156 
09/05/2026,03:26:43: 	Recall@10: 0.01635 Recall@20: 0.02424 NDCG@10: 0.00994 NDCG@20: 0.01211 
09/05/2026,03:26:43: Epoch [143/1000]
09/05/2026,03:26:43: Negative sampling...
09/05/2026,03:26:44: Model's personal time...
09/05/2026,03:26:44: Training...
09/05/2026,03:26:45: Evaluating...
09/05/2026,03:26:46: 	Train Loss: 3846065.0000 (base: 744.7571, kd: 7690.6401), Elapsed: train 2.50 test 0.38
09/05/2026,03:26:46: 	Recall@10: 0.04325 Recall@20: 0.06214 NDCG@10: 0.02592 NDCG@20: 0.03108 
09/05/2026,03:26:46: 	Recall@10: 0.01647 Recall@20: 0.02420 NDCG@10: 0.00979 NDCG@20: 0.01191 
09/05/2026,03:26:46: Epoch [144/1000]
09/05/2026,03:26:46: Negative sampling...
09/05/2026,03:26:47: Model's personal time...
09/05/2026,03:26:47: Training...
09/05/2026,03:26:48: Evaluating...
09/05/2026,03:26:48: 	Train Loss: 3844518.5000 (base: 745.1274, kd: 7687.5464), Elapsed: train 2.52 test 0.29
09/05/2026,03:26:48: 	Recall@10: 0.04350 Recall@20: 0.06274 NDCG@10: 0.02596 NDCG@20: 0.03127 
09/05/2026,03:26:48: 	Recall@10: 0.01657 Recall@20: 0.02403 NDCG@10: 0.00971 NDCG@20: 0.01178 
09/05/2026,03:26:49: Epoch [145/1000]
09/05/2026,03:26:49: Negative sampling...
09/05/2026,03:26:50: Model's personal time...
09/05/2026,03:26:50: Training...
09/05/2026,03:26:51: Evaluating...
09/05/2026,03:26:51: 	Train Loss: 3841136.5000 (base: 738.8155, kd: 7680.7959), Elapsed: train 2.46 test 0.37
09/05/2026,03:26:51: 	Recall@10: 0.04383 Recall@20: 0.06392 NDCG@10: 0.02619 NDCG@20: 0.03174 
09/05/2026,03:26:51: 	Recall@10: 0.01740 Recall@20: 0.02412 NDCG@10: 0.01021 NDCG@20: 0.01207 
09/05/2026,03:26:51: Epoch [146/1000]
09/05/2026,03:26:51: Negative sampling...
09/05/2026,03:26:53: Model's personal time...
09/05/2026,03:26:53: Training...
09/05/2026,03:26:54: Evaluating...
09/05/2026,03:26:54: 	Train Loss: 3843672.0000 (base: 738.6998, kd: 7685.8672), Elapsed: train 2.48 test 0.31
09/05/2026,03:26:54: 	Recall@10: 0.04507 Recall@20: 0.06483 NDCG@10: 0.02631 NDCG@20: 0.03175 
09/05/2026,03:26:54: 	Recall@10: 0.01747 Recall@20: 0.02458 NDCG@10: 0.01023 NDCG@20: 0.01219 
09/05/2026,03:26:54: Epoch [147/1000]
09/05/2026,03:26:54: Negative sampling...
09/05/2026,03:26:55: Model's personal time...
09/05/2026,03:26:55: Training...
09/05/2026,03:26:57: Evaluating...
09/05/2026,03:26:57: 	Train Loss: 3842407.5000 (base: 741.1789, kd: 7683.3325), Elapsed: train 2.53 test 0.46
09/05/2026,03:26:57: 	Recall@10: 0.04445 Recall@20: 0.06296 NDCG@10: 0.02616 NDCG@20: 0.03127 
09/05/2026,03:26:57: 	Recall@10: 0.01730 Recall@20: 0.02386 NDCG@10: 0.01016 NDCG@20: 0.01197 
09/05/2026,03:26:57: Epoch [148/1000]
09/05/2026,03:26:57: Negative sampling...
09/05/2026,03:26:58: Model's personal time...
09/05/2026,03:26:59: Training...
09/05/2026,03:27:00: Evaluating...
09/05/2026,03:27:00: 	Train Loss: 3843345.2500 (base: 734.6450, kd: 7685.2207), Elapsed: train 2.58 test 0.32
09/05/2026,03:27:00: 	Recall@10: 0.04431 Recall@20: 0.06324 NDCG@10: 0.02656 NDCG@20: 0.03174 
09/05/2026,03:27:00: 	Recall@10: 0.01762 Recall@20: 0.02416 NDCG@10: 0.01040 NDCG@20: 0.01220 
09/05/2026,03:27:00: Epoch [149/1000]
09/05/2026,03:27:00: Negative sampling...
09/05/2026,03:27:01: Model's personal time...
09/05/2026,03:27:01: Training...
09/05/2026,03:27:03: Evaluating...
09/05/2026,03:27:03: 	Train Loss: 3841819.2500 (base: 735.7136, kd: 7682.1670), Elapsed: train 2.52 test 0.29
09/05/2026,03:27:03: 	Recall@10: 0.04441 Recall@20: 0.06399 NDCG@10: 0.02626 NDCG@20: 0.03165 
09/05/2026,03:27:03: 	Recall@10: 0.01714 Recall@20: 0.02428 NDCG@10: 0.01016 NDCG@20: 0.01212 
09/05/2026,03:27:03: Epoch [150/1000]
09/05/2026,03:27:03: Negative sampling...
09/05/2026,03:27:04: Model's personal time...
09/05/2026,03:27:04: Training...
09/05/2026,03:27:05: Evaluating...
09/05/2026,03:27:06: 	Train Loss: 3841142.5000 (base: 735.8868, kd: 7680.8125), Elapsed: train 2.59 test 0.31 *
09/05/2026,03:27:06: 	Recall@10: 0.04484 Recall@20: 0.06344 NDCG@10: 0.02688 NDCG@20: 0.03195 
09/05/2026,03:27:06: 	Recall@10: 0.01714 Recall@20: 0.02412 NDCG@10: 0.01025 NDCG@20: 0.01217 
09/05/2026,03:27:06: Epoch [151/1000]
09/05/2026,03:27:06: Negative sampling...
09/05/2026,03:27:07: Model's personal time...
09/05/2026,03:27:07: Training...
09/05/2026,03:27:08: Evaluating...
09/05/2026,03:27:09: 	Train Loss: 3840679.0000 (base: 732.7084, kd: 7679.8926), Elapsed: train 2.45 test 0.33
09/05/2026,03:27:09: 	Recall@10: 0.04566 Recall@20: 0.06394 NDCG@10: 0.02661 NDCG@20: 0.03160 
09/05/2026,03:27:09: 	Recall@10: 0.01734 Recall@20: 0.02413 NDCG@10: 0.01008 NDCG@20: 0.01198 
09/05/2026,03:27:09: Epoch [152/1000]
09/05/2026,03:27:09: Negative sampling...
09/05/2026,03:27:10: Model's personal time...
09/05/2026,03:27:10: Training...
09/05/2026,03:27:11: Evaluating...
09/05/2026,03:27:11: 	Train Loss: 3842096.2500 (base: 731.5194, kd: 7682.7295), Elapsed: train 2.49 test 0.35
09/05/2026,03:27:11: 	Recall@10: 0.04474 Recall@20: 0.06353 NDCG@10: 0.02672 NDCG@20: 0.03192 
09/05/2026,03:27:11: 	Recall@10: 0.01743 Recall@20: 0.02386 NDCG@10: 0.00985 NDCG@20: 0.01163 
09/05/2026,03:27:11: Epoch [153/1000]
09/05/2026,03:27:11: Negative sampling...
09/05/2026,03:27:13: Model's personal time...
09/05/2026,03:27:13: Training...
09/05/2026,03:27:14: Evaluating...
09/05/2026,03:27:14: 	Train Loss: 3842125.7500 (base: 729.1084, kd: 7682.7930), Elapsed: train 2.31 test 0.37
09/05/2026,03:27:14: 	Recall@10: 0.04444 Recall@20: 0.06308 NDCG@10: 0.02671 NDCG@20: 0.03190 
09/05/2026,03:27:14: 	Recall@10: 0.01743 Recall@20: 0.02443 NDCG@10: 0.00999 NDCG@20: 0.01191 
09/05/2026,03:27:14: Epoch [154/1000]
09/05/2026,03:27:14: Negative sampling...
09/05/2026,03:27:15: Model's personal time...
09/05/2026,03:27:15: Training...
09/05/2026,03:27:16: Evaluating...
09/05/2026,03:27:17: 	Train Loss: 3839408.2500 (base: 735.3365, kd: 7677.3467), Elapsed: train 2.46 test 0.34
09/05/2026,03:27:17: 	Recall@10: 0.04483 Recall@20: 0.06405 NDCG@10: 0.02655 NDCG@20: 0.03179 
09/05/2026,03:27:17: 	Recall@10: 0.01738 Recall@20: 0.02447 NDCG@10: 0.01023 NDCG@20: 0.01217 
09/05/2026,03:27:17: Epoch [155/1000]
09/05/2026,03:27:17: Negative sampling...
09/05/2026,03:27:18: Model's personal time...
09/05/2026,03:27:18: Training...
09/05/2026,03:27:19: Evaluating...
09/05/2026,03:27:20: 	Train Loss: 3838194.7500 (base: 733.8033, kd: 7674.9214), Elapsed: train 2.55 test 0.32 *
09/05/2026,03:27:20: 	Recall@10: 0.04456 Recall@20: 0.06411 NDCG@10: 0.02663 NDCG@20: 0.03202 
09/05/2026,03:27:20: 	Recall@10: 0.01719 Recall@20: 0.02499 NDCG@10: 0.00991 NDCG@20: 0.01206 
09/05/2026,03:27:20: Epoch [156/1000]
09/05/2026,03:27:20: Negative sampling...
09/05/2026,03:27:21: Model's personal time...
09/05/2026,03:27:21: Training...
09/05/2026,03:27:22: Evaluating...
09/05/2026,03:27:23: 	Train Loss: 3837090.2500 (base: 740.3532, kd: 7672.7002), Elapsed: train 2.51 test 0.32
09/05/2026,03:27:23: 	Recall@10: 0.04387 Recall@20: 0.06329 NDCG@10: 0.02631 NDCG@20: 0.03169 
09/05/2026,03:27:23: 	Recall@10: 0.01722 Recall@20: 0.02517 NDCG@10: 0.01014 NDCG@20: 0.01231 
09/05/2026,03:27:23: Epoch [157/1000]
09/05/2026,03:27:23: Negative sampling...
09/05/2026,03:27:24: Model's personal time...
09/05/2026,03:27:24: Training...
09/05/2026,03:27:25: Evaluating...
09/05/2026,03:27:25: 	Train Loss: 3837579.0000 (base: 736.4216, kd: 7673.6855), Elapsed: train 2.45 test 0.31 *
09/05/2026,03:27:25: 	Recall@10: 0.04548 Recall@20: 0.06419 NDCG@10: 0.02691 NDCG@20: 0.03206 
09/05/2026,03:27:25: 	Recall@10: 0.01772 Recall@20: 0.02483 NDCG@10: 0.01053 NDCG@20: 0.01249 
09/05/2026,03:27:25: Epoch [158/1000]
09/05/2026,03:27:25: Negative sampling...
09/05/2026,03:27:27: Model's personal time...
09/05/2026,03:27:27: Training...
09/05/2026,03:27:28: Evaluating...
09/05/2026,03:27:28: 	Train Loss: 3837508.2500 (base: 734.6517, kd: 7673.5469), Elapsed: train 2.58 test 0.33
09/05/2026,03:27:28: 	Recall@10: 0.04331 Recall@20: 0.06300 NDCG@10: 0.02621 NDCG@20: 0.03161 
09/05/2026,03:27:28: 	Recall@10: 0.01732 Recall@20: 0.02460 NDCG@10: 0.01003 NDCG@20: 0.01200 
09/05/2026,03:27:28: Epoch [159/1000]
09/05/2026,03:27:28: Negative sampling...
09/05/2026,03:27:30: Model's personal time...
09/05/2026,03:27:30: Training...
09/05/2026,03:27:31: Evaluating...
09/05/2026,03:27:31: 	Train Loss: 3838862.2500 (base: 731.9567, kd: 7676.2603), Elapsed: train 2.49 test 0.40
09/05/2026,03:27:31: 	Recall@10: 0.04546 Recall@20: 0.06329 NDCG@10: 0.02675 NDCG@20: 0.03168 
09/05/2026,03:27:31: 	Recall@10: 0.01751 Recall@20: 0.02500 NDCG@10: 0.01035 NDCG@20: 0.01239 
09/05/2026,03:27:31: Epoch [160/1000]
09/05/2026,03:27:31: Negative sampling...
09/05/2026,03:27:32: Model's personal time...
09/05/2026,03:27:32: Training...
09/05/2026,03:27:34: Evaluating...
09/05/2026,03:27:34: 	Train Loss: 3833990.2500 (base: 731.4969, kd: 7666.5176), Elapsed: train 2.50 test 0.40
09/05/2026,03:27:34: 	Recall@10: 0.04578 Recall@20: 0.06376 NDCG@10: 0.02707 NDCG@20: 0.03203 
09/05/2026,03:27:34: 	Recall@10: 0.01732 Recall@20: 0.02470 NDCG@10: 0.01012 NDCG@20: 0.01213 
09/05/2026,03:27:34: Epoch [161/1000]
09/05/2026,03:27:34: Negative sampling...
09/05/2026,03:27:35: Model's personal time...
09/05/2026,03:27:35: Training...
09/05/2026,03:27:36: Evaluating...
09/05/2026,03:27:37: 	Train Loss: 3835972.5000 (base: 736.6376, kd: 7670.4717), Elapsed: train 2.36 test 0.44 *
09/05/2026,03:27:37: 	Recall@10: 0.04432 Recall@20: 0.06442 NDCG@10: 0.02657 NDCG@20: 0.03208 
09/05/2026,03:27:37: 	Recall@10: 0.01686 Recall@20: 0.02462 NDCG@10: 0.00989 NDCG@20: 0.01203 
09/05/2026,03:27:37: Epoch [162/1000]
09/05/2026,03:27:37: Negative sampling...
09/05/2026,03:27:38: Model's personal time...
09/05/2026,03:27:38: Training...
09/05/2026,03:27:39: Evaluating...
09/05/2026,03:27:40: 	Train Loss: 3832368.2500 (base: 736.3749, kd: 7663.2637), Elapsed: train 2.51 test 0.29
09/05/2026,03:27:40: 	Recall@10: 0.04478 Recall@20: 0.06369 NDCG@10: 0.02647 NDCG@20: 0.03171 
09/05/2026,03:27:40: 	Recall@10: 0.01750 Recall@20: 0.02504 NDCG@10: 0.01006 NDCG@20: 0.01215 
09/05/2026,03:27:40: Epoch [163/1000]
09/05/2026,03:27:40: Negative sampling...
09/05/2026,03:27:41: Model's personal time...
09/05/2026,03:27:41: Training...
09/05/2026,03:27:42: Evaluating...
09/05/2026,03:27:42: 	Train Loss: 3833132.2500 (base: 731.1497, kd: 7664.8027), Elapsed: train 2.52 test 0.29 *
09/05/2026,03:27:42: 	Recall@10: 0.04542 Recall@20: 0.06486 NDCG@10: 0.02716 NDCG@20: 0.03249 
09/05/2026,03:27:42: 	Recall@10: 0.01703 Recall@20: 0.02494 NDCG@10: 0.01003 NDCG@20: 0.01222 
09/05/2026,03:27:42: Epoch [164/1000]
09/05/2026,03:27:42: Negative sampling...
09/05/2026,03:27:44: Model's personal time...
09/05/2026,03:27:44: Training...
09/05/2026,03:27:45: Evaluating...
09/05/2026,03:27:45: 	Train Loss: 3834203.0000 (base: 732.7498, kd: 7666.9414), Elapsed: train 2.60 test 0.32
09/05/2026,03:27:45: 	Recall@10: 0.04393 Recall@20: 0.06394 NDCG@10: 0.02649 NDCG@20: 0.03204 
09/05/2026,03:27:45: 	Recall@10: 0.01692 Recall@20: 0.02475 NDCG@10: 0.01001 NDCG@20: 0.01213 
09/05/2026,03:27:45: Epoch [165/1000]
09/05/2026,03:27:45: Negative sampling...
09/05/2026,03:27:47: Model's personal time...
09/05/2026,03:27:47: Training...
09/05/2026,03:27:48: Evaluating...
09/05/2026,03:27:48: 	Train Loss: 3836738.0000 (base: 731.8644, kd: 7672.0117), Elapsed: train 2.76 test 0.35
09/05/2026,03:27:48: 	Recall@10: 0.04472 Recall@20: 0.06502 NDCG@10: 0.02653 NDCG@20: 0.03207 
09/05/2026,03:27:48: 	Recall@10: 0.01772 Recall@20: 0.02459 NDCG@10: 0.01026 NDCG@20: 0.01213 
09/05/2026,03:27:48: Epoch [166/1000]
09/05/2026,03:27:48: Negative sampling...
09/05/2026,03:27:50: Model's personal time...
09/05/2026,03:27:50: Training...
09/05/2026,03:27:51: Evaluating...
09/05/2026,03:27:51: 	Train Loss: 3832900.7500 (base: 727.3152, kd: 7664.3467), Elapsed: train 2.69 test 0.27
09/05/2026,03:27:51: 	Recall@10: 0.04463 Recall@20: 0.06344 NDCG@10: 0.02673 NDCG@20: 0.03192 
09/05/2026,03:27:51: 	Recall@10: 0.01703 Recall@20: 0.02464 NDCG@10: 0.01004 NDCG@20: 0.01215 
09/05/2026,03:27:51: Epoch [167/1000]
09/05/2026,03:27:51: Negative sampling...
09/05/2026,03:27:53: Model's personal time...
09/05/2026,03:27:53: Training...
09/05/2026,03:27:54: Evaluating...
09/05/2026,03:27:54: 	Train Loss: 3832409.5000 (base: 730.5792, kd: 7663.3574), Elapsed: train 2.59 test 0.41
09/05/2026,03:27:54: 	Recall@10: 0.04431 Recall@20: 0.06482 NDCG@10: 0.02644 NDCG@20: 0.03204 
09/05/2026,03:27:54: 	Recall@10: 0.01703 Recall@20: 0.02488 NDCG@10: 0.01001 NDCG@20: 0.01216 
09/05/2026,03:27:54: Epoch [168/1000]
09/05/2026,03:27:54: Negative sampling...
09/05/2026,03:27:56: Model's personal time...
09/05/2026,03:27:56: Training...
09/05/2026,03:27:57: Evaluating...
09/05/2026,03:27:57: 	Train Loss: 3834298.0000 (base: 729.7655, kd: 7667.1362), Elapsed: train 2.63 test 0.34
09/05/2026,03:27:57: 	Recall@10: 0.04518 Recall@20: 0.06477 NDCG@10: 0.02687 NDCG@20: 0.03232 
09/05/2026,03:27:57: 	Recall@10: 0.01758 Recall@20: 0.02486 NDCG@10: 0.01031 NDCG@20: 0.01230 
09/05/2026,03:27:57: Epoch [169/1000]
09/05/2026,03:27:57: Negative sampling...
09/05/2026,03:27:59: Model's personal time...
09/05/2026,03:27:59: Training...
09/05/2026,03:28:00: Evaluating...
09/05/2026,03:28:00: 	Train Loss: 3835265.5000 (base: 730.1151, kd: 7669.0708), Elapsed: train 2.53 test 0.39
09/05/2026,03:28:00: 	Recall@10: 0.04552 Recall@20: 0.06391 NDCG@10: 0.02732 NDCG@20: 0.03235 
09/05/2026,03:28:00: 	Recall@10: 0.01694 Recall@20: 0.02477 NDCG@10: 0.00991 NDCG@20: 0.01203 
09/05/2026,03:28:00: Epoch [170/1000]
09/05/2026,03:28:00: Negative sampling...
09/05/2026,03:28:02: Model's personal time...
09/05/2026,03:28:02: Training...
09/05/2026,03:28:03: Evaluating...
09/05/2026,03:28:03: 	Train Loss: 3835897.5000 (base: 731.7686, kd: 7670.3320), Elapsed: train 2.62 test 0.28
09/05/2026,03:28:03: 	Recall@10: 0.04553 Recall@20: 0.06389 NDCG@10: 0.02700 NDCG@20: 0.03203 
09/05/2026,03:28:03: 	Recall@10: 0.01733 Recall@20: 0.02472 NDCG@10: 0.01012 NDCG@20: 0.01215 
09/05/2026,03:28:03: Epoch [171/1000]
09/05/2026,03:28:03: Negative sampling...
09/05/2026,03:28:05: Model's personal time...
09/05/2026,03:28:05: Training...
09/05/2026,03:28:06: Evaluating...
09/05/2026,03:28:06: 	Train Loss: 3831331.5000 (base: 731.1260, kd: 7661.2007), Elapsed: train 2.60 test 0.36 *
09/05/2026,03:28:06: 	Recall@10: 0.04540 Recall@20: 0.06553 NDCG@10: 0.02709 NDCG@20: 0.03261 
09/05/2026,03:28:06: 	Recall@10: 0.01771 Recall@20: 0.02473 NDCG@10: 0.01011 NDCG@20: 0.01205 
09/05/2026,03:28:06: Epoch [172/1000]
09/05/2026,03:28:06: Negative sampling...
09/05/2026,03:28:08: Model's personal time...
09/05/2026,03:28:08: Training...
09/05/2026,03:28:09: Evaluating...
09/05/2026,03:28:09: 	Train Loss: 3828938.0000 (base: 729.0774, kd: 7656.4175), Elapsed: train 2.55 test 0.28
09/05/2026,03:28:09: 	Recall@10: 0.04541 Recall@20: 0.06430 NDCG@10: 0.02694 NDCG@20: 0.03218 
09/05/2026,03:28:09: 	Recall@10: 0.01790 Recall@20: 0.02484 NDCG@10: 0.01040 NDCG@20: 0.01232 
09/05/2026,03:28:09: Epoch [173/1000]
09/05/2026,03:28:09: Negative sampling...
09/05/2026,03:28:10: Model's personal time...
09/05/2026,03:28:10: Training...
09/05/2026,03:28:12: Evaluating...
09/05/2026,03:28:12: 	Train Loss: 3832869.7500 (base: 731.5009, kd: 7664.2769), Elapsed: train 2.59 test 0.42
09/05/2026,03:28:12: 	Recall@10: 0.04512 Recall@20: 0.06398 NDCG@10: 0.02680 NDCG@20: 0.03197 
09/05/2026,03:28:12: 	Recall@10: 0.01770 Recall@20: 0.02567 NDCG@10: 0.01028 NDCG@20: 0.01244 
09/05/2026,03:28:12: Epoch [174/1000]
09/05/2026,03:28:12: Negative sampling...
09/05/2026,03:28:13: Model's personal time...
09/05/2026,03:28:13: Training...
09/05/2026,03:28:15: Evaluating...
09/05/2026,03:28:15: 	Train Loss: 3833302.2500 (base: 724.5374, kd: 7665.1553), Elapsed: train 2.53 test 0.36
09/05/2026,03:28:15: 	Recall@10: 0.04513 Recall@20: 0.06381 NDCG@10: 0.02695 NDCG@20: 0.03211 
09/05/2026,03:28:15: 	Recall@10: 0.01753 Recall@20: 0.02432 NDCG@10: 0.01000 NDCG@20: 0.01187 
09/05/2026,03:28:15: Epoch [175/1000]
09/05/2026,03:28:15: Negative sampling...
09/05/2026,03:28:16: Model's personal time...
09/05/2026,03:28:16: Training...
09/05/2026,03:28:17: Evaluating...
09/05/2026,03:28:18: 	Train Loss: 3832813.7500 (base: 722.8825, kd: 7664.1821), Elapsed: train 2.53 test 0.28
09/05/2026,03:28:18: 	Recall@10: 0.04483 Recall@20: 0.06422 NDCG@10: 0.02670 NDCG@20: 0.03207 
09/05/2026,03:28:18: 	Recall@10: 0.01758 Recall@20: 0.02480 NDCG@10: 0.01014 NDCG@20: 0.01214 
09/05/2026,03:28:18: Epoch [176/1000]
09/05/2026,03:28:18: Negative sampling...
09/05/2026,03:28:19: Model's personal time...
09/05/2026,03:28:19: Training...
09/05/2026,03:28:20: Evaluating...
09/05/2026,03:28:21: 	Train Loss: 3831401.0000 (base: 725.7470, kd: 7661.3506), Elapsed: train 2.67 test 0.31
09/05/2026,03:28:21: 	Recall@10: 0.04448 Recall@20: 0.06429 NDCG@10: 0.02678 NDCG@20: 0.03219 
09/05/2026,03:28:21: 	Recall@10: 0.01703 Recall@20: 0.02453 NDCG@10: 0.00991 NDCG@20: 0.01198 
09/05/2026,03:28:21: Epoch [177/1000]
09/05/2026,03:28:21: Negative sampling...
09/05/2026,03:28:22: Model's personal time...
09/05/2026,03:28:22: Training...
09/05/2026,03:28:23: Evaluating...
09/05/2026,03:28:24: 	Train Loss: 3831465.5000 (base: 722.3993, kd: 7661.4858), Elapsed: train 2.38 test 0.44
09/05/2026,03:28:24: 	Recall@10: 0.04509 Recall@20: 0.06425 NDCG@10: 0.02690 NDCG@20: 0.03222 
09/05/2026,03:28:24: 	Recall@10: 0.01802 Recall@20: 0.02513 NDCG@10: 0.01045 NDCG@20: 0.01241 
09/05/2026,03:28:24: Epoch [178/1000]
09/05/2026,03:28:24: Negative sampling...
09/05/2026,03:28:25: Model's personal time...
09/05/2026,03:28:25: Training...
09/05/2026,03:28:26: Evaluating...
09/05/2026,03:28:26: 	Train Loss: 3833254.5000 (base: 722.3652, kd: 7665.0645), Elapsed: train 2.54 test 0.39
09/05/2026,03:28:26: 	Recall@10: 0.04600 Recall@20: 0.06414 NDCG@10: 0.02734 NDCG@20: 0.03238 
09/05/2026,03:28:26: 	Recall@10: 0.01815 Recall@20: 0.02566 NDCG@10: 0.01064 NDCG@20: 0.01269 
09/05/2026,03:28:26: Epoch [179/1000]
09/05/2026,03:28:26: Negative sampling...
09/05/2026,03:28:28: Model's personal time...
09/05/2026,03:28:28: Training...
09/05/2026,03:28:29: Evaluating...
09/05/2026,03:28:30: 	Train Loss: 3831745.2500 (base: 721.5958, kd: 7662.0469), Elapsed: train 2.68 test 0.43
09/05/2026,03:28:30: 	Recall@10: 0.04520 Recall@20: 0.06406 NDCG@10: 0.02700 NDCG@20: 0.03215 
09/05/2026,03:28:30: 	Recall@10: 0.01758 Recall@20: 0.02475 NDCG@10: 0.01056 NDCG@20: 0.01254 
09/05/2026,03:28:30: Epoch [180/1000]
09/05/2026,03:28:30: Negative sampling...
09/05/2026,03:28:31: Model's personal time...
09/05/2026,03:28:31: Training...
09/05/2026,03:28:32: Evaluating...
09/05/2026,03:28:33: 	Train Loss: 3828185.5000 (base: 721.4512, kd: 7654.9282), Elapsed: train 2.60 test 0.38
09/05/2026,03:28:33: 	Recall@10: 0.04497 Recall@20: 0.06289 NDCG@10: 0.02693 NDCG@20: 0.03191 
09/05/2026,03:28:33: 	Recall@10: 0.01772 Recall@20: 0.02533 NDCG@10: 0.01036 NDCG@20: 0.01244 
09/05/2026,03:28:33: Epoch [181/1000]
09/05/2026,03:28:33: Negative sampling...
09/05/2026,03:28:34: Model's personal time...
09/05/2026,03:28:34: Training...
09/05/2026,03:28:35: Evaluating...
09/05/2026,03:28:35: 	Train Loss: 3829242.7500 (base: 727.0879, kd: 7657.0303), Elapsed: train 2.50 test 0.29
09/05/2026,03:28:35: 	Recall@10: 0.04467 Recall@20: 0.06421 NDCG@10: 0.02698 NDCG@20: 0.03241 
09/05/2026,03:28:35: 	Recall@10: 0.01752 Recall@20: 0.02499 NDCG@10: 0.01020 NDCG@20: 0.01225 
09/05/2026,03:28:35: Epoch [182/1000]
09/05/2026,03:28:35: Negative sampling...
09/05/2026,03:28:37: Model's personal time...
09/05/2026,03:28:37: Training...
09/05/2026,03:28:38: Evaluating...
09/05/2026,03:28:38: 	Train Loss: 3827834.0000 (base: 721.6750, kd: 7654.2241), Elapsed: train 2.47 test 0.34
09/05/2026,03:28:38: 	Recall@10: 0.04534 Recall@20: 0.06443 NDCG@10: 0.02694 NDCG@20: 0.03221 
09/05/2026,03:28:38: 	Recall@10: 0.01734 Recall@20: 0.02539 NDCG@10: 0.01033 NDCG@20: 0.01252 
09/05/2026,03:28:38: Epoch [183/1000]
09/05/2026,03:28:38: Negative sampling...
09/05/2026,03:28:39: Model's personal time...
09/05/2026,03:28:39: Training...
09/05/2026,03:28:41: Evaluating...
09/05/2026,03:28:41: 	Train Loss: 3828032.5000 (base: 728.9582, kd: 7654.6069), Elapsed: train 2.51 test 0.28
09/05/2026,03:28:41: 	Recall@10: 0.04552 Recall@20: 0.06423 NDCG@10: 0.02708 NDCG@20: 0.03217 
09/05/2026,03:28:41: 	Recall@10: 0.01811 Recall@20: 0.02524 NDCG@10: 0.01056 NDCG@20: 0.01253 
09/05/2026,03:28:41: Epoch [184/1000]
09/05/2026,03:28:41: Negative sampling...
09/05/2026,03:28:42: Model's personal time...
09/05/2026,03:28:42: Training...
09/05/2026,03:28:43: Evaluating...
09/05/2026,03:28:44: 	Train Loss: 3825498.2500 (base: 718.3881, kd: 7649.5596), Elapsed: train 2.45 test 0.34
09/05/2026,03:28:44: 	Recall@10: 0.04547 Recall@20: 0.06415 NDCG@10: 0.02721 NDCG@20: 0.03235 
09/05/2026,03:28:44: 	Recall@10: 0.01830 Recall@20: 0.02555 NDCG@10: 0.01054 NDCG@20: 0.01252 
09/05/2026,03:28:44: Epoch [185/1000]
09/05/2026,03:28:44: Negative sampling...
09/05/2026,03:28:45: Model's personal time...
09/05/2026,03:28:45: Training...
09/05/2026,03:28:46: Evaluating...
09/05/2026,03:28:46: 	Train Loss: 3826425.7500 (base: 719.5909, kd: 7651.4126), Elapsed: train 2.36 test 0.39 *
09/05/2026,03:28:46: 	Recall@10: 0.04588 Recall@20: 0.06604 NDCG@10: 0.02715 NDCG@20: 0.03271 
09/05/2026,03:28:46: 	Recall@10: 0.01828 Recall@20: 0.02522 NDCG@10: 0.01062 NDCG@20: 0.01253 
09/05/2026,03:28:46: Epoch [186/1000]
09/05/2026,03:28:46: Negative sampling...
09/05/2026,03:28:48: Model's personal time...
09/05/2026,03:28:48: Training...
09/05/2026,03:28:49: Evaluating...
09/05/2026,03:28:49: 	Train Loss: 3825234.0000 (base: 718.9476, kd: 7649.0293), Elapsed: train 2.47 test 0.28
09/05/2026,03:28:49: 	Recall@10: 0.04450 Recall@20: 0.06398 NDCG@10: 0.02691 NDCG@20: 0.03233 
09/05/2026,03:28:49: 	Recall@10: 0.01806 Recall@20: 0.02595 NDCG@10: 0.01063 NDCG@20: 0.01278 
09/05/2026,03:28:49: Epoch [187/1000]
09/05/2026,03:28:49: Negative sampling...
09/05/2026,03:28:51: Model's personal time...
09/05/2026,03:28:51: Training...
09/05/2026,03:28:52: Evaluating...
09/05/2026,03:28:52: 	Train Loss: 3827870.0000 (base: 717.4410, kd: 7654.3047), Elapsed: train 2.57 test 0.32
09/05/2026,03:28:52: 	Recall@10: 0.04554 Recall@20: 0.06455 NDCG@10: 0.02697 NDCG@20: 0.03222 
09/05/2026,03:28:52: 	Recall@10: 0.01777 Recall@20: 0.02511 NDCG@10: 0.01015 NDCG@20: 0.01217 
09/05/2026,03:28:52: Epoch [188/1000]
09/05/2026,03:28:52: Negative sampling...
09/05/2026,03:28:53: Model's personal time...
09/05/2026,03:28:53: Training...
09/05/2026,03:28:55: Evaluating...
09/05/2026,03:28:55: 	Train Loss: 3828303.0000 (base: 718.9249, kd: 7655.1675), Elapsed: train 2.53 test 0.27
09/05/2026,03:28:55: 	Recall@10: 0.04509 Recall@20: 0.06445 NDCG@10: 0.02700 NDCG@20: 0.03241 
09/05/2026,03:28:55: 	Recall@10: 0.01815 Recall@20: 0.02551 NDCG@10: 0.01080 NDCG@20: 0.01281 
09/05/2026,03:28:55: Epoch [189/1000]
09/05/2026,03:28:55: Negative sampling...
09/05/2026,03:28:56: Model's personal time...
09/05/2026,03:28:56: Training...
09/05/2026,03:28:57: Evaluating...
09/05/2026,03:28:58: 	Train Loss: 3826394.2500 (base: 721.2634, kd: 7651.3467), Elapsed: train 2.46 test 0.33
09/05/2026,03:28:58: 	Recall@10: 0.04484 Recall@20: 0.06497 NDCG@10: 0.02701 NDCG@20: 0.03256 
09/05/2026,03:28:58: 	Recall@10: 0.01841 Recall@20: 0.02570 NDCG@10: 0.01087 NDCG@20: 0.01287 
09/05/2026,03:28:58: Epoch [190/1000]
09/05/2026,03:28:58: Negative sampling...
09/05/2026,03:28:59: Model's personal time...
09/05/2026,03:28:59: Training...
09/05/2026,03:29:00: Evaluating...
09/05/2026,03:29:01: 	Train Loss: 3823856.0000 (base: 719.8498, kd: 7646.2715), Elapsed: train 2.55 test 0.36
09/05/2026,03:29:01: 	Recall@10: 0.04573 Recall@20: 0.06470 NDCG@10: 0.02700 NDCG@20: 0.03222 
09/05/2026,03:29:01: 	Recall@10: 0.01782 Recall@20: 0.02548 NDCG@10: 0.01047 NDCG@20: 0.01259 
09/05/2026,03:29:01: Epoch [191/1000]
09/05/2026,03:29:01: Negative sampling...
09/05/2026,03:29:02: Model's personal time...
09/05/2026,03:29:02: Training...
09/05/2026,03:29:03: Evaluating...
09/05/2026,03:29:03: 	Train Loss: 3823133.7500 (base: 721.4263, kd: 7644.8252), Elapsed: train 2.48 test 0.31 *
09/05/2026,03:29:03: 	Recall@10: 0.04603 Recall@20: 0.06495 NDCG@10: 0.02758 NDCG@20: 0.03280 
09/05/2026,03:29:03: 	Recall@10: 0.01817 Recall@20: 0.02513 NDCG@10: 0.01066 NDCG@20: 0.01259 
09/05/2026,03:29:03: Epoch [192/1000]
09/05/2026,03:29:03: Negative sampling...
09/05/2026,03:29:05: Model's personal time...
09/05/2026,03:29:05: Training...
09/05/2026,03:29:06: Evaluating...
09/05/2026,03:29:06: 	Train Loss: 3825530.7500 (base: 717.1043, kd: 7649.6274), Elapsed: train 2.71 test 0.34 *
09/05/2026,03:29:06: 	Recall@10: 0.04482 Recall@20: 0.06542 NDCG@10: 0.02716 NDCG@20: 0.03282 
09/05/2026,03:29:06: 	Recall@10: 0.01767 Recall@20: 0.02639 NDCG@10: 0.01032 NDCG@20: 0.01271 
09/05/2026,03:29:06: Epoch [193/1000]
09/05/2026,03:29:06: Negative sampling...
09/05/2026,03:29:08: Model's personal time...
09/05/2026,03:29:08: Training...
09/05/2026,03:29:09: Evaluating...
09/05/2026,03:29:09: 	Train Loss: 3826077.7500 (base: 716.3229, kd: 7650.7231), Elapsed: train 2.38 test 0.27
09/05/2026,03:29:09: 	Recall@10: 0.04631 Recall@20: 0.06524 NDCG@10: 0.02757 NDCG@20: 0.03280 
09/05/2026,03:29:09: 	Recall@10: 0.01831 Recall@20: 0.02559 NDCG@10: 0.01077 NDCG@20: 0.01277 
09/05/2026,03:29:09: Epoch [194/1000]
09/05/2026,03:29:09: Negative sampling...
09/05/2026,03:29:10: Model's personal time...
09/05/2026,03:29:10: Training...
09/05/2026,03:29:12: Evaluating...
09/05/2026,03:29:12: 	Train Loss: 3827491.2500 (base: 716.8085, kd: 7653.5488), Elapsed: train 2.67 test 0.52
09/05/2026,03:29:12: 	Recall@10: 0.04623 Recall@20: 0.06511 NDCG@10: 0.02733 NDCG@20: 0.03252 
09/05/2026,03:29:12: 	Recall@10: 0.01788 Recall@20: 0.02632 NDCG@10: 0.01046 NDCG@20: 0.01275 
09/05/2026,03:29:12: Epoch [195/1000]
09/05/2026,03:29:12: Negative sampling...
09/05/2026,03:29:14: Model's personal time...
09/05/2026,03:29:14: Training...
09/05/2026,03:29:15: Evaluating...
09/05/2026,03:29:15: 	Train Loss: 3826045.2500 (base: 717.0919, kd: 7650.6567), Elapsed: train 2.53 test 0.31
09/05/2026,03:29:15: 	Recall@10: 0.04583 Recall@20: 0.06455 NDCG@10: 0.02733 NDCG@20: 0.03254 
09/05/2026,03:29:15: 	Recall@10: 0.01831 Recall@20: 0.02574 NDCG@10: 0.01056 NDCG@20: 0.01262 
09/05/2026,03:29:15: Epoch [196/1000]
09/05/2026,03:29:15: Negative sampling...
09/05/2026,03:29:17: Model's personal time...
09/05/2026,03:29:17: Training...
09/05/2026,03:29:18: Evaluating...
09/05/2026,03:29:18: 	Train Loss: 3825015.5000 (base: 717.3840, kd: 7648.5967), Elapsed: train 2.54 test 0.32
09/05/2026,03:29:18: 	Recall@10: 0.04609 Recall@20: 0.06448 NDCG@10: 0.02746 NDCG@20: 0.03261 
09/05/2026,03:29:18: 	Recall@10: 0.01795 Recall@20: 0.02602 NDCG@10: 0.01071 NDCG@20: 0.01294 
09/05/2026,03:29:18: Epoch [197/1000]
09/05/2026,03:29:18: Negative sampling...
09/05/2026,03:29:19: Model's personal time...
09/05/2026,03:29:19: Training...
09/05/2026,03:29:20: Evaluating...
09/05/2026,03:29:21: 	Train Loss: 3821841.5000 (base: 715.2509, kd: 7642.2529), Elapsed: train 2.44 test 0.26 *
09/05/2026,03:29:21: 	Recall@10: 0.04617 Recall@20: 0.06534 NDCG@10: 0.02767 NDCG@20: 0.03299 
09/05/2026,03:29:21: 	Recall@10: 0.01802 Recall@20: 0.02607 NDCG@10: 0.01063 NDCG@20: 0.01286 
09/05/2026,03:29:21: Epoch [198/1000]
09/05/2026,03:29:21: Negative sampling...
09/05/2026,03:29:22: Model's personal time...
09/05/2026,03:29:22: Training...
09/05/2026,03:29:23: Evaluating...
09/05/2026,03:29:24: 	Train Loss: 3822115.7500 (base: 718.4381, kd: 7642.7949), Elapsed: train 2.47 test 0.41 *
09/05/2026,03:29:24: 	Recall@10: 0.04649 Recall@20: 0.06556 NDCG@10: 0.02796 NDCG@20: 0.03324 
09/05/2026,03:29:24: 	Recall@10: 0.01803 Recall@20: 0.02700 NDCG@10: 0.01067 NDCG@20: 0.01312 
09/05/2026,03:29:24: Epoch [199/1000]
09/05/2026,03:29:24: Negative sampling...
09/05/2026,03:29:25: Model's personal time...
09/05/2026,03:29:25: Training...
09/05/2026,03:29:26: Evaluating...
09/05/2026,03:29:27: 	Train Loss: 3822222.5000 (base: 713.8754, kd: 7643.0176), Elapsed: train 2.66 test 0.35
09/05/2026,03:29:27: 	Recall@10: 0.04643 Recall@20: 0.06584 NDCG@10: 0.02771 NDCG@20: 0.03301 
09/05/2026,03:29:27: 	Recall@10: 0.01750 Recall@20: 0.02615 NDCG@10: 0.01050 NDCG@20: 0.01285 
09/05/2026,03:29:27: Epoch [200/1000]
09/05/2026,03:29:27: Negative sampling...
09/05/2026,03:29:28: Model's personal time...
09/05/2026,03:29:28: Training...
09/05/2026,03:29:29: Evaluating...
09/05/2026,03:29:30: 	Train Loss: 3825549.2500 (base: 714.9638, kd: 7649.6694), Elapsed: train 2.59 test 0.51 *
09/05/2026,03:29:30: 	Recall@10: 0.04617 Recall@20: 0.06623 NDCG@10: 0.02778 NDCG@20: 0.03332 
09/05/2026,03:29:30: 	Recall@10: 0.01846 Recall@20: 0.02671 NDCG@10: 0.01085 NDCG@20: 0.01312 
09/05/2026,03:29:30: Epoch [201/1000]
09/05/2026,03:29:30: Negative sampling...
09/05/2026,03:29:31: Model's personal time...
09/05/2026,03:29:31: Training...
09/05/2026,03:29:32: Evaluating...
09/05/2026,03:29:32: 	Train Loss: 3823402.0000 (base: 719.0915, kd: 7645.3657), Elapsed: train 2.45 test 0.27
09/05/2026,03:29:32: 	Recall@10: 0.04494 Recall@20: 0.06452 NDCG@10: 0.02703 NDCG@20: 0.03242 
09/05/2026,03:29:32: 	Recall@10: 0.01824 Recall@20: 0.02546 NDCG@10: 0.01076 NDCG@20: 0.01275 
09/05/2026,03:29:32: Epoch [202/1000]
09/05/2026,03:29:32: Negative sampling...
09/05/2026,03:29:34: Model's personal time...
09/05/2026,03:29:34: Training...
09/05/2026,03:29:35: Evaluating...
09/05/2026,03:29:36: 	Train Loss: 3821821.0000 (base: 716.2194, kd: 7642.2090), Elapsed: train 2.83 test 0.38
09/05/2026,03:29:36: 	Recall@10: 0.04565 Recall@20: 0.06554 NDCG@10: 0.02754 NDCG@20: 0.03304 
09/05/2026,03:29:36: 	Recall@10: 0.01798 Recall@20: 0.02662 NDCG@10: 0.01054 NDCG@20: 0.01287 
09/05/2026,03:29:36: Epoch [203/1000]
09/05/2026,03:29:36: Negative sampling...
09/05/2026,03:29:37: Model's personal time...
09/05/2026,03:29:37: Training...
09/05/2026,03:29:38: Evaluating...
09/05/2026,03:29:39: 	Train Loss: 3822088.5000 (base: 711.1758, kd: 7642.7549), Elapsed: train 2.64 test 0.47
09/05/2026,03:29:39: 	Recall@10: 0.04621 Recall@20: 0.06515 NDCG@10: 0.02767 NDCG@20: 0.03286 
09/05/2026,03:29:39: 	Recall@10: 0.01815 Recall@20: 0.02604 NDCG@10: 0.01065 NDCG@20: 0.01288 
09/05/2026,03:29:39: Epoch [204/1000]
09/05/2026,03:29:39: Negative sampling...
09/05/2026,03:29:40: Model's personal time...
09/05/2026,03:29:40: Training...
09/05/2026,03:29:42: Evaluating...
09/05/2026,03:29:42: 	Train Loss: 3820974.5000 (base: 712.2266, kd: 7640.5249), Elapsed: train 2.87 test 0.39
09/05/2026,03:29:42: 	Recall@10: 0.04595 Recall@20: 0.06435 NDCG@10: 0.02726 NDCG@20: 0.03236 
09/05/2026,03:29:42: 	Recall@10: 0.01909 Recall@20: 0.02647 NDCG@10: 0.01102 NDCG@20: 0.01303 
09/05/2026,03:29:42: Epoch [205/1000]
09/05/2026,03:29:42: Negative sampling...
09/05/2026,03:29:43: Model's personal time...
09/05/2026,03:29:43: Training...
09/05/2026,03:29:45: Evaluating...
09/05/2026,03:29:45: 	Train Loss: 3823117.0000 (base: 713.2720, kd: 7644.8071), Elapsed: train 2.61 test 0.37
09/05/2026,03:29:45: 	Recall@10: 0.04611 Recall@20: 0.06536 NDCG@10: 0.02772 NDCG@20: 0.03306 
09/05/2026,03:29:45: 	Recall@10: 0.01796 Recall@20: 0.02641 NDCG@10: 0.01067 NDCG@20: 0.01302 
09/05/2026,03:29:45: Epoch [206/1000]
09/05/2026,03:29:45: Negative sampling...
09/05/2026,03:29:46: Model's personal time...
09/05/2026,03:29:46: Training...
09/05/2026,03:29:48: Evaluating...
09/05/2026,03:29:48: 	Train Loss: 3824644.7500 (base: 714.7111, kd: 7647.8604), Elapsed: train 2.58 test 0.44
09/05/2026,03:29:48: 	Recall@10: 0.04529 Recall@20: 0.06588 NDCG@10: 0.02740 NDCG@20: 0.03305 
09/05/2026,03:29:48: 	Recall@10: 0.01854 Recall@20: 0.02639 NDCG@10: 0.01081 NDCG@20: 0.01296 
09/05/2026,03:29:48: Epoch [207/1000]
09/05/2026,03:29:48: Negative sampling...
09/05/2026,03:29:49: Model's personal time...
09/05/2026,03:29:49: Training...
09/05/2026,03:29:51: Evaluating...
09/05/2026,03:29:51: 	Train Loss: 3822708.7500 (base: 713.6208, kd: 7643.9907), Elapsed: train 2.59 test 0.43
09/05/2026,03:29:51: 	Recall@10: 0.04514 Recall@20: 0.06514 NDCG@10: 0.02741 NDCG@20: 0.03287 
09/05/2026,03:29:51: 	Recall@10: 0.01788 Recall@20: 0.02545 NDCG@10: 0.01072 NDCG@20: 0.01283 
09/05/2026,03:29:51: Epoch [208/1000]
09/05/2026,03:29:51: Negative sampling...
09/05/2026,03:29:52: Model's personal time...
09/05/2026,03:29:52: Training...
09/05/2026,03:29:54: Evaluating...
09/05/2026,03:29:54: 	Train Loss: 3821889.2500 (base: 710.6996, kd: 7642.3569), Elapsed: train 2.80 test 0.39 *
09/05/2026,03:29:54: 	Recall@10: 0.04664 Recall@20: 0.06670 NDCG@10: 0.02793 NDCG@20: 0.03341 
09/05/2026,03:29:54: 	Recall@10: 0.01812 Recall@20: 0.02649 NDCG@10: 0.01056 NDCG@20: 0.01290 
09/05/2026,03:29:54: Epoch [209/1000]
09/05/2026,03:29:54: Negative sampling...
09/05/2026,03:29:56: Model's personal time...
09/05/2026,03:29:56: Training...
09/05/2026,03:29:57: Evaluating...
09/05/2026,03:29:57: 	Train Loss: 3820948.7500 (base: 708.7733, kd: 7640.4795), Elapsed: train 2.51 test 0.34
09/05/2026,03:29:57: 	Recall@10: 0.04574 Recall@20: 0.06417 NDCG@10: 0.02744 NDCG@20: 0.03252 
09/05/2026,03:29:57: 	Recall@10: 0.01786 Recall@20: 0.02521 NDCG@10: 0.01059 NDCG@20: 0.01266 
09/05/2026,03:29:57: Epoch [210/1000]
09/05/2026,03:29:57: Negative sampling...
09/05/2026,03:29:58: Model's personal time...
09/05/2026,03:29:58: Training...
09/05/2026,03:30:00: Evaluating...
09/05/2026,03:30:00: 	Train Loss: 3819422.5000 (base: 713.5953, kd: 7637.4180), Elapsed: train 2.56 test 0.29
09/05/2026,03:30:00: 	Recall@10: 0.04552 Recall@20: 0.06522 NDCG@10: 0.02738 NDCG@20: 0.03275 
09/05/2026,03:30:00: 	Recall@10: 0.01863 Recall@20: 0.02675 NDCG@10: 0.01095 NDCG@20: 0.01320 
09/05/2026,03:30:00: Epoch [211/1000]
09/05/2026,03:30:00: Negative sampling...
09/05/2026,03:30:01: Model's personal time...
09/05/2026,03:30:01: Training...
09/05/2026,03:30:03: Evaluating...
09/05/2026,03:30:03: 	Train Loss: 3821245.2500 (base: 713.9673, kd: 7641.0625), Elapsed: train 2.67 test 0.33
09/05/2026,03:30:03: 	Recall@10: 0.04563 Recall@20: 0.06510 NDCG@10: 0.02727 NDCG@20: 0.03258 
09/05/2026,03:30:03: 	Recall@10: 0.01857 Recall@20: 0.02641 NDCG@10: 0.01089 NDCG@20: 0.01307 
09/05/2026,03:30:03: Epoch [212/1000]
09/05/2026,03:30:03: Negative sampling...
09/05/2026,03:30:04: Model's personal time...
09/05/2026,03:30:04: Training...
09/05/2026,03:30:06: Evaluating...
09/05/2026,03:30:06: 	Train Loss: 3815885.2500 (base: 714.1886, kd: 7630.3423), Elapsed: train 2.65 test 0.49
09/05/2026,03:30:06: 	Recall@10: 0.04624 Recall@20: 0.06589 NDCG@10: 0.02758 NDCG@20: 0.03297 
09/05/2026,03:30:06: 	Recall@10: 0.01831 Recall@20: 0.02696 NDCG@10: 0.01074 NDCG@20: 0.01310 
09/05/2026,03:30:06: Epoch [213/1000]
09/05/2026,03:30:06: Negative sampling...
09/05/2026,03:30:07: Model's personal time...
09/05/2026,03:30:07: Training...
09/05/2026,03:30:09: Evaluating...
09/05/2026,03:30:09: 	Train Loss: 3819170.7500 (base: 713.4984, kd: 7636.9146), Elapsed: train 2.61 test 0.37
09/05/2026,03:30:09: 	Recall@10: 0.04662 Recall@20: 0.06672 NDCG@10: 0.02784 NDCG@20: 0.03335 
09/05/2026,03:30:09: 	Recall@10: 0.01847 Recall@20: 0.02633 NDCG@10: 0.01080 NDCG@20: 0.01297 
09/05/2026,03:30:09: Epoch [214/1000]
09/05/2026,03:30:09: Negative sampling...
09/05/2026,03:30:10: Model's personal time...
09/05/2026,03:30:10: Training...
09/05/2026,03:30:12: Evaluating...
09/05/2026,03:30:12: 	Train Loss: 3820635.2500 (base: 707.7000, kd: 7639.8550), Elapsed: train 2.60 test 0.29
09/05/2026,03:30:12: 	Recall@10: 0.04552 Recall@20: 0.06532 NDCG@10: 0.02724 NDCG@20: 0.03272 
09/05/2026,03:30:12: 	Recall@10: 0.01866 Recall@20: 0.02720 NDCG@10: 0.01104 NDCG@20: 0.01334 
09/05/2026,03:30:12: Epoch [215/1000]
09/05/2026,03:30:12: Negative sampling...
09/05/2026,03:30:13: Model's personal time...
09/05/2026,03:30:13: Training...
09/05/2026,03:30:15: Evaluating...
09/05/2026,03:30:15: 	Train Loss: 3816510.0000 (base: 713.3619, kd: 7631.5928), Elapsed: train 2.69 test 0.32 *
09/05/2026,03:30:15: 	Recall@10: 0.04604 Recall@20: 0.06675 NDCG@10: 0.02783 NDCG@20: 0.03348 
09/05/2026,03:30:15: 	Recall@10: 0.01887 Recall@20: 0.02604 NDCG@10: 0.01097 NDCG@20: 0.01295 
09/05/2026,03:30:15: Epoch [216/1000]
09/05/2026,03:30:15: Negative sampling...
09/05/2026,03:30:16: Model's personal time...
09/05/2026,03:30:16: Training...
09/05/2026,03:30:18: Evaluating...
09/05/2026,03:30:18: 	Train Loss: 3820783.5000 (base: 711.6469, kd: 7640.1436), Elapsed: train 2.66 test 0.54
09/05/2026,03:30:18: 	Recall@10: 0.04552 Recall@20: 0.06610 NDCG@10: 0.02739 NDCG@20: 0.03303 
09/05/2026,03:30:18: 	Recall@10: 0.01908 Recall@20: 0.02716 NDCG@10: 0.01090 NDCG@20: 0.01312 
09/05/2026,03:30:18: Epoch [217/1000]
09/05/2026,03:30:18: Negative sampling...
09/05/2026,03:30:19: Model's personal time...
09/05/2026,03:30:19: Training...
09/05/2026,03:30:21: Evaluating...
09/05/2026,03:30:21: 	Train Loss: 3820552.5000 (base: 705.5095, kd: 7639.6938), Elapsed: train 2.42 test 0.28
09/05/2026,03:30:21: 	Recall@10: 0.04624 Recall@20: 0.06574 NDCG@10: 0.02783 NDCG@20: 0.03315 
09/05/2026,03:30:21: 	Recall@10: 0.01807 Recall@20: 0.02665 NDCG@10: 0.01063 NDCG@20: 0.01294 
09/05/2026,03:30:21: Epoch [218/1000]
09/05/2026,03:30:21: Negative sampling...
09/05/2026,03:30:22: Model's personal time...
09/05/2026,03:30:22: Training...
09/05/2026,03:30:23: Evaluating...
09/05/2026,03:30:24: 	Train Loss: 3817862.7500 (base: 711.3174, kd: 7634.3027), Elapsed: train 2.47 test 0.41
09/05/2026,03:30:24: 	Recall@10: 0.04622 Recall@20: 0.06631 NDCG@10: 0.02766 NDCG@20: 0.03311 
09/05/2026,03:30:24: 	Recall@10: 0.01906 Recall@20: 0.02669 NDCG@10: 0.01075 NDCG@20: 0.01281 
09/05/2026,03:30:24: Epoch [219/1000]
09/05/2026,03:30:24: Negative sampling...
09/05/2026,03:30:25: Model's personal time...
09/05/2026,03:30:25: Training...
09/05/2026,03:30:26: Evaluating...
09/05/2026,03:30:27: 	Train Loss: 3816649.7500 (base: 703.8831, kd: 7631.8916), Elapsed: train 2.61 test 0.31
09/05/2026,03:30:27: 	Recall@10: 0.04514 Recall@20: 0.06610 NDCG@10: 0.02717 NDCG@20: 0.03287 
09/05/2026,03:30:27: 	Recall@10: 0.01897 Recall@20: 0.02659 NDCG@10: 0.01085 NDCG@20: 0.01295 
09/05/2026,03:30:27: Epoch [220/1000]
09/05/2026,03:30:27: Negative sampling...
09/05/2026,03:30:28: Model's personal time...
09/05/2026,03:30:28: Training...
09/05/2026,03:30:29: Evaluating...
09/05/2026,03:30:29: 	Train Loss: 3817335.0000 (base: 714.0082, kd: 7633.2422), Elapsed: train 2.51 test 0.32
09/05/2026,03:30:29: 	Recall@10: 0.04642 Recall@20: 0.06616 NDCG@10: 0.02767 NDCG@20: 0.03311 
09/05/2026,03:30:29: 	Recall@10: 0.01900 Recall@20: 0.02600 NDCG@10: 0.01095 NDCG@20: 0.01284 
09/05/2026,03:30:29: Epoch [221/1000]
09/05/2026,03:30:29: Negative sampling...
09/05/2026,03:30:31: Model's personal time...
09/05/2026,03:30:31: Training...
09/05/2026,03:30:32: Evaluating...
09/05/2026,03:30:32: 	Train Loss: 3817254.7500 (base: 704.4229, kd: 7633.1006), Elapsed: train 2.44 test 0.30
09/05/2026,03:30:32: 	Recall@10: 0.04603 Recall@20: 0.06596 NDCG@10: 0.02743 NDCG@20: 0.03286 
09/05/2026,03:30:32: 	Recall@10: 0.01911 Recall@20: 0.02592 NDCG@10: 0.01119 NDCG@20: 0.01303 
09/05/2026,03:30:32: Epoch [222/1000]
09/05/2026,03:30:32: Negative sampling...
09/05/2026,03:30:34: Model's personal time...
09/05/2026,03:30:34: Training...
09/05/2026,03:30:35: Evaluating...
09/05/2026,03:30:35: 	Train Loss: 3821048.0000 (base: 710.6378, kd: 7640.6748), Elapsed: train 2.53 test 0.37
09/05/2026,03:30:35: 	Recall@10: 0.04704 Recall@20: 0.06634 NDCG@10: 0.02815 NDCG@20: 0.03347 
09/05/2026,03:30:35: 	Recall@10: 0.01842 Recall@20: 0.02755 NDCG@10: 0.01100 NDCG@20: 0.01346 
09/05/2026,03:30:35: Epoch [223/1000]
09/05/2026,03:30:35: Negative sampling...
09/05/2026,03:30:36: Model's personal time...
09/05/2026,03:30:37: Training...
09/05/2026,03:30:38: Evaluating...
09/05/2026,03:30:38: 	Train Loss: 3818446.2500 (base: 714.1924, kd: 7635.4644), Elapsed: train 2.56 test 0.38
09/05/2026,03:30:38: 	Recall@10: 0.04558 Recall@20: 0.06560 NDCG@10: 0.02741 NDCG@20: 0.03289 
09/05/2026,03:30:38: 	Recall@10: 0.01895 Recall@20: 0.02651 NDCG@10: 0.01092 NDCG@20: 0.01301 
09/05/2026,03:30:38: Epoch [224/1000]
09/05/2026,03:30:38: Negative sampling...
09/05/2026,03:30:40: Model's personal time...
09/05/2026,03:30:40: Training...
09/05/2026,03:30:41: Evaluating...
09/05/2026,03:30:41: 	Train Loss: 3814708.7500 (base: 710.5737, kd: 7627.9961), Elapsed: train 2.73 test 0.41
09/05/2026,03:30:41: 	Recall@10: 0.04676 Recall@20: 0.06566 NDCG@10: 0.02814 NDCG@20: 0.03337 
09/05/2026,03:30:41: 	Recall@10: 0.01823 Recall@20: 0.02690 NDCG@10: 0.01065 NDCG@20: 0.01302 
09/05/2026,03:30:41: Epoch [225/1000]
09/05/2026,03:30:41: Negative sampling...
09/05/2026,03:30:43: Model's personal time...
09/05/2026,03:30:43: Training...
09/05/2026,03:30:44: Evaluating...
09/05/2026,03:30:44: 	Train Loss: 3815967.2500 (base: 707.8652, kd: 7630.5190), Elapsed: train 2.40 test 0.31
09/05/2026,03:30:44: 	Recall@10: 0.04601 Recall@20: 0.06600 NDCG@10: 0.02738 NDCG@20: 0.03283 
09/05/2026,03:30:44: 	Recall@10: 0.01944 Recall@20: 0.02686 NDCG@10: 0.01119 NDCG@20: 0.01322 
09/05/2026,03:30:44: Epoch [226/1000]
09/05/2026,03:30:44: Negative sampling...
09/05/2026,03:30:45: Model's personal time...
09/05/2026,03:30:45: Training...
09/05/2026,03:30:47: Evaluating...
09/05/2026,03:30:47: 	Train Loss: 3814925.0000 (base: 709.0950, kd: 7628.4316), Elapsed: train 2.65 test 0.32
09/05/2026,03:30:47: 	Recall@10: 0.04599 Recall@20: 0.06631 NDCG@10: 0.02757 NDCG@20: 0.03314 
09/05/2026,03:30:47: 	Recall@10: 0.01879 Recall@20: 0.02728 NDCG@10: 0.01092 NDCG@20: 0.01322 
09/05/2026,03:30:47: Epoch [227/1000]
09/05/2026,03:30:47: Negative sampling...
09/05/2026,03:30:48: Model's personal time...
09/05/2026,03:30:48: Training...
09/05/2026,03:30:49: Evaluating...
09/05/2026,03:30:50: 	Train Loss: 3815323.7500 (base: 702.8096, kd: 7629.2417), Elapsed: train 2.52 test 0.40
09/05/2026,03:30:50: 	Recall@10: 0.04698 Recall@20: 0.06659 NDCG@10: 0.02797 NDCG@20: 0.03334 
09/05/2026,03:30:50: 	Recall@10: 0.01881 Recall@20: 0.02669 NDCG@10: 0.01078 NDCG@20: 0.01296 
09/05/2026,03:30:50: Epoch [228/1000]
09/05/2026,03:30:50: Negative sampling...
09/05/2026,03:30:51: Model's personal time...
09/05/2026,03:30:51: Training...
09/05/2026,03:30:52: Evaluating...
09/05/2026,03:30:53: 	Train Loss: 3818020.7500 (base: 710.0797, kd: 7634.6211), Elapsed: train 2.67 test 0.32
09/05/2026,03:30:53: 	Recall@10: 0.04608 Recall@20: 0.06573 NDCG@10: 0.02765 NDCG@20: 0.03300 
09/05/2026,03:30:53: 	Recall@10: 0.01948 Recall@20: 0.02776 NDCG@10: 0.01096 NDCG@20: 0.01322 
09/05/2026,03:30:53: Epoch [229/1000]
09/05/2026,03:30:53: Negative sampling...
09/05/2026,03:30:54: Model's personal time...
09/05/2026,03:30:54: Training...
09/05/2026,03:30:55: Evaluating...
09/05/2026,03:30:56: 	Train Loss: 3814838.7500 (base: 705.5001, kd: 7628.2666), Elapsed: train 2.64 test 0.37
09/05/2026,03:30:56: 	Recall@10: 0.04646 Recall@20: 0.06653 NDCG@10: 0.02778 NDCG@20: 0.03327 
09/05/2026,03:30:56: 	Recall@10: 0.01898 Recall@20: 0.02597 NDCG@10: 0.01090 NDCG@20: 0.01284 
09/05/2026,03:30:56: Epoch [230/1000]
09/05/2026,03:30:56: Negative sampling...
09/05/2026,03:30:57: Model's personal time...
09/05/2026,03:30:57: Training...
09/05/2026,03:30:58: Evaluating...
09/05/2026,03:30:59: 	Train Loss: 3814929.0000 (base: 710.0073, kd: 7628.4375), Elapsed: train 2.60 test 0.28 *
09/05/2026,03:30:59: 	Recall@10: 0.04745 Recall@20: 0.06723 NDCG@10: 0.02815 NDCG@20: 0.03354 
09/05/2026,03:30:59: 	Recall@10: 0.01983 Recall@20: 0.02766 NDCG@10: 0.01128 NDCG@20: 0.01339 
09/05/2026,03:30:59: Epoch [231/1000]
09/05/2026,03:30:59: Negative sampling...
09/05/2026,03:31:00: Model's personal time...
09/05/2026,03:31:00: Training...
09/05/2026,03:31:01: Evaluating...
09/05/2026,03:31:02: 	Train Loss: 3814613.2500 (base: 702.6613, kd: 7627.8208), Elapsed: train 2.53 test 0.42
09/05/2026,03:31:02: 	Recall@10: 0.04545 Recall@20: 0.06523 NDCG@10: 0.02749 NDCG@20: 0.03289 
09/05/2026,03:31:02: 	Recall@10: 0.01874 Recall@20: 0.02751 NDCG@10: 0.01077 NDCG@20: 0.01316 
09/05/2026,03:31:02: Epoch [232/1000]
09/05/2026,03:31:02: Negative sampling...
09/05/2026,03:31:03: Model's personal time...
09/05/2026,03:31:03: Training...
09/05/2026,03:31:04: Evaluating...
09/05/2026,03:31:05: 	Train Loss: 3817050.0000 (base: 704.9635, kd: 7632.6899), Elapsed: train 2.66 test 0.44
09/05/2026,03:31:05: 	Recall@10: 0.04570 Recall@20: 0.06669 NDCG@10: 0.02766 NDCG@20: 0.03336 
09/05/2026,03:31:05: 	Recall@10: 0.01870 Recall@20: 0.02703 NDCG@10: 0.01083 NDCG@20: 0.01310 
09/05/2026,03:31:05: Epoch [233/1000]
09/05/2026,03:31:05: Negative sampling...
09/05/2026,03:31:06: Model's personal time...
09/05/2026,03:31:06: Training...
09/05/2026,03:31:07: Evaluating...
09/05/2026,03:31:08: 	Train Loss: 3815635.2500 (base: 707.7896, kd: 7629.8550), Elapsed: train 2.42 test 0.35
09/05/2026,03:31:08: 	Recall@10: 0.04693 Recall@20: 0.06740 NDCG@10: 0.02789 NDCG@20: 0.03343 
09/05/2026,03:31:08: 	Recall@10: 0.01925 Recall@20: 0.02698 NDCG@10: 0.01093 NDCG@20: 0.01306 
09/05/2026,03:31:08: Epoch [234/1000]
09/05/2026,03:31:08: Negative sampling...
09/05/2026,03:31:09: Model's personal time...
09/05/2026,03:31:09: Training...
09/05/2026,03:31:10: Evaluating...
09/05/2026,03:31:11: 	Train Loss: 3815478.5000 (base: 712.2772, kd: 7629.5322), Elapsed: train 2.57 test 0.51
09/05/2026,03:31:11: 	Recall@10: 0.04675 Recall@20: 0.06643 NDCG@10: 0.02793 NDCG@20: 0.03334 
09/05/2026,03:31:11: 	Recall@10: 0.01842 Recall@20: 0.02737 NDCG@10: 0.01077 NDCG@20: 0.01316 
09/05/2026,03:31:11: Epoch [235/1000]
09/05/2026,03:31:11: Negative sampling...
09/05/2026,03:31:12: Model's personal time...
09/05/2026,03:31:12: Training...
09/05/2026,03:31:13: Evaluating...
09/05/2026,03:31:13: 	Train Loss: 3816274.2500 (base: 711.4401, kd: 7631.1250), Elapsed: train 2.54 test 0.27
09/05/2026,03:31:13: 	Recall@10: 0.04533 Recall@20: 0.06688 NDCG@10: 0.02745 NDCG@20: 0.03335 
09/05/2026,03:31:13: 	Recall@10: 0.01804 Recall@20: 0.02667 NDCG@10: 0.01067 NDCG@20: 0.01298 
09/05/2026,03:31:13: Epoch [236/1000]
09/05/2026,03:31:13: Negative sampling...
09/05/2026,03:31:15: Model's personal time...
09/05/2026,03:31:15: Training...
09/05/2026,03:31:16: Evaluating...
09/05/2026,03:31:16: 	Train Loss: 3815457.2500 (base: 710.3949, kd: 7629.4941), Elapsed: train 2.48 test 0.38 *
09/05/2026,03:31:16: 	Recall@10: 0.04667 Recall@20: 0.06723 NDCG@10: 0.02798 NDCG@20: 0.03357 
09/05/2026,03:31:16: 	Recall@10: 0.01939 Recall@20: 0.02696 NDCG@10: 0.01122 NDCG@20: 0.01324 
09/05/2026,03:31:16: Epoch [237/1000]
09/05/2026,03:31:16: Negative sampling...
09/05/2026,03:31:18: Model's personal time...
09/05/2026,03:31:18: Training...
09/05/2026,03:31:19: Evaluating...
09/05/2026,03:31:19: 	Train Loss: 3813946.0000 (base: 706.7672, kd: 7626.4780), Elapsed: train 2.62 test 0.31
09/05/2026,03:31:19: 	Recall@10: 0.04603 Recall@20: 0.06705 NDCG@10: 0.02773 NDCG@20: 0.03346 
09/05/2026,03:31:19: 	Recall@10: 0.01934 Recall@20: 0.02755 NDCG@10: 0.01112 NDCG@20: 0.01336 
09/05/2026,03:31:19: Epoch [238/1000]
09/05/2026,03:31:19: Negative sampling...
09/05/2026,03:31:21: Model's personal time...
09/05/2026,03:31:21: Training...
09/05/2026,03:31:22: Evaluating...
09/05/2026,03:31:22: 	Train Loss: 3816574.0000 (base: 711.3147, kd: 7631.7241), Elapsed: train 2.75 test 0.36
09/05/2026,03:31:22: 	Recall@10: 0.04729 Recall@20: 0.06714 NDCG@10: 0.02817 NDCG@20: 0.03356 
09/05/2026,03:31:22: 	Recall@10: 0.01928 Recall@20: 0.02750 NDCG@10: 0.01106 NDCG@20: 0.01326 
09/05/2026,03:31:22: Epoch [239/1000]
09/05/2026,03:31:22: Negative sampling...
09/05/2026,03:31:24: Model's personal time...
09/05/2026,03:31:24: Training...
09/05/2026,03:31:25: Evaluating...
09/05/2026,03:31:25: 	Train Loss: 3812088.0000 (base: 704.4730, kd: 7622.7676), Elapsed: train 2.62 test 0.35
09/05/2026,03:31:25: 	Recall@10: 0.04593 Recall@20: 0.06615 NDCG@10: 0.02780 NDCG@20: 0.03331 
09/05/2026,03:31:25: 	Recall@10: 0.01858 Recall@20: 0.02664 NDCG@10: 0.01078 NDCG@20: 0.01299 
09/05/2026,03:31:25: Epoch [240/1000]
09/05/2026,03:31:25: Negative sampling...
09/05/2026,03:31:27: Model's personal time...
09/05/2026,03:31:27: Training...
09/05/2026,03:31:28: Evaluating...
09/05/2026,03:31:28: 	Train Loss: 3815266.5000 (base: 705.0307, kd: 7629.1235), Elapsed: train 2.72 test 0.43
09/05/2026,03:31:28: 	Recall@10: 0.04571 Recall@20: 0.06663 NDCG@10: 0.02730 NDCG@20: 0.03299 
09/05/2026,03:31:28: 	Recall@10: 0.01848 Recall@20: 0.02707 NDCG@10: 0.01089 NDCG@20: 0.01323 
09/05/2026,03:31:28: Epoch [241/1000]
09/05/2026,03:31:28: Negative sampling...
09/05/2026,03:31:30: Model's personal time...
09/05/2026,03:31:30: Training...
09/05/2026,03:31:31: Evaluating...
09/05/2026,03:31:31: 	Train Loss: 3813310.5000 (base: 707.5496, kd: 7625.2065), Elapsed: train 2.31 test 0.37
09/05/2026,03:31:31: 	Recall@10: 0.04637 Recall@20: 0.06539 NDCG@10: 0.02772 NDCG@20: 0.03288 
09/05/2026,03:31:31: 	Recall@10: 0.01913 Recall@20: 0.02749 NDCG@10: 0.01103 NDCG@20: 0.01332 
09/05/2026,03:31:31: Epoch [242/1000]
09/05/2026,03:31:31: Negative sampling...
09/05/2026,03:31:33: Model's personal time...
09/05/2026,03:31:33: Training...
09/05/2026,03:31:34: Evaluating...
09/05/2026,03:31:34: 	Train Loss: 3813186.5000 (base: 706.7830, kd: 7624.9595), Elapsed: train 2.62 test 0.45 *
09/05/2026,03:31:34: 	Recall@10: 0.04711 Recall@20: 0.06742 NDCG@10: 0.02819 NDCG@20: 0.03369 
09/05/2026,03:31:34: 	Recall@10: 0.01933 Recall@20: 0.02809 NDCG@10: 0.01120 NDCG@20: 0.01360 
09/05/2026,03:31:34: Epoch [243/1000]
09/05/2026,03:31:34: Negative sampling...
09/05/2026,03:31:36: Model's personal time...
09/05/2026,03:31:36: Training...
09/05/2026,03:31:37: Evaluating...
09/05/2026,03:31:37: 	Train Loss: 3813632.5000 (base: 706.4374, kd: 7625.8521), Elapsed: train 2.61 test 0.39
09/05/2026,03:31:37: 	Recall@10: 0.04672 Recall@20: 0.06586 NDCG@10: 0.02796 NDCG@20: 0.03325 
09/05/2026,03:31:37: 	Recall@10: 0.01907 Recall@20: 0.02725 NDCG@10: 0.01125 NDCG@20: 0.01348 
09/05/2026,03:31:37: Epoch [244/1000]
09/05/2026,03:31:37: Negative sampling...
09/05/2026,03:31:39: Model's personal time...
09/05/2026,03:31:39: Training...
09/05/2026,03:31:40: Evaluating...
09/05/2026,03:31:40: 	Train Loss: 3813400.7500 (base: 700.4462, kd: 7625.4004), Elapsed: train 2.80 test 0.32
09/05/2026,03:31:40: 	Recall@10: 0.04745 Recall@20: 0.06817 NDCG@10: 0.02804 NDCG@20: 0.03366 
09/05/2026,03:31:40: 	Recall@10: 0.01848 Recall@20: 0.02792 NDCG@10: 0.01070 NDCG@20: 0.01325 
09/05/2026,03:31:40: Epoch [245/1000]
09/05/2026,03:31:40: Negative sampling...
09/05/2026,03:31:42: Model's personal time...
09/05/2026,03:31:42: Training...
09/05/2026,03:31:43: Evaluating...
09/05/2026,03:31:43: 	Train Loss: 3811584.0000 (base: 713.7029, kd: 7621.7407), Elapsed: train 2.57 test 0.32
09/05/2026,03:31:43: 	Recall@10: 0.04621 Recall@20: 0.06683 NDCG@10: 0.02786 NDCG@20: 0.03345 
09/05/2026,03:31:43: 	Recall@10: 0.01858 Recall@20: 0.02779 NDCG@10: 0.01074 NDCG@20: 0.01324 
09/05/2026,03:31:43: Epoch [246/1000]
09/05/2026,03:31:43: Negative sampling...
09/05/2026,03:31:45: Model's personal time...
09/05/2026,03:31:45: Training...
09/05/2026,03:31:46: Evaluating...
09/05/2026,03:31:46: 	Train Loss: 3815065.7500 (base: 703.7941, kd: 7628.7236), Elapsed: train 2.69 test 0.33 *
09/05/2026,03:31:46: 	Recall@10: 0.04711 Recall@20: 0.06789 NDCG@10: 0.02824 NDCG@20: 0.03389 
09/05/2026,03:31:46: 	Recall@10: 0.01899 Recall@20: 0.02764 NDCG@10: 0.01090 NDCG@20: 0.01324 
09/05/2026,03:31:46: Epoch [247/1000]
09/05/2026,03:31:46: Negative sampling...
09/05/2026,03:31:48: Model's personal time...
09/05/2026,03:31:48: Training...
09/05/2026,03:31:49: Evaluating...
09/05/2026,03:31:49: 	Train Loss: 3811926.2500 (base: 706.3526, kd: 7622.4399), Elapsed: train 2.47 test 0.44
09/05/2026,03:31:49: 	Recall@10: 0.04671 Recall@20: 0.06738 NDCG@10: 0.02814 NDCG@20: 0.03375 
09/05/2026,03:31:49: 	Recall@10: 0.01854 Recall@20: 0.02822 NDCG@10: 0.01082 NDCG@20: 0.01346 
09/05/2026,03:31:49: Epoch [248/1000]
09/05/2026,03:31:49: Negative sampling...
09/05/2026,03:31:51: Model's personal time...
09/05/2026,03:31:51: Training...
09/05/2026,03:31:52: Evaluating...
09/05/2026,03:31:52: 	Train Loss: 3818057.0000 (base: 708.5215, kd: 7634.6982), Elapsed: train 2.60 test 0.36
09/05/2026,03:31:52: 	Recall@10: 0.04784 Recall@20: 0.06751 NDCG@10: 0.02853 NDCG@20: 0.03384 
09/05/2026,03:31:52: 	Recall@10: 0.01935 Recall@20: 0.02789 NDCG@10: 0.01097 NDCG@20: 0.01328 
09/05/2026,03:31:52: Epoch [249/1000]
09/05/2026,03:31:52: Negative sampling...
09/05/2026,03:31:53: Model's personal time...
09/05/2026,03:31:53: Training...
09/05/2026,03:31:55: Evaluating...
09/05/2026,03:31:55: 	Train Loss: 3812080.5000 (base: 707.7678, kd: 7622.7456), Elapsed: train 2.43 test 0.32
09/05/2026,03:31:55: 	Recall@10: 0.04744 Recall@20: 0.06619 NDCG@10: 0.02802 NDCG@20: 0.03316 
09/05/2026,03:31:55: 	Recall@10: 0.01852 Recall@20: 0.02839 NDCG@10: 0.01082 NDCG@20: 0.01349 
09/05/2026,03:31:55: Epoch [250/1000]
09/05/2026,03:31:55: Negative sampling...
09/05/2026,03:31:56: Model's personal time...
09/05/2026,03:31:56: Training...
09/05/2026,03:31:57: Evaluating...
09/05/2026,03:31:58: 	Train Loss: 3812141.7500 (base: 703.1854, kd: 7622.8774), Elapsed: train 2.52 test 0.34 *
09/05/2026,03:31:58: 	Recall@10: 0.04712 Recall@20: 0.06914 NDCG@10: 0.02803 NDCG@20: 0.03399 
09/05/2026,03:31:58: 	Recall@10: 0.01886 Recall@20: 0.02820 NDCG@10: 0.01088 NDCG@20: 0.01339 
09/05/2026,03:31:58: Epoch [251/1000]
09/05/2026,03:31:58: Negative sampling...
09/05/2026,03:31:59: Model's personal time...
09/05/2026,03:31:59: Training...
09/05/2026,03:32:00: Evaluating...
09/05/2026,03:32:01: 	Train Loss: 3810299.2500 (base: 706.4615, kd: 7619.1855), Elapsed: train 2.57 test 0.36
09/05/2026,03:32:01: 	Recall@10: 0.04700 Recall@20: 0.06718 NDCG@10: 0.02850 NDCG@20: 0.03398 
09/05/2026,03:32:01: 	Recall@10: 0.01909 Recall@20: 0.02824 NDCG@10: 0.01085 NDCG@20: 0.01335 
09/05/2026,03:32:01: Epoch [252/1000]
09/05/2026,03:32:01: Negative sampling...
09/05/2026,03:32:02: Model's personal time...
09/05/2026,03:32:02: Training...
09/05/2026,03:32:03: Evaluating...
09/05/2026,03:32:03: 	Train Loss: 3811715.2500 (base: 707.1862, kd: 7622.0166), Elapsed: train 2.50 test 0.27
09/05/2026,03:32:03: 	Recall@10: 0.04718 Recall@20: 0.06744 NDCG@10: 0.02835 NDCG@20: 0.03381 
09/05/2026,03:32:03: 	Recall@10: 0.01925 Recall@20: 0.02835 NDCG@10: 0.01085 NDCG@20: 0.01332 
09/05/2026,03:32:03: Epoch [253/1000]
09/05/2026,03:32:03: Negative sampling...
09/05/2026,03:32:05: Model's personal time...
09/05/2026,03:32:05: Training...
09/05/2026,03:32:06: Evaluating...
09/05/2026,03:32:06: 	Train Loss: 3813664.5000 (base: 704.6217, kd: 7625.9209), Elapsed: train 2.48 test 0.43 *
09/05/2026,03:32:06: 	Recall@10: 0.04702 Recall@20: 0.06854 NDCG@10: 0.02821 NDCG@20: 0.03405 
09/05/2026,03:32:06: 	Recall@10: 0.01922 Recall@20: 0.02791 NDCG@10: 0.01107 NDCG@20: 0.01344 
09/05/2026,03:32:06: Epoch [254/1000]
09/05/2026,03:32:06: Negative sampling...
09/05/2026,03:32:08: Model's personal time...
09/05/2026,03:32:08: Training...
09/05/2026,03:32:09: Evaluating...
09/05/2026,03:32:10: 	Train Loss: 3815140.7500 (base: 701.3200, kd: 7628.8789), Elapsed: train 2.79 test 0.42
09/05/2026,03:32:10: 	Recall@10: 0.04711 Recall@20: 0.06781 NDCG@10: 0.02803 NDCG@20: 0.03365 
09/05/2026,03:32:10: 	Recall@10: 0.01826 Recall@20: 0.02852 NDCG@10: 0.01073 NDCG@20: 0.01356 
09/05/2026,03:32:10: Epoch [255/1000]
09/05/2026,03:32:10: Negative sampling...
09/05/2026,03:32:11: Model's personal time...
09/05/2026,03:32:11: Training...
09/05/2026,03:32:12: Evaluating...
09/05/2026,03:32:13: 	Train Loss: 3814086.5000 (base: 706.3351, kd: 7626.7603), Elapsed: train 2.66 test 0.39
09/05/2026,03:32:13: 	Recall@10: 0.04777 Recall@20: 0.06734 NDCG@10: 0.02834 NDCG@20: 0.03365 
09/05/2026,03:32:13: 	Recall@10: 0.01952 Recall@20: 0.02879 NDCG@10: 0.01121 NDCG@20: 0.01371 
09/05/2026,03:32:13: Epoch [256/1000]
09/05/2026,03:32:13: Negative sampling...
09/05/2026,03:32:14: Model's personal time...
09/05/2026,03:32:14: Training...
09/05/2026,03:32:15: Evaluating...
09/05/2026,03:32:16: 	Train Loss: 3812970.2500 (base: 707.5061, kd: 7624.5259), Elapsed: train 2.68 test 0.36
09/05/2026,03:32:16: 	Recall@10: 0.04643 Recall@20: 0.06746 NDCG@10: 0.02780 NDCG@20: 0.03346 
09/05/2026,03:32:16: 	Recall@10: 0.01877 Recall@20: 0.02830 NDCG@10: 0.01096 NDCG@20: 0.01355 
09/05/2026,03:32:16: Epoch [257/1000]
09/05/2026,03:32:16: Negative sampling...
09/05/2026,03:32:17: Model's personal time...
09/05/2026,03:32:17: Training...
09/05/2026,03:32:18: Evaluating...
09/05/2026,03:32:18: 	Train Loss: 3811015.7500 (base: 699.0809, kd: 7620.6338), Elapsed: train 2.48 test 0.39
09/05/2026,03:32:18: 	Recall@10: 0.04754 Recall@20: 0.06796 NDCG@10: 0.02836 NDCG@20: 0.03391 
09/05/2026,03:32:18: 	Recall@10: 0.01899 Recall@20: 0.02762 NDCG@10: 0.01127 NDCG@20: 0.01362 
09/05/2026,03:32:18: Epoch [258/1000]
09/05/2026,03:32:18: Negative sampling...
09/05/2026,03:32:20: Model's personal time...
09/05/2026,03:32:20: Training...
09/05/2026,03:32:21: Evaluating...
09/05/2026,03:32:22: 	Train Loss: 3811170.0000 (base: 702.6094, kd: 7620.9346), Elapsed: train 2.72 test 0.30
09/05/2026,03:32:22: 	Recall@10: 0.04719 Recall@20: 0.06767 NDCG@10: 0.02816 NDCG@20: 0.03367 
09/05/2026,03:32:22: 	Recall@10: 0.01963 Recall@20: 0.02798 NDCG@10: 0.01115 NDCG@20: 0.01343 
09/05/2026,03:32:22: Epoch [259/1000]
09/05/2026,03:32:22: Negative sampling...
09/05/2026,03:32:23: Model's personal time...
09/05/2026,03:32:23: Training...
09/05/2026,03:32:24: Evaluating...
09/05/2026,03:32:25: 	Train Loss: 3812242.7500 (base: 702.1529, kd: 7623.0820), Elapsed: train 2.76 test 0.33
09/05/2026,03:32:25: 	Recall@10: 0.04680 Recall@20: 0.06826 NDCG@10: 0.02803 NDCG@20: 0.03382 
09/05/2026,03:32:25: 	Recall@10: 0.01919 Recall@20: 0.02806 NDCG@10: 0.01102 NDCG@20: 0.01344 
09/05/2026,03:32:25: Epoch [260/1000]
09/05/2026,03:32:25: Negative sampling...
09/05/2026,03:32:26: Model's personal time...
09/05/2026,03:32:26: Training...
09/05/2026,03:32:27: Evaluating...
09/05/2026,03:32:28: 	Train Loss: 3810817.2500 (base: 701.9875, kd: 7620.2305), Elapsed: train 2.67 test 0.41
09/05/2026,03:32:28: 	Recall@10: 0.04671 Recall@20: 0.06759 NDCG@10: 0.02776 NDCG@20: 0.03347 
09/05/2026,03:32:28: 	Recall@10: 0.01900 Recall@20: 0.02792 NDCG@10: 0.01089 NDCG@20: 0.01333 
09/05/2026,03:32:28: Epoch [261/1000]
09/05/2026,03:32:28: Negative sampling...
09/05/2026,03:32:29: Model's personal time...
09/05/2026,03:32:29: Training...
09/05/2026,03:32:30: Evaluating...
09/05/2026,03:32:31: 	Train Loss: 3807576.5000 (base: 706.9330, kd: 7613.7397), Elapsed: train 2.65 test 0.29
09/05/2026,03:32:31: 	Recall@10: 0.04747 Recall@20: 0.06773 NDCG@10: 0.02809 NDCG@20: 0.03352 
09/05/2026,03:32:31: 	Recall@10: 0.01898 Recall@20: 0.02953 NDCG@10: 0.01113 NDCG@20: 0.01398 
09/05/2026,03:32:31: Epoch [262/1000]
09/05/2026,03:32:31: Negative sampling...
09/05/2026,03:32:32: Model's personal time...
09/05/2026,03:32:32: Training...
09/05/2026,03:32:33: Evaluating...
09/05/2026,03:32:34: 	Train Loss: 3812071.7500 (base: 701.7194, kd: 7622.7407), Elapsed: train 2.55 test 0.35
09/05/2026,03:32:34: 	Recall@10: 0.04732 Recall@20: 0.06841 NDCG@10: 0.02820 NDCG@20: 0.03393 
09/05/2026,03:32:34: 	Recall@10: 0.01901 Recall@20: 0.02836 NDCG@10: 0.01103 NDCG@20: 0.01357 
09/05/2026,03:32:34: Epoch [263/1000]
09/05/2026,03:32:34: Negative sampling...
09/05/2026,03:32:35: Model's personal time...
09/05/2026,03:32:35: Training...
09/05/2026,03:32:36: Evaluating...
09/05/2026,03:32:37: 	Train Loss: 3811820.2500 (base: 700.7808, kd: 7622.2388), Elapsed: train 2.54 test 0.56
09/05/2026,03:32:37: 	Recall@10: 0.04660 Recall@20: 0.06833 NDCG@10: 0.02764 NDCG@20: 0.03354 
09/05/2026,03:32:37: 	Recall@10: 0.01893 Recall@20: 0.02870 NDCG@10: 0.01111 NDCG@20: 0.01374 
09/05/2026,03:32:37: Epoch [264/1000]
09/05/2026,03:32:37: Negative sampling...
09/05/2026,03:32:38: Model's personal time...
09/05/2026,03:32:38: Training...
09/05/2026,03:32:39: Evaluating...
09/05/2026,03:32:40: 	Train Loss: 3810162.7500 (base: 701.2756, kd: 7618.9233), Elapsed: train 2.62 test 0.38 *
09/05/2026,03:32:40: 	Recall@10: 0.04812 Recall@20: 0.06841 NDCG@10: 0.02869 NDCG@20: 0.03416 
09/05/2026,03:32:40: 	Recall@10: 0.01884 Recall@20: 0.02856 NDCG@10: 0.01098 NDCG@20: 0.01362 
09/05/2026,03:32:40: Epoch [265/1000]
09/05/2026,03:32:40: Negative sampling...
09/05/2026,03:32:41: Model's personal time...
09/05/2026,03:32:41: Training...
09/05/2026,03:32:42: Evaluating...
09/05/2026,03:32:43: 	Train Loss: 3810225.5000 (base: 701.8345, kd: 7619.0479), Elapsed: train 2.53 test 0.36
09/05/2026,03:32:43: 	Recall@10: 0.04724 Recall@20: 0.06794 NDCG@10: 0.02824 NDCG@20: 0.03383 
09/05/2026,03:32:43: 	Recall@10: 0.01907 Recall@20: 0.02914 NDCG@10: 0.01086 NDCG@20: 0.01356 
09/05/2026,03:32:43: Epoch [266/1000]
09/05/2026,03:32:43: Negative sampling...
09/05/2026,03:32:44: Model's personal time...
09/05/2026,03:32:44: Training...
09/05/2026,03:32:45: Evaluating...
09/05/2026,03:32:46: 	Train Loss: 3810519.7500 (base: 699.3270, kd: 7619.6401), Elapsed: train 2.66 test 0.45
09/05/2026,03:32:46: 	Recall@10: 0.04722 Recall@20: 0.06932 NDCG@10: 0.02814 NDCG@20: 0.03412 
09/05/2026,03:32:46: 	Recall@10: 0.01934 Recall@20: 0.02901 NDCG@10: 0.01099 NDCG@20: 0.01360 
09/05/2026,03:32:46: Epoch [267/1000]
09/05/2026,03:32:46: Negative sampling...
09/05/2026,03:32:47: Model's personal time...
09/05/2026,03:32:47: Training...
09/05/2026,03:32:48: Evaluating...
09/05/2026,03:32:49: 	Train Loss: 3808011.0000 (base: 701.2030, kd: 7614.6196), Elapsed: train 2.67 test 0.43
09/05/2026,03:32:49: 	Recall@10: 0.04637 Recall@20: 0.06738 NDCG@10: 0.02786 NDCG@20: 0.03357 
09/05/2026,03:32:49: 	Recall@10: 0.01933 Recall@20: 0.02823 NDCG@10: 0.01112 NDCG@20: 0.01356 
09/05/2026,03:32:49: Epoch [268/1000]
09/05/2026,03:32:49: Negative sampling...
09/05/2026,03:32:50: Model's personal time...
09/05/2026,03:32:50: Training...
09/05/2026,03:32:51: Evaluating...
09/05/2026,03:32:52: 	Train Loss: 3809845.2500 (base: 704.1086, kd: 7618.2822), Elapsed: train 2.79 test 0.45
09/05/2026,03:32:52: 	Recall@10: 0.04706 Recall@20: 0.06790 NDCG@10: 0.02771 NDCG@20: 0.03337 
09/05/2026,03:32:52: 	Recall@10: 0.01909 Recall@20: 0.02774 NDCG@10: 0.01091 NDCG@20: 0.01328 
09/05/2026,03:32:52: Epoch [269/1000]
09/05/2026,03:32:52: Negative sampling...
09/05/2026,03:32:54: Model's personal time...
09/05/2026,03:32:54: Training...
09/05/2026,03:32:55: Evaluating...
09/05/2026,03:32:55: 	Train Loss: 3809317.2500 (base: 701.8409, kd: 7617.2305), Elapsed: train 3.08 test 0.43
09/05/2026,03:32:55: 	Recall@10: 0.04695 Recall@20: 0.06834 NDCG@10: 0.02818 NDCG@20: 0.03399 
09/05/2026,03:32:55: 	Recall@10: 0.01915 Recall@20: 0.02825 NDCG@10: 0.01105 NDCG@20: 0.01352 
09/05/2026,03:32:55: Epoch [270/1000]
09/05/2026,03:32:55: Negative sampling...
09/05/2026,03:32:57: Model's personal time...
09/05/2026,03:32:57: Training...
09/05/2026,03:32:58: Evaluating...
09/05/2026,03:32:59: 	Train Loss: 3809682.2500 (base: 702.2480, kd: 7617.9604), Elapsed: train 2.88 test 0.34
09/05/2026,03:32:59: 	Recall@10: 0.04704 Recall@20: 0.06828 NDCG@10: 0.02801 NDCG@20: 0.03382 
09/05/2026,03:32:59: 	Recall@10: 0.01928 Recall@20: 0.02834 NDCG@10: 0.01106 NDCG@20: 0.01351 
09/05/2026,03:32:59: Epoch [271/1000]
09/05/2026,03:32:59: Negative sampling...
09/05/2026,03:33:00: Model's personal time...
09/05/2026,03:33:00: Training...
09/05/2026,03:33:01: Evaluating...
09/05/2026,03:33:02: 	Train Loss: 3809163.2500 (base: 700.7468, kd: 7616.9253), Elapsed: train 2.60 test 0.43 *
09/05/2026,03:33:02: 	Recall@10: 0.04801 Recall@20: 0.06898 NDCG@10: 0.02859 NDCG@20: 0.03431 
09/05/2026,03:33:02: 	Recall@10: 0.01982 Recall@20: 0.02931 NDCG@10: 0.01123 NDCG@20: 0.01379 
09/05/2026,03:33:02: Epoch [272/1000]
09/05/2026,03:33:02: Negative sampling...
09/05/2026,03:33:03: Model's personal time...
09/05/2026,03:33:03: Training...
09/05/2026,03:33:04: Evaluating...
09/05/2026,03:33:05: 	Train Loss: 3811051.7500 (base: 699.9507, kd: 7620.7041), Elapsed: train 2.72 test 0.50
09/05/2026,03:33:05: 	Recall@10: 0.04658 Recall@20: 0.06826 NDCG@10: 0.02809 NDCG@20: 0.03399 
09/05/2026,03:33:05: 	Recall@10: 0.01943 Recall@20: 0.02852 NDCG@10: 0.01109 NDCG@20: 0.01355 
09/05/2026,03:33:05: Epoch [273/1000]
09/05/2026,03:33:05: Negative sampling...
09/05/2026,03:33:06: Model's personal time...
09/05/2026,03:33:06: Training...
09/05/2026,03:33:07: Evaluating...
09/05/2026,03:33:08: 	Train Loss: 3808055.7500 (base: 705.7094, kd: 7614.7002), Elapsed: train 2.53 test 0.33
09/05/2026,03:33:08: 	Recall@10: 0.04827 Recall@20: 0.06857 NDCG@10: 0.02865 NDCG@20: 0.03412 
09/05/2026,03:33:08: 	Recall@10: 0.01906 Recall@20: 0.02818 NDCG@10: 0.01108 NDCG@20: 0.01353 
09/05/2026,03:33:08: Epoch [274/1000]
09/05/2026,03:33:08: Negative sampling...
09/05/2026,03:33:09: Model's personal time...
09/05/2026,03:33:09: Training...
09/05/2026,03:33:11: Evaluating...
09/05/2026,03:33:11: 	Train Loss: 3806914.5000 (base: 697.9374, kd: 7612.4336), Elapsed: train 2.90 test 0.41
09/05/2026,03:33:11: 	Recall@10: 0.04754 Recall@20: 0.06846 NDCG@10: 0.02863 NDCG@20: 0.03430 
09/05/2026,03:33:11: 	Recall@10: 0.01969 Recall@20: 0.02861 NDCG@10: 0.01120 NDCG@20: 0.01360 
09/05/2026,03:33:11: Epoch [275/1000]
09/05/2026,03:33:11: Negative sampling...
09/05/2026,03:33:12: Model's personal time...
09/05/2026,03:33:12: Training...
09/05/2026,03:33:14: Evaluating...
09/05/2026,03:33:14: 	Train Loss: 3808088.0000 (base: 705.9204, kd: 7614.7646), Elapsed: train 2.70 test 0.39
09/05/2026,03:33:14: 	Recall@10: 0.04750 Recall@20: 0.06835 NDCG@10: 0.02853 NDCG@20: 0.03417 
09/05/2026,03:33:14: 	Recall@10: 0.01987 Recall@20: 0.02917 NDCG@10: 0.01123 NDCG@20: 0.01372 
09/05/2026,03:33:14: Epoch [276/1000]
09/05/2026,03:33:14: Negative sampling...
09/05/2026,03:33:16: Model's personal time...
09/05/2026,03:33:16: Training...
09/05/2026,03:33:17: Evaluating...
09/05/2026,03:33:17: 	Train Loss: 3807501.7500 (base: 701.9238, kd: 7613.5991), Elapsed: train 2.63 test 0.38
09/05/2026,03:33:17: 	Recall@10: 0.04759 Recall@20: 0.06884 NDCG@10: 0.02836 NDCG@20: 0.03409 
09/05/2026,03:33:17: 	Recall@10: 0.01886 Recall@20: 0.02889 NDCG@10: 0.01094 NDCG@20: 0.01364 
09/05/2026,03:33:17: Epoch [277/1000]
09/05/2026,03:33:17: Negative sampling...
09/05/2026,03:33:19: Model's personal time...
09/05/2026,03:33:19: Training...
09/05/2026,03:33:20: Evaluating...
09/05/2026,03:33:20: 	Train Loss: 3807082.7500 (base: 700.3026, kd: 7612.7651), Elapsed: train 2.52 test 0.36
09/05/2026,03:33:20: 	Recall@10: 0.04825 Recall@20: 0.06859 NDCG@10: 0.02867 NDCG@20: 0.03422 
09/05/2026,03:33:20: 	Recall@10: 0.01921 Recall@20: 0.02845 NDCG@10: 0.01100 NDCG@20: 0.01351 
09/05/2026,03:33:20: Epoch [278/1000]
09/05/2026,03:33:20: Negative sampling...
09/05/2026,03:33:21: Model's personal time...
09/05/2026,03:33:21: Training...
09/05/2026,03:33:23: Evaluating...
09/05/2026,03:33:23: 	Train Loss: 3809696.5000 (base: 702.5370, kd: 7617.9883), Elapsed: train 2.58 test 0.35
09/05/2026,03:33:23: 	Recall@10: 0.04778 Recall@20: 0.06785 NDCG@10: 0.02868 NDCG@20: 0.03413 
09/05/2026,03:33:23: 	Recall@10: 0.01832 Recall@20: 0.02818 NDCG@10: 0.01068 NDCG@20: 0.01334 
09/05/2026,03:33:23: Epoch [279/1000]
09/05/2026,03:33:23: Negative sampling...
09/05/2026,03:33:24: Model's personal time...
09/05/2026,03:33:24: Training...
09/05/2026,03:33:26: Evaluating...
09/05/2026,03:33:26: 	Train Loss: 3807601.5000 (base: 704.2823, kd: 7613.7944), Elapsed: train 2.53 test 0.46
09/05/2026,03:33:26: 	Recall@10: 0.04739 Recall@20: 0.06838 NDCG@10: 0.02847 NDCG@20: 0.03418 
09/05/2026,03:33:26: 	Recall@10: 0.01836 Recall@20: 0.02864 NDCG@10: 0.01051 NDCG@20: 0.01332 
09/05/2026,03:33:26: Epoch [280/1000]
09/05/2026,03:33:26: Negative sampling...
09/05/2026,03:33:27: Model's personal time...
09/05/2026,03:33:27: Training...
09/05/2026,03:33:28: Evaluating...
09/05/2026,03:33:29: 	Train Loss: 3810646.7500 (base: 698.7379, kd: 7619.8960), Elapsed: train 2.48 test 0.30
09/05/2026,03:33:29: 	Recall@10: 0.04713 Recall@20: 0.06786 NDCG@10: 0.02841 NDCG@20: 0.03407 
09/05/2026,03:33:29: 	Recall@10: 0.01963 Recall@20: 0.02846 NDCG@10: 0.01109 NDCG@20: 0.01346 
09/05/2026,03:33:29: Epoch [281/1000]
09/05/2026,03:33:29: Negative sampling...
09/05/2026,03:33:30: Model's personal time...
09/05/2026,03:33:30: Training...
09/05/2026,03:33:31: Evaluating...
09/05/2026,03:33:32: 	Train Loss: 3807609.7500 (base: 706.0323, kd: 7613.8071), Elapsed: train 2.39 test 0.53
09/05/2026,03:33:32: 	Recall@10: 0.04706 Recall@20: 0.06741 NDCG@10: 0.02812 NDCG@20: 0.03367 
09/05/2026,03:33:32: 	Recall@10: 0.01862 Recall@20: 0.02832 NDCG@10: 0.01085 NDCG@20: 0.01350 
09/05/2026,03:33:32: Epoch [282/1000]
09/05/2026,03:33:32: Negative sampling...
09/05/2026,03:33:33: Model's personal time...
09/05/2026,03:33:33: Training...
09/05/2026,03:33:34: Evaluating...
09/05/2026,03:33:35: 	Train Loss: 3808491.7500 (base: 708.8599, kd: 7615.5654), Elapsed: train 2.52 test 0.28 *
09/05/2026,03:33:35: 	Recall@10: 0.04883 Recall@20: 0.06879 NDCG@10: 0.02916 NDCG@20: 0.03463 
09/05/2026,03:33:35: 	Recall@10: 0.01982 Recall@20: 0.02828 NDCG@10: 0.01107 NDCG@20: 0.01336 
09/05/2026,03:33:35: Epoch [283/1000]
09/05/2026,03:33:35: Negative sampling...
09/05/2026,03:33:36: Model's personal time...
09/05/2026,03:33:36: Training...
09/05/2026,03:33:37: Evaluating...
09/05/2026,03:33:37: 	Train Loss: 3806742.2500 (base: 694.7384, kd: 7612.0942), Elapsed: train 2.47 test 0.42
09/05/2026,03:33:37: 	Recall@10: 0.04721 Recall@20: 0.06766 NDCG@10: 0.02811 NDCG@20: 0.03364 
09/05/2026,03:33:37: 	Recall@10: 0.01995 Recall@20: 0.02913 NDCG@10: 0.01120 NDCG@20: 0.01365 
09/05/2026,03:33:37: Epoch [284/1000]
09/05/2026,03:33:37: Negative sampling...
09/05/2026,03:33:39: Model's personal time...
09/05/2026,03:33:39: Training...
09/05/2026,03:33:40: Evaluating...
09/05/2026,03:33:40: 	Train Loss: 3806280.7500 (base: 695.2200, kd: 7611.1709), Elapsed: train 2.60 test 0.39
09/05/2026,03:33:40: 	Recall@10: 0.04687 Recall@20: 0.06854 NDCG@10: 0.02801 NDCG@20: 0.03395 
09/05/2026,03:33:40: 	Recall@10: 0.01960 Recall@20: 0.02842 NDCG@10: 0.01110 NDCG@20: 0.01348 
09/05/2026,03:33:40: Epoch [285/1000]
09/05/2026,03:33:40: Negative sampling...
09/05/2026,03:33:42: Model's personal time...
09/05/2026,03:33:42: Training...
09/05/2026,03:33:43: Evaluating...
09/05/2026,03:33:43: 	Train Loss: 3807958.2500 (base: 701.0729, kd: 7614.5146), Elapsed: train 2.44 test 0.33
09/05/2026,03:33:43: 	Recall@10: 0.04816 Recall@20: 0.06838 NDCG@10: 0.02839 NDCG@20: 0.03387 
09/05/2026,03:33:43: 	Recall@10: 0.01979 Recall@20: 0.02827 NDCG@10: 0.01132 NDCG@20: 0.01361 
09/05/2026,03:33:43: Epoch [286/1000]
09/05/2026,03:33:43: Negative sampling...
09/05/2026,03:33:45: Model's personal time...
09/05/2026,03:33:45: Training...
09/05/2026,03:33:46: Evaluating...
09/05/2026,03:33:46: 	Train Loss: 3810884.5000 (base: 696.0842, kd: 7620.3774), Elapsed: train 2.79 test 0.37
09/05/2026,03:33:46: 	Recall@10: 0.04772 Recall@20: 0.06877 NDCG@10: 0.02830 NDCG@20: 0.03404 
09/05/2026,03:33:46: 	Recall@10: 0.01957 Recall@20: 0.02907 NDCG@10: 0.01125 NDCG@20: 0.01383 
09/05/2026,03:33:46: Epoch [287/1000]
09/05/2026,03:33:46: Negative sampling...
09/05/2026,03:33:48: Model's personal time...
09/05/2026,03:33:48: Training...
09/05/2026,03:33:49: Evaluating...
09/05/2026,03:33:49: 	Train Loss: 3809179.2500 (base: 698.3581, kd: 7616.9624), Elapsed: train 2.50 test 0.27
09/05/2026,03:33:49: 	Recall@10: 0.04723 Recall@20: 0.06859 NDCG@10: 0.02834 NDCG@20: 0.03411 
09/05/2026,03:33:49: 	Recall@10: 0.01964 Recall@20: 0.02883 NDCG@10: 0.01119 NDCG@20: 0.01372 
09/05/2026,03:33:49: Epoch [288/1000]
09/05/2026,03:33:49: Negative sampling...
09/05/2026,03:33:50: Model's personal time...
09/05/2026,03:33:50: Training...
09/05/2026,03:33:52: Evaluating...
09/05/2026,03:33:52: 	Train Loss: 3808439.5000 (base: 701.4495, kd: 7615.4761), Elapsed: train 2.48 test 0.31
09/05/2026,03:33:52: 	Recall@10: 0.04740 Recall@20: 0.06873 NDCG@10: 0.02823 NDCG@20: 0.03405 
09/05/2026,03:33:52: 	Recall@10: 0.01992 Recall@20: 0.02813 NDCG@10: 0.01148 NDCG@20: 0.01370 
09/05/2026,03:33:52: Epoch [289/1000]
09/05/2026,03:33:52: Negative sampling...
09/05/2026,03:33:53: Model's personal time...
09/05/2026,03:33:53: Training...
09/05/2026,03:33:54: Evaluating...
09/05/2026,03:33:55: 	Train Loss: 3808746.0000 (base: 694.6144, kd: 7616.1030), Elapsed: train 2.43 test 0.29
09/05/2026,03:33:55: 	Recall@10: 0.04741 Recall@20: 0.06834 NDCG@10: 0.02839 NDCG@20: 0.03403 
09/05/2026,03:33:55: 	Recall@10: 0.01944 Recall@20: 0.02865 NDCG@10: 0.01094 NDCG@20: 0.01345 
09/05/2026,03:33:55: Epoch [290/1000]
09/05/2026,03:33:55: Negative sampling...
09/05/2026,03:33:56: Model's personal time...
09/05/2026,03:33:56: Training...
09/05/2026,03:33:57: Evaluating...
09/05/2026,03:33:58: 	Train Loss: 3806770.0000 (base: 700.8549, kd: 7612.1387), Elapsed: train 2.57 test 0.44
09/05/2026,03:33:58: 	Recall@10: 0.04675 Recall@20: 0.06933 NDCG@10: 0.02796 NDCG@20: 0.03413 
09/05/2026,03:33:58: 	Recall@10: 0.01896 Recall@20: 0.02822 NDCG@10: 0.01096 NDCG@20: 0.01349 
09/05/2026,03:33:58: Epoch [291/1000]
09/05/2026,03:33:58: Negative sampling...
09/05/2026,03:33:59: Model's personal time...
09/05/2026,03:33:59: Training...
09/05/2026,03:34:00: Evaluating...
09/05/2026,03:34:00: 	Train Loss: 3807542.2500 (base: 698.7901, kd: 7613.6865), Elapsed: train 2.51 test 0.30
09/05/2026,03:34:00: 	Recall@10: 0.04806 Recall@20: 0.06860 NDCG@10: 0.02871 NDCG@20: 0.03434 
09/05/2026,03:34:00: 	Recall@10: 0.01913 Recall@20: 0.02887 NDCG@10: 0.01112 NDCG@20: 0.01379 
09/05/2026,03:34:00: Epoch [292/1000]
09/05/2026,03:34:00: Negative sampling...
09/05/2026,03:34:02: Model's personal time...
09/05/2026,03:34:02: Training...
09/05/2026,03:34:03: Evaluating...
09/05/2026,03:34:03: 	Train Loss: 3805533.2500 (base: 699.7816, kd: 7609.6670), Elapsed: train 2.47 test 0.32
09/05/2026,03:34:03: 	Recall@10: 0.04763 Recall@20: 0.06794 NDCG@10: 0.02789 NDCG@20: 0.03336 
09/05/2026,03:34:03: 	Recall@10: 0.01865 Recall@20: 0.02821 NDCG@10: 0.01091 NDCG@20: 0.01350 
09/05/2026,03:34:03: Epoch [293/1000]
09/05/2026,03:34:03: Negative sampling...
09/05/2026,03:34:05: Model's personal time...
09/05/2026,03:34:05: Training...
09/05/2026,03:34:06: Evaluating...
09/05/2026,03:34:06: 	Train Loss: 3809528.7500 (base: 699.4971, kd: 7617.6582), Elapsed: train 2.45 test 0.44
09/05/2026,03:34:06: 	Recall@10: 0.04811 Recall@20: 0.06943 NDCG@10: 0.02830 NDCG@20: 0.03414 
09/05/2026,03:34:06: 	Recall@10: 0.01973 Recall@20: 0.02847 NDCG@10: 0.01143 NDCG@20: 0.01384 
09/05/2026,03:34:06: Epoch [294/1000]
09/05/2026,03:34:06: Negative sampling...
09/05/2026,03:34:07: Model's personal time...
09/05/2026,03:34:07: Training...
09/05/2026,03:34:09: Evaluating...
09/05/2026,03:34:09: 	Train Loss: 3807783.7500 (base: 703.7906, kd: 7614.1592), Elapsed: train 2.50 test 0.39
09/05/2026,03:34:09: 	Recall@10: 0.04677 Recall@20: 0.06871 NDCG@10: 0.02790 NDCG@20: 0.03386 
09/05/2026,03:34:09: 	Recall@10: 0.01941 Recall@20: 0.02895 NDCG@10: 0.01120 NDCG@20: 0.01380 
09/05/2026,03:34:09: Epoch [295/1000]
09/05/2026,03:34:09: Negative sampling...
09/05/2026,03:34:10: Model's personal time...
09/05/2026,03:34:10: Training...
09/05/2026,03:34:12: Evaluating...
09/05/2026,03:34:12: 	Train Loss: 3808143.0000 (base: 690.9923, kd: 7614.9033), Elapsed: train 2.52 test 0.29
09/05/2026,03:34:12: 	Recall@10: 0.04812 Recall@20: 0.06972 NDCG@10: 0.02845 NDCG@20: 0.03437 
09/05/2026,03:34:12: 	Recall@10: 0.01919 Recall@20: 0.02880 NDCG@10: 0.01117 NDCG@20: 0.01379 
09/05/2026,03:34:12: Epoch [296/1000]
09/05/2026,03:34:12: Negative sampling...
09/05/2026,03:34:13: Model's personal time...
09/05/2026,03:34:13: Training...
09/05/2026,03:34:14: Evaluating...
09/05/2026,03:34:15: 	Train Loss: 3807455.0000 (base: 701.7602, kd: 7613.5063), Elapsed: train 2.54 test 0.44
09/05/2026,03:34:15: 	Recall@10: 0.04838 Recall@20: 0.06951 NDCG@10: 0.02866 NDCG@20: 0.03438 
09/05/2026,03:34:15: 	Recall@10: 0.01963 Recall@20: 0.02823 NDCG@10: 0.01099 NDCG@20: 0.01332 
09/05/2026,03:34:15: Epoch [297/1000]
09/05/2026,03:34:15: Negative sampling...
09/05/2026,03:34:16: Model's personal time...
09/05/2026,03:34:16: Training...
09/05/2026,03:34:17: Evaluating...
09/05/2026,03:34:18: 	Train Loss: 3807037.7500 (base: 696.8042, kd: 7612.6816), Elapsed: train 2.41 test 0.32
09/05/2026,03:34:18: 	Recall@10: 0.04813 Recall@20: 0.06851 NDCG@10: 0.02843 NDCG@20: 0.03393 
09/05/2026,03:34:18: 	Recall@10: 0.01921 Recall@20: 0.02898 NDCG@10: 0.01098 NDCG@20: 0.01362 
09/05/2026,03:34:18: Epoch [298/1000]
09/05/2026,03:34:18: Negative sampling...
09/05/2026,03:34:19: Model's personal time...
09/05/2026,03:34:19: Training...
09/05/2026,03:34:20: Evaluating...
09/05/2026,03:34:20: 	Train Loss: 3805620.2500 (base: 693.1091, kd: 7609.8545), Elapsed: train 2.48 test 0.32
09/05/2026,03:34:20: 	Recall@10: 0.04732 Recall@20: 0.06893 NDCG@10: 0.02798 NDCG@20: 0.03385 
09/05/2026,03:34:20: 	Recall@10: 0.01883 Recall@20: 0.02846 NDCG@10: 0.01085 NDCG@20: 0.01349 
09/05/2026,03:34:20: Epoch [299/1000]
09/05/2026,03:34:20: Negative sampling...
09/05/2026,03:34:22: Model's personal time...
09/05/2026,03:34:22: Training...
09/05/2026,03:34:23: Evaluating...
09/05/2026,03:34:23: 	Train Loss: 3805494.5000 (base: 700.7006, kd: 7609.5879), Elapsed: train 2.70 test 0.28
09/05/2026,03:34:23: 	Recall@10: 0.04784 Recall@20: 0.06918 NDCG@10: 0.02815 NDCG@20: 0.03391 
09/05/2026,03:34:23: 	Recall@10: 0.01920 Recall@20: 0.02839 NDCG@10: 0.01093 NDCG@20: 0.01345 
09/05/2026,03:34:23: Epoch [300/1000]
09/05/2026,03:34:23: Negative sampling...
09/05/2026,03:34:25: Model's personal time...
09/05/2026,03:34:25: Training...
09/05/2026,03:34:26: Evaluating...
09/05/2026,03:34:26: 	Train Loss: 3804822.5000 (base: 701.9196, kd: 7608.2407), Elapsed: train 2.53 test 0.28
09/05/2026,03:34:26: 	Recall@10: 0.04733 Recall@20: 0.06895 NDCG@10: 0.02811 NDCG@20: 0.03394 
09/05/2026,03:34:26: 	Recall@10: 0.01921 Recall@20: 0.02854 NDCG@10: 0.01086 NDCG@20: 0.01344 
09/05/2026,03:34:26: Epoch [301/1000]
09/05/2026,03:34:26: Negative sampling...
09/05/2026,03:34:27: Model's personal time...
09/05/2026,03:34:27: Training...
09/05/2026,03:34:29: Evaluating...
09/05/2026,03:34:29: 	Train Loss: 3808015.2500 (base: 699.6781, kd: 7614.6313), Elapsed: train 2.76 test 0.55
09/05/2026,03:34:29: 	Recall@10: 0.04738 Recall@20: 0.06834 NDCG@10: 0.02799 NDCG@20: 0.03366 
09/05/2026,03:34:29: 	Recall@10: 0.02002 Recall@20: 0.02862 NDCG@10: 0.01131 NDCG@20: 0.01364 
09/05/2026,03:34:29: Epoch [302/1000]
09/05/2026,03:34:29: Negative sampling...
09/05/2026,03:34:31: Model's personal time...
09/05/2026,03:34:31: Training...
09/05/2026,03:34:32: Evaluating...
09/05/2026,03:34:33: 	Train Loss: 3804777.0000 (base: 693.8066, kd: 7608.1665), Elapsed: train 2.72 test 0.48
09/05/2026,03:34:33: 	Recall@10: 0.04768 Recall@20: 0.06858 NDCG@10: 0.02849 NDCG@20: 0.03415 
09/05/2026,03:34:33: 	Recall@10: 0.01922 Recall@20: 0.02818 NDCG@10: 0.01095 NDCG@20: 0.01339 
09/05/2026,03:34:33: Epoch [303/1000]
09/05/2026,03:34:33: Negative sampling...
09/05/2026,03:34:34: Model's personal time...
09/05/2026,03:34:34: Training...
09/05/2026,03:34:35: Evaluating...
09/05/2026,03:34:36: 	Train Loss: 3804528.2500 (base: 696.9850, kd: 7607.6616), Elapsed: train 2.71 test 0.30
09/05/2026,03:34:36: 	Recall@10: 0.04833 Recall@20: 0.06898 NDCG@10: 0.02837 NDCG@20: 0.03394 
09/05/2026,03:34:36: 	Recall@10: 0.01973 Recall@20: 0.02876 NDCG@10: 0.01095 NDCG@20: 0.01339 
09/05/2026,03:34:36: Epoch [304/1000]
09/05/2026,03:34:36: Negative sampling...
09/05/2026,03:34:37: Model's personal time...
09/05/2026,03:34:37: Training...
09/05/2026,03:34:38: Evaluating...
09/05/2026,03:34:39: 	Train Loss: 3806178.0000 (base: 694.7404, kd: 7610.9658), Elapsed: train 2.57 test 0.33
09/05/2026,03:34:39: 	Recall@10: 0.04832 Recall@20: 0.06973 NDCG@10: 0.02841 NDCG@20: 0.03419 
09/05/2026,03:34:39: 	Recall@10: 0.01973 Recall@20: 0.02856 NDCG@10: 0.01110 NDCG@20: 0.01348 
09/05/2026,03:34:39: Epoch [305/1000]
09/05/2026,03:34:39: Negative sampling...
09/05/2026,03:34:40: Model's personal time...
09/05/2026,03:34:40: Training...
09/05/2026,03:34:41: Evaluating...
09/05/2026,03:34:41: 	Train Loss: 3805930.7500 (base: 699.7964, kd: 7610.4614), Elapsed: train 2.38 test 0.30
09/05/2026,03:34:41: 	Recall@10: 0.04894 Recall@20: 0.06935 NDCG@10: 0.02909 NDCG@20: 0.03462 
09/05/2026,03:34:41: 	Recall@10: 0.01966 Recall@20: 0.02913 NDCG@10: 0.01126 NDCG@20: 0.01379 
09/05/2026,03:34:41: Epoch [306/1000]
09/05/2026,03:34:41: Negative sampling...
09/05/2026,03:34:43: Model's personal time...
09/05/2026,03:34:43: Training...
09/05/2026,03:34:44: Evaluating...
09/05/2026,03:34:44: 	Train Loss: 3802865.2500 (base: 694.6677, kd: 7604.3408), Elapsed: train 2.47 test 0.31
09/05/2026,03:34:44: 	Recall@10: 0.04707 Recall@20: 0.06895 NDCG@10: 0.02800 NDCG@20: 0.03388 
09/05/2026,03:34:44: 	Recall@10: 0.01938 Recall@20: 0.02961 NDCG@10: 0.01123 NDCG@20: 0.01402 
09/05/2026,03:34:44: Epoch [307/1000]
09/05/2026,03:34:44: Negative sampling...
09/05/2026,03:34:45: Model's personal time...
09/05/2026,03:34:45: Training...
09/05/2026,03:34:46: Evaluating...
09/05/2026,03:34:47: 	Train Loss: 3802968.7500 (base: 698.2844, kd: 7604.5405), Elapsed: train 2.45 test 0.34
09/05/2026,03:34:47: 	Recall@10: 0.04791 Recall@20: 0.06886 NDCG@10: 0.02853 NDCG@20: 0.03423 
09/05/2026,03:34:47: 	Recall@10: 0.01956 Recall@20: 0.02838 NDCG@10: 0.01102 NDCG@20: 0.01339 
09/05/2026,03:34:47: Epoch [308/1000]
09/05/2026,03:34:47: Negative sampling...
09/05/2026,03:34:48: Model's personal time...
09/05/2026,03:34:48: Training...
09/05/2026,03:34:49: Evaluating...
09/05/2026,03:34:50: 	Train Loss: 3808124.0000 (base: 700.8878, kd: 7614.8467), Elapsed: train 2.42 test 0.30
09/05/2026,03:34:50: 	Recall@10: 0.04890 Recall@20: 0.06883 NDCG@10: 0.02860 NDCG@20: 0.03402 
09/05/2026,03:34:50: 	Recall@10: 0.01925 Recall@20: 0.02895 NDCG@10: 0.01082 NDCG@20: 0.01345 
09/05/2026,03:34:50: Epoch [309/1000]
09/05/2026,03:34:50: Negative sampling...
09/05/2026,03:34:51: Model's personal time...
09/05/2026,03:34:51: Training...
09/05/2026,03:34:52: Evaluating...
09/05/2026,03:34:52: 	Train Loss: 3803236.2500 (base: 697.2167, kd: 7605.0776), Elapsed: train 2.47 test 0.42
09/05/2026,03:34:52: 	Recall@10: 0.04720 Recall@20: 0.06809 NDCG@10: 0.02776 NDCG@20: 0.03341 
09/05/2026,03:34:52: 	Recall@10: 0.01928 Recall@20: 0.02796 NDCG@10: 0.01075 NDCG@20: 0.01312 
09/05/2026,03:34:52: Epoch [310/1000]
09/05/2026,03:34:52: Negative sampling...
09/05/2026,03:34:54: Model's personal time...
09/05/2026,03:34:54: Training...
09/05/2026,03:34:55: Evaluating...
09/05/2026,03:34:56: 	Train Loss: 3805625.0000 (base: 700.9167, kd: 7609.8486), Elapsed: train 2.67 test 0.44
09/05/2026,03:34:56: 	Recall@10: 0.04883 Recall@20: 0.06905 NDCG@10: 0.02888 NDCG@20: 0.03434 
09/05/2026,03:34:56: 	Recall@10: 0.01999 Recall@20: 0.02893 NDCG@10: 0.01136 NDCG@20: 0.01380 
09/05/2026,03:34:56: Epoch [311/1000]
09/05/2026,03:34:56: Negative sampling...
09/05/2026,03:34:57: Model's personal time...
09/05/2026,03:34:57: Training...
09/05/2026,03:34:58: Evaluating...
09/05/2026,03:34:59: 	Train Loss: 3804442.0000 (base: 698.0037, kd: 7607.4883), Elapsed: train 2.73 test 0.40
09/05/2026,03:34:59: 	Recall@10: 0.04813 Recall@20: 0.06925 NDCG@10: 0.02838 NDCG@20: 0.03405 
09/05/2026,03:34:59: 	Recall@10: 0.01901 Recall@20: 0.02926 NDCG@10: 0.01087 NDCG@20: 0.01362 
09/05/2026,03:34:59: Epoch [312/1000]
09/05/2026,03:34:59: Negative sampling...
09/05/2026,03:35:00: Model's personal time...
09/05/2026,03:35:00: Training...
09/05/2026,03:35:01: Evaluating...
09/05/2026,03:35:02: 	Train Loss: 3805201.0000 (base: 702.1750, kd: 7608.9985), Elapsed: train 2.72 test 0.37
09/05/2026,03:35:02: 	Recall@10: 0.04893 Recall@20: 0.06914 NDCG@10: 0.02856 NDCG@20: 0.03400 
09/05/2026,03:35:02: 	Recall@10: 0.01974 Recall@20: 0.02868 NDCG@10: 0.01110 NDCG@20: 0.01356 
09/05/2026,03:35:02: ------------------------------
09/05/2026,03:35:02: valid Recall@10: 0.04883 Recall@20: 0.06879 NDCG@10: 0.02916 NDCG@20: 0.03463
09/05/2026,03:35:02: test Recall@10: 0.01982 Recall@20: 0.02828 NDCG@10: 0.01107 NDCG@20: 0.01336
