----------------------------------------TEACHER----------------------------------------
init_std                                 0.01
embedding_dim                            400
----------------------------------------TEACHER----------------------------------------
----------------------------------------STUDENT----------------------------------------
init_std                                 0.01
embedding_dim                            20
----------------------------------------STUDENT----------------------------------------
----------------------------------------ARGUMENTS----------------------------------------
run_all                                  False
seed                                     0
gpu_id                                   0
no_log                                   False
no_save                                  False
suffix                                   capacity_d20_k20_l50_seed0
verbose                                  False
ablation                                 False
task                                     rec
dataset                                  citeulike
batch_size                               2048
num_ns                                   1
neg_sampling_on_all                      False
T_backbone                               bpr
S_backbone                               bpr
model                                    rcekd
preload                                  False
postsave                                 False
train_teacher                            False
ckpt_interval                            -1
epochs                                   1000
lr                                       0.001
wd                                       1e-05
lmbda                                    500
srce_alpha                               1.0
srce_s                                   20.0
srce_eta                                 1.0
srce_Lu                                  20
srce_mode                                union
srce_kappa                               0.0
eval_period                              1
K_list                                   [10, 20]
early_stop_metric                        NDCG
early_stop_K                             20
early_stop_patience                      30
LOG_DIR                                  logs/
CONFIG_DIR                               configs/
DATA_DIR                                 data/
CKPT_DIR                                 checkpoints/
CRAFT_DIR                                crafts/
mkd_tau                                  1
mkd_K                                    20
mkd_L                                    50
mkd_T                                    10
mkd_mxK                                  200
mkd_beta                                 3
sample_rank                              False
----------------------------------------ARGUMENTS----------------------------------------
----------------------------------------Teacher----------------------------------------
09/05/2026,02:46:36: ------------------------------
09/05/2026,02:46:36: valid Recall@10: 0.06778 Recall@20: 0.10315 NDCG@10: 0.04052 NDCG@20: 0.05027
09/05/2026,02:46:36: test Recall@10: 0.02747 Recall@20: 0.04385 NDCG@10: 0.01551 NDCG@20: 0.02003
----------------------------------------------------------------------------------------
09/05/2026,02:46:36: Epoch [1/1000]
09/05/2026,02:46:36: Negative sampling...
09/05/2026,02:46:37: Model's personal time...
09/05/2026,02:46:37: Training...
09/05/2026,02:46:39: Evaluating...
09/05/2026,02:46:39: 	Train Loss: 4253666.0000 (base: 1390.9320, kd: 8504.5498), Elapsed: train 3.02 test 0.43 *
09/05/2026,02:46:39: 	Recall@10: 0.01752 Recall@20: 0.02226 NDCG@10: 0.01139 NDCG@20: 0.01272 
09/05/2026,02:46:39: 	Recall@10: 0.00730 Recall@20: 0.01014 NDCG@10: 0.00455 NDCG@20: 0.00531 
09/05/2026,02:46:39: Epoch [2/1000]
09/05/2026,02:46:39: Negative sampling...
09/05/2026,02:46:41: Model's personal time...
09/05/2026,02:46:41: Training...
09/05/2026,02:46:42: Evaluating...
09/05/2026,02:46:42: 	Train Loss: 3677824.0000 (base: 1381.7089, kd: 7352.8843), Elapsed: train 2.88 test 0.31 *
09/05/2026,02:46:42: 	Recall@10: 0.04304 Recall@20: 0.05648 NDCG@10: 0.02443 NDCG@20: 0.02814 
09/05/2026,02:46:42: 	Recall@10: 0.02115 Recall@20: 0.02545 NDCG@10: 0.01094 NDCG@20: 0.01214 
09/05/2026,02:46:42: Epoch [3/1000]
09/05/2026,02:46:42: Negative sampling...
09/05/2026,02:46:44: Model's personal time...
09/05/2026,02:46:44: Training...
09/05/2026,02:46:45: Evaluating...
09/05/2026,02:46:46: 	Train Loss: 3575192.5000 (base: 1364.9985, kd: 7147.6543), Elapsed: train 2.96 test 0.45
09/05/2026,02:46:46: 	Recall@10: 0.03407 Recall@20: 0.04297 NDCG@10: 0.02116 NDCG@20: 0.02358 
09/05/2026,02:46:46: 	Recall@10: 0.01179 Recall@20: 0.01567 NDCG@10: 0.00713 NDCG@20: 0.00817 
09/05/2026,02:46:46: Epoch [4/1000]
09/05/2026,02:46:46: Negative sampling...
09/05/2026,02:46:47: Model's personal time...
09/05/2026,02:46:47: Training...
09/05/2026,02:46:49: Evaluating...
09/05/2026,02:46:49: 	Train Loss: 3505388.7500 (base: 1345.2659, kd: 7008.0864), Elapsed: train 3.12 test 0.37
09/05/2026,02:46:49: 	Recall@10: 0.03628 Recall@20: 0.04848 NDCG@10: 0.02320 NDCG@20: 0.02647 
09/05/2026,02:46:49: 	Recall@10: 0.01413 Recall@20: 0.02056 NDCG@10: 0.00858 NDCG@20: 0.01034 
09/05/2026,02:46:49: Epoch [5/1000]
09/05/2026,02:46:49: Negative sampling...
09/05/2026,02:46:51: Model's personal time...
09/05/2026,02:46:51: Training...
09/05/2026,02:46:53: Evaluating...
09/05/2026,02:46:53: 	Train Loss: 3437418.0000 (base: 1319.5627, kd: 6872.1968), Elapsed: train 3.21 test 0.43
09/05/2026,02:46:53: 	Recall@10: 0.04168 Recall@20: 0.05239 NDCG@10: 0.02511 NDCG@20: 0.02804 
09/05/2026,02:46:53: 	Recall@10: 0.01792 Recall@20: 0.02279 NDCG@10: 0.00965 NDCG@20: 0.01104 
09/05/2026,02:46:53: Epoch [6/1000]
09/05/2026,02:46:53: Negative sampling...
09/05/2026,02:46:54: Model's personal time...
09/05/2026,02:46:54: Training...
09/05/2026,02:46:56: Evaluating...
09/05/2026,02:46:56: 	Train Loss: 3335845.7500 (base: 1290.3899, kd: 6669.1108), Elapsed: train 2.94 test 0.56 *
09/05/2026,02:46:56: 	Recall@10: 0.03814 Recall@20: 0.05318 NDCG@10: 0.02438 NDCG@20: 0.02847 
09/05/2026,02:46:56: 	Recall@10: 0.01430 Recall@20: 0.02139 NDCG@10: 0.00845 NDCG@20: 0.01037 
09/05/2026,02:46:56: Epoch [7/1000]
09/05/2026,02:46:56: Negative sampling...
09/05/2026,02:46:58: Model's personal time...
09/05/2026,02:46:58: Training...
09/05/2026,02:47:00: Evaluating...
09/05/2026,02:47:01: 	Train Loss: 3271801.5000 (base: 1258.2101, kd: 6541.0859), Elapsed: train 3.32 test 1.70 *
09/05/2026,02:47:01: 	Recall@10: 0.04395 Recall@20: 0.05727 NDCG@10: 0.02634 NDCG@20: 0.02988 
09/05/2026,02:47:01: 	Recall@10: 0.01832 Recall@20: 0.02482 NDCG@10: 0.00978 NDCG@20: 0.01151 
09/05/2026,02:47:01: Epoch [8/1000]
09/05/2026,02:47:01: Negative sampling...
09/05/2026,02:47:04: Model's personal time...
09/05/2026,02:47:04: Training...
09/05/2026,02:47:05: Evaluating...
09/05/2026,02:47:06: 	Train Loss: 3207503.0000 (base: 1223.3461, kd: 6412.5586), Elapsed: train 3.62 test 0.69 *
09/05/2026,02:47:06: 	Recall@10: 0.04563 Recall@20: 0.05996 NDCG@10: 0.02708 NDCG@20: 0.03098 
09/05/2026,02:47:06: 	Recall@10: 0.01868 Recall@20: 0.02611 NDCG@10: 0.01018 NDCG@20: 0.01211 
09/05/2026,02:47:06: Epoch [9/1000]
09/05/2026,02:47:06: Negative sampling...
09/05/2026,02:47:07: Model's personal time...
09/05/2026,02:47:07: Training...
09/05/2026,02:47:09: Evaluating...
09/05/2026,02:47:10: 	Train Loss: 3143698.2500 (base: 1187.2952, kd: 6285.0215), Elapsed: train 3.11 test 1.19 *
09/05/2026,02:47:10: 	Recall@10: 0.04684 Recall@20: 0.06281 NDCG@10: 0.02839 NDCG@20: 0.03274 
09/05/2026,02:47:10: 	Recall@10: 0.01791 Recall@20: 0.02509 NDCG@10: 0.00995 NDCG@20: 0.01191 
09/05/2026,02:47:10: Epoch [10/1000]
09/05/2026,02:47:10: Negative sampling...
09/05/2026,02:47:12: Model's personal time...
09/05/2026,02:47:12: Training...
09/05/2026,02:47:13: Evaluating...
09/05/2026,02:47:14: 	Train Loss: 3103952.2500 (base: 1150.3562, kd: 6205.6045), Elapsed: train 3.18 test 1.06 *
09/05/2026,02:47:14: 	Recall@10: 0.04845 Recall@20: 0.06444 NDCG@10: 0.02918 NDCG@20: 0.03356 
09/05/2026,02:47:14: 	Recall@10: 0.01787 Recall@20: 0.02713 NDCG@10: 0.01014 NDCG@20: 0.01269 
09/05/2026,02:47:14: Epoch [11/1000]
09/05/2026,02:47:14: Negative sampling...
09/05/2026,02:47:17: Model's personal time...
09/05/2026,02:47:17: Training...
09/05/2026,02:47:19: Evaluating...
09/05/2026,02:47:20: 	Train Loss: 3069878.2500 (base: 1113.4202, kd: 6137.5293), Elapsed: train 4.54 test 1.02 *
09/05/2026,02:47:20: 	Recall@10: 0.04942 Recall@20: 0.06636 NDCG@10: 0.03001 NDCG@20: 0.03454 
09/05/2026,02:47:20: 	Recall@10: 0.01931 Recall@20: 0.02765 NDCG@10: 0.01103 NDCG@20: 0.01335 
09/05/2026,02:47:20: Epoch [12/1000]
09/05/2026,02:47:20: Negative sampling...
09/05/2026,02:47:22: Model's personal time...
09/05/2026,02:47:22: Training...
09/05/2026,02:47:23: Evaluating...
09/05/2026,02:47:24: 	Train Loss: 3040519.5000 (base: 1076.4708, kd: 6078.8857), Elapsed: train 2.90 test 0.81
09/05/2026,02:47:24: 	Recall@10: 0.04918 Recall@20: 0.06589 NDCG@10: 0.02968 NDCG@20: 0.03415 
09/05/2026,02:47:24: 	Recall@10: 0.02002 Recall@20: 0.02742 NDCG@10: 0.01151 NDCG@20: 0.01353 
09/05/2026,02:47:24: Epoch [13/1000]
09/05/2026,02:47:24: Negative sampling...
09/05/2026,02:47:26: Model's personal time...
09/05/2026,02:47:26: Training...
09/05/2026,02:47:27: Evaluating...
09/05/2026,02:47:28: 	Train Loss: 3012227.2500 (base: 1042.8562, kd: 6022.3687), Elapsed: train 3.27 test 0.70 *
09/05/2026,02:47:28: 	Recall@10: 0.05108 Recall@20: 0.06853 NDCG@10: 0.03061 NDCG@20: 0.03533 
09/05/2026,02:47:28: 	Recall@10: 0.02030 Recall@20: 0.02799 NDCG@10: 0.01135 NDCG@20: 0.01345 
09/05/2026,02:47:28: Epoch [14/1000]
09/05/2026,02:47:28: Negative sampling...
09/05/2026,02:47:30: Model's personal time...
09/05/2026,02:47:30: Training...
09/05/2026,02:47:31: Evaluating...
09/05/2026,02:47:32: 	Train Loss: 2992009.7500 (base: 1008.5167, kd: 5982.0020), Elapsed: train 3.66 test 0.45 *
09/05/2026,02:47:32: 	Recall@10: 0.05247 Recall@20: 0.07221 NDCG@10: 0.03098 NDCG@20: 0.03626 
09/05/2026,02:47:32: 	Recall@10: 0.02082 Recall@20: 0.02902 NDCG@10: 0.01174 NDCG@20: 0.01399 
09/05/2026,02:47:32: Epoch [15/1000]
09/05/2026,02:47:32: Negative sampling...
09/05/2026,02:47:34: Model's personal time...
09/05/2026,02:47:34: Training...
09/05/2026,02:47:35: Evaluating...
09/05/2026,02:47:36: 	Train Loss: 2974668.2500 (base: 975.1136, kd: 5947.3872), Elapsed: train 3.79 test 0.60 *
09/05/2026,02:47:36: 	Recall@10: 0.05254 Recall@20: 0.07123 NDCG@10: 0.03146 NDCG@20: 0.03644 
09/05/2026,02:47:36: 	Recall@10: 0.02134 Recall@20: 0.02928 NDCG@10: 0.01176 NDCG@20: 0.01395 
09/05/2026,02:47:36: Epoch [16/1000]
09/05/2026,02:47:36: Negative sampling...
09/05/2026,02:47:38: Model's personal time...
09/05/2026,02:47:39: Training...
09/05/2026,02:47:40: Evaluating...
09/05/2026,02:47:41: 	Train Loss: 2959195.0000 (base: 943.2053, kd: 5916.5039), Elapsed: train 3.95 test 0.53 *
09/05/2026,02:47:41: 	Recall@10: 0.05232 Recall@20: 0.07420 NDCG@10: 0.03179 NDCG@20: 0.03773 
09/05/2026,02:47:41: 	Recall@10: 0.02140 Recall@20: 0.02959 NDCG@10: 0.01189 NDCG@20: 0.01416 
09/05/2026,02:47:41: Epoch [17/1000]
09/05/2026,02:47:41: Negative sampling...
09/05/2026,02:47:43: Model's personal time...
09/05/2026,02:47:43: Training...
09/05/2026,02:47:44: Evaluating...
09/05/2026,02:47:44: 	Train Loss: 2941891.5000 (base: 913.1996, kd: 5881.9565), Elapsed: train 3.35 test 0.49 *
09/05/2026,02:47:44: 	Recall@10: 0.05276 Recall@20: 0.07398 NDCG@10: 0.03207 NDCG@20: 0.03795 
09/05/2026,02:47:44: 	Recall@10: 0.02105 Recall@20: 0.03038 NDCG@10: 0.01169 NDCG@20: 0.01422 
09/05/2026,02:47:44: Epoch [18/1000]
09/05/2026,02:47:44: Negative sampling...
09/05/2026,02:47:46: Model's personal time...
09/05/2026,02:47:46: Training...
09/05/2026,02:47:48: Evaluating...
09/05/2026,02:47:48: 	Train Loss: 2937116.2500 (base: 886.1703, kd: 5872.4604), Elapsed: train 3.46 test 0.48 *
09/05/2026,02:47:48: 	Recall@10: 0.05610 Recall@20: 0.07636 NDCG@10: 0.03324 NDCG@20: 0.03886 
09/05/2026,02:47:48: 	Recall@10: 0.02217 Recall@20: 0.03131 NDCG@10: 0.01218 NDCG@20: 0.01468 
09/05/2026,02:47:48: Epoch [19/1000]
09/05/2026,02:47:48: Negative sampling...
09/05/2026,02:47:50: Model's personal time...
09/05/2026,02:47:50: Training...
09/05/2026,02:47:52: Evaluating...
09/05/2026,02:47:53: 	Train Loss: 2917886.7500 (base: 857.8057, kd: 5834.0571), Elapsed: train 3.62 test 0.82 *
09/05/2026,02:47:53: 	Recall@10: 0.05680 Recall@20: 0.07660 NDCG@10: 0.03354 NDCG@20: 0.03911 
09/05/2026,02:47:53: 	Recall@10: 0.02201 Recall@20: 0.03197 NDCG@10: 0.01209 NDCG@20: 0.01478 
09/05/2026,02:47:53: Epoch [20/1000]
09/05/2026,02:47:53: Negative sampling...
09/05/2026,02:47:54: Model's personal time...
09/05/2026,02:47:54: Training...
09/05/2026,02:47:56: Evaluating...
09/05/2026,02:47:57: 	Train Loss: 2903419.2500 (base: 831.0660, kd: 5805.1758), Elapsed: train 3.24 test 0.48 *
09/05/2026,02:47:57: 	Recall@10: 0.05681 Recall@20: 0.07779 NDCG@10: 0.03355 NDCG@20: 0.03933 
09/05/2026,02:47:57: 	Recall@10: 0.02241 Recall@20: 0.03192 NDCG@10: 0.01226 NDCG@20: 0.01481 
09/05/2026,02:47:57: Epoch [21/1000]
09/05/2026,02:47:57: Negative sampling...
09/05/2026,02:47:59: Model's personal time...
09/05/2026,02:47:59: Training...
09/05/2026,02:48:00: Evaluating...
09/05/2026,02:48:01: 	Train Loss: 2903345.0000 (base: 805.9531, kd: 5805.0776), Elapsed: train 3.99 test 0.58 *
09/05/2026,02:48:01: 	Recall@10: 0.05816 Recall@20: 0.07804 NDCG@10: 0.03433 NDCG@20: 0.03986 
09/05/2026,02:48:01: 	Recall@10: 0.02260 Recall@20: 0.03174 NDCG@10: 0.01234 NDCG@20: 0.01481 
09/05/2026,02:48:01: Epoch [22/1000]
09/05/2026,02:48:01: Negative sampling...
09/05/2026,02:48:03: Model's personal time...
09/05/2026,02:48:03: Training...
09/05/2026,02:48:05: Evaluating...
09/05/2026,02:48:05: 	Train Loss: 2889728.0000 (base: 783.5797, kd: 5777.8887), Elapsed: train 3.82 test 0.53 *
09/05/2026,02:48:05: 	Recall@10: 0.05861 Recall@20: 0.07835 NDCG@10: 0.03451 NDCG@20: 0.04001 
09/05/2026,02:48:05: 	Recall@10: 0.02347 Recall@20: 0.03302 NDCG@10: 0.01278 NDCG@20: 0.01540 
09/05/2026,02:48:05: Epoch [23/1000]
09/05/2026,02:48:05: Negative sampling...
09/05/2026,02:48:08: Model's personal time...
09/05/2026,02:48:08: Training...
09/05/2026,02:48:09: Evaluating...
09/05/2026,02:48:10: 	Train Loss: 2884862.7500 (base: 760.2673, kd: 5768.2051), Elapsed: train 3.70 test 0.58 *
09/05/2026,02:48:10: 	Recall@10: 0.05879 Recall@20: 0.07923 NDCG@10: 0.03463 NDCG@20: 0.04034 
09/05/2026,02:48:10: 	Recall@10: 0.02314 Recall@20: 0.03244 NDCG@10: 0.01270 NDCG@20: 0.01525 
09/05/2026,02:48:10: Epoch [24/1000]
09/05/2026,02:48:10: Negative sampling...
09/05/2026,02:48:12: Model's personal time...
09/05/2026,02:48:12: Training...
09/05/2026,02:48:14: Evaluating...
09/05/2026,02:48:14: 	Train Loss: 2873577.7500 (base: 737.5190, kd: 5745.6802), Elapsed: train 4.10 test 0.41 *
09/05/2026,02:48:14: 	Recall@10: 0.06005 Recall@20: 0.08062 NDCG@10: 0.03512 NDCG@20: 0.04071 
09/05/2026,02:48:14: 	Recall@10: 0.02321 Recall@20: 0.03230 NDCG@10: 0.01285 NDCG@20: 0.01535 
09/05/2026,02:48:14: Epoch [25/1000]
09/05/2026,02:48:14: Negative sampling...
09/05/2026,02:48:16: Model's personal time...
09/05/2026,02:48:16: Training...
09/05/2026,02:48:18: Evaluating...
09/05/2026,02:48:18: 	Train Loss: 2865877.2500 (base: 717.9280, kd: 5730.3184), Elapsed: train 3.46 test 0.52 *
09/05/2026,02:48:18: 	Recall@10: 0.05904 Recall@20: 0.08159 NDCG@10: 0.03482 NDCG@20: 0.04109 
09/05/2026,02:48:18: 	Recall@10: 0.02315 Recall@20: 0.03337 NDCG@10: 0.01276 NDCG@20: 0.01556 
09/05/2026,02:48:18: Epoch [26/1000]
09/05/2026,02:48:18: Negative sampling...
09/05/2026,02:48:20: Model's personal time...
09/05/2026,02:48:20: Training...
09/05/2026,02:48:22: Evaluating...
09/05/2026,02:48:23: 	Train Loss: 2863478.7500 (base: 698.7482, kd: 5725.5601), Elapsed: train 3.78 test 0.54 *
09/05/2026,02:48:23: 	Recall@10: 0.06079 Recall@20: 0.08176 NDCG@10: 0.03569 NDCG@20: 0.04147 
09/05/2026,02:48:23: 	Recall@10: 0.02388 Recall@20: 0.03319 NDCG@10: 0.01300 NDCG@20: 0.01557 
09/05/2026,02:48:23: Epoch [27/1000]
09/05/2026,02:48:23: Negative sampling...
09/05/2026,02:48:25: Model's personal time...
09/05/2026,02:48:25: Training...
09/05/2026,02:48:26: Evaluating...
09/05/2026,02:48:27: 	Train Loss: 2855931.0000 (base: 678.8248, kd: 5710.5044), Elapsed: train 3.71 test 0.52
09/05/2026,02:48:27: 	Recall@10: 0.05945 Recall@20: 0.08179 NDCG@10: 0.03524 NDCG@20: 0.04135 
09/05/2026,02:48:27: 	Recall@10: 0.02388 Recall@20: 0.03361 NDCG@10: 0.01305 NDCG@20: 0.01575 
09/05/2026,02:48:27: Epoch [28/1000]
09/05/2026,02:48:27: Negative sampling...
09/05/2026,02:48:29: Model's personal time...
09/05/2026,02:48:29: Training...
09/05/2026,02:48:30: Evaluating...
09/05/2026,02:48:31: 	Train Loss: 2852067.0000 (base: 660.0981, kd: 5702.8135), Elapsed: train 3.61 test 0.53 *
09/05/2026,02:48:31: 	Recall@10: 0.06005 Recall@20: 0.08238 NDCG@10: 0.03564 NDCG@20: 0.04181 
09/05/2026,02:48:31: 	Recall@10: 0.02338 Recall@20: 0.03469 NDCG@10: 0.01294 NDCG@20: 0.01605 
09/05/2026,02:48:31: Epoch [29/1000]
09/05/2026,02:48:31: Negative sampling...
09/05/2026,02:48:33: Model's personal time...
09/05/2026,02:48:33: Training...
09/05/2026,02:48:34: Evaluating...
09/05/2026,02:48:35: 	Train Loss: 2846479.0000 (base: 645.8193, kd: 5691.6655), Elapsed: train 3.56 test 0.58 *
09/05/2026,02:48:35: 	Recall@10: 0.06153 Recall@20: 0.08383 NDCG@10: 0.03595 NDCG@20: 0.04209 
09/05/2026,02:48:35: 	Recall@10: 0.02348 Recall@20: 0.03483 NDCG@10: 0.01300 NDCG@20: 0.01609 
09/05/2026,02:48:35: Epoch [30/1000]
09/05/2026,02:48:35: Negative sampling...
09/05/2026,02:48:37: Model's personal time...
09/05/2026,02:48:37: Training...
09/05/2026,02:48:39: Evaluating...
09/05/2026,02:48:39: 	Train Loss: 2841157.5000 (base: 628.2744, kd: 5681.0586), Elapsed: train 3.53 test 0.41
09/05/2026,02:48:39: 	Recall@10: 0.06020 Recall@20: 0.08386 NDCG@10: 0.03555 NDCG@20: 0.04205 
09/05/2026,02:48:39: 	Recall@10: 0.02316 Recall@20: 0.03468 NDCG@10: 0.01292 NDCG@20: 0.01608 
09/05/2026,02:48:39: Epoch [31/1000]
09/05/2026,02:48:39: Negative sampling...
09/05/2026,02:48:41: Model's personal time...
09/05/2026,02:48:41: Training...
09/05/2026,02:48:42: Evaluating...
09/05/2026,02:48:43: 	Train Loss: 2836502.7500 (base: 612.9837, kd: 5671.7793), Elapsed: train 3.45 test 0.75 *
09/05/2026,02:48:43: 	Recall@10: 0.06115 Recall@20: 0.08502 NDCG@10: 0.03598 NDCG@20: 0.04251 
09/05/2026,02:48:43: 	Recall@10: 0.02385 Recall@20: 0.03544 NDCG@10: 0.01312 NDCG@20: 0.01631 
09/05/2026,02:48:43: Epoch [32/1000]
09/05/2026,02:48:43: Negative sampling...
09/05/2026,02:48:45: Model's personal time...
09/05/2026,02:48:45: Training...
09/05/2026,02:48:47: Evaluating...
09/05/2026,02:48:47: 	Train Loss: 2830445.7500 (base: 597.7730, kd: 5659.6963), Elapsed: train 3.51 test 0.72
09/05/2026,02:48:47: 	Recall@10: 0.06069 Recall@20: 0.08438 NDCG@10: 0.03593 NDCG@20: 0.04245 
09/05/2026,02:48:47: 	Recall@10: 0.02430 Recall@20: 0.03583 NDCG@10: 0.01353 NDCG@20: 0.01669 
09/05/2026,02:48:47: Epoch [33/1000]
09/05/2026,02:48:47: Negative sampling...
09/05/2026,02:48:49: Model's personal time...
09/05/2026,02:48:49: Training...
09/05/2026,02:48:51: Evaluating...
09/05/2026,02:48:51: 	Train Loss: 2829884.7500 (base: 582.5290, kd: 5658.6040), Elapsed: train 3.22 test 0.50 *
09/05/2026,02:48:51: 	Recall@10: 0.06174 Recall@20: 0.08406 NDCG@10: 0.03643 NDCG@20: 0.04260 
09/05/2026,02:48:51: 	Recall@10: 0.02360 Recall@20: 0.03530 NDCG@10: 0.01320 NDCG@20: 0.01641 
09/05/2026,02:48:51: Epoch [34/1000]
09/05/2026,02:48:51: Negative sampling...
09/05/2026,02:48:53: Model's personal time...
09/05/2026,02:48:53: Training...
09/05/2026,02:48:55: Evaluating...
09/05/2026,02:48:56: 	Train Loss: 2819655.2500 (base: 571.4019, kd: 5638.1675), Elapsed: train 3.82 test 0.61 *
09/05/2026,02:48:56: 	Recall@10: 0.06276 Recall@20: 0.08518 NDCG@10: 0.03670 NDCG@20: 0.04286 
09/05/2026,02:48:56: 	Recall@10: 0.02360 Recall@20: 0.03571 NDCG@10: 0.01339 NDCG@20: 0.01669 
09/05/2026,02:48:56: Epoch [35/1000]
09/05/2026,02:48:56: Negative sampling...
09/05/2026,02:48:57: Model's personal time...
09/05/2026,02:48:57: Training...
09/05/2026,02:48:59: Evaluating...
09/05/2026,02:49:00: 	Train Loss: 2819856.5000 (base: 557.8239, kd: 5638.5977), Elapsed: train 3.52 test 0.45 *
09/05/2026,02:49:00: 	Recall@10: 0.06153 Recall@20: 0.08600 NDCG@10: 0.03635 NDCG@20: 0.04309 
09/05/2026,02:49:00: 	Recall@10: 0.02469 Recall@20: 0.03576 NDCG@10: 0.01373 NDCG@20: 0.01676 
09/05/2026,02:49:00: Epoch [36/1000]
09/05/2026,02:49:00: Negative sampling...
09/05/2026,02:49:02: Model's personal time...
09/05/2026,02:49:02: Training...
09/05/2026,02:49:03: Evaluating...
09/05/2026,02:49:04: 	Train Loss: 2821650.5000 (base: 546.2453, kd: 5642.2085), Elapsed: train 3.62 test 0.48 *
09/05/2026,02:49:04: 	Recall@10: 0.06245 Recall@20: 0.08649 NDCG@10: 0.03689 NDCG@20: 0.04346 
09/05/2026,02:49:04: 	Recall@10: 0.02522 Recall@20: 0.03613 NDCG@10: 0.01395 NDCG@20: 0.01696 
09/05/2026,02:49:04: Epoch [37/1000]
09/05/2026,02:49:04: Negative sampling...
09/05/2026,02:49:06: Model's personal time...
09/05/2026,02:49:06: Training...
09/05/2026,02:49:07: Evaluating...
09/05/2026,02:49:08: 	Train Loss: 2809386.5000 (base: 533.5836, kd: 5617.7051), Elapsed: train 3.37 test 0.60 *
09/05/2026,02:49:08: 	Recall@10: 0.06195 Recall@20: 0.08663 NDCG@10: 0.03673 NDCG@20: 0.04348 
09/05/2026,02:49:08: 	Recall@10: 0.02607 Recall@20: 0.03531 NDCG@10: 0.01408 NDCG@20: 0.01664 
09/05/2026,02:49:08: Epoch [38/1000]
09/05/2026,02:49:08: Negative sampling...
09/05/2026,02:49:09: Model's personal time...
09/05/2026,02:49:09: Training...
09/05/2026,02:49:11: Evaluating...
09/05/2026,02:49:11: 	Train Loss: 2808451.2500 (base: 523.6630, kd: 5615.8560), Elapsed: train 3.26 test 0.62 *
09/05/2026,02:49:11: 	Recall@10: 0.06289 Recall@20: 0.08848 NDCG@10: 0.03694 NDCG@20: 0.04386 
09/05/2026,02:49:11: 	Recall@10: 0.02582 Recall@20: 0.03588 NDCG@10: 0.01412 NDCG@20: 0.01688 
09/05/2026,02:49:11: Epoch [39/1000]
09/05/2026,02:49:11: Negative sampling...
09/05/2026,02:49:13: Model's personal time...
09/05/2026,02:49:13: Training...
09/05/2026,02:49:15: Evaluating...
09/05/2026,02:49:16: 	Train Loss: 2806717.7500 (base: 514.3912, kd: 5612.4067), Elapsed: train 3.86 test 0.56
09/05/2026,02:49:16: 	Recall@10: 0.06279 Recall@20: 0.08753 NDCG@10: 0.03697 NDCG@20: 0.04376 
09/05/2026,02:49:16: 	Recall@10: 0.02556 Recall@20: 0.03587 NDCG@10: 0.01407 NDCG@20: 0.01693 
09/05/2026,02:49:16: Epoch [40/1000]
09/05/2026,02:49:16: Negative sampling...
09/05/2026,02:49:18: Model's personal time...
09/05/2026,02:49:18: Training...
09/05/2026,02:49:20: Evaluating...
09/05/2026,02:49:20: 	Train Loss: 2799172.7500 (base: 502.2878, kd: 5597.3413), Elapsed: train 3.69 test 0.64
09/05/2026,02:49:20: 	Recall@10: 0.06253 Recall@20: 0.08685 NDCG@10: 0.03710 NDCG@20: 0.04376 
09/05/2026,02:49:20: 	Recall@10: 0.02588 Recall@20: 0.03606 NDCG@10: 0.01413 NDCG@20: 0.01694 
09/05/2026,02:49:20: Epoch [41/1000]
09/05/2026,02:49:20: Negative sampling...
09/05/2026,02:49:22: Model's personal time...
09/05/2026,02:49:22: Training...
09/05/2026,02:49:24: Evaluating...
09/05/2026,02:49:24: 	Train Loss: 2798102.7500 (base: 493.1646, kd: 5595.2192), Elapsed: train 3.65 test 0.47 *
09/05/2026,02:49:24: 	Recall@10: 0.06347 Recall@20: 0.08805 NDCG@10: 0.03724 NDCG@20: 0.04392 
09/05/2026,02:49:24: 	Recall@10: 0.02593 Recall@20: 0.03670 NDCG@10: 0.01404 NDCG@20: 0.01695 
09/05/2026,02:49:24: Epoch [42/1000]
09/05/2026,02:49:24: Negative sampling...
09/05/2026,02:49:27: Model's personal time...
09/05/2026,02:49:27: Training...
09/05/2026,02:49:28: Evaluating...
09/05/2026,02:49:29: 	Train Loss: 2799868.7500 (base: 487.3175, kd: 5598.7627), Elapsed: train 3.80 test 0.48 *
09/05/2026,02:49:29: 	Recall@10: 0.06241 Recall@20: 0.08781 NDCG@10: 0.03691 NDCG@20: 0.04392 
09/05/2026,02:49:29: 	Recall@10: 0.02629 Recall@20: 0.03486 NDCG@10: 0.01420 NDCG@20: 0.01654 
09/05/2026,02:49:29: Epoch [43/1000]
09/05/2026,02:49:29: Negative sampling...
09/05/2026,02:49:31: Model's personal time...
09/05/2026,02:49:31: Training...
09/05/2026,02:49:32: Evaluating...
09/05/2026,02:49:33: 	Train Loss: 2794628.5000 (base: 476.5560, kd: 5588.3042), Elapsed: train 3.68 test 0.45 *
09/05/2026,02:49:33: 	Recall@10: 0.06320 Recall@20: 0.08806 NDCG@10: 0.03726 NDCG@20: 0.04409 
09/05/2026,02:49:33: 	Recall@10: 0.02524 Recall@20: 0.03681 NDCG@10: 0.01385 NDCG@20: 0.01700 
09/05/2026,02:49:33: Epoch [44/1000]
09/05/2026,02:49:33: Negative sampling...
09/05/2026,02:49:34: Model's personal time...
09/05/2026,02:49:34: Training...
09/05/2026,02:49:37: Evaluating...
09/05/2026,02:49:38: 	Train Loss: 2790945.2500 (base: 469.5530, kd: 5580.9517), Elapsed: train 3.82 test 0.93
09/05/2026,02:49:38: 	Recall@10: 0.06222 Recall@20: 0.08716 NDCG@10: 0.03699 NDCG@20: 0.04390 
09/05/2026,02:49:38: 	Recall@10: 0.02549 Recall@20: 0.03662 NDCG@10: 0.01393 NDCG@20: 0.01694 
09/05/2026,02:49:38: Epoch [45/1000]
09/05/2026,02:49:38: Negative sampling...
09/05/2026,02:49:39: Model's personal time...
09/05/2026,02:49:39: Training...
09/05/2026,02:49:42: Evaluating...
09/05/2026,02:49:42: 	Train Loss: 2792328.0000 (base: 461.1630, kd: 5583.7339), Elapsed: train 4.07 test 0.85 *
09/05/2026,02:49:42: 	Recall@10: 0.06296 Recall@20: 0.08803 NDCG@10: 0.03755 NDCG@20: 0.04445 
09/05/2026,02:49:42: 	Recall@10: 0.02558 Recall@20: 0.03519 NDCG@10: 0.01408 NDCG@20: 0.01672 
09/05/2026,02:49:42: Epoch [46/1000]
09/05/2026,02:49:42: Negative sampling...
09/05/2026,02:49:44: Model's personal time...
09/05/2026,02:49:44: Training...
09/05/2026,02:49:46: Evaluating...
09/05/2026,02:49:47: 	Train Loss: 2785304.7500 (base: 454.3417, kd: 5569.7007), Elapsed: train 3.63 test 0.44 *
09/05/2026,02:49:47: 	Recall@10: 0.06211 Recall@20: 0.08925 NDCG@10: 0.03752 NDCG@20: 0.04492 
09/05/2026,02:49:47: 	Recall@10: 0.02559 Recall@20: 0.03575 NDCG@10: 0.01407 NDCG@20: 0.01687 
09/05/2026,02:49:47: Epoch [47/1000]
09/05/2026,02:49:47: Negative sampling...
09/05/2026,02:49:48: Model's personal time...
09/05/2026,02:49:48: Training...
09/05/2026,02:49:50: Evaluating...
09/05/2026,02:49:51: 	Train Loss: 2786127.0000 (base: 441.9014, kd: 5571.3696), Elapsed: train 3.87 test 0.52
09/05/2026,02:49:51: 	Recall@10: 0.06225 Recall@20: 0.08660 NDCG@10: 0.03742 NDCG@20: 0.04411 
09/05/2026,02:49:51: 	Recall@10: 0.02542 Recall@20: 0.03657 NDCG@10: 0.01395 NDCG@20: 0.01698 
09/05/2026,02:49:51: Epoch [48/1000]
09/05/2026,02:49:51: Negative sampling...
09/05/2026,02:49:53: Model's personal time...
09/05/2026,02:49:53: Training...
09/05/2026,02:49:55: Evaluating...
09/05/2026,02:49:55: 	Train Loss: 2788036.5000 (base: 438.2704, kd: 5575.1963), Elapsed: train 3.67 test 0.69
09/05/2026,02:49:55: 	Recall@10: 0.06194 Recall@20: 0.08749 NDCG@10: 0.03751 NDCG@20: 0.04460 
09/05/2026,02:49:55: 	Recall@10: 0.02469 Recall@20: 0.03648 NDCG@10: 0.01383 NDCG@20: 0.01706 
09/05/2026,02:49:55: Epoch [49/1000]
09/05/2026,02:49:55: Negative sampling...
09/05/2026,02:49:57: Model's personal time...
09/05/2026,02:49:57: Training...
09/05/2026,02:49:58: Evaluating...
09/05/2026,02:50:00: 	Train Loss: 2784185.5000 (base: 431.8281, kd: 5567.5073), Elapsed: train 3.17 test 1.34 *
09/05/2026,02:50:00: 	Recall@10: 0.06281 Recall@20: 0.08886 NDCG@10: 0.03791 NDCG@20: 0.04503 
09/05/2026,02:50:00: 	Recall@10: 0.02495 Recall@20: 0.03608 NDCG@10: 0.01403 NDCG@20: 0.01707 
09/05/2026,02:50:00: Epoch [50/1000]
09/05/2026,02:50:00: Negative sampling...
09/05/2026,02:50:01: Model's personal time...
09/05/2026,02:50:01: Training...
09/05/2026,02:50:03: Evaluating...
09/05/2026,02:50:04: 	Train Loss: 2782313.5000 (base: 426.8843, kd: 5563.7729), Elapsed: train 3.26 test 0.47
09/05/2026,02:50:04: 	Recall@10: 0.06281 Recall@20: 0.08847 NDCG@10: 0.03790 NDCG@20: 0.04489 
09/05/2026,02:50:04: 	Recall@10: 0.02506 Recall@20: 0.03524 NDCG@10: 0.01417 NDCG@20: 0.01705 
09/05/2026,02:50:04: Epoch [51/1000]
09/05/2026,02:50:04: Negative sampling...
09/05/2026,02:50:05: Model's personal time...
09/05/2026,02:50:05: Training...
09/05/2026,02:50:07: Evaluating...
09/05/2026,02:50:08: 	Train Loss: 2778908.7500 (base: 419.4664, kd: 5556.9780), Elapsed: train 3.89 test 0.51
09/05/2026,02:50:08: 	Recall@10: 0.06300 Recall@20: 0.08896 NDCG@10: 0.03792 NDCG@20: 0.04502 
09/05/2026,02:50:08: 	Recall@10: 0.02540 Recall@20: 0.03529 NDCG@10: 0.01406 NDCG@20: 0.01683 
09/05/2026,02:50:08: Epoch [52/1000]
09/05/2026,02:50:08: Negative sampling...
09/05/2026,02:50:10: Model's personal time...
09/05/2026,02:50:10: Training...
09/05/2026,02:50:12: Evaluating...
09/05/2026,02:50:12: 	Train Loss: 2780212.2500 (base: 415.1652, kd: 5559.5942), Elapsed: train 3.81 test 0.39
09/05/2026,02:50:12: 	Recall@10: 0.06329 Recall@20: 0.08774 NDCG@10: 0.03815 NDCG@20: 0.04487 
09/05/2026,02:50:12: 	Recall@10: 0.02529 Recall@20: 0.03594 NDCG@10: 0.01418 NDCG@20: 0.01716 
09/05/2026,02:50:12: Epoch [53/1000]
09/05/2026,02:50:12: Negative sampling...
09/05/2026,02:50:14: Model's personal time...
09/05/2026,02:50:14: Training...
09/05/2026,02:50:16: Evaluating...
09/05/2026,02:50:17: 	Train Loss: 2775770.0000 (base: 411.0510, kd: 5550.7178), Elapsed: train 4.09 test 0.93 *
09/05/2026,02:50:17: 	Recall@10: 0.06274 Recall@20: 0.08821 NDCG@10: 0.03797 NDCG@20: 0.04507 
09/05/2026,02:50:17: 	Recall@10: 0.02530 Recall@20: 0.03593 NDCG@10: 0.01411 NDCG@20: 0.01701 
09/05/2026,02:50:17: Epoch [54/1000]
09/05/2026,02:50:17: Negative sampling...
09/05/2026,02:50:19: Model's personal time...
09/05/2026,02:50:19: Training...
09/05/2026,02:50:21: Evaluating...
09/05/2026,02:50:21: 	Train Loss: 2773828.5000 (base: 404.6396, kd: 5546.8486), Elapsed: train 3.63 test 0.52
09/05/2026,02:50:21: 	Recall@10: 0.06367 Recall@20: 0.08796 NDCG@10: 0.03818 NDCG@20: 0.04488 
09/05/2026,02:50:21: 	Recall@10: 0.02527 Recall@20: 0.03592 NDCG@10: 0.01410 NDCG@20: 0.01702 
09/05/2026,02:50:21: Epoch [55/1000]
09/05/2026,02:50:21: Negative sampling...
09/05/2026,02:50:24: Model's personal time...
09/05/2026,02:50:24: Training...
09/05/2026,02:50:25: Evaluating...
09/05/2026,02:50:26: 	Train Loss: 2773551.2500 (base: 398.8258, kd: 5546.3047), Elapsed: train 4.12 test 0.73 *
09/05/2026,02:50:26: 	Recall@10: 0.06391 Recall@20: 0.08896 NDCG@10: 0.03860 NDCG@20: 0.04548 
09/05/2026,02:50:26: 	Recall@10: 0.02555 Recall@20: 0.03588 NDCG@10: 0.01411 NDCG@20: 0.01696 
09/05/2026,02:50:26: Epoch [56/1000]
09/05/2026,02:50:26: Negative sampling...
09/05/2026,02:50:28: Model's personal time...
09/05/2026,02:50:28: Training...
09/05/2026,02:50:29: Evaluating...
09/05/2026,02:50:30: 	Train Loss: 2770148.5000 (base: 394.1161, kd: 5539.5088), Elapsed: train 3.32 test 0.61 *
09/05/2026,02:50:30: 	Recall@10: 0.06361 Recall@20: 0.08925 NDCG@10: 0.03850 NDCG@20: 0.04558 
09/05/2026,02:50:30: 	Recall@10: 0.02511 Recall@20: 0.03694 NDCG@10: 0.01408 NDCG@20: 0.01730 
09/05/2026,02:50:30: Epoch [57/1000]
09/05/2026,02:50:30: Negative sampling...
09/05/2026,02:50:32: Model's personal time...
09/05/2026,02:50:32: Training...
09/05/2026,02:50:33: Evaluating...
09/05/2026,02:50:34: 	Train Loss: 2771657.0000 (base: 389.0571, kd: 5542.5361), Elapsed: train 3.33 test 0.70 *
09/05/2026,02:50:34: 	Recall@10: 0.06389 Recall@20: 0.08979 NDCG@10: 0.03847 NDCG@20: 0.04561 
09/05/2026,02:50:34: 	Recall@10: 0.02563 Recall@20: 0.03760 NDCG@10: 0.01427 NDCG@20: 0.01753 
09/05/2026,02:50:34: Epoch [58/1000]
09/05/2026,02:50:34: Negative sampling...
09/05/2026,02:50:36: Model's personal time...
09/05/2026,02:50:36: Training...
09/05/2026,02:50:38: Evaluating...
09/05/2026,02:50:39: 	Train Loss: 2770485.5000 (base: 383.3898, kd: 5540.2041), Elapsed: train 4.07 test 0.37 *
09/05/2026,02:50:39: 	Recall@10: 0.06380 Recall@20: 0.08877 NDCG@10: 0.03875 NDCG@20: 0.04568 
09/05/2026,02:50:39: 	Recall@10: 0.02569 Recall@20: 0.03727 NDCG@10: 0.01420 NDCG@20: 0.01736 
09/05/2026,02:50:39: Epoch [59/1000]
09/05/2026,02:50:39: Negative sampling...
09/05/2026,02:50:40: Model's personal time...
09/05/2026,02:50:40: Training...
09/05/2026,02:50:42: Evaluating...
09/05/2026,02:50:43: 	Train Loss: 2772271.5000 (base: 382.4698, kd: 5543.7788), Elapsed: train 3.81 test 0.42 *
09/05/2026,02:50:43: 	Recall@10: 0.06441 Recall@20: 0.08913 NDCG@10: 0.03903 NDCG@20: 0.04583 
09/05/2026,02:50:43: 	Recall@10: 0.02646 Recall@20: 0.03715 NDCG@10: 0.01458 NDCG@20: 0.01752 
09/05/2026,02:50:43: Epoch [60/1000]
09/05/2026,02:50:43: Negative sampling...
09/05/2026,02:50:45: Model's personal time...
09/05/2026,02:50:45: Training...
09/05/2026,02:50:47: Evaluating...
09/05/2026,02:50:47: 	Train Loss: 2767370.0000 (base: 375.9609, kd: 5533.9883), Elapsed: train 3.94 test 0.59 *
09/05/2026,02:50:47: 	Recall@10: 0.06403 Recall@20: 0.08938 NDCG@10: 0.03891 NDCG@20: 0.04584 
09/05/2026,02:50:47: 	Recall@10: 0.02619 Recall@20: 0.03609 NDCG@10: 0.01439 NDCG@20: 0.01717 
09/05/2026,02:50:47: Epoch [61/1000]
09/05/2026,02:50:47: Negative sampling...
09/05/2026,02:50:49: Model's personal time...
09/05/2026,02:50:49: Training...
09/05/2026,02:50:51: Evaluating...
09/05/2026,02:50:52: 	Train Loss: 2761909.7500 (base: 373.6560, kd: 5523.0728), Elapsed: train 3.83 test 0.68 *
09/05/2026,02:50:52: 	Recall@10: 0.06543 Recall@20: 0.09017 NDCG@10: 0.03931 NDCG@20: 0.04617 
09/05/2026,02:50:52: 	Recall@10: 0.02536 Recall@20: 0.03654 NDCG@10: 0.01422 NDCG@20: 0.01733 
09/05/2026,02:50:52: Epoch [62/1000]
09/05/2026,02:50:52: Negative sampling...
09/05/2026,02:50:54: Model's personal time...
09/05/2026,02:50:54: Training...
09/05/2026,02:50:56: Evaluating...
09/05/2026,02:50:56: 	Train Loss: 2762724.2500 (base: 367.7030, kd: 5524.7129), Elapsed: train 3.91 test 0.64
09/05/2026,02:50:56: 	Recall@10: 0.06398 Recall@20: 0.08816 NDCG@10: 0.03893 NDCG@20: 0.04562 
09/05/2026,02:50:56: 	Recall@10: 0.02651 Recall@20: 0.03679 NDCG@10: 0.01457 NDCG@20: 0.01741 
09/05/2026,02:50:56: Epoch [63/1000]
09/05/2026,02:50:56: Negative sampling...
09/05/2026,02:50:59: Model's personal time...
09/05/2026,02:50:59: Training...
09/05/2026,02:51:00: Evaluating...
09/05/2026,02:51:01: 	Train Loss: 2764592.0000 (base: 365.8380, kd: 5528.4521), Elapsed: train 3.87 test 0.60
09/05/2026,02:51:01: 	Recall@10: 0.06517 Recall@20: 0.08961 NDCG@10: 0.03927 NDCG@20: 0.04603 
09/05/2026,02:51:01: 	Recall@10: 0.02629 Recall@20: 0.03673 NDCG@10: 0.01447 NDCG@20: 0.01736 
09/05/2026,02:51:01: Epoch [64/1000]
09/05/2026,02:51:01: Negative sampling...
09/05/2026,02:51:03: Model's personal time...
09/05/2026,02:51:03: Training...
09/05/2026,02:51:05: Evaluating...
09/05/2026,02:51:05: 	Train Loss: 2762299.2500 (base: 357.6656, kd: 5523.8833), Elapsed: train 3.70 test 0.57
09/05/2026,02:51:05: 	Recall@10: 0.06486 Recall@20: 0.08930 NDCG@10: 0.03873 NDCG@20: 0.04550 
09/05/2026,02:51:05: 	Recall@10: 0.02678 Recall@20: 0.03692 NDCG@10: 0.01463 NDCG@20: 0.01742 
09/05/2026,02:51:05: Epoch [65/1000]
09/05/2026,02:51:05: Negative sampling...
09/05/2026,02:51:07: Model's personal time...
09/05/2026,02:51:07: Training...
09/05/2026,02:51:08: Evaluating...
09/05/2026,02:51:09: 	Train Loss: 2761376.5000 (base: 357.3845, kd: 5522.0381), Elapsed: train 3.31 test 0.84
09/05/2026,02:51:09: 	Recall@10: 0.06551 Recall@20: 0.09126 NDCG@10: 0.03913 NDCG@20: 0.04615 
09/05/2026,02:51:09: 	Recall@10: 0.02619 Recall@20: 0.03682 NDCG@10: 0.01440 NDCG@20: 0.01735 
09/05/2026,02:51:09: Epoch [66/1000]
09/05/2026,02:51:09: Negative sampling...
09/05/2026,02:51:12: Model's personal time...
09/05/2026,02:51:12: Training...
09/05/2026,02:51:13: Evaluating...
09/05/2026,02:51:14: 	Train Loss: 2766929.0000 (base: 355.7071, kd: 5533.1465), Elapsed: train 4.07 test 0.72 *
09/05/2026,02:51:14: 	Recall@10: 0.06528 Recall@20: 0.09042 NDCG@10: 0.03927 NDCG@20: 0.04619 
09/05/2026,02:51:14: 	Recall@10: 0.02672 Recall@20: 0.03764 NDCG@10: 0.01459 NDCG@20: 0.01754 
09/05/2026,02:51:14: Epoch [67/1000]
09/05/2026,02:51:14: Negative sampling...
09/05/2026,02:51:17: Model's personal time...
09/05/2026,02:51:17: Training...
09/05/2026,02:51:18: Evaluating...
09/05/2026,02:51:19: 	Train Loss: 2762283.7500 (base: 352.4154, kd: 5523.8628), Elapsed: train 4.33 test 0.64 *
09/05/2026,02:51:19: 	Recall@10: 0.06572 Recall@20: 0.09120 NDCG@10: 0.03925 NDCG@20: 0.04620 
09/05/2026,02:51:19: 	Recall@10: 0.02651 Recall@20: 0.03705 NDCG@10: 0.01463 NDCG@20: 0.01753 
09/05/2026,02:51:19: Epoch [68/1000]
09/05/2026,02:51:19: Negative sampling...
09/05/2026,02:51:22: Model's personal time...
09/05/2026,02:51:22: Training...
09/05/2026,02:51:23: Evaluating...
09/05/2026,02:51:23: 	Train Loss: 2763034.0000 (base: 343.3376, kd: 5525.3813), Elapsed: train 3.78 test 0.58 *
09/05/2026,02:51:23: 	Recall@10: 0.06569 Recall@20: 0.09227 NDCG@10: 0.03928 NDCG@20: 0.04661 
09/05/2026,02:51:23: 	Recall@10: 0.02651 Recall@20: 0.03660 NDCG@10: 0.01453 NDCG@20: 0.01731 
09/05/2026,02:51:23: Epoch [69/1000]
09/05/2026,02:51:23: Negative sampling...
09/05/2026,02:51:26: Model's personal time...
09/05/2026,02:51:26: Training...
09/05/2026,02:51:27: Evaluating...
09/05/2026,02:51:28: 	Train Loss: 2761529.0000 (base: 343.3758, kd: 5522.3711), Elapsed: train 3.85 test 0.44
09/05/2026,02:51:28: 	Recall@10: 0.06572 Recall@20: 0.09139 NDCG@10: 0.03936 NDCG@20: 0.04640 
09/05/2026,02:51:28: 	Recall@10: 0.02702 Recall@20: 0.03682 NDCG@10: 0.01473 NDCG@20: 0.01744 
09/05/2026,02:51:28: Epoch [70/1000]
09/05/2026,02:51:28: Negative sampling...
09/05/2026,02:51:30: Model's personal time...
09/05/2026,02:51:30: Training...
09/05/2026,02:51:32: Evaluating...
09/05/2026,02:51:32: 	Train Loss: 2756936.7500 (base: 338.5262, kd: 5513.1963), Elapsed: train 4.02 test 0.49
09/05/2026,02:51:32: 	Recall@10: 0.06540 Recall@20: 0.09184 NDCG@10: 0.03898 NDCG@20: 0.04619 
09/05/2026,02:51:32: 	Recall@10: 0.02658 Recall@20: 0.03765 NDCG@10: 0.01467 NDCG@20: 0.01772 
09/05/2026,02:51:32: Epoch [71/1000]
09/05/2026,02:51:32: Negative sampling...
09/05/2026,02:51:34: Model's personal time...
09/05/2026,02:51:34: Training...
09/05/2026,02:51:36: Evaluating...
09/05/2026,02:51:36: 	Train Loss: 2756338.0000 (base: 338.3569, kd: 5511.9985), Elapsed: train 3.61 test 0.64
09/05/2026,02:51:36: 	Recall@10: 0.06532 Recall@20: 0.09113 NDCG@10: 0.03907 NDCG@20: 0.04616 
09/05/2026,02:51:36: 	Recall@10: 0.02644 Recall@20: 0.03724 NDCG@10: 0.01461 NDCG@20: 0.01759 
09/05/2026,02:51:36: Epoch [72/1000]
09/05/2026,02:51:36: Negative sampling...
09/05/2026,02:51:39: Model's personal time...
09/05/2026,02:51:39: Training...
09/05/2026,02:51:40: Evaluating...
09/05/2026,02:51:41: 	Train Loss: 2757941.5000 (base: 340.3418, kd: 5515.2026), Elapsed: train 3.74 test 0.36
09/05/2026,02:51:41: 	Recall@10: 0.06632 Recall@20: 0.09094 NDCG@10: 0.03936 NDCG@20: 0.04619 
09/05/2026,02:51:41: 	Recall@10: 0.02680 Recall@20: 0.03741 NDCG@10: 0.01474 NDCG@20: 0.01767 
09/05/2026,02:51:41: Epoch [73/1000]
09/05/2026,02:51:41: Negative sampling...
09/05/2026,02:51:42: Model's personal time...
09/05/2026,02:51:42: Training...
09/05/2026,02:51:44: Evaluating...
09/05/2026,02:51:44: 	Train Loss: 2757066.5000 (base: 333.5320, kd: 5513.4653), Elapsed: train 3.35 test 0.47 *
09/05/2026,02:51:44: 	Recall@10: 0.06632 Recall@20: 0.09236 NDCG@10: 0.03952 NDCG@20: 0.04662 
09/05/2026,02:51:44: 	Recall@10: 0.02650 Recall@20: 0.03733 NDCG@10: 0.01465 NDCG@20: 0.01767 
09/05/2026,02:51:44: Epoch [74/1000]
09/05/2026,02:51:44: Negative sampling...
09/05/2026,02:51:46: Model's personal time...
09/05/2026,02:51:46: Training...
09/05/2026,02:51:48: Evaluating...
09/05/2026,02:51:49: 	Train Loss: 2757383.5000 (base: 330.8656, kd: 5514.1045), Elapsed: train 3.80 test 0.55
09/05/2026,02:51:49: 	Recall@10: 0.06563 Recall@20: 0.09090 NDCG@10: 0.03940 NDCG@20: 0.04640 
09/05/2026,02:51:49: 	Recall@10: 0.02683 Recall@20: 0.03737 NDCG@10: 0.01473 NDCG@20: 0.01763 
09/05/2026,02:51:49: Epoch [75/1000]
09/05/2026,02:51:49: Negative sampling...
09/05/2026,02:51:50: Model's personal time...
09/05/2026,02:51:50: Training...
09/05/2026,02:51:52: Evaluating...
09/05/2026,02:51:53: 	Train Loss: 2754098.5000 (base: 329.4659, kd: 5507.5381), Elapsed: train 3.72 test 0.62
09/05/2026,02:51:53: 	Recall@10: 0.06675 Recall@20: 0.09200 NDCG@10: 0.03972 NDCG@20: 0.04659 
09/05/2026,02:51:53: 	Recall@10: 0.02684 Recall@20: 0.03799 NDCG@10: 0.01484 NDCG@20: 0.01792 
09/05/2026,02:51:53: Epoch [76/1000]
09/05/2026,02:51:53: Negative sampling...
09/05/2026,02:51:55: Model's personal time...
09/05/2026,02:51:55: Training...
09/05/2026,02:51:57: Evaluating...
09/05/2026,02:51:57: 	Train Loss: 2751709.7500 (base: 324.5569, kd: 5502.7705), Elapsed: train 3.79 test 0.54 *
09/05/2026,02:51:57: 	Recall@10: 0.06634 Recall@20: 0.09154 NDCG@10: 0.03985 NDCG@20: 0.04670 
09/05/2026,02:51:57: 	Recall@10: 0.02654 Recall@20: 0.03742 NDCG@10: 0.01479 NDCG@20: 0.01785 
09/05/2026,02:51:57: Epoch [77/1000]
09/05/2026,02:51:57: Negative sampling...
09/05/2026,02:51:59: Model's personal time...
09/05/2026,02:51:59: Training...
09/05/2026,02:52:01: Evaluating...
09/05/2026,02:52:02: 	Train Loss: 2756659.7500 (base: 325.6340, kd: 5512.6685), Elapsed: train 3.36 test 1.32
09/05/2026,02:52:02: 	Recall@10: 0.06626 Recall@20: 0.09130 NDCG@10: 0.03969 NDCG@20: 0.04658 
09/05/2026,02:52:02: 	Recall@10: 0.02656 Recall@20: 0.03668 NDCG@10: 0.01484 NDCG@20: 0.01768 
09/05/2026,02:52:02: Epoch [78/1000]
09/05/2026,02:52:02: Negative sampling...
09/05/2026,02:52:04: Model's personal time...
09/05/2026,02:52:04: Training...
09/05/2026,02:52:06: Evaluating...
09/05/2026,02:52:06: 	Train Loss: 2749259.7500 (base: 323.6523, kd: 5497.8716), Elapsed: train 3.60 test 0.60
09/05/2026,02:52:06: 	Recall@10: 0.06589 Recall@20: 0.09126 NDCG@10: 0.03945 NDCG@20: 0.04646 
09/05/2026,02:52:06: 	Recall@10: 0.02664 Recall@20: 0.03772 NDCG@10: 0.01489 NDCG@20: 0.01798 
09/05/2026,02:52:06: Epoch [79/1000]
09/05/2026,02:52:06: Negative sampling...
09/05/2026,02:52:08: Model's personal time...
09/05/2026,02:52:08: Training...
09/05/2026,02:52:10: Evaluating...
09/05/2026,02:52:11: 	Train Loss: 2752124.0000 (base: 320.2714, kd: 5503.6079), Elapsed: train 3.96 test 0.80 *
09/05/2026,02:52:11: 	Recall@10: 0.06604 Recall@20: 0.09202 NDCG@10: 0.03982 NDCG@20: 0.04694 
09/05/2026,02:52:11: 	Recall@10: 0.02693 Recall@20: 0.03774 NDCG@10: 0.01497 NDCG@20: 0.01796 
09/05/2026,02:52:11: Epoch [80/1000]
09/05/2026,02:52:11: Negative sampling...
09/05/2026,02:52:13: Model's personal time...
09/05/2026,02:52:13: Training...
09/05/2026,02:52:14: Evaluating...
09/05/2026,02:52:15: 	Train Loss: 2750734.0000 (base: 314.9900, kd: 5500.8384), Elapsed: train 3.36 test 0.49
09/05/2026,02:52:15: 	Recall@10: 0.06666 Recall@20: 0.09129 NDCG@10: 0.03977 NDCG@20: 0.04649 
09/05/2026,02:52:15: 	Recall@10: 0.02695 Recall@20: 0.03737 NDCG@10: 0.01508 NDCG@20: 0.01796 
09/05/2026,02:52:15: Epoch [81/1000]
09/05/2026,02:52:15: Negative sampling...
09/05/2026,02:52:17: Model's personal time...
09/05/2026,02:52:17: Training...
09/05/2026,02:52:19: Evaluating...
09/05/2026,02:52:19: 	Train Loss: 2753218.0000 (base: 313.2849, kd: 5505.8091), Elapsed: train 3.79 test 0.43
09/05/2026,02:52:19: 	Recall@10: 0.06670 Recall@20: 0.09198 NDCG@10: 0.03979 NDCG@20: 0.04672 
09/05/2026,02:52:19: 	Recall@10: 0.02702 Recall@20: 0.03729 NDCG@10: 0.01489 NDCG@20: 0.01775 
09/05/2026,02:52:19: Epoch [82/1000]
09/05/2026,02:52:19: Negative sampling...
09/05/2026,02:52:21: Model's personal time...
09/05/2026,02:52:21: Training...
09/05/2026,02:52:23: Evaluating...
09/05/2026,02:52:23: 	Train Loss: 2753280.0000 (base: 308.3012, kd: 5505.9434), Elapsed: train 3.87 test 0.42
09/05/2026,02:52:23: 	Recall@10: 0.06693 Recall@20: 0.09166 NDCG@10: 0.04006 NDCG@20: 0.04682 
09/05/2026,02:52:23: 	Recall@10: 0.02687 Recall@20: 0.03776 NDCG@10: 0.01475 NDCG@20: 0.01778 
09/05/2026,02:52:23: Epoch [83/1000]
09/05/2026,02:52:23: Negative sampling...
09/05/2026,02:52:25: Model's personal time...
09/05/2026,02:52:25: Training...
09/05/2026,02:52:27: Evaluating...
09/05/2026,02:52:28: 	Train Loss: 2748897.2500 (base: 306.9590, kd: 5497.1797), Elapsed: train 3.65 test 0.66
09/05/2026,02:52:28: 	Recall@10: 0.06641 Recall@20: 0.09062 NDCG@10: 0.03991 NDCG@20: 0.04655 
09/05/2026,02:52:28: 	Recall@10: 0.02696 Recall@20: 0.03788 NDCG@10: 0.01510 NDCG@20: 0.01812 
09/05/2026,02:52:28: Epoch [84/1000]
09/05/2026,02:52:28: Negative sampling...
09/05/2026,02:52:29: Model's personal time...
09/05/2026,02:52:29: Training...
09/05/2026,02:52:32: Evaluating...
09/05/2026,02:52:33: 	Train Loss: 2750153.0000 (base: 304.5246, kd: 5499.6963), Elapsed: train 3.83 test 1.07
09/05/2026,02:52:33: 	Recall@10: 0.06707 Recall@20: 0.09158 NDCG@10: 0.03995 NDCG@20: 0.04665 
09/05/2026,02:52:33: 	Recall@10: 0.02656 Recall@20: 0.03818 NDCG@10: 0.01494 NDCG@20: 0.01815 
09/05/2026,02:52:33: Epoch [85/1000]
09/05/2026,02:52:33: Negative sampling...
09/05/2026,02:52:34: Model's personal time...
09/05/2026,02:52:34: Training...
09/05/2026,02:52:37: Evaluating...
09/05/2026,02:52:37: 	Train Loss: 2747649.2500 (base: 307.9766, kd: 5494.6831), Elapsed: train 3.91 test 0.47
09/05/2026,02:52:37: 	Recall@10: 0.06583 Recall@20: 0.09144 NDCG@10: 0.03954 NDCG@20: 0.04659 
09/05/2026,02:52:37: 	Recall@10: 0.02682 Recall@20: 0.03787 NDCG@10: 0.01496 NDCG@20: 0.01804 
09/05/2026,02:52:37: Epoch [86/1000]
09/05/2026,02:52:37: Negative sampling...
09/05/2026,02:52:39: Model's personal time...
09/05/2026,02:52:39: Training...
09/05/2026,02:52:41: Evaluating...
09/05/2026,02:52:41: 	Train Loss: 2754042.7500 (base: 301.6478, kd: 5507.4814), Elapsed: train 3.67 test 0.59
09/05/2026,02:52:41: 	Recall@10: 0.06593 Recall@20: 0.09120 NDCG@10: 0.03970 NDCG@20: 0.04663 
09/05/2026,02:52:41: 	Recall@10: 0.02643 Recall@20: 0.03784 NDCG@10: 0.01477 NDCG@20: 0.01795 
09/05/2026,02:52:41: Epoch [87/1000]
09/05/2026,02:52:41: Negative sampling...
09/05/2026,02:52:43: Model's personal time...
09/05/2026,02:52:43: Training...
09/05/2026,02:52:45: Evaluating...
09/05/2026,02:52:46: 	Train Loss: 2745780.5000 (base: 302.7154, kd: 5490.9561), Elapsed: train 3.79 test 0.47 *
09/05/2026,02:52:46: 	Recall@10: 0.06695 Recall@20: 0.09247 NDCG@10: 0.04015 NDCG@20: 0.04714 
09/05/2026,02:52:46: 	Recall@10: 0.02710 Recall@20: 0.03805 NDCG@10: 0.01509 NDCG@20: 0.01813 
09/05/2026,02:52:46: Epoch [88/1000]
09/05/2026,02:52:46: Negative sampling...
09/05/2026,02:52:47: Model's personal time...
09/05/2026,02:52:47: Training...
09/05/2026,02:52:49: Evaluating...
09/05/2026,02:52:50: 	Train Loss: 2750427.2500 (base: 300.3575, kd: 5500.2539), Elapsed: train 3.64 test 0.36 *
09/05/2026,02:52:50: 	Recall@10: 0.06683 Recall@20: 0.09278 NDCG@10: 0.04021 NDCG@20: 0.04729 
09/05/2026,02:52:50: 	Recall@10: 0.02676 Recall@20: 0.03796 NDCG@10: 0.01501 NDCG@20: 0.01814 
09/05/2026,02:52:50: Epoch [89/1000]
09/05/2026,02:52:50: Negative sampling...
09/05/2026,02:52:51: Model's personal time...
09/05/2026,02:52:51: Training...
09/05/2026,02:52:53: Evaluating...
09/05/2026,02:52:54: 	Train Loss: 2748785.5000 (base: 295.5943, kd: 5496.9795), Elapsed: train 3.65 test 0.59
09/05/2026,02:52:54: 	Recall@10: 0.06638 Recall@20: 0.09168 NDCG@10: 0.03996 NDCG@20: 0.04687 
09/05/2026,02:52:54: 	Recall@10: 0.02736 Recall@20: 0.03771 NDCG@10: 0.01523 NDCG@20: 0.01812 
09/05/2026,02:52:54: Epoch [90/1000]
09/05/2026,02:52:54: Negative sampling...
09/05/2026,02:52:55: Model's personal time...
09/05/2026,02:52:55: Training...
09/05/2026,02:52:57: Evaluating...
09/05/2026,02:52:58: 	Train Loss: 2747626.5000 (base: 296.3046, kd: 5494.6606), Elapsed: train 3.25 test 0.52
09/05/2026,02:52:58: 	Recall@10: 0.06566 Recall@20: 0.09269 NDCG@10: 0.03981 NDCG@20: 0.04717 
09/05/2026,02:52:58: 	Recall@10: 0.02715 Recall@20: 0.03846 NDCG@10: 0.01513 NDCG@20: 0.01826 
09/05/2026,02:52:58: Epoch [91/1000]
09/05/2026,02:52:58: Negative sampling...
09/05/2026,02:52:59: Model's personal time...
09/05/2026,02:52:59: Training...
09/05/2026,02:53:02: Evaluating...
09/05/2026,02:53:02: 	Train Loss: 2747395.2500 (base: 293.3726, kd: 5494.2041), Elapsed: train 4.03 test 0.58 *
09/05/2026,02:53:02: 	Recall@10: 0.06656 Recall@20: 0.09364 NDCG@10: 0.04034 NDCG@20: 0.04773 
09/05/2026,02:53:02: 	Recall@10: 0.02759 Recall@20: 0.03829 NDCG@10: 0.01534 NDCG@20: 0.01832 
09/05/2026,02:53:02: Epoch [92/1000]
09/05/2026,02:53:02: Negative sampling...
09/05/2026,02:53:04: Model's personal time...
09/05/2026,02:53:04: Training...
09/05/2026,02:53:06: Evaluating...
09/05/2026,02:53:06: 	Train Loss: 2745288.5000 (base: 291.7465, kd: 5489.9937), Elapsed: train 3.71 test 0.45
09/05/2026,02:53:06: 	Recall@10: 0.06573 Recall@20: 0.09244 NDCG@10: 0.03977 NDCG@20: 0.04705 
09/05/2026,02:53:06: 	Recall@10: 0.02755 Recall@20: 0.03776 NDCG@10: 0.01533 NDCG@20: 0.01820 
09/05/2026,02:53:06: Epoch [93/1000]
09/05/2026,02:53:06: Negative sampling...
09/05/2026,02:53:08: Model's personal time...
09/05/2026,02:53:08: Training...
09/05/2026,02:53:10: Evaluating...
09/05/2026,02:53:11: 	Train Loss: 2748689.0000 (base: 285.5573, kd: 5496.8062), Elapsed: train 3.52 test 1.07
09/05/2026,02:53:11: 	Recall@10: 0.06566 Recall@20: 0.09253 NDCG@10: 0.03996 NDCG@20: 0.04733 
09/05/2026,02:53:11: 	Recall@10: 0.02805 Recall@20: 0.03853 NDCG@10: 0.01544 NDCG@20: 0.01837 
09/05/2026,02:53:11: Epoch [94/1000]
09/05/2026,02:53:11: Negative sampling...
09/05/2026,02:53:13: Model's personal time...
09/05/2026,02:53:13: Training...
09/05/2026,02:53:14: Evaluating...
09/05/2026,02:53:15: 	Train Loss: 2751326.7500 (base: 289.7604, kd: 5502.0732), Elapsed: train 3.32 test 0.75
09/05/2026,02:53:15: 	Recall@10: 0.06636 Recall@20: 0.09187 NDCG@10: 0.04007 NDCG@20: 0.04712 
09/05/2026,02:53:15: 	Recall@10: 0.02726 Recall@20: 0.03887 NDCG@10: 0.01507 NDCG@20: 0.01829 
09/05/2026,02:53:15: Epoch [95/1000]
09/05/2026,02:53:15: Negative sampling...
09/05/2026,02:53:17: Model's personal time...
09/05/2026,02:53:17: Training...
09/05/2026,02:53:18: Evaluating...
09/05/2026,02:53:19: 	Train Loss: 2745122.0000 (base: 287.7704, kd: 5489.6685), Elapsed: train 3.51 test 0.71
09/05/2026,02:53:19: 	Recall@10: 0.06640 Recall@20: 0.09300 NDCG@10: 0.03994 NDCG@20: 0.04726 
09/05/2026,02:53:19: 	Recall@10: 0.02748 Recall@20: 0.03818 NDCG@10: 0.01518 NDCG@20: 0.01819 
09/05/2026,02:53:19: Epoch [96/1000]
09/05/2026,02:53:19: Negative sampling...
09/05/2026,02:53:21: Model's personal time...
09/05/2026,02:53:21: Training...
09/05/2026,02:53:23: Evaluating...
09/05/2026,02:53:23: 	Train Loss: 2745300.7500 (base: 289.9575, kd: 5490.0215), Elapsed: train 3.37 test 0.53
09/05/2026,02:53:23: 	Recall@10: 0.06781 Recall@20: 0.09335 NDCG@10: 0.04017 NDCG@20: 0.04715 
09/05/2026,02:53:23: 	Recall@10: 0.02728 Recall@20: 0.03806 NDCG@10: 0.01517 NDCG@20: 0.01817 
09/05/2026,02:53:23: Epoch [97/1000]
09/05/2026,02:53:23: Negative sampling...
09/05/2026,02:53:25: Model's personal time...
09/05/2026,02:53:25: Training...
09/05/2026,02:53:26: Evaluating...
09/05/2026,02:53:27: 	Train Loss: 2746379.0000 (base: 286.2615, kd: 5492.1860), Elapsed: train 3.38 test 0.54
09/05/2026,02:53:27: 	Recall@10: 0.06642 Recall@20: 0.09313 NDCG@10: 0.03980 NDCG@20: 0.04715 
09/05/2026,02:53:27: 	Recall@10: 0.02767 Recall@20: 0.03782 NDCG@10: 0.01528 NDCG@20: 0.01813 
09/05/2026,02:53:27: Epoch [98/1000]
09/05/2026,02:53:27: Negative sampling...
09/05/2026,02:53:29: Model's personal time...
09/05/2026,02:53:29: Training...
09/05/2026,02:53:31: Evaluating...
09/05/2026,02:53:31: 	Train Loss: 2748065.0000 (base: 284.6846, kd: 5495.5605), Elapsed: train 3.69 test 0.57
09/05/2026,02:53:31: 	Recall@10: 0.06659 Recall@20: 0.09364 NDCG@10: 0.03988 NDCG@20: 0.04731 
09/05/2026,02:53:31: 	Recall@10: 0.02730 Recall@20: 0.03811 NDCG@10: 0.01515 NDCG@20: 0.01817 
09/05/2026,02:53:31: Epoch [99/1000]
09/05/2026,02:53:31: Negative sampling...
09/05/2026,02:53:33: Model's personal time...
09/05/2026,02:53:33: Training...
09/05/2026,02:53:35: Evaluating...
09/05/2026,02:53:35: 	Train Loss: 2749533.0000 (base: 279.1164, kd: 5498.5073), Elapsed: train 3.26 test 0.42
09/05/2026,02:53:35: 	Recall@10: 0.06775 Recall@20: 0.09304 NDCG@10: 0.04036 NDCG@20: 0.04731 
09/05/2026,02:53:35: 	Recall@10: 0.02745 Recall@20: 0.03861 NDCG@10: 0.01515 NDCG@20: 0.01827 
09/05/2026,02:53:35: Epoch [100/1000]
09/05/2026,02:53:35: Negative sampling...
09/05/2026,02:53:37: Model's personal time...
09/05/2026,02:53:37: Training...
09/05/2026,02:53:38: Evaluating...
09/05/2026,02:53:39: 	Train Loss: 2747301.2500 (base: 281.1308, kd: 5494.0400), Elapsed: train 3.13 test 0.58 *
09/05/2026,02:53:39: 	Recall@10: 0.06666 Recall@20: 0.09321 NDCG@10: 0.04048 NDCG@20: 0.04774 
09/05/2026,02:53:39: 	Recall@10: 0.02782 Recall@20: 0.03858 NDCG@10: 0.01536 NDCG@20: 0.01837 
09/05/2026,02:53:39: Epoch [101/1000]
09/05/2026,02:53:39: Negative sampling...
09/05/2026,02:53:40: Model's personal time...
09/05/2026,02:53:40: Training...
09/05/2026,02:53:42: Evaluating...
09/05/2026,02:53:42: 	Train Loss: 2751646.0000 (base: 278.9366, kd: 5502.7344), Elapsed: train 3.30 test 0.47
09/05/2026,02:53:42: 	Recall@10: 0.06649 Recall@20: 0.09297 NDCG@10: 0.03991 NDCG@20: 0.04714 
09/05/2026,02:53:42: 	Recall@10: 0.02814 Recall@20: 0.03846 NDCG@10: 0.01558 NDCG@20: 0.01847 
09/05/2026,02:53:42: Epoch [102/1000]
09/05/2026,02:53:42: Negative sampling...
09/05/2026,02:53:44: Model's personal time...
09/05/2026,02:53:44: Training...
09/05/2026,02:53:46: Evaluating...
09/05/2026,02:53:46: 	Train Loss: 2745254.5000 (base: 276.7129, kd: 5489.9551), Elapsed: train 3.56 test 0.41
09/05/2026,02:53:46: 	Recall@10: 0.06766 Recall@20: 0.09320 NDCG@10: 0.04036 NDCG@20: 0.04736 
09/05/2026,02:53:46: 	Recall@10: 0.02777 Recall@20: 0.03873 NDCG@10: 0.01519 NDCG@20: 0.01825 
09/05/2026,02:53:46: Epoch [103/1000]
09/05/2026,02:53:46: Negative sampling...
09/05/2026,02:53:48: Model's personal time...
09/05/2026,02:53:48: Training...
09/05/2026,02:53:50: Evaluating...
09/05/2026,02:53:50: 	Train Loss: 2748059.0000 (base: 277.1108, kd: 5495.5635), Elapsed: train 3.23 test 0.45
09/05/2026,02:53:50: 	Recall@10: 0.06649 Recall@20: 0.09413 NDCG@10: 0.04012 NDCG@20: 0.04764 
09/05/2026,02:53:50: 	Recall@10: 0.02820 Recall@20: 0.03833 NDCG@10: 0.01562 NDCG@20: 0.01845 
09/05/2026,02:53:50: Epoch [104/1000]
09/05/2026,02:53:50: Negative sampling...
09/05/2026,02:53:52: Model's personal time...
09/05/2026,02:53:52: Training...
09/05/2026,02:53:53: Evaluating...
09/05/2026,02:53:54: 	Train Loss: 2747395.2500 (base: 275.4460, kd: 5494.2397), Elapsed: train 3.19 test 0.55
09/05/2026,02:53:54: 	Recall@10: 0.06645 Recall@20: 0.09245 NDCG@10: 0.03982 NDCG@20: 0.04693 
09/05/2026,02:53:54: 	Recall@10: 0.02847 Recall@20: 0.03857 NDCG@10: 0.01560 NDCG@20: 0.01845 
09/05/2026,02:53:54: Epoch [105/1000]
09/05/2026,02:53:54: Negative sampling...
09/05/2026,02:53:56: Model's personal time...
09/05/2026,02:53:56: Training...
09/05/2026,02:53:57: Evaluating...
09/05/2026,02:53:58: 	Train Loss: 2745192.7500 (base: 274.1953, kd: 5489.8374), Elapsed: train 3.16 test 1.37
09/05/2026,02:53:58: 	Recall@10: 0.06804 Recall@20: 0.09255 NDCG@10: 0.04051 NDCG@20: 0.04725 
09/05/2026,02:53:58: 	Recall@10: 0.02783 Recall@20: 0.03812 NDCG@10: 0.01544 NDCG@20: 0.01837 
09/05/2026,02:53:58: Epoch [106/1000]
09/05/2026,02:53:58: Negative sampling...
09/05/2026,02:54:00: Model's personal time...
09/05/2026,02:54:00: Training...
09/05/2026,02:54:02: Evaluating...
09/05/2026,02:54:02: 	Train Loss: 2745611.2500 (base: 268.5938, kd: 5490.6860), Elapsed: train 3.38 test 0.56
09/05/2026,02:54:02: 	Recall@10: 0.06707 Recall@20: 0.09223 NDCG@10: 0.03981 NDCG@20: 0.04674 
09/05/2026,02:54:02: 	Recall@10: 0.02741 Recall@20: 0.03852 NDCG@10: 0.01525 NDCG@20: 0.01842 
09/05/2026,02:54:02: Epoch [107/1000]
09/05/2026,02:54:02: Negative sampling...
09/05/2026,02:54:04: Model's personal time...
09/05/2026,02:54:04: Training...
09/05/2026,02:54:06: Evaluating...
09/05/2026,02:54:06: 	Train Loss: 2741117.0000 (base: 269.8277, kd: 5481.6943), Elapsed: train 3.50 test 0.44
09/05/2026,02:54:06: 	Recall@10: 0.06691 Recall@20: 0.09366 NDCG@10: 0.03985 NDCG@20: 0.04721 
09/05/2026,02:54:06: 	Recall@10: 0.02865 Recall@20: 0.03826 NDCG@10: 0.01566 NDCG@20: 0.01839 
09/05/2026,02:54:06: Epoch [108/1000]
09/05/2026,02:54:06: Negative sampling...
09/05/2026,02:54:08: Model's personal time...
09/05/2026,02:54:08: Training...
09/05/2026,02:54:10: Evaluating...
09/05/2026,02:54:10: 	Train Loss: 2742667.7500 (base: 270.6525, kd: 5484.7944), Elapsed: train 3.66 test 0.49
09/05/2026,02:54:10: 	Recall@10: 0.06708 Recall@20: 0.09353 NDCG@10: 0.03997 NDCG@20: 0.04729 
09/05/2026,02:54:10: 	Recall@10: 0.02745 Recall@20: 0.03822 NDCG@10: 0.01520 NDCG@20: 0.01823 
09/05/2026,02:54:10: Epoch [109/1000]
09/05/2026,02:54:10: Negative sampling...
09/05/2026,02:54:12: Model's personal time...
09/05/2026,02:54:12: Training...
09/05/2026,02:54:14: Evaluating...
09/05/2026,02:54:14: 	Train Loss: 2745135.5000 (base: 268.1450, kd: 5489.7344), Elapsed: train 3.54 test 0.40
09/05/2026,02:54:14: 	Recall@10: 0.06646 Recall@20: 0.09297 NDCG@10: 0.03973 NDCG@20: 0.04706 
09/05/2026,02:54:14: 	Recall@10: 0.02712 Recall@20: 0.03906 NDCG@10: 0.01534 NDCG@20: 0.01868 
09/05/2026,02:54:14: Epoch [110/1000]
09/05/2026,02:54:14: Negative sampling...
09/05/2026,02:54:16: Model's personal time...
09/05/2026,02:54:16: Training...
09/05/2026,02:54:17: Evaluating...
09/05/2026,02:54:18: 	Train Loss: 2742006.7500 (base: 269.9454, kd: 5483.4731), Elapsed: train 3.12 test 0.40
09/05/2026,02:54:18: 	Recall@10: 0.06681 Recall@20: 0.09334 NDCG@10: 0.04001 NDCG@20: 0.04732 
09/05/2026,02:54:18: 	Recall@10: 0.02761 Recall@20: 0.03881 NDCG@10: 0.01535 NDCG@20: 0.01849 
09/05/2026,02:54:18: Epoch [111/1000]
09/05/2026,02:54:18: Negative sampling...
09/05/2026,02:54:19: Model's personal time...
09/05/2026,02:54:19: Training...
09/05/2026,02:54:21: Evaluating...
09/05/2026,02:54:21: 	Train Loss: 2745028.2500 (base: 268.5154, kd: 5489.5190), Elapsed: train 3.09 test 0.48
09/05/2026,02:54:21: 	Recall@10: 0.06715 Recall@20: 0.09425 NDCG@10: 0.03988 NDCG@20: 0.04736 
09/05/2026,02:54:21: 	Recall@10: 0.02699 Recall@20: 0.03869 NDCG@10: 0.01514 NDCG@20: 0.01843 
09/05/2026,02:54:21: Epoch [112/1000]
09/05/2026,02:54:21: Negative sampling...
09/05/2026,02:54:23: Model's personal time...
09/05/2026,02:54:23: Training...
09/05/2026,02:54:25: Evaluating...
09/05/2026,02:54:25: 	Train Loss: 2745048.5000 (base: 267.1680, kd: 5489.5630), Elapsed: train 3.30 test 0.54
09/05/2026,02:54:25: 	Recall@10: 0.06580 Recall@20: 0.09446 NDCG@10: 0.03972 NDCG@20: 0.04762 
09/05/2026,02:54:25: 	Recall@10: 0.02716 Recall@20: 0.03854 NDCG@10: 0.01531 NDCG@20: 0.01849 
09/05/2026,02:54:25: Epoch [113/1000]
09/05/2026,02:54:25: Negative sampling...
09/05/2026,02:54:27: Model's personal time...
09/05/2026,02:54:27: Training...
09/05/2026,02:54:29: Evaluating...
09/05/2026,02:54:29: 	Train Loss: 2743412.2500 (base: 263.9406, kd: 5486.2964), Elapsed: train 3.27 test 0.37
09/05/2026,02:54:29: 	Recall@10: 0.06637 Recall@20: 0.09408 NDCG@10: 0.03987 NDCG@20: 0.04748 
09/05/2026,02:54:29: 	Recall@10: 0.02742 Recall@20: 0.03919 NDCG@10: 0.01525 NDCG@20: 0.01851 
09/05/2026,02:54:29: Epoch [114/1000]
09/05/2026,02:54:29: Negative sampling...
09/05/2026,02:54:31: Model's personal time...
09/05/2026,02:54:31: Training...
09/05/2026,02:54:32: Evaluating...
09/05/2026,02:54:33: 	Train Loss: 2744144.0000 (base: 267.9251, kd: 5487.7524), Elapsed: train 3.37 test 0.52
09/05/2026,02:54:33: 	Recall@10: 0.06710 Recall@20: 0.09420 NDCG@10: 0.03993 NDCG@20: 0.04735 
09/05/2026,02:54:33: 	Recall@10: 0.02741 Recall@20: 0.03840 NDCG@10: 0.01522 NDCG@20: 0.01829 
09/05/2026,02:54:33: Epoch [115/1000]
09/05/2026,02:54:33: Negative sampling...
09/05/2026,02:54:34: Model's personal time...
09/05/2026,02:54:34: Training...
09/05/2026,02:54:36: Evaluating...
09/05/2026,02:54:36: 	Train Loss: 2743211.0000 (base: 260.9626, kd: 5485.9004), Elapsed: train 3.11 test 0.42
09/05/2026,02:54:36: 	Recall@10: 0.06688 Recall@20: 0.09379 NDCG@10: 0.04010 NDCG@20: 0.04753 
09/05/2026,02:54:36: 	Recall@10: 0.02733 Recall@20: 0.03870 NDCG@10: 0.01519 NDCG@20: 0.01835 
09/05/2026,02:54:36: Epoch [116/1000]
09/05/2026,02:54:36: Negative sampling...
09/05/2026,02:54:38: Model's personal time...
09/05/2026,02:54:38: Training...
09/05/2026,02:54:39: Evaluating...
09/05/2026,02:54:40: 	Train Loss: 2750446.2500 (base: 261.0629, kd: 5500.3696), Elapsed: train 3.16 test 0.53
09/05/2026,02:54:40: 	Recall@10: 0.06758 Recall@20: 0.09356 NDCG@10: 0.04019 NDCG@20: 0.04735 
09/05/2026,02:54:40: 	Recall@10: 0.02752 Recall@20: 0.03871 NDCG@10: 0.01533 NDCG@20: 0.01844 
09/05/2026,02:54:40: Epoch [117/1000]
09/05/2026,02:54:40: Negative sampling...
09/05/2026,02:54:42: Model's personal time...
09/05/2026,02:54:42: Training...
09/05/2026,02:54:43: Evaluating...
09/05/2026,02:54:44: 	Train Loss: 2745197.7500 (base: 259.5517, kd: 5489.8760), Elapsed: train 3.32 test 0.41
09/05/2026,02:54:44: 	Recall@10: 0.06799 Recall@20: 0.09305 NDCG@10: 0.04052 NDCG@20: 0.04746 
09/05/2026,02:54:44: 	Recall@10: 0.02662 Recall@20: 0.03890 NDCG@10: 0.01496 NDCG@20: 0.01840 
09/05/2026,02:54:44: Epoch [118/1000]
09/05/2026,02:54:44: Negative sampling...
09/05/2026,02:54:45: Model's personal time...
09/05/2026,02:54:45: Training...
09/05/2026,02:54:47: Evaluating...
09/05/2026,02:54:48: 	Train Loss: 2745299.7500 (base: 259.4845, kd: 5490.0801), Elapsed: train 2.78 test 1.24
09/05/2026,02:54:48: 	Recall@10: 0.06745 Recall@20: 0.09307 NDCG@10: 0.03999 NDCG@20: 0.04708 
09/05/2026,02:54:48: 	Recall@10: 0.02724 Recall@20: 0.03946 NDCG@10: 0.01522 NDCG@20: 0.01860 
09/05/2026,02:54:48: Epoch [119/1000]
09/05/2026,02:54:48: Negative sampling...
09/05/2026,02:54:49: Model's personal time...
09/05/2026,02:54:49: Training...
09/05/2026,02:54:50: Evaluating...
09/05/2026,02:54:51: 	Train Loss: 2743596.2500 (base: 254.7653, kd: 5486.6836), Elapsed: train 2.69 test 0.63
09/05/2026,02:54:51: 	Recall@10: 0.06690 Recall@20: 0.09284 NDCG@10: 0.03969 NDCG@20: 0.04688 
09/05/2026,02:54:51: 	Recall@10: 0.02686 Recall@20: 0.03995 NDCG@10: 0.01509 NDCG@20: 0.01869 
09/05/2026,02:54:51: Epoch [120/1000]
09/05/2026,02:54:51: Negative sampling...
09/05/2026,02:54:53: Model's personal time...
09/05/2026,02:54:53: Training...
09/05/2026,02:54:54: Evaluating...
09/05/2026,02:54:55: 	Train Loss: 2744971.0000 (base: 254.0868, kd: 5489.4336), Elapsed: train 3.10 test 0.42
09/05/2026,02:54:55: 	Recall@10: 0.06875 Recall@20: 0.09522 NDCG@10: 0.04037 NDCG@20: 0.04763 
09/05/2026,02:54:55: 	Recall@10: 0.02724 Recall@20: 0.03962 NDCG@10: 0.01530 NDCG@20: 0.01873 
09/05/2026,02:54:55: Epoch [121/1000]
09/05/2026,02:54:55: Negative sampling...
09/05/2026,02:54:57: Model's personal time...
09/05/2026,02:54:57: Training...
09/05/2026,02:54:58: Evaluating...
09/05/2026,02:54:58: 	Train Loss: 2743694.2500 (base: 256.1612, kd: 5486.8770), Elapsed: train 3.01 test 0.49
09/05/2026,02:54:58: 	Recall@10: 0.06590 Recall@20: 0.09456 NDCG@10: 0.03960 NDCG@20: 0.04749 
09/05/2026,02:54:58: 	Recall@10: 0.02764 Recall@20: 0.03990 NDCG@10: 0.01547 NDCG@20: 0.01884 
09/05/2026,02:54:58: Epoch [122/1000]
09/05/2026,02:54:58: Negative sampling...
09/05/2026,02:55:00: Model's personal time...
09/05/2026,02:55:00: Training...
09/05/2026,02:55:01: Evaluating...
09/05/2026,02:55:01: 	Train Loss: 2744761.5000 (base: 252.4477, kd: 5489.0176), Elapsed: train 2.89 test 0.42 *
09/05/2026,02:55:01: 	Recall@10: 0.06764 Recall@20: 0.09499 NDCG@10: 0.04032 NDCG@20: 0.04786 
09/05/2026,02:55:01: 	Recall@10: 0.02729 Recall@20: 0.03956 NDCG@10: 0.01512 NDCG@20: 0.01852 
09/05/2026,02:55:01: Epoch [123/1000]
09/05/2026,02:55:01: Negative sampling...
09/05/2026,02:55:03: Model's personal time...
09/05/2026,02:55:03: Training...
09/05/2026,02:55:04: Evaluating...
09/05/2026,02:55:05: 	Train Loss: 2743895.5000 (base: 250.0665, kd: 5487.2905), Elapsed: train 2.96 test 0.44
09/05/2026,02:55:05: 	Recall@10: 0.06654 Recall@20: 0.09398 NDCG@10: 0.03977 NDCG@20: 0.04739 
09/05/2026,02:55:05: 	Recall@10: 0.02725 Recall@20: 0.04001 NDCG@10: 0.01522 NDCG@20: 0.01876 
09/05/2026,02:55:05: Epoch [124/1000]
09/05/2026,02:55:05: Negative sampling...
09/05/2026,02:55:06: Model's personal time...
09/05/2026,02:55:06: Training...
09/05/2026,02:55:08: Evaluating...
09/05/2026,02:55:08: 	Train Loss: 2743994.7500 (base: 249.5404, kd: 5487.4907), Elapsed: train 3.13 test 0.38
09/05/2026,02:55:08: 	Recall@10: 0.06735 Recall@20: 0.09456 NDCG@10: 0.03967 NDCG@20: 0.04713 
09/05/2026,02:55:08: 	Recall@10: 0.02788 Recall@20: 0.03987 NDCG@10: 0.01540 NDCG@20: 0.01870 
09/05/2026,02:55:08: Epoch [125/1000]
09/05/2026,02:55:08: Negative sampling...
09/05/2026,02:55:10: Model's personal time...
09/05/2026,02:55:10: Training...
09/05/2026,02:55:11: Evaluating...
09/05/2026,02:55:12: 	Train Loss: 2744704.0000 (base: 250.7481, kd: 5488.9053), Elapsed: train 2.85 test 0.42
09/05/2026,02:55:12: 	Recall@10: 0.06820 Recall@20: 0.09361 NDCG@10: 0.04009 NDCG@20: 0.04710 
09/05/2026,02:55:12: 	Recall@10: 0.02744 Recall@20: 0.03967 NDCG@10: 0.01531 NDCG@20: 0.01872 
09/05/2026,02:55:12: Epoch [126/1000]
09/05/2026,02:55:12: Negative sampling...
09/05/2026,02:55:13: Model's personal time...
09/05/2026,02:55:13: Training...
09/05/2026,02:55:15: Evaluating...
09/05/2026,02:55:15: 	Train Loss: 2740815.2500 (base: 248.7121, kd: 5481.1333), Elapsed: train 3.10 test 0.41
09/05/2026,02:55:15: 	Recall@10: 0.06823 Recall@20: 0.09318 NDCG@10: 0.04015 NDCG@20: 0.04707 
09/05/2026,02:55:15: 	Recall@10: 0.02741 Recall@20: 0.03986 NDCG@10: 0.01522 NDCG@20: 0.01869 
09/05/2026,02:55:15: Epoch [127/1000]
09/05/2026,02:55:15: Negative sampling...
09/05/2026,02:55:17: Model's personal time...
09/05/2026,02:55:17: Training...
09/05/2026,02:55:18: Evaluating...
09/05/2026,02:55:18: 	Train Loss: 2744736.5000 (base: 254.4462, kd: 5488.9644), Elapsed: train 2.80 test 0.56
09/05/2026,02:55:18: 	Recall@10: 0.06814 Recall@20: 0.09451 NDCG@10: 0.04018 NDCG@20: 0.04746 
09/05/2026,02:55:18: 	Recall@10: 0.02711 Recall@20: 0.03958 NDCG@10: 0.01509 NDCG@20: 0.01858 
09/05/2026,02:55:18: Epoch [128/1000]
09/05/2026,02:55:18: Negative sampling...
09/05/2026,02:55:20: Model's personal time...
09/05/2026,02:55:20: Training...
09/05/2026,02:55:21: Evaluating...
09/05/2026,02:55:22: 	Train Loss: 2746637.7500 (base: 246.2889, kd: 5492.7832), Elapsed: train 2.84 test 0.43
09/05/2026,02:55:22: 	Recall@10: 0.06728 Recall@20: 0.09449 NDCG@10: 0.03970 NDCG@20: 0.04720 
09/05/2026,02:55:22: 	Recall@10: 0.02775 Recall@20: 0.03994 NDCG@10: 0.01522 NDCG@20: 0.01858 
09/05/2026,02:55:22: Epoch [129/1000]
09/05/2026,02:55:22: Negative sampling...
09/05/2026,02:55:23: Model's personal time...
09/05/2026,02:55:23: Training...
09/05/2026,02:55:25: Evaluating...
09/05/2026,02:55:25: 	Train Loss: 2744838.7500 (base: 246.3512, kd: 5489.1851), Elapsed: train 3.01 test 0.37
09/05/2026,02:55:25: 	Recall@10: 0.06745 Recall@20: 0.09414 NDCG@10: 0.03982 NDCG@20: 0.04712 
09/05/2026,02:55:25: 	Recall@10: 0.02734 Recall@20: 0.03871 NDCG@10: 0.01505 NDCG@20: 0.01827 
09/05/2026,02:55:25: Epoch [130/1000]
09/05/2026,02:55:25: Negative sampling...
09/05/2026,02:55:27: Model's personal time...
09/05/2026,02:55:27: Training...
09/05/2026,02:55:28: Evaluating...
09/05/2026,02:55:29: 	Train Loss: 2742914.5000 (base: 241.7643, kd: 5485.3457), Elapsed: train 3.36 test 0.55
09/05/2026,02:55:29: 	Recall@10: 0.06788 Recall@20: 0.09528 NDCG@10: 0.03997 NDCG@20: 0.04747 
09/05/2026,02:55:29: 	Recall@10: 0.02669 Recall@20: 0.03923 NDCG@10: 0.01495 NDCG@20: 0.01849 
09/05/2026,02:55:29: Epoch [131/1000]
09/05/2026,02:55:29: Negative sampling...
09/05/2026,02:55:31: Model's personal time...
09/05/2026,02:55:31: Training...
09/05/2026,02:55:32: Evaluating...
09/05/2026,02:55:33: 	Train Loss: 2744559.5000 (base: 244.9001, kd: 5488.6294), Elapsed: train 3.13 test 0.51
09/05/2026,02:55:33: 	Recall@10: 0.06736 Recall@20: 0.09484 NDCG@10: 0.03983 NDCG@20: 0.04735 
09/05/2026,02:55:33: 	Recall@10: 0.02694 Recall@20: 0.03935 NDCG@10: 0.01499 NDCG@20: 0.01848 
09/05/2026,02:55:33: Epoch [132/1000]
09/05/2026,02:55:33: Negative sampling...
09/05/2026,02:55:34: Model's personal time...
09/05/2026,02:55:34: Training...
09/05/2026,02:55:36: Evaluating...
09/05/2026,02:55:36: 	Train Loss: 2745517.7500 (base: 247.5381, kd: 5490.5405), Elapsed: train 2.99 test 0.41
09/05/2026,02:55:36: 	Recall@10: 0.06697 Recall@20: 0.09523 NDCG@10: 0.03995 NDCG@20: 0.04767 
09/05/2026,02:55:36: 	Recall@10: 0.02714 Recall@20: 0.03939 NDCG@10: 0.01506 NDCG@20: 0.01848 
09/05/2026,02:55:36: Epoch [133/1000]
09/05/2026,02:55:36: Negative sampling...
09/05/2026,02:55:38: Model's personal time...
09/05/2026,02:55:38: Training...
09/05/2026,02:55:40: Evaluating...
09/05/2026,02:55:40: 	Train Loss: 2744847.5000 (base: 240.1614, kd: 5489.2148), Elapsed: train 3.50 test 0.45
09/05/2026,02:55:40: 	Recall@10: 0.06800 Recall@20: 0.09586 NDCG@10: 0.04011 NDCG@20: 0.04773 
09/05/2026,02:55:40: 	Recall@10: 0.02661 Recall@20: 0.03895 NDCG@10: 0.01483 NDCG@20: 0.01831 
09/05/2026,02:55:40: Epoch [134/1000]
09/05/2026,02:55:40: Negative sampling...
09/05/2026,02:55:42: Model's personal time...
09/05/2026,02:55:42: Training...
09/05/2026,02:55:43: Evaluating...
09/05/2026,02:55:44: 	Train Loss: 2741654.2500 (base: 242.4945, kd: 5482.8232), Elapsed: train 3.19 test 0.44
09/05/2026,02:55:44: 	Recall@10: 0.06789 Recall@20: 0.09459 NDCG@10: 0.04021 NDCG@20: 0.04758 
09/05/2026,02:55:44: 	Recall@10: 0.02736 Recall@20: 0.03982 NDCG@10: 0.01515 NDCG@20: 0.01863 
09/05/2026,02:55:44: Epoch [135/1000]
09/05/2026,02:55:44: Negative sampling...
09/05/2026,02:55:46: Model's personal time...
09/05/2026,02:55:46: Training...
09/05/2026,02:55:47: Evaluating...
09/05/2026,02:55:48: 	Train Loss: 2747006.2500 (base: 241.8447, kd: 5493.5288), Elapsed: train 3.46 test 0.47
09/05/2026,02:55:48: 	Recall@10: 0.06800 Recall@20: 0.09544 NDCG@10: 0.04000 NDCG@20: 0.04753 
09/05/2026,02:55:48: 	Recall@10: 0.02669 Recall@20: 0.03883 NDCG@10: 0.01491 NDCG@20: 0.01834 
09/05/2026,02:55:48: Epoch [136/1000]
09/05/2026,02:55:48: Negative sampling...
09/05/2026,02:55:50: Model's personal time...
09/05/2026,02:55:50: Training...
09/05/2026,02:55:51: Evaluating...
09/05/2026,02:55:52: 	Train Loss: 2742052.7500 (base: 240.7477, kd: 5483.6235), Elapsed: train 3.68 test 0.36
09/05/2026,02:55:52: 	Recall@10: 0.06830 Recall@20: 0.09413 NDCG@10: 0.04000 NDCG@20: 0.04714 
09/05/2026,02:55:52: 	Recall@10: 0.02714 Recall@20: 0.03920 NDCG@10: 0.01504 NDCG@20: 0.01838 
09/05/2026,02:55:52: Epoch [137/1000]
09/05/2026,02:55:52: Negative sampling...
09/05/2026,02:55:53: Model's personal time...
09/05/2026,02:55:53: Training...
09/05/2026,02:55:55: Evaluating...
09/05/2026,02:55:55: 	Train Loss: 2743107.7500 (base: 239.9777, kd: 5485.7358), Elapsed: train 3.00 test 0.50
09/05/2026,02:55:55: 	Recall@10: 0.06877 Recall@20: 0.09454 NDCG@10: 0.04032 NDCG@20: 0.04744 
09/05/2026,02:55:55: 	Recall@10: 0.02710 Recall@20: 0.03941 NDCG@10: 0.01505 NDCG@20: 0.01847 
09/05/2026,02:55:55: Epoch [138/1000]
09/05/2026,02:55:55: Negative sampling...
09/05/2026,02:55:57: Model's personal time...
09/05/2026,02:55:57: Training...
09/05/2026,02:55:58: Evaluating...
09/05/2026,02:55:59: 	Train Loss: 2745536.5000 (base: 236.1553, kd: 5490.6011), Elapsed: train 3.05 test 0.49
09/05/2026,02:55:59: 	Recall@10: 0.06734 Recall@20: 0.09392 NDCG@10: 0.04001 NDCG@20: 0.04742 
09/05/2026,02:55:59: 	Recall@10: 0.02633 Recall@20: 0.03972 NDCG@10: 0.01481 NDCG@20: 0.01856 
09/05/2026,02:55:59: Epoch [139/1000]
09/05/2026,02:55:59: Negative sampling...
09/05/2026,02:56:00: Model's personal time...
09/05/2026,02:56:00: Training...
09/05/2026,02:56:02: Evaluating...
09/05/2026,02:56:02: 	Train Loss: 2743388.7500 (base: 234.5833, kd: 5486.3086), Elapsed: train 3.13 test 0.38
09/05/2026,02:56:02: 	Recall@10: 0.06793 Recall@20: 0.09490 NDCG@10: 0.03991 NDCG@20: 0.04740 
09/05/2026,02:56:02: 	Recall@10: 0.02672 Recall@20: 0.03984 NDCG@10: 0.01499 NDCG@20: 0.01862 
09/05/2026,02:56:02: Epoch [140/1000]
09/05/2026,02:56:02: Negative sampling...
09/05/2026,02:56:04: Model's personal time...
09/05/2026,02:56:04: Training...
09/05/2026,02:56:05: Evaluating...
09/05/2026,02:56:06: 	Train Loss: 2743509.2500 (base: 236.4834, kd: 5486.5459), Elapsed: train 3.07 test 0.45
09/05/2026,02:56:06: 	Recall@10: 0.06801 Recall@20: 0.09485 NDCG@10: 0.04012 NDCG@20: 0.04757 
09/05/2026,02:56:06: 	Recall@10: 0.02708 Recall@20: 0.03997 NDCG@10: 0.01502 NDCG@20: 0.01858 
09/05/2026,02:56:06: Epoch [141/1000]
09/05/2026,02:56:06: Negative sampling...
09/05/2026,02:56:07: Model's personal time...
09/05/2026,02:56:07: Training...
09/05/2026,02:56:09: Evaluating...
09/05/2026,02:56:09: 	Train Loss: 2743590.5000 (base: 231.5328, kd: 5486.7178), Elapsed: train 3.28 test 0.50
09/05/2026,02:56:09: 	Recall@10: 0.06830 Recall@20: 0.09490 NDCG@10: 0.04029 NDCG@20: 0.04765 
09/05/2026,02:56:09: 	Recall@10: 0.02702 Recall@20: 0.03897 NDCG@10: 0.01491 NDCG@20: 0.01827 
09/05/2026,02:56:09: Epoch [142/1000]
09/05/2026,02:56:09: Negative sampling...
09/05/2026,02:56:11: Model's personal time...
09/05/2026,02:56:11: Training...
09/05/2026,02:56:13: Evaluating...
09/05/2026,02:56:13: 	Train Loss: 2743960.7500 (base: 232.0411, kd: 5487.4580), Elapsed: train 3.08 test 0.59
09/05/2026,02:56:13: 	Recall@10: 0.06824 Recall@20: 0.09447 NDCG@10: 0.04012 NDCG@20: 0.04738 
09/05/2026,02:56:13: 	Recall@10: 0.02663 Recall@20: 0.03954 NDCG@10: 0.01485 NDCG@20: 0.01845 
09/05/2026,02:56:13: Epoch [143/1000]
09/05/2026,02:56:13: Negative sampling...
09/05/2026,02:56:15: Model's personal time...
09/05/2026,02:56:15: Training...
09/05/2026,02:56:16: Evaluating...
09/05/2026,02:56:17: 	Train Loss: 2744736.2500 (base: 232.8999, kd: 5489.0063), Elapsed: train 3.01 test 0.51
09/05/2026,02:56:17: 	Recall@10: 0.06818 Recall@20: 0.09438 NDCG@10: 0.04041 NDCG@20: 0.04764 
09/05/2026,02:56:17: 	Recall@10: 0.02649 Recall@20: 0.03998 NDCG@10: 0.01479 NDCG@20: 0.01851 
09/05/2026,02:56:17: Epoch [144/1000]
09/05/2026,02:56:17: Negative sampling...
09/05/2026,02:56:18: Model's personal time...
09/05/2026,02:56:18: Training...
09/05/2026,02:56:19: Evaluating...
09/05/2026,02:56:20: 	Train Loss: 2744092.7500 (base: 230.2357, kd: 5487.7251), Elapsed: train 2.70 test 0.44 *
09/05/2026,02:56:20: 	Recall@10: 0.06783 Recall@20: 0.09600 NDCG@10: 0.04030 NDCG@20: 0.04800 
09/05/2026,02:56:20: 	Recall@10: 0.02669 Recall@20: 0.04073 NDCG@10: 0.01490 NDCG@20: 0.01872 
09/05/2026,02:56:20: Epoch [145/1000]
09/05/2026,02:56:20: Negative sampling...
09/05/2026,02:56:21: Model's personal time...
09/05/2026,02:56:21: Training...
09/05/2026,02:56:22: Evaluating...
09/05/2026,02:56:23: 	Train Loss: 2744779.0000 (base: 231.5570, kd: 5489.0947), Elapsed: train 2.67 test 0.36
09/05/2026,02:56:23: 	Recall@10: 0.06822 Recall@20: 0.09399 NDCG@10: 0.04036 NDCG@20: 0.04748 
09/05/2026,02:56:23: 	Recall@10: 0.02657 Recall@20: 0.03938 NDCG@10: 0.01478 NDCG@20: 0.01834 
09/05/2026,02:56:23: Epoch [146/1000]
09/05/2026,02:56:23: Negative sampling...
09/05/2026,02:56:24: Model's personal time...
09/05/2026,02:56:24: Training...
09/05/2026,02:56:26: Evaluating...
09/05/2026,02:56:26: 	Train Loss: 2740404.7500 (base: 221.6547, kd: 5480.3672), Elapsed: train 2.94 test 0.68
09/05/2026,02:56:26: 	Recall@10: 0.06857 Recall@20: 0.09386 NDCG@10: 0.04045 NDCG@20: 0.04741 
09/05/2026,02:56:26: 	Recall@10: 0.02636 Recall@20: 0.03938 NDCG@10: 0.01467 NDCG@20: 0.01830 
09/05/2026,02:56:26: Epoch [147/1000]
09/05/2026,02:56:26: Negative sampling...
09/05/2026,02:56:28: Model's personal time...
09/05/2026,02:56:28: Training...
09/05/2026,02:56:30: Evaluating...
09/05/2026,02:56:30: 	Train Loss: 2746297.5000 (base: 227.9117, kd: 5492.1392), Elapsed: train 3.37 test 0.57
09/05/2026,02:56:30: 	Recall@10: 0.06745 Recall@20: 0.09392 NDCG@10: 0.04036 NDCG@20: 0.04766 
09/05/2026,02:56:30: 	Recall@10: 0.02693 Recall@20: 0.03941 NDCG@10: 0.01506 NDCG@20: 0.01852 
09/05/2026,02:56:30: Epoch [148/1000]
09/05/2026,02:56:30: Negative sampling...
09/05/2026,02:56:32: Model's personal time...
09/05/2026,02:56:32: Training...
09/05/2026,02:56:33: Evaluating...
09/05/2026,02:56:34: 	Train Loss: 2742515.0000 (base: 221.4480, kd: 5484.5874), Elapsed: train 3.04 test 0.42
09/05/2026,02:56:34: 	Recall@10: 0.06807 Recall@20: 0.09321 NDCG@10: 0.04054 NDCG@20: 0.04753 
09/05/2026,02:56:34: 	Recall@10: 0.02603 Recall@20: 0.03981 NDCG@10: 0.01462 NDCG@20: 0.01847 
09/05/2026,02:56:34: Epoch [149/1000]
09/05/2026,02:56:34: Negative sampling...
09/05/2026,02:56:35: Model's personal time...
09/05/2026,02:56:35: Training...
09/05/2026,02:56:37: Evaluating...
09/05/2026,02:56:37: 	Train Loss: 2744698.7500 (base: 225.9178, kd: 5488.9463), Elapsed: train 2.90 test 0.51
09/05/2026,02:56:37: 	Recall@10: 0.06831 Recall@20: 0.09372 NDCG@10: 0.04050 NDCG@20: 0.04761 
09/05/2026,02:56:37: 	Recall@10: 0.02663 Recall@20: 0.03965 NDCG@10: 0.01483 NDCG@20: 0.01842 
09/05/2026,02:56:37: Epoch [150/1000]
09/05/2026,02:56:37: Negative sampling...
09/05/2026,02:56:39: Model's personal time...
09/05/2026,02:56:39: Training...
09/05/2026,02:56:40: Evaluating...
09/05/2026,02:56:40: 	Train Loss: 2743152.2500 (base: 223.1084, kd: 5485.8589), Elapsed: train 2.68 test 0.38
09/05/2026,02:56:40: 	Recall@10: 0.06732 Recall@20: 0.09360 NDCG@10: 0.04025 NDCG@20: 0.04753 
09/05/2026,02:56:40: 	Recall@10: 0.02630 Recall@20: 0.03942 NDCG@10: 0.01466 NDCG@20: 0.01834 
09/05/2026,02:56:40: Epoch [151/1000]
09/05/2026,02:56:40: Negative sampling...
09/05/2026,02:56:42: Model's personal time...
09/05/2026,02:56:42: Training...
09/05/2026,02:56:43: Evaluating...
09/05/2026,02:56:44: 	Train Loss: 2742329.5000 (base: 216.0166, kd: 5484.2271), Elapsed: train 2.93 test 0.37
09/05/2026,02:56:44: 	Recall@10: 0.06712 Recall@20: 0.09370 NDCG@10: 0.04013 NDCG@20: 0.04761 
09/05/2026,02:56:44: 	Recall@10: 0.02680 Recall@20: 0.03903 NDCG@10: 0.01479 NDCG@20: 0.01820 
09/05/2026,02:56:44: Epoch [152/1000]
09/05/2026,02:56:44: Negative sampling...
09/05/2026,02:56:45: Model's personal time...
09/05/2026,02:56:45: Training...
09/05/2026,02:56:47: Evaluating...
09/05/2026,02:56:47: 	Train Loss: 2746915.2500 (base: 217.5929, kd: 5493.3955), Elapsed: train 3.01 test 0.40
09/05/2026,02:56:47: 	Recall@10: 0.06639 Recall@20: 0.09390 NDCG@10: 0.03990 NDCG@20: 0.04760 
09/05/2026,02:56:47: 	Recall@10: 0.02736 Recall@20: 0.04007 NDCG@10: 0.01500 NDCG@20: 0.01846 
09/05/2026,02:56:47: Epoch [153/1000]
09/05/2026,02:56:47: Negative sampling...
09/05/2026,02:56:49: Model's personal time...
09/05/2026,02:56:49: Training...
09/05/2026,02:56:50: Evaluating...
09/05/2026,02:56:50: 	Train Loss: 2744309.5000 (base: 215.7985, kd: 5488.1875), Elapsed: train 2.72 test 0.36
09/05/2026,02:56:50: 	Recall@10: 0.06719 Recall@20: 0.09478 NDCG@10: 0.04010 NDCG@20: 0.04774 
09/05/2026,02:56:50: 	Recall@10: 0.02577 Recall@20: 0.03970 NDCG@10: 0.01453 NDCG@20: 0.01840 
09/05/2026,02:56:50: Epoch [154/1000]
09/05/2026,02:56:50: Negative sampling...
09/05/2026,02:56:52: Model's personal time...
09/05/2026,02:56:52: Training...
09/05/2026,02:56:53: Evaluating...
09/05/2026,02:56:53: 	Train Loss: 2743466.7500 (base: 231.4801, kd: 5486.4707), Elapsed: train 2.89 test 0.45
09/05/2026,02:56:53: 	Recall@10: 0.06707 Recall@20: 0.09427 NDCG@10: 0.03998 NDCG@20: 0.04747 
09/05/2026,02:56:53: 	Recall@10: 0.02571 Recall@20: 0.04079 NDCG@10: 0.01455 NDCG@20: 0.01867 
09/05/2026,02:56:53: Epoch [155/1000]
09/05/2026,02:56:53: Negative sampling...
09/05/2026,02:56:55: Model's personal time...
09/05/2026,02:56:55: Training...
09/05/2026,02:56:56: Evaluating...
09/05/2026,02:56:57: 	Train Loss: 2739407.2500 (base: 230.8260, kd: 5478.3530), Elapsed: train 2.83 test 0.49
09/05/2026,02:56:57: 	Recall@10: 0.06729 Recall@20: 0.09326 NDCG@10: 0.04007 NDCG@20: 0.04729 
09/05/2026,02:56:57: 	Recall@10: 0.02683 Recall@20: 0.03990 NDCG@10: 0.01483 NDCG@20: 0.01844 
09/05/2026,02:56:57: Epoch [156/1000]
09/05/2026,02:56:57: Negative sampling...
09/05/2026,02:56:58: Model's personal time...
09/05/2026,02:56:58: Training...
09/05/2026,02:57:00: Evaluating...
09/05/2026,02:57:00: 	Train Loss: 2742988.2500 (base: 228.0842, kd: 5485.5205), Elapsed: train 2.85 test 0.33
09/05/2026,02:57:00: 	Recall@10: 0.06757 Recall@20: 0.09404 NDCG@10: 0.04023 NDCG@20: 0.04758 
09/05/2026,02:57:00: 	Recall@10: 0.02631 Recall@20: 0.03982 NDCG@10: 0.01473 NDCG@20: 0.01846 
09/05/2026,02:57:00: Epoch [157/1000]
09/05/2026,02:57:00: Negative sampling...
09/05/2026,02:57:02: Model's personal time...
09/05/2026,02:57:02: Training...
09/05/2026,02:57:03: Evaluating...
09/05/2026,02:57:03: 	Train Loss: 2741953.0000 (base: 235.1619, kd: 5483.4351), Elapsed: train 2.90 test 0.38
09/05/2026,02:57:03: 	Recall@10: 0.06685 Recall@20: 0.09399 NDCG@10: 0.03989 NDCG@20: 0.04745 
09/05/2026,02:57:03: 	Recall@10: 0.02597 Recall@20: 0.03917 NDCG@10: 0.01452 NDCG@20: 0.01822 
09/05/2026,02:57:03: Epoch [158/1000]
09/05/2026,02:57:03: Negative sampling...
09/05/2026,02:57:05: Model's personal time...
09/05/2026,02:57:05: Training...
09/05/2026,02:57:06: Evaluating...
09/05/2026,02:57:07: 	Train Loss: 2744926.7500 (base: 233.0552, kd: 5489.3872), Elapsed: train 2.80 test 0.50
09/05/2026,02:57:07: 	Recall@10: 0.06719 Recall@20: 0.09418 NDCG@10: 0.03979 NDCG@20: 0.04730 
09/05/2026,02:57:07: 	Recall@10: 0.02600 Recall@20: 0.03947 NDCG@10: 0.01454 NDCG@20: 0.01831 
09/05/2026,02:57:07: Epoch [159/1000]
09/05/2026,02:57:07: Negative sampling...
09/05/2026,02:57:08: Model's personal time...
09/05/2026,02:57:08: Training...
09/05/2026,02:57:10: Evaluating...
09/05/2026,02:57:10: 	Train Loss: 2744929.5000 (base: 231.6487, kd: 5489.3960), Elapsed: train 3.10 test 0.40
09/05/2026,02:57:10: 	Recall@10: 0.06785 Recall@20: 0.09495 NDCG@10: 0.04018 NDCG@20: 0.04760 
09/05/2026,02:57:10: 	Recall@10: 0.02714 Recall@20: 0.04038 NDCG@10: 0.01496 NDCG@20: 0.01866 
09/05/2026,02:57:10: Epoch [160/1000]
09/05/2026,02:57:10: Negative sampling...
09/05/2026,02:57:12: Model's personal time...
09/05/2026,02:57:12: Training...
09/05/2026,02:57:13: Evaluating...
09/05/2026,02:57:13: 	Train Loss: 2743093.2500 (base: 228.3344, kd: 5485.7295), Elapsed: train 2.71 test 0.48
09/05/2026,02:57:13: 	Recall@10: 0.06711 Recall@20: 0.09456 NDCG@10: 0.04007 NDCG@20: 0.04769 
09/05/2026,02:57:13: 	Recall@10: 0.02616 Recall@20: 0.04008 NDCG@10: 0.01468 NDCG@20: 0.01858 
09/05/2026,02:57:13: Epoch [161/1000]
09/05/2026,02:57:13: Negative sampling...
09/05/2026,02:57:15: Model's personal time...
09/05/2026,02:57:15: Training...
09/05/2026,02:57:16: Evaluating...
09/05/2026,02:57:16: 	Train Loss: 2743684.2500 (base: 231.5825, kd: 5486.9048), Elapsed: train 2.63 test 0.57
09/05/2026,02:57:16: 	Recall@10: 0.06771 Recall@20: 0.09578 NDCG@10: 0.04022 NDCG@20: 0.04790 
09/05/2026,02:57:16: 	Recall@10: 0.02813 Recall@20: 0.03949 NDCG@10: 0.01527 NDCG@20: 0.01842 
09/05/2026,02:57:16: Epoch [162/1000]
09/05/2026,02:57:16: Negative sampling...
09/05/2026,02:57:18: Model's personal time...
09/05/2026,02:57:18: Training...
09/05/2026,02:57:19: Evaluating...
09/05/2026,02:57:20: 	Train Loss: 2746409.5000 (base: 228.3604, kd: 5492.3623), Elapsed: train 2.74 test 0.64
09/05/2026,02:57:20: 	Recall@10: 0.06700 Recall@20: 0.09442 NDCG@10: 0.04007 NDCG@20: 0.04766 
09/05/2026,02:57:20: 	Recall@10: 0.02692 Recall@20: 0.04107 NDCG@10: 0.01492 NDCG@20: 0.01882 
09/05/2026,02:57:20: Epoch [163/1000]
09/05/2026,02:57:20: Negative sampling...
09/05/2026,02:57:21: Model's personal time...
09/05/2026,02:57:21: Training...
09/05/2026,02:57:22: Evaluating...
09/05/2026,02:57:23: 	Train Loss: 2740179.2500 (base: 224.4577, kd: 5479.9102), Elapsed: train 2.69 test 0.44
09/05/2026,02:57:23: 	Recall@10: 0.06787 Recall@20: 0.09510 NDCG@10: 0.04042 NDCG@20: 0.04795 
09/05/2026,02:57:23: 	Recall@10: 0.02726 Recall@20: 0.03983 NDCG@10: 0.01489 NDCG@20: 0.01838 
09/05/2026,02:57:23: Epoch [164/1000]
09/05/2026,02:57:23: Negative sampling...
09/05/2026,02:57:24: Model's personal time...
09/05/2026,02:57:24: Training...
09/05/2026,02:57:26: Evaluating...
09/05/2026,02:57:26: 	Train Loss: 2742162.2500 (base: 227.7258, kd: 5483.8687), Elapsed: train 2.69 test 0.48
09/05/2026,02:57:26: 	Recall@10: 0.06797 Recall@20: 0.09450 NDCG@10: 0.04034 NDCG@20: 0.04772 
09/05/2026,02:57:26: 	Recall@10: 0.02713 Recall@20: 0.04016 NDCG@10: 0.01494 NDCG@20: 0.01854 
09/05/2026,02:57:26: Epoch [165/1000]
09/05/2026,02:57:26: Negative sampling...
09/05/2026,02:57:27: Model's personal time...
09/05/2026,02:57:27: Training...
09/05/2026,02:57:29: Evaluating...
09/05/2026,02:57:29: 	Train Loss: 2748256.5000 (base: 228.4108, kd: 5496.0566), Elapsed: train 2.87 test 0.35
09/05/2026,02:57:29: 	Recall@10: 0.06712 Recall@20: 0.09528 NDCG@10: 0.03997 NDCG@20: 0.04771 
09/05/2026,02:57:29: 	Recall@10: 0.02646 Recall@20: 0.04028 NDCG@10: 0.01471 NDCG@20: 0.01855 
09/05/2026,02:57:29: Epoch [166/1000]
09/05/2026,02:57:29: Negative sampling...
09/05/2026,02:57:31: Model's personal time...
09/05/2026,02:57:31: Training...
09/05/2026,02:57:32: Evaluating...
09/05/2026,02:57:33: 	Train Loss: 2744953.5000 (base: 227.0954, kd: 5489.4526), Elapsed: train 3.11 test 0.39
09/05/2026,02:57:33: 	Recall@10: 0.06727 Recall@20: 0.09567 NDCG@10: 0.03994 NDCG@20: 0.04779 
09/05/2026,02:57:33: 	Recall@10: 0.02622 Recall@20: 0.03963 NDCG@10: 0.01458 NDCG@20: 0.01832 
09/05/2026,02:57:33: Epoch [167/1000]
09/05/2026,02:57:33: Negative sampling...
09/05/2026,02:57:34: Model's personal time...
09/05/2026,02:57:34: Training...
09/05/2026,02:57:36: Evaluating...
09/05/2026,02:57:36: 	Train Loss: 2745344.2500 (base: 222.0062, kd: 5490.2446), Elapsed: train 2.76 test 0.39
09/05/2026,02:57:36: 	Recall@10: 0.06680 Recall@20: 0.09534 NDCG@10: 0.04001 NDCG@20: 0.04785 
09/05/2026,02:57:36: 	Recall@10: 0.02669 Recall@20: 0.03994 NDCG@10: 0.01483 NDCG@20: 0.01851 
09/05/2026,02:57:36: Epoch [168/1000]
09/05/2026,02:57:36: Negative sampling...
09/05/2026,02:57:37: Model's personal time...
09/05/2026,02:57:37: Training...
09/05/2026,02:57:39: Evaluating...
09/05/2026,02:57:39: 	Train Loss: 2744242.0000 (base: 227.9335, kd: 5488.0278), Elapsed: train 2.56 test 0.42
09/05/2026,02:57:39: 	Recall@10: 0.06728 Recall@20: 0.09610 NDCG@10: 0.03998 NDCG@20: 0.04791 
09/05/2026,02:57:39: 	Recall@10: 0.02624 Recall@20: 0.04010 NDCG@10: 0.01456 NDCG@20: 0.01841 
09/05/2026,02:57:39: Epoch [169/1000]
09/05/2026,02:57:39: Negative sampling...
09/05/2026,02:57:41: Model's personal time...
09/05/2026,02:57:41: Training...
09/05/2026,02:57:42: Evaluating...
09/05/2026,02:57:42: 	Train Loss: 2748024.5000 (base: 222.2838, kd: 5495.6045), Elapsed: train 2.76 test 0.46 *
09/05/2026,02:57:42: 	Recall@10: 0.06727 Recall@20: 0.09562 NDCG@10: 0.04016 NDCG@20: 0.04805 
09/05/2026,02:57:42: 	Recall@10: 0.02681 Recall@20: 0.03970 NDCG@10: 0.01491 NDCG@20: 0.01848 
09/05/2026,02:57:42: Epoch [170/1000]
09/05/2026,02:57:42: Negative sampling...
09/05/2026,02:57:44: Model's personal time...
09/05/2026,02:57:44: Training...
09/05/2026,02:57:45: Evaluating...
09/05/2026,02:57:46: 	Train Loss: 2748145.0000 (base: 227.6420, kd: 5495.8345), Elapsed: train 2.81 test 0.53 *
09/05/2026,02:57:46: 	Recall@10: 0.06742 Recall@20: 0.09544 NDCG@10: 0.04035 NDCG@20: 0.04809 
09/05/2026,02:57:46: 	Recall@10: 0.02687 Recall@20: 0.04035 NDCG@10: 0.01487 NDCG@20: 0.01863 
09/05/2026,02:57:46: Epoch [171/1000]
09/05/2026,02:57:46: Negative sampling...
09/05/2026,02:57:47: Model's personal time...
09/05/2026,02:57:47: Training...
09/05/2026,02:57:48: Evaluating...
09/05/2026,02:57:49: 	Train Loss: 2743361.2500 (base: 221.5922, kd: 5486.2793), Elapsed: train 2.68 test 0.57
09/05/2026,02:57:49: 	Recall@10: 0.06724 Recall@20: 0.09626 NDCG@10: 0.04002 NDCG@20: 0.04800 
09/05/2026,02:57:49: 	Recall@10: 0.02650 Recall@20: 0.04005 NDCG@10: 0.01487 NDCG@20: 0.01862 
09/05/2026,02:57:49: Epoch [172/1000]
09/05/2026,02:57:49: Negative sampling...
09/05/2026,02:57:51: Model's personal time...
09/05/2026,02:57:51: Training...
09/05/2026,02:57:52: Evaluating...
09/05/2026,02:57:53: 	Train Loss: 2746891.0000 (base: 217.9536, kd: 5493.3462), Elapsed: train 3.48 test 0.47 *
09/05/2026,02:57:53: 	Recall@10: 0.06663 Recall@20: 0.09678 NDCG@10: 0.03999 NDCG@20: 0.04829 
09/05/2026,02:57:53: 	Recall@10: 0.02728 Recall@20: 0.04130 NDCG@10: 0.01505 NDCG@20: 0.01889 
09/05/2026,02:57:53: Epoch [173/1000]
09/05/2026,02:57:53: Negative sampling...
09/05/2026,02:57:54: Model's personal time...
09/05/2026,02:57:54: Training...
09/05/2026,02:57:56: Evaluating...
09/05/2026,02:57:56: 	Train Loss: 2744789.2500 (base: 218.1877, kd: 5489.1416), Elapsed: train 3.05 test 0.57
09/05/2026,02:57:56: 	Recall@10: 0.06753 Recall@20: 0.09573 NDCG@10: 0.04008 NDCG@20: 0.04787 
09/05/2026,02:57:56: 	Recall@10: 0.02633 Recall@20: 0.04022 NDCG@10: 0.01469 NDCG@20: 0.01849 
09/05/2026,02:57:56: Epoch [174/1000]
09/05/2026,02:57:56: Negative sampling...
09/05/2026,02:57:58: Model's personal time...
09/05/2026,02:57:58: Training...
09/05/2026,02:58:00: Evaluating...
09/05/2026,02:58:00: 	Train Loss: 2745251.7500 (base: 220.8648, kd: 5490.0625), Elapsed: train 3.21 test 0.49
09/05/2026,02:58:00: 	Recall@10: 0.06909 Recall@20: 0.09639 NDCG@10: 0.04044 NDCG@20: 0.04798 
09/05/2026,02:58:00: 	Recall@10: 0.02690 Recall@20: 0.04073 NDCG@10: 0.01493 NDCG@20: 0.01869 
09/05/2026,02:58:00: Epoch [175/1000]
09/05/2026,02:58:00: Negative sampling...
09/05/2026,02:58:02: Model's personal time...
09/05/2026,02:58:02: Training...
09/05/2026,02:58:03: Evaluating...
09/05/2026,02:58:03: 	Train Loss: 2746221.7500 (base: 214.6573, kd: 5492.0146), Elapsed: train 2.85 test 0.38
09/05/2026,02:58:03: 	Recall@10: 0.06795 Recall@20: 0.09660 NDCG@10: 0.04032 NDCG@20: 0.04821 
09/05/2026,02:58:03: 	Recall@10: 0.02642 Recall@20: 0.04064 NDCG@10: 0.01458 NDCG@20: 0.01848 
09/05/2026,02:58:03: Epoch [176/1000]
09/05/2026,02:58:03: Negative sampling...
09/05/2026,02:58:05: Model's personal time...
09/05/2026,02:58:05: Training...
09/05/2026,02:58:06: Evaluating...
09/05/2026,02:58:07: 	Train Loss: 2744958.7500 (base: 215.6506, kd: 5489.4858), Elapsed: train 3.06 test 0.45 *
09/05/2026,02:58:07: 	Recall@10: 0.06813 Recall@20: 0.09602 NDCG@10: 0.04058 NDCG@20: 0.04831 
09/05/2026,02:58:07: 	Recall@10: 0.02708 Recall@20: 0.04069 NDCG@10: 0.01480 NDCG@20: 0.01853 
09/05/2026,02:58:07: Epoch [177/1000]
09/05/2026,02:58:07: Negative sampling...
09/05/2026,02:58:08: Model's personal time...
09/05/2026,02:58:08: Training...
09/05/2026,02:58:10: Evaluating...
09/05/2026,02:58:10: 	Train Loss: 2749109.2500 (base: 218.0212, kd: 5497.7822), Elapsed: train 2.86 test 0.34
09/05/2026,02:58:10: 	Recall@10: 0.06730 Recall@20: 0.09581 NDCG@10: 0.03992 NDCG@20: 0.04781 
09/05/2026,02:58:10: 	Recall@10: 0.02753 Recall@20: 0.04121 NDCG@10: 0.01508 NDCG@20: 0.01879 
09/05/2026,02:58:10: Epoch [178/1000]
09/05/2026,02:58:10: Negative sampling...
09/05/2026,02:58:12: Model's personal time...
09/05/2026,02:58:12: Training...
09/05/2026,02:58:13: Evaluating...
09/05/2026,02:58:13: 	Train Loss: 2743799.7500 (base: 222.6218, kd: 5487.1543), Elapsed: train 2.93 test 0.42
09/05/2026,02:58:13: 	Recall@10: 0.06723 Recall@20: 0.09639 NDCG@10: 0.03999 NDCG@20: 0.04800 
09/05/2026,02:58:13: 	Recall@10: 0.02624 Recall@20: 0.04177 NDCG@10: 0.01469 NDCG@20: 0.01894 
09/05/2026,02:58:13: Epoch [179/1000]
09/05/2026,02:58:13: Negative sampling...
09/05/2026,02:58:15: Model's personal time...
09/05/2026,02:58:15: Training...
09/05/2026,02:58:16: Evaluating...
09/05/2026,02:58:17: 	Train Loss: 2750328.7500 (base: 222.1889, kd: 5500.2129), Elapsed: train 2.76 test 0.42
09/05/2026,02:58:17: 	Recall@10: 0.06709 Recall@20: 0.09564 NDCG@10: 0.03982 NDCG@20: 0.04770 
09/05/2026,02:58:17: 	Recall@10: 0.02655 Recall@20: 0.04139 NDCG@10: 0.01487 NDCG@20: 0.01893 
09/05/2026,02:58:17: Epoch [180/1000]
09/05/2026,02:58:17: Negative sampling...
09/05/2026,02:58:18: Model's personal time...
09/05/2026,02:58:18: Training...
09/05/2026,02:58:19: Evaluating...
09/05/2026,02:58:20: 	Train Loss: 2747025.2500 (base: 216.1002, kd: 5493.6187), Elapsed: train 2.78 test 0.48
09/05/2026,02:58:20: 	Recall@10: 0.06739 Recall@20: 0.09588 NDCG@10: 0.04002 NDCG@20: 0.04790 
09/05/2026,02:58:20: 	Recall@10: 0.02607 Recall@20: 0.04090 NDCG@10: 0.01459 NDCG@20: 0.01866 
09/05/2026,02:58:20: Epoch [181/1000]
09/05/2026,02:58:20: Negative sampling...
09/05/2026,02:58:21: Model's personal time...
09/05/2026,02:58:21: Training...
09/05/2026,02:58:23: Evaluating...
09/05/2026,02:58:24: 	Train Loss: 2743909.5000 (base: 214.9267, kd: 5487.3892), Elapsed: train 3.30 test 0.44
09/05/2026,02:58:24: 	Recall@10: 0.06667 Recall@20: 0.09597 NDCG@10: 0.03965 NDCG@20: 0.04772 
09/05/2026,02:58:24: 	Recall@10: 0.02629 Recall@20: 0.04054 NDCG@10: 0.01467 NDCG@20: 0.01857 
09/05/2026,02:58:24: Epoch [182/1000]
09/05/2026,02:58:24: Negative sampling...
09/05/2026,02:58:25: Model's personal time...
09/05/2026,02:58:25: Training...
09/05/2026,02:58:26: Evaluating...
09/05/2026,02:58:27: 	Train Loss: 2746365.2500 (base: 217.8616, kd: 5492.2944), Elapsed: train 2.93 test 0.35
09/05/2026,02:58:27: 	Recall@10: 0.06731 Recall@20: 0.09548 NDCG@10: 0.04005 NDCG@20: 0.04787 
09/05/2026,02:58:27: 	Recall@10: 0.02663 Recall@20: 0.04087 NDCG@10: 0.01482 NDCG@20: 0.01872 
09/05/2026,02:58:27: Epoch [183/1000]
09/05/2026,02:58:27: Negative sampling...
09/05/2026,02:58:28: Model's personal time...
09/05/2026,02:58:28: Training...
09/05/2026,02:58:30: Evaluating...
09/05/2026,02:58:30: 	Train Loss: 2742891.7500 (base: 214.2889, kd: 5485.3550), Elapsed: train 2.77 test 0.45
09/05/2026,02:58:30: 	Recall@10: 0.06747 Recall@20: 0.09545 NDCG@10: 0.04015 NDCG@20: 0.04785 
09/05/2026,02:58:30: 	Recall@10: 0.02709 Recall@20: 0.04098 NDCG@10: 0.01499 NDCG@20: 0.01881 
09/05/2026,02:58:30: Epoch [184/1000]
09/05/2026,02:58:30: Negative sampling...
09/05/2026,02:58:31: Model's personal time...
09/05/2026,02:58:31: Training...
09/05/2026,02:58:33: Evaluating...
09/05/2026,02:58:34: 	Train Loss: 2745580.2500 (base: 214.7751, kd: 5490.7314), Elapsed: train 3.10 test 0.53
09/05/2026,02:58:34: 	Recall@10: 0.06764 Recall@20: 0.09573 NDCG@10: 0.04033 NDCG@20: 0.04804 
09/05/2026,02:58:34: 	Recall@10: 0.02737 Recall@20: 0.04077 NDCG@10: 0.01505 NDCG@20: 0.01872 
09/05/2026,02:58:34: Epoch [185/1000]
09/05/2026,02:58:34: Negative sampling...
09/05/2026,02:58:35: Model's personal time...
09/05/2026,02:58:35: Training...
09/05/2026,02:58:37: Evaluating...
09/05/2026,02:58:38: 	Train Loss: 2746296.0000 (base: 217.4010, kd: 5492.1567), Elapsed: train 3.09 test 1.00
09/05/2026,02:58:38: 	Recall@10: 0.06750 Recall@20: 0.09494 NDCG@10: 0.03999 NDCG@20: 0.04765 
09/05/2026,02:58:38: 	Recall@10: 0.02707 Recall@20: 0.04158 NDCG@10: 0.01499 NDCG@20: 0.01892 
09/05/2026,02:58:38: Epoch [186/1000]
09/05/2026,02:58:38: Negative sampling...
09/05/2026,02:58:39: Model's personal time...
09/05/2026,02:58:39: Training...
09/05/2026,02:58:41: Evaluating...
09/05/2026,02:58:41: 	Train Loss: 2745628.7500 (base: 213.7148, kd: 5490.8301), Elapsed: train 3.03 test 0.46
09/05/2026,02:58:41: 	Recall@10: 0.06850 Recall@20: 0.09550 NDCG@10: 0.04057 NDCG@20: 0.04802 
09/05/2026,02:58:41: 	Recall@10: 0.02683 Recall@20: 0.04091 NDCG@10: 0.01473 NDCG@20: 0.01859 
09/05/2026,02:58:41: Epoch [187/1000]
09/05/2026,02:58:41: Negative sampling...
09/05/2026,02:58:43: Model's personal time...
09/05/2026,02:58:43: Training...
09/05/2026,02:58:44: Evaluating...
09/05/2026,02:58:45: 	Train Loss: 2745730.2500 (base: 216.0789, kd: 5491.0278), Elapsed: train 3.08 test 0.38
09/05/2026,02:58:45: 	Recall@10: 0.06777 Recall@20: 0.09516 NDCG@10: 0.04013 NDCG@20: 0.04776 
09/05/2026,02:58:45: 	Recall@10: 0.02687 Recall@20: 0.04186 NDCG@10: 0.01478 NDCG@20: 0.01887 
09/05/2026,02:58:45: Epoch [188/1000]
09/05/2026,02:58:45: Negative sampling...
09/05/2026,02:58:46: Model's personal time...
09/05/2026,02:58:46: Training...
09/05/2026,02:58:48: Evaluating...
09/05/2026,02:58:48: 	Train Loss: 2745273.0000 (base: 214.2767, kd: 5490.1187), Elapsed: train 3.21 test 0.48
09/05/2026,02:58:48: 	Recall@10: 0.06700 Recall@20: 0.09611 NDCG@10: 0.04005 NDCG@20: 0.04805 
09/05/2026,02:58:48: 	Recall@10: 0.02666 Recall@20: 0.04183 NDCG@10: 0.01489 NDCG@20: 0.01902 
09/05/2026,02:58:48: Epoch [189/1000]
09/05/2026,02:58:48: Negative sampling...
09/05/2026,02:58:50: Model's personal time...
09/05/2026,02:58:50: Training...
09/05/2026,02:58:51: Evaluating...
09/05/2026,02:58:52: 	Train Loss: 2743669.5000 (base: 214.5425, kd: 5486.9102), Elapsed: train 2.85 test 0.40 *
09/05/2026,02:58:52: 	Recall@10: 0.06815 Recall@20: 0.09633 NDCG@10: 0.04048 NDCG@20: 0.04833 
09/05/2026,02:58:52: 	Recall@10: 0.02658 Recall@20: 0.04116 NDCG@10: 0.01478 NDCG@20: 0.01877 
09/05/2026,02:58:52: Epoch [190/1000]
09/05/2026,02:58:52: Negative sampling...
09/05/2026,02:58:53: Model's personal time...
09/05/2026,02:58:53: Training...
09/05/2026,02:58:55: Evaluating...
09/05/2026,02:58:55: 	Train Loss: 2744591.5000 (base: 210.6312, kd: 5488.7612), Elapsed: train 3.19 test 0.44
09/05/2026,02:58:55: 	Recall@10: 0.06788 Recall@20: 0.09609 NDCG@10: 0.04022 NDCG@20: 0.04805 
09/05/2026,02:58:55: 	Recall@10: 0.02692 Recall@20: 0.04200 NDCG@10: 0.01487 NDCG@20: 0.01901 
09/05/2026,02:58:55: Epoch [191/1000]
09/05/2026,02:58:55: Negative sampling...
09/05/2026,02:58:57: Model's personal time...
09/05/2026,02:58:57: Training...
09/05/2026,02:58:58: Evaluating...
09/05/2026,02:58:59: 	Train Loss: 2743617.0000 (base: 213.2058, kd: 5486.8071), Elapsed: train 2.91 test 0.52
09/05/2026,02:58:59: 	Recall@10: 0.06654 Recall@20: 0.09547 NDCG@10: 0.03977 NDCG@20: 0.04774 
09/05/2026,02:58:59: 	Recall@10: 0.02635 Recall@20: 0.04169 NDCG@10: 0.01471 NDCG@20: 0.01893 
09/05/2026,02:58:59: Epoch [192/1000]
09/05/2026,02:58:59: Negative sampling...
09/05/2026,02:59:00: Model's personal time...
09/05/2026,02:59:00: Training...
09/05/2026,02:59:02: Evaluating...
09/05/2026,02:59:02: 	Train Loss: 2744656.2500 (base: 211.3219, kd: 5488.8896), Elapsed: train 2.89 test 0.51
09/05/2026,02:59:02: 	Recall@10: 0.06710 Recall@20: 0.09573 NDCG@10: 0.04019 NDCG@20: 0.04804 
09/05/2026,02:59:02: 	Recall@10: 0.02714 Recall@20: 0.04207 NDCG@10: 0.01503 NDCG@20: 0.01913 
09/05/2026,02:59:02: Epoch [193/1000]
09/05/2026,02:59:02: Negative sampling...
09/05/2026,02:59:04: Model's personal time...
09/05/2026,02:59:04: Training...
09/05/2026,02:59:05: Evaluating...
09/05/2026,02:59:05: 	Train Loss: 2745886.0000 (base: 208.7299, kd: 5491.3545), Elapsed: train 2.82 test 0.40
09/05/2026,02:59:05: 	Recall@10: 0.06726 Recall@20: 0.09596 NDCG@10: 0.03980 NDCG@20: 0.04775 
09/05/2026,02:59:05: 	Recall@10: 0.02693 Recall@20: 0.04128 NDCG@10: 0.01505 NDCG@20: 0.01904 
09/05/2026,02:59:05: Epoch [194/1000]
09/05/2026,02:59:05: Negative sampling...
09/05/2026,02:59:07: Model's personal time...
09/05/2026,02:59:07: Training...
09/05/2026,02:59:08: Evaluating...
09/05/2026,02:59:09: 	Train Loss: 2748554.0000 (base: 209.2874, kd: 5496.6899), Elapsed: train 3.02 test 0.42
09/05/2026,02:59:09: 	Recall@10: 0.06698 Recall@20: 0.09538 NDCG@10: 0.03998 NDCG@20: 0.04787 
09/05/2026,02:59:09: 	Recall@10: 0.02737 Recall@20: 0.04111 NDCG@10: 0.01502 NDCG@20: 0.01883 
09/05/2026,02:59:09: Epoch [195/1000]
09/05/2026,02:59:09: Negative sampling...
09/05/2026,02:59:11: Model's personal time...
09/05/2026,02:59:11: Training...
09/05/2026,02:59:12: Evaluating...
09/05/2026,02:59:12: 	Train Loss: 2742396.7500 (base: 205.2368, kd: 5484.3833), Elapsed: train 3.18 test 0.50
09/05/2026,02:59:12: 	Recall@10: 0.06712 Recall@20: 0.09563 NDCG@10: 0.03993 NDCG@20: 0.04786 
09/05/2026,02:59:12: 	Recall@10: 0.02783 Recall@20: 0.04275 NDCG@10: 0.01518 NDCG@20: 0.01922 
09/05/2026,02:59:12: Epoch [196/1000]
09/05/2026,02:59:12: Negative sampling...
09/05/2026,02:59:14: Model's personal time...
09/05/2026,02:59:14: Training...
09/05/2026,02:59:16: Evaluating...
09/05/2026,02:59:16: 	Train Loss: 2749202.2500 (base: 211.0992, kd: 5497.9829), Elapsed: train 3.10 test 0.63
09/05/2026,02:59:16: 	Recall@10: 0.06917 Recall@20: 0.09446 NDCG@10: 0.04093 NDCG@20: 0.04806 
09/05/2026,02:59:16: 	Recall@10: 0.02714 Recall@20: 0.04229 NDCG@10: 0.01513 NDCG@20: 0.01923 
09/05/2026,02:59:16: Epoch [197/1000]
09/05/2026,02:59:16: Negative sampling...
09/05/2026,02:59:18: Model's personal time...
09/05/2026,02:59:18: Training...
09/05/2026,02:59:19: Evaluating...
09/05/2026,02:59:19: 	Train Loss: 2743004.7500 (base: 212.0689, kd: 5485.5854), Elapsed: train 2.75 test 0.37
09/05/2026,02:59:19: 	Recall@10: 0.06784 Recall@20: 0.09386 NDCG@10: 0.03996 NDCG@20: 0.04728 
09/05/2026,02:59:19: 	Recall@10: 0.02645 Recall@20: 0.04134 NDCG@10: 0.01485 NDCG@20: 0.01890 
09/05/2026,02:59:19: Epoch [198/1000]
09/05/2026,02:59:19: Negative sampling...
09/05/2026,02:59:21: Model's personal time...
09/05/2026,02:59:21: Training...
09/05/2026,02:59:22: Evaluating...
09/05/2026,02:59:23: 	Train Loss: 2745225.0000 (base: 208.2570, kd: 5490.0342), Elapsed: train 3.17 test 0.51
09/05/2026,02:59:23: 	Recall@10: 0.06825 Recall@20: 0.09586 NDCG@10: 0.04048 NDCG@20: 0.04820 
09/05/2026,02:59:23: 	Recall@10: 0.02741 Recall@20: 0.04152 NDCG@10: 0.01515 NDCG@20: 0.01898 
09/05/2026,02:59:23: Epoch [199/1000]
09/05/2026,02:59:23: Negative sampling...
09/05/2026,02:59:25: Model's personal time...
09/05/2026,02:59:25: Training...
09/05/2026,02:59:26: Evaluating...
09/05/2026,02:59:27: 	Train Loss: 2743468.2500 (base: 207.8672, kd: 5486.5210), Elapsed: train 3.34 test 0.54
09/05/2026,02:59:27: 	Recall@10: 0.06717 Recall@20: 0.09455 NDCG@10: 0.03984 NDCG@20: 0.04748 
09/05/2026,02:59:27: 	Recall@10: 0.02718 Recall@20: 0.04108 NDCG@10: 0.01511 NDCG@20: 0.01892 
09/05/2026,02:59:27: Epoch [200/1000]
09/05/2026,02:59:27: Negative sampling...
09/05/2026,02:59:28: Model's personal time...
09/05/2026,02:59:28: Training...
09/05/2026,02:59:30: Evaluating...
09/05/2026,02:59:31: 	Train Loss: 2746510.2500 (base: 211.9220, kd: 5492.5967), Elapsed: train 3.11 test 0.59
09/05/2026,02:59:31: 	Recall@10: 0.06807 Recall@20: 0.09476 NDCG@10: 0.04017 NDCG@20: 0.04764 
09/05/2026,02:59:31: 	Recall@10: 0.02664 Recall@20: 0.04110 NDCG@10: 0.01490 NDCG@20: 0.01891 
09/05/2026,02:59:31: Epoch [201/1000]
09/05/2026,02:59:31: Negative sampling...
09/05/2026,02:59:32: Model's personal time...
09/05/2026,02:59:32: Training...
09/05/2026,02:59:34: Evaluating...
09/05/2026,02:59:34: 	Train Loss: 2743746.0000 (base: 213.0160, kd: 5487.0654), Elapsed: train 3.02 test 0.48
09/05/2026,02:59:34: 	Recall@10: 0.06818 Recall@20: 0.09526 NDCG@10: 0.04042 NDCG@20: 0.04788 
09/05/2026,02:59:34: 	Recall@10: 0.02665 Recall@20: 0.04159 NDCG@10: 0.01496 NDCG@20: 0.01903 
09/05/2026,02:59:34: Epoch [202/1000]
09/05/2026,02:59:34: Negative sampling...
09/05/2026,02:59:36: Model's personal time...
09/05/2026,02:59:36: Training...
09/05/2026,02:59:37: Evaluating...
09/05/2026,02:59:38: 	Train Loss: 2744649.0000 (base: 212.6010, kd: 5488.8726), Elapsed: train 3.15 test 0.40 *
09/05/2026,02:59:38: 	Recall@10: 0.06849 Recall@20: 0.09649 NDCG@10: 0.04063 NDCG@20: 0.04835 
09/05/2026,02:59:38: 	Recall@10: 0.02755 Recall@20: 0.04158 NDCG@10: 0.01506 NDCG@20: 0.01887 
09/05/2026,02:59:38: Epoch [203/1000]
09/05/2026,02:59:38: Negative sampling...
09/05/2026,02:59:39: Model's personal time...
09/05/2026,02:59:39: Training...
09/05/2026,02:59:41: Evaluating...
09/05/2026,02:59:41: 	Train Loss: 2744391.7500 (base: 206.8504, kd: 5488.3706), Elapsed: train 3.22 test 0.50
09/05/2026,02:59:41: 	Recall@10: 0.06823 Recall@20: 0.09594 NDCG@10: 0.04025 NDCG@20: 0.04791 
09/05/2026,02:59:41: 	Recall@10: 0.02709 Recall@20: 0.04185 NDCG@10: 0.01508 NDCG@20: 0.01907 
09/05/2026,02:59:41: Epoch [204/1000]
09/05/2026,02:59:41: Negative sampling...
09/05/2026,02:59:43: Model's personal time...
09/05/2026,02:59:43: Training...
09/05/2026,02:59:45: Evaluating...
09/05/2026,02:59:46: 	Train Loss: 2748704.5000 (base: 202.8600, kd: 5497.0039), Elapsed: train 3.29 test 0.88
09/05/2026,02:59:46: 	Recall@10: 0.06787 Recall@20: 0.09586 NDCG@10: 0.04045 NDCG@20: 0.04826 
09/05/2026,02:59:46: 	Recall@10: 0.02692 Recall@20: 0.04173 NDCG@10: 0.01498 NDCG@20: 0.01902 
09/05/2026,02:59:46: Epoch [205/1000]
09/05/2026,02:59:46: Negative sampling...
09/05/2026,02:59:47: Model's personal time...
09/05/2026,02:59:47: Training...
09/05/2026,02:59:48: Evaluating...
09/05/2026,02:59:49: 	Train Loss: 2746292.2500 (base: 209.0212, kd: 5492.1655), Elapsed: train 2.74 test 0.70
09/05/2026,02:59:49: 	Recall@10: 0.06797 Recall@20: 0.09620 NDCG@10: 0.04026 NDCG@20: 0.04813 
09/05/2026,02:59:49: 	Recall@10: 0.02619 Recall@20: 0.04130 NDCG@10: 0.01476 NDCG@20: 0.01892 
09/05/2026,02:59:49: Epoch [206/1000]
09/05/2026,02:59:49: Negative sampling...
09/05/2026,02:59:50: Model's personal time...
09/05/2026,02:59:50: Training...
09/05/2026,02:59:52: Evaluating...
09/05/2026,02:59:52: 	Train Loss: 2747375.5000 (base: 202.9753, kd: 5494.3457), Elapsed: train 2.60 test 0.75
09/05/2026,02:59:52: 	Recall@10: 0.06806 Recall@20: 0.09444 NDCG@10: 0.04066 NDCG@20: 0.04806 
09/05/2026,02:59:52: 	Recall@10: 0.02702 Recall@20: 0.04266 NDCG@10: 0.01490 NDCG@20: 0.01914 
09/05/2026,02:59:52: Epoch [207/1000]
09/05/2026,02:59:52: Negative sampling...
09/05/2026,02:59:54: Model's personal time...
09/05/2026,02:59:54: Training...
09/05/2026,02:59:55: Evaluating...
09/05/2026,02:59:55: 	Train Loss: 2743791.5000 (base: 202.5449, kd: 5487.1777), Elapsed: train 2.65 test 0.51
09/05/2026,02:59:55: 	Recall@10: 0.06788 Recall@20: 0.09576 NDCG@10: 0.04028 NDCG@20: 0.04805 
09/05/2026,02:59:55: 	Recall@10: 0.02665 Recall@20: 0.04286 NDCG@10: 0.01479 NDCG@20: 0.01915 
09/05/2026,02:59:55: Epoch [208/1000]
09/05/2026,02:59:55: Negative sampling...
09/05/2026,02:59:57: Model's personal time...
09/05/2026,02:59:57: Training...
09/05/2026,02:59:58: Evaluating...
09/05/2026,02:59:59: 	Train Loss: 2748377.5000 (base: 208.1299, kd: 5496.3394), Elapsed: train 2.99 test 0.68
09/05/2026,02:59:59: 	Recall@10: 0.06772 Recall@20: 0.09587 NDCG@10: 0.04014 NDCG@20: 0.04802 
09/05/2026,02:59:59: 	Recall@10: 0.02658 Recall@20: 0.04176 NDCG@10: 0.01483 NDCG@20: 0.01896 
09/05/2026,02:59:59: Epoch [209/1000]
09/05/2026,02:59:59: Negative sampling...
09/05/2026,03:00:01: Model's personal time...
09/05/2026,03:00:01: Training...
09/05/2026,03:00:02: Evaluating...
09/05/2026,03:00:03: 	Train Loss: 2746145.2500 (base: 210.7261, kd: 5491.8691), Elapsed: train 3.05 test 0.58
09/05/2026,03:00:03: 	Recall@10: 0.06725 Recall@20: 0.09621 NDCG@10: 0.03999 NDCG@20: 0.04809 
09/05/2026,03:00:03: 	Recall@10: 0.02691 Recall@20: 0.04283 NDCG@10: 0.01496 NDCG@20: 0.01932 
09/05/2026,03:00:03: Epoch [210/1000]
09/05/2026,03:00:03: Negative sampling...
09/05/2026,03:00:05: Model's personal time...
09/05/2026,03:00:05: Training...
09/05/2026,03:00:06: Evaluating...
09/05/2026,03:00:07: 	Train Loss: 2744214.7500 (base: 212.6642, kd: 5488.0049), Elapsed: train 3.30 test 0.70
09/05/2026,03:00:07: 	Recall@10: 0.06784 Recall@20: 0.09487 NDCG@10: 0.04006 NDCG@20: 0.04762 
09/05/2026,03:00:07: 	Recall@10: 0.02642 Recall@20: 0.04317 NDCG@10: 0.01485 NDCG@20: 0.01936 
09/05/2026,03:00:07: Epoch [211/1000]
09/05/2026,03:00:07: Negative sampling...
09/05/2026,03:00:09: Model's personal time...
09/05/2026,03:00:09: Training...
09/05/2026,03:00:10: Evaluating...
09/05/2026,03:00:10: 	Train Loss: 2745450.0000 (base: 207.2067, kd: 5490.4858), Elapsed: train 3.18 test 0.52
09/05/2026,03:00:10: 	Recall@10: 0.06731 Recall@20: 0.09575 NDCG@10: 0.04010 NDCG@20: 0.04804 
09/05/2026,03:00:10: 	Recall@10: 0.02674 Recall@20: 0.04290 NDCG@10: 0.01486 NDCG@20: 0.01924 
09/05/2026,03:00:10: Epoch [212/1000]
09/05/2026,03:00:10: Negative sampling...
09/05/2026,03:00:12: Model's personal time...
09/05/2026,03:00:12: Training...
09/05/2026,03:00:13: Evaluating...
09/05/2026,03:00:14: 	Train Loss: 2745790.7500 (base: 207.6279, kd: 5491.1655), Elapsed: train 2.89 test 0.48
09/05/2026,03:00:14: 	Recall@10: 0.06695 Recall@20: 0.09632 NDCG@10: 0.04004 NDCG@20: 0.04821 
09/05/2026,03:00:14: 	Recall@10: 0.02777 Recall@20: 0.04262 NDCG@10: 0.01533 NDCG@20: 0.01935 
09/05/2026,03:00:14: Epoch [213/1000]
09/05/2026,03:00:14: Negative sampling...
09/05/2026,03:00:15: Model's personal time...
09/05/2026,03:00:16: Training...
09/05/2026,03:00:17: Evaluating...
09/05/2026,03:00:17: 	Train Loss: 2747080.7500 (base: 214.3587, kd: 5493.7329), Elapsed: train 2.97 test 0.57
09/05/2026,03:00:17: 	Recall@10: 0.06859 Recall@20: 0.09626 NDCG@10: 0.04025 NDCG@20: 0.04799 
09/05/2026,03:00:17: 	Recall@10: 0.02720 Recall@20: 0.04300 NDCG@10: 0.01505 NDCG@20: 0.01935 
09/05/2026,03:00:17: Epoch [214/1000]
09/05/2026,03:00:17: Negative sampling...
09/05/2026,03:00:19: Model's personal time...
09/05/2026,03:00:19: Training...
09/05/2026,03:00:20: Evaluating...
09/05/2026,03:00:21: 	Train Loss: 2746164.7500 (base: 207.8470, kd: 5491.9131), Elapsed: train 2.90 test 0.69
09/05/2026,03:00:21: 	Recall@10: 0.06739 Recall@20: 0.09607 NDCG@10: 0.04007 NDCG@20: 0.04815 
09/05/2026,03:00:21: 	Recall@10: 0.02773 Recall@20: 0.04345 NDCG@10: 0.01517 NDCG@20: 0.01944 
09/05/2026,03:00:21: Epoch [215/1000]
09/05/2026,03:00:21: Negative sampling...
09/05/2026,03:00:22: Model's personal time...
09/05/2026,03:00:22: Training...
09/05/2026,03:00:24: Evaluating...
09/05/2026,03:00:24: 	Train Loss: 2743366.7500 (base: 211.3416, kd: 5486.3105), Elapsed: train 2.61 test 0.52
09/05/2026,03:00:24: 	Recall@10: 0.06786 Recall@20: 0.09514 NDCG@10: 0.04012 NDCG@20: 0.04781 
09/05/2026,03:00:24: 	Recall@10: 0.02677 Recall@20: 0.04180 NDCG@10: 0.01495 NDCG@20: 0.01910 
09/05/2026,03:00:24: Epoch [216/1000]
09/05/2026,03:00:24: Negative sampling...
09/05/2026,03:00:26: Model's personal time...
09/05/2026,03:00:26: Training...
09/05/2026,03:00:27: Evaluating...
09/05/2026,03:00:27: 	Train Loss: 2745477.2500 (base: 205.2050, kd: 5490.5444), Elapsed: train 2.73 test 0.64
09/05/2026,03:00:27: 	Recall@10: 0.06727 Recall@20: 0.09524 NDCG@10: 0.03993 NDCG@20: 0.04776 
09/05/2026,03:00:27: 	Recall@10: 0.02683 Recall@20: 0.04203 NDCG@10: 0.01483 NDCG@20: 0.01895 
09/05/2026,03:00:27: Epoch [217/1000]
09/05/2026,03:00:27: Negative sampling...
09/05/2026,03:00:29: Model's personal time...
09/05/2026,03:00:29: Training...
09/05/2026,03:00:30: Evaluating...
09/05/2026,03:00:30: 	Train Loss: 2745143.2500 (base: 200.5839, kd: 5489.8853), Elapsed: train 2.50 test 0.49
09/05/2026,03:00:30: 	Recall@10: 0.06756 Recall@20: 0.09590 NDCG@10: 0.03984 NDCG@20: 0.04774 
09/05/2026,03:00:30: 	Recall@10: 0.02741 Recall@20: 0.04268 NDCG@10: 0.01534 NDCG@20: 0.01950 
09/05/2026,03:00:30: Epoch [218/1000]
09/05/2026,03:00:30: Negative sampling...
09/05/2026,03:00:32: Model's personal time...
09/05/2026,03:00:32: Training...
09/05/2026,03:00:33: Evaluating...
09/05/2026,03:00:34: 	Train Loss: 2748442.0000 (base: 203.0483, kd: 5496.4780), Elapsed: train 2.75 test 0.46
09/05/2026,03:00:34: 	Recall@10: 0.06768 Recall@20: 0.09624 NDCG@10: 0.04000 NDCG@20: 0.04794 
09/05/2026,03:00:34: 	Recall@10: 0.02796 Recall@20: 0.04276 NDCG@10: 0.01538 NDCG@20: 0.01941 
09/05/2026,03:00:34: Epoch [219/1000]
09/05/2026,03:00:34: Negative sampling...
09/05/2026,03:00:35: Model's personal time...
09/05/2026,03:00:35: Training...
09/05/2026,03:00:36: Evaluating...
09/05/2026,03:00:37: 	Train Loss: 2744847.5000 (base: 205.9633, kd: 5489.2842), Elapsed: train 2.76 test 0.39
09/05/2026,03:00:37: 	Recall@10: 0.06708 Recall@20: 0.09575 NDCG@10: 0.03990 NDCG@20: 0.04786 
09/05/2026,03:00:37: 	Recall@10: 0.02772 Recall@20: 0.04127 NDCG@10: 0.01540 NDCG@20: 0.01915 
09/05/2026,03:00:37: Epoch [220/1000]
09/05/2026,03:00:37: Negative sampling...
09/05/2026,03:00:38: Model's personal time...
09/05/2026,03:00:38: Training...
09/05/2026,03:00:40: Evaluating...
09/05/2026,03:00:40: 	Train Loss: 2750348.2500 (base: 206.0974, kd: 5500.2842), Elapsed: train 2.89 test 0.39
09/05/2026,03:00:40: 	Recall@10: 0.06754 Recall@20: 0.09650 NDCG@10: 0.04003 NDCG@20: 0.04808 
09/05/2026,03:00:40: 	Recall@10: 0.02824 Recall@20: 0.04257 NDCG@10: 0.01554 NDCG@20: 0.01943 
09/05/2026,03:00:40: Epoch [221/1000]
09/05/2026,03:00:40: Negative sampling...
09/05/2026,03:00:42: Model's personal time...
09/05/2026,03:00:42: Training...
09/05/2026,03:00:43: Evaluating...
09/05/2026,03:00:44: 	Train Loss: 2744475.2500 (base: 201.4866, kd: 5488.5483), Elapsed: train 3.04 test 0.68
09/05/2026,03:00:44: 	Recall@10: 0.06779 Recall@20: 0.09549 NDCG@10: 0.04010 NDCG@20: 0.04788 
09/05/2026,03:00:44: 	Recall@10: 0.02850 Recall@20: 0.04230 NDCG@10: 0.01548 NDCG@20: 0.01921 
09/05/2026,03:00:44: Epoch [222/1000]
09/05/2026,03:00:44: Negative sampling...
09/05/2026,03:00:45: Model's personal time...
09/05/2026,03:00:45: Training...
09/05/2026,03:00:47: Evaluating...
09/05/2026,03:00:47: 	Train Loss: 2743554.5000 (base: 204.1431, kd: 5486.7017), Elapsed: train 3.02 test 0.53
09/05/2026,03:00:47: 	Recall@10: 0.06723 Recall@20: 0.09580 NDCG@10: 0.03983 NDCG@20: 0.04778 
09/05/2026,03:00:47: 	Recall@10: 0.02826 Recall@20: 0.04262 NDCG@10: 0.01545 NDCG@20: 0.01934 
09/05/2026,03:00:47: Epoch [223/1000]
09/05/2026,03:00:47: Negative sampling...
09/05/2026,03:00:49: Model's personal time...
09/05/2026,03:00:49: Training...
09/05/2026,03:00:50: Evaluating...
09/05/2026,03:00:51: 	Train Loss: 2747363.7500 (base: 198.0244, kd: 5494.3315), Elapsed: train 2.88 test 0.35
09/05/2026,03:00:51: 	Recall@10: 0.06762 Recall@20: 0.09603 NDCG@10: 0.04013 NDCG@20: 0.04806 
09/05/2026,03:00:51: 	Recall@10: 0.02755 Recall@20: 0.04278 NDCG@10: 0.01506 NDCG@20: 0.01920 
09/05/2026,03:00:51: Epoch [224/1000]
09/05/2026,03:00:51: Negative sampling...
09/05/2026,03:00:52: Model's personal time...
09/05/2026,03:00:52: Training...
09/05/2026,03:00:53: Evaluating...
09/05/2026,03:00:54: 	Train Loss: 2747943.2500 (base: 202.4534, kd: 5495.4810), Elapsed: train 2.87 test 0.46
09/05/2026,03:00:54: 	Recall@10: 0.06746 Recall@20: 0.09530 NDCG@10: 0.04005 NDCG@20: 0.04777 
09/05/2026,03:00:54: 	Recall@10: 0.02777 Recall@20: 0.04305 NDCG@10: 0.01525 NDCG@20: 0.01940 
09/05/2026,03:00:54: Epoch [225/1000]
09/05/2026,03:00:54: Negative sampling...
09/05/2026,03:00:55: Model's personal time...
09/05/2026,03:00:55: Training...
09/05/2026,03:00:57: Evaluating...
09/05/2026,03:00:57: 	Train Loss: 2742104.7500 (base: 202.5768, kd: 5483.8047), Elapsed: train 2.70 test 0.52
09/05/2026,03:00:57: 	Recall@10: 0.06705 Recall@20: 0.09575 NDCG@10: 0.03992 NDCG@20: 0.04793 
09/05/2026,03:00:57: 	Recall@10: 0.02731 Recall@20: 0.04145 NDCG@10: 0.01501 NDCG@20: 0.01890 
09/05/2026,03:00:57: Epoch [226/1000]
09/05/2026,03:00:57: Negative sampling...
09/05/2026,03:00:59: Model's personal time...
09/05/2026,03:00:59: Training...
09/05/2026,03:01:00: Evaluating...
09/05/2026,03:01:00: 	Train Loss: 2746593.2500 (base: 202.8321, kd: 5492.7812), Elapsed: train 2.86 test 0.41
09/05/2026,03:01:00: 	Recall@10: 0.06853 Recall@20: 0.09612 NDCG@10: 0.04037 NDCG@20: 0.04813 
09/05/2026,03:01:00: 	Recall@10: 0.02835 Recall@20: 0.04237 NDCG@10: 0.01546 NDCG@20: 0.01929 
09/05/2026,03:01:00: Epoch [227/1000]
09/05/2026,03:01:00: Negative sampling...
09/05/2026,03:01:02: Model's personal time...
09/05/2026,03:01:02: Training...
09/05/2026,03:01:04: Evaluating...
09/05/2026,03:01:04: 	Train Loss: 2749799.5000 (base: 199.0978, kd: 5499.2007), Elapsed: train 3.06 test 0.47
09/05/2026,03:01:04: 	Recall@10: 0.06803 Recall@20: 0.09496 NDCG@10: 0.03996 NDCG@20: 0.04748 
09/05/2026,03:01:04: 	Recall@10: 0.02674 Recall@20: 0.04189 NDCG@10: 0.01506 NDCG@20: 0.01924 
09/05/2026,03:01:04: Epoch [228/1000]
09/05/2026,03:01:04: Negative sampling...
09/05/2026,03:01:05: Model's personal time...
09/05/2026,03:01:05: Training...
09/05/2026,03:01:07: Evaluating...
09/05/2026,03:01:07: 	Train Loss: 2746081.2500 (base: 201.2632, kd: 5491.7603), Elapsed: train 2.86 test 0.53
09/05/2026,03:01:07: 	Recall@10: 0.06803 Recall@20: 0.09523 NDCG@10: 0.04017 NDCG@20: 0.04778 
09/05/2026,03:01:07: 	Recall@10: 0.02769 Recall@20: 0.04276 NDCG@10: 0.01533 NDCG@20: 0.01945 
09/05/2026,03:01:07: Epoch [229/1000]
09/05/2026,03:01:07: Negative sampling...
09/05/2026,03:01:09: Model's personal time...
09/05/2026,03:01:09: Training...
09/05/2026,03:01:10: Evaluating...
09/05/2026,03:01:11: 	Train Loss: 2745107.5000 (base: 202.0192, kd: 5489.8115), Elapsed: train 2.74 test 0.45
09/05/2026,03:01:11: 	Recall@10: 0.06763 Recall@20: 0.09552 NDCG@10: 0.04019 NDCG@20: 0.04792 
09/05/2026,03:01:11: 	Recall@10: 0.02744 Recall@20: 0.04246 NDCG@10: 0.01527 NDCG@20: 0.01937 
09/05/2026,03:01:11: Epoch [230/1000]
09/05/2026,03:01:11: Negative sampling...
09/05/2026,03:01:12: Model's personal time...
09/05/2026,03:01:12: Training...
09/05/2026,03:01:13: Evaluating...
09/05/2026,03:01:14: 	Train Loss: 2744873.7500 (base: 201.7265, kd: 5489.3442), Elapsed: train 2.83 test 0.52
09/05/2026,03:01:14: 	Recall@10: 0.06773 Recall@20: 0.09528 NDCG@10: 0.04014 NDCG@20: 0.04785 
09/05/2026,03:01:14: 	Recall@10: 0.02773 Recall@20: 0.04212 NDCG@10: 0.01543 NDCG@20: 0.01935 
09/05/2026,03:01:14: Epoch [231/1000]
09/05/2026,03:01:14: Negative sampling...
09/05/2026,03:01:15: Model's personal time...
09/05/2026,03:01:15: Training...
09/05/2026,03:01:17: Evaluating...
09/05/2026,03:01:17: 	Train Loss: 2744792.5000 (base: 204.0322, kd: 5489.1768), Elapsed: train 2.89 test 0.46
09/05/2026,03:01:17: 	Recall@10: 0.06703 Recall@20: 0.09495 NDCG@10: 0.03977 NDCG@20: 0.04766 
09/05/2026,03:01:17: 	Recall@10: 0.02762 Recall@20: 0.04151 NDCG@10: 0.01518 NDCG@20: 0.01902 
09/05/2026,03:01:17: Epoch [232/1000]
09/05/2026,03:01:17: Negative sampling...
09/05/2026,03:01:19: Model's personal time...
09/05/2026,03:01:19: Training...
09/05/2026,03:01:20: Evaluating...
09/05/2026,03:01:21: 	Train Loss: 2745839.5000 (base: 198.4365, kd: 5491.2822), Elapsed: train 2.82 test 0.41
09/05/2026,03:01:21: 	Recall@10: 0.06723 Recall@20: 0.09485 NDCG@10: 0.03991 NDCG@20: 0.04764 
09/05/2026,03:01:21: 	Recall@10: 0.02784 Recall@20: 0.04173 NDCG@10: 0.01547 NDCG@20: 0.01925 
09/05/2026,03:01:21: ------------------------------
09/05/2026,03:01:21: valid Recall@10: 0.06849 Recall@20: 0.09649 NDCG@10: 0.04063 NDCG@20: 0.04835
09/05/2026,03:01:21: test Recall@10: 0.02755 Recall@20: 0.04158 NDCG@10: 0.01506 NDCG@20: 0.01887
