----------------------------------------TEACHER----------------------------------------
init_std                                 0.1
keep_prob                                0.6
A_split                                  False
dropout                                  False
embedding_dim                            2000
num_layers                               3
----------------------------------------TEACHER----------------------------------------
----------------------------------------STUDENT----------------------------------------
init_std                                 0.01
embedding_dim                            20
----------------------------------------STUDENT----------------------------------------
----------------------------------------ARGUMENTS----------------------------------------
run_all                                  False
seed                                     0
gpu_id                                   0
no_log                                   False
no_save                                  False
suffix                                   het_rcekd_seed0
verbose                                  False
ablation                                 False
task                                     rec
dataset                                  citeulike
batch_size                               2048
num_ns                                   1
neg_sampling_on_all                      False
T_backbone                               lightgcn
S_backbone                               bpr
model                                    rcekd
preload                                  False
postsave                                 False
train_teacher                            False
ckpt_interval                            -1
epochs                                   1000
lr                                       0.001
wd                                       1e-07
lmbda                                    100
srce_alpha                               1.0
srce_s                                   20.0
srce_eta                                 1.0
srce_Lu                                  20
eval_period                              1
K_list                                   [10, 20]
early_stop_metric                        NDCG
early_stop_K                             20
early_stop_patience                      30
LOG_DIR                                  logs/
CONFIG_DIR                               configs/
DATA_DIR                                 data/
CKPT_DIR                                 checkpoints/
CRAFT_DIR                                crafts/
mkd_tau                                  10
mkd_K                                    50
mkd_L                                    50
mkd_T                                    10
mkd_mxK                                  200
mkd_beta                                 5
sample_rank                              False
----------------------------------------ARGUMENTS----------------------------------------
----------------------------------------TEACHER----------------------------------------
init_std                                 0.1
keep_prob                                0.6
A_split                                  False
dropout                                  False
embedding_dim                            2000
num_layers                               3
----------------------------------------TEACHER----------------------------------------
----------------------------------------STUDENT----------------------------------------
init_std                                 0.01
embedding_dim                            20
----------------------------------------STUDENT----------------------------------------
----------------------------------------ARGUMENTS----------------------------------------
run_all                                  False
seed                                     0
gpu_id                                   0
no_log                                   False
no_save                                  False
suffix                                   het_rcekd_seed0
verbose                                  False
ablation                                 False
task                                     rec
dataset                                  citeulike
batch_size                               2048
num_ns                                   1
neg_sampling_on_all                      False
T_backbone                               lightgcn
S_backbone                               bpr
model                                    rcekd
preload                                  False
postsave                                 False
train_teacher                            False
ckpt_interval                            -1
epochs                                   1000
lr                                       0.001
wd                                       1e-07
lmbda                                    100
srce_alpha                               1.0
srce_s                                   20.0
srce_eta                                 1.0
srce_Lu                                  20
eval_period                              1
K_list                                   [10, 20]
early_stop_metric                        NDCG
early_stop_K                             20
early_stop_patience                      30
LOG_DIR                                  logs/
CONFIG_DIR                               configs/
DATA_DIR                                 data/
CKPT_DIR                                 checkpoints/
CRAFT_DIR                                crafts/
mkd_tau                                  10
mkd_K                                    50
mkd_L                                    50
mkd_T                                    10
mkd_mxK                                  200
mkd_beta                                 5
sample_rank                              False
----------------------------------------ARGUMENTS----------------------------------------
----------------------------------------Teacher----------------------------------------
09/04/2026,22:43:30: ------------------------------
09/04/2026,22:43:30: valid Recall@10: 0.07235 Recall@20: 0.10546 NDCG@10: 0.04227 NDCG@20: 0.05124
09/04/2026,22:43:30: test Recall@10: 0.02811 Recall@20: 0.04513 NDCG@10: 0.01583 NDCG@20: 0.02045
----------------------------------------------------------------------------------------
09/04/2026,22:43:31: Epoch [1/1000]
09/04/2026,22:43:31: Negative sampling...
09/04/2026,22:43:32: Model's personal time...
09/04/2026,22:43:32: Training...
09/04/2026,22:43:36: Evaluating...
09/04/2026,22:43:37: 	Train Loss: 924139.4375 (base: 1390.6779, kd: 9227.4873), Elapsed: train 5.55 test 0.54 *
09/04/2026,22:43:37: 	Recall@10: 0.00974 Recall@20: 0.01500 NDCG@10: 0.00546 NDCG@20: 0.00689 
09/04/2026,22:43:37: 	Recall@10: 0.00299 Recall@20: 0.00463 NDCG@10: 0.00190 NDCG@20: 0.00233 
09/04/2026,22:43:37: Epoch [2/1000]
09/04/2026,22:43:37: Negative sampling...
09/04/2026,22:43:38: Model's personal time...
09/04/2026,22:43:38: Training...
09/04/2026,22:43:42: Evaluating...
09/04/2026,22:43:43: 	Train Loss: 852372.8750 (base: 1378.6199, kd: 8509.9424), Elapsed: train 5.67 test 0.43 *
09/04/2026,22:43:43: 	Recall@10: 0.02416 Recall@20: 0.03533 NDCG@10: 0.01349 NDCG@20: 0.01662 
09/04/2026,22:43:43: 	Recall@10: 0.00818 Recall@20: 0.01349 NDCG@10: 0.00443 NDCG@20: 0.00587 
09/04/2026,22:43:43: Epoch [3/1000]
09/04/2026,22:43:43: Negative sampling...
09/04/2026,22:43:44: Model's personal time...
09/04/2026,22:43:45: Training...
09/04/2026,22:43:50: Evaluating...
09/04/2026,22:43:52: 	Train Loss: 834521.6250 (base: 1352.7739, kd: 8331.6885), Elapsed: train 7.36 test 1.43 *
09/04/2026,22:43:52: 	Recall@10: 0.02940 Recall@20: 0.04216 NDCG@10: 0.01697 NDCG@20: 0.02051 
09/04/2026,22:43:52: 	Recall@10: 0.01010 Recall@20: 0.01428 NDCG@10: 0.00570 NDCG@20: 0.00687 
09/04/2026,22:43:52: Epoch [4/1000]
09/04/2026,22:43:52: Negative sampling...
09/04/2026,22:43:53: Model's personal time...
09/04/2026,22:43:54: Training...
09/04/2026,22:43:59: Evaluating...
09/04/2026,22:44:00: 	Train Loss: 824324.6875 (base: 1315.1177, kd: 8230.0957), Elapsed: train 7.50 test 0.58 *
09/04/2026,22:44:00: 	Recall@10: 0.03174 Recall@20: 0.04764 NDCG@10: 0.01730 NDCG@20: 0.02156 
09/04/2026,22:44:00: 	Recall@10: 0.01202 Recall@20: 0.01925 NDCG@10: 0.00645 NDCG@20: 0.00833 
09/04/2026,22:44:00: Epoch [5/1000]
09/04/2026,22:44:00: Negative sampling...
09/04/2026,22:44:01: Model's personal time...
09/04/2026,22:44:02: Training...
09/04/2026,22:44:07: Evaluating...
09/04/2026,22:44:08: 	Train Loss: 819365.3750 (base: 1268.2063, kd: 8180.9717), Elapsed: train 7.31 test 0.70 *
09/04/2026,22:44:08: 	Recall@10: 0.03562 Recall@20: 0.04966 NDCG@10: 0.01913 NDCG@20: 0.02301 
09/04/2026,22:44:08: 	Recall@10: 0.01411 Recall@20: 0.02098 NDCG@10: 0.00719 NDCG@20: 0.00904 
09/04/2026,22:44:08: Epoch [6/1000]
09/04/2026,22:44:08: Negative sampling...
09/04/2026,22:44:09: Model's personal time...
09/04/2026,22:44:09: Training...
09/04/2026,22:44:15: Evaluating...
09/04/2026,22:44:15: 	Train Loss: 815122.1875 (base: 1217.5605, kd: 8139.0469), Elapsed: train 6.93 test 0.62 *
09/04/2026,22:44:15: 	Recall@10: 0.03673 Recall@20: 0.05297 NDCG@10: 0.02029 NDCG@20: 0.02479 
09/04/2026,22:44:15: 	Recall@10: 0.01367 Recall@20: 0.02117 NDCG@10: 0.00684 NDCG@20: 0.00889 
09/04/2026,22:44:15: Epoch [7/1000]
09/04/2026,22:44:15: Negative sampling...
09/04/2026,22:44:17: Model's personal time...
09/04/2026,22:44:17: Training...
09/04/2026,22:44:23: Evaluating...
09/04/2026,22:44:23: 	Train Loss: 812346.1875 (base: 1162.9070, kd: 8111.8325), Elapsed: train 7.35 test 0.60 *
09/04/2026,22:44:23: 	Recall@10: 0.03811 Recall@20: 0.05596 NDCG@10: 0.02171 NDCG@20: 0.02661 
09/04/2026,22:44:23: 	Recall@10: 0.01441 Recall@20: 0.02194 NDCG@10: 0.00752 NDCG@20: 0.00952 
09/04/2026,22:44:23: Epoch [8/1000]
09/04/2026,22:44:23: Negative sampling...
09/04/2026,22:44:25: Model's personal time...
09/04/2026,22:44:25: Training...
09/04/2026,22:44:30: Evaluating...
09/04/2026,22:44:31: 	Train Loss: 810115.2500 (base: 1106.4900, kd: 8090.0884), Elapsed: train 6.94 test 0.66 *
09/04/2026,22:44:31: 	Recall@10: 0.03944 Recall@20: 0.05788 NDCG@10: 0.02284 NDCG@20: 0.02790 
09/04/2026,22:44:31: 	Recall@10: 0.01509 Recall@20: 0.02173 NDCG@10: 0.00758 NDCG@20: 0.00940 
09/04/2026,22:44:31: Epoch [9/1000]
09/04/2026,22:44:31: Negative sampling...
09/04/2026,22:44:32: Model's personal time...
09/04/2026,22:44:33: Training...
09/04/2026,22:44:38: Evaluating...
09/04/2026,22:44:38: 	Train Loss: 808592.8125 (base: 1050.0525, kd: 8075.4272), Elapsed: train 6.94 test 0.53 *
09/04/2026,22:44:38: 	Recall@10: 0.04047 Recall@20: 0.05877 NDCG@10: 0.02380 NDCG@20: 0.02891 
09/04/2026,22:44:38: 	Recall@10: 0.01540 Recall@20: 0.02230 NDCG@10: 0.00827 NDCG@20: 0.01012 
09/04/2026,22:44:38: Epoch [10/1000]
09/04/2026,22:44:38: Negative sampling...
09/04/2026,22:44:40: Model's personal time...
09/04/2026,22:44:40: Training...
09/04/2026,22:44:45: Evaluating...
09/04/2026,22:44:46: 	Train Loss: 807043.8125 (base: 993.8844, kd: 8060.5000), Elapsed: train 6.84 test 0.90 *
09/04/2026,22:44:46: 	Recall@10: 0.04244 Recall@20: 0.06143 NDCG@10: 0.02476 NDCG@20: 0.03004 
09/04/2026,22:44:46: 	Recall@10: 0.01607 Recall@20: 0.02385 NDCG@10: 0.00847 NDCG@20: 0.01056 
09/04/2026,22:44:46: Epoch [11/1000]
09/04/2026,22:44:46: Negative sampling...
09/04/2026,22:44:47: Model's personal time...
09/04/2026,22:44:49: Training...
09/04/2026,22:44:53: Evaluating...
09/04/2026,22:44:54: 	Train Loss: 805444.1250 (base: 940.8452, kd: 8045.0332), Elapsed: train 7.20 test 0.43 *
09/04/2026,22:44:54: 	Recall@10: 0.04381 Recall@20: 0.06289 NDCG@10: 0.02642 NDCG@20: 0.03161 
09/04/2026,22:44:54: 	Recall@10: 0.01627 Recall@20: 0.02422 NDCG@10: 0.00874 NDCG@20: 0.01086 
09/04/2026,22:44:54: Epoch [12/1000]
09/04/2026,22:44:54: Negative sampling...
09/04/2026,22:44:55: Model's personal time...
09/04/2026,22:44:56: Training...
09/04/2026,22:45:00: Evaluating...
09/04/2026,22:45:01: 	Train Loss: 804476.6875 (base: 889.2380, kd: 8035.8750), Elapsed: train 6.70 test 0.44 *
09/04/2026,22:45:01: 	Recall@10: 0.04408 Recall@20: 0.06385 NDCG@10: 0.02651 NDCG@20: 0.03211 
09/04/2026,22:45:01: 	Recall@10: 0.01632 Recall@20: 0.02508 NDCG@10: 0.00862 NDCG@20: 0.01098 
09/04/2026,22:45:01: Epoch [13/1000]
09/04/2026,22:45:01: Negative sampling...
09/04/2026,22:45:02: Model's personal time...
09/04/2026,22:45:03: Training...
09/04/2026,22:45:08: Evaluating...
09/04/2026,22:45:08: 	Train Loss: 803281.0625 (base: 840.9548, kd: 8024.4019), Elapsed: train 6.83 test 0.47 *
09/04/2026,22:45:08: 	Recall@10: 0.04479 Recall@20: 0.06493 NDCG@10: 0.02699 NDCG@20: 0.03255 
09/04/2026,22:45:08: 	Recall@10: 0.01686 Recall@20: 0.02399 NDCG@10: 0.00908 NDCG@20: 0.01102 
09/04/2026,22:45:08: Epoch [14/1000]
09/04/2026,22:45:08: Negative sampling...
09/04/2026,22:45:09: Model's personal time...
09/04/2026,22:45:10: Training...
09/04/2026,22:45:15: Evaluating...
09/04/2026,22:45:16: 	Train Loss: 802390.6875 (base: 795.9265, kd: 8015.9478), Elapsed: train 6.91 test 0.58 *
09/04/2026,22:45:16: 	Recall@10: 0.04491 Recall@20: 0.06607 NDCG@10: 0.02694 NDCG@20: 0.03282 
09/04/2026,22:45:16: 	Recall@10: 0.01721 Recall@20: 0.02461 NDCG@10: 0.00916 NDCG@20: 0.01117 
09/04/2026,22:45:16: Epoch [15/1000]
09/04/2026,22:45:16: Negative sampling...
09/04/2026,22:45:17: Model's personal time...
09/04/2026,22:45:18: Training...
09/04/2026,22:45:23: Evaluating...
09/04/2026,22:45:23: 	Train Loss: 801352.0000 (base: 751.8214, kd: 8006.0020), Elapsed: train 7.32 test 0.43 *
09/04/2026,22:45:23: 	Recall@10: 0.04495 Recall@20: 0.06749 NDCG@10: 0.02721 NDCG@20: 0.03345 
09/04/2026,22:45:23: 	Recall@10: 0.01656 Recall@20: 0.02526 NDCG@10: 0.00902 NDCG@20: 0.01137 
09/04/2026,22:45:23: Epoch [16/1000]
09/04/2026,22:45:23: Negative sampling...
09/04/2026,22:45:25: Model's personal time...
09/04/2026,22:45:26: Training...
09/04/2026,22:45:30: Evaluating...
09/04/2026,22:45:31: 	Train Loss: 800791.8750 (base: 714.1052, kd: 8000.7778), Elapsed: train 6.74 test 0.92
09/04/2026,22:45:31: 	Recall@10: 0.04704 Recall@20: 0.06749 NDCG@10: 0.02772 NDCG@20: 0.03341 
09/04/2026,22:45:31: 	Recall@10: 0.01721 Recall@20: 0.02607 NDCG@10: 0.00929 NDCG@20: 0.01168 
09/04/2026,22:45:31: Epoch [17/1000]
09/04/2026,22:45:31: Negative sampling...
09/04/2026,22:45:32: Model's personal time...
09/04/2026,22:45:33: Training...
09/04/2026,22:45:38: Evaluating...
09/04/2026,22:45:39: 	Train Loss: 799682.9375 (base: 676.4069, kd: 7990.0649), Elapsed: train 7.16 test 0.63 *
09/04/2026,22:45:39: 	Recall@10: 0.04781 Recall@20: 0.06823 NDCG@10: 0.02806 NDCG@20: 0.03375 
09/04/2026,22:45:39: 	Recall@10: 0.01738 Recall@20: 0.02621 NDCG@10: 0.00933 NDCG@20: 0.01172 
09/04/2026,22:45:39: Epoch [18/1000]
09/04/2026,22:45:39: Negative sampling...
09/04/2026,22:45:40: Model's personal time...
09/04/2026,22:45:41: Training...
09/04/2026,22:45:46: Evaluating...
09/04/2026,22:45:46: 	Train Loss: 799011.2500 (base: 644.3412, kd: 7983.6680), Elapsed: train 7.13 test 0.52 *
09/04/2026,22:45:46: 	Recall@10: 0.04716 Recall@20: 0.07024 NDCG@10: 0.02788 NDCG@20: 0.03422 
09/04/2026,22:45:46: 	Recall@10: 0.01776 Recall@20: 0.02739 NDCG@10: 0.00987 NDCG@20: 0.01247 
09/04/2026,22:45:46: Epoch [19/1000]
09/04/2026,22:45:46: Negative sampling...
09/04/2026,22:45:48: Model's personal time...
09/04/2026,22:45:48: Training...
09/04/2026,22:45:53: Evaluating...
09/04/2026,22:45:54: 	Train Loss: 798583.5625 (base: 611.1675, kd: 7979.7241), Elapsed: train 6.71 test 0.94 *
09/04/2026,22:45:54: 	Recall@10: 0.04808 Recall@20: 0.07022 NDCG@10: 0.02825 NDCG@20: 0.03438 
09/04/2026,22:45:54: 	Recall@10: 0.01776 Recall@20: 0.02728 NDCG@10: 0.00958 NDCG@20: 0.01214 
09/04/2026,22:45:54: Epoch [20/1000]
09/04/2026,22:45:54: Negative sampling...
09/04/2026,22:45:56: Model's personal time...
09/04/2026,22:45:56: Training...
09/04/2026,22:46:01: Evaluating...
09/04/2026,22:46:02: 	Train Loss: 797917.8750 (base: 583.2573, kd: 7973.3467), Elapsed: train 7.21 test 0.43 *
09/04/2026,22:46:02: 	Recall@10: 0.04929 Recall@20: 0.07155 NDCG@10: 0.02903 NDCG@20: 0.03516 
09/04/2026,22:46:02: 	Recall@10: 0.01789 Recall@20: 0.02711 NDCG@10: 0.00934 NDCG@20: 0.01184 
09/04/2026,22:46:02: Epoch [21/1000]
09/04/2026,22:46:02: Negative sampling...
09/04/2026,22:46:03: Model's personal time...
09/04/2026,22:46:04: Training...
09/04/2026,22:46:09: Evaluating...
09/04/2026,22:46:09: 	Train Loss: 797411.0625 (base: 558.0542, kd: 7968.5303), Elapsed: train 7.22 test 0.45 *
09/04/2026,22:46:09: 	Recall@10: 0.04963 Recall@20: 0.07092 NDCG@10: 0.02928 NDCG@20: 0.03521 
09/04/2026,22:46:09: 	Recall@10: 0.01789 Recall@20: 0.02690 NDCG@10: 0.00969 NDCG@20: 0.01215 
09/04/2026,22:46:09: Epoch [22/1000]
09/04/2026,22:46:09: Negative sampling...
09/04/2026,22:46:11: Model's personal time...
09/04/2026,22:46:11: Training...
09/04/2026,22:46:16: Evaluating...
09/04/2026,22:46:17: 	Train Loss: 796881.8750 (base: 532.1056, kd: 7963.4985), Elapsed: train 6.81 test 0.45 *
09/04/2026,22:46:17: 	Recall@10: 0.04968 Recall@20: 0.07199 NDCG@10: 0.02946 NDCG@20: 0.03566 
09/04/2026,22:46:17: 	Recall@10: 0.01920 Recall@20: 0.02786 NDCG@10: 0.01022 NDCG@20: 0.01255 
09/04/2026,22:46:17: Epoch [23/1000]
09/04/2026,22:46:17: Negative sampling...
09/04/2026,22:46:18: Model's personal time...
09/04/2026,22:46:19: Training...
09/04/2026,22:46:24: Evaluating...
09/04/2026,22:46:25: 	Train Loss: 796300.5625 (base: 510.6838, kd: 7957.8984), Elapsed: train 7.49 test 0.55 *
09/04/2026,22:46:25: 	Recall@10: 0.05047 Recall@20: 0.07383 NDCG@10: 0.02993 NDCG@20: 0.03639 
09/04/2026,22:46:25: 	Recall@10: 0.01875 Recall@20: 0.02765 NDCG@10: 0.01030 NDCG@20: 0.01270 
09/04/2026,22:46:25: Epoch [24/1000]
09/04/2026,22:46:25: Negative sampling...
09/04/2026,22:46:26: Model's personal time...
09/04/2026,22:46:27: Training...
09/04/2026,22:46:32: Evaluating...
09/04/2026,22:46:32: 	Train Loss: 795963.5625 (base: 487.6184, kd: 7954.7593), Elapsed: train 6.99 test 0.49 *
09/04/2026,22:46:32: 	Recall@10: 0.05210 Recall@20: 0.07311 NDCG@10: 0.03087 NDCG@20: 0.03671 
09/04/2026,22:46:32: 	Recall@10: 0.01920 Recall@20: 0.02819 NDCG@10: 0.01042 NDCG@20: 0.01288 
09/04/2026,22:46:32: Epoch [25/1000]
09/04/2026,22:46:32: Negative sampling...
09/04/2026,22:46:34: Model's personal time...
09/04/2026,22:46:34: Training...
09/04/2026,22:46:39: Evaluating...
09/04/2026,22:46:40: 	Train Loss: 795387.8125 (base: 468.4475, kd: 7949.1938), Elapsed: train 6.84 test 0.88 *
09/04/2026,22:46:40: 	Recall@10: 0.05151 Recall@20: 0.07376 NDCG@10: 0.03053 NDCG@20: 0.03679 
09/04/2026,22:46:40: 	Recall@10: 0.01911 Recall@20: 0.02843 NDCG@10: 0.01020 NDCG@20: 0.01274 
09/04/2026,22:46:40: Epoch [26/1000]
09/04/2026,22:46:40: Negative sampling...
09/04/2026,22:46:41: Model's personal time...
09/04/2026,22:46:42: Training...
09/04/2026,22:46:47: Evaluating...
09/04/2026,22:46:48: 	Train Loss: 795175.1875 (base: 451.3817, kd: 7947.2383), Elapsed: train 7.15 test 0.88 *
09/04/2026,22:46:48: 	Recall@10: 0.05185 Recall@20: 0.07470 NDCG@10: 0.03060 NDCG@20: 0.03701 
09/04/2026,22:46:48: 	Recall@10: 0.01971 Recall@20: 0.02845 NDCG@10: 0.01055 NDCG@20: 0.01291 
09/04/2026,22:46:48: Epoch [27/1000]
09/04/2026,22:46:48: Negative sampling...
09/04/2026,22:46:49: Model's personal time...
09/04/2026,22:46:50: Training...
09/04/2026,22:46:55: Evaluating...
09/04/2026,22:46:56: 	Train Loss: 794777.9375 (base: 434.2693, kd: 7943.4360), Elapsed: train 6.91 test 0.87 *
09/04/2026,22:46:56: 	Recall@10: 0.05331 Recall@20: 0.07623 NDCG@10: 0.03118 NDCG@20: 0.03745 
09/04/2026,22:46:56: 	Recall@10: 0.01975 Recall@20: 0.02875 NDCG@10: 0.01071 NDCG@20: 0.01316 
09/04/2026,22:46:56: Epoch [28/1000]
09/04/2026,22:46:56: Negative sampling...
09/04/2026,22:46:57: Model's personal time...
09/04/2026,22:46:58: Training...
09/04/2026,22:47:03: Evaluating...
09/04/2026,22:47:04: 	Train Loss: 794470.5000 (base: 415.5837, kd: 7940.5483), Elapsed: train 6.95 test 0.98
09/04/2026,22:47:04: 	Recall@10: 0.05298 Recall@20: 0.07577 NDCG@10: 0.03115 NDCG@20: 0.03743 
09/04/2026,22:47:04: 	Recall@10: 0.01981 Recall@20: 0.02894 NDCG@10: 0.01064 NDCG@20: 0.01312 
09/04/2026,22:47:04: Epoch [29/1000]
09/04/2026,22:47:04: Negative sampling...
09/04/2026,22:47:05: Model's personal time...
09/04/2026,22:47:06: Training...
09/04/2026,22:47:11: Evaluating...
09/04/2026,22:47:12: 	Train Loss: 794175.2500 (base: 399.6485, kd: 7937.7563), Elapsed: train 7.07 test 0.95 *
09/04/2026,22:47:12: 	Recall@10: 0.05371 Recall@20: 0.07529 NDCG@10: 0.03154 NDCG@20: 0.03752 
09/04/2026,22:47:12: 	Recall@10: 0.01979 Recall@20: 0.02903 NDCG@10: 0.01072 NDCG@20: 0.01324 
09/04/2026,22:47:12: Epoch [30/1000]
09/04/2026,22:47:12: Negative sampling...
09/04/2026,22:47:13: Model's personal time...
09/04/2026,22:47:14: Training...
09/04/2026,22:47:19: Evaluating...
09/04/2026,22:47:19: 	Train Loss: 793843.0625 (base: 386.7887, kd: 7934.5630), Elapsed: train 7.12 test 0.45 *
09/04/2026,22:47:19: 	Recall@10: 0.05309 Recall@20: 0.07621 NDCG@10: 0.03126 NDCG@20: 0.03771 
09/04/2026,22:47:19: 	Recall@10: 0.02009 Recall@20: 0.02964 NDCG@10: 0.01095 NDCG@20: 0.01351 
09/04/2026,22:47:19: Epoch [31/1000]
09/04/2026,22:47:19: Negative sampling...
09/04/2026,22:47:21: Model's personal time...
09/04/2026,22:47:22: Training...
09/04/2026,22:47:27: Evaluating...
09/04/2026,22:47:28: 	Train Loss: 793459.0625 (base: 371.0395, kd: 7930.8804), Elapsed: train 7.41 test 1.71 *
09/04/2026,22:47:28: 	Recall@10: 0.05443 Recall@20: 0.07812 NDCG@10: 0.03174 NDCG@20: 0.03828 
09/04/2026,22:47:28: 	Recall@10: 0.01986 Recall@20: 0.03012 NDCG@10: 0.01074 NDCG@20: 0.01350 
09/04/2026,22:47:28: Epoch [32/1000]
09/04/2026,22:47:28: Negative sampling...
09/04/2026,22:47:30: Model's personal time...
09/04/2026,22:47:30: Training...
09/04/2026,22:47:35: Evaluating...
09/04/2026,22:47:37: 	Train Loss: 793328.3125 (base: 359.9057, kd: 7929.6836), Elapsed: train 6.89 test 1.42
09/04/2026,22:47:37: 	Recall@10: 0.05454 Recall@20: 0.07798 NDCG@10: 0.03160 NDCG@20: 0.03804 
09/04/2026,22:47:37: 	Recall@10: 0.02025 Recall@20: 0.03054 NDCG@10: 0.01075 NDCG@20: 0.01353 
09/04/2026,22:47:37: Epoch [33/1000]
09/04/2026,22:47:37: Negative sampling...
09/04/2026,22:47:38: Model's personal time...
09/04/2026,22:47:39: Training...
09/04/2026,22:47:44: Evaluating...
09/04/2026,22:47:45: 	Train Loss: 792937.6875 (base: 347.8564, kd: 7925.8979), Elapsed: train 7.52 test 0.71 *
09/04/2026,22:47:45: 	Recall@10: 0.05463 Recall@20: 0.07944 NDCG@10: 0.03148 NDCG@20: 0.03837 
09/04/2026,22:47:45: 	Recall@10: 0.02052 Recall@20: 0.02949 NDCG@10: 0.01112 NDCG@20: 0.01360 
09/04/2026,22:47:45: Epoch [34/1000]
09/04/2026,22:47:45: Negative sampling...
09/04/2026,22:47:46: Model's personal time...
09/04/2026,22:47:47: Training...
09/04/2026,22:47:52: Evaluating...
09/04/2026,22:47:52: 	Train Loss: 792693.6250 (base: 338.0277, kd: 7923.5562), Elapsed: train 6.82 test 0.43 *
09/04/2026,22:47:52: 	Recall@10: 0.05533 Recall@20: 0.08016 NDCG@10: 0.03209 NDCG@20: 0.03899 
09/04/2026,22:47:52: 	Recall@10: 0.02029 Recall@20: 0.03092 NDCG@10: 0.01111 NDCG@20: 0.01398 
09/04/2026,22:47:52: Epoch [35/1000]
09/04/2026,22:47:52: Negative sampling...
09/04/2026,22:47:54: Model's personal time...
09/04/2026,22:47:54: Training...
09/04/2026,22:47:58: Evaluating...
09/04/2026,22:47:59: 	Train Loss: 792461.7500 (base: 327.9939, kd: 7921.3379), Elapsed: train 6.18 test 0.46 *
09/04/2026,22:47:59: 	Recall@10: 0.05575 Recall@20: 0.08046 NDCG@10: 0.03232 NDCG@20: 0.03917 
09/04/2026,22:47:59: 	Recall@10: 0.02062 Recall@20: 0.03019 NDCG@10: 0.01109 NDCG@20: 0.01371 
09/04/2026,22:47:59: Epoch [36/1000]
09/04/2026,22:47:59: Negative sampling...
09/04/2026,22:48:00: Model's personal time...
09/04/2026,22:48:01: Training...
09/04/2026,22:48:05: Evaluating...
09/04/2026,22:48:06: 	Train Loss: 792277.8750 (base: 317.7001, kd: 7919.6011), Elapsed: train 6.13 test 1.17 *
09/04/2026,22:48:06: 	Recall@10: 0.05664 Recall@20: 0.08071 NDCG@10: 0.03297 NDCG@20: 0.03963 
09/04/2026,22:48:06: 	Recall@10: 0.02058 Recall@20: 0.03077 NDCG@10: 0.01118 NDCG@20: 0.01399 
09/04/2026,22:48:06: Epoch [37/1000]
09/04/2026,22:48:06: Negative sampling...
09/04/2026,22:48:07: Model's personal time...
09/04/2026,22:48:08: Training...
09/04/2026,22:48:13: Evaluating...
09/04/2026,22:48:14: 	Train Loss: 791980.8125 (base: 308.1448, kd: 7916.7261), Elapsed: train 6.50 test 1.86 *
09/04/2026,22:48:14: 	Recall@10: 0.05644 Recall@20: 0.08085 NDCG@10: 0.03293 NDCG@20: 0.03972 
09/04/2026,22:48:14: 	Recall@10: 0.02124 Recall@20: 0.03083 NDCG@10: 0.01133 NDCG@20: 0.01398 
09/04/2026,22:48:14: Epoch [38/1000]
09/04/2026,22:48:14: Negative sampling...
09/04/2026,22:48:16: Model's personal time...
09/04/2026,22:48:16: Training...
09/04/2026,22:48:21: Evaluating...
09/04/2026,22:48:23: 	Train Loss: 791732.6875 (base: 299.1075, kd: 7914.3359), Elapsed: train 7.03 test 1.43 *
09/04/2026,22:48:23: 	Recall@10: 0.05710 Recall@20: 0.08093 NDCG@10: 0.03353 NDCG@20: 0.04015 
09/04/2026,22:48:23: 	Recall@10: 0.02065 Recall@20: 0.03044 NDCG@10: 0.01129 NDCG@20: 0.01398 
09/04/2026,22:48:23: Epoch [39/1000]
09/04/2026,22:48:23: Negative sampling...
09/04/2026,22:48:24: Model's personal time...
09/04/2026,22:48:25: Training...
09/04/2026,22:48:30: Evaluating...
09/04/2026,22:48:31: 	Train Loss: 791583.0000 (base: 291.5978, kd: 7912.9146), Elapsed: train 7.29 test 0.90 *
09/04/2026,22:48:31: 	Recall@10: 0.05753 Recall@20: 0.08245 NDCG@10: 0.03342 NDCG@20: 0.04040 
09/04/2026,22:48:31: 	Recall@10: 0.02207 Recall@20: 0.03073 NDCG@10: 0.01181 NDCG@20: 0.01419 
09/04/2026,22:48:31: Epoch [40/1000]
09/04/2026,22:48:31: Negative sampling...
09/04/2026,22:48:33: Model's personal time...
09/04/2026,22:48:34: Training...
09/04/2026,22:48:38: Evaluating...
09/04/2026,22:48:39: 	Train Loss: 791456.6250 (base: 281.8681, kd: 7911.7480), Elapsed: train 7.07 test 1.26 *
09/04/2026,22:48:39: 	Recall@10: 0.05633 Recall@20: 0.08241 NDCG@10: 0.03338 NDCG@20: 0.04066 
09/04/2026,22:48:39: 	Recall@10: 0.02132 Recall@20: 0.03065 NDCG@10: 0.01153 NDCG@20: 0.01407 
09/04/2026,22:48:39: Epoch [41/1000]
09/04/2026,22:48:39: Negative sampling...
09/04/2026,22:48:41: Model's personal time...
09/04/2026,22:48:41: Training...
09/04/2026,22:48:45: Evaluating...
09/04/2026,22:48:46: 	Train Loss: 791147.8750 (base: 275.9933, kd: 7908.7192), Elapsed: train 5.45 test 0.87 *
09/04/2026,22:48:46: 	Recall@10: 0.05588 Recall@20: 0.08395 NDCG@10: 0.03301 NDCG@20: 0.04081 
09/04/2026,22:48:46: 	Recall@10: 0.02172 Recall@20: 0.03131 NDCG@10: 0.01166 NDCG@20: 0.01426 
09/04/2026,22:48:46: Epoch [42/1000]
09/04/2026,22:48:46: Negative sampling...
09/04/2026,22:48:47: Model's personal time...
09/04/2026,22:48:47: Training...
09/04/2026,22:48:52: Evaluating...
09/04/2026,22:48:53: 	Train Loss: 791108.6250 (base: 271.0592, kd: 7908.3760), Elapsed: train 6.36 test 0.60 *
09/04/2026,22:48:53: 	Recall@10: 0.05670 Recall@20: 0.08406 NDCG@10: 0.03356 NDCG@20: 0.04116 
09/04/2026,22:48:53: 	Recall@10: 0.02218 Recall@20: 0.03087 NDCG@10: 0.01195 NDCG@20: 0.01433 
09/04/2026,22:48:53: Epoch [43/1000]
09/04/2026,22:48:53: Negative sampling...
09/04/2026,22:48:54: Model's personal time...
09/04/2026,22:48:54: Training...
09/04/2026,22:49:00: Evaluating...
09/04/2026,22:49:01: 	Train Loss: 790826.2500 (base: 261.3159, kd: 7905.6504), Elapsed: train 6.97 test 1.52 *
09/04/2026,22:49:01: 	Recall@10: 0.05746 Recall@20: 0.08386 NDCG@10: 0.03401 NDCG@20: 0.04134 
09/04/2026,22:49:01: 	Recall@10: 0.02214 Recall@20: 0.03252 NDCG@10: 0.01199 NDCG@20: 0.01481 
09/04/2026,22:49:01: Epoch [44/1000]
09/04/2026,22:49:01: Negative sampling...
09/04/2026,22:49:03: Model's personal time...
09/04/2026,22:49:04: Training...
09/04/2026,22:49:09: Evaluating...
09/04/2026,22:49:09: 	Train Loss: 790641.9375 (base: 254.6112, kd: 7903.8735), Elapsed: train 7.50 test 0.74 *
09/04/2026,22:49:09: 	Recall@10: 0.05829 Recall@20: 0.08454 NDCG@10: 0.03424 NDCG@20: 0.04148 
09/04/2026,22:49:09: 	Recall@10: 0.02234 Recall@20: 0.03194 NDCG@10: 0.01204 NDCG@20: 0.01468 
09/04/2026,22:49:09: Epoch [45/1000]
09/04/2026,22:49:09: Negative sampling...
09/04/2026,22:49:11: Model's personal time...
09/04/2026,22:49:11: Training...
09/04/2026,22:49:17: Evaluating...
09/04/2026,22:49:17: 	Train Loss: 790565.8750 (base: 247.5121, kd: 7903.1821), Elapsed: train 7.13 test 0.58 *
09/04/2026,22:49:17: 	Recall@10: 0.05736 Recall@20: 0.08705 NDCG@10: 0.03370 NDCG@20: 0.04192 
09/04/2026,22:49:17: 	Recall@10: 0.02208 Recall@20: 0.03322 NDCG@10: 0.01194 NDCG@20: 0.01497 
09/04/2026,22:49:17: Epoch [46/1000]
09/04/2026,22:49:17: Negative sampling...
09/04/2026,22:49:19: Model's personal time...
09/04/2026,22:49:19: Training...
09/04/2026,22:49:24: Evaluating...
09/04/2026,22:49:25: 	Train Loss: 790352.0000 (base: 239.1082, kd: 7901.1289), Elapsed: train 7.07 test 0.71 *
09/04/2026,22:49:25: 	Recall@10: 0.05887 Recall@20: 0.08604 NDCG@10: 0.03442 NDCG@20: 0.04197 
09/04/2026,22:49:25: 	Recall@10: 0.02304 Recall@20: 0.03305 NDCG@10: 0.01225 NDCG@20: 0.01495 
09/04/2026,22:49:25: Epoch [47/1000]
09/04/2026,22:49:25: Negative sampling...
09/04/2026,22:49:26: Model's personal time...
09/04/2026,22:49:26: Training...
09/04/2026,22:49:32: Evaluating...
09/04/2026,22:49:33: 	Train Loss: 790244.5625 (base: 233.9726, kd: 7900.1055), Elapsed: train 6.89 test 1.42 *
09/04/2026,22:49:33: 	Recall@10: 0.05785 Recall@20: 0.08681 NDCG@10: 0.03417 NDCG@20: 0.04214 
09/04/2026,22:49:33: 	Recall@10: 0.02295 Recall@20: 0.03409 NDCG@10: 0.01228 NDCG@20: 0.01530 
09/04/2026,22:49:33: Epoch [48/1000]
09/04/2026,22:49:33: Negative sampling...
09/04/2026,22:49:35: Model's personal time...
09/04/2026,22:49:35: Training...
09/04/2026,22:49:40: Evaluating...
09/04/2026,22:49:42: 	Train Loss: 790069.1875 (base: 229.0354, kd: 7898.4019), Elapsed: train 7.05 test 1.34 *
09/04/2026,22:49:42: 	Recall@10: 0.05765 Recall@20: 0.08821 NDCG@10: 0.03441 NDCG@20: 0.04280 
09/04/2026,22:49:42: 	Recall@10: 0.02374 Recall@20: 0.03455 NDCG@10: 0.01258 NDCG@20: 0.01549 
09/04/2026,22:49:42: Epoch [49/1000]
09/04/2026,22:49:42: Negative sampling...
09/04/2026,22:49:43: Model's personal time...
09/04/2026,22:49:44: Training...
09/04/2026,22:49:49: Evaluating...
09/04/2026,22:49:50: 	Train Loss: 789862.7500 (base: 224.6949, kd: 7896.3813), Elapsed: train 7.23 test 0.92
09/04/2026,22:49:50: 	Recall@10: 0.05824 Recall@20: 0.08824 NDCG@10: 0.03441 NDCG@20: 0.04269 
09/04/2026,22:49:50: 	Recall@10: 0.02347 Recall@20: 0.03369 NDCG@10: 0.01267 NDCG@20: 0.01547 
09/04/2026,22:49:50: Epoch [50/1000]
09/04/2026,22:49:50: Negative sampling...
09/04/2026,22:49:51: Model's personal time...
09/04/2026,22:49:52: Training...
09/04/2026,22:49:57: Evaluating...
09/04/2026,22:49:57: 	Train Loss: 789776.3125 (base: 220.3679, kd: 7895.5596), Elapsed: train 7.06 test 0.46 *
09/04/2026,22:49:57: 	Recall@10: 0.05855 Recall@20: 0.08912 NDCG@10: 0.03450 NDCG@20: 0.04292 
09/04/2026,22:49:57: 	Recall@10: 0.02357 Recall@20: 0.03468 NDCG@10: 0.01271 NDCG@20: 0.01570 
09/04/2026,22:49:57: Epoch [51/1000]
09/04/2026,22:49:57: Negative sampling...
09/04/2026,22:49:59: Model's personal time...
09/04/2026,22:50:00: Training...
09/04/2026,22:50:03: Evaluating...
09/04/2026,22:50:04: 	Train Loss: 789598.1250 (base: 215.2742, kd: 7893.8281), Elapsed: train 6.07 test 1.06 *
09/04/2026,22:50:04: 	Recall@10: 0.05922 Recall@20: 0.09022 NDCG@10: 0.03493 NDCG@20: 0.04347 
09/04/2026,22:50:04: 	Recall@10: 0.02405 Recall@20: 0.03447 NDCG@10: 0.01288 NDCG@20: 0.01571 
09/04/2026,22:50:04: Epoch [52/1000]
09/04/2026,22:50:04: Negative sampling...
09/04/2026,22:50:06: Model's personal time...
09/04/2026,22:50:07: Training...
09/04/2026,22:50:10: Evaluating...
09/04/2026,22:50:11: 	Train Loss: 789518.1250 (base: 210.0169, kd: 7893.0815), Elapsed: train 6.01 test 1.04 *
09/04/2026,22:50:11: 	Recall@10: 0.06023 Recall@20: 0.09078 NDCG@10: 0.03569 NDCG@20: 0.04400 
09/04/2026,22:50:11: 	Recall@10: 0.02367 Recall@20: 0.03465 NDCG@10: 0.01264 NDCG@20: 0.01561 
09/04/2026,22:50:11: Epoch [53/1000]
09/04/2026,22:50:11: Negative sampling...
09/04/2026,22:50:13: Model's personal time...
09/04/2026,22:50:13: Training...
09/04/2026,22:50:18: Evaluating...
09/04/2026,22:50:20: 	Train Loss: 789343.1875 (base: 208.4767, kd: 7891.3481), Elapsed: train 6.38 test 1.77
09/04/2026,22:50:20: 	Recall@10: 0.05947 Recall@20: 0.08995 NDCG@10: 0.03503 NDCG@20: 0.04343 
09/04/2026,22:50:20: 	Recall@10: 0.02293 Recall@20: 0.03376 NDCG@10: 0.01249 NDCG@20: 0.01546 
09/04/2026,22:50:20: Epoch [54/1000]
09/04/2026,22:50:20: Negative sampling...
09/04/2026,22:50:21: Model's personal time...
09/04/2026,22:50:22: Training...
09/04/2026,22:50:27: Evaluating...
09/04/2026,22:50:28: 	Train Loss: 789335.8750 (base: 205.5723, kd: 7891.3032), Elapsed: train 7.29 test 0.76
09/04/2026,22:50:28: 	Recall@10: 0.06035 Recall@20: 0.09091 NDCG@10: 0.03548 NDCG@20: 0.04380 
09/04/2026,22:50:28: 	Recall@10: 0.02305 Recall@20: 0.03424 NDCG@10: 0.01245 NDCG@20: 0.01552 
09/04/2026,22:50:28: Epoch [55/1000]
09/04/2026,22:50:28: Negative sampling...
09/04/2026,22:50:29: Model's personal time...
09/04/2026,22:50:31: Training...
09/04/2026,22:50:35: Evaluating...
09/04/2026,22:50:36: 	Train Loss: 789231.6875 (base: 200.4522, kd: 7890.3125), Elapsed: train 7.44 test 0.51
09/04/2026,22:50:36: 	Recall@10: 0.06069 Recall@20: 0.09151 NDCG@10: 0.03557 NDCG@20: 0.04395 
09/04/2026,22:50:36: 	Recall@10: 0.02352 Recall@20: 0.03493 NDCG@10: 0.01258 NDCG@20: 0.01569 
09/04/2026,22:50:36: Epoch [56/1000]
09/04/2026,22:50:36: Negative sampling...
09/04/2026,22:50:37: Model's personal time...
09/04/2026,22:50:38: Training...
09/04/2026,22:50:43: Evaluating...
09/04/2026,22:50:45: 	Train Loss: 789085.0625 (base: 196.7216, kd: 7888.8838), Elapsed: train 7.19 test 1.92 *
09/04/2026,22:50:45: 	Recall@10: 0.06163 Recall@20: 0.09192 NDCG@10: 0.03595 NDCG@20: 0.04421 
09/04/2026,22:50:45: 	Recall@10: 0.02395 Recall@20: 0.03537 NDCG@10: 0.01292 NDCG@20: 0.01602 
09/04/2026,22:50:45: Epoch [57/1000]
09/04/2026,22:50:45: Negative sampling...
09/04/2026,22:50:46: Model's personal time...
09/04/2026,22:50:47: Training...
09/04/2026,22:50:52: Evaluating...
09/04/2026,22:50:53: 	Train Loss: 789010.2500 (base: 191.8319, kd: 7888.1841), Elapsed: train 7.11 test 1.33
09/04/2026,22:50:53: 	Recall@10: 0.06217 Recall@20: 0.09106 NDCG@10: 0.03630 NDCG@20: 0.04416 
09/04/2026,22:50:53: 	Recall@10: 0.02319 Recall@20: 0.03476 NDCG@10: 0.01273 NDCG@20: 0.01586 
09/04/2026,22:50:53: Epoch [58/1000]
09/04/2026,22:50:53: Negative sampling...
09/04/2026,22:50:55: Model's personal time...
09/04/2026,22:50:55: Training...
09/04/2026,22:51:01: Evaluating...
09/04/2026,22:51:02: 	Train Loss: 788907.5000 (base: 186.7533, kd: 7887.2070), Elapsed: train 7.42 test 1.00
09/04/2026,22:51:02: 	Recall@10: 0.06317 Recall@20: 0.09162 NDCG@10: 0.03641 NDCG@20: 0.04421 
09/04/2026,22:51:02: 	Recall@10: 0.02306 Recall@20: 0.03475 NDCG@10: 0.01269 NDCG@20: 0.01587 
09/04/2026,22:51:02: Epoch [59/1000]
09/04/2026,22:51:02: Negative sampling...
09/04/2026,22:51:03: Model's personal time...
09/04/2026,22:51:04: Training...
09/04/2026,22:51:09: Evaluating...
09/04/2026,22:51:10: 	Train Loss: 788764.0000 (base: 184.9242, kd: 7885.7905), Elapsed: train 7.57 test 0.74 *
09/04/2026,22:51:10: 	Recall@10: 0.06270 Recall@20: 0.09252 NDCG@10: 0.03636 NDCG@20: 0.04449 
09/04/2026,22:51:10: 	Recall@10: 0.02402 Recall@20: 0.03440 NDCG@10: 0.01304 NDCG@20: 0.01589 
09/04/2026,22:51:10: Epoch [60/1000]
09/04/2026,22:51:10: Negative sampling...
09/04/2026,22:51:11: Model's personal time...
09/04/2026,22:51:12: Training...
09/04/2026,22:51:17: Evaluating...
09/04/2026,22:51:18: 	Train Loss: 788688.0000 (base: 186.4179, kd: 7885.0156), Elapsed: train 7.04 test 0.75 *
09/04/2026,22:51:18: 	Recall@10: 0.06314 Recall@20: 0.09274 NDCG@10: 0.03650 NDCG@20: 0.04455 
09/04/2026,22:51:18: 	Recall@10: 0.02402 Recall@20: 0.03548 NDCG@10: 0.01316 NDCG@20: 0.01629 
09/04/2026,22:51:18: Epoch [61/1000]
09/04/2026,22:51:18: Negative sampling...
09/04/2026,22:51:19: Model's personal time...
09/04/2026,22:51:19: Training...
09/04/2026,22:51:25: Evaluating...
09/04/2026,22:51:25: 	Train Loss: 788539.0000 (base: 175.5122, kd: 7883.6343), Elapsed: train 6.90 test 0.68
09/04/2026,22:51:25: 	Recall@10: 0.06356 Recall@20: 0.09276 NDCG@10: 0.03647 NDCG@20: 0.04447 
09/04/2026,22:51:25: 	Recall@10: 0.02389 Recall@20: 0.03492 NDCG@10: 0.01309 NDCG@20: 0.01610 
09/04/2026,22:51:25: Epoch [62/1000]
09/04/2026,22:51:25: Negative sampling...
09/04/2026,22:51:27: Model's personal time...
09/04/2026,22:51:27: Training...
09/04/2026,22:51:32: Evaluating...
09/04/2026,22:51:33: 	Train Loss: 788474.6875 (base: 171.3624, kd: 7883.0332), Elapsed: train 6.90 test 0.75 *
09/04/2026,22:51:33: 	Recall@10: 0.06382 Recall@20: 0.09323 NDCG@10: 0.03684 NDCG@20: 0.04491 
09/04/2026,22:51:33: 	Recall@10: 0.02421 Recall@20: 0.03556 NDCG@10: 0.01341 NDCG@20: 0.01646 
09/04/2026,22:51:33: Epoch [63/1000]
09/04/2026,22:51:33: Negative sampling...
09/04/2026,22:51:34: Model's personal time...
09/04/2026,22:51:35: Training...
09/04/2026,22:51:40: Evaluating...
09/04/2026,22:51:41: 	Train Loss: 788339.5625 (base: 171.1876, kd: 7881.6846), Elapsed: train 7.35 test 0.78 *
09/04/2026,22:51:41: 	Recall@10: 0.06334 Recall@20: 0.09330 NDCG@10: 0.03677 NDCG@20: 0.04500 
09/04/2026,22:51:41: 	Recall@10: 0.02421 Recall@20: 0.03563 NDCG@10: 0.01351 NDCG@20: 0.01661 
09/04/2026,22:51:41: Epoch [64/1000]
09/04/2026,22:51:41: Negative sampling...
09/04/2026,22:51:42: Model's personal time...
09/04/2026,22:51:43: Training...
09/04/2026,22:51:48: Evaluating...
09/04/2026,22:51:49: 	Train Loss: 788280.5000 (base: 167.5005, kd: 7881.1299), Elapsed: train 6.97 test 0.94 *
09/04/2026,22:51:49: 	Recall@10: 0.06422 Recall@20: 0.09305 NDCG@10: 0.03716 NDCG@20: 0.04510 
09/04/2026,22:51:49: 	Recall@10: 0.02346 Recall@20: 0.03563 NDCG@10: 0.01317 NDCG@20: 0.01646 
09/04/2026,22:51:49: Epoch [65/1000]
09/04/2026,22:51:49: Negative sampling...
09/04/2026,22:51:50: Model's personal time...
09/04/2026,22:51:51: Training...
09/04/2026,22:51:56: Evaluating...
09/04/2026,22:51:57: 	Train Loss: 788191.7500 (base: 164.9090, kd: 7880.2690), Elapsed: train 7.20 test 0.64
09/04/2026,22:51:57: 	Recall@10: 0.06384 Recall@20: 0.09364 NDCG@10: 0.03687 NDCG@20: 0.04509 
09/04/2026,22:51:57: 	Recall@10: 0.02361 Recall@20: 0.03581 NDCG@10: 0.01322 NDCG@20: 0.01653 
09/04/2026,22:51:57: Epoch [66/1000]
09/04/2026,22:51:57: Negative sampling...
09/04/2026,22:51:58: Model's personal time...
09/04/2026,22:51:59: Training...
09/04/2026,22:52:04: Evaluating...
09/04/2026,22:52:05: 	Train Loss: 788101.9375 (base: 163.8077, kd: 7879.3813), Elapsed: train 6.93 test 0.74 *
09/04/2026,22:52:05: 	Recall@10: 0.06446 Recall@20: 0.09336 NDCG@10: 0.03748 NDCG@20: 0.04546 
09/04/2026,22:52:05: 	Recall@10: 0.02390 Recall@20: 0.03526 NDCG@10: 0.01341 NDCG@20: 0.01647 
09/04/2026,22:52:05: Epoch [67/1000]
09/04/2026,22:52:05: Negative sampling...
09/04/2026,22:52:06: Model's personal time...
09/04/2026,22:52:06: Training...
09/04/2026,22:52:11: Evaluating...
09/04/2026,22:52:12: 	Train Loss: 788090.1250 (base: 160.7669, kd: 7879.2930), Elapsed: train 6.91 test 1.04 *
09/04/2026,22:52:12: 	Recall@10: 0.06400 Recall@20: 0.09337 NDCG@10: 0.03749 NDCG@20: 0.04559 
09/04/2026,22:52:12: 	Recall@10: 0.02306 Recall@20: 0.03523 NDCG@10: 0.01332 NDCG@20: 0.01665 
09/04/2026,22:52:12: Epoch [68/1000]
09/04/2026,22:52:12: Negative sampling...
09/04/2026,22:52:14: Model's personal time...
09/04/2026,22:52:14: Training...
09/04/2026,22:52:20: Evaluating...
09/04/2026,22:52:20: 	Train Loss: 787940.3125 (base: 156.9353, kd: 7877.8340), Elapsed: train 7.10 test 0.94 *
09/04/2026,22:52:20: 	Recall@10: 0.06443 Recall@20: 0.09441 NDCG@10: 0.03745 NDCG@20: 0.04570 
09/04/2026,22:52:20: 	Recall@10: 0.02332 Recall@20: 0.03631 NDCG@10: 0.01348 NDCG@20: 0.01696 
09/04/2026,22:52:20: Epoch [69/1000]
09/04/2026,22:52:20: Negative sampling...
09/04/2026,22:52:22: Model's personal time...
09/04/2026,22:52:22: Training...
09/04/2026,22:52:28: Evaluating...
09/04/2026,22:52:28: 	Train Loss: 787861.5625 (base: 154.9260, kd: 7877.0664), Elapsed: train 7.10 test 0.72 *
09/04/2026,22:52:28: 	Recall@10: 0.06427 Recall@20: 0.09427 NDCG@10: 0.03750 NDCG@20: 0.04580 
09/04/2026,22:52:28: 	Recall@10: 0.02348 Recall@20: 0.03662 NDCG@10: 0.01356 NDCG@20: 0.01711 
09/04/2026,22:52:28: Epoch [70/1000]
09/04/2026,22:52:28: Negative sampling...
09/04/2026,22:52:30: Model's personal time...
09/04/2026,22:52:30: Training...
09/04/2026,22:52:36: Evaluating...
09/04/2026,22:52:37: 	Train Loss: 787836.3750 (base: 150.8385, kd: 7876.8555), Elapsed: train 7.64 test 0.87 *
09/04/2026,22:52:37: 	Recall@10: 0.06464 Recall@20: 0.09513 NDCG@10: 0.03754 NDCG@20: 0.04605 
09/04/2026,22:52:37: 	Recall@10: 0.02364 Recall@20: 0.03679 NDCG@10: 0.01355 NDCG@20: 0.01711 
09/04/2026,22:52:37: Epoch [71/1000]
09/04/2026,22:52:37: Negative sampling...
09/04/2026,22:52:39: Model's personal time...
09/04/2026,22:52:40: Training...
09/04/2026,22:52:44: Evaluating...
09/04/2026,22:52:44: 	Train Loss: 787715.8750 (base: 148.6852, kd: 7875.6719), Elapsed: train 7.11 test 0.44 *
09/04/2026,22:52:44: 	Recall@10: 0.06542 Recall@20: 0.09517 NDCG@10: 0.03807 NDCG@20: 0.04629 
09/04/2026,22:52:44: 	Recall@10: 0.02338 Recall@20: 0.03682 NDCG@10: 0.01360 NDCG@20: 0.01721 
09/04/2026,22:52:44: Epoch [72/1000]
09/04/2026,22:52:44: Negative sampling...
09/04/2026,22:52:46: Model's personal time...
09/04/2026,22:52:47: Training...
09/04/2026,22:52:52: Evaluating...
09/04/2026,22:52:54: 	Train Loss: 787610.3750 (base: 148.8794, kd: 7874.6147), Elapsed: train 7.40 test 1.89
09/04/2026,22:52:54: 	Recall@10: 0.06560 Recall@20: 0.09457 NDCG@10: 0.03792 NDCG@20: 0.04595 
09/04/2026,22:52:54: 	Recall@10: 0.02396 Recall@20: 0.03691 NDCG@10: 0.01388 NDCG@20: 0.01735 
09/04/2026,22:52:54: Epoch [73/1000]
09/04/2026,22:52:54: Negative sampling...
09/04/2026,22:52:55: Model's personal time...
09/04/2026,22:52:56: Training...
09/04/2026,22:53:01: Evaluating...
09/04/2026,22:53:02: 	Train Loss: 787545.3125 (base: 147.4799, kd: 7873.9775), Elapsed: train 7.22 test 1.35 *
09/04/2026,22:53:02: 	Recall@10: 0.06548 Recall@20: 0.09501 NDCG@10: 0.03825 NDCG@20: 0.04640 
09/04/2026,22:53:02: 	Recall@10: 0.02377 Recall@20: 0.03710 NDCG@10: 0.01371 NDCG@20: 0.01730 
09/04/2026,22:53:02: Epoch [74/1000]
09/04/2026,22:53:02: Negative sampling...
09/04/2026,22:53:04: Model's personal time...
09/04/2026,22:53:04: Training...
09/04/2026,22:53:10: Evaluating...
09/04/2026,22:53:10: 	Train Loss: 787511.5625 (base: 144.3193, kd: 7873.6719), Elapsed: train 7.31 test 0.70
09/04/2026,22:53:10: 	Recall@10: 0.06490 Recall@20: 0.09470 NDCG@10: 0.03788 NDCG@20: 0.04623 
09/04/2026,22:53:10: 	Recall@10: 0.02351 Recall@20: 0.03710 NDCG@10: 0.01370 NDCG@20: 0.01738 
09/04/2026,22:53:10: Epoch [75/1000]
09/04/2026,22:53:10: Negative sampling...
09/04/2026,22:53:12: Model's personal time...
09/04/2026,22:53:12: Training...
09/04/2026,22:53:17: Evaluating...
09/04/2026,22:53:18: 	Train Loss: 787410.4375 (base: 142.6286, kd: 7872.6777), Elapsed: train 7.12 test 0.49
09/04/2026,22:53:18: 	Recall@10: 0.06577 Recall@20: 0.09505 NDCG@10: 0.03791 NDCG@20: 0.04613 
09/04/2026,22:53:18: 	Recall@10: 0.02405 Recall@20: 0.03723 NDCG@10: 0.01375 NDCG@20: 0.01728 
09/04/2026,22:53:18: Epoch [76/1000]
09/04/2026,22:53:18: Negative sampling...
09/04/2026,22:53:19: Model's personal time...
09/04/2026,22:53:20: Training...
09/04/2026,22:53:25: Evaluating...
09/04/2026,22:53:26: 	Train Loss: 787348.9375 (base: 139.0086, kd: 7872.1006), Elapsed: train 7.42 test 0.72 *
09/04/2026,22:53:26: 	Recall@10: 0.06636 Recall@20: 0.09585 NDCG@10: 0.03820 NDCG@20: 0.04640 
09/04/2026,22:53:26: 	Recall@10: 0.02411 Recall@20: 0.03727 NDCG@10: 0.01383 NDCG@20: 0.01740 
09/04/2026,22:53:26: Epoch [77/1000]
09/04/2026,22:53:26: Negative sampling...
09/04/2026,22:53:28: Model's personal time...
09/04/2026,22:53:28: Training...
09/04/2026,22:53:33: Evaluating...
09/04/2026,22:53:34: 	Train Loss: 787326.6875 (base: 137.9302, kd: 7871.8877), Elapsed: train 7.03 test 0.56 *
09/04/2026,22:53:34: 	Recall@10: 0.06591 Recall@20: 0.09535 NDCG@10: 0.03821 NDCG@20: 0.04643 
09/04/2026,22:53:34: 	Recall@10: 0.02447 Recall@20: 0.03752 NDCG@10: 0.01390 NDCG@20: 0.01742 
09/04/2026,22:53:34: Epoch [78/1000]
09/04/2026,22:53:34: Negative sampling...
09/04/2026,22:53:35: Model's personal time...
09/04/2026,22:53:35: Training...
09/04/2026,22:53:41: Evaluating...
09/04/2026,22:53:41: 	Train Loss: 787237.3750 (base: 135.4875, kd: 7871.0190), Elapsed: train 7.01 test 0.44 *
09/04/2026,22:53:41: 	Recall@10: 0.06678 Recall@20: 0.09629 NDCG@10: 0.03884 NDCG@20: 0.04712 
09/04/2026,22:53:41: 	Recall@10: 0.02466 Recall@20: 0.03775 NDCG@10: 0.01403 NDCG@20: 0.01755 
09/04/2026,22:53:41: Epoch [79/1000]
09/04/2026,22:53:41: Negative sampling...
09/04/2026,22:53:42: Model's personal time...
09/04/2026,22:53:43: Training...
09/04/2026,22:53:48: Evaluating...
09/04/2026,22:53:48: 	Train Loss: 787194.6250 (base: 137.3712, kd: 7870.5718), Elapsed: train 6.67 test 0.54 *
09/04/2026,22:53:48: 	Recall@10: 0.06628 Recall@20: 0.09618 NDCG@10: 0.03886 NDCG@20: 0.04723 
09/04/2026,22:53:48: 	Recall@10: 0.02466 Recall@20: 0.03810 NDCG@10: 0.01406 NDCG@20: 0.01763 
09/04/2026,22:53:48: Epoch [80/1000]
09/04/2026,22:53:48: Negative sampling...
09/04/2026,22:53:50: Model's personal time...
09/04/2026,22:53:51: Training...
09/04/2026,22:53:55: Evaluating...
09/04/2026,22:53:56: 	Train Loss: 787115.2500 (base: 133.6950, kd: 7869.8164), Elapsed: train 6.31 test 1.13 *
09/04/2026,22:53:56: 	Recall@10: 0.06644 Recall@20: 0.09622 NDCG@10: 0.03905 NDCG@20: 0.04732 
09/04/2026,22:53:56: 	Recall@10: 0.02457 Recall@20: 0.03780 NDCG@10: 0.01397 NDCG@20: 0.01754 
09/04/2026,22:53:56: Epoch [81/1000]
09/04/2026,22:53:56: Negative sampling...
09/04/2026,22:53:57: Model's personal time...
09/04/2026,22:53:57: Training...
09/04/2026,22:54:01: Evaluating...
09/04/2026,22:54:02: 	Train Loss: 787069.8750 (base: 129.6378, kd: 7869.4023), Elapsed: train 5.41 test 0.93
09/04/2026,22:54:02: 	Recall@10: 0.06625 Recall@20: 0.09617 NDCG@10: 0.03895 NDCG@20: 0.04730 
09/04/2026,22:54:02: 	Recall@10: 0.02466 Recall@20: 0.03734 NDCG@10: 0.01396 NDCG@20: 0.01738 
09/04/2026,22:54:02: Epoch [82/1000]
09/04/2026,22:54:02: Negative sampling...
09/04/2026,22:54:04: Model's personal time...
09/04/2026,22:54:04: Training...
09/04/2026,22:54:09: Evaluating...
09/04/2026,22:54:10: 	Train Loss: 786947.8750 (base: 131.0583, kd: 7868.1680), Elapsed: train 6.54 test 1.26
09/04/2026,22:54:10: 	Recall@10: 0.06657 Recall@20: 0.09554 NDCG@10: 0.03922 NDCG@20: 0.04723 
09/04/2026,22:54:10: 	Recall@10: 0.02458 Recall@20: 0.03783 NDCG@10: 0.01409 NDCG@20: 0.01767 
09/04/2026,22:54:10: Epoch [83/1000]
09/04/2026,22:54:10: Negative sampling...
09/04/2026,22:54:11: Model's personal time...
09/04/2026,22:54:11: Training...
09/04/2026,22:54:16: Evaluating...
09/04/2026,22:54:18: 	Train Loss: 786939.7500 (base: 129.2229, kd: 7868.1050), Elapsed: train 6.49 test 1.68 *
09/04/2026,22:54:18: 	Recall@10: 0.06669 Recall@20: 0.09690 NDCG@10: 0.03923 NDCG@20: 0.04763 
09/04/2026,22:54:18: 	Recall@10: 0.02452 Recall@20: 0.03842 NDCG@10: 0.01417 NDCG@20: 0.01790 
09/04/2026,22:54:18: Epoch [84/1000]
09/04/2026,22:54:18: Negative sampling...
09/04/2026,22:54:19: Model's personal time...
09/04/2026,22:54:20: Training...
09/04/2026,22:54:25: Evaluating...
09/04/2026,22:54:26: 	Train Loss: 786875.5625 (base: 123.3086, kd: 7867.5229), Elapsed: train 6.73 test 1.64
09/04/2026,22:54:26: 	Recall@10: 0.06703 Recall@20: 0.09600 NDCG@10: 0.03951 NDCG@20: 0.04751 
09/04/2026,22:54:26: 	Recall@10: 0.02555 Recall@20: 0.03759 NDCG@10: 0.01459 NDCG@20: 0.01784 
09/04/2026,22:54:26: Epoch [85/1000]
09/04/2026,22:54:26: Negative sampling...
09/04/2026,22:54:28: Model's personal time...
09/04/2026,22:54:28: Training...
09/04/2026,22:54:34: Evaluating...
09/04/2026,22:54:35: 	Train Loss: 786855.4375 (base: 125.5586, kd: 7867.2983), Elapsed: train 7.16 test 1.36 *
09/04/2026,22:54:35: 	Recall@10: 0.06666 Recall@20: 0.09723 NDCG@10: 0.03913 NDCG@20: 0.04766 
09/04/2026,22:54:35: 	Recall@10: 0.02497 Recall@20: 0.03819 NDCG@10: 0.01437 NDCG@20: 0.01791 
09/04/2026,22:54:35: Epoch [86/1000]
09/04/2026,22:54:35: Negative sampling...
09/04/2026,22:54:36: Model's personal time...
09/04/2026,22:54:36: Training...
09/04/2026,22:54:42: Evaluating...
09/04/2026,22:54:43: 	Train Loss: 786749.9375 (base: 123.9166, kd: 7866.2603), Elapsed: train 6.96 test 1.35 *
09/04/2026,22:54:43: 	Recall@10: 0.06706 Recall@20: 0.09669 NDCG@10: 0.03971 NDCG@20: 0.04798 
09/04/2026,22:54:43: 	Recall@10: 0.02532 Recall@20: 0.03844 NDCG@10: 0.01457 NDCG@20: 0.01807 
09/04/2026,22:54:43: Epoch [87/1000]
09/04/2026,22:54:43: Negative sampling...
09/04/2026,22:54:45: Model's personal time...
09/04/2026,22:54:45: Training...
09/04/2026,22:54:50: Evaluating...
09/04/2026,22:54:51: 	Train Loss: 786722.6250 (base: 123.2403, kd: 7865.9937), Elapsed: train 7.22 test 0.95 *
09/04/2026,22:54:51: 	Recall@10: 0.06679 Recall@20: 0.09850 NDCG@10: 0.03956 NDCG@20: 0.04835 
09/04/2026,22:54:51: 	Recall@10: 0.02466 Recall@20: 0.03857 NDCG@10: 0.01448 NDCG@20: 0.01818 
09/04/2026,22:54:51: Epoch [88/1000]
09/04/2026,22:54:51: Negative sampling...
09/04/2026,22:54:53: Model's personal time...
09/04/2026,22:54:53: Training...
09/04/2026,22:54:59: Evaluating...
09/04/2026,22:55:00: 	Train Loss: 786654.0000 (base: 119.0223, kd: 7865.3506), Elapsed: train 7.22 test 0.86
09/04/2026,22:55:00: 	Recall@10: 0.06660 Recall@20: 0.09764 NDCG@10: 0.03958 NDCG@20: 0.04830 
09/04/2026,22:55:00: 	Recall@10: 0.02540 Recall@20: 0.03851 NDCG@10: 0.01458 NDCG@20: 0.01808 
09/04/2026,22:55:00: Epoch [89/1000]
09/04/2026,22:55:00: Negative sampling...
09/04/2026,22:55:01: Model's personal time...
09/04/2026,22:55:01: Training...
09/04/2026,22:55:06: Evaluating...
09/04/2026,22:55:07: 	Train Loss: 786609.8750 (base: 120.4243, kd: 7864.8940), Elapsed: train 6.90 test 0.46 *
09/04/2026,22:55:07: 	Recall@10: 0.06687 Recall@20: 0.09856 NDCG@10: 0.03983 NDCG@20: 0.04860 
09/04/2026,22:55:07: 	Recall@10: 0.02489 Recall@20: 0.03847 NDCG@10: 0.01456 NDCG@20: 0.01821 
09/04/2026,22:55:07: Epoch [90/1000]
09/04/2026,22:55:07: Negative sampling...
09/04/2026,22:55:08: Model's personal time...
09/04/2026,22:55:09: Training...
09/04/2026,22:55:13: Evaluating...
09/04/2026,22:55:15: 	Train Loss: 786564.0625 (base: 116.4994, kd: 7864.4761), Elapsed: train 6.38 test 1.69 *
09/04/2026,22:55:15: 	Recall@10: 0.06692 Recall@20: 0.09911 NDCG@10: 0.03987 NDCG@20: 0.04878 
09/04/2026,22:55:15: 	Recall@10: 0.02526 Recall@20: 0.03921 NDCG@10: 0.01470 NDCG@20: 0.01843 
09/04/2026,22:55:15: Epoch [91/1000]
09/04/2026,22:55:15: Negative sampling...
09/04/2026,22:55:16: Model's personal time...
09/04/2026,22:55:16: Training...
09/04/2026,22:55:22: Evaluating...
09/04/2026,22:55:23: 	Train Loss: 786558.5000 (base: 114.8748, kd: 7864.4365), Elapsed: train 6.85 test 1.38 *
09/04/2026,22:55:23: 	Recall@10: 0.06741 Recall@20: 0.09901 NDCG@10: 0.04002 NDCG@20: 0.04885 
09/04/2026,22:55:23: 	Recall@10: 0.02518 Recall@20: 0.03905 NDCG@10: 0.01472 NDCG@20: 0.01841 
09/04/2026,22:55:23: Epoch [92/1000]
09/04/2026,22:55:23: Negative sampling...
09/04/2026,22:55:25: Model's personal time...
09/04/2026,22:55:26: Training...
09/04/2026,22:55:30: Evaluating...
09/04/2026,22:55:31: 	Train Loss: 786472.1250 (base: 114.8623, kd: 7863.5728), Elapsed: train 7.01 test 0.52 *
09/04/2026,22:55:31: 	Recall@10: 0.06697 Recall@20: 0.09959 NDCG@10: 0.04008 NDCG@20: 0.04917 
09/04/2026,22:55:31: 	Recall@10: 0.02516 Recall@20: 0.03954 NDCG@10: 0.01463 NDCG@20: 0.01848 
09/04/2026,22:55:31: Epoch [93/1000]
09/04/2026,22:55:31: Negative sampling...
09/04/2026,22:55:32: Model's personal time...
09/04/2026,22:55:33: Training...
09/04/2026,22:55:37: Evaluating...
09/04/2026,22:55:38: 	Train Loss: 786386.3750 (base: 112.0314, kd: 7862.7427), Elapsed: train 6.26 test 1.21
09/04/2026,22:55:38: 	Recall@10: 0.06737 Recall@20: 0.09912 NDCG@10: 0.03981 NDCG@20: 0.04863 
09/04/2026,22:55:38: 	Recall@10: 0.02535 Recall@20: 0.03936 NDCG@10: 0.01481 NDCG@20: 0.01853 
09/04/2026,22:55:38: Epoch [94/1000]
09/04/2026,22:55:38: Negative sampling...
09/04/2026,22:55:40: Model's personal time...
09/04/2026,22:55:40: Training...
09/04/2026,22:55:45: Evaluating...
09/04/2026,22:55:46: 	Train Loss: 786373.9375 (base: 113.6564, kd: 7862.6030), Elapsed: train 6.52 test 1.56 *
09/04/2026,22:55:46: 	Recall@10: 0.06723 Recall@20: 0.09929 NDCG@10: 0.04033 NDCG@20: 0.04920 
09/04/2026,22:55:46: 	Recall@10: 0.02559 Recall@20: 0.03980 NDCG@10: 0.01501 NDCG@20: 0.01878 
09/04/2026,22:55:46: Epoch [95/1000]
09/04/2026,22:55:46: Negative sampling...
09/04/2026,22:55:48: Model's personal time...
09/04/2026,22:55:48: Training...
09/04/2026,22:55:53: Evaluating...
09/04/2026,22:55:55: 	Train Loss: 786301.8750 (base: 111.6012, kd: 7861.9023), Elapsed: train 7.17 test 1.19
09/04/2026,22:55:55: 	Recall@10: 0.06735 Recall@20: 0.09981 NDCG@10: 0.04013 NDCG@20: 0.04912 
09/04/2026,22:55:55: 	Recall@10: 0.02529 Recall@20: 0.04001 NDCG@10: 0.01485 NDCG@20: 0.01873 
09/04/2026,22:55:55: Epoch [96/1000]
09/04/2026,22:55:55: Negative sampling...
09/04/2026,22:55:56: Model's personal time...
09/04/2026,22:55:57: Training...
09/04/2026,22:56:02: Evaluating...
09/04/2026,22:56:02: 	Train Loss: 786319.8125 (base: 108.6963, kd: 7862.1108), Elapsed: train 7.07 test 0.51 *
09/04/2026,22:56:02: 	Recall@10: 0.06777 Recall@20: 0.10101 NDCG@10: 0.04032 NDCG@20: 0.04950 
09/04/2026,22:56:02: 	Recall@10: 0.02519 Recall@20: 0.04011 NDCG@10: 0.01482 NDCG@20: 0.01877 
09/04/2026,22:56:02: Epoch [97/1000]
09/04/2026,22:56:02: Negative sampling...
09/04/2026,22:56:04: Model's personal time...
09/04/2026,22:56:05: Training...
09/04/2026,22:56:08: Evaluating...
09/04/2026,22:56:10: 	Train Loss: 786257.3125 (base: 107.8768, kd: 7861.4941), Elapsed: train 6.30 test 1.55
09/04/2026,22:56:10: 	Recall@10: 0.06735 Recall@20: 0.09997 NDCG@10: 0.04008 NDCG@20: 0.04916 
09/04/2026,22:56:10: 	Recall@10: 0.02486 Recall@20: 0.03989 NDCG@10: 0.01463 NDCG@20: 0.01858 
09/04/2026,22:56:10: Epoch [98/1000]
09/04/2026,22:56:10: Negative sampling...
09/04/2026,22:56:11: Model's personal time...
09/04/2026,22:56:12: Training...
09/04/2026,22:56:16: Evaluating...
09/04/2026,22:56:18: 	Train Loss: 786186.2500 (base: 108.1732, kd: 7860.7803), Elapsed: train 6.44 test 1.54 *
09/04/2026,22:56:18: 	Recall@10: 0.06821 Recall@20: 0.10024 NDCG@10: 0.04054 NDCG@20: 0.04952 
09/04/2026,22:56:18: 	Recall@10: 0.02498 Recall@20: 0.03912 NDCG@10: 0.01473 NDCG@20: 0.01850 
09/04/2026,22:56:18: Epoch [99/1000]
09/04/2026,22:56:18: Negative sampling...
09/04/2026,22:56:19: Model's personal time...
09/04/2026,22:56:20: Training...
09/04/2026,22:56:25: Evaluating...
09/04/2026,22:56:26: 	Train Loss: 786165.3750 (base: 105.6064, kd: 7860.5977), Elapsed: train 7.34 test 0.68 *
09/04/2026,22:56:26: 	Recall@10: 0.06836 Recall@20: 0.10004 NDCG@10: 0.04100 NDCG@20: 0.04978 
09/04/2026,22:56:26: 	Recall@10: 0.02550 Recall@20: 0.04006 NDCG@10: 0.01482 NDCG@20: 0.01869 
09/04/2026,22:56:26: Epoch [100/1000]
09/04/2026,22:56:26: Negative sampling...
09/04/2026,22:56:27: Model's personal time...
09/04/2026,22:56:28: Training...
09/04/2026,22:56:33: Evaluating...
09/04/2026,22:56:34: 	Train Loss: 786129.9375 (base: 105.7623, kd: 7860.2417), Elapsed: train 6.99 test 0.49 *
09/04/2026,22:56:34: 	Recall@10: 0.06803 Recall@20: 0.10126 NDCG@10: 0.04063 NDCG@20: 0.04983 
09/04/2026,22:56:34: 	Recall@10: 0.02516 Recall@20: 0.04073 NDCG@10: 0.01466 NDCG@20: 0.01879 
09/04/2026,22:56:34: Epoch [101/1000]
09/04/2026,22:56:34: Negative sampling...
09/04/2026,22:56:35: Model's personal time...
09/04/2026,22:56:36: Training...
09/04/2026,22:56:41: Evaluating...
09/04/2026,22:56:42: 	Train Loss: 786077.0625 (base: 103.5311, kd: 7859.7354), Elapsed: train 7.17 test 0.92 *
09/04/2026,22:56:42: 	Recall@10: 0.06816 Recall@20: 0.10123 NDCG@10: 0.04091 NDCG@20: 0.05010 
09/04/2026,22:56:42: 	Recall@10: 0.02567 Recall@20: 0.04048 NDCG@10: 0.01489 NDCG@20: 0.01882 
09/04/2026,22:56:42: Epoch [102/1000]
09/04/2026,22:56:42: Negative sampling...
09/04/2026,22:56:43: Model's personal time...
09/04/2026,22:56:44: Training...
09/04/2026,22:56:49: Evaluating...
09/04/2026,22:56:50: 	Train Loss: 786051.3125 (base: 101.5129, kd: 7859.4985), Elapsed: train 7.42 test 0.83
09/04/2026,22:56:50: 	Recall@10: 0.06854 Recall@20: 0.10113 NDCG@10: 0.04107 NDCG@20: 0.05004 
09/04/2026,22:56:50: 	Recall@10: 0.02557 Recall@20: 0.04055 NDCG@10: 0.01466 NDCG@20: 0.01865 
09/04/2026,22:56:50: Epoch [103/1000]
09/04/2026,22:56:50: Negative sampling...
09/04/2026,22:56:51: Model's personal time...
09/04/2026,22:56:52: Training...
09/04/2026,22:56:57: Evaluating...
09/04/2026,22:56:58: 	Train Loss: 786047.8125 (base: 102.1395, kd: 7859.4565), Elapsed: train 6.91 test 0.87 *
09/04/2026,22:56:58: 	Recall@10: 0.06875 Recall@20: 0.10126 NDCG@10: 0.04144 NDCG@20: 0.05044 
09/04/2026,22:56:58: 	Recall@10: 0.02642 Recall@20: 0.03982 NDCG@10: 0.01503 NDCG@20: 0.01860 
09/04/2026,22:56:58: Epoch [104/1000]
09/04/2026,22:56:58: Negative sampling...
09/04/2026,22:56:59: Model's personal time...
09/04/2026,22:57:00: Training...
09/04/2026,22:57:05: Evaluating...
09/04/2026,22:57:05: 	Train Loss: 785952.8125 (base: 101.3269, kd: 7858.5151), Elapsed: train 6.98 test 0.56 *
09/04/2026,22:57:05: 	Recall@10: 0.06877 Recall@20: 0.10217 NDCG@10: 0.04159 NDCG@20: 0.05082 
09/04/2026,22:57:05: 	Recall@10: 0.02624 Recall@20: 0.04053 NDCG@10: 0.01490 NDCG@20: 0.01871 
09/04/2026,22:57:05: Epoch [105/1000]
09/04/2026,22:57:05: Negative sampling...
09/04/2026,22:57:07: Model's personal time...
09/04/2026,22:57:08: Training...
09/04/2026,22:57:12: Evaluating...
09/04/2026,22:57:13: 	Train Loss: 785960.0625 (base: 103.0051, kd: 7858.5708), Elapsed: train 6.90 test 0.43
09/04/2026,22:57:13: 	Recall@10: 0.06932 Recall@20: 0.10210 NDCG@10: 0.04155 NDCG@20: 0.05064 
09/04/2026,22:57:13: 	Recall@10: 0.02598 Recall@20: 0.04025 NDCG@10: 0.01494 NDCG@20: 0.01875 
09/04/2026,22:57:13: Epoch [106/1000]
09/04/2026,22:57:13: Negative sampling...
09/04/2026,22:57:14: Model's personal time...
09/04/2026,22:57:15: Training...
09/04/2026,22:57:19: Evaluating...
09/04/2026,22:57:20: 	Train Loss: 785918.3750 (base: 97.6951, kd: 7858.2065), Elapsed: train 6.22 test 0.97 *
09/04/2026,22:57:20: 	Recall@10: 0.06898 Recall@20: 0.10214 NDCG@10: 0.04168 NDCG@20: 0.05087 
09/04/2026,22:57:20: 	Recall@10: 0.02626 Recall@20: 0.04025 NDCG@10: 0.01516 NDCG@20: 0.01890 
09/04/2026,22:57:20: Epoch [107/1000]
09/04/2026,22:57:20: Negative sampling...
09/04/2026,22:57:21: Model's personal time...
09/04/2026,22:57:21: Training...
09/04/2026,22:57:26: Evaluating...
09/04/2026,22:57:28: 	Train Loss: 785844.9375 (base: 100.6995, kd: 7857.4424), Elapsed: train 6.49 test 2.05
09/04/2026,22:57:28: 	Recall@10: 0.06865 Recall@20: 0.10225 NDCG@10: 0.04126 NDCG@20: 0.05066 
09/04/2026,22:57:28: 	Recall@10: 0.02596 Recall@20: 0.03996 NDCG@10: 0.01508 NDCG@20: 0.01884 
09/04/2026,22:57:28: Epoch [108/1000]
09/04/2026,22:57:28: Negative sampling...
09/04/2026,22:57:30: Model's personal time...
09/04/2026,22:57:30: Training...
09/04/2026,22:57:36: Evaluating...
09/04/2026,22:57:36: 	Train Loss: 785822.3750 (base: 98.2938, kd: 7857.2402), Elapsed: train 7.35 test 0.70 *
09/04/2026,22:57:36: 	Recall@10: 0.06918 Recall@20: 0.10309 NDCG@10: 0.04151 NDCG@20: 0.05093 
09/04/2026,22:57:36: 	Recall@10: 0.02613 Recall@20: 0.04081 NDCG@10: 0.01505 NDCG@20: 0.01896 
09/04/2026,22:57:36: Epoch [109/1000]
09/04/2026,22:57:36: Negative sampling...
09/04/2026,22:57:38: Model's personal time...
09/04/2026,22:57:38: Training...
09/04/2026,22:57:43: Evaluating...
09/04/2026,22:57:44: 	Train Loss: 785847.8125 (base: 97.6592, kd: 7857.5020), Elapsed: train 7.03 test 0.44 *
09/04/2026,22:57:44: 	Recall@10: 0.06981 Recall@20: 0.10297 NDCG@10: 0.04183 NDCG@20: 0.05102 
09/04/2026,22:57:44: 	Recall@10: 0.02635 Recall@20: 0.04101 NDCG@10: 0.01512 NDCG@20: 0.01905 
09/04/2026,22:57:44: Epoch [110/1000]
09/04/2026,22:57:44: Negative sampling...
09/04/2026,22:57:45: Model's personal time...
09/04/2026,22:57:46: Training...
09/04/2026,22:57:51: Evaluating...
09/04/2026,22:57:51: 	Train Loss: 785753.1250 (base: 95.0407, kd: 7856.5811), Elapsed: train 6.89 test 0.62
09/04/2026,22:57:51: 	Recall@10: 0.06996 Recall@20: 0.10294 NDCG@10: 0.04178 NDCG@20: 0.05089 
09/04/2026,22:57:51: 	Recall@10: 0.02668 Recall@20: 0.04027 NDCG@10: 0.01535 NDCG@20: 0.01899 
09/04/2026,22:57:51: Epoch [111/1000]
09/04/2026,22:57:51: Negative sampling...
09/04/2026,22:57:53: Model's personal time...
09/04/2026,22:57:53: Training...
09/04/2026,22:57:58: Evaluating...
09/04/2026,22:58:00: 	Train Loss: 785736.1250 (base: 96.4128, kd: 7856.3979), Elapsed: train 7.19 test 1.41
09/04/2026,22:58:00: 	Recall@10: 0.07061 Recall@20: 0.10297 NDCG@10: 0.04208 NDCG@20: 0.05099 
09/04/2026,22:58:00: 	Recall@10: 0.02686 Recall@20: 0.04045 NDCG@10: 0.01538 NDCG@20: 0.01904 
09/04/2026,22:58:00: Epoch [112/1000]
09/04/2026,22:58:00: Negative sampling...
09/04/2026,22:58:01: Model's personal time...
09/04/2026,22:58:02: Training...
09/04/2026,22:58:07: Evaluating...
09/04/2026,22:58:08: 	Train Loss: 785675.4375 (base: 95.0207, kd: 7855.8042), Elapsed: train 7.17 test 0.92 *
09/04/2026,22:58:08: 	Recall@10: 0.06906 Recall@20: 0.10359 NDCG@10: 0.04181 NDCG@20: 0.05127 
09/04/2026,22:58:08: 	Recall@10: 0.02714 Recall@20: 0.04093 NDCG@10: 0.01529 NDCG@20: 0.01902 
09/04/2026,22:58:08: Epoch [113/1000]
09/04/2026,22:58:08: Negative sampling...
09/04/2026,22:58:09: Model's personal time...
09/04/2026,22:58:10: Training...
09/04/2026,22:58:15: Evaluating...
09/04/2026,22:58:16: 	Train Loss: 785689.7500 (base: 91.6810, kd: 7855.9805), Elapsed: train 7.02 test 0.72
09/04/2026,22:58:16: 	Recall@10: 0.06917 Recall@20: 0.10339 NDCG@10: 0.04178 NDCG@20: 0.05117 
09/04/2026,22:58:16: 	Recall@10: 0.02778 Recall@20: 0.04091 NDCG@10: 0.01554 NDCG@20: 0.01906 
09/04/2026,22:58:16: Epoch [114/1000]
09/04/2026,22:58:16: Negative sampling...
09/04/2026,22:58:17: Model's personal time...
09/04/2026,22:58:18: Training...
09/04/2026,22:58:23: Evaluating...
09/04/2026,22:58:24: 	Train Loss: 785643.0000 (base: 95.2047, kd: 7855.4780), Elapsed: train 7.19 test 0.70
09/04/2026,22:58:24: 	Recall@10: 0.06874 Recall@20: 0.10345 NDCG@10: 0.04161 NDCG@20: 0.05117 
09/04/2026,22:58:24: 	Recall@10: 0.02806 Recall@20: 0.04051 NDCG@10: 0.01583 NDCG@20: 0.01916 
09/04/2026,22:58:24: Epoch [115/1000]
09/04/2026,22:58:24: Negative sampling...
09/04/2026,22:58:25: Model's personal time...
09/04/2026,22:58:25: Training...
09/04/2026,22:58:31: Evaluating...
09/04/2026,22:58:31: 	Train Loss: 785643.3125 (base: 94.8895, kd: 7855.4844), Elapsed: train 6.92 test 0.58
09/04/2026,22:58:31: 	Recall@10: 0.06906 Recall@20: 0.10322 NDCG@10: 0.04179 NDCG@20: 0.05124 
09/04/2026,22:58:31: 	Recall@10: 0.02750 Recall@20: 0.04041 NDCG@10: 0.01557 NDCG@20: 0.01905 
09/04/2026,22:58:31: Epoch [116/1000]
09/04/2026,22:58:31: Negative sampling...
09/04/2026,22:58:33: Model's personal time...
09/04/2026,22:58:33: Training...
09/04/2026,22:58:38: Evaluating...
09/04/2026,22:58:39: 	Train Loss: 785585.6250 (base: 93.5153, kd: 7854.9219), Elapsed: train 6.90 test 0.54 *
09/04/2026,22:58:39: 	Recall@10: 0.06861 Recall@20: 0.10361 NDCG@10: 0.04172 NDCG@20: 0.05142 
09/04/2026,22:58:39: 	Recall@10: 0.02686 Recall@20: 0.04067 NDCG@10: 0.01547 NDCG@20: 0.01922 
09/04/2026,22:58:39: Epoch [117/1000]
09/04/2026,22:58:39: Negative sampling...
09/04/2026,22:58:40: Model's personal time...
09/04/2026,22:58:40: Training...
09/04/2026,22:58:46: Evaluating...
09/04/2026,22:58:46: 	Train Loss: 785550.1875 (base: 91.1172, kd: 7854.5908), Elapsed: train 7.02 test 0.55
09/04/2026,22:58:46: 	Recall@10: 0.06924 Recall@20: 0.10197 NDCG@10: 0.04192 NDCG@20: 0.05099 
09/04/2026,22:58:46: 	Recall@10: 0.02729 Recall@20: 0.04032 NDCG@10: 0.01557 NDCG@20: 0.01908 
09/04/2026,22:58:46: Epoch [118/1000]
09/04/2026,22:58:46: Negative sampling...
09/04/2026,22:58:48: Model's personal time...
09/04/2026,22:58:48: Training...
09/04/2026,22:58:53: Evaluating...
09/04/2026,22:58:54: 	Train Loss: 785535.0625 (base: 90.7978, kd: 7854.4424), Elapsed: train 7.23 test 0.61
09/04/2026,22:58:54: 	Recall@10: 0.06892 Recall@20: 0.10229 NDCG@10: 0.04191 NDCG@20: 0.05124 
09/04/2026,22:58:54: 	Recall@10: 0.02752 Recall@20: 0.04061 NDCG@10: 0.01562 NDCG@20: 0.01916 
09/04/2026,22:58:54: Epoch [119/1000]
09/04/2026,22:58:54: Negative sampling...
09/04/2026,22:58:55: Model's personal time...
09/04/2026,22:58:56: Training...
09/04/2026,22:59:01: Evaluating...
09/04/2026,22:59:01: 	Train Loss: 785519.1875 (base: 86.5041, kd: 7854.3262), Elapsed: train 7.00 test 0.49
09/04/2026,22:59:01: 	Recall@10: 0.06842 Recall@20: 0.10192 NDCG@10: 0.04162 NDCG@20: 0.05100 
09/04/2026,22:59:01: 	Recall@10: 0.02717 Recall@20: 0.04088 NDCG@10: 0.01553 NDCG@20: 0.01924 
09/04/2026,22:59:01: Epoch [120/1000]
09/04/2026,22:59:01: Negative sampling...
09/04/2026,22:59:03: Model's personal time...
09/04/2026,22:59:03: Training...
09/04/2026,22:59:08: Evaluating...
09/04/2026,22:59:09: 	Train Loss: 785495.1875 (base: 86.2034, kd: 7854.0903), Elapsed: train 6.91 test 0.49
09/04/2026,22:59:09: 	Recall@10: 0.06976 Recall@20: 0.10193 NDCG@10: 0.04208 NDCG@20: 0.05111 
09/04/2026,22:59:09: 	Recall@10: 0.02694 Recall@20: 0.04046 NDCG@10: 0.01550 NDCG@20: 0.01916 
09/04/2026,22:59:09: Epoch [121/1000]
09/04/2026,22:59:09: Negative sampling...
09/04/2026,22:59:10: Model's personal time...
09/04/2026,22:59:11: Training...
09/04/2026,22:59:16: Evaluating...
09/04/2026,22:59:17: 	Train Loss: 785470.1875 (base: 88.5306, kd: 7853.8169), Elapsed: train 6.93 test 0.92
09/04/2026,22:59:17: 	Recall@10: 0.07004 Recall@20: 0.10218 NDCG@10: 0.04212 NDCG@20: 0.05104 
09/04/2026,22:59:17: 	Recall@10: 0.02688 Recall@20: 0.04087 NDCG@10: 0.01547 NDCG@20: 0.01923 
09/04/2026,22:59:17: Epoch [122/1000]
09/04/2026,22:59:17: Negative sampling...
09/04/2026,22:59:18: Model's personal time...
09/04/2026,22:59:19: Training...
09/04/2026,22:59:24: Evaluating...
09/04/2026,22:59:25: 	Train Loss: 785403.8750 (base: 85.7860, kd: 7853.1816), Elapsed: train 7.36 test 0.94 *
09/04/2026,22:59:25: 	Recall@10: 0.07041 Recall@20: 0.10202 NDCG@10: 0.04273 NDCG@20: 0.05159 
09/04/2026,22:59:25: 	Recall@10: 0.02677 Recall@20: 0.04055 NDCG@10: 0.01565 NDCG@20: 0.01939 
09/04/2026,22:59:25: Epoch [123/1000]
09/04/2026,22:59:25: Negative sampling...
09/04/2026,22:59:26: Model's personal time...
09/04/2026,22:59:27: Training...
09/04/2026,22:59:32: Evaluating...
09/04/2026,22:59:33: 	Train Loss: 785382.1250 (base: 86.6595, kd: 7852.9546), Elapsed: train 7.40 test 0.74
09/04/2026,22:59:33: 	Recall@10: 0.07017 Recall@20: 0.10217 NDCG@10: 0.04252 NDCG@20: 0.05137 
09/04/2026,22:59:33: 	Recall@10: 0.02694 Recall@20: 0.04101 NDCG@10: 0.01568 NDCG@20: 0.01950 
09/04/2026,22:59:33: Epoch [124/1000]
09/04/2026,22:59:33: Negative sampling...
09/04/2026,22:59:35: Model's personal time...
09/04/2026,22:59:36: Training...
09/04/2026,22:59:40: Evaluating...
09/04/2026,22:59:41: 	Train Loss: 785410.1875 (base: 85.1481, kd: 7853.2505), Elapsed: train 6.97 test 0.48 *
09/04/2026,22:59:41: 	Recall@10: 0.06953 Recall@20: 0.10291 NDCG@10: 0.04245 NDCG@20: 0.05168 
09/04/2026,22:59:41: 	Recall@10: 0.02642 Recall@20: 0.04049 NDCG@10: 0.01545 NDCG@20: 0.01927 
09/04/2026,22:59:41: Epoch [125/1000]
09/04/2026,22:59:41: Negative sampling...
09/04/2026,22:59:42: Model's personal time...
09/04/2026,22:59:43: Training...
09/04/2026,22:59:47: Evaluating...
09/04/2026,22:59:48: 	Train Loss: 785335.6875 (base: 84.3942, kd: 7852.5127), Elapsed: train 6.34 test 0.89
09/04/2026,22:59:48: 	Recall@10: 0.07015 Recall@20: 0.10255 NDCG@10: 0.04244 NDCG@20: 0.05145 
09/04/2026,22:59:48: 	Recall@10: 0.02696 Recall@20: 0.04092 NDCG@10: 0.01574 NDCG@20: 0.01952 
09/04/2026,22:59:48: Epoch [126/1000]
09/04/2026,22:59:48: Negative sampling...
09/04/2026,22:59:49: Model's personal time...
09/04/2026,22:59:50: Training...
09/04/2026,22:59:54: Evaluating...
09/04/2026,22:59:55: 	Train Loss: 785334.9375 (base: 82.3387, kd: 7852.5269), Elapsed: train 5.97 test 1.54
09/04/2026,22:59:55: 	Recall@10: 0.06976 Recall@20: 0.10210 NDCG@10: 0.04240 NDCG@20: 0.05144 
09/04/2026,22:59:55: 	Recall@10: 0.02655 Recall@20: 0.04090 NDCG@10: 0.01564 NDCG@20: 0.01949 
09/04/2026,22:59:55: Epoch [127/1000]
09/04/2026,22:59:55: Negative sampling...
09/04/2026,22:59:57: Model's personal time...
09/04/2026,22:59:57: Training...
09/04/2026,23:00:02: Evaluating...
09/04/2026,23:00:04: 	Train Loss: 785277.5625 (base: 83.8888, kd: 7851.9365), Elapsed: train 6.85 test 1.41
09/04/2026,23:00:04: 	Recall@10: 0.06937 Recall@20: 0.10212 NDCG@10: 0.04222 NDCG@20: 0.05136 
09/04/2026,23:00:04: 	Recall@10: 0.02635 Recall@20: 0.04108 NDCG@10: 0.01552 NDCG@20: 0.01947 
09/04/2026,23:00:04: Epoch [128/1000]
09/04/2026,23:00:04: Negative sampling...
09/04/2026,23:00:05: Model's personal time...
09/04/2026,23:00:06: Training...
09/04/2026,23:00:11: Evaluating...
09/04/2026,23:00:12: 	Train Loss: 785295.5625 (base: 81.5751, kd: 7852.1401), Elapsed: train 7.55 test 0.94
09/04/2026,23:00:12: 	Recall@10: 0.06968 Recall@20: 0.10257 NDCG@10: 0.04214 NDCG@20: 0.05128 
09/04/2026,23:00:12: 	Recall@10: 0.02703 Recall@20: 0.04156 NDCG@10: 0.01577 NDCG@20: 0.01969 
09/04/2026,23:00:12: Epoch [129/1000]
09/04/2026,23:00:12: Negative sampling...
09/04/2026,23:00:13: Model's personal time...
09/04/2026,23:00:14: Training...
09/04/2026,23:00:19: Evaluating...
09/04/2026,23:00:20: 	Train Loss: 785220.8750 (base: 84.1011, kd: 7851.3677), Elapsed: train 6.89 test 0.93
09/04/2026,23:00:20: 	Recall@10: 0.07002 Recall@20: 0.10259 NDCG@10: 0.04227 NDCG@20: 0.05134 
09/04/2026,23:00:20: 	Recall@10: 0.02700 Recall@20: 0.04174 NDCG@10: 0.01573 NDCG@20: 0.01971 
09/04/2026,23:00:20: Epoch [130/1000]
09/04/2026,23:00:20: Negative sampling...
09/04/2026,23:00:21: Model's personal time...
09/04/2026,23:00:22: Training...
09/04/2026,23:00:27: Evaluating...
09/04/2026,23:00:28: 	Train Loss: 785209.0625 (base: 81.5021, kd: 7851.2754), Elapsed: train 7.25 test 0.47
09/04/2026,23:00:28: 	Recall@10: 0.06999 Recall@20: 0.10299 NDCG@10: 0.04253 NDCG@20: 0.05164 
09/04/2026,23:00:28: 	Recall@10: 0.02709 Recall@20: 0.04144 NDCG@10: 0.01578 NDCG@20: 0.01964 
09/04/2026,23:00:28: Epoch [131/1000]
09/04/2026,23:00:28: Negative sampling...
09/04/2026,23:00:29: Model's personal time...
09/04/2026,23:00:29: Training...
09/04/2026,23:00:35: Evaluating...
09/04/2026,23:00:35: 	Train Loss: 785181.8750 (base: 82.4414, kd: 7850.9941), Elapsed: train 6.95 test 0.55
09/04/2026,23:00:35: 	Recall@10: 0.07010 Recall@20: 0.10214 NDCG@10: 0.04271 NDCG@20: 0.05164 
09/04/2026,23:00:35: 	Recall@10: 0.02687 Recall@20: 0.04176 NDCG@10: 0.01582 NDCG@20: 0.01985 
09/04/2026,23:00:35: Epoch [132/1000]
09/04/2026,23:00:35: Negative sampling...
09/04/2026,23:00:37: Model's personal time...
09/04/2026,23:00:37: Training...
09/04/2026,23:00:42: Evaluating...
09/04/2026,23:00:43: 	Train Loss: 785159.1875 (base: 79.7034, kd: 7850.7949), Elapsed: train 7.03 test 0.98 *
09/04/2026,23:00:43: 	Recall@10: 0.07026 Recall@20: 0.10255 NDCG@10: 0.04281 NDCG@20: 0.05182 
09/04/2026,23:00:43: 	Recall@10: 0.02800 Recall@20: 0.04185 NDCG@10: 0.01620 NDCG@20: 0.01995 
09/04/2026,23:00:43: Epoch [133/1000]
09/04/2026,23:00:43: Negative sampling...
09/04/2026,23:00:45: Model's personal time...
09/04/2026,23:00:46: Training...
09/04/2026,23:00:50: Evaluating...
09/04/2026,23:00:51: 	Train Loss: 785139.5000 (base: 81.3641, kd: 7850.5811), Elapsed: train 7.11 test 0.55
09/04/2026,23:00:51: 	Recall@10: 0.07022 Recall@20: 0.10212 NDCG@10: 0.04258 NDCG@20: 0.05150 
09/04/2026,23:00:51: 	Recall@10: 0.02756 Recall@20: 0.04165 NDCG@10: 0.01595 NDCG@20: 0.01978 
09/04/2026,23:00:51: Epoch [134/1000]
09/04/2026,23:00:51: Negative sampling...
09/04/2026,23:00:52: Model's personal time...
09/04/2026,23:00:53: Training...
09/04/2026,23:00:57: Evaluating...
09/04/2026,23:00:57: 	Train Loss: 785119.8125 (base: 80.5622, kd: 7850.3926), Elapsed: train 6.07 test 0.42
09/04/2026,23:00:57: 	Recall@10: 0.07019 Recall@20: 0.10309 NDCG@10: 0.04252 NDCG@20: 0.05169 
09/04/2026,23:00:57: 	Recall@10: 0.02773 Recall@20: 0.04144 NDCG@10: 0.01595 NDCG@20: 0.01967 
09/04/2026,23:00:57: Epoch [135/1000]
09/04/2026,23:00:57: Negative sampling...
09/04/2026,23:00:59: Model's personal time...
09/04/2026,23:01:00: Training...
09/04/2026,23:01:04: Evaluating...
09/04/2026,23:01:05: 	Train Loss: 785118.6875 (base: 78.3425, kd: 7850.4028), Elapsed: train 6.27 test 1.69 *
09/04/2026,23:01:05: 	Recall@10: 0.06989 Recall@20: 0.10371 NDCG@10: 0.04254 NDCG@20: 0.05189 
09/04/2026,23:01:05: 	Recall@10: 0.02738 Recall@20: 0.04240 NDCG@10: 0.01593 NDCG@20: 0.01998 
09/04/2026,23:01:05: Epoch [136/1000]
09/04/2026,23:01:05: Negative sampling...
09/04/2026,23:01:07: Model's personal time...
09/04/2026,23:01:07: Training...
09/04/2026,23:01:12: Evaluating...
09/04/2026,23:01:14: 	Train Loss: 785059.3125 (base: 79.2046, kd: 7849.8013), Elapsed: train 6.96 test 1.34
09/04/2026,23:01:14: 	Recall@10: 0.06934 Recall@20: 0.10361 NDCG@10: 0.04237 NDCG@20: 0.05187 
09/04/2026,23:01:14: 	Recall@10: 0.02798 Recall@20: 0.04195 NDCG@10: 0.01610 NDCG@20: 0.01987 
09/04/2026,23:01:14: Epoch [137/1000]
09/04/2026,23:01:14: Negative sampling...
09/04/2026,23:01:15: Model's personal time...
09/04/2026,23:01:15: Training...
09/04/2026,23:01:20: Evaluating...
09/04/2026,23:01:22: 	Train Loss: 785059.1875 (base: 77.1163, kd: 7849.8208), Elapsed: train 6.92 test 1.35 *
09/04/2026,23:01:22: 	Recall@10: 0.07038 Recall@20: 0.10363 NDCG@10: 0.04292 NDCG@20: 0.05207 
09/04/2026,23:01:22: 	Recall@10: 0.02754 Recall@20: 0.04194 NDCG@10: 0.01598 NDCG@20: 0.01986 
09/04/2026,23:01:22: Epoch [138/1000]
09/04/2026,23:01:22: Negative sampling...
09/04/2026,23:01:23: Model's personal time...
09/04/2026,23:01:24: Training...
09/04/2026,23:01:29: Evaluating...
09/04/2026,23:01:30: 	Train Loss: 785049.6875 (base: 78.3538, kd: 7849.7134), Elapsed: train 7.21 test 0.68
09/04/2026,23:01:30: 	Recall@10: 0.07074 Recall@20: 0.10297 NDCG@10: 0.04263 NDCG@20: 0.05156 
09/04/2026,23:01:30: 	Recall@10: 0.02738 Recall@20: 0.04177 NDCG@10: 0.01590 NDCG@20: 0.01981 
09/04/2026,23:01:30: Epoch [139/1000]
09/04/2026,23:01:30: Negative sampling...
09/04/2026,23:01:31: Model's personal time...
09/04/2026,23:01:32: Training...
09/04/2026,23:01:37: Evaluating...
09/04/2026,23:01:38: 	Train Loss: 785026.9375 (base: 79.1348, kd: 7849.4775), Elapsed: train 7.55 test 0.84
09/04/2026,23:01:38: 	Recall@10: 0.06990 Recall@20: 0.10308 NDCG@10: 0.04248 NDCG@20: 0.05168 
09/04/2026,23:01:38: 	Recall@10: 0.02808 Recall@20: 0.04154 NDCG@10: 0.01608 NDCG@20: 0.01972 
09/04/2026,23:01:38: Epoch [140/1000]
09/04/2026,23:01:38: Negative sampling...
09/04/2026,23:01:40: Model's personal time...
09/04/2026,23:01:40: Training...
09/04/2026,23:01:46: Evaluating...
09/04/2026,23:01:46: 	Train Loss: 785003.0625 (base: 77.0187, kd: 7849.2607), Elapsed: train 7.52 test 0.67
09/04/2026,23:01:46: 	Recall@10: 0.06942 Recall@20: 0.10384 NDCG@10: 0.04230 NDCG@20: 0.05186 
09/04/2026,23:01:46: 	Recall@10: 0.02748 Recall@20: 0.04208 NDCG@10: 0.01577 NDCG@20: 0.01973 
09/04/2026,23:01:46: Epoch [141/1000]
09/04/2026,23:01:46: Negative sampling...
09/04/2026,23:01:48: Model's personal time...
09/04/2026,23:01:48: Training...
09/04/2026,23:01:54: Evaluating...
09/04/2026,23:01:54: 	Train Loss: 784972.1250 (base: 73.3015, kd: 7848.9888), Elapsed: train 7.23 test 0.52
09/04/2026,23:01:54: 	Recall@10: 0.06952 Recall@20: 0.10379 NDCG@10: 0.04230 NDCG@20: 0.05179 
09/04/2026,23:01:54: 	Recall@10: 0.02767 Recall@20: 0.04197 NDCG@10: 0.01586 NDCG@20: 0.01976 
09/04/2026,23:01:54: Epoch [142/1000]
09/04/2026,23:01:54: Negative sampling...
09/04/2026,23:01:55: Model's personal time...
09/04/2026,23:01:56: Training...
09/04/2026,23:02:01: Evaluating...
09/04/2026,23:02:02: 	Train Loss: 784992.1250 (base: 78.3254, kd: 7849.1382), Elapsed: train 7.03 test 0.55
09/04/2026,23:02:02: 	Recall@10: 0.06974 Recall@20: 0.10340 NDCG@10: 0.04226 NDCG@20: 0.05158 
09/04/2026,23:02:02: 	Recall@10: 0.02800 Recall@20: 0.04181 NDCG@10: 0.01610 NDCG@20: 0.01988 
09/04/2026,23:02:02: Epoch [143/1000]
09/04/2026,23:02:02: Negative sampling...
09/04/2026,23:02:03: Model's personal time...
09/04/2026,23:02:04: Training...
09/04/2026,23:02:09: Evaluating...
09/04/2026,23:02:09: 	Train Loss: 784950.3750 (base: 76.7914, kd: 7848.7354), Elapsed: train 6.93 test 0.44
09/04/2026,23:02:09: 	Recall@10: 0.07048 Recall@20: 0.10396 NDCG@10: 0.04258 NDCG@20: 0.05183 
09/04/2026,23:02:09: 	Recall@10: 0.02766 Recall@20: 0.04200 NDCG@10: 0.01570 NDCG@20: 0.01961 
09/04/2026,23:02:09: Epoch [144/1000]
09/04/2026,23:02:09: Negative sampling...
09/04/2026,23:02:10: Model's personal time...
09/04/2026,23:02:11: Training...
09/04/2026,23:02:16: Evaluating...
09/04/2026,23:02:17: 	Train Loss: 784930.6875 (base: 77.9740, kd: 7848.5269), Elapsed: train 6.74 test 0.92
09/04/2026,23:02:17: 	Recall@10: 0.07035 Recall@20: 0.10343 NDCG@10: 0.04261 NDCG@20: 0.05179 
09/04/2026,23:02:17: 	Recall@10: 0.02823 Recall@20: 0.04226 NDCG@10: 0.01603 NDCG@20: 0.01982 
09/04/2026,23:02:17: Epoch [145/1000]
09/04/2026,23:02:17: Negative sampling...
09/04/2026,23:02:18: Model's personal time...
09/04/2026,23:02:19: Training...
09/04/2026,23:02:24: Evaluating...
09/04/2026,23:02:24: 	Train Loss: 784914.3750 (base: 75.4667, kd: 7848.3887), Elapsed: train 7.06 test 0.73
09/04/2026,23:02:24: 	Recall@10: 0.06981 Recall@20: 0.10408 NDCG@10: 0.04226 NDCG@20: 0.05171 
09/04/2026,23:02:24: 	Recall@10: 0.02798 Recall@20: 0.04225 NDCG@10: 0.01606 NDCG@20: 0.01993 
09/04/2026,23:02:24: Epoch [146/1000]
09/04/2026,23:02:24: Negative sampling...
09/04/2026,23:02:26: Model's personal time...
09/04/2026,23:02:26: Training...
09/04/2026,23:02:31: Evaluating...
09/04/2026,23:02:32: 	Train Loss: 784939.0625 (base: 76.3537, kd: 7848.6274), Elapsed: train 6.95 test 0.88
09/04/2026,23:02:32: 	Recall@10: 0.07004 Recall@20: 0.10408 NDCG@10: 0.04218 NDCG@20: 0.05161 
09/04/2026,23:02:32: 	Recall@10: 0.02804 Recall@20: 0.04193 NDCG@10: 0.01610 NDCG@20: 0.01990 
09/04/2026,23:02:32: Epoch [147/1000]
09/04/2026,23:02:32: Negative sampling...
09/04/2026,23:02:34: Model's personal time...
09/04/2026,23:02:35: Training...
09/04/2026,23:02:39: Evaluating...
09/04/2026,23:02:40: 	Train Loss: 784856.5000 (base: 77.2306, kd: 7847.7920), Elapsed: train 7.03 test 0.44
09/04/2026,23:02:40: 	Recall@10: 0.06992 Recall@20: 0.10369 NDCG@10: 0.04224 NDCG@20: 0.05154 
09/04/2026,23:02:40: 	Recall@10: 0.02833 Recall@20: 0.04197 NDCG@10: 0.01618 NDCG@20: 0.01989 
09/04/2026,23:02:40: Epoch [148/1000]
09/04/2026,23:02:40: Negative sampling...
09/04/2026,23:02:41: Model's personal time...
09/04/2026,23:02:42: Training...
09/04/2026,23:02:46: Evaluating...
09/04/2026,23:02:47: 	Train Loss: 784852.8750 (base: 77.6769, kd: 7847.7524), Elapsed: train 6.20 test 1.24
09/04/2026,23:02:47: 	Recall@10: 0.06982 Recall@20: 0.10455 NDCG@10: 0.04244 NDCG@20: 0.05200 
09/04/2026,23:02:47: 	Recall@10: 0.02858 Recall@20: 0.04203 NDCG@10: 0.01620 NDCG@20: 0.01985 
09/04/2026,23:02:47: Epoch [149/1000]
09/04/2026,23:02:47: Negative sampling...
09/04/2026,23:02:49: Model's personal time...
09/04/2026,23:02:49: Training...
09/04/2026,23:02:53: Evaluating...
09/04/2026,23:02:54: 	Train Loss: 784859.4375 (base: 75.0768, kd: 7847.8438), Elapsed: train 5.36 test 1.50
09/04/2026,23:02:54: 	Recall@10: 0.06974 Recall@20: 0.10439 NDCG@10: 0.04240 NDCG@20: 0.05190 
09/04/2026,23:02:54: 	Recall@10: 0.02858 Recall@20: 0.04175 NDCG@10: 0.01605 NDCG@20: 0.01963 
09/04/2026,23:02:54: Epoch [150/1000]
09/04/2026,23:02:54: Negative sampling...
09/04/2026,23:02:55: Model's personal time...
09/04/2026,23:02:56: Training...
09/04/2026,23:03:01: Evaluating...
09/04/2026,23:03:02: 	Train Loss: 784830.1875 (base: 74.9225, kd: 7847.5527), Elapsed: train 6.88 test 1.41 *
09/04/2026,23:03:02: 	Recall@10: 0.07056 Recall@20: 0.10578 NDCG@10: 0.04242 NDCG@20: 0.05209 
09/04/2026,23:03:02: 	Recall@10: 0.02849 Recall@20: 0.04184 NDCG@10: 0.01613 NDCG@20: 0.01978 
09/04/2026,23:03:02: Epoch [151/1000]
09/04/2026,23:03:02: Negative sampling...
09/04/2026,23:03:04: Model's personal time...
09/04/2026,23:03:04: Training...
09/04/2026,23:03:09: Evaluating...
09/04/2026,23:03:10: 	Train Loss: 784819.0625 (base: 72.2881, kd: 7847.4688), Elapsed: train 7.12 test 0.96
09/04/2026,23:03:10: 	Recall@10: 0.07035 Recall@20: 0.10520 NDCG@10: 0.04233 NDCG@20: 0.05190 
09/04/2026,23:03:10: 	Recall@10: 0.02903 Recall@20: 0.04192 NDCG@10: 0.01628 NDCG@20: 0.01978 
09/04/2026,23:03:10: Epoch [152/1000]
09/04/2026,23:03:10: Negative sampling...
09/04/2026,23:03:12: Model's personal time...
09/04/2026,23:03:12: Training...
09/04/2026,23:03:17: Evaluating...
09/04/2026,23:03:18: 	Train Loss: 784775.3125 (base: 74.2452, kd: 7847.0103), Elapsed: train 6.95 test 0.77
09/04/2026,23:03:18: 	Recall@10: 0.07042 Recall@20: 0.10488 NDCG@10: 0.04251 NDCG@20: 0.05196 
09/04/2026,23:03:18: 	Recall@10: 0.02846 Recall@20: 0.04250 NDCG@10: 0.01615 NDCG@20: 0.01994 
09/04/2026,23:03:18: Epoch [153/1000]
09/04/2026,23:03:18: Negative sampling...
09/04/2026,23:03:19: Model's personal time...
09/04/2026,23:03:20: Training...
09/04/2026,23:03:25: Evaluating...
09/04/2026,23:03:26: 	Train Loss: 784743.3125 (base: 71.0686, kd: 7846.7217), Elapsed: train 7.07 test 0.60
09/04/2026,23:03:26: 	Recall@10: 0.07077 Recall@20: 0.10440 NDCG@10: 0.04263 NDCG@20: 0.05182 
09/04/2026,23:03:26: 	Recall@10: 0.02860 Recall@20: 0.04203 NDCG@10: 0.01628 NDCG@20: 0.01993 
09/04/2026,23:03:26: Epoch [154/1000]
09/04/2026,23:03:26: Negative sampling...
09/04/2026,23:03:27: Model's personal time...
09/04/2026,23:03:28: Training...
09/04/2026,23:03:33: Evaluating...
09/04/2026,23:03:34: 	Train Loss: 784745.9375 (base: 76.8897, kd: 7846.6899), Elapsed: train 7.14 test 0.90
09/04/2026,23:03:34: 	Recall@10: 0.07020 Recall@20: 0.10475 NDCG@10: 0.04245 NDCG@20: 0.05192 
09/04/2026,23:03:34: 	Recall@10: 0.02881 Recall@20: 0.04256 NDCG@10: 0.01630 NDCG@20: 0.02001 
09/04/2026,23:03:34: Epoch [155/1000]
09/04/2026,23:03:34: Negative sampling...
09/04/2026,23:03:35: Model's personal time...
09/04/2026,23:03:35: Training...
09/04/2026,23:03:41: Evaluating...
09/04/2026,23:03:42: 	Train Loss: 784765.8750 (base: 74.2654, kd: 7846.9170), Elapsed: train 6.96 test 1.46
09/04/2026,23:03:42: 	Recall@10: 0.07047 Recall@20: 0.10363 NDCG@10: 0.04267 NDCG@20: 0.05183 
09/04/2026,23:03:42: 	Recall@10: 0.02907 Recall@20: 0.04197 NDCG@10: 0.01642 NDCG@20: 0.01992 
09/04/2026,23:03:42: Epoch [156/1000]
09/04/2026,23:03:42: Negative sampling...
09/04/2026,23:03:44: Model's personal time...
09/04/2026,23:03:44: Training...
09/04/2026,23:03:49: Evaluating...
09/04/2026,23:03:51: 	Train Loss: 784735.6875 (base: 73.6629, kd: 7846.6196), Elapsed: train 7.02 test 1.26 *
09/04/2026,23:03:51: 	Recall@10: 0.06985 Recall@20: 0.10496 NDCG@10: 0.04253 NDCG@20: 0.05220 
09/04/2026,23:03:51: 	Recall@10: 0.02894 Recall@20: 0.04249 NDCG@10: 0.01628 NDCG@20: 0.01994 
09/04/2026,23:03:51: Epoch [157/1000]
09/04/2026,23:03:51: Negative sampling...
09/04/2026,23:03:52: Model's personal time...
09/04/2026,23:03:53: Training...
09/04/2026,23:03:58: Evaluating...
09/04/2026,23:03:58: 	Train Loss: 784700.0625 (base: 74.3880, kd: 7846.2573), Elapsed: train 7.25 test 0.68
09/04/2026,23:03:58: 	Recall@10: 0.07001 Recall@20: 0.10476 NDCG@10: 0.04258 NDCG@20: 0.05216 
09/04/2026,23:03:58: 	Recall@10: 0.02858 Recall@20: 0.04329 NDCG@10: 0.01617 NDCG@20: 0.02011 
09/04/2026,23:03:58: Epoch [158/1000]
09/04/2026,23:03:58: Negative sampling...
09/04/2026,23:04:00: Model's personal time...
09/04/2026,23:04:00: Training...
09/04/2026,23:04:06: Evaluating...
09/04/2026,23:04:06: 	Train Loss: 784712.6875 (base: 69.1824, kd: 7846.4360), Elapsed: train 7.03 test 0.96 *
09/04/2026,23:04:06: 	Recall@10: 0.07007 Recall@20: 0.10555 NDCG@10: 0.04269 NDCG@20: 0.05246 
09/04/2026,23:04:06: 	Recall@10: 0.02840 Recall@20: 0.04309 NDCG@10: 0.01612 NDCG@20: 0.02006 
09/04/2026,23:04:06: Epoch [159/1000]
09/04/2026,23:04:06: Negative sampling...
09/04/2026,23:04:08: Model's personal time...
09/04/2026,23:04:09: Training...
09/04/2026,23:04:14: Evaluating...
09/04/2026,23:04:14: 	Train Loss: 784674.1250 (base: 71.5439, kd: 7846.0269), Elapsed: train 7.11 test 0.89
09/04/2026,23:04:14: 	Recall@10: 0.06984 Recall@20: 0.10487 NDCG@10: 0.04235 NDCG@20: 0.05197 
09/04/2026,23:04:14: 	Recall@10: 0.02860 Recall@20: 0.04291 NDCG@10: 0.01630 NDCG@20: 0.02019 
09/04/2026,23:04:14: Epoch [160/1000]
09/04/2026,23:04:14: Negative sampling...
09/04/2026,23:04:16: Model's personal time...
09/04/2026,23:04:16: Training...
09/04/2026,23:04:21: Evaluating...
09/04/2026,23:04:22: 	Train Loss: 784655.4375 (base: 71.4303, kd: 7845.8403), Elapsed: train 7.01 test 0.58
09/04/2026,23:04:22: 	Recall@10: 0.07035 Recall@20: 0.10526 NDCG@10: 0.04239 NDCG@20: 0.05193 
09/04/2026,23:04:22: 	Recall@10: 0.02881 Recall@20: 0.04238 NDCG@10: 0.01626 NDCG@20: 0.01990 
09/04/2026,23:04:22: Epoch [161/1000]
09/04/2026,23:04:22: Negative sampling...
09/04/2026,23:04:23: Model's personal time...
09/04/2026,23:04:24: Training...
09/04/2026,23:04:29: Evaluating...
09/04/2026,23:04:30: 	Train Loss: 784688.6250 (base: 71.7600, kd: 7846.1680), Elapsed: train 6.82 test 0.96
09/04/2026,23:04:30: 	Recall@10: 0.06969 Recall@20: 0.10442 NDCG@10: 0.04235 NDCG@20: 0.05193 
09/04/2026,23:04:30: 	Recall@10: 0.02860 Recall@20: 0.04254 NDCG@10: 0.01628 NDCG@20: 0.02004 
09/04/2026,23:04:30: Epoch [162/1000]
09/04/2026,23:04:30: Negative sampling...
09/04/2026,23:04:31: Model's personal time...
09/04/2026,23:04:32: Training...
09/04/2026,23:04:37: Evaluating...
09/04/2026,23:04:37: 	Train Loss: 784640.9375 (base: 70.5162, kd: 7845.7046), Elapsed: train 6.95 test 0.51
09/04/2026,23:04:37: 	Recall@10: 0.07015 Recall@20: 0.10483 NDCG@10: 0.04255 NDCG@20: 0.05205 
09/04/2026,23:04:37: 	Recall@10: 0.02818 Recall@20: 0.04264 NDCG@10: 0.01604 NDCG@20: 0.01997 
09/04/2026,23:04:37: Epoch [163/1000]
09/04/2026,23:04:37: Negative sampling...
09/04/2026,23:04:39: Model's personal time...
09/04/2026,23:04:40: Training...
09/04/2026,23:04:44: Evaluating...
09/04/2026,23:04:45: 	Train Loss: 784625.1875 (base: 69.0448, kd: 7845.5625), Elapsed: train 7.02 test 0.56
09/04/2026,23:04:45: 	Recall@10: 0.07027 Recall@20: 0.10446 NDCG@10: 0.04241 NDCG@20: 0.05184 
09/04/2026,23:04:45: 	Recall@10: 0.02862 Recall@20: 0.04271 NDCG@10: 0.01620 NDCG@20: 0.02002 
09/04/2026,23:04:45: Epoch [164/1000]
09/04/2026,23:04:45: Negative sampling...
09/04/2026,23:04:46: Model's personal time...
09/04/2026,23:04:47: Training...
09/04/2026,23:04:52: Evaluating...
09/04/2026,23:04:52: 	Train Loss: 784621.9375 (base: 69.7624, kd: 7845.5220), Elapsed: train 7.00 test 0.52 *
09/04/2026,23:04:52: 	Recall@10: 0.06963 Recall@20: 0.10535 NDCG@10: 0.04267 NDCG@20: 0.05250 
09/04/2026,23:04:52: 	Recall@10: 0.02845 Recall@20: 0.04298 NDCG@10: 0.01597 NDCG@20: 0.01986 
09/04/2026,23:04:52: Epoch [165/1000]
09/04/2026,23:04:52: Negative sampling...
09/04/2026,23:04:54: Model's personal time...
09/04/2026,23:04:54: Training...
09/04/2026,23:05:00: Evaluating...
09/04/2026,23:05:01: 	Train Loss: 784588.6250 (base: 65.5834, kd: 7845.2305), Elapsed: train 7.21 test 1.28
09/04/2026,23:05:01: 	Recall@10: 0.07002 Recall@20: 0.10429 NDCG@10: 0.04255 NDCG@20: 0.05203 
09/04/2026,23:05:01: 	Recall@10: 0.02860 Recall@20: 0.04225 NDCG@10: 0.01615 NDCG@20: 0.01986 
09/04/2026,23:05:01: Epoch [166/1000]
09/04/2026,23:05:01: Negative sampling...
09/04/2026,23:05:02: Model's personal time...
09/04/2026,23:05:03: Training...
09/04/2026,23:05:08: Evaluating...
09/04/2026,23:05:09: 	Train Loss: 784587.7500 (base: 68.4286, kd: 7845.1924), Elapsed: train 7.33 test 0.68
09/04/2026,23:05:09: 	Recall@10: 0.07075 Recall@20: 0.10431 NDCG@10: 0.04292 NDCG@20: 0.05218 
09/04/2026,23:05:09: 	Recall@10: 0.02898 Recall@20: 0.04252 NDCG@10: 0.01641 NDCG@20: 0.02009 
09/04/2026,23:05:09: Epoch [167/1000]
09/04/2026,23:05:09: Negative sampling...
09/04/2026,23:05:10: Model's personal time...
09/04/2026,23:05:11: Training...
09/04/2026,23:05:16: Evaluating...
09/04/2026,23:05:16: 	Train Loss: 784576.6250 (base: 66.8575, kd: 7845.0981), Elapsed: train 6.91 test 0.54
09/04/2026,23:05:16: 	Recall@10: 0.07017 Recall@20: 0.10481 NDCG@10: 0.04279 NDCG@20: 0.05234 
09/04/2026,23:05:16: 	Recall@10: 0.02906 Recall@20: 0.04182 NDCG@10: 0.01640 NDCG@20: 0.01990 
09/04/2026,23:05:16: Epoch [168/1000]
09/04/2026,23:05:16: Negative sampling...
09/04/2026,23:05:18: Model's personal time...
09/04/2026,23:05:18: Training...
09/04/2026,23:05:23: Evaluating...
09/04/2026,23:05:24: 	Train Loss: 784558.3750 (base: 67.4219, kd: 7844.9087), Elapsed: train 6.99 test 0.97
09/04/2026,23:05:24: 	Recall@10: 0.07032 Recall@20: 0.10490 NDCG@10: 0.04262 NDCG@20: 0.05215 
09/04/2026,23:05:24: 	Recall@10: 0.02889 Recall@20: 0.04224 NDCG@10: 0.01614 NDCG@20: 0.01980 
09/04/2026,23:05:24: Epoch [169/1000]
09/04/2026,23:05:24: Negative sampling...
09/04/2026,23:05:26: Model's personal time...
09/04/2026,23:05:26: Training...
09/04/2026,23:05:31: Evaluating...
09/04/2026,23:05:32: 	Train Loss: 784513.7500 (base: 68.9961, kd: 7844.4478), Elapsed: train 7.18 test 0.54
09/04/2026,23:05:32: 	Recall@10: 0.07049 Recall@20: 0.10595 NDCG@10: 0.04265 NDCG@20: 0.05244 
09/04/2026,23:05:32: 	Recall@10: 0.02902 Recall@20: 0.04235 NDCG@10: 0.01635 NDCG@20: 0.02001 
09/04/2026,23:05:32: Epoch [170/1000]
09/04/2026,23:05:32: Negative sampling...
09/04/2026,23:05:33: Model's personal time...
09/04/2026,23:05:34: Training...
09/04/2026,23:05:39: Evaluating...
09/04/2026,23:05:40: 	Train Loss: 784490.1250 (base: 67.5937, kd: 7844.2251), Elapsed: train 6.90 test 0.67
09/04/2026,23:05:40: 	Recall@10: 0.07056 Recall@20: 0.10500 NDCG@10: 0.04273 NDCG@20: 0.05221 
09/04/2026,23:05:40: 	Recall@10: 0.02891 Recall@20: 0.04285 NDCG@10: 0.01644 NDCG@20: 0.02023 
09/04/2026,23:05:40: Epoch [171/1000]
09/04/2026,23:05:40: Negative sampling...
09/04/2026,23:05:41: Model's personal time...
09/04/2026,23:05:42: Training...
09/04/2026,23:05:47: Evaluating...
09/04/2026,23:05:47: 	Train Loss: 784500.6875 (base: 65.3681, kd: 7844.3530), Elapsed: train 7.08 test 0.53
09/04/2026,23:05:47: 	Recall@10: 0.07084 Recall@20: 0.10533 NDCG@10: 0.04279 NDCG@20: 0.05228 
09/04/2026,23:05:47: 	Recall@10: 0.02872 Recall@20: 0.04290 NDCG@10: 0.01629 NDCG@20: 0.02015 
09/04/2026,23:05:47: Epoch [172/1000]
09/04/2026,23:05:47: Negative sampling...
09/04/2026,23:05:49: Model's personal time...
09/04/2026,23:05:50: Training...
09/04/2026,23:05:54: Evaluating...
09/04/2026,23:05:56: 	Train Loss: 784509.3750 (base: 66.1503, kd: 7844.4321), Elapsed: train 7.23 test 1.75
09/04/2026,23:05:56: 	Recall@10: 0.07034 Recall@20: 0.10441 NDCG@10: 0.04245 NDCG@20: 0.05187 
09/04/2026,23:05:56: 	Recall@10: 0.02901 Recall@20: 0.04246 NDCG@10: 0.01642 NDCG@20: 0.02008 
09/04/2026,23:05:56: Epoch [173/1000]
09/04/2026,23:05:56: Negative sampling...
09/04/2026,23:05:58: Model's personal time...
09/04/2026,23:05:58: Training...
09/04/2026,23:06:04: Evaluating...
09/04/2026,23:06:05: 	Train Loss: 784456.5625 (base: 66.4449, kd: 7843.9019), Elapsed: train 7.52 test 0.98
09/04/2026,23:06:05: 	Recall@10: 0.07099 Recall@20: 0.10590 NDCG@10: 0.04264 NDCG@20: 0.05218 
09/04/2026,23:06:05: 	Recall@10: 0.02824 Recall@20: 0.04309 NDCG@10: 0.01608 NDCG@20: 0.02014 
09/04/2026,23:06:05: Epoch [174/1000]
09/04/2026,23:06:05: Negative sampling...
09/04/2026,23:06:06: Model's personal time...
09/04/2026,23:06:07: Training...
09/04/2026,23:06:12: Evaluating...
09/04/2026,23:06:12: 	Train Loss: 784456.5625 (base: 66.4642, kd: 7843.9009), Elapsed: train 7.17 test 0.56
09/04/2026,23:06:12: 	Recall@10: 0.07055 Recall@20: 0.10535 NDCG@10: 0.04256 NDCG@20: 0.05214 
09/04/2026,23:06:12: 	Recall@10: 0.02854 Recall@20: 0.04300 NDCG@10: 0.01627 NDCG@20: 0.02020 
09/04/2026,23:06:12: Epoch [175/1000]
09/04/2026,23:06:12: Negative sampling...
09/04/2026,23:06:14: Model's personal time...
09/04/2026,23:06:14: Training...
09/04/2026,23:06:19: Evaluating...
09/04/2026,23:06:20: 	Train Loss: 784428.5625 (base: 64.0453, kd: 7843.6450), Elapsed: train 6.86 test 0.92
09/04/2026,23:06:20: 	Recall@10: 0.06983 Recall@20: 0.10466 NDCG@10: 0.04195 NDCG@20: 0.05156 
09/04/2026,23:06:20: 	Recall@10: 0.02847 Recall@20: 0.04276 NDCG@10: 0.01621 NDCG@20: 0.02011 
09/04/2026,23:06:20: Epoch [176/1000]
09/04/2026,23:06:20: Negative sampling...
09/04/2026,23:06:22: Model's personal time...
09/04/2026,23:06:22: Training...
09/04/2026,23:06:27: Evaluating...
09/04/2026,23:06:28: 	Train Loss: 784470.1875 (base: 65.2199, kd: 7844.0498), Elapsed: train 6.97 test 0.83
09/04/2026,23:06:28: 	Recall@10: 0.07022 Recall@20: 0.10530 NDCG@10: 0.04234 NDCG@20: 0.05199 
09/04/2026,23:06:28: 	Recall@10: 0.02896 Recall@20: 0.04286 NDCG@10: 0.01636 NDCG@20: 0.02019 
09/04/2026,23:06:28: Epoch [177/1000]
09/04/2026,23:06:28: Negative sampling...
09/04/2026,23:06:29: Model's personal time...
09/04/2026,23:06:30: Training...
09/04/2026,23:06:35: Evaluating...
09/04/2026,23:06:35: 	Train Loss: 784430.5000 (base: 65.2703, kd: 7843.6528), Elapsed: train 6.87 test 0.59
09/04/2026,23:06:35: 	Recall@10: 0.07019 Recall@20: 0.10564 NDCG@10: 0.04246 NDCG@20: 0.05219 
09/04/2026,23:06:35: 	Recall@10: 0.02802 Recall@20: 0.04225 NDCG@10: 0.01601 NDCG@20: 0.01993 
09/04/2026,23:06:35: Epoch [178/1000]
09/04/2026,23:06:35: Negative sampling...
09/04/2026,23:06:37: Model's personal time...
09/04/2026,23:06:38: Training...
09/04/2026,23:06:42: Evaluating...
09/04/2026,23:06:43: 	Train Loss: 784421.7500 (base: 64.0232, kd: 7843.5776), Elapsed: train 6.92 test 0.44
09/04/2026,23:06:43: 	Recall@10: 0.07019 Recall@20: 0.10572 NDCG@10: 0.04227 NDCG@20: 0.05203 
09/04/2026,23:06:43: 	Recall@10: 0.02862 Recall@20: 0.04301 NDCG@10: 0.01630 NDCG@20: 0.02020 
09/04/2026,23:06:43: Epoch [179/1000]
09/04/2026,23:06:43: Negative sampling...
09/04/2026,23:06:44: Model's personal time...
09/04/2026,23:06:45: Training...
09/04/2026,23:06:49: Evaluating...
09/04/2026,23:06:50: 	Train Loss: 784414.9375 (base: 62.2561, kd: 7843.5269), Elapsed: train 6.28 test 1.11
09/04/2026,23:06:50: 	Recall@10: 0.06969 Recall@20: 0.10473 NDCG@10: 0.04230 NDCG@20: 0.05193 
09/04/2026,23:06:50: 	Recall@10: 0.02821 Recall@20: 0.04304 NDCG@10: 0.01615 NDCG@20: 0.02019 
09/04/2026,23:06:50: Epoch [180/1000]
09/04/2026,23:06:50: Negative sampling...
09/04/2026,23:06:52: Model's personal time...
09/04/2026,23:06:52: Training...
09/04/2026,23:06:57: Evaluating...
09/04/2026,23:06:59: 	Train Loss: 784380.1250 (base: 63.3235, kd: 7843.1680), Elapsed: train 6.53 test 1.83
09/04/2026,23:06:59: 	Recall@10: 0.07014 Recall@20: 0.10495 NDCG@10: 0.04232 NDCG@20: 0.05193 
09/04/2026,23:06:59: 	Recall@10: 0.02857 Recall@20: 0.04311 NDCG@10: 0.01623 NDCG@20: 0.02016 
09/04/2026,23:06:59: Epoch [181/1000]
09/04/2026,23:06:59: Negative sampling...
09/04/2026,23:07:00: Model's personal time...
09/04/2026,23:07:01: Training...
09/04/2026,23:07:06: Evaluating...
09/04/2026,23:07:06: 	Train Loss: 784371.4375 (base: 64.6007, kd: 7843.0679), Elapsed: train 7.37 test 0.51
09/04/2026,23:07:06: 	Recall@10: 0.06935 Recall@20: 0.10501 NDCG@10: 0.04213 NDCG@20: 0.05194 
09/04/2026,23:07:06: 	Recall@10: 0.02863 Recall@20: 0.04352 NDCG@10: 0.01632 NDCG@20: 0.02035 
09/04/2026,23:07:06: Epoch [182/1000]
09/04/2026,23:07:06: Negative sampling...
09/04/2026,23:07:08: Model's personal time...
09/04/2026,23:07:09: Training...
09/04/2026,23:07:13: Evaluating...
09/04/2026,23:07:14: 	Train Loss: 784360.5000 (base: 62.9112, kd: 7842.9756), Elapsed: train 6.15 test 1.21
09/04/2026,23:07:14: 	Recall@10: 0.07029 Recall@20: 0.10560 NDCG@10: 0.04241 NDCG@20: 0.05210 
09/04/2026,23:07:14: 	Recall@10: 0.02884 Recall@20: 0.04311 NDCG@10: 0.01645 NDCG@20: 0.02031 
09/04/2026,23:07:14: Epoch [183/1000]
09/04/2026,23:07:14: Negative sampling...
09/04/2026,23:07:15: Model's personal time...
09/04/2026,23:07:15: Training...
09/04/2026,23:07:20: Evaluating...
09/04/2026,23:07:22: 	Train Loss: 784330.2500 (base: 63.3496, kd: 7842.6689), Elapsed: train 6.38 test 1.94
09/04/2026,23:07:22: 	Recall@10: 0.06988 Recall@20: 0.10437 NDCG@10: 0.04225 NDCG@20: 0.05176 
09/04/2026,23:07:22: 	Recall@10: 0.02913 Recall@20: 0.04269 NDCG@10: 0.01646 NDCG@20: 0.02015 
09/04/2026,23:07:22: Epoch [184/1000]
09/04/2026,23:07:22: Negative sampling...
09/04/2026,23:07:23: Model's personal time...
09/04/2026,23:07:24: Training...
09/04/2026,23:07:27: Evaluating...
09/04/2026,23:07:28: 	Train Loss: 784319.1875 (base: 61.1013, kd: 7842.5811), Elapsed: train 5.12 test 0.43
09/04/2026,23:07:28: 	Recall@10: 0.07065 Recall@20: 0.10335 NDCG@10: 0.04240 NDCG@20: 0.05142 
09/04/2026,23:07:28: 	Recall@10: 0.02894 Recall@20: 0.04253 NDCG@10: 0.01643 NDCG@20: 0.02013 
09/04/2026,23:07:28: Epoch [185/1000]
09/04/2026,23:07:28: Negative sampling...
09/04/2026,23:07:29: Model's personal time...
09/04/2026,23:07:29: Training...
09/04/2026,23:07:33: Evaluating...
09/04/2026,23:07:33: 	Train Loss: 784327.5000 (base: 63.9350, kd: 7842.6357), Elapsed: train 5.10 test 0.47
09/04/2026,23:07:33: 	Recall@10: 0.06919 Recall@20: 0.10454 NDCG@10: 0.04202 NDCG@20: 0.05179 
09/04/2026,23:07:33: 	Recall@10: 0.02821 Recall@20: 0.04291 NDCG@10: 0.01617 NDCG@20: 0.02014 
09/04/2026,23:07:33: Epoch [186/1000]
09/04/2026,23:07:33: Negative sampling...
09/04/2026,23:07:35: Model's personal time...
09/04/2026,23:07:35: Training...
09/04/2026,23:07:39: Evaluating...
09/04/2026,23:07:39: 	Train Loss: 784294.3750 (base: 60.2036, kd: 7842.3418), Elapsed: train 5.29 test 0.47
09/04/2026,23:07:39: 	Recall@10: 0.06903 Recall@20: 0.10432 NDCG@10: 0.04185 NDCG@20: 0.05157 
09/04/2026,23:07:39: 	Recall@10: 0.02842 Recall@20: 0.04215 NDCG@10: 0.01625 NDCG@20: 0.01997 
09/04/2026,23:07:39: Epoch [187/1000]
09/04/2026,23:07:39: Negative sampling...
09/04/2026,23:07:40: Model's personal time...
09/04/2026,23:07:40: Training...
09/04/2026,23:07:44: Evaluating...
09/04/2026,23:07:45: 	Train Loss: 784305.8750 (base: 61.7593, kd: 7842.4414), Elapsed: train 5.27 test 0.40
09/04/2026,23:07:45: 	Recall@10: 0.06918 Recall@20: 0.10424 NDCG@10: 0.04178 NDCG@20: 0.05147 
09/04/2026,23:07:45: 	Recall@10: 0.02883 Recall@20: 0.04298 NDCG@10: 0.01636 NDCG@20: 0.02016 
09/04/2026,23:07:45: Epoch [188/1000]
09/04/2026,23:07:45: Negative sampling...
09/04/2026,23:07:46: Model's personal time...
09/04/2026,23:07:46: Training...
09/04/2026,23:07:50: Evaluating...
09/04/2026,23:07:50: 	Train Loss: 784282.1250 (base: 62.2587, kd: 7842.1987), Elapsed: train 5.26 test 0.49
09/04/2026,23:07:50: 	Recall@10: 0.06975 Recall@20: 0.10456 NDCG@10: 0.04196 NDCG@20: 0.05156 
09/04/2026,23:07:50: 	Recall@10: 0.02836 Recall@20: 0.04278 NDCG@10: 0.01621 NDCG@20: 0.02006 
09/04/2026,23:07:50: Epoch [189/1000]
09/04/2026,23:07:50: Negative sampling...
09/04/2026,23:07:52: Model's personal time...
09/04/2026,23:07:52: Training...
09/04/2026,23:07:56: Evaluating...
09/04/2026,23:07:56: 	Train Loss: 784299.7500 (base: 62.3422, kd: 7842.3740), Elapsed: train 5.24 test 0.41
09/04/2026,23:07:56: 	Recall@10: 0.07075 Recall@20: 0.10491 NDCG@10: 0.04246 NDCG@20: 0.05189 
09/04/2026,23:07:56: 	Recall@10: 0.02871 Recall@20: 0.04241 NDCG@10: 0.01633 NDCG@20: 0.02002 
09/04/2026,23:07:56: Epoch [190/1000]
09/04/2026,23:07:56: Negative sampling...
09/04/2026,23:07:57: Model's personal time...
09/04/2026,23:07:58: Training...
09/04/2026,23:08:01: Evaluating...
09/04/2026,23:08:02: 	Train Loss: 784298.9375 (base: 58.1363, kd: 7842.4082), Elapsed: train 5.11 test 0.41
09/04/2026,23:08:02: 	Recall@10: 0.07040 Recall@20: 0.10392 NDCG@10: 0.04229 NDCG@20: 0.05152 
09/04/2026,23:08:02: 	Recall@10: 0.02828 Recall@20: 0.04300 NDCG@10: 0.01624 NDCG@20: 0.02016 
09/04/2026,23:08:02: Epoch [191/1000]
09/04/2026,23:08:02: Negative sampling...
09/04/2026,23:08:03: Model's personal time...
09/04/2026,23:08:03: Training...
09/04/2026,23:08:07: Evaluating...
09/04/2026,23:08:07: 	Train Loss: 784240.5625 (base: 61.8636, kd: 7841.7866), Elapsed: train 5.30 test 0.43
09/04/2026,23:08:07: 	Recall@10: 0.07034 Recall@20: 0.10465 NDCG@10: 0.04246 NDCG@20: 0.05182 
09/04/2026,23:08:07: 	Recall@10: 0.02835 Recall@20: 0.04315 NDCG@10: 0.01612 NDCG@20: 0.02004 
09/04/2026,23:08:07: Epoch [192/1000]
09/04/2026,23:08:07: Negative sampling...
09/04/2026,23:08:09: Model's personal time...
09/04/2026,23:08:09: Training...
09/04/2026,23:08:13: Evaluating...
09/04/2026,23:08:13: 	Train Loss: 784235.7500 (base: 60.4731, kd: 7841.7524), Elapsed: train 5.39 test 0.42
09/04/2026,23:08:13: 	Recall@10: 0.06998 Recall@20: 0.10370 NDCG@10: 0.04243 NDCG@20: 0.05168 
09/04/2026,23:08:13: 	Recall@10: 0.02851 Recall@20: 0.04264 NDCG@10: 0.01635 NDCG@20: 0.02013 
09/04/2026,23:08:13: Epoch [193/1000]
09/04/2026,23:08:13: Negative sampling...
09/04/2026,23:08:14: Model's personal time...
09/04/2026,23:08:15: Training...
09/04/2026,23:08:18: Evaluating...
09/04/2026,23:08:19: 	Train Loss: 784233.6250 (base: 63.0583, kd: 7841.7051), Elapsed: train 5.17 test 0.40
09/04/2026,23:08:19: 	Recall@10: 0.07003 Recall@20: 0.10315 NDCG@10: 0.04234 NDCG@20: 0.05158 
09/04/2026,23:08:19: 	Recall@10: 0.02811 Recall@20: 0.04299 NDCG@10: 0.01611 NDCG@20: 0.02005 
09/04/2026,23:08:19: Epoch [194/1000]
09/04/2026,23:08:19: Negative sampling...
09/04/2026,23:08:20: Model's personal time...
09/04/2026,23:08:20: Training...
09/04/2026,23:08:24: Evaluating...
09/04/2026,23:08:24: 	Train Loss: 784220.3125 (base: 59.5949, kd: 7841.6069), Elapsed: train 5.14 test 0.50
09/04/2026,23:08:24: 	Recall@10: 0.06922 Recall@20: 0.10306 NDCG@10: 0.04173 NDCG@20: 0.05113 
09/04/2026,23:08:24: 	Recall@10: 0.02822 Recall@20: 0.04289 NDCG@10: 0.01613 NDCG@20: 0.02005 
09/04/2026,23:08:24: ------------------------------
09/04/2026,23:08:24: valid Recall@10: 0.06963 Recall@20: 0.10535 NDCG@10: 0.04267 NDCG@20: 0.05250
09/04/2026,23:08:24: test Recall@10: 0.02845 Recall@20: 0.04298 NDCG@10: 0.01597 NDCG@20: 0.01986
