----------------------------------------TEACHER----------------------------------------
init_std                                 0.01
embedding_dim                            400
----------------------------------------TEACHER----------------------------------------
----------------------------------------STUDENT----------------------------------------
init_std                                 0.01
embedding_dim                            20
----------------------------------------STUDENT----------------------------------------
----------------------------------------ARGUMENTS----------------------------------------
run_all                                  False
seed                                     0
gpu_id                                   0
no_log                                   False
no_save                                  False
suffix                                   student
verbose                                  False
ablation                                 False
task                                     rec
dataset                                  citeulike
batch_size                               2048
num_ns                                   1
neg_sampling_on_all                      False
T_backbone                               bpr
S_backbone                               bpr
model                                    scratch
preload                                  False
postsave                                 False
train_teacher                            False
ckpt_interval                            -1
epochs                                   1000
lr                                       0.001
wd                                       0.001
lmbda                                    1.0
eval_period                              1
K_list                                   [10, 20]
early_stop_metric                        NDCG
early_stop_K                             20
early_stop_patience                      30
LOG_DIR                                  logs/
CONFIG_DIR                               configs/
DATA_DIR                                 data/
CKPT_DIR                                 checkpoints/
CRAFT_DIR                                crafts/
----------------------------------------ARGUMENTS----------------------------------------
08/24/2026,01:09:29: Epoch [1/1000]
08/24/2026,01:09:29: Negative sampling...
08/24/2026,01:09:31: Model's personal time...
08/24/2026,01:09:31: Training...
08/24/2026,01:09:32: Evaluating...
08/24/2026,01:09:32: 	Train Loss: 1392.0001 (base: 1392.0001, kd: 0.0000), Elapsed: train 2.89 test 0.45 *
08/24/2026,01:09:32: 	Recall@10: 0.00057 Recall@20: 0.00063 NDCG@10: 0.00031 NDCG@20: 0.00031 
08/24/2026,01:09:32: 	Recall@10: 0.00028 Recall@20: 0.00069 NDCG@10: 0.00015 NDCG@20: 0.00027 
08/24/2026,01:09:32: Epoch [2/1000]
08/24/2026,01:09:32: Negative sampling...
08/24/2026,01:09:34: Model's personal time...
08/24/2026,01:09:34: Training...
08/24/2026,01:09:35: Evaluating...
08/24/2026,01:09:35: 	Train Loss: 1390.1693 (base: 1390.1693, kd: 0.0000), Elapsed: train 2.34 test 0.49 *
08/24/2026,01:09:35: 	Recall@10: 0.00680 Recall@20: 0.01117 NDCG@10: 0.00355 NDCG@20: 0.00478 
08/24/2026,01:09:35: 	Recall@10: 0.00259 Recall@20: 0.00406 NDCG@10: 0.00141 NDCG@20: 0.00185 
08/24/2026,01:09:35: Epoch [3/1000]
08/24/2026,01:09:35: Negative sampling...
08/24/2026,01:09:37: Model's personal time...
08/24/2026,01:09:37: Training...
08/24/2026,01:09:38: Evaluating...
08/24/2026,01:09:38: 	Train Loss: 1377.5106 (base: 1377.5106, kd: 0.0000), Elapsed: train 2.83 test 0.42 *
08/24/2026,01:09:38: 	Recall@10: 0.01385 Recall@20: 0.02231 NDCG@10: 0.00751 NDCG@20: 0.00983 
08/24/2026,01:09:38: 	Recall@10: 0.00610 Recall@20: 0.01002 NDCG@10: 0.00327 NDCG@20: 0.00435 
08/24/2026,01:09:38: Epoch [4/1000]
08/24/2026,01:09:38: Negative sampling...
08/24/2026,01:09:40: Model's personal time...
08/24/2026,01:09:40: Training...
08/24/2026,01:09:41: Evaluating...
08/24/2026,01:09:41: 	Train Loss: 1337.5669 (base: 1337.5669, kd: 0.0000), Elapsed: train 2.42 test 0.48 *
08/24/2026,01:09:41: 	Recall@10: 0.01697 Recall@20: 0.02513 NDCG@10: 0.00983 NDCG@20: 0.01204 
08/24/2026,01:09:41: 	Recall@10: 0.00734 Recall@20: 0.01128 NDCG@10: 0.00412 NDCG@20: 0.00518 
08/24/2026,01:09:41: Epoch [5/1000]
08/24/2026,01:09:41: Negative sampling...
08/24/2026,01:09:43: Model's personal time...
08/24/2026,01:09:43: Training...
08/24/2026,01:09:44: Evaluating...
08/24/2026,01:09:44: 	Train Loss: 1268.3625 (base: 1268.3625, kd: 0.0000), Elapsed: train 2.70 test 0.40 *
08/24/2026,01:09:44: 	Recall@10: 0.01741 Recall@20: 0.02766 NDCG@10: 0.01024 NDCG@20: 0.01303 
08/24/2026,01:09:44: 	Recall@10: 0.00718 Recall@20: 0.01149 NDCG@10: 0.00426 NDCG@20: 0.00545 
08/24/2026,01:09:44: Epoch [6/1000]
08/24/2026,01:09:44: Negative sampling...
08/24/2026,01:09:46: Model's personal time...
08/24/2026,01:09:46: Training...
08/24/2026,01:09:47: Evaluating...
08/24/2026,01:09:47: 	Train Loss: 1184.3098 (base: 1184.3098, kd: 0.0000), Elapsed: train 2.17 test 0.49 *
08/24/2026,01:09:47: 	Recall@10: 0.02021 Recall@20: 0.03066 NDCG@10: 0.01124 NDCG@20: 0.01408 
08/24/2026,01:09:47: 	Recall@10: 0.00703 Recall@20: 0.01310 NDCG@10: 0.00421 NDCG@20: 0.00590 
08/24/2026,01:09:47: Epoch [7/1000]
08/24/2026,01:09:47: Negative sampling...
08/24/2026,01:09:49: Model's personal time...
08/24/2026,01:09:49: Training...
08/24/2026,01:09:50: Evaluating...
08/24/2026,01:09:50: 	Train Loss: 1098.2565 (base: 1098.2565, kd: 0.0000), Elapsed: train 2.82 test 0.49 *
08/24/2026,01:09:50: 	Recall@10: 0.02141 Recall@20: 0.03357 NDCG@10: 0.01147 NDCG@20: 0.01476 
08/24/2026,01:09:50: 	Recall@10: 0.00784 Recall@20: 0.01375 NDCG@10: 0.00488 NDCG@20: 0.00655 
08/24/2026,01:09:50: Epoch [8/1000]
08/24/2026,01:09:50: Negative sampling...
08/24/2026,01:09:52: Model's personal time...
08/24/2026,01:09:52: Training...
08/24/2026,01:09:53: Evaluating...
08/24/2026,01:09:54: 	Train Loss: 1017.6577 (base: 1017.6577, kd: 0.0000), Elapsed: train 2.80 test 0.49 *
08/24/2026,01:09:54: 	Recall@10: 0.02243 Recall@20: 0.03638 NDCG@10: 0.01240 NDCG@20: 0.01622 
08/24/2026,01:09:54: 	Recall@10: 0.00886 Recall@20: 0.01485 NDCG@10: 0.00521 NDCG@20: 0.00688 
08/24/2026,01:09:54: Epoch [9/1000]
08/24/2026,01:09:54: Negative sampling...
08/24/2026,01:09:55: Model's personal time...
08/24/2026,01:09:55: Training...
08/24/2026,01:09:56: Evaluating...
08/24/2026,01:09:57: 	Train Loss: 947.5857 (base: 947.5857, kd: 0.0000), Elapsed: train 2.65 test 0.40 *
08/24/2026,01:09:57: 	Recall@10: 0.02326 Recall@20: 0.03836 NDCG@10: 0.01307 NDCG@20: 0.01721 
08/24/2026,01:09:57: 	Recall@10: 0.00885 Recall@20: 0.01553 NDCG@10: 0.00521 NDCG@20: 0.00707 
08/24/2026,01:09:57: Epoch [10/1000]
08/24/2026,01:09:57: Negative sampling...
08/24/2026,01:09:58: Model's personal time...
08/24/2026,01:09:58: Training...
08/24/2026,01:09:59: Evaluating...
08/24/2026,01:09:59: 	Train Loss: 884.1305 (base: 884.1305, kd: 0.0000), Elapsed: train 2.30 test 0.40
08/24/2026,01:09:59: 	Recall@10: 0.02389 Recall@20: 0.03840 NDCG@10: 0.01310 NDCG@20: 0.01708 
08/24/2026,01:09:59: 	Recall@10: 0.00984 Recall@20: 0.01678 NDCG@10: 0.00558 NDCG@20: 0.00749 
08/24/2026,01:09:59: Epoch [11/1000]
08/24/2026,01:09:59: Negative sampling...
08/24/2026,01:10:01: Model's personal time...
08/24/2026,01:10:01: Training...
08/24/2026,01:10:02: Evaluating...
08/24/2026,01:10:02: 	Train Loss: 829.1503 (base: 829.1503, kd: 0.0000), Elapsed: train 2.16 test 0.41 *
08/24/2026,01:10:02: 	Recall@10: 0.02459 Recall@20: 0.03844 NDCG@10: 0.01360 NDCG@20: 0.01736 
08/24/2026,01:10:02: 	Recall@10: 0.01010 Recall@20: 0.01748 NDCG@10: 0.00584 NDCG@20: 0.00786 
08/24/2026,01:10:02: Epoch [12/1000]
08/24/2026,01:10:02: Negative sampling...
08/24/2026,01:10:03: Model's personal time...
08/24/2026,01:10:03: Training...
08/24/2026,01:10:04: Evaluating...
08/24/2026,01:10:05: 	Train Loss: 778.3297 (base: 778.3297, kd: 0.0000), Elapsed: train 2.31 test 0.41 *
08/24/2026,01:10:05: 	Recall@10: 0.02464 Recall@20: 0.03943 NDCG@10: 0.01364 NDCG@20: 0.01767 
08/24/2026,01:10:05: 	Recall@10: 0.01099 Recall@20: 0.01733 NDCG@10: 0.00622 NDCG@20: 0.00799 
08/24/2026,01:10:05: Epoch [13/1000]
08/24/2026,01:10:05: Negative sampling...
08/24/2026,01:10:06: Model's personal time...
08/24/2026,01:10:06: Training...
08/24/2026,01:10:07: Evaluating...
08/24/2026,01:10:08: 	Train Loss: 733.7684 (base: 733.7684, kd: 0.0000), Elapsed: train 2.46 test 0.48 *
08/24/2026,01:10:08: 	Recall@10: 0.02564 Recall@20: 0.04008 NDCG@10: 0.01428 NDCG@20: 0.01822 
08/24/2026,01:10:08: 	Recall@10: 0.01166 Recall@20: 0.01796 NDCG@10: 0.00650 NDCG@20: 0.00825 
08/24/2026,01:10:08: Epoch [14/1000]
08/24/2026,01:10:08: Negative sampling...
08/24/2026,01:10:09: Model's personal time...
08/24/2026,01:10:09: Training...
08/24/2026,01:10:10: Evaluating...
08/24/2026,01:10:11: 	Train Loss: 694.4511 (base: 694.4511, kd: 0.0000), Elapsed: train 2.47 test 0.40 *
08/24/2026,01:10:11: 	Recall@10: 0.02578 Recall@20: 0.04141 NDCG@10: 0.01435 NDCG@20: 0.01865 
08/24/2026,01:10:11: 	Recall@10: 0.01179 Recall@20: 0.01886 NDCG@10: 0.00659 NDCG@20: 0.00855 
08/24/2026,01:10:11: Epoch [15/1000]
08/24/2026,01:10:11: Negative sampling...
08/24/2026,01:10:12: Model's personal time...
08/24/2026,01:10:12: Training...
08/24/2026,01:10:13: Evaluating...
08/24/2026,01:10:13: 	Train Loss: 658.8680 (base: 658.8680, kd: 0.0000), Elapsed: train 2.25 test 0.39 *
08/24/2026,01:10:13: 	Recall@10: 0.02602 Recall@20: 0.04204 NDCG@10: 0.01447 NDCG@20: 0.01890 
08/24/2026,01:10:13: 	Recall@10: 0.01185 Recall@20: 0.01940 NDCG@10: 0.00673 NDCG@20: 0.00881 
08/24/2026,01:10:13: Epoch [16/1000]
08/24/2026,01:10:13: Negative sampling...
08/24/2026,01:10:15: Model's personal time...
08/24/2026,01:10:15: Training...
08/24/2026,01:10:15: Evaluating...
08/24/2026,01:10:16: 	Train Loss: 624.9588 (base: 624.9588, kd: 0.0000), Elapsed: train 2.13 test 0.40 *
08/24/2026,01:10:16: 	Recall@10: 0.02773 Recall@20: 0.04363 NDCG@10: 0.01489 NDCG@20: 0.01925 
08/24/2026,01:10:16: 	Recall@10: 0.01185 Recall@20: 0.01940 NDCG@10: 0.00669 NDCG@20: 0.00877 
08/24/2026,01:10:16: Epoch [17/1000]
08/24/2026,01:10:16: Negative sampling...
08/24/2026,01:10:17: Model's personal time...
08/24/2026,01:10:17: Training...
08/24/2026,01:10:18: Evaluating...
08/24/2026,01:10:18: 	Train Loss: 595.4613 (base: 595.4613, kd: 0.0000), Elapsed: train 2.26 test 0.40 *
08/24/2026,01:10:18: 	Recall@10: 0.02827 Recall@20: 0.04426 NDCG@10: 0.01537 NDCG@20: 0.01974 
08/24/2026,01:10:18: 	Recall@10: 0.01238 Recall@20: 0.01988 NDCG@10: 0.00690 NDCG@20: 0.00897 
08/24/2026,01:10:18: Epoch [18/1000]
08/24/2026,01:10:18: Negative sampling...
08/24/2026,01:10:20: Model's personal time...
08/24/2026,01:10:20: Training...
08/24/2026,01:10:21: Evaluating...
08/24/2026,01:10:21: 	Train Loss: 568.5191 (base: 568.5191, kd: 0.0000), Elapsed: train 2.25 test 0.41 *
08/24/2026,01:10:21: 	Recall@10: 0.02979 Recall@20: 0.04536 NDCG@10: 0.01595 NDCG@20: 0.02025 
08/24/2026,01:10:21: 	Recall@10: 0.01228 Recall@20: 0.02065 NDCG@10: 0.00698 NDCG@20: 0.00930 
08/24/2026,01:10:21: Epoch [19/1000]
08/24/2026,01:10:21: Negative sampling...
08/24/2026,01:10:22: Model's personal time...
08/24/2026,01:10:22: Training...
08/24/2026,01:10:23: Evaluating...
08/24/2026,01:10:24: 	Train Loss: 540.1133 (base: 540.1133, kd: 0.0000), Elapsed: train 2.16 test 0.41 *
08/24/2026,01:10:24: 	Recall@10: 0.03027 Recall@20: 0.04640 NDCG@10: 0.01611 NDCG@20: 0.02054 
08/24/2026,01:10:24: 	Recall@10: 0.01295 Recall@20: 0.02126 NDCG@10: 0.00720 NDCG@20: 0.00949 
08/24/2026,01:10:24: Epoch [20/1000]
08/24/2026,01:10:24: Negative sampling...
08/24/2026,01:10:25: Model's personal time...
08/24/2026,01:10:25: Training...
08/24/2026,01:10:26: Evaluating...
08/24/2026,01:10:26: 	Train Loss: 517.4586 (base: 517.4586, kd: 0.0000), Elapsed: train 2.27 test 0.41 *
08/24/2026,01:10:26: 	Recall@10: 0.03156 Recall@20: 0.04729 NDCG@10: 0.01662 NDCG@20: 0.02095 
08/24/2026,01:10:26: 	Recall@10: 0.01314 Recall@20: 0.02206 NDCG@10: 0.00737 NDCG@20: 0.00981 
08/24/2026,01:10:26: Epoch [21/1000]
08/24/2026,01:10:26: Negative sampling...
08/24/2026,01:10:28: Model's personal time...
08/24/2026,01:10:28: Training...
08/24/2026,01:10:28: Evaluating...
08/24/2026,01:10:29: 	Train Loss: 497.5449 (base: 497.5449, kd: 0.0000), Elapsed: train 2.11 test 0.38 *
08/24/2026,01:10:29: 	Recall@10: 0.03139 Recall@20: 0.04816 NDCG@10: 0.01693 NDCG@20: 0.02151 
08/24/2026,01:10:29: 	Recall@10: 0.01372 Recall@20: 0.02211 NDCG@10: 0.00756 NDCG@20: 0.00987 
08/24/2026,01:10:29: Epoch [22/1000]
08/24/2026,01:10:29: Negative sampling...
08/24/2026,01:10:30: Model's personal time...
08/24/2026,01:10:30: Training...
08/24/2026,01:10:31: Evaluating...
08/24/2026,01:10:31: 	Train Loss: 476.5179 (base: 476.5179, kd: 0.0000), Elapsed: train 2.20 test 0.39 *
08/24/2026,01:10:31: 	Recall@10: 0.03200 Recall@20: 0.04815 NDCG@10: 0.01723 NDCG@20: 0.02169 
08/24/2026,01:10:31: 	Recall@10: 0.01477 Recall@20: 0.02268 NDCG@10: 0.00800 NDCG@20: 0.01018 
08/24/2026,01:10:31: Epoch [23/1000]
08/24/2026,01:10:31: Negative sampling...
08/24/2026,01:10:33: Model's personal time...
08/24/2026,01:10:33: Training...
08/24/2026,01:10:34: Evaluating...
08/24/2026,01:10:34: 	Train Loss: 458.3581 (base: 458.3581, kd: 0.0000), Elapsed: train 2.18 test 0.39 *
08/24/2026,01:10:34: 	Recall@10: 0.03122 Recall@20: 0.04838 NDCG@10: 0.01708 NDCG@20: 0.02184 
08/24/2026,01:10:34: 	Recall@10: 0.01410 Recall@20: 0.02265 NDCG@10: 0.00779 NDCG@20: 0.01016 
08/24/2026,01:10:34: Epoch [24/1000]
08/24/2026,01:10:34: Negative sampling...
08/24/2026,01:10:35: Model's personal time...
08/24/2026,01:10:35: Training...
08/24/2026,01:10:36: Evaluating...
08/24/2026,01:10:36: 	Train Loss: 442.0930 (base: 442.0930, kd: 0.0000), Elapsed: train 2.09 test 0.38 *
08/24/2026,01:10:36: 	Recall@10: 0.03167 Recall@20: 0.04863 NDCG@10: 0.01722 NDCG@20: 0.02189 
08/24/2026,01:10:36: 	Recall@10: 0.01471 Recall@20: 0.02316 NDCG@10: 0.00796 NDCG@20: 0.01028 
08/24/2026,01:10:36: Epoch [25/1000]
08/24/2026,01:10:36: Negative sampling...
08/24/2026,01:10:38: Model's personal time...
08/24/2026,01:10:38: Training...
08/24/2026,01:10:39: Evaluating...
08/24/2026,01:10:39: 	Train Loss: 423.3766 (base: 423.3766, kd: 0.0000), Elapsed: train 2.17 test 0.38 *
08/24/2026,01:10:39: 	Recall@10: 0.03221 Recall@20: 0.04847 NDCG@10: 0.01742 NDCG@20: 0.02192 
08/24/2026,01:10:39: 	Recall@10: 0.01499 Recall@20: 0.02363 NDCG@10: 0.00802 NDCG@20: 0.01037 
08/24/2026,01:10:39: Epoch [26/1000]
08/24/2026,01:10:39: Negative sampling...
08/24/2026,01:10:40: Model's personal time...
08/24/2026,01:10:40: Training...
08/24/2026,01:10:41: Evaluating...
08/24/2026,01:10:42: 	Train Loss: 409.0236 (base: 409.0236, kd: 0.0000), Elapsed: train 2.36 test 0.48 *
08/24/2026,01:10:42: 	Recall@10: 0.03217 Recall@20: 0.04904 NDCG@10: 0.01738 NDCG@20: 0.02204 
08/24/2026,01:10:42: 	Recall@10: 0.01528 Recall@20: 0.02329 NDCG@10: 0.00840 NDCG@20: 0.01061 
08/24/2026,01:10:42: Epoch [27/1000]
08/24/2026,01:10:42: Negative sampling...
08/24/2026,01:10:43: Model's personal time...
08/24/2026,01:10:43: Training...
08/24/2026,01:10:44: Evaluating...
08/24/2026,01:10:45: 	Train Loss: 392.4684 (base: 392.4684, kd: 0.0000), Elapsed: train 2.42 test 0.40 *
08/24/2026,01:10:45: 	Recall@10: 0.03243 Recall@20: 0.04954 NDCG@10: 0.01737 NDCG@20: 0.02208 
08/24/2026,01:10:45: 	Recall@10: 0.01492 Recall@20: 0.02315 NDCG@10: 0.00802 NDCG@20: 0.01027 
08/24/2026,01:10:45: Epoch [28/1000]
08/24/2026,01:10:45: Negative sampling...
08/24/2026,01:10:46: Model's personal time...
08/24/2026,01:10:46: Training...
08/24/2026,01:10:47: Evaluating...
08/24/2026,01:10:47: 	Train Loss: 382.0344 (base: 382.0344, kd: 0.0000), Elapsed: train 2.27 test 0.48
08/24/2026,01:10:47: 	Recall@10: 0.03297 Recall@20: 0.04951 NDCG@10: 0.01738 NDCG@20: 0.02190 
08/24/2026,01:10:47: 	Recall@10: 0.01487 Recall@20: 0.02366 NDCG@10: 0.00802 NDCG@20: 0.01041 
08/24/2026,01:10:47: Epoch [29/1000]
08/24/2026,01:10:47: Negative sampling...
08/24/2026,01:10:49: Model's personal time...
08/24/2026,01:10:49: Training...
08/24/2026,01:10:50: Evaluating...
08/24/2026,01:10:50: 	Train Loss: 367.0493 (base: 367.0493, kd: 0.0000), Elapsed: train 2.60 test 0.40
08/24/2026,01:10:50: 	Recall@10: 0.03246 Recall@20: 0.04971 NDCG@10: 0.01722 NDCG@20: 0.02191 
08/24/2026,01:10:50: 	Recall@10: 0.01534 Recall@20: 0.02320 NDCG@10: 0.00821 NDCG@20: 0.01035 
08/24/2026,01:10:50: Epoch [30/1000]
08/24/2026,01:10:50: Negative sampling...
08/24/2026,01:10:52: Model's personal time...
08/24/2026,01:10:52: Training...
08/24/2026,01:10:53: Evaluating...
08/24/2026,01:10:53: 	Train Loss: 353.6519 (base: 353.6519, kd: 0.0000), Elapsed: train 2.22 test 0.40 *
08/24/2026,01:10:53: 	Recall@10: 0.03289 Recall@20: 0.04905 NDCG@10: 0.01766 NDCG@20: 0.02208 
08/24/2026,01:10:53: 	Recall@10: 0.01525 Recall@20: 0.02308 NDCG@10: 0.00829 NDCG@20: 0.01046 
08/24/2026,01:10:53: Epoch [31/1000]
08/24/2026,01:10:53: Negative sampling...
08/24/2026,01:10:54: Model's personal time...
08/24/2026,01:10:54: Training...
08/24/2026,01:10:55: Evaluating...
08/24/2026,01:10:55: 	Train Loss: 344.1012 (base: 344.1012, kd: 0.0000), Elapsed: train 2.09 test 0.39 *
08/24/2026,01:10:55: 	Recall@10: 0.03372 Recall@20: 0.05004 NDCG@10: 0.01783 NDCG@20: 0.02231 
08/24/2026,01:10:55: 	Recall@10: 0.01568 Recall@20: 0.02325 NDCG@10: 0.00862 NDCG@20: 0.01074 
08/24/2026,01:10:55: Epoch [32/1000]
08/24/2026,01:10:55: Negative sampling...
08/24/2026,01:10:57: Model's personal time...
08/24/2026,01:10:57: Training...
08/24/2026,01:10:58: Evaluating...
08/24/2026,01:10:58: 	Train Loss: 330.9192 (base: 330.9192, kd: 0.0000), Elapsed: train 2.21 test 0.40 *
08/24/2026,01:10:58: 	Recall@10: 0.03485 Recall@20: 0.05069 NDCG@10: 0.01839 NDCG@20: 0.02274 
08/24/2026,01:10:58: 	Recall@10: 0.01606 Recall@20: 0.02408 NDCG@10: 0.00886 NDCG@20: 0.01105 
08/24/2026,01:10:58: Epoch [33/1000]
08/24/2026,01:10:58: Negative sampling...
08/24/2026,01:10:59: Model's personal time...
08/24/2026,01:10:59: Training...
08/24/2026,01:11:00: Evaluating...
08/24/2026,01:11:01: 	Train Loss: 321.1657 (base: 321.1657, kd: 0.0000), Elapsed: train 2.23 test 0.40 *
08/24/2026,01:11:01: 	Recall@10: 0.03495 Recall@20: 0.05088 NDCG@10: 0.01836 NDCG@20: 0.02274 
08/24/2026,01:11:01: 	Recall@10: 0.01570 Recall@20: 0.02436 NDCG@10: 0.00861 NDCG@20: 0.01101 
08/24/2026,01:11:01: Epoch [34/1000]
08/24/2026,01:11:01: Negative sampling...
08/24/2026,01:11:02: Model's personal time...
08/24/2026,01:11:02: Training...
08/24/2026,01:11:03: Evaluating...
08/24/2026,01:11:03: 	Train Loss: 315.9245 (base: 315.9245, kd: 0.0000), Elapsed: train 2.11 test 0.39
08/24/2026,01:11:03: 	Recall@10: 0.03480 Recall@20: 0.05200 NDCG@10: 0.01800 NDCG@20: 0.02268 
08/24/2026,01:11:03: 	Recall@10: 0.01566 Recall@20: 0.02465 NDCG@10: 0.00850 NDCG@20: 0.01094 
08/24/2026,01:11:03: Epoch [35/1000]
08/24/2026,01:11:03: Negative sampling...
08/24/2026,01:11:05: Model's personal time...
08/24/2026,01:11:05: Training...
08/24/2026,01:11:05: Evaluating...
08/24/2026,01:11:06: 	Train Loss: 302.8344 (base: 302.8344, kd: 0.0000), Elapsed: train 2.22 test 0.38 *
08/24/2026,01:11:06: 	Recall@10: 0.03542 Recall@20: 0.05237 NDCG@10: 0.01837 NDCG@20: 0.02299 
08/24/2026,01:11:06: 	Recall@10: 0.01521 Recall@20: 0.02435 NDCG@10: 0.00846 NDCG@20: 0.01102 
08/24/2026,01:11:06: Epoch [36/1000]
08/24/2026,01:11:06: Negative sampling...
08/24/2026,01:11:07: Model's personal time...
08/24/2026,01:11:07: Training...
08/24/2026,01:11:08: Evaluating...
08/24/2026,01:11:08: 	Train Loss: 295.8081 (base: 295.8081, kd: 0.0000), Elapsed: train 2.11 test 0.39
08/24/2026,01:11:08: 	Recall@10: 0.03412 Recall@20: 0.05193 NDCG@10: 0.01776 NDCG@20: 0.02264 
08/24/2026,01:11:08: 	Recall@10: 0.01521 Recall@20: 0.02432 NDCG@10: 0.00829 NDCG@20: 0.01082 
08/24/2026,01:11:08: Epoch [37/1000]
08/24/2026,01:11:08: Negative sampling...
08/24/2026,01:11:10: Model's personal time...
08/24/2026,01:11:10: Training...
08/24/2026,01:11:11: Evaluating...
08/24/2026,01:11:11: 	Train Loss: 286.5376 (base: 286.5376, kd: 0.0000), Elapsed: train 2.21 test 0.39 *
08/24/2026,01:11:11: 	Recall@10: 0.03457 Recall@20: 0.05301 NDCG@10: 0.01814 NDCG@20: 0.02316 
08/24/2026,01:11:11: 	Recall@10: 0.01505 Recall@20: 0.02430 NDCG@10: 0.00849 NDCG@20: 0.01105 
08/24/2026,01:11:11: Epoch [38/1000]
08/24/2026,01:11:11: Negative sampling...
08/24/2026,01:11:12: Model's personal time...
08/24/2026,01:11:12: Training...
08/24/2026,01:11:13: Evaluating...
08/24/2026,01:11:14: 	Train Loss: 279.2319 (base: 279.2319, kd: 0.0000), Elapsed: train 2.23 test 0.38
08/24/2026,01:11:14: 	Recall@10: 0.03441 Recall@20: 0.05245 NDCG@10: 0.01784 NDCG@20: 0.02276 
08/24/2026,01:11:14: 	Recall@10: 0.01553 Recall@20: 0.02385 NDCG@10: 0.00845 NDCG@20: 0.01076 
08/24/2026,01:11:14: Epoch [39/1000]
08/24/2026,01:11:14: Negative sampling...
08/24/2026,01:11:15: Model's personal time...
08/24/2026,01:11:15: Training...
08/24/2026,01:11:16: Evaluating...
08/24/2026,01:11:16: 	Train Loss: 271.3804 (base: 271.3804, kd: 0.0000), Elapsed: train 2.10 test 0.39
08/24/2026,01:11:16: 	Recall@10: 0.03416 Recall@20: 0.05290 NDCG@10: 0.01755 NDCG@20: 0.02267 
08/24/2026,01:11:16: 	Recall@10: 0.01514 Recall@20: 0.02426 NDCG@10: 0.00833 NDCG@20: 0.01083 
08/24/2026,01:11:16: Epoch [40/1000]
08/24/2026,01:11:16: Negative sampling...
08/24/2026,01:11:17: Model's personal time...
08/24/2026,01:11:17: Training...
08/24/2026,01:11:18: Evaluating...
08/24/2026,01:11:19: 	Train Loss: 265.3857 (base: 265.3857, kd: 0.0000), Elapsed: train 2.18 test 0.38
08/24/2026,01:11:19: 	Recall@10: 0.03415 Recall@20: 0.05263 NDCG@10: 0.01751 NDCG@20: 0.02259 
08/24/2026,01:11:19: 	Recall@10: 0.01444 Recall@20: 0.02406 NDCG@10: 0.00807 NDCG@20: 0.01070 
08/24/2026,01:11:19: Epoch [41/1000]
08/24/2026,01:11:19: Negative sampling...
08/24/2026,01:11:20: Model's personal time...
08/24/2026,01:11:20: Training...
08/24/2026,01:11:21: Evaluating...
08/24/2026,01:11:21: 	Train Loss: 257.0981 (base: 257.0981, kd: 0.0000), Elapsed: train 2.18 test 0.47
08/24/2026,01:11:21: 	Recall@10: 0.03504 Recall@20: 0.05357 NDCG@10: 0.01791 NDCG@20: 0.02292 
08/24/2026,01:11:21: 	Recall@10: 0.01439 Recall@20: 0.02406 NDCG@10: 0.00810 NDCG@20: 0.01078 
08/24/2026,01:11:21: Epoch [42/1000]
08/24/2026,01:11:21: Negative sampling...
08/24/2026,01:11:23: Model's personal time...
08/24/2026,01:11:23: Training...
08/24/2026,01:11:24: Evaluating...
08/24/2026,01:11:24: 	Train Loss: 251.6021 (base: 251.6021, kd: 0.0000), Elapsed: train 2.74 test 0.48
08/24/2026,01:11:24: 	Recall@10: 0.03560 Recall@20: 0.05365 NDCG@10: 0.01821 NDCG@20: 0.02312 
08/24/2026,01:11:24: 	Recall@10: 0.01432 Recall@20: 0.02406 NDCG@10: 0.00800 NDCG@20: 0.01071 
08/24/2026,01:11:24: Epoch [43/1000]
08/24/2026,01:11:24: Negative sampling...
08/24/2026,01:11:26: Model's personal time...
08/24/2026,01:11:26: Training...
08/24/2026,01:11:27: Evaluating...
08/24/2026,01:11:28: 	Train Loss: 244.9540 (base: 244.9540, kd: 0.0000), Elapsed: train 2.76 test 0.41 *
08/24/2026,01:11:28: 	Recall@10: 0.03555 Recall@20: 0.05415 NDCG@10: 0.01814 NDCG@20: 0.02319 
08/24/2026,01:11:28: 	Recall@10: 0.01488 Recall@20: 0.02424 NDCG@10: 0.00799 NDCG@20: 0.01056 
08/24/2026,01:11:28: Epoch [44/1000]
08/24/2026,01:11:28: Negative sampling...
08/24/2026,01:11:29: Model's personal time...
08/24/2026,01:11:29: Training...
08/24/2026,01:11:30: Evaluating...
08/24/2026,01:11:30: 	Train Loss: 237.5858 (base: 237.5858, kd: 0.0000), Elapsed: train 2.36 test 0.48 *
08/24/2026,01:11:30: 	Recall@10: 0.03597 Recall@20: 0.05524 NDCG@10: 0.01826 NDCG@20: 0.02350 
08/24/2026,01:11:30: 	Recall@10: 0.01531 Recall@20: 0.02419 NDCG@10: 0.00815 NDCG@20: 0.01062 
08/24/2026,01:11:30: Epoch [45/1000]
08/24/2026,01:11:30: Negative sampling...
08/24/2026,01:11:32: Model's personal time...
08/24/2026,01:11:32: Training...
08/24/2026,01:11:33: Evaluating...
08/24/2026,01:11:34: 	Train Loss: 231.5526 (base: 231.5526, kd: 0.0000), Elapsed: train 2.56 test 0.50
08/24/2026,01:11:34: 	Recall@10: 0.03574 Recall@20: 0.05455 NDCG@10: 0.01815 NDCG@20: 0.02331 
08/24/2026,01:11:34: 	Recall@10: 0.01489 Recall@20: 0.02406 NDCG@10: 0.00803 NDCG@20: 0.01058 
08/24/2026,01:11:34: Epoch [46/1000]
08/24/2026,01:11:34: Negative sampling...
08/24/2026,01:11:35: Model's personal time...
08/24/2026,01:11:35: Training...
08/24/2026,01:11:36: Evaluating...
08/24/2026,01:11:37: 	Train Loss: 228.0259 (base: 228.0259, kd: 0.0000), Elapsed: train 2.57 test 0.46
08/24/2026,01:11:37: 	Recall@10: 0.03535 Recall@20: 0.05437 NDCG@10: 0.01803 NDCG@20: 0.02324 
08/24/2026,01:11:37: 	Recall@10: 0.01473 Recall@20: 0.02330 NDCG@10: 0.00800 NDCG@20: 0.01039 
08/24/2026,01:11:37: Epoch [47/1000]
08/24/2026,01:11:37: Negative sampling...
08/24/2026,01:11:38: Model's personal time...
08/24/2026,01:11:38: Training...
08/24/2026,01:11:39: Evaluating...
08/24/2026,01:11:39: 	Train Loss: 220.8816 (base: 220.8816, kd: 0.0000), Elapsed: train 2.38 test 0.39
08/24/2026,01:11:39: 	Recall@10: 0.03580 Recall@20: 0.05467 NDCG@10: 0.01813 NDCG@20: 0.02327 
08/24/2026,01:11:39: 	Recall@10: 0.01454 Recall@20: 0.02387 NDCG@10: 0.00798 NDCG@20: 0.01056 
08/24/2026,01:11:39: Epoch [48/1000]
08/24/2026,01:11:39: Negative sampling...
08/24/2026,01:11:41: Model's personal time...
08/24/2026,01:11:41: Training...
08/24/2026,01:11:42: Evaluating...
08/24/2026,01:11:42: 	Train Loss: 218.7192 (base: 218.7192, kd: 0.0000), Elapsed: train 2.27 test 0.39
08/24/2026,01:11:42: 	Recall@10: 0.03616 Recall@20: 0.05380 NDCG@10: 0.01822 NDCG@20: 0.02299 
08/24/2026,01:11:42: 	Recall@10: 0.01470 Recall@20: 0.02364 NDCG@10: 0.00813 NDCG@20: 0.01061 
08/24/2026,01:11:42: Epoch [49/1000]
08/24/2026,01:11:42: Negative sampling...
08/24/2026,01:11:43: Model's personal time...
08/24/2026,01:11:43: Training...
08/24/2026,01:11:44: Evaluating...
08/24/2026,01:11:45: 	Train Loss: 212.7153 (base: 212.7153, kd: 0.0000), Elapsed: train 2.23 test 0.49
08/24/2026,01:11:45: 	Recall@10: 0.03552 Recall@20: 0.05442 NDCG@10: 0.01810 NDCG@20: 0.02326 
08/24/2026,01:11:45: 	Recall@10: 0.01407 Recall@20: 0.02393 NDCG@10: 0.00789 NDCG@20: 0.01064 
08/24/2026,01:11:45: Epoch [50/1000]
08/24/2026,01:11:45: Negative sampling...
08/24/2026,01:11:46: Model's personal time...
08/24/2026,01:11:46: Training...
08/24/2026,01:11:47: Evaluating...
08/24/2026,01:11:48: 	Train Loss: 208.3838 (base: 208.3838, kd: 0.0000), Elapsed: train 2.59 test 0.42 *
08/24/2026,01:11:48: 	Recall@10: 0.03693 Recall@20: 0.05449 NDCG@10: 0.01871 NDCG@20: 0.02350 
08/24/2026,01:11:48: 	Recall@10: 0.01545 Recall@20: 0.02437 NDCG@10: 0.00845 NDCG@20: 0.01094 
08/24/2026,01:11:48: Epoch [51/1000]
08/24/2026,01:11:48: Negative sampling...
08/24/2026,01:11:49: Model's personal time...
08/24/2026,01:11:49: Training...
08/24/2026,01:11:50: Evaluating...
08/24/2026,01:11:50: 	Train Loss: 204.6072 (base: 204.6072, kd: 0.0000), Elapsed: train 2.10 test 0.41 *
08/24/2026,01:11:50: 	Recall@10: 0.03688 Recall@20: 0.05544 NDCG@10: 0.01866 NDCG@20: 0.02376 
08/24/2026,01:11:50: 	Recall@10: 0.01538 Recall@20: 0.02433 NDCG@10: 0.00840 NDCG@20: 0.01090 
08/24/2026,01:11:50: Epoch [52/1000]
08/24/2026,01:11:50: Negative sampling...
08/24/2026,01:11:52: Model's personal time...
08/24/2026,01:11:52: Training...
08/24/2026,01:11:52: Evaluating...
08/24/2026,01:11:53: 	Train Loss: 200.3039 (base: 200.3039, kd: 0.0000), Elapsed: train 2.22 test 0.41
08/24/2026,01:11:53: 	Recall@10: 0.03578 Recall@20: 0.05476 NDCG@10: 0.01833 NDCG@20: 0.02359 
08/24/2026,01:11:53: 	Recall@10: 0.01557 Recall@20: 0.02437 NDCG@10: 0.00852 NDCG@20: 0.01097 
08/24/2026,01:11:53: Epoch [53/1000]
08/24/2026,01:11:53: Negative sampling...
08/24/2026,01:11:54: Model's personal time...
08/24/2026,01:11:54: Training...
08/24/2026,01:11:55: Evaluating...
08/24/2026,01:11:56: 	Train Loss: 196.3870 (base: 196.3870, kd: 0.0000), Elapsed: train 2.25 test 0.41
08/24/2026,01:11:56: 	Recall@10: 0.03675 Recall@20: 0.05488 NDCG@10: 0.01869 NDCG@20: 0.02364 
08/24/2026,01:11:56: 	Recall@10: 0.01564 Recall@20: 0.02424 NDCG@10: 0.00864 NDCG@20: 0.01103 
08/24/2026,01:11:56: Epoch [54/1000]
08/24/2026,01:11:56: Negative sampling...
08/24/2026,01:11:57: Model's personal time...
08/24/2026,01:11:57: Training...
08/24/2026,01:11:58: Evaluating...
08/24/2026,01:11:58: 	Train Loss: 193.6774 (base: 193.6774, kd: 0.0000), Elapsed: train 2.16 test 0.48 *
08/24/2026,01:11:58: 	Recall@10: 0.03659 Recall@20: 0.05538 NDCG@10: 0.01881 NDCG@20: 0.02395 
08/24/2026,01:11:58: 	Recall@10: 0.01640 Recall@20: 0.02485 NDCG@10: 0.00895 NDCG@20: 0.01128 
08/24/2026,01:11:58: Epoch [55/1000]
08/24/2026,01:11:58: Negative sampling...
08/24/2026,01:12:00: Model's personal time...
08/24/2026,01:12:00: Training...
08/24/2026,01:12:01: Evaluating...
08/24/2026,01:12:01: 	Train Loss: 189.7772 (base: 189.7772, kd: 0.0000), Elapsed: train 2.76 test 0.49
08/24/2026,01:12:01: 	Recall@10: 0.03730 Recall@20: 0.05442 NDCG@10: 0.01892 NDCG@20: 0.02360 
08/24/2026,01:12:01: 	Recall@10: 0.01622 Recall@20: 0.02505 NDCG@10: 0.00887 NDCG@20: 0.01131 
08/24/2026,01:12:01: Epoch [56/1000]
08/24/2026,01:12:01: Negative sampling...
08/24/2026,01:12:03: Model's personal time...
08/24/2026,01:12:03: Training...
08/24/2026,01:12:04: Evaluating...
08/24/2026,01:12:04: 	Train Loss: 185.8395 (base: 185.8395, kd: 0.0000), Elapsed: train 2.12 test 0.39
08/24/2026,01:12:04: 	Recall@10: 0.03679 Recall@20: 0.05469 NDCG@10: 0.01888 NDCG@20: 0.02371 
08/24/2026,01:12:04: 	Recall@10: 0.01596 Recall@20: 0.02409 NDCG@10: 0.00866 NDCG@20: 0.01092 
08/24/2026,01:12:04: Epoch [57/1000]
08/24/2026,01:12:04: Negative sampling...
08/24/2026,01:12:05: Model's personal time...
08/24/2026,01:12:05: Training...
08/24/2026,01:12:06: Evaluating...
08/24/2026,01:12:07: 	Train Loss: 181.7310 (base: 181.7310, kd: 0.0000), Elapsed: train 2.28 test 0.40
08/24/2026,01:12:07: 	Recall@10: 0.03682 Recall@20: 0.05501 NDCG@10: 0.01901 NDCG@20: 0.02391 
08/24/2026,01:12:07: 	Recall@10: 0.01573 Recall@20: 0.02371 NDCG@10: 0.00865 NDCG@20: 0.01088 
08/24/2026,01:12:07: Epoch [58/1000]
08/24/2026,01:12:07: Negative sampling...
08/24/2026,01:12:08: Model's personal time...
08/24/2026,01:12:08: Training...
08/24/2026,01:12:09: Evaluating...
08/24/2026,01:12:10: 	Train Loss: 177.7523 (base: 177.7523, kd: 0.0000), Elapsed: train 2.42 test 0.49 *
08/24/2026,01:12:10: 	Recall@10: 0.03673 Recall@20: 0.05482 NDCG@10: 0.01914 NDCG@20: 0.02404 
08/24/2026,01:12:10: 	Recall@10: 0.01563 Recall@20: 0.02422 NDCG@10: 0.00864 NDCG@20: 0.01104 
08/24/2026,01:12:10: Epoch [59/1000]
08/24/2026,01:12:10: Negative sampling...
08/24/2026,01:12:11: Model's personal time...
08/24/2026,01:12:11: Training...
08/24/2026,01:12:12: Evaluating...
08/24/2026,01:12:13: 	Train Loss: 176.5875 (base: 176.5875, kd: 0.0000), Elapsed: train 2.60 test 0.49
08/24/2026,01:12:13: 	Recall@10: 0.03688 Recall@20: 0.05448 NDCG@10: 0.01908 NDCG@20: 0.02389 
08/24/2026,01:12:13: 	Recall@10: 0.01609 Recall@20: 0.02444 NDCG@10: 0.00887 NDCG@20: 0.01118 
08/24/2026,01:12:13: Epoch [60/1000]
08/24/2026,01:12:13: Negative sampling...
08/24/2026,01:12:14: Model's personal time...
08/24/2026,01:12:14: Training...
08/24/2026,01:12:15: Evaluating...
08/24/2026,01:12:16: 	Train Loss: 173.3423 (base: 173.3423, kd: 0.0000), Elapsed: train 2.57 test 0.46
08/24/2026,01:12:16: 	Recall@10: 0.03713 Recall@20: 0.05378 NDCG@10: 0.01896 NDCG@20: 0.02350 
08/24/2026,01:12:16: 	Recall@10: 0.01604 Recall@20: 0.02467 NDCG@10: 0.00889 NDCG@20: 0.01128 
08/24/2026,01:12:16: Epoch [61/1000]
08/24/2026,01:12:16: Negative sampling...
08/24/2026,01:12:17: Model's personal time...
08/24/2026,01:12:17: Training...
08/24/2026,01:12:18: Evaluating...
08/24/2026,01:12:18: 	Train Loss: 166.5057 (base: 166.5057, kd: 0.0000), Elapsed: train 2.26 test 0.38
08/24/2026,01:12:18: 	Recall@10: 0.03705 Recall@20: 0.05450 NDCG@10: 0.01888 NDCG@20: 0.02362 
08/24/2026,01:12:18: 	Recall@10: 0.01627 Recall@20: 0.02444 NDCG@10: 0.00901 NDCG@20: 0.01127 
08/24/2026,01:12:18: Epoch [62/1000]
08/24/2026,01:12:18: Negative sampling...
08/24/2026,01:12:20: Model's personal time...
08/24/2026,01:12:20: Training...
08/24/2026,01:12:21: Evaluating...
08/24/2026,01:12:21: 	Train Loss: 164.5719 (base: 164.5719, kd: 0.0000), Elapsed: train 2.27 test 0.42
08/24/2026,01:12:21: 	Recall@10: 0.03686 Recall@20: 0.05419 NDCG@10: 0.01885 NDCG@20: 0.02355 
08/24/2026,01:12:21: 	Recall@10: 0.01624 Recall@20: 0.02389 NDCG@10: 0.00896 NDCG@20: 0.01111 
08/24/2026,01:12:21: Epoch [63/1000]
08/24/2026,01:12:21: Negative sampling...
08/24/2026,01:12:22: Model's personal time...
08/24/2026,01:12:22: Training...
08/24/2026,01:12:23: Evaluating...
08/24/2026,01:12:24: 	Train Loss: 164.9631 (base: 164.9631, kd: 0.0000), Elapsed: train 2.19 test 0.38
08/24/2026,01:12:24: 	Recall@10: 0.03774 Recall@20: 0.05515 NDCG@10: 0.01912 NDCG@20: 0.02385 
08/24/2026,01:12:24: 	Recall@10: 0.01629 Recall@20: 0.02460 NDCG@10: 0.00896 NDCG@20: 0.01130 
08/24/2026,01:12:24: Epoch [64/1000]
08/24/2026,01:12:24: Negative sampling...
08/24/2026,01:12:25: Model's personal time...
08/24/2026,01:12:25: Training...
08/24/2026,01:12:26: Evaluating...
08/24/2026,01:12:26: 	Train Loss: 160.2269 (base: 160.2269, kd: 0.0000), Elapsed: train 2.10 test 0.39
08/24/2026,01:12:26: 	Recall@10: 0.03834 Recall@20: 0.05500 NDCG@10: 0.01941 NDCG@20: 0.02397 
08/24/2026,01:12:26: 	Recall@10: 0.01677 Recall@20: 0.02540 NDCG@10: 0.00907 NDCG@20: 0.01145 
08/24/2026,01:12:26: Epoch [65/1000]
08/24/2026,01:12:26: Negative sampling...
08/24/2026,01:12:27: Model's personal time...
08/24/2026,01:12:27: Training...
08/24/2026,01:12:28: Evaluating...
08/24/2026,01:12:29: 	Train Loss: 155.9153 (base: 155.9153, kd: 0.0000), Elapsed: train 2.21 test 0.47
08/24/2026,01:12:29: 	Recall@10: 0.03872 Recall@20: 0.05436 NDCG@10: 0.01943 NDCG@20: 0.02373 
08/24/2026,01:12:29: 	Recall@10: 0.01683 Recall@20: 0.02470 NDCG@10: 0.00917 NDCG@20: 0.01138 
08/24/2026,01:12:29: Epoch [66/1000]
08/24/2026,01:12:29: Negative sampling...
08/24/2026,01:12:30: Model's personal time...
08/24/2026,01:12:30: Training...
08/24/2026,01:12:31: Evaluating...
08/24/2026,01:12:31: 	Train Loss: 155.4912 (base: 155.4912, kd: 0.0000), Elapsed: train 2.20 test 0.38 *
08/24/2026,01:12:31: 	Recall@10: 0.03884 Recall@20: 0.05526 NDCG@10: 0.01957 NDCG@20: 0.02409 
08/24/2026,01:12:31: 	Recall@10: 0.01660 Recall@20: 0.02503 NDCG@10: 0.00916 NDCG@20: 0.01151 
08/24/2026,01:12:31: Epoch [67/1000]
08/24/2026,01:12:31: Negative sampling...
08/24/2026,01:12:33: Model's personal time...
08/24/2026,01:12:33: Training...
08/24/2026,01:12:33: Evaluating...
08/24/2026,01:12:34: 	Train Loss: 152.8385 (base: 152.8385, kd: 0.0000), Elapsed: train 2.15 test 0.38 *
08/24/2026,01:12:34: 	Recall@10: 0.03861 Recall@20: 0.05561 NDCG@10: 0.01966 NDCG@20: 0.02431 
08/24/2026,01:12:34: 	Recall@10: 0.01665 Recall@20: 0.02454 NDCG@10: 0.00921 NDCG@20: 0.01142 
08/24/2026,01:12:34: Epoch [68/1000]
08/24/2026,01:12:34: Negative sampling...
08/24/2026,01:12:35: Model's personal time...
08/24/2026,01:12:35: Training...
08/24/2026,01:12:36: Evaluating...
08/24/2026,01:12:36: 	Train Loss: 150.2517 (base: 150.2517, kd: 0.0000), Elapsed: train 2.17 test 0.38 *
08/24/2026,01:12:36: 	Recall@10: 0.03907 Recall@20: 0.05612 NDCG@10: 0.01969 NDCG@20: 0.02435 
08/24/2026,01:12:36: 	Recall@10: 0.01688 Recall@20: 0.02499 NDCG@10: 0.00917 NDCG@20: 0.01141 
08/24/2026,01:12:36: Epoch [69/1000]
08/24/2026,01:12:36: Negative sampling...
08/24/2026,01:12:38: Model's personal time...
08/24/2026,01:12:38: Training...
08/24/2026,01:12:38: Evaluating...
08/24/2026,01:12:39: 	Train Loss: 148.3365 (base: 148.3365, kd: 0.0000), Elapsed: train 2.05 test 0.38 *
08/24/2026,01:12:39: 	Recall@10: 0.03957 Recall@20: 0.05692 NDCG@10: 0.02012 NDCG@20: 0.02488 
08/24/2026,01:12:39: 	Recall@10: 0.01688 Recall@20: 0.02576 NDCG@10: 0.00925 NDCG@20: 0.01166 
08/24/2026,01:12:39: Epoch [70/1000]
08/24/2026,01:12:39: Negative sampling...
08/24/2026,01:12:40: Model's personal time...
08/24/2026,01:12:40: Training...
08/24/2026,01:12:41: Evaluating...
08/24/2026,01:12:41: 	Train Loss: 142.6309 (base: 142.6309, kd: 0.0000), Elapsed: train 2.19 test 0.46
08/24/2026,01:12:41: 	Recall@10: 0.03883 Recall@20: 0.05642 NDCG@10: 0.02000 NDCG@20: 0.02482 
08/24/2026,01:12:41: 	Recall@10: 0.01688 Recall@20: 0.02541 NDCG@10: 0.00944 NDCG@20: 0.01180 
08/24/2026,01:12:41: Epoch [71/1000]
08/24/2026,01:12:41: Negative sampling...
08/24/2026,01:12:43: Model's personal time...
08/24/2026,01:12:43: Training...
08/24/2026,01:12:44: Evaluating...
08/24/2026,01:12:44: 	Train Loss: 142.7869 (base: 142.7869, kd: 0.0000), Elapsed: train 2.13 test 0.47 *
08/24/2026,01:12:44: 	Recall@10: 0.03891 Recall@20: 0.05658 NDCG@10: 0.02015 NDCG@20: 0.02502 
08/24/2026,01:12:44: 	Recall@10: 0.01698 Recall@20: 0.02595 NDCG@10: 0.00935 NDCG@20: 0.01184 
08/24/2026,01:12:44: Epoch [72/1000]
08/24/2026,01:12:44: Negative sampling...
08/24/2026,01:12:45: Model's personal time...
08/24/2026,01:12:45: Training...
08/24/2026,01:12:46: Evaluating...
08/24/2026,01:12:47: 	Train Loss: 141.5700 (base: 141.5700, kd: 0.0000), Elapsed: train 2.29 test 0.38 *
08/24/2026,01:12:47: 	Recall@10: 0.03854 Recall@20: 0.05663 NDCG@10: 0.02010 NDCG@20: 0.02505 
08/24/2026,01:12:47: 	Recall@10: 0.01640 Recall@20: 0.02568 NDCG@10: 0.00918 NDCG@20: 0.01174 
08/24/2026,01:12:47: Epoch [73/1000]
08/24/2026,01:12:47: Negative sampling...
08/24/2026,01:12:48: Model's personal time...
08/24/2026,01:12:48: Training...
08/24/2026,01:12:49: Evaluating...
08/24/2026,01:12:49: 	Train Loss: 138.2551 (base: 138.2551, kd: 0.0000), Elapsed: train 2.18 test 0.38
08/24/2026,01:12:49: 	Recall@10: 0.03825 Recall@20: 0.05689 NDCG@10: 0.01983 NDCG@20: 0.02487 
08/24/2026,01:12:49: 	Recall@10: 0.01601 Recall@20: 0.02510 NDCG@10: 0.00911 NDCG@20: 0.01161 
08/24/2026,01:12:49: Epoch [74/1000]
08/24/2026,01:12:49: Negative sampling...
08/24/2026,01:12:51: Model's personal time...
08/24/2026,01:12:51: Training...
08/24/2026,01:12:51: Evaluating...
08/24/2026,01:12:52: 	Train Loss: 136.7820 (base: 136.7820, kd: 0.0000), Elapsed: train 2.09 test 0.38
08/24/2026,01:12:52: 	Recall@10: 0.03790 Recall@20: 0.05703 NDCG@10: 0.01982 NDCG@20: 0.02499 
08/24/2026,01:12:52: 	Recall@10: 0.01630 Recall@20: 0.02499 NDCG@10: 0.00918 NDCG@20: 0.01159 
08/24/2026,01:12:52: Epoch [75/1000]
08/24/2026,01:12:52: Negative sampling...
08/24/2026,01:12:53: Model's personal time...
08/24/2026,01:12:53: Training...
08/24/2026,01:12:54: Evaluating...
08/24/2026,01:12:54: 	Train Loss: 135.8870 (base: 135.8870, kd: 0.0000), Elapsed: train 2.16 test 0.38
08/24/2026,01:12:54: 	Recall@10: 0.03805 Recall@20: 0.05651 NDCG@10: 0.01976 NDCG@20: 0.02478 
08/24/2026,01:12:54: 	Recall@10: 0.01582 Recall@20: 0.02443 NDCG@10: 0.00904 NDCG@20: 0.01144 
08/24/2026,01:12:54: Epoch [76/1000]
08/24/2026,01:12:54: Negative sampling...
08/24/2026,01:12:56: Model's personal time...
08/24/2026,01:12:56: Training...
08/24/2026,01:12:57: Evaluating...
08/24/2026,01:12:57: 	Train Loss: 132.6275 (base: 132.6275, kd: 0.0000), Elapsed: train 2.36 test 0.38
08/24/2026,01:12:57: 	Recall@10: 0.03784 Recall@20: 0.05704 NDCG@10: 0.01955 NDCG@20: 0.02478 
08/24/2026,01:12:57: 	Recall@10: 0.01630 Recall@20: 0.02516 NDCG@10: 0.00929 NDCG@20: 0.01175 
08/24/2026,01:12:57: Epoch [77/1000]
08/24/2026,01:12:57: Negative sampling...
08/24/2026,01:12:58: Model's personal time...
08/24/2026,01:12:58: Training...
08/24/2026,01:12:59: Evaluating...
08/24/2026,01:13:00: 	Train Loss: 131.8346 (base: 131.8346, kd: 0.0000), Elapsed: train 2.17 test 0.38
08/24/2026,01:13:00: 	Recall@10: 0.03914 Recall@20: 0.05754 NDCG@10: 0.01979 NDCG@20: 0.02479 
08/24/2026,01:13:00: 	Recall@10: 0.01669 Recall@20: 0.02558 NDCG@10: 0.00943 NDCG@20: 0.01191 
08/24/2026,01:13:00: Epoch [78/1000]
08/24/2026,01:13:00: Negative sampling...
08/24/2026,01:13:01: Model's personal time...
08/24/2026,01:13:01: Training...
08/24/2026,01:13:02: Evaluating...
08/24/2026,01:13:02: 	Train Loss: 129.1326 (base: 129.1326, kd: 0.0000), Elapsed: train 2.18 test 0.38
08/24/2026,01:13:02: 	Recall@10: 0.03975 Recall@20: 0.05718 NDCG@10: 0.02026 NDCG@20: 0.02505 
08/24/2026,01:13:02: 	Recall@10: 0.01726 Recall@20: 0.02591 NDCG@10: 0.00952 NDCG@20: 0.01190 
08/24/2026,01:13:02: Epoch [79/1000]
08/24/2026,01:13:02: Negative sampling...
08/24/2026,01:13:03: Model's personal time...
08/24/2026,01:13:03: Training...
08/24/2026,01:13:04: Evaluating...
08/24/2026,01:13:05: 	Train Loss: 126.6501 (base: 126.6501, kd: 0.0000), Elapsed: train 2.08 test 0.38 *
08/24/2026,01:13:05: 	Recall@10: 0.03951 Recall@20: 0.05786 NDCG@10: 0.02013 NDCG@20: 0.02514 
08/24/2026,01:13:05: 	Recall@10: 0.01755 Recall@20: 0.02632 NDCG@10: 0.00973 NDCG@20: 0.01213 
08/24/2026,01:13:05: Epoch [80/1000]
08/24/2026,01:13:05: Negative sampling...
08/24/2026,01:13:06: Model's personal time...
08/24/2026,01:13:06: Training...
08/24/2026,01:13:07: Evaluating...
08/24/2026,01:13:07: 	Train Loss: 125.7385 (base: 125.7385, kd: 0.0000), Elapsed: train 2.23 test 0.40 *
08/24/2026,01:13:07: 	Recall@10: 0.03909 Recall@20: 0.05699 NDCG@10: 0.02032 NDCG@20: 0.02527 
08/24/2026,01:13:07: 	Recall@10: 0.01780 Recall@20: 0.02579 NDCG@10: 0.00986 NDCG@20: 0.01204 
08/24/2026,01:13:07: Epoch [81/1000]
08/24/2026,01:13:07: Negative sampling...
08/24/2026,01:13:09: Model's personal time...
08/24/2026,01:13:09: Training...
08/24/2026,01:13:09: Evaluating...
08/24/2026,01:13:10: 	Train Loss: 122.4543 (base: 122.4543, kd: 0.0000), Elapsed: train 2.08 test 0.38 *
08/24/2026,01:13:10: 	Recall@10: 0.03981 Recall@20: 0.05813 NDCG@10: 0.02051 NDCG@20: 0.02555 
08/24/2026,01:13:10: 	Recall@10: 0.01742 Recall@20: 0.02591 NDCG@10: 0.00984 NDCG@20: 0.01216 
08/24/2026,01:13:10: Epoch [82/1000]
08/24/2026,01:13:10: Negative sampling...
08/24/2026,01:13:11: Model's personal time...
08/24/2026,01:13:11: Training...
08/24/2026,01:13:12: Evaluating...
08/24/2026,01:13:12: 	Train Loss: 121.6579 (base: 121.6579, kd: 0.0000), Elapsed: train 2.17 test 0.38
08/24/2026,01:13:12: 	Recall@10: 0.04088 Recall@20: 0.05860 NDCG@10: 0.02066 NDCG@20: 0.02548 
08/24/2026,01:13:12: 	Recall@10: 0.01761 Recall@20: 0.02555 NDCG@10: 0.00985 NDCG@20: 0.01205 
08/24/2026,01:13:12: Epoch [83/1000]
08/24/2026,01:13:12: Negative sampling...
08/24/2026,01:13:14: Model's personal time...
08/24/2026,01:13:14: Training...
08/24/2026,01:13:14: Evaluating...
08/24/2026,01:13:15: 	Train Loss: 119.4406 (base: 119.4406, kd: 0.0000), Elapsed: train 2.17 test 0.38
08/24/2026,01:13:15: 	Recall@10: 0.03958 Recall@20: 0.05848 NDCG@10: 0.02031 NDCG@20: 0.02547 
08/24/2026,01:13:15: 	Recall@10: 0.01704 Recall@20: 0.02571 NDCG@10: 0.00966 NDCG@20: 0.01207 
08/24/2026,01:13:15: Epoch [84/1000]
08/24/2026,01:13:15: Negative sampling...
08/24/2026,01:13:16: Model's personal time...
08/24/2026,01:13:16: Training...
08/24/2026,01:13:17: Evaluating...
08/24/2026,01:13:17: 	Train Loss: 118.7548 (base: 118.7548, kd: 0.0000), Elapsed: train 2.07 test 0.38 *
08/24/2026,01:13:17: 	Recall@10: 0.03910 Recall@20: 0.05962 NDCG@10: 0.02015 NDCG@20: 0.02573 
08/24/2026,01:13:17: 	Recall@10: 0.01704 Recall@20: 0.02562 NDCG@10: 0.00963 NDCG@20: 0.01203 
08/24/2026,01:13:17: Epoch [85/1000]
08/24/2026,01:13:17: Negative sampling...
08/24/2026,01:13:19: Model's personal time...
08/24/2026,01:13:19: Training...
08/24/2026,01:13:19: Evaluating...
08/24/2026,01:13:20: 	Train Loss: 118.3083 (base: 118.3083, kd: 0.0000), Elapsed: train 2.17 test 0.39 *
08/24/2026,01:13:20: 	Recall@10: 0.04005 Recall@20: 0.05951 NDCG@10: 0.02060 NDCG@20: 0.02590 
08/24/2026,01:13:20: 	Recall@10: 0.01736 Recall@20: 0.02583 NDCG@10: 0.00968 NDCG@20: 0.01208 
08/24/2026,01:13:20: Epoch [86/1000]
08/24/2026,01:13:20: Negative sampling...
08/24/2026,01:13:21: Model's personal time...
08/24/2026,01:13:21: Training...
08/24/2026,01:13:22: Evaluating...
08/24/2026,01:13:23: 	Train Loss: 115.6866 (base: 115.6866, kd: 0.0000), Elapsed: train 2.21 test 0.47 *
08/24/2026,01:13:23: 	Recall@10: 0.03938 Recall@20: 0.05975 NDCG@10: 0.02043 NDCG@20: 0.02594 
08/24/2026,01:13:23: 	Recall@10: 0.01758 Recall@20: 0.02554 NDCG@10: 0.00985 NDCG@20: 0.01209 
08/24/2026,01:13:23: Epoch [87/1000]
08/24/2026,01:13:23: Negative sampling...
08/24/2026,01:13:24: Model's personal time...
08/24/2026,01:13:24: Training...
08/24/2026,01:13:25: Evaluating...
08/24/2026,01:13:25: 	Train Loss: 114.8326 (base: 114.8326, kd: 0.0000), Elapsed: train 2.33 test 0.38
08/24/2026,01:13:25: 	Recall@10: 0.03860 Recall@20: 0.05877 NDCG@10: 0.02022 NDCG@20: 0.02571 
08/24/2026,01:13:25: 	Recall@10: 0.01710 Recall@20: 0.02648 NDCG@10: 0.00977 NDCG@20: 0.01237 
08/24/2026,01:13:25: Epoch [88/1000]
08/24/2026,01:13:25: Negative sampling...
08/24/2026,01:13:27: Model's personal time...
08/24/2026,01:13:27: Training...
08/24/2026,01:13:27: Evaluating...
08/24/2026,01:13:28: 	Train Loss: 114.1940 (base: 114.1940, kd: 0.0000), Elapsed: train 2.18 test 0.42 *
08/24/2026,01:13:28: 	Recall@10: 0.03972 Recall@20: 0.05982 NDCG@10: 0.02071 NDCG@20: 0.02613 
08/24/2026,01:13:28: 	Recall@10: 0.01662 Recall@20: 0.02625 NDCG@10: 0.00959 NDCG@20: 0.01225 
08/24/2026,01:13:28: Epoch [89/1000]
08/24/2026,01:13:28: Negative sampling...
08/24/2026,01:13:29: Model's personal time...
08/24/2026,01:13:29: Training...
08/24/2026,01:13:30: Evaluating...
08/24/2026,01:13:30: 	Train Loss: 113.3842 (base: 113.3842, kd: 0.0000), Elapsed: train 2.06 test 0.38
08/24/2026,01:13:30: 	Recall@10: 0.03897 Recall@20: 0.06006 NDCG@10: 0.02040 NDCG@20: 0.02612 
08/24/2026,01:13:30: 	Recall@10: 0.01614 Recall@20: 0.02637 NDCG@10: 0.00947 NDCG@20: 0.01225 
08/24/2026,01:13:30: Epoch [90/1000]
08/24/2026,01:13:30: Negative sampling...
08/24/2026,01:13:32: Model's personal time...
08/24/2026,01:13:32: Training...
08/24/2026,01:13:32: Evaluating...
08/24/2026,01:13:33: 	Train Loss: 110.3367 (base: 110.3367, kd: 0.0000), Elapsed: train 2.16 test 0.38 *
08/24/2026,01:13:33: 	Recall@10: 0.03898 Recall@20: 0.06014 NDCG@10: 0.02042 NDCG@20: 0.02619 
08/24/2026,01:13:33: 	Recall@10: 0.01627 Recall@20: 0.02641 NDCG@10: 0.00946 NDCG@20: 0.01227 
08/24/2026,01:13:33: Epoch [91/1000]
08/24/2026,01:13:33: Negative sampling...
08/24/2026,01:13:34: Model's personal time...
08/24/2026,01:13:34: Training...
08/24/2026,01:13:35: Evaluating...
08/24/2026,01:13:35: 	Train Loss: 109.6282 (base: 109.6282, kd: 0.0000), Elapsed: train 2.05 test 0.38
08/24/2026,01:13:35: 	Recall@10: 0.03887 Recall@20: 0.05948 NDCG@10: 0.02043 NDCG@20: 0.02608 
08/24/2026,01:13:35: 	Recall@10: 0.01630 Recall@20: 0.02625 NDCG@10: 0.00960 NDCG@20: 0.01237 
08/24/2026,01:13:35: Epoch [92/1000]
08/24/2026,01:13:35: Negative sampling...
08/24/2026,01:13:37: Model's personal time...
08/24/2026,01:13:37: Training...
08/24/2026,01:13:37: Evaluating...
08/24/2026,01:13:38: 	Train Loss: 106.8722 (base: 106.8722, kd: 0.0000), Elapsed: train 2.20 test 0.38 *
08/24/2026,01:13:38: 	Recall@10: 0.03935 Recall@20: 0.05984 NDCG@10: 0.02058 NDCG@20: 0.02620 
08/24/2026,01:13:38: 	Recall@10: 0.01659 Recall@20: 0.02610 NDCG@10: 0.00945 NDCG@20: 0.01212 
08/24/2026,01:13:38: Epoch [93/1000]
08/24/2026,01:13:38: Negative sampling...
08/24/2026,01:13:39: Model's personal time...
08/24/2026,01:13:39: Training...
08/24/2026,01:13:40: Evaluating...
08/24/2026,01:13:40: 	Train Loss: 105.3617 (base: 105.3617, kd: 0.0000), Elapsed: train 2.22 test 0.40 *
08/24/2026,01:13:40: 	Recall@10: 0.04038 Recall@20: 0.06055 NDCG@10: 0.02102 NDCG@20: 0.02650 
08/24/2026,01:13:40: 	Recall@10: 0.01684 Recall@20: 0.02715 NDCG@10: 0.00962 NDCG@20: 0.01247 
08/24/2026,01:13:40: Epoch [94/1000]
08/24/2026,01:13:40: Negative sampling...
08/24/2026,01:13:42: Model's personal time...
08/24/2026,01:13:42: Training...
08/24/2026,01:13:43: Evaluating...
08/24/2026,01:13:43: 	Train Loss: 103.8151 (base: 103.8151, kd: 0.0000), Elapsed: train 2.17 test 0.39 *
08/24/2026,01:13:43: 	Recall@10: 0.03993 Recall@20: 0.06067 NDCG@10: 0.02105 NDCG@20: 0.02668 
08/24/2026,01:13:43: 	Recall@10: 0.01675 Recall@20: 0.02712 NDCG@10: 0.00966 NDCG@20: 0.01252 
08/24/2026,01:13:43: Epoch [95/1000]
08/24/2026,01:13:43: Negative sampling...
08/24/2026,01:13:44: Model's personal time...
08/24/2026,01:13:44: Training...
08/24/2026,01:13:45: Evaluating...
08/24/2026,01:13:46: 	Train Loss: 103.0414 (base: 103.0414, kd: 0.0000), Elapsed: train 2.27 test 0.41 *
08/24/2026,01:13:46: 	Recall@10: 0.04038 Recall@20: 0.06029 NDCG@10: 0.02139 NDCG@20: 0.02681 
08/24/2026,01:13:46: 	Recall@10: 0.01704 Recall@20: 0.02751 NDCG@10: 0.00990 NDCG@20: 0.01279 
08/24/2026,01:13:46: Epoch [96/1000]
08/24/2026,01:13:46: Negative sampling...
08/24/2026,01:13:47: Model's personal time...
08/24/2026,01:13:47: Training...
08/24/2026,01:13:48: Evaluating...
08/24/2026,01:13:48: 	Train Loss: 102.3105 (base: 102.3105, kd: 0.0000), Elapsed: train 2.13 test 0.40 *
08/24/2026,01:13:48: 	Recall@10: 0.04118 Recall@20: 0.06009 NDCG@10: 0.02172 NDCG@20: 0.02688 
08/24/2026,01:13:48: 	Recall@10: 0.01742 Recall@20: 0.02789 NDCG@10: 0.01011 NDCG@20: 0.01297 
08/24/2026,01:13:48: Epoch [97/1000]
08/24/2026,01:13:48: Negative sampling...
08/24/2026,01:13:50: Model's personal time...
08/24/2026,01:13:50: Training...
08/24/2026,01:13:50: Evaluating...
08/24/2026,01:13:51: 	Train Loss: 101.9581 (base: 101.9581, kd: 0.0000), Elapsed: train 2.25 test 0.39
08/24/2026,01:13:51: 	Recall@10: 0.04094 Recall@20: 0.05971 NDCG@10: 0.02168 NDCG@20: 0.02678 
08/24/2026,01:13:51: 	Recall@10: 0.01716 Recall@20: 0.02779 NDCG@10: 0.00998 NDCG@20: 0.01289 
08/24/2026,01:13:51: Epoch [98/1000]
08/24/2026,01:13:51: Negative sampling...
08/24/2026,01:13:52: Model's personal time...
08/24/2026,01:13:52: Training...
08/24/2026,01:13:53: Evaluating...
08/24/2026,01:13:53: 	Train Loss: 100.4947 (base: 100.4947, kd: 0.0000), Elapsed: train 2.23 test 0.39
08/24/2026,01:13:53: 	Recall@10: 0.04118 Recall@20: 0.05933 NDCG@10: 0.02167 NDCG@20: 0.02662 
08/24/2026,01:13:53: 	Recall@10: 0.01688 Recall@20: 0.02746 NDCG@10: 0.00985 NDCG@20: 0.01276 
08/24/2026,01:13:53: Epoch [99/1000]
08/24/2026,01:13:53: Negative sampling...
08/24/2026,01:13:55: Model's personal time...
08/24/2026,01:13:55: Training...
08/24/2026,01:13:56: Evaluating...
08/24/2026,01:13:56: 	Train Loss: 99.6296 (base: 99.6296, kd: 0.0000), Elapsed: train 2.14 test 0.39
08/24/2026,01:13:56: 	Recall@10: 0.04124 Recall@20: 0.05907 NDCG@10: 0.02162 NDCG@20: 0.02653 
08/24/2026,01:13:56: 	Recall@10: 0.01726 Recall@20: 0.02720 NDCG@10: 0.00997 NDCG@20: 0.01272 
08/24/2026,01:13:56: Epoch [100/1000]
08/24/2026,01:13:56: Negative sampling...
08/24/2026,01:13:57: Model's personal time...
08/24/2026,01:13:57: Training...
08/24/2026,01:13:58: Evaluating...
08/24/2026,01:13:59: 	Train Loss: 97.9037 (base: 97.9037, kd: 0.0000), Elapsed: train 2.26 test 0.39
08/24/2026,01:13:59: 	Recall@10: 0.04173 Recall@20: 0.06047 NDCG@10: 0.02153 NDCG@20: 0.02664 
08/24/2026,01:13:59: 	Recall@10: 0.01716 Recall@20: 0.02714 NDCG@10: 0.00976 NDCG@20: 0.01251 
08/24/2026,01:13:59: Epoch [101/1000]
08/24/2026,01:13:59: Negative sampling...
08/24/2026,01:14:00: Model's personal time...
08/24/2026,01:14:00: Training...
08/24/2026,01:14:01: Evaluating...
08/24/2026,01:14:01: 	Train Loss: 99.7316 (base: 99.7316, kd: 0.0000), Elapsed: train 2.17 test 0.40 *
08/24/2026,01:14:01: 	Recall@10: 0.04149 Recall@20: 0.06074 NDCG@10: 0.02172 NDCG@20: 0.02697 
08/24/2026,01:14:01: 	Recall@10: 0.01726 Recall@20: 0.02822 NDCG@10: 0.00992 NDCG@20: 0.01291 
08/24/2026,01:14:01: Epoch [102/1000]
08/24/2026,01:14:01: Negative sampling...
08/24/2026,01:14:03: Model's personal time...
08/24/2026,01:14:03: Training...
08/24/2026,01:14:03: Evaluating...
08/24/2026,01:14:04: 	Train Loss: 94.4097 (base: 94.4097, kd: 0.0000), Elapsed: train 2.27 test 0.41 *
08/24/2026,01:14:04: 	Recall@10: 0.04161 Recall@20: 0.06023 NDCG@10: 0.02192 NDCG@20: 0.02703 
08/24/2026,01:14:04: 	Recall@10: 0.01728 Recall@20: 0.02805 NDCG@10: 0.01001 NDCG@20: 0.01295 
08/24/2026,01:14:04: Epoch [103/1000]
08/24/2026,01:14:04: Negative sampling...
08/24/2026,01:14:05: Model's personal time...
08/24/2026,01:14:05: Training...
08/24/2026,01:14:06: Evaluating...
08/24/2026,01:14:07: 	Train Loss: 97.4259 (base: 97.4259, kd: 0.0000), Elapsed: train 2.24 test 0.40 *
08/24/2026,01:14:07: 	Recall@10: 0.04051 Recall@20: 0.06048 NDCG@10: 0.02158 NDCG@20: 0.02709 
08/24/2026,01:14:07: 	Recall@10: 0.01688 Recall@20: 0.02714 NDCG@10: 0.00987 NDCG@20: 0.01270 
08/24/2026,01:14:07: Epoch [104/1000]
08/24/2026,01:14:07: Negative sampling...
08/24/2026,01:14:08: Model's personal time...
08/24/2026,01:14:08: Training...
08/24/2026,01:14:09: Evaluating...
08/24/2026,01:14:09: 	Train Loss: 94.6488 (base: 94.6488, kd: 0.0000), Elapsed: train 2.15 test 0.40 *
08/24/2026,01:14:09: 	Recall@10: 0.04095 Recall@20: 0.06151 NDCG@10: 0.02170 NDCG@20: 0.02732 
08/24/2026,01:14:09: 	Recall@10: 0.01697 Recall@20: 0.02719 NDCG@10: 0.00982 NDCG@20: 0.01266 
08/24/2026,01:14:09: Epoch [105/1000]
08/24/2026,01:14:09: Negative sampling...
08/24/2026,01:14:10: Model's personal time...
08/24/2026,01:14:10: Training...
08/24/2026,01:14:11: Evaluating...
08/24/2026,01:14:12: 	Train Loss: 95.3762 (base: 95.3762, kd: 0.0000), Elapsed: train 2.28 test 0.40
08/24/2026,01:14:12: 	Recall@10: 0.03959 Recall@20: 0.06114 NDCG@10: 0.02080 NDCG@20: 0.02674 
08/24/2026,01:14:12: 	Recall@10: 0.01665 Recall@20: 0.02706 NDCG@10: 0.00977 NDCG@20: 0.01260 
08/24/2026,01:14:12: Epoch [106/1000]
08/24/2026,01:14:12: Negative sampling...
08/24/2026,01:14:13: Model's personal time...
08/24/2026,01:14:13: Training...
08/24/2026,01:14:14: Evaluating...
08/24/2026,01:14:14: 	Train Loss: 91.9422 (base: 91.9422, kd: 0.0000), Elapsed: train 2.14 test 0.43
08/24/2026,01:14:14: 	Recall@10: 0.04018 Recall@20: 0.06071 NDCG@10: 0.02107 NDCG@20: 0.02671 
08/24/2026,01:14:14: 	Recall@10: 0.01637 Recall@20: 0.02715 NDCG@10: 0.00969 NDCG@20: 0.01262 
08/24/2026,01:14:14: Epoch [107/1000]
08/24/2026,01:14:14: Negative sampling...
08/24/2026,01:14:16: Model's personal time...
08/24/2026,01:14:16: Training...
08/24/2026,01:14:17: Evaluating...
08/24/2026,01:14:17: 	Train Loss: 92.4527 (base: 92.4527, kd: 0.0000), Elapsed: train 2.24 test 0.40
08/24/2026,01:14:17: 	Recall@10: 0.03954 Recall@20: 0.06098 NDCG@10: 0.02091 NDCG@20: 0.02678 
08/24/2026,01:14:17: 	Recall@10: 0.01675 Recall@20: 0.02754 NDCG@10: 0.00982 NDCG@20: 0.01275 
08/24/2026,01:14:17: Epoch [108/1000]
08/24/2026,01:14:17: Negative sampling...
08/24/2026,01:14:18: Model's personal time...
08/24/2026,01:14:18: Training...
08/24/2026,01:14:19: Evaluating...
08/24/2026,01:14:20: 	Train Loss: 91.2004 (base: 91.2004, kd: 0.0000), Elapsed: train 2.24 test 0.41
08/24/2026,01:14:20: 	Recall@10: 0.03896 Recall@20: 0.06064 NDCG@10: 0.02057 NDCG@20: 0.02649 
08/24/2026,01:14:20: 	Recall@10: 0.01621 Recall@20: 0.02635 NDCG@10: 0.00949 NDCG@20: 0.01228 
08/24/2026,01:14:20: Epoch [109/1000]
08/24/2026,01:14:20: Negative sampling...
08/24/2026,01:14:21: Model's personal time...
08/24/2026,01:14:21: Training...
08/24/2026,01:14:22: Evaluating...
08/24/2026,01:14:22: 	Train Loss: 91.0050 (base: 91.0050, kd: 0.0000), Elapsed: train 2.19 test 0.47
08/24/2026,01:14:22: 	Recall@10: 0.03915 Recall@20: 0.06039 NDCG@10: 0.02048 NDCG@20: 0.02622 
08/24/2026,01:14:22: 	Recall@10: 0.01578 Recall@20: 0.02544 NDCG@10: 0.00922 NDCG@20: 0.01190 
08/24/2026,01:14:22: Epoch [110/1000]
08/24/2026,01:14:22: Negative sampling...
08/24/2026,01:14:24: Model's personal time...
08/24/2026,01:14:24: Training...
08/24/2026,01:14:25: Evaluating...
08/24/2026,01:14:25: 	Train Loss: 89.7087 (base: 89.7087, kd: 0.0000), Elapsed: train 2.44 test 0.40
08/24/2026,01:14:25: 	Recall@10: 0.03910 Recall@20: 0.06117 NDCG@10: 0.02048 NDCG@20: 0.02645 
08/24/2026,01:14:25: 	Recall@10: 0.01607 Recall@20: 0.02616 NDCG@10: 0.00949 NDCG@20: 0.01228 
08/24/2026,01:14:25: Epoch [111/1000]
08/24/2026,01:14:25: Negative sampling...
08/24/2026,01:14:26: Model's personal time...
08/24/2026,01:14:26: Training...
08/24/2026,01:14:27: Evaluating...
08/24/2026,01:14:28: 	Train Loss: 88.7754 (base: 88.7754, kd: 0.0000), Elapsed: train 2.32 test 0.48
08/24/2026,01:14:28: 	Recall@10: 0.03917 Recall@20: 0.06040 NDCG@10: 0.02045 NDCG@20: 0.02621 
08/24/2026,01:14:28: 	Recall@10: 0.01655 Recall@20: 0.02598 NDCG@10: 0.00956 NDCG@20: 0.01215 
08/24/2026,01:14:28: Epoch [112/1000]
08/24/2026,01:14:28: Negative sampling...
08/24/2026,01:14:29: Model's personal time...
08/24/2026,01:14:29: Training...
08/24/2026,01:14:30: Evaluating...
08/24/2026,01:14:31: 	Train Loss: 87.5094 (base: 87.5094, kd: 0.0000), Elapsed: train 2.32 test 0.39
08/24/2026,01:14:31: 	Recall@10: 0.03917 Recall@20: 0.06100 NDCG@10: 0.02057 NDCG@20: 0.02643 
08/24/2026,01:14:31: 	Recall@10: 0.01636 Recall@20: 0.02653 NDCG@10: 0.00956 NDCG@20: 0.01232 
08/24/2026,01:14:31: Epoch [113/1000]
08/24/2026,01:14:31: Negative sampling...
08/24/2026,01:14:32: Model's personal time...
08/24/2026,01:14:32: Training...
08/24/2026,01:14:33: Evaluating...
08/24/2026,01:14:33: 	Train Loss: 86.4774 (base: 86.4774, kd: 0.0000), Elapsed: train 2.17 test 0.41
08/24/2026,01:14:33: 	Recall@10: 0.03979 Recall@20: 0.06191 NDCG@10: 0.02093 NDCG@20: 0.02685 
08/24/2026,01:14:33: 	Recall@10: 0.01665 Recall@20: 0.02621 NDCG@10: 0.00957 NDCG@20: 0.01218 
08/24/2026,01:14:33: Epoch [114/1000]
08/24/2026,01:14:33: Negative sampling...
08/24/2026,01:14:35: Model's personal time...
08/24/2026,01:14:35: Training...
08/24/2026,01:14:35: Evaluating...
08/24/2026,01:14:36: 	Train Loss: 86.8988 (base: 86.8988, kd: 0.0000), Elapsed: train 2.08 test 0.38
08/24/2026,01:14:36: 	Recall@10: 0.03976 Recall@20: 0.06282 NDCG@10: 0.02102 NDCG@20: 0.02724 
08/24/2026,01:14:36: 	Recall@10: 0.01643 Recall@20: 0.02640 NDCG@10: 0.00948 NDCG@20: 0.01221 
08/24/2026,01:14:36: Epoch [115/1000]
08/24/2026,01:14:36: Negative sampling...
08/24/2026,01:14:37: Model's personal time...
08/24/2026,01:14:37: Training...
08/24/2026,01:14:38: Evaluating...
08/24/2026,01:14:38: 	Train Loss: 86.1282 (base: 86.1282, kd: 0.0000), Elapsed: train 2.19 test 0.38
08/24/2026,01:14:38: 	Recall@10: 0.04014 Recall@20: 0.06179 NDCG@10: 0.02100 NDCG@20: 0.02683 
08/24/2026,01:14:38: 	Recall@10: 0.01649 Recall@20: 0.02661 NDCG@10: 0.00940 NDCG@20: 0.01218 
08/24/2026,01:14:38: Epoch [116/1000]
08/24/2026,01:14:38: Negative sampling...
08/24/2026,01:14:40: Model's personal time...
08/24/2026,01:14:40: Training...
08/24/2026,01:14:40: Evaluating...
08/24/2026,01:14:41: 	Train Loss: 83.3979 (base: 83.3979, kd: 0.0000), Elapsed: train 2.08 test 0.38
08/24/2026,01:14:41: 	Recall@10: 0.03948 Recall@20: 0.06124 NDCG@10: 0.02072 NDCG@20: 0.02658 
08/24/2026,01:14:41: 	Recall@10: 0.01643 Recall@20: 0.02708 NDCG@10: 0.00926 NDCG@20: 0.01218 
08/24/2026,01:14:41: Epoch [117/1000]
08/24/2026,01:14:41: Negative sampling...
08/24/2026,01:14:42: Model's personal time...
08/24/2026,01:14:42: Training...
08/24/2026,01:14:43: Evaluating...
08/24/2026,01:14:43: 	Train Loss: 83.6300 (base: 83.6300, kd: 0.0000), Elapsed: train 2.23 test 0.38
08/24/2026,01:14:43: 	Recall@10: 0.04054 Recall@20: 0.06139 NDCG@10: 0.02124 NDCG@20: 0.02693 
08/24/2026,01:14:43: 	Recall@10: 0.01700 Recall@20: 0.02742 NDCG@10: 0.00947 NDCG@20: 0.01234 
08/24/2026,01:14:43: Epoch [118/1000]
08/24/2026,01:14:43: Negative sampling...
08/24/2026,01:14:45: Model's personal time...
08/24/2026,01:14:45: Training...
08/24/2026,01:14:45: Evaluating...
08/24/2026,01:14:46: 	Train Loss: 83.6934 (base: 83.6934, kd: 0.0000), Elapsed: train 2.20 test 0.38
08/24/2026,01:14:46: 	Recall@10: 0.04001 Recall@20: 0.06208 NDCG@10: 0.02125 NDCG@20: 0.02727 
08/24/2026,01:14:46: 	Recall@10: 0.01678 Recall@20: 0.02755 NDCG@10: 0.00953 NDCG@20: 0.01250 
08/24/2026,01:14:46: Epoch [119/1000]
08/24/2026,01:14:46: Negative sampling...
08/24/2026,01:14:47: Model's personal time...
08/24/2026,01:14:47: Training...
08/24/2026,01:14:48: Evaluating...
08/24/2026,01:14:48: 	Train Loss: 81.3752 (base: 81.3752, kd: 0.0000), Elapsed: train 2.09 test 0.39
08/24/2026,01:14:48: 	Recall@10: 0.04000 Recall@20: 0.06199 NDCG@10: 0.02109 NDCG@20: 0.02707 
08/24/2026,01:14:48: 	Recall@10: 0.01669 Recall@20: 0.02717 NDCG@10: 0.00953 NDCG@20: 0.01244 
08/24/2026,01:14:48: Epoch [120/1000]
08/24/2026,01:14:48: Negative sampling...
08/24/2026,01:14:50: Model's personal time...
08/24/2026,01:14:50: Training...
08/24/2026,01:14:51: Evaluating...
08/24/2026,01:14:51: 	Train Loss: 82.0013 (base: 82.0013, kd: 0.0000), Elapsed: train 2.19 test 0.39
08/24/2026,01:14:51: 	Recall@10: 0.03995 Recall@20: 0.06184 NDCG@10: 0.02115 NDCG@20: 0.02707 
08/24/2026,01:14:51: 	Recall@10: 0.01695 Recall@20: 0.02803 NDCG@10: 0.00962 NDCG@20: 0.01267 
08/24/2026,01:14:51: Epoch [121/1000]
08/24/2026,01:14:51: Negative sampling...
08/24/2026,01:14:52: Model's personal time...
08/24/2026,01:14:52: Training...
08/24/2026,01:14:53: Evaluating...
08/24/2026,01:14:53: 	Train Loss: 81.8109 (base: 81.8109, kd: 0.0000), Elapsed: train 2.06 test 0.38
08/24/2026,01:14:53: 	Recall@10: 0.03987 Recall@20: 0.06233 NDCG@10: 0.02113 NDCG@20: 0.02722 
08/24/2026,01:14:53: 	Recall@10: 0.01755 Recall@20: 0.02794 NDCG@10: 0.00978 NDCG@20: 0.01264 
08/24/2026,01:14:53: Epoch [122/1000]
08/24/2026,01:14:53: Negative sampling...
08/24/2026,01:14:55: Model's personal time...
08/24/2026,01:14:55: Training...
08/24/2026,01:14:56: Evaluating...
08/24/2026,01:14:56: 	Train Loss: 80.1617 (base: 80.1617, kd: 0.0000), Elapsed: train 2.18 test 0.38
08/24/2026,01:14:56: 	Recall@10: 0.04012 Recall@20: 0.06139 NDCG@10: 0.02135 NDCG@20: 0.02715 
08/24/2026,01:14:56: 	Recall@10: 0.01841 Recall@20: 0.02880 NDCG@10: 0.01001 NDCG@20: 0.01287 
08/24/2026,01:14:56: Epoch [123/1000]
08/24/2026,01:14:56: Negative sampling...
08/24/2026,01:14:57: Model's personal time...
08/24/2026,01:14:57: Training...
08/24/2026,01:14:58: Evaluating...
08/24/2026,01:14:59: 	Train Loss: 78.1701 (base: 78.1701, kd: 0.0000), Elapsed: train 2.18 test 0.38 *
08/24/2026,01:14:59: 	Recall@10: 0.04025 Recall@20: 0.06197 NDCG@10: 0.02169 NDCG@20: 0.02764 
08/24/2026,01:14:59: 	Recall@10: 0.01832 Recall@20: 0.02899 NDCG@10: 0.01010 NDCG@20: 0.01304 
08/24/2026,01:14:59: Epoch [124/1000]
08/24/2026,01:14:59: Negative sampling...
08/24/2026,01:15:00: Model's personal time...
08/24/2026,01:15:00: Training...
08/24/2026,01:15:01: Evaluating...
08/24/2026,01:15:01: 	Train Loss: 78.2275 (base: 78.2275, kd: 0.0000), Elapsed: train 2.08 test 0.38 *
08/24/2026,01:15:01: 	Recall@10: 0.04112 Recall@20: 0.06233 NDCG@10: 0.02191 NDCG@20: 0.02767 
08/24/2026,01:15:01: 	Recall@10: 0.01808 Recall@20: 0.02921 NDCG@10: 0.00991 NDCG@20: 0.01296 
08/24/2026,01:15:01: Epoch [125/1000]
08/24/2026,01:15:01: Negative sampling...
08/24/2026,01:15:02: Model's personal time...
08/24/2026,01:15:02: Training...
08/24/2026,01:15:03: Evaluating...
08/24/2026,01:15:04: 	Train Loss: 77.5684 (base: 77.5684, kd: 0.0000), Elapsed: train 2.21 test 0.38
08/24/2026,01:15:04: 	Recall@10: 0.04058 Recall@20: 0.06149 NDCG@10: 0.02177 NDCG@20: 0.02748 
08/24/2026,01:15:04: 	Recall@10: 0.01770 Recall@20: 0.02899 NDCG@10: 0.00981 NDCG@20: 0.01292 
08/24/2026,01:15:04: Epoch [126/1000]
08/24/2026,01:15:04: Negative sampling...
08/24/2026,01:15:05: Model's personal time...
08/24/2026,01:15:05: Training...
08/24/2026,01:15:06: Evaluating...
08/24/2026,01:15:06: 	Train Loss: 77.8946 (base: 77.8946, kd: 0.0000), Elapsed: train 2.11 test 0.40
08/24/2026,01:15:06: 	Recall@10: 0.04034 Recall@20: 0.06089 NDCG@10: 0.02169 NDCG@20: 0.02732 
08/24/2026,01:15:06: 	Recall@10: 0.01766 Recall@20: 0.02876 NDCG@10: 0.00969 NDCG@20: 0.01271 
08/24/2026,01:15:06: Epoch [127/1000]
08/24/2026,01:15:06: Negative sampling...
08/24/2026,01:15:07: Model's personal time...
08/24/2026,01:15:07: Training...
08/24/2026,01:15:08: Evaluating...
08/24/2026,01:15:09: 	Train Loss: 77.1168 (base: 77.1168, kd: 0.0000), Elapsed: train 2.24 test 0.39 *
08/24/2026,01:15:09: 	Recall@10: 0.04021 Recall@20: 0.06181 NDCG@10: 0.02186 NDCG@20: 0.02778 
08/24/2026,01:15:09: 	Recall@10: 0.01708 Recall@20: 0.02879 NDCG@10: 0.00947 NDCG@20: 0.01265 
08/24/2026,01:15:09: Epoch [128/1000]
08/24/2026,01:15:09: Negative sampling...
08/24/2026,01:15:10: Model's personal time...
08/24/2026,01:15:10: Training...
08/24/2026,01:15:11: Evaluating...
08/24/2026,01:15:11: 	Train Loss: 78.6515 (base: 78.6515, kd: 0.0000), Elapsed: train 2.17 test 0.39 *
08/24/2026,01:15:11: 	Recall@10: 0.04119 Recall@20: 0.06228 NDCG@10: 0.02210 NDCG@20: 0.02788 
08/24/2026,01:15:11: 	Recall@10: 0.01726 Recall@20: 0.02881 NDCG@10: 0.00963 NDCG@20: 0.01277 
08/24/2026,01:15:11: Epoch [129/1000]
08/24/2026,01:15:11: Negative sampling...
08/24/2026,01:15:13: Model's personal time...
08/24/2026,01:15:13: Training...
08/24/2026,01:15:13: Evaluating...
08/24/2026,01:15:14: 	Train Loss: 78.0045 (base: 78.0045, kd: 0.0000), Elapsed: train 2.08 test 0.38 *
08/24/2026,01:15:14: 	Recall@10: 0.04225 Recall@20: 0.06183 NDCG@10: 0.02268 NDCG@20: 0.02806 
08/24/2026,01:15:14: 	Recall@10: 0.01783 Recall@20: 0.02961 NDCG@10: 0.00996 NDCG@20: 0.01316 
08/24/2026,01:15:14: Epoch [130/1000]
08/24/2026,01:15:14: Negative sampling...
08/24/2026,01:15:15: Model's personal time...
08/24/2026,01:15:15: Training...
08/24/2026,01:15:16: Evaluating...
08/24/2026,01:15:16: 	Train Loss: 75.5985 (base: 75.5985, kd: 0.0000), Elapsed: train 2.21 test 0.38 *
08/24/2026,01:15:16: 	Recall@10: 0.04243 Recall@20: 0.06238 NDCG@10: 0.02290 NDCG@20: 0.02839 
08/24/2026,01:15:16: 	Recall@10: 0.01819 Recall@20: 0.02904 NDCG@10: 0.01006 NDCG@20: 0.01302 
08/24/2026,01:15:16: Epoch [131/1000]
08/24/2026,01:15:16: Negative sampling...
08/24/2026,01:15:18: Model's personal time...
08/24/2026,01:15:18: Training...
08/24/2026,01:15:18: Evaluating...
08/24/2026,01:15:19: 	Train Loss: 75.9943 (base: 75.9943, kd: 0.0000), Elapsed: train 2.07 test 0.38
08/24/2026,01:15:19: 	Recall@10: 0.04242 Recall@20: 0.06171 NDCG@10: 0.02266 NDCG@20: 0.02796 
08/24/2026,01:15:19: 	Recall@10: 0.01815 Recall@20: 0.02836 NDCG@10: 0.01003 NDCG@20: 0.01279 
08/24/2026,01:15:19: Epoch [132/1000]
08/24/2026,01:15:19: Negative sampling...
08/24/2026,01:15:20: Model's personal time...
08/24/2026,01:15:20: Training...
08/24/2026,01:15:21: Evaluating...
08/24/2026,01:15:22: 	Train Loss: 75.8717 (base: 75.8717, kd: 0.0000), Elapsed: train 2.32 test 0.46
08/24/2026,01:15:22: 	Recall@10: 0.04252 Recall@20: 0.06176 NDCG@10: 0.02292 NDCG@20: 0.02823 
08/24/2026,01:15:22: 	Recall@10: 0.01780 Recall@20: 0.02846 NDCG@10: 0.01005 NDCG@20: 0.01293 
08/24/2026,01:15:22: Epoch [133/1000]
08/24/2026,01:15:22: Negative sampling...
08/24/2026,01:15:23: Model's personal time...
08/24/2026,01:15:23: Training...
08/24/2026,01:15:24: Evaluating...
08/24/2026,01:15:24: 	Train Loss: 72.8062 (base: 72.8062, kd: 0.0000), Elapsed: train 2.26 test 0.39 *
08/24/2026,01:15:24: 	Recall@10: 0.04325 Recall@20: 0.06180 NDCG@10: 0.02333 NDCG@20: 0.02844 
08/24/2026,01:15:24: 	Recall@10: 0.01780 Recall@20: 0.02836 NDCG@10: 0.01003 NDCG@20: 0.01289 
08/24/2026,01:15:24: Epoch [134/1000]
08/24/2026,01:15:24: Negative sampling...
08/24/2026,01:15:26: Model's personal time...
08/24/2026,01:15:26: Training...
08/24/2026,01:15:26: Evaluating...
08/24/2026,01:15:27: 	Train Loss: 72.9847 (base: 72.9847, kd: 0.0000), Elapsed: train 2.10 test 0.40 *
08/24/2026,01:15:27: 	Recall@10: 0.04284 Recall@20: 0.06285 NDCG@10: 0.02313 NDCG@20: 0.02865 
08/24/2026,01:15:27: 	Recall@10: 0.01783 Recall@20: 0.02825 NDCG@10: 0.01019 NDCG@20: 0.01299 
08/24/2026,01:15:27: Epoch [135/1000]
08/24/2026,01:15:27: Negative sampling...
08/24/2026,01:15:28: Model's personal time...
08/24/2026,01:15:28: Training...
08/24/2026,01:15:29: Evaluating...
08/24/2026,01:15:29: 	Train Loss: 74.7238 (base: 74.7238, kd: 0.0000), Elapsed: train 2.22 test 0.38
08/24/2026,01:15:29: 	Recall@10: 0.04314 Recall@20: 0.06354 NDCG@10: 0.02306 NDCG@20: 0.02863 
08/24/2026,01:15:29: 	Recall@10: 0.01735 Recall@20: 0.02815 NDCG@10: 0.00998 NDCG@20: 0.01290 
08/24/2026,01:15:29: Epoch [136/1000]
08/24/2026,01:15:29: Negative sampling...
08/24/2026,01:15:31: Model's personal time...
08/24/2026,01:15:31: Training...
08/24/2026,01:15:31: Evaluating...
08/24/2026,01:15:32: 	Train Loss: 72.7129 (base: 72.7129, kd: 0.0000), Elapsed: train 2.08 test 0.38
08/24/2026,01:15:32: 	Recall@10: 0.04178 Recall@20: 0.06246 NDCG@10: 0.02266 NDCG@20: 0.02834 
08/24/2026,01:15:32: 	Recall@10: 0.01725 Recall@20: 0.02738 NDCG@10: 0.00974 NDCG@20: 0.01250 
08/24/2026,01:15:32: Epoch [137/1000]
08/24/2026,01:15:32: Negative sampling...
08/24/2026,01:15:33: Model's personal time...
08/24/2026,01:15:33: Training...
08/24/2026,01:15:34: Evaluating...
08/24/2026,01:15:34: 	Train Loss: 71.3184 (base: 71.3184, kd: 0.0000), Elapsed: train 2.19 test 0.38
08/24/2026,01:15:34: 	Recall@10: 0.04283 Recall@20: 0.06271 NDCG@10: 0.02273 NDCG@20: 0.02816 
08/24/2026,01:15:34: 	Recall@10: 0.01716 Recall@20: 0.02785 NDCG@10: 0.00950 NDCG@20: 0.01239 
08/24/2026,01:15:34: Epoch [138/1000]
08/24/2026,01:15:34: Negative sampling...
08/24/2026,01:15:36: Model's personal time...
08/24/2026,01:15:36: Training...
08/24/2026,01:15:37: Evaluating...
08/24/2026,01:15:37: 	Train Loss: 74.4503 (base: 74.4503, kd: 0.0000), Elapsed: train 2.19 test 0.38
08/24/2026,01:15:37: 	Recall@10: 0.04362 Recall@20: 0.06307 NDCG@10: 0.02324 NDCG@20: 0.02859 
08/24/2026,01:15:37: 	Recall@10: 0.01748 Recall@20: 0.02860 NDCG@10: 0.00990 NDCG@20: 0.01289 
08/24/2026,01:15:37: Epoch [139/1000]
08/24/2026,01:15:37: Negative sampling...
08/24/2026,01:15:38: Model's personal time...
08/24/2026,01:15:38: Training...
08/24/2026,01:15:39: Evaluating...
08/24/2026,01:15:39: 	Train Loss: 70.3425 (base: 70.3425, kd: 0.0000), Elapsed: train 2.07 test 0.38 *
08/24/2026,01:15:39: 	Recall@10: 0.04349 Recall@20: 0.06374 NDCG@10: 0.02307 NDCG@20: 0.02866 
08/24/2026,01:15:39: 	Recall@10: 0.01739 Recall@20: 0.02907 NDCG@10: 0.00987 NDCG@20: 0.01300 
08/24/2026,01:15:39: Epoch [140/1000]
08/24/2026,01:15:39: Negative sampling...
08/24/2026,01:15:41: Model's personal time...
08/24/2026,01:15:41: Training...
08/24/2026,01:15:42: Evaluating...
08/24/2026,01:15:42: 	Train Loss: 70.1423 (base: 70.1423, kd: 0.0000), Elapsed: train 2.23 test 0.38
08/24/2026,01:15:42: 	Recall@10: 0.04312 Recall@20: 0.06344 NDCG@10: 0.02282 NDCG@20: 0.02840 
08/24/2026,01:15:42: 	Recall@10: 0.01726 Recall@20: 0.02879 NDCG@10: 0.00979 NDCG@20: 0.01289 
08/24/2026,01:15:42: Epoch [141/1000]
08/24/2026,01:15:42: Negative sampling...
08/24/2026,01:15:43: Model's personal time...
08/24/2026,01:15:43: Training...
08/24/2026,01:15:44: Evaluating...
08/24/2026,01:15:45: 	Train Loss: 69.2912 (base: 69.2912, kd: 0.0000), Elapsed: train 2.21 test 0.49
08/24/2026,01:15:45: 	Recall@10: 0.04286 Recall@20: 0.06315 NDCG@10: 0.02282 NDCG@20: 0.02838 
08/24/2026,01:15:45: 	Recall@10: 0.01690 Recall@20: 0.02871 NDCG@10: 0.00964 NDCG@20: 0.01276 
08/24/2026,01:15:45: Epoch [142/1000]
08/24/2026,01:15:45: Negative sampling...
08/24/2026,01:15:46: Model's personal time...
08/24/2026,01:15:46: Training...
08/24/2026,01:15:47: Evaluating...
08/24/2026,01:15:48: 	Train Loss: 69.0956 (base: 69.0956, kd: 0.0000), Elapsed: train 2.43 test 0.48
08/24/2026,01:15:48: 	Recall@10: 0.04239 Recall@20: 0.06339 NDCG@10: 0.02261 NDCG@20: 0.02838 
08/24/2026,01:15:48: 	Recall@10: 0.01684 Recall@20: 0.02781 NDCG@10: 0.00959 NDCG@20: 0.01254 
08/24/2026,01:15:48: Epoch [143/1000]
08/24/2026,01:15:48: Negative sampling...
08/24/2026,01:15:49: Model's personal time...
08/24/2026,01:15:49: Training...
08/24/2026,01:15:50: Evaluating...
08/24/2026,01:15:50: 	Train Loss: 69.7633 (base: 69.7633, kd: 0.0000), Elapsed: train 2.28 test 0.38 *
08/24/2026,01:15:50: 	Recall@10: 0.04364 Recall@20: 0.06471 NDCG@10: 0.02312 NDCG@20: 0.02885 
08/24/2026,01:15:50: 	Recall@10: 0.01729 Recall@20: 0.02830 NDCG@10: 0.00973 NDCG@20: 0.01267 
08/24/2026,01:15:50: Epoch [144/1000]
08/24/2026,01:15:50: Negative sampling...
08/24/2026,01:15:52: Model's personal time...
08/24/2026,01:15:52: Training...
08/24/2026,01:15:52: Evaluating...
08/24/2026,01:15:53: 	Train Loss: 68.5242 (base: 68.5242, kd: 0.0000), Elapsed: train 2.07 test 0.38
08/24/2026,01:15:53: 	Recall@10: 0.04412 Recall@20: 0.06350 NDCG@10: 0.02338 NDCG@20: 0.02871 
08/24/2026,01:15:53: 	Recall@10: 0.01757 Recall@20: 0.02857 NDCG@10: 0.00982 NDCG@20: 0.01275 
08/24/2026,01:15:53: Epoch [145/1000]
08/24/2026,01:15:53: Negative sampling...
08/24/2026,01:15:54: Model's personal time...
08/24/2026,01:15:54: Training...
08/24/2026,01:15:55: Evaluating...
08/24/2026,01:15:55: 	Train Loss: 68.2278 (base: 68.2278, kd: 0.0000), Elapsed: train 2.17 test 0.38
08/24/2026,01:15:55: 	Recall@10: 0.04381 Recall@20: 0.06309 NDCG@10: 0.02334 NDCG@20: 0.02867 
08/24/2026,01:15:55: 	Recall@10: 0.01748 Recall@20: 0.02857 NDCG@10: 0.00976 NDCG@20: 0.01276 
08/24/2026,01:15:55: Epoch [146/1000]
08/24/2026,01:15:55: Negative sampling...
08/24/2026,01:15:57: Model's personal time...
08/24/2026,01:15:57: Training...
08/24/2026,01:15:57: Evaluating...
08/24/2026,01:15:58: 	Train Loss: 66.3400 (base: 66.3400, kd: 0.0000), Elapsed: train 2.07 test 0.38 *
08/24/2026,01:15:58: 	Recall@10: 0.04385 Recall@20: 0.06416 NDCG@10: 0.02349 NDCG@20: 0.02905 
08/24/2026,01:15:58: 	Recall@10: 0.01757 Recall@20: 0.02867 NDCG@10: 0.00982 NDCG@20: 0.01283 
08/24/2026,01:15:58: Epoch [147/1000]
08/24/2026,01:15:58: Negative sampling...
08/24/2026,01:15:59: Model's personal time...
08/24/2026,01:15:59: Training...
08/24/2026,01:16:00: Evaluating...
08/24/2026,01:16:01: 	Train Loss: 66.3968 (base: 66.3968, kd: 0.0000), Elapsed: train 2.56 test 0.47 *
08/24/2026,01:16:01: 	Recall@10: 0.04391 Recall@20: 0.06445 NDCG@10: 0.02376 NDCG@20: 0.02938 
08/24/2026,01:16:01: 	Recall@10: 0.01738 Recall@20: 0.02876 NDCG@10: 0.00986 NDCG@20: 0.01295 
08/24/2026,01:16:01: Epoch [148/1000]
08/24/2026,01:16:01: Negative sampling...
08/24/2026,01:16:02: Model's personal time...
08/24/2026,01:16:02: Training...
08/24/2026,01:16:03: Evaluating...
08/24/2026,01:16:04: 	Train Loss: 66.4606 (base: 66.4606, kd: 0.0000), Elapsed: train 2.39 test 0.40 *
08/24/2026,01:16:04: 	Recall@10: 0.04427 Recall@20: 0.06558 NDCG@10: 0.02411 NDCG@20: 0.02989 
08/24/2026,01:16:04: 	Recall@10: 0.01772 Recall@20: 0.02963 NDCG@10: 0.00989 NDCG@20: 0.01311 
08/24/2026,01:16:04: Epoch [149/1000]
08/24/2026,01:16:04: Negative sampling...
08/24/2026,01:16:05: Model's personal time...
08/24/2026,01:16:05: Training...
08/24/2026,01:16:06: Evaluating...
08/24/2026,01:16:06: 	Train Loss: 66.2760 (base: 66.2760, kd: 0.0000), Elapsed: train 2.14 test 0.40 *
08/24/2026,01:16:06: 	Recall@10: 0.04387 Recall@20: 0.06616 NDCG@10: 0.02409 NDCG@20: 0.03012 
08/24/2026,01:16:06: 	Recall@10: 0.01791 Recall@20: 0.02943 NDCG@10: 0.00993 NDCG@20: 0.01304 
08/24/2026,01:16:06: Epoch [150/1000]
08/24/2026,01:16:06: Negative sampling...
08/24/2026,01:16:07: Model's personal time...
08/24/2026,01:16:07: Training...
08/24/2026,01:16:08: Evaluating...
08/24/2026,01:16:09: 	Train Loss: 65.3794 (base: 65.3794, kd: 0.0000), Elapsed: train 2.26 test 0.39
08/24/2026,01:16:09: 	Recall@10: 0.04398 Recall@20: 0.06554 NDCG@10: 0.02405 NDCG@20: 0.02993 
08/24/2026,01:16:09: 	Recall@10: 0.01810 Recall@20: 0.02905 NDCG@10: 0.01006 NDCG@20: 0.01303 
08/24/2026,01:16:09: Epoch [151/1000]
08/24/2026,01:16:09: Negative sampling...
08/24/2026,01:16:10: Model's personal time...
08/24/2026,01:16:10: Training...
08/24/2026,01:16:11: Evaluating...
08/24/2026,01:16:11: 	Train Loss: 64.4405 (base: 64.4405, kd: 0.0000), Elapsed: train 2.11 test 0.40
08/24/2026,01:16:11: 	Recall@10: 0.04430 Recall@20: 0.06508 NDCG@10: 0.02422 NDCG@20: 0.02989 
08/24/2026,01:16:11: 	Recall@10: 0.01810 Recall@20: 0.02951 NDCG@10: 0.01005 NDCG@20: 0.01312 
08/24/2026,01:16:11: Epoch [152/1000]
08/24/2026,01:16:11: Negative sampling...
08/24/2026,01:16:13: Model's personal time...
08/24/2026,01:16:13: Training...
08/24/2026,01:16:13: Evaluating...
08/24/2026,01:16:14: 	Train Loss: 63.6615 (base: 63.6615, kd: 0.0000), Elapsed: train 2.25 test 0.40
08/24/2026,01:16:14: 	Recall@10: 0.04506 Recall@20: 0.06535 NDCG@10: 0.02446 NDCG@20: 0.03000 
08/24/2026,01:16:14: 	Recall@10: 0.01788 Recall@20: 0.02935 NDCG@10: 0.00998 NDCG@20: 0.01307 
08/24/2026,01:16:14: Epoch [153/1000]
08/24/2026,01:16:14: Negative sampling...
08/24/2026,01:16:15: Model's personal time...
08/24/2026,01:16:15: Training...
08/24/2026,01:16:16: Evaluating...
08/24/2026,01:16:17: 	Train Loss: 63.5140 (base: 63.5140, kd: 0.0000), Elapsed: train 2.33 test 0.48 *
08/24/2026,01:16:17: 	Recall@10: 0.04510 Recall@20: 0.06517 NDCG@10: 0.02471 NDCG@20: 0.03025 
08/24/2026,01:16:17: 	Recall@10: 0.01820 Recall@20: 0.02998 NDCG@10: 0.01017 NDCG@20: 0.01336 
08/24/2026,01:16:17: Epoch [154/1000]
08/24/2026,01:16:17: Negative sampling...
08/24/2026,01:16:18: Model's personal time...
08/24/2026,01:16:18: Training...
08/24/2026,01:16:19: Evaluating...
08/24/2026,01:16:20: 	Train Loss: 63.4417 (base: 63.4417, kd: 0.0000), Elapsed: train 2.49 test 0.47
08/24/2026,01:16:20: 	Recall@10: 0.04441 Recall@20: 0.06325 NDCG@10: 0.02403 NDCG@20: 0.02927 
08/24/2026,01:16:20: 	Recall@10: 0.01770 Recall@20: 0.02926 NDCG@10: 0.00989 NDCG@20: 0.01300 
08/24/2026,01:16:20: Epoch [155/1000]
08/24/2026,01:16:20: Negative sampling...
08/24/2026,01:16:21: Model's personal time...
08/24/2026,01:16:21: Training...
08/24/2026,01:16:22: Evaluating...
08/24/2026,01:16:23: 	Train Loss: 64.0110 (base: 64.0110, kd: 0.0000), Elapsed: train 2.48 test 0.48
08/24/2026,01:16:23: 	Recall@10: 0.04334 Recall@20: 0.06250 NDCG@10: 0.02380 NDCG@20: 0.02917 
08/24/2026,01:16:23: 	Recall@10: 0.01665 Recall@20: 0.02837 NDCG@10: 0.00945 NDCG@20: 0.01263 
08/24/2026,01:16:23: Epoch [156/1000]
08/24/2026,01:16:23: Negative sampling...
08/24/2026,01:16:24: Model's personal time...
08/24/2026,01:16:24: Training...
08/24/2026,01:16:25: Evaluating...
08/24/2026,01:16:25: 	Train Loss: 62.9144 (base: 62.9144, kd: 0.0000), Elapsed: train 2.37 test 0.53
08/24/2026,01:16:25: 	Recall@10: 0.04485 Recall@20: 0.06338 NDCG@10: 0.02431 NDCG@20: 0.02941 
08/24/2026,01:16:25: 	Recall@10: 0.01713 Recall@20: 0.02867 NDCG@10: 0.00956 NDCG@20: 0.01264 
08/24/2026,01:16:25: Epoch [157/1000]
08/24/2026,01:16:25: Negative sampling...
08/24/2026,01:16:27: Model's personal time...
08/24/2026,01:16:27: Training...
08/24/2026,01:16:28: Evaluating...
08/24/2026,01:16:28: 	Train Loss: 63.8681 (base: 63.8681, kd: 0.0000), Elapsed: train 2.49 test 0.39
08/24/2026,01:16:28: 	Recall@10: 0.04362 Recall@20: 0.06288 NDCG@10: 0.02378 NDCG@20: 0.02914 
08/24/2026,01:16:28: 	Recall@10: 0.01661 Recall@20: 0.02750 NDCG@10: 0.00937 NDCG@20: 0.01227 
08/24/2026,01:16:28: Epoch [158/1000]
08/24/2026,01:16:28: Negative sampling...
08/24/2026,01:16:30: Model's personal time...
08/24/2026,01:16:30: Training...
08/24/2026,01:16:31: Evaluating...
08/24/2026,01:16:31: 	Train Loss: 62.0000 (base: 62.0000, kd: 0.0000), Elapsed: train 2.25 test 0.39
08/24/2026,01:16:31: 	Recall@10: 0.04351 Recall@20: 0.06232 NDCG@10: 0.02365 NDCG@20: 0.02888 
08/24/2026,01:16:31: 	Recall@10: 0.01673 Recall@20: 0.02754 NDCG@10: 0.00933 NDCG@20: 0.01224 
08/24/2026,01:16:31: Epoch [159/1000]
08/24/2026,01:16:31: Negative sampling...
08/24/2026,01:16:32: Model's personal time...
08/24/2026,01:16:32: Training...
08/24/2026,01:16:33: Evaluating...
08/24/2026,01:16:34: 	Train Loss: 61.5478 (base: 61.5478, kd: 0.0000), Elapsed: train 2.20 test 0.48
08/24/2026,01:16:34: 	Recall@10: 0.04391 Recall@20: 0.06190 NDCG@10: 0.02406 NDCG@20: 0.02902 
08/24/2026,01:16:34: 	Recall@10: 0.01733 Recall@20: 0.02696 NDCG@10: 0.00959 NDCG@20: 0.01219 
08/24/2026,01:16:34: Epoch [160/1000]
08/24/2026,01:16:34: Negative sampling...
08/24/2026,01:16:35: Model's personal time...
08/24/2026,01:16:35: Training...
08/24/2026,01:16:36: Evaluating...
08/24/2026,01:16:36: 	Train Loss: 61.4507 (base: 61.4507, kd: 0.0000), Elapsed: train 2.37 test 0.40
08/24/2026,01:16:36: 	Recall@10: 0.04240 Recall@20: 0.06312 NDCG@10: 0.02354 NDCG@20: 0.02923 
08/24/2026,01:16:36: 	Recall@10: 0.01732 Recall@20: 0.02764 NDCG@10: 0.00965 NDCG@20: 0.01241 
08/24/2026,01:16:36: Epoch [161/1000]
08/24/2026,01:16:36: Negative sampling...
08/24/2026,01:16:38: Model's personal time...
08/24/2026,01:16:38: Training...
08/24/2026,01:16:39: Evaluating...
08/24/2026,01:16:39: 	Train Loss: 61.7463 (base: 61.7463, kd: 0.0000), Elapsed: train 2.14 test 0.40
08/24/2026,01:16:39: 	Recall@10: 0.04415 Recall@20: 0.06354 NDCG@10: 0.02427 NDCG@20: 0.02958 
08/24/2026,01:16:39: 	Recall@10: 0.01703 Recall@20: 0.02731 NDCG@10: 0.00956 NDCG@20: 0.01233 
08/24/2026,01:16:39: Epoch [162/1000]
08/24/2026,01:16:39: Negative sampling...
08/24/2026,01:16:40: Model's personal time...
08/24/2026,01:16:40: Training...
08/24/2026,01:16:41: Evaluating...
08/24/2026,01:16:42: 	Train Loss: 60.9046 (base: 60.9046, kd: 0.0000), Elapsed: train 2.39 test 0.47
08/24/2026,01:16:42: 	Recall@10: 0.04451 Recall@20: 0.06315 NDCG@10: 0.02409 NDCG@20: 0.02922 
08/24/2026,01:16:42: 	Recall@10: 0.01729 Recall@20: 0.02813 NDCG@10: 0.00964 NDCG@20: 0.01254 
08/24/2026,01:16:42: Epoch [163/1000]
08/24/2026,01:16:42: Negative sampling...
08/24/2026,01:16:43: Model's personal time...
08/24/2026,01:16:43: Training...
08/24/2026,01:16:44: Evaluating...
08/24/2026,01:16:45: 	Train Loss: 59.9701 (base: 59.9701, kd: 0.0000), Elapsed: train 2.29 test 0.40
08/24/2026,01:16:45: 	Recall@10: 0.04415 Recall@20: 0.06353 NDCG@10: 0.02380 NDCG@20: 0.02913 
08/24/2026,01:16:45: 	Recall@10: 0.01770 Recall@20: 0.02796 NDCG@10: 0.00960 NDCG@20: 0.01236 
08/24/2026,01:16:45: Epoch [164/1000]
08/24/2026,01:16:45: Negative sampling...
08/24/2026,01:16:46: Model's personal time...
08/24/2026,01:16:46: Training...
08/24/2026,01:16:47: Evaluating...
08/24/2026,01:16:47: 	Train Loss: 60.2885 (base: 60.2885, kd: 0.0000), Elapsed: train 2.13 test 0.39
08/24/2026,01:16:47: 	Recall@10: 0.04379 Recall@20: 0.06328 NDCG@10: 0.02364 NDCG@20: 0.02899 
08/24/2026,01:16:47: 	Recall@10: 0.01751 Recall@20: 0.02807 NDCG@10: 0.00956 NDCG@20: 0.01240 
08/24/2026,01:16:47: Epoch [165/1000]
08/24/2026,01:16:47: Negative sampling...
08/24/2026,01:16:48: Model's personal time...
08/24/2026,01:16:48: Training...
08/24/2026,01:16:49: Evaluating...
08/24/2026,01:16:50: 	Train Loss: 61.0672 (base: 61.0672, kd: 0.0000), Elapsed: train 2.32 test 0.48
08/24/2026,01:16:50: 	Recall@10: 0.04422 Recall@20: 0.06385 NDCG@10: 0.02404 NDCG@20: 0.02943 
08/24/2026,01:16:50: 	Recall@10: 0.01780 Recall@20: 0.02844 NDCG@10: 0.00978 NDCG@20: 0.01264 
08/24/2026,01:16:50: Epoch [166/1000]
08/24/2026,01:16:50: Negative sampling...
08/24/2026,01:16:51: Model's personal time...
08/24/2026,01:16:51: Training...
08/24/2026,01:16:52: Evaluating...
08/24/2026,01:16:53: 	Train Loss: 59.2840 (base: 59.2840, kd: 0.0000), Elapsed: train 2.30 test 0.38
08/24/2026,01:16:53: 	Recall@10: 0.04402 Recall@20: 0.06435 NDCG@10: 0.02403 NDCG@20: 0.02965 
08/24/2026,01:16:53: 	Recall@10: 0.01828 Recall@20: 0.02872 NDCG@10: 0.00985 NDCG@20: 0.01265 
08/24/2026,01:16:53: Epoch [167/1000]
08/24/2026,01:16:53: Negative sampling...
08/24/2026,01:16:54: Model's personal time...
08/24/2026,01:16:54: Training...
08/24/2026,01:16:55: Evaluating...
08/24/2026,01:16:55: 	Train Loss: 59.9339 (base: 59.9339, kd: 0.0000), Elapsed: train 2.18 test 0.38
08/24/2026,01:16:55: 	Recall@10: 0.04380 Recall@20: 0.06454 NDCG@10: 0.02413 NDCG@20: 0.02984 
08/24/2026,01:16:55: 	Recall@10: 0.01828 Recall@20: 0.02927 NDCG@10: 0.01004 NDCG@20: 0.01297 
08/24/2026,01:16:55: Epoch [168/1000]
08/24/2026,01:16:55: Negative sampling...
08/24/2026,01:16:56: Model's personal time...
08/24/2026,01:16:56: Training...
08/24/2026,01:16:57: Evaluating...
08/24/2026,01:16:58: 	Train Loss: 58.0835 (base: 58.0835, kd: 0.0000), Elapsed: train 2.20 test 0.38
08/24/2026,01:16:58: 	Recall@10: 0.04416 Recall@20: 0.06526 NDCG@10: 0.02444 NDCG@20: 0.03025 
08/24/2026,01:16:58: 	Recall@10: 0.01889 Recall@20: 0.02955 NDCG@10: 0.01021 NDCG@20: 0.01307 
08/24/2026,01:16:58: Epoch [169/1000]
08/24/2026,01:16:58: Negative sampling...
08/24/2026,01:16:59: Model's personal time...
08/24/2026,01:16:59: Training...
08/24/2026,01:17:00: Evaluating...
08/24/2026,01:17:00: 	Train Loss: 57.8997 (base: 57.8997, kd: 0.0000), Elapsed: train 2.07 test 0.38
08/24/2026,01:17:00: 	Recall@10: 0.04433 Recall@20: 0.06525 NDCG@10: 0.02445 NDCG@20: 0.03020 
08/24/2026,01:17:00: 	Recall@10: 0.01898 Recall@20: 0.02984 NDCG@10: 0.01016 NDCG@20: 0.01308 
08/24/2026,01:17:00: Epoch [170/1000]
08/24/2026,01:17:00: Negative sampling...
08/24/2026,01:17:01: Model's personal time...
08/24/2026,01:17:01: Training...
08/24/2026,01:17:02: Evaluating...
08/24/2026,01:17:03: 	Train Loss: 59.0456 (base: 59.0456, kd: 0.0000), Elapsed: train 2.18 test 0.38 *
08/24/2026,01:17:03: 	Recall@10: 0.04406 Recall@20: 0.06613 NDCG@10: 0.02437 NDCG@20: 0.03043 
08/24/2026,01:17:03: 	Recall@10: 0.01851 Recall@20: 0.03023 NDCG@10: 0.01000 NDCG@20: 0.01317 
08/24/2026,01:17:03: Epoch [171/1000]
08/24/2026,01:17:03: Negative sampling...
08/24/2026,01:17:04: Model's personal time...
08/24/2026,01:17:04: Training...
08/24/2026,01:17:05: Evaluating...
08/24/2026,01:17:05: 	Train Loss: 58.1135 (base: 58.1135, kd: 0.0000), Elapsed: train 2.11 test 0.39
08/24/2026,01:17:05: 	Recall@10: 0.04459 Recall@20: 0.06648 NDCG@10: 0.02426 NDCG@20: 0.03030 
08/24/2026,01:17:05: 	Recall@10: 0.01870 Recall@20: 0.03042 NDCG@10: 0.01020 NDCG@20: 0.01335 
08/24/2026,01:17:05: Epoch [172/1000]
08/24/2026,01:17:05: Negative sampling...
08/24/2026,01:17:07: Model's personal time...
08/24/2026,01:17:07: Training...
08/24/2026,01:17:07: Evaluating...
08/24/2026,01:17:08: 	Train Loss: 56.6190 (base: 56.6190, kd: 0.0000), Elapsed: train 2.22 test 0.46
08/24/2026,01:17:08: 	Recall@10: 0.04443 Recall@20: 0.06672 NDCG@10: 0.02425 NDCG@20: 0.03040 
08/24/2026,01:17:08: 	Recall@10: 0.01898 Recall@20: 0.02984 NDCG@10: 0.01048 NDCG@20: 0.01341 
08/24/2026,01:17:08: Epoch [173/1000]
08/24/2026,01:17:08: Negative sampling...
08/24/2026,01:17:09: Model's personal time...
08/24/2026,01:17:09: Training...
08/24/2026,01:17:10: Evaluating...
08/24/2026,01:17:11: 	Train Loss: 57.9884 (base: 57.9884, kd: 0.0000), Elapsed: train 2.32 test 0.38 *
08/24/2026,01:17:11: 	Recall@10: 0.04511 Recall@20: 0.06663 NDCG@10: 0.02452 NDCG@20: 0.03049 
08/24/2026,01:17:11: 	Recall@10: 0.01937 Recall@20: 0.02971 NDCG@10: 0.01060 NDCG@20: 0.01342 
08/24/2026,01:17:11: Epoch [174/1000]
08/24/2026,01:17:11: Negative sampling...
08/24/2026,01:17:12: Model's personal time...
08/24/2026,01:17:12: Training...
08/24/2026,01:17:13: Evaluating...
08/24/2026,01:17:13: 	Train Loss: 58.1124 (base: 58.1124, kd: 0.0000), Elapsed: train 2.08 test 0.38 *
08/24/2026,01:17:13: 	Recall@10: 0.04546 Recall@20: 0.06716 NDCG@10: 0.02485 NDCG@20: 0.03090 
08/24/2026,01:17:13: 	Recall@10: 0.01966 Recall@20: 0.03035 NDCG@10: 0.01095 NDCG@20: 0.01384 
08/24/2026,01:17:13: Epoch [175/1000]
08/24/2026,01:17:13: Negative sampling...
08/24/2026,01:17:14: Model's personal time...
08/24/2026,01:17:14: Training...
08/24/2026,01:17:15: Evaluating...
08/24/2026,01:17:16: 	Train Loss: 56.4752 (base: 56.4752, kd: 0.0000), Elapsed: train 2.18 test 0.38
08/24/2026,01:17:16: 	Recall@10: 0.04475 Recall@20: 0.06592 NDCG@10: 0.02447 NDCG@20: 0.03034 
08/24/2026,01:17:16: 	Recall@10: 0.01908 Recall@20: 0.02952 NDCG@10: 0.01080 NDCG@20: 0.01366 
08/24/2026,01:17:16: Epoch [176/1000]
08/24/2026,01:17:16: Negative sampling...
08/24/2026,01:17:17: Model's personal time...
08/24/2026,01:17:17: Training...
08/24/2026,01:17:18: Evaluating...
08/24/2026,01:17:18: 	Train Loss: 56.6124 (base: 56.6124, kd: 0.0000), Elapsed: train 2.07 test 0.38
08/24/2026,01:17:18: 	Recall@10: 0.04553 Recall@20: 0.06695 NDCG@10: 0.02485 NDCG@20: 0.03076 
08/24/2026,01:17:18: 	Recall@10: 0.01937 Recall@20: 0.02945 NDCG@10: 0.01075 NDCG@20: 0.01352 
08/24/2026,01:17:18: Epoch [177/1000]
08/24/2026,01:17:18: Negative sampling...
08/24/2026,01:17:19: Model's personal time...
08/24/2026,01:17:19: Training...
08/24/2026,01:17:20: Evaluating...
08/24/2026,01:17:21: 	Train Loss: 56.2438 (base: 56.2438, kd: 0.0000), Elapsed: train 2.17 test 0.38
08/24/2026,01:17:21: 	Recall@10: 0.04575 Recall@20: 0.06704 NDCG@10: 0.02489 NDCG@20: 0.03072 
08/24/2026,01:17:21: 	Recall@10: 0.01946 Recall@20: 0.02952 NDCG@10: 0.01099 NDCG@20: 0.01373 
08/24/2026,01:17:21: Epoch [178/1000]
08/24/2026,01:17:21: Negative sampling...
08/24/2026,01:17:22: Model's personal time...
08/24/2026,01:17:22: Training...
08/24/2026,01:17:23: Evaluating...
08/24/2026,01:17:23: 	Train Loss: 56.1970 (base: 56.1970, kd: 0.0000), Elapsed: train 2.19 test 0.38
08/24/2026,01:17:23: 	Recall@10: 0.04521 Recall@20: 0.06668 NDCG@10: 0.02475 NDCG@20: 0.03069 
08/24/2026,01:17:23: 	Recall@10: 0.01966 Recall@20: 0.02981 NDCG@10: 0.01116 NDCG@20: 0.01392 
08/24/2026,01:17:23: Epoch [179/1000]
08/24/2026,01:17:23: Negative sampling...
08/24/2026,01:17:25: Model's personal time...
08/24/2026,01:17:25: Training...
08/24/2026,01:17:25: Evaluating...
08/24/2026,01:17:26: 	Train Loss: 56.3234 (base: 56.3234, kd: 0.0000), Elapsed: train 2.13 test 0.39
08/24/2026,01:17:26: 	Recall@10: 0.04417 Recall@20: 0.06653 NDCG@10: 0.02426 NDCG@20: 0.03043 
08/24/2026,01:17:26: 	Recall@10: 0.01966 Recall@20: 0.02894 NDCG@10: 0.01103 NDCG@20: 0.01359 
08/24/2026,01:17:26: Epoch [180/1000]
08/24/2026,01:17:26: Negative sampling...
08/24/2026,01:17:27: Model's personal time...
08/24/2026,01:17:27: Training...
08/24/2026,01:17:28: Evaluating...
08/24/2026,01:17:28: 	Train Loss: 54.3671 (base: 54.3671, kd: 0.0000), Elapsed: train 2.21 test 0.40
08/24/2026,01:17:28: 	Recall@10: 0.04415 Recall@20: 0.06656 NDCG@10: 0.02431 NDCG@20: 0.03052 
08/24/2026,01:17:28: 	Recall@10: 0.01956 Recall@20: 0.02901 NDCG@10: 0.01103 NDCG@20: 0.01364 
08/24/2026,01:17:28: Epoch [181/1000]
08/24/2026,01:17:28: Negative sampling...
08/24/2026,01:17:30: Model's personal time...
08/24/2026,01:17:30: Training...
08/24/2026,01:17:30: Evaluating...
08/24/2026,01:17:31: 	Train Loss: 55.2183 (base: 55.2183, kd: 0.0000), Elapsed: train 2.08 test 0.38
08/24/2026,01:17:31: 	Recall@10: 0.04379 Recall@20: 0.06683 NDCG@10: 0.02411 NDCG@20: 0.03050 
08/24/2026,01:17:31: 	Recall@10: 0.02036 Recall@20: 0.02936 NDCG@10: 0.01128 NDCG@20: 0.01374 
08/24/2026,01:17:31: Epoch [182/1000]
08/24/2026,01:17:31: Negative sampling...
08/24/2026,01:17:32: Model's personal time...
08/24/2026,01:17:32: Training...
08/24/2026,01:17:33: Evaluating...
08/24/2026,01:17:33: 	Train Loss: 54.1409 (base: 54.1409, kd: 0.0000), Elapsed: train 2.22 test 0.40
08/24/2026,01:17:33: 	Recall@10: 0.04462 Recall@20: 0.06561 NDCG@10: 0.02453 NDCG@20: 0.03037 
08/24/2026,01:17:33: 	Recall@10: 0.02071 Recall@20: 0.03067 NDCG@10: 0.01128 NDCG@20: 0.01400 
08/24/2026,01:17:33: Epoch [183/1000]
08/24/2026,01:17:33: Negative sampling...
08/24/2026,01:17:35: Model's personal time...
08/24/2026,01:17:35: Training...
08/24/2026,01:17:36: Evaluating...
08/24/2026,01:17:36: 	Train Loss: 54.9250 (base: 54.9250, kd: 0.0000), Elapsed: train 2.22 test 0.40
08/24/2026,01:17:36: 	Recall@10: 0.04525 Recall@20: 0.06678 NDCG@10: 0.02481 NDCG@20: 0.03075 
08/24/2026,01:17:36: 	Recall@10: 0.02029 Recall@20: 0.03070 NDCG@10: 0.01113 NDCG@20: 0.01394 
08/24/2026,01:17:36: Epoch [184/1000]
08/24/2026,01:17:36: Negative sampling...
08/24/2026,01:17:37: Model's personal time...
08/24/2026,01:17:37: Training...
08/24/2026,01:17:38: Evaluating...
08/24/2026,01:17:39: 	Train Loss: 54.1742 (base: 54.1742, kd: 0.0000), Elapsed: train 2.08 test 0.39
08/24/2026,01:17:39: 	Recall@10: 0.04389 Recall@20: 0.06586 NDCG@10: 0.02454 NDCG@20: 0.03068 
08/24/2026,01:17:39: 	Recall@10: 0.01966 Recall@20: 0.03015 NDCG@10: 0.01068 NDCG@20: 0.01356 
08/24/2026,01:17:39: Epoch [185/1000]
08/24/2026,01:17:39: Negative sampling...
08/24/2026,01:17:40: Model's personal time...
08/24/2026,01:17:40: Training...
08/24/2026,01:17:41: Evaluating...
08/24/2026,01:17:41: 	Train Loss: 54.3977 (base: 54.3977, kd: 0.0000), Elapsed: train 2.26 test 0.39
08/24/2026,01:17:41: 	Recall@10: 0.04400 Recall@20: 0.06647 NDCG@10: 0.02446 NDCG@20: 0.03073 
08/24/2026,01:17:41: 	Recall@10: 0.01997 Recall@20: 0.02984 NDCG@10: 0.01088 NDCG@20: 0.01355 
08/24/2026,01:17:41: Epoch [186/1000]
08/24/2026,01:17:41: Negative sampling...
08/24/2026,01:17:42: Model's personal time...
08/24/2026,01:17:42: Training...
08/24/2026,01:17:43: Evaluating...
08/24/2026,01:17:44: 	Train Loss: 53.6653 (base: 53.6653, kd: 0.0000), Elapsed: train 2.08 test 0.40 *
08/24/2026,01:17:44: 	Recall@10: 0.04451 Recall@20: 0.06663 NDCG@10: 0.02482 NDCG@20: 0.03093 
08/24/2026,01:17:44: 	Recall@10: 0.01966 Recall@20: 0.03023 NDCG@10: 0.01078 NDCG@20: 0.01368 
08/24/2026,01:17:44: Epoch [187/1000]
08/24/2026,01:17:44: Negative sampling...
08/24/2026,01:17:45: Model's personal time...
08/24/2026,01:17:45: Training...
08/24/2026,01:17:46: Evaluating...
08/24/2026,01:17:46: 	Train Loss: 54.5647 (base: 54.5647, kd: 0.0000), Elapsed: train 2.36 test 0.48 *
08/24/2026,01:17:46: 	Recall@10: 0.04527 Recall@20: 0.06724 NDCG@10: 0.02501 NDCG@20: 0.03104 
08/24/2026,01:17:46: 	Recall@10: 0.01997 Recall@20: 0.03047 NDCG@10: 0.01090 NDCG@20: 0.01378 
08/24/2026,01:17:46: Epoch [188/1000]
08/24/2026,01:17:46: Negative sampling...
08/24/2026,01:17:48: Model's personal time...
08/24/2026,01:17:48: Training...
08/24/2026,01:17:49: Evaluating...
08/24/2026,01:17:49: 	Train Loss: 53.6904 (base: 53.6904, kd: 0.0000), Elapsed: train 2.40 test 0.38
08/24/2026,01:17:49: 	Recall@10: 0.04507 Recall@20: 0.06590 NDCG@10: 0.02501 NDCG@20: 0.03077 
08/24/2026,01:17:49: 	Recall@10: 0.01969 Recall@20: 0.03070 NDCG@10: 0.01087 NDCG@20: 0.01387 
08/24/2026,01:17:49: Epoch [189/1000]
08/24/2026,01:17:49: Negative sampling...
08/24/2026,01:17:51: Model's personal time...
08/24/2026,01:17:51: Training...
08/24/2026,01:17:51: Evaluating...
08/24/2026,01:17:52: 	Train Loss: 54.6083 (base: 54.6083, kd: 0.0000), Elapsed: train 2.06 test 0.38
08/24/2026,01:17:52: 	Recall@10: 0.04515 Recall@20: 0.06518 NDCG@10: 0.02531 NDCG@20: 0.03091 
08/24/2026,01:17:52: 	Recall@10: 0.01969 Recall@20: 0.03054 NDCG@10: 0.01080 NDCG@20: 0.01375 
08/24/2026,01:17:52: Epoch [190/1000]
08/24/2026,01:17:52: Negative sampling...
08/24/2026,01:17:53: Model's personal time...
08/24/2026,01:17:53: Training...
08/24/2026,01:17:54: Evaluating...
08/24/2026,01:17:54: 	Train Loss: 52.2986 (base: 52.2986, kd: 0.0000), Elapsed: train 2.16 test 0.38 *
08/24/2026,01:17:54: 	Recall@10: 0.04483 Recall@20: 0.06475 NDCG@10: 0.02550 NDCG@20: 0.03107 
08/24/2026,01:17:54: 	Recall@10: 0.01921 Recall@20: 0.03005 NDCG@10: 0.01079 NDCG@20: 0.01376 
08/24/2026,01:17:54: Epoch [191/1000]
08/24/2026,01:17:54: Negative sampling...
08/24/2026,01:17:56: Model's personal time...
08/24/2026,01:17:56: Training...
08/24/2026,01:17:56: Evaluating...
08/24/2026,01:17:57: 	Train Loss: 53.0057 (base: 53.0057, kd: 0.0000), Elapsed: train 2.06 test 0.39 *
08/24/2026,01:17:57: 	Recall@10: 0.04526 Recall@20: 0.06512 NDCG@10: 0.02562 NDCG@20: 0.03116 
08/24/2026,01:17:57: 	Recall@10: 0.01956 Recall@20: 0.03006 NDCG@10: 0.01088 NDCG@20: 0.01376 
08/24/2026,01:17:57: Epoch [192/1000]
08/24/2026,01:17:57: Negative sampling...
08/24/2026,01:17:58: Model's personal time...
08/24/2026,01:17:58: Training...
08/24/2026,01:17:59: Evaluating...
08/24/2026,01:17:59: 	Train Loss: 52.1481 (base: 52.1481, kd: 0.0000), Elapsed: train 2.15 test 0.38 *
08/24/2026,01:17:59: 	Recall@10: 0.04635 Recall@20: 0.06505 NDCG@10: 0.02609 NDCG@20: 0.03129 
08/24/2026,01:17:59: 	Recall@10: 0.01966 Recall@20: 0.03006 NDCG@10: 0.01089 NDCG@20: 0.01373 
08/24/2026,01:17:59: Epoch [193/1000]
08/24/2026,01:17:59: Negative sampling...
08/24/2026,01:18:01: Model's personal time...
08/24/2026,01:18:01: Training...
08/24/2026,01:18:01: Evaluating...
08/24/2026,01:18:02: 	Train Loss: 51.1446 (base: 51.1446, kd: 0.0000), Elapsed: train 2.20 test 0.39
08/24/2026,01:18:02: 	Recall@10: 0.04560 Recall@20: 0.06409 NDCG@10: 0.02582 NDCG@20: 0.03102 
08/24/2026,01:18:02: 	Recall@10: 0.01969 Recall@20: 0.02961 NDCG@10: 0.01090 NDCG@20: 0.01359 
08/24/2026,01:18:02: Epoch [194/1000]
08/24/2026,01:18:02: Negative sampling...
08/24/2026,01:18:03: Model's personal time...
08/24/2026,01:18:03: Training...
08/24/2026,01:18:04: Evaluating...
08/24/2026,01:18:04: 	Train Loss: 51.9077 (base: 51.9077, kd: 0.0000), Elapsed: train 2.10 test 0.38
08/24/2026,01:18:04: 	Recall@10: 0.04458 Recall@20: 0.06455 NDCG@10: 0.02517 NDCG@20: 0.03076 
08/24/2026,01:18:04: 	Recall@10: 0.01934 Recall@20: 0.02944 NDCG@10: 0.01054 NDCG@20: 0.01328 
08/24/2026,01:18:04: Epoch [195/1000]
08/24/2026,01:18:04: Negative sampling...
08/24/2026,01:18:06: Model's personal time...
08/24/2026,01:18:06: Training...
08/24/2026,01:18:06: Evaluating...
08/24/2026,01:18:07: 	Train Loss: 50.8107 (base: 50.8107, kd: 0.0000), Elapsed: train 2.20 test 0.39 *
08/24/2026,01:18:07: 	Recall@10: 0.04511 Recall@20: 0.06484 NDCG@10: 0.02577 NDCG@20: 0.03133 
08/24/2026,01:18:07: 	Recall@10: 0.01944 Recall@20: 0.02934 NDCG@10: 0.01070 NDCG@20: 0.01338 
08/24/2026,01:18:07: Epoch [196/1000]
08/24/2026,01:18:07: Negative sampling...
08/24/2026,01:18:08: Model's personal time...
08/24/2026,01:18:08: Training...
08/24/2026,01:18:09: Evaluating...
08/24/2026,01:18:09: 	Train Loss: 50.8159 (base: 50.8159, kd: 0.0000), Elapsed: train 2.06 test 0.38 *
08/24/2026,01:18:09: 	Recall@10: 0.04498 Recall@20: 0.06531 NDCG@10: 0.02578 NDCG@20: 0.03143 
08/24/2026,01:18:09: 	Recall@10: 0.01925 Recall@20: 0.02944 NDCG@10: 0.01051 NDCG@20: 0.01330 
08/24/2026,01:18:09: Epoch [197/1000]
08/24/2026,01:18:09: Negative sampling...
08/24/2026,01:18:11: Model's personal time...
08/24/2026,01:18:11: Training...
08/24/2026,01:18:12: Evaluating...
08/24/2026,01:18:12: 	Train Loss: 51.4803 (base: 51.4803, kd: 0.0000), Elapsed: train 2.20 test 0.39 *
08/24/2026,01:18:12: 	Recall@10: 0.04482 Recall@20: 0.06544 NDCG@10: 0.02582 NDCG@20: 0.03153 
08/24/2026,01:18:12: 	Recall@10: 0.01960 Recall@20: 0.02864 NDCG@10: 0.01059 NDCG@20: 0.01310 
08/24/2026,01:18:12: Epoch [198/1000]
08/24/2026,01:18:12: Negative sampling...
08/24/2026,01:18:13: Model's personal time...
08/24/2026,01:18:13: Training...
08/24/2026,01:18:14: Evaluating...
08/24/2026,01:18:14: 	Train Loss: 51.3947 (base: 51.3947, kd: 0.0000), Elapsed: train 2.18 test 0.38 *
08/24/2026,01:18:14: 	Recall@10: 0.04473 Recall@20: 0.06637 NDCG@10: 0.02560 NDCG@20: 0.03156 
08/24/2026,01:18:14: 	Recall@10: 0.01869 Recall@20: 0.02832 NDCG@10: 0.01047 NDCG@20: 0.01314 
08/24/2026,01:18:14: Epoch [199/1000]
08/24/2026,01:18:14: Negative sampling...
08/24/2026,01:18:16: Model's personal time...
08/24/2026,01:18:16: Training...
08/24/2026,01:18:17: Evaluating...
08/24/2026,01:18:17: 	Train Loss: 50.5769 (base: 50.5769, kd: 0.0000), Elapsed: train 2.06 test 0.38 *
08/24/2026,01:18:17: 	Recall@10: 0.04539 Recall@20: 0.06637 NDCG@10: 0.02591 NDCG@20: 0.03168 
08/24/2026,01:18:17: 	Recall@10: 0.01875 Recall@20: 0.02873 NDCG@10: 0.01059 NDCG@20: 0.01334 
08/24/2026,01:18:17: Epoch [200/1000]
08/24/2026,01:18:17: Negative sampling...
08/24/2026,01:18:18: Model's personal time...
08/24/2026,01:18:18: Training...
08/24/2026,01:18:19: Evaluating...
08/24/2026,01:18:20: 	Train Loss: 51.3360 (base: 51.3360, kd: 0.0000), Elapsed: train 2.20 test 0.39 *
08/24/2026,01:18:20: 	Recall@10: 0.04559 Recall@20: 0.06671 NDCG@10: 0.02605 NDCG@20: 0.03183 
08/24/2026,01:18:20: 	Recall@10: 0.01923 Recall@20: 0.02876 NDCG@10: 0.01075 NDCG@20: 0.01339 
08/24/2026,01:18:20: Epoch [201/1000]
08/24/2026,01:18:20: Negative sampling...
08/24/2026,01:18:21: Model's personal time...
08/24/2026,01:18:21: Training...
08/24/2026,01:18:22: Evaluating...
08/24/2026,01:18:22: 	Train Loss: 50.8780 (base: 50.8780, kd: 0.0000), Elapsed: train 2.12 test 0.41 *
08/24/2026,01:18:22: 	Recall@10: 0.04583 Recall@20: 0.06742 NDCG@10: 0.02659 NDCG@20: 0.03251 
08/24/2026,01:18:22: 	Recall@10: 0.02033 Recall@20: 0.02950 NDCG@10: 0.01113 NDCG@20: 0.01361 
08/24/2026,01:18:22: Epoch [202/1000]
08/24/2026,01:18:22: Negative sampling...
08/24/2026,01:18:23: Model's personal time...
08/24/2026,01:18:23: Training...
08/24/2026,01:18:24: Evaluating...
08/24/2026,01:18:25: 	Train Loss: 50.7413 (base: 50.7413, kd: 0.0000), Elapsed: train 2.23 test 0.40
08/24/2026,01:18:25: 	Recall@10: 0.04639 Recall@20: 0.06662 NDCG@10: 0.02678 NDCG@20: 0.03234 
08/24/2026,01:18:25: 	Recall@10: 0.01995 Recall@20: 0.02960 NDCG@10: 0.01113 NDCG@20: 0.01375 
08/24/2026,01:18:25: Epoch [203/1000]
08/24/2026,01:18:25: Negative sampling...
08/24/2026,01:18:26: Model's personal time...
08/24/2026,01:18:26: Training...
08/24/2026,01:18:27: Evaluating...
08/24/2026,01:18:27: 	Train Loss: 50.2363 (base: 50.2363, kd: 0.0000), Elapsed: train 2.24 test 0.41
08/24/2026,01:18:27: 	Recall@10: 0.04620 Recall@20: 0.06662 NDCG@10: 0.02682 NDCG@20: 0.03242 
08/24/2026,01:18:27: 	Recall@10: 0.02014 Recall@20: 0.03000 NDCG@10: 0.01113 NDCG@20: 0.01382 
08/24/2026,01:18:27: Epoch [204/1000]
08/24/2026,01:18:27: Negative sampling...
08/24/2026,01:18:29: Model's personal time...
08/24/2026,01:18:29: Training...
08/24/2026,01:18:30: Evaluating...
08/24/2026,01:18:30: 	Train Loss: 49.6376 (base: 49.6376, kd: 0.0000), Elapsed: train 2.24 test 0.48
08/24/2026,01:18:30: 	Recall@10: 0.04585 Recall@20: 0.06646 NDCG@10: 0.02676 NDCG@20: 0.03236 
08/24/2026,01:18:30: 	Recall@10: 0.02017 Recall@20: 0.03011 NDCG@10: 0.01116 NDCG@20: 0.01387 
08/24/2026,01:18:30: Epoch [205/1000]
08/24/2026,01:18:30: Negative sampling...
08/24/2026,01:18:32: Model's personal time...
08/24/2026,01:18:32: Training...
08/24/2026,01:18:33: Evaluating...
08/24/2026,01:18:33: 	Train Loss: 49.7039 (base: 49.7039, kd: 0.0000), Elapsed: train 2.70 test 0.40
08/24/2026,01:18:33: 	Recall@10: 0.04654 Recall@20: 0.06598 NDCG@10: 0.02695 NDCG@20: 0.03226 
08/24/2026,01:18:33: 	Recall@10: 0.02023 Recall@20: 0.03014 NDCG@10: 0.01119 NDCG@20: 0.01389 
08/24/2026,01:18:33: Epoch [206/1000]
08/24/2026,01:18:33: Negative sampling...
08/24/2026,01:18:34: Model's personal time...
08/24/2026,01:18:34: Training...
08/24/2026,01:18:35: Evaluating...
08/24/2026,01:18:36: 	Train Loss: 49.4733 (base: 49.4733, kd: 0.0000), Elapsed: train 2.18 test 0.39
08/24/2026,01:18:36: 	Recall@10: 0.04725 Recall@20: 0.06664 NDCG@10: 0.02713 NDCG@20: 0.03242 
08/24/2026,01:18:36: 	Recall@10: 0.02033 Recall@20: 0.03058 NDCG@10: 0.01129 NDCG@20: 0.01408 
08/24/2026,01:18:36: Epoch [207/1000]
08/24/2026,01:18:36: Negative sampling...
08/24/2026,01:18:37: Model's personal time...
08/24/2026,01:18:37: Training...
08/24/2026,01:18:38: Evaluating...
08/24/2026,01:18:38: 	Train Loss: 48.5106 (base: 48.5106, kd: 0.0000), Elapsed: train 2.24 test 0.40 *
08/24/2026,01:18:38: 	Recall@10: 0.04786 Recall@20: 0.06724 NDCG@10: 0.02731 NDCG@20: 0.03257 
08/24/2026,01:18:38: 	Recall@10: 0.01966 Recall@20: 0.03088 NDCG@10: 0.01111 NDCG@20: 0.01415 
08/24/2026,01:18:38: Epoch [208/1000]
08/24/2026,01:18:38: Negative sampling...
08/24/2026,01:18:40: Model's personal time...
08/24/2026,01:18:40: Training...
08/24/2026,01:18:41: Evaluating...
08/24/2026,01:18:41: 	Train Loss: 49.8967 (base: 49.8967, kd: 0.0000), Elapsed: train 2.27 test 0.40
08/24/2026,01:18:41: 	Recall@10: 0.04826 Recall@20: 0.06680 NDCG@10: 0.02741 NDCG@20: 0.03249 
08/24/2026,01:18:41: 	Recall@10: 0.02042 Recall@20: 0.02989 NDCG@10: 0.01136 NDCG@20: 0.01398 
08/24/2026,01:18:41: Epoch [209/1000]
08/24/2026,01:18:41: Negative sampling...
08/24/2026,01:18:42: Model's personal time...
08/24/2026,01:18:42: Training...
08/24/2026,01:18:43: Evaluating...
08/24/2026,01:18:44: 	Train Loss: 48.4582 (base: 48.4582, kd: 0.0000), Elapsed: train 2.10 test 0.40 *
08/24/2026,01:18:44: 	Recall@10: 0.04792 Recall@20: 0.06729 NDCG@10: 0.02764 NDCG@20: 0.03294 
08/24/2026,01:18:44: 	Recall@10: 0.02071 Recall@20: 0.03007 NDCG@10: 0.01147 NDCG@20: 0.01405 
08/24/2026,01:18:44: Epoch [210/1000]
08/24/2026,01:18:44: Negative sampling...
08/24/2026,01:18:45: Model's personal time...
08/24/2026,01:18:45: Training...
08/24/2026,01:18:46: Evaluating...
08/24/2026,01:18:46: 	Train Loss: 50.0035 (base: 50.0035, kd: 0.0000), Elapsed: train 2.29 test 0.40 *
08/24/2026,01:18:46: 	Recall@10: 0.04757 Recall@20: 0.06782 NDCG@10: 0.02767 NDCG@20: 0.03320 
08/24/2026,01:18:46: 	Recall@10: 0.02071 Recall@20: 0.03037 NDCG@10: 0.01164 NDCG@20: 0.01431 
08/24/2026,01:18:46: Epoch [211/1000]
08/24/2026,01:18:46: Negative sampling...
08/24/2026,01:18:48: Model's personal time...
08/24/2026,01:18:48: Training...
08/24/2026,01:18:48: Evaluating...
08/24/2026,01:18:49: 	Train Loss: 48.1751 (base: 48.1751, kd: 0.0000), Elapsed: train 2.16 test 0.39 *
08/24/2026,01:18:49: 	Recall@10: 0.04785 Recall@20: 0.06844 NDCG@10: 0.02781 NDCG@20: 0.03346 
08/24/2026,01:18:49: 	Recall@10: 0.02109 Recall@20: 0.03101 NDCG@10: 0.01193 NDCG@20: 0.01465 
08/24/2026,01:18:49: Epoch [212/1000]
08/24/2026,01:18:49: Negative sampling...
08/24/2026,01:18:50: Model's personal time...
08/24/2026,01:18:50: Training...
08/24/2026,01:18:51: Evaluating...
08/24/2026,01:18:51: 	Train Loss: 48.9917 (base: 48.9917, kd: 0.0000), Elapsed: train 2.27 test 0.40 *
08/24/2026,01:18:51: 	Recall@10: 0.04824 Recall@20: 0.06758 NDCG@10: 0.02822 NDCG@20: 0.03354 
08/24/2026,01:18:51: 	Recall@10: 0.02029 Recall@20: 0.03120 NDCG@10: 0.01163 NDCG@20: 0.01463 
08/24/2026,01:18:51: Epoch [213/1000]
08/24/2026,01:18:51: Negative sampling...
08/24/2026,01:18:53: Model's personal time...
08/24/2026,01:18:53: Training...
08/24/2026,01:18:54: Evaluating...
08/24/2026,01:18:54: 	Train Loss: 48.8177 (base: 48.8177, kd: 0.0000), Elapsed: train 2.22 test 0.41
08/24/2026,01:18:54: 	Recall@10: 0.04780 Recall@20: 0.06806 NDCG@10: 0.02780 NDCG@20: 0.03337 
08/24/2026,01:18:54: 	Recall@10: 0.01981 Recall@20: 0.03067 NDCG@10: 0.01140 NDCG@20: 0.01441 
08/24/2026,01:18:54: Epoch [214/1000]
08/24/2026,01:18:54: Negative sampling...
08/24/2026,01:18:55: Model's personal time...
08/24/2026,01:18:55: Training...
08/24/2026,01:18:56: Evaluating...
08/24/2026,01:18:57: 	Train Loss: 48.5768 (base: 48.5768, kd: 0.0000), Elapsed: train 2.14 test 0.40
08/24/2026,01:18:57: 	Recall@10: 0.04707 Recall@20: 0.06700 NDCG@10: 0.02726 NDCG@20: 0.03272 
08/24/2026,01:18:57: 	Recall@10: 0.01933 Recall@20: 0.03073 NDCG@10: 0.01100 NDCG@20: 0.01414 
08/24/2026,01:18:57: Epoch [215/1000]
08/24/2026,01:18:57: Negative sampling...
08/24/2026,01:18:58: Model's personal time...
08/24/2026,01:18:58: Training...
08/24/2026,01:18:59: Evaluating...
08/24/2026,01:18:59: 	Train Loss: 48.4363 (base: 48.4363, kd: 0.0000), Elapsed: train 2.26 test 0.49
08/24/2026,01:18:59: 	Recall@10: 0.04787 Recall@20: 0.06644 NDCG@10: 0.02725 NDCG@20: 0.03244 
08/24/2026,01:18:59: 	Recall@10: 0.01923 Recall@20: 0.03054 NDCG@10: 0.01095 NDCG@20: 0.01409 
08/24/2026,01:18:59: Epoch [216/1000]
08/24/2026,01:18:59: Negative sampling...
08/24/2026,01:19:01: Model's personal time...
08/24/2026,01:19:01: Training...
08/24/2026,01:19:02: Evaluating...
08/24/2026,01:19:02: 	Train Loss: 46.7824 (base: 46.7824, kd: 0.0000), Elapsed: train 2.53 test 0.39
08/24/2026,01:19:02: 	Recall@10: 0.04819 Recall@20: 0.06727 NDCG@10: 0.02784 NDCG@20: 0.03313 
08/24/2026,01:19:02: 	Recall@10: 0.01914 Recall@20: 0.03113 NDCG@10: 0.01104 NDCG@20: 0.01436 
08/24/2026,01:19:02: Epoch [217/1000]
08/24/2026,01:19:02: Negative sampling...
08/24/2026,01:19:04: Model's personal time...
08/24/2026,01:19:04: Training...
08/24/2026,01:19:05: Evaluating...
08/24/2026,01:19:05: 	Train Loss: 47.8358 (base: 47.8358, kd: 0.0000), Elapsed: train 2.24 test 0.39
08/24/2026,01:19:05: 	Recall@10: 0.04875 Recall@20: 0.06755 NDCG@10: 0.02806 NDCG@20: 0.03326 
08/24/2026,01:19:05: 	Recall@10: 0.01866 Recall@20: 0.03106 NDCG@10: 0.01083 NDCG@20: 0.01425 
08/24/2026,01:19:05: Epoch [218/1000]
08/24/2026,01:19:05: Negative sampling...
08/24/2026,01:19:06: Model's personal time...
08/24/2026,01:19:06: Training...
08/24/2026,01:19:07: Evaluating...
08/24/2026,01:19:08: 	Train Loss: 47.6463 (base: 47.6463, kd: 0.0000), Elapsed: train 2.23 test 0.41
08/24/2026,01:19:08: 	Recall@10: 0.04827 Recall@20: 0.06798 NDCG@10: 0.02772 NDCG@20: 0.03315 
08/24/2026,01:19:08: 	Recall@10: 0.01895 Recall@20: 0.03113 NDCG@10: 0.01101 NDCG@20: 0.01434 
08/24/2026,01:19:08: Epoch [219/1000]
08/24/2026,01:19:08: Negative sampling...
08/24/2026,01:19:09: Model's personal time...
08/24/2026,01:19:09: Training...
08/24/2026,01:19:10: Evaluating...
08/24/2026,01:19:10: 	Train Loss: 46.2081 (base: 46.2081, kd: 0.0000), Elapsed: train 2.15 test 0.48
08/24/2026,01:19:10: 	Recall@10: 0.04886 Recall@20: 0.06812 NDCG@10: 0.02776 NDCG@20: 0.03304 
08/24/2026,01:19:10: 	Recall@10: 0.01981 Recall@20: 0.03070 NDCG@10: 0.01123 NDCG@20: 0.01424 
08/24/2026,01:19:10: Epoch [220/1000]
08/24/2026,01:19:10: Negative sampling...
08/24/2026,01:19:12: Model's personal time...
08/24/2026,01:19:12: Training...
08/24/2026,01:19:13: Evaluating...
08/24/2026,01:19:13: 	Train Loss: 47.3370 (base: 47.3370, kd: 0.0000), Elapsed: train 2.66 test 0.47
08/24/2026,01:19:13: 	Recall@10: 0.04822 Recall@20: 0.06737 NDCG@10: 0.02738 NDCG@20: 0.03271 
08/24/2026,01:19:13: 	Recall@10: 0.02010 Recall@20: 0.03032 NDCG@10: 0.01125 NDCG@20: 0.01409 
08/24/2026,01:19:13: Epoch [221/1000]
08/24/2026,01:19:13: Negative sampling...
08/24/2026,01:19:15: Model's personal time...
08/24/2026,01:19:15: Training...
08/24/2026,01:19:15: Evaluating...
08/24/2026,01:19:16: 	Train Loss: 45.6568 (base: 45.6568, kd: 0.0000), Elapsed: train 2.11 test 0.39
08/24/2026,01:19:16: 	Recall@10: 0.04825 Recall@20: 0.06833 NDCG@10: 0.02755 NDCG@20: 0.03304 
08/24/2026,01:19:16: 	Recall@10: 0.02057 Recall@20: 0.03067 NDCG@10: 0.01146 NDCG@20: 0.01426 
08/24/2026,01:19:16: Epoch [222/1000]
08/24/2026,01:19:16: Negative sampling...
08/24/2026,01:19:17: Model's personal time...
08/24/2026,01:19:17: Training...
08/24/2026,01:19:18: Evaluating...
08/24/2026,01:19:18: 	Train Loss: 45.8357 (base: 45.8357, kd: 0.0000), Elapsed: train 2.21 test 0.39
08/24/2026,01:19:18: 	Recall@10: 0.04897 Recall@20: 0.06782 NDCG@10: 0.02768 NDCG@20: 0.03291 
08/24/2026,01:19:18: 	Recall@10: 0.02108 Recall@20: 0.03096 NDCG@10: 0.01159 NDCG@20: 0.01432 
08/24/2026,01:19:18: Epoch [223/1000]
08/24/2026,01:19:18: Negative sampling...
08/24/2026,01:19:20: Model's personal time...
08/24/2026,01:19:20: Training...
08/24/2026,01:19:21: Evaluating...
08/24/2026,01:19:21: 	Train Loss: 45.3454 (base: 45.3454, kd: 0.0000), Elapsed: train 2.17 test 0.39
08/24/2026,01:19:21: 	Recall@10: 0.04885 Recall@20: 0.06707 NDCG@10: 0.02766 NDCG@20: 0.03271 
08/24/2026,01:19:21: 	Recall@10: 0.02070 Recall@20: 0.03060 NDCG@10: 0.01156 NDCG@20: 0.01429 
08/24/2026,01:19:21: Epoch [224/1000]
08/24/2026,01:19:21: Negative sampling...
08/24/2026,01:19:22: Model's personal time...
08/24/2026,01:19:22: Training...
08/24/2026,01:19:23: Evaluating...
08/24/2026,01:19:23: 	Train Loss: 47.6487 (base: 47.6487, kd: 0.0000), Elapsed: train 2.10 test 0.39
08/24/2026,01:19:23: 	Recall@10: 0.04812 Recall@20: 0.06826 NDCG@10: 0.02720 NDCG@20: 0.03274 
08/24/2026,01:19:23: 	Recall@10: 0.02079 Recall@20: 0.03121 NDCG@10: 0.01137 NDCG@20: 0.01424 
08/24/2026,01:19:23: Epoch [225/1000]
08/24/2026,01:19:23: Negative sampling...
08/24/2026,01:19:25: Model's personal time...
08/24/2026,01:19:25: Training...
08/24/2026,01:19:26: Evaluating...
08/24/2026,01:19:26: 	Train Loss: 45.5977 (base: 45.5977, kd: 0.0000), Elapsed: train 2.30 test 0.48
08/24/2026,01:19:26: 	Recall@10: 0.04791 Recall@20: 0.06710 NDCG@10: 0.02724 NDCG@20: 0.03251 
08/24/2026,01:19:26: 	Recall@10: 0.02022 Recall@20: 0.03015 NDCG@10: 0.01120 NDCG@20: 0.01399 
08/24/2026,01:19:26: Epoch [226/1000]
08/24/2026,01:19:26: Negative sampling...
08/24/2026,01:19:28: Model's personal time...
08/24/2026,01:19:28: Training...
08/24/2026,01:19:29: Evaluating...
08/24/2026,01:19:29: 	Train Loss: 46.3755 (base: 46.3755, kd: 0.0000), Elapsed: train 2.48 test 0.40
08/24/2026,01:19:29: 	Recall@10: 0.04815 Recall@20: 0.06753 NDCG@10: 0.02705 NDCG@20: 0.03236 
08/24/2026,01:19:29: 	Recall@10: 0.02003 Recall@20: 0.03015 NDCG@10: 0.01115 NDCG@20: 0.01398 
08/24/2026,01:19:29: Epoch [227/1000]
08/24/2026,01:19:29: Negative sampling...
08/24/2026,01:19:30: Model's personal time...
08/24/2026,01:19:30: Training...
08/24/2026,01:19:31: Evaluating...
08/24/2026,01:19:32: 	Train Loss: 45.4863 (base: 45.4863, kd: 0.0000), Elapsed: train 2.23 test 0.40
08/24/2026,01:19:32: 	Recall@10: 0.04723 Recall@20: 0.06774 NDCG@10: 0.02696 NDCG@20: 0.03268 
08/24/2026,01:19:32: 	Recall@10: 0.02041 Recall@20: 0.02988 NDCG@10: 0.01109 NDCG@20: 0.01371 
08/24/2026,01:19:32: Epoch [228/1000]
08/24/2026,01:19:32: Negative sampling...
08/24/2026,01:19:33: Model's personal time...
08/24/2026,01:19:33: Training...
08/24/2026,01:19:34: Evaluating...
08/24/2026,01:19:34: 	Train Loss: 46.9244 (base: 46.9244, kd: 0.0000), Elapsed: train 2.21 test 0.39
08/24/2026,01:19:34: 	Recall@10: 0.04706 Recall@20: 0.06765 NDCG@10: 0.02692 NDCG@20: 0.03266 
08/24/2026,01:19:34: 	Recall@10: 0.02076 Recall@20: 0.02960 NDCG@10: 0.01132 NDCG@20: 0.01376 
08/24/2026,01:19:34: Epoch [229/1000]
08/24/2026,01:19:34: Negative sampling...
08/24/2026,01:19:36: Model's personal time...
08/24/2026,01:19:36: Training...
08/24/2026,01:19:36: Evaluating...
08/24/2026,01:19:37: 	Train Loss: 45.6268 (base: 45.6268, kd: 0.0000), Elapsed: train 2.06 test 0.38
08/24/2026,01:19:37: 	Recall@10: 0.04720 Recall@20: 0.06796 NDCG@10: 0.02760 NDCG@20: 0.03338 
08/24/2026,01:19:37: 	Recall@10: 0.02067 Recall@20: 0.02947 NDCG@10: 0.01147 NDCG@20: 0.01393 
08/24/2026,01:19:37: Epoch [230/1000]
08/24/2026,01:19:37: Negative sampling...
08/24/2026,01:19:38: Model's personal time...
08/24/2026,01:19:38: Training...
08/24/2026,01:19:39: Evaluating...
08/24/2026,01:19:39: 	Train Loss: 45.9145 (base: 45.9145, kd: 0.0000), Elapsed: train 2.21 test 0.40
08/24/2026,01:19:39: 	Recall@10: 0.04774 Recall@20: 0.06820 NDCG@10: 0.02769 NDCG@20: 0.03337 
08/24/2026,01:19:39: 	Recall@10: 0.02057 Recall@20: 0.02960 NDCG@10: 0.01138 NDCG@20: 0.01390 
08/24/2026,01:19:39: Epoch [231/1000]
08/24/2026,01:19:39: Negative sampling...
08/24/2026,01:19:41: Model's personal time...
08/24/2026,01:19:41: Training...
08/24/2026,01:19:42: Evaluating...
08/24/2026,01:19:42: 	Train Loss: 44.1641 (base: 44.1641, kd: 0.0000), Elapsed: train 2.14 test 0.39 *
08/24/2026,01:19:42: 	Recall@10: 0.04783 Recall@20: 0.06832 NDCG@10: 0.02780 NDCG@20: 0.03354 
08/24/2026,01:19:42: 	Recall@10: 0.02077 Recall@20: 0.03021 NDCG@10: 0.01158 NDCG@20: 0.01422 
08/24/2026,01:19:42: Epoch [232/1000]
08/24/2026,01:19:42: Negative sampling...
08/24/2026,01:19:43: Model's personal time...
08/24/2026,01:19:43: Training...
08/24/2026,01:19:44: Evaluating...
08/24/2026,01:19:45: 	Train Loss: 45.3350 (base: 45.3350, kd: 0.0000), Elapsed: train 2.19 test 0.39
08/24/2026,01:19:45: 	Recall@10: 0.04723 Recall@20: 0.06803 NDCG@10: 0.02751 NDCG@20: 0.03338 
08/24/2026,01:19:45: 	Recall@10: 0.02146 Recall@20: 0.03049 NDCG@10: 0.01172 NDCG@20: 0.01420 
08/24/2026,01:19:45: Epoch [233/1000]
08/24/2026,01:19:45: Negative sampling...
08/24/2026,01:19:46: Model's personal time...
08/24/2026,01:19:46: Training...
08/24/2026,01:19:47: Evaluating...
08/24/2026,01:19:47: 	Train Loss: 45.0245 (base: 45.0245, kd: 0.0000), Elapsed: train 2.23 test 0.39 *
08/24/2026,01:19:47: 	Recall@10: 0.04874 Recall@20: 0.06846 NDCG@10: 0.02809 NDCG@20: 0.03367 
08/24/2026,01:19:47: 	Recall@10: 0.02089 Recall@20: 0.03013 NDCG@10: 0.01145 NDCG@20: 0.01403 
08/24/2026,01:19:47: Epoch [234/1000]
08/24/2026,01:19:47: Negative sampling...
08/24/2026,01:19:49: Model's personal time...
08/24/2026,01:19:49: Training...
08/24/2026,01:19:49: Evaluating...
08/24/2026,01:19:50: 	Train Loss: 45.5124 (base: 45.5124, kd: 0.0000), Elapsed: train 2.10 test 0.40 *
08/24/2026,01:19:50: 	Recall@10: 0.04876 Recall@20: 0.06866 NDCG@10: 0.02817 NDCG@20: 0.03380 
08/24/2026,01:19:50: 	Recall@10: 0.02125 Recall@20: 0.03063 NDCG@10: 0.01160 NDCG@20: 0.01421 
08/24/2026,01:19:50: Epoch [235/1000]
08/24/2026,01:19:50: Negative sampling...
08/24/2026,01:19:51: Model's personal time...
08/24/2026,01:19:51: Training...
08/24/2026,01:19:52: Evaluating...
08/24/2026,01:19:52: 	Train Loss: 45.4320 (base: 45.4320, kd: 0.0000), Elapsed: train 2.19 test 0.39
08/24/2026,01:19:52: 	Recall@10: 0.04858 Recall@20: 0.06980 NDCG@10: 0.02772 NDCG@20: 0.03365 
08/24/2026,01:19:52: 	Recall@10: 0.02096 Recall@20: 0.03006 NDCG@10: 0.01155 NDCG@20: 0.01411 
08/24/2026,01:19:52: Epoch [236/1000]
08/24/2026,01:19:52: Negative sampling...
08/24/2026,01:19:54: Model's personal time...
08/24/2026,01:19:54: Training...
08/24/2026,01:19:54: Evaluating...
08/24/2026,01:19:55: 	Train Loss: 44.1514 (base: 44.1514, kd: 0.0000), Elapsed: train 2.11 test 0.40
08/24/2026,01:19:55: 	Recall@10: 0.04883 Recall@20: 0.06939 NDCG@10: 0.02754 NDCG@20: 0.03326 
08/24/2026,01:19:55: 	Recall@10: 0.02105 Recall@20: 0.02991 NDCG@10: 0.01142 NDCG@20: 0.01390 
08/24/2026,01:19:55: Epoch [237/1000]
08/24/2026,01:19:55: Negative sampling...
08/24/2026,01:19:56: Model's personal time...
08/24/2026,01:19:56: Training...
08/24/2026,01:19:57: Evaluating...
08/24/2026,01:19:57: 	Train Loss: 44.9080 (base: 44.9080, kd: 0.0000), Elapsed: train 2.21 test 0.40
08/24/2026,01:19:57: 	Recall@10: 0.04858 Recall@20: 0.07008 NDCG@10: 0.02753 NDCG@20: 0.03356 
08/24/2026,01:19:57: 	Recall@10: 0.02125 Recall@20: 0.03027 NDCG@10: 0.01162 NDCG@20: 0.01413 
08/24/2026,01:19:57: Epoch [238/1000]
08/24/2026,01:19:57: Negative sampling...
08/24/2026,01:19:59: Model's personal time...
08/24/2026,01:19:59: Training...
08/24/2026,01:20:00: Evaluating...
08/24/2026,01:20:00: 	Train Loss: 44.2291 (base: 44.2291, kd: 0.0000), Elapsed: train 2.22 test 0.40
08/24/2026,01:20:00: 	Recall@10: 0.04884 Recall@20: 0.06958 NDCG@10: 0.02764 NDCG@20: 0.03344 
08/24/2026,01:20:00: 	Recall@10: 0.02096 Recall@20: 0.03053 NDCG@10: 0.01156 NDCG@20: 0.01425 
08/24/2026,01:20:00: Epoch [239/1000]
08/24/2026,01:20:00: Negative sampling...
08/24/2026,01:20:01: Model's personal time...
08/24/2026,01:20:01: Training...
08/24/2026,01:20:02: Evaluating...
08/24/2026,01:20:03: 	Train Loss: 44.2475 (base: 44.2475, kd: 0.0000), Elapsed: train 2.13 test 0.40 *
08/24/2026,01:20:03: 	Recall@10: 0.04932 Recall@20: 0.07009 NDCG@10: 0.02804 NDCG@20: 0.03381 
08/24/2026,01:20:03: 	Recall@10: 0.02184 Recall@20: 0.03109 NDCG@10: 0.01196 NDCG@20: 0.01454 
08/24/2026,01:20:03: Epoch [240/1000]
08/24/2026,01:20:03: Negative sampling...
08/24/2026,01:20:04: Model's personal time...
08/24/2026,01:20:04: Training...
08/24/2026,01:20:05: Evaluating...
08/24/2026,01:20:05: 	Train Loss: 43.7803 (base: 43.7803, kd: 0.0000), Elapsed: train 2.24 test 0.40
08/24/2026,01:20:05: 	Recall@10: 0.04845 Recall@20: 0.07124 NDCG@10: 0.02751 NDCG@20: 0.03378 
08/24/2026,01:20:05: 	Recall@10: 0.02163 Recall@20: 0.03115 NDCG@10: 0.01183 NDCG@20: 0.01447 
08/24/2026,01:20:05: Epoch [241/1000]
08/24/2026,01:20:05: Negative sampling...
08/24/2026,01:20:07: Model's personal time...
08/24/2026,01:20:07: Training...
08/24/2026,01:20:07: Evaluating...
08/24/2026,01:20:08: 	Train Loss: 43.9886 (base: 43.9886, kd: 0.0000), Elapsed: train 2.11 test 0.39
08/24/2026,01:20:08: 	Recall@10: 0.04800 Recall@20: 0.07113 NDCG@10: 0.02741 NDCG@20: 0.03378 
08/24/2026,01:20:08: 	Recall@10: 0.02080 Recall@20: 0.03134 NDCG@10: 0.01157 NDCG@20: 0.01447 
08/24/2026,01:20:08: Epoch [242/1000]
08/24/2026,01:20:08: Negative sampling...
08/24/2026,01:20:09: Model's personal time...
08/24/2026,01:20:09: Training...
08/24/2026,01:20:10: Evaluating...
08/24/2026,01:20:10: 	Train Loss: 43.1560 (base: 43.1560, kd: 0.0000), Elapsed: train 2.21 test 0.39
08/24/2026,01:20:10: 	Recall@10: 0.04772 Recall@20: 0.06966 NDCG@10: 0.02731 NDCG@20: 0.03339 
08/24/2026,01:20:10: 	Recall@10: 0.02032 Recall@20: 0.03029 NDCG@10: 0.01151 NDCG@20: 0.01430 
08/24/2026,01:20:10: Epoch [243/1000]
08/24/2026,01:20:10: Negative sampling...
08/24/2026,01:20:12: Model's personal time...
08/24/2026,01:20:12: Training...
08/24/2026,01:20:12: Evaluating...
08/24/2026,01:20:13: 	Train Loss: 42.5061 (base: 42.5061, kd: 0.0000), Elapsed: train 2.19 test 0.40
08/24/2026,01:20:13: 	Recall@10: 0.04766 Recall@20: 0.06956 NDCG@10: 0.02717 NDCG@20: 0.03320 
08/24/2026,01:20:13: 	Recall@10: 0.02051 Recall@20: 0.03077 NDCG@10: 0.01149 NDCG@20: 0.01432 
08/24/2026,01:20:13: Epoch [244/1000]
08/24/2026,01:20:13: Negative sampling...
08/24/2026,01:20:14: Model's personal time...
08/24/2026,01:20:14: Training...
08/24/2026,01:20:15: Evaluating...
08/24/2026,01:20:16: 	Train Loss: 43.7301 (base: 43.7301, kd: 0.0000), Elapsed: train 2.14 test 0.49
08/24/2026,01:20:16: 	Recall@10: 0.04769 Recall@20: 0.07030 NDCG@10: 0.02715 NDCG@20: 0.03338 
08/24/2026,01:20:16: 	Recall@10: 0.02036 Recall@20: 0.03062 NDCG@10: 0.01150 NDCG@20: 0.01435 
08/24/2026,01:20:16: Epoch [245/1000]
08/24/2026,01:20:16: Negative sampling...
08/24/2026,01:20:17: Model's personal time...
08/24/2026,01:20:17: Training...
08/24/2026,01:20:18: Evaluating...
08/24/2026,01:20:19: 	Train Loss: 44.1340 (base: 44.1340, kd: 0.0000), Elapsed: train 2.73 test 0.48 *
08/24/2026,01:20:19: 	Recall@10: 0.04823 Recall@20: 0.07078 NDCG@10: 0.02780 NDCG@20: 0.03391 
08/24/2026,01:20:19: 	Recall@10: 0.02026 Recall@20: 0.03090 NDCG@10: 0.01139 NDCG@20: 0.01433 
08/24/2026,01:20:19: Epoch [246/1000]
08/24/2026,01:20:19: Negative sampling...
08/24/2026,01:20:20: Model's personal time...
08/24/2026,01:20:20: Training...
08/24/2026,01:20:21: Evaluating...
08/24/2026,01:20:21: 	Train Loss: 44.4553 (base: 44.4553, kd: 0.0000), Elapsed: train 2.31 test 0.39
08/24/2026,01:20:21: 	Recall@10: 0.04732 Recall@20: 0.07008 NDCG@10: 0.02725 NDCG@20: 0.03348 
08/24/2026,01:20:21: 	Recall@10: 0.01985 Recall@20: 0.02995 NDCG@10: 0.01120 NDCG@20: 0.01400 
08/24/2026,01:20:21: Epoch [247/1000]
08/24/2026,01:20:21: Negative sampling...
08/24/2026,01:20:23: Model's personal time...
08/24/2026,01:20:23: Training...
08/24/2026,01:20:24: Evaluating...
08/24/2026,01:20:24: 	Train Loss: 43.2055 (base: 43.2055, kd: 0.0000), Elapsed: train 2.21 test 0.53
08/24/2026,01:20:24: 	Recall@10: 0.04707 Recall@20: 0.06922 NDCG@10: 0.02730 NDCG@20: 0.03336 
08/24/2026,01:20:24: 	Recall@10: 0.01994 Recall@20: 0.03004 NDCG@10: 0.01112 NDCG@20: 0.01393 
08/24/2026,01:20:24: Epoch [248/1000]
08/24/2026,01:20:24: Negative sampling...
08/24/2026,01:20:26: Model's personal time...
08/24/2026,01:20:26: Training...
08/24/2026,01:20:27: Evaluating...
08/24/2026,01:20:27: 	Train Loss: 44.7588 (base: 44.7588, kd: 0.0000), Elapsed: train 2.71 test 0.48
08/24/2026,01:20:27: 	Recall@10: 0.04753 Recall@20: 0.06914 NDCG@10: 0.02722 NDCG@20: 0.03312 
08/24/2026,01:20:27: 	Recall@10: 0.01960 Recall@20: 0.03036 NDCG@10: 0.01105 NDCG@20: 0.01402 
08/24/2026,01:20:27: Epoch [249/1000]
08/24/2026,01:20:27: Negative sampling...
08/24/2026,01:20:29: Model's personal time...
08/24/2026,01:20:29: Training...
08/24/2026,01:20:29: Evaluating...
08/24/2026,01:20:30: 	Train Loss: 43.8480 (base: 43.8480, kd: 0.0000), Elapsed: train 2.11 test 0.40
08/24/2026,01:20:30: 	Recall@10: 0.04648 Recall@20: 0.06961 NDCG@10: 0.02688 NDCG@20: 0.03318 
08/24/2026,01:20:30: 	Recall@10: 0.01976 Recall@20: 0.03129 NDCG@10: 0.01117 NDCG@20: 0.01432 
08/24/2026,01:20:30: Epoch [250/1000]
08/24/2026,01:20:30: Negative sampling...
08/24/2026,01:20:31: Model's personal time...
08/24/2026,01:20:31: Training...
08/24/2026,01:20:32: Evaluating...
08/24/2026,01:20:32: 	Train Loss: 43.2544 (base: 43.2544, kd: 0.0000), Elapsed: train 2.22 test 0.40
08/24/2026,01:20:32: 	Recall@10: 0.04640 Recall@20: 0.06965 NDCG@10: 0.02665 NDCG@20: 0.03305 
08/24/2026,01:20:32: 	Recall@10: 0.01985 Recall@20: 0.03109 NDCG@10: 0.01138 NDCG@20: 0.01447 
08/24/2026,01:20:32: Epoch [251/1000]
08/24/2026,01:20:32: Negative sampling...
08/24/2026,01:20:34: Model's personal time...
08/24/2026,01:20:34: Training...
08/24/2026,01:20:35: Evaluating...
08/24/2026,01:20:35: 	Train Loss: 42.3781 (base: 42.3781, kd: 0.0000), Elapsed: train 2.11 test 0.40
08/24/2026,01:20:35: 	Recall@10: 0.04694 Recall@20: 0.06931 NDCG@10: 0.02681 NDCG@20: 0.03294 
08/24/2026,01:20:35: 	Recall@10: 0.01985 Recall@20: 0.03093 NDCG@10: 0.01132 NDCG@20: 0.01438 
08/24/2026,01:20:35: Epoch [252/1000]
08/24/2026,01:20:35: Negative sampling...
08/24/2026,01:20:36: Model's personal time...
08/24/2026,01:20:36: Training...
08/24/2026,01:20:37: Evaluating...
08/24/2026,01:20:38: 	Train Loss: 43.4065 (base: 43.4065, kd: 0.0000), Elapsed: train 2.22 test 0.41
08/24/2026,01:20:38: 	Recall@10: 0.04677 Recall@20: 0.06847 NDCG@10: 0.02666 NDCG@20: 0.03267 
08/24/2026,01:20:38: 	Recall@10: 0.02020 Recall@20: 0.03143 NDCG@10: 0.01113 NDCG@20: 0.01420 
08/24/2026,01:20:38: Epoch [253/1000]
08/24/2026,01:20:38: Negative sampling...
08/24/2026,01:20:39: Model's personal time...
08/24/2026,01:20:39: Training...
08/24/2026,01:20:40: Evaluating...
08/24/2026,01:20:40: 	Train Loss: 42.6946 (base: 42.6946, kd: 0.0000), Elapsed: train 2.22 test 0.40
08/24/2026,01:20:40: 	Recall@10: 0.04598 Recall@20: 0.06729 NDCG@10: 0.02646 NDCG@20: 0.03238 
08/24/2026,01:20:40: 	Recall@10: 0.02010 Recall@20: 0.03085 NDCG@10: 0.01101 NDCG@20: 0.01395 
08/24/2026,01:20:40: Epoch [254/1000]
08/24/2026,01:20:40: Negative sampling...
08/24/2026,01:20:42: Model's personal time...
08/24/2026,01:20:42: Training...
08/24/2026,01:20:42: Evaluating...
08/24/2026,01:20:43: 	Train Loss: 41.1846 (base: 41.1846, kd: 0.0000), Elapsed: train 2.16 test 0.46
08/24/2026,01:20:43: 	Recall@10: 0.04597 Recall@20: 0.06655 NDCG@10: 0.02643 NDCG@20: 0.03220 
08/24/2026,01:20:43: 	Recall@10: 0.02001 Recall@20: 0.03072 NDCG@10: 0.01111 NDCG@20: 0.01405 
08/24/2026,01:20:43: Epoch [255/1000]
08/24/2026,01:20:43: Negative sampling...
08/24/2026,01:20:45: Model's personal time...
08/24/2026,01:20:45: Training...
08/24/2026,01:20:46: Evaluating...
08/24/2026,01:20:46: 	Train Loss: 43.1952 (base: 43.1952, kd: 0.0000), Elapsed: train 2.76 test 0.52
08/24/2026,01:20:46: 	Recall@10: 0.04622 Recall@20: 0.06725 NDCG@10: 0.02616 NDCG@20: 0.03199 
08/24/2026,01:20:46: 	Recall@10: 0.02020 Recall@20: 0.03043 NDCG@10: 0.01109 NDCG@20: 0.01389 
08/24/2026,01:20:46: Epoch [256/1000]
08/24/2026,01:20:46: Negative sampling...
08/24/2026,01:20:47: Model's personal time...
08/24/2026,01:20:47: Training...
08/24/2026,01:20:48: Evaluating...
08/24/2026,01:20:49: 	Train Loss: 41.8084 (base: 41.8084, kd: 0.0000), Elapsed: train 2.15 test 0.40
08/24/2026,01:20:49: 	Recall@10: 0.04666 Recall@20: 0.06803 NDCG@10: 0.02621 NDCG@20: 0.03215 
08/24/2026,01:20:49: 	Recall@10: 0.02010 Recall@20: 0.03048 NDCG@10: 0.01085 NDCG@20: 0.01367 
08/24/2026,01:20:49: Epoch [257/1000]
08/24/2026,01:20:49: Negative sampling...
08/24/2026,01:20:50: Model's personal time...
08/24/2026,01:20:50: Training...
08/24/2026,01:20:51: Evaluating...
08/24/2026,01:20:51: 	Train Loss: 40.3041 (base: 40.3041, kd: 0.0000), Elapsed: train 2.24 test 0.41
08/24/2026,01:20:51: 	Recall@10: 0.04634 Recall@20: 0.06827 NDCG@10: 0.02591 NDCG@20: 0.03199 
08/24/2026,01:20:51: 	Recall@10: 0.01950 Recall@20: 0.03003 NDCG@10: 0.01053 NDCG@20: 0.01337 
08/24/2026,01:20:51: Epoch [258/1000]
08/24/2026,01:20:51: Negative sampling...
08/24/2026,01:20:53: Model's personal time...
08/24/2026,01:20:53: Training...
08/24/2026,01:20:54: Evaluating...
08/24/2026,01:20:54: 	Train Loss: 42.3592 (base: 42.3592, kd: 0.0000), Elapsed: train 2.31 test 0.40
08/24/2026,01:20:54: 	Recall@10: 0.04687 Recall@20: 0.06742 NDCG@10: 0.02621 NDCG@20: 0.03191 
08/24/2026,01:20:54: 	Recall@10: 0.01950 Recall@20: 0.03010 NDCG@10: 0.01061 NDCG@20: 0.01348 
08/24/2026,01:20:54: Epoch [259/1000]
08/24/2026,01:20:54: Negative sampling...
08/24/2026,01:20:55: Model's personal time...
08/24/2026,01:20:55: Training...
08/24/2026,01:20:56: Evaluating...
08/24/2026,01:20:57: 	Train Loss: 41.8700 (base: 41.8700, kd: 0.0000), Elapsed: train 2.13 test 0.41
08/24/2026,01:20:57: 	Recall@10: 0.04667 Recall@20: 0.06713 NDCG@10: 0.02607 NDCG@20: 0.03174 
08/24/2026,01:20:57: 	Recall@10: 0.01985 Recall@20: 0.02991 NDCG@10: 0.01071 NDCG@20: 0.01347 
08/24/2026,01:20:57: Epoch [260/1000]
08/24/2026,01:20:57: Negative sampling...
08/24/2026,01:20:58: Model's personal time...
08/24/2026,01:20:58: Training...
08/24/2026,01:20:59: Evaluating...
08/24/2026,01:20:59: 	Train Loss: 42.3878 (base: 42.3878, kd: 0.0000), Elapsed: train 2.27 test 0.40
08/24/2026,01:20:59: 	Recall@10: 0.04681 Recall@20: 0.06745 NDCG@10: 0.02624 NDCG@20: 0.03192 
08/24/2026,01:20:59: 	Recall@10: 0.01937 Recall@20: 0.03076 NDCG@10: 0.01066 NDCG@20: 0.01378 
08/24/2026,01:20:59: Epoch [261/1000]
08/24/2026,01:20:59: Negative sampling...
08/24/2026,01:21:01: Model's personal time...
08/24/2026,01:21:01: Training...
08/24/2026,01:21:01: Evaluating...
08/24/2026,01:21:02: 	Train Loss: 41.3163 (base: 41.3163, kd: 0.0000), Elapsed: train 2.15 test 0.41
08/24/2026,01:21:02: 	Recall@10: 0.04729 Recall@20: 0.06781 NDCG@10: 0.02604 NDCG@20: 0.03170 
08/24/2026,01:21:02: 	Recall@10: 0.01934 Recall@20: 0.03031 NDCG@10: 0.01065 NDCG@20: 0.01368 
08/24/2026,01:21:02: Epoch [262/1000]
08/24/2026,01:21:02: Negative sampling...
08/24/2026,01:21:03: Model's personal time...
08/24/2026,01:21:03: Training...
08/24/2026,01:21:04: Evaluating...
08/24/2026,01:21:04: 	Train Loss: 41.8890 (base: 41.8890, kd: 0.0000), Elapsed: train 2.24 test 0.40
08/24/2026,01:21:04: 	Recall@10: 0.04743 Recall@20: 0.06857 NDCG@10: 0.02643 NDCG@20: 0.03227 
08/24/2026,01:21:04: 	Recall@10: 0.01905 Recall@20: 0.03076 NDCG@10: 0.01065 NDCG@20: 0.01389 
08/24/2026,01:21:04: Epoch [263/1000]
08/24/2026,01:21:04: Negative sampling...
08/24/2026,01:21:06: Model's personal time...
08/24/2026,01:21:06: Training...
08/24/2026,01:21:07: Evaluating...
08/24/2026,01:21:07: 	Train Loss: 41.2906 (base: 41.2906, kd: 0.0000), Elapsed: train 2.23 test 0.41
08/24/2026,01:21:07: 	Recall@10: 0.04730 Recall@20: 0.06903 NDCG@10: 0.02650 NDCG@20: 0.03253 
08/24/2026,01:21:07: 	Recall@10: 0.01905 Recall@20: 0.03081 NDCG@10: 0.01076 NDCG@20: 0.01403 
08/24/2026,01:21:07: Epoch [264/1000]
08/24/2026,01:21:07: Negative sampling...
08/24/2026,01:21:08: Model's personal time...
08/24/2026,01:21:08: Training...
08/24/2026,01:21:09: Evaluating...
08/24/2026,01:21:10: 	Train Loss: 41.9554 (base: 41.9554, kd: 0.0000), Elapsed: train 2.14 test 0.40
08/24/2026,01:21:10: 	Recall@10: 0.04725 Recall@20: 0.06880 NDCG@10: 0.02640 NDCG@20: 0.03239 
08/24/2026,01:21:10: 	Recall@10: 0.01937 Recall@20: 0.02995 NDCG@10: 0.01075 NDCG@20: 0.01371 
08/24/2026,01:21:10: Epoch [265/1000]
08/24/2026,01:21:10: Negative sampling...
08/24/2026,01:21:11: Model's personal time...
08/24/2026,01:21:11: Training...
08/24/2026,01:21:12: Evaluating...
08/24/2026,01:21:12: 	Train Loss: 41.6021 (base: 41.6021, kd: 0.0000), Elapsed: train 2.25 test 0.49
08/24/2026,01:21:12: 	Recall@10: 0.04796 Recall@20: 0.06839 NDCG@10: 0.02671 NDCG@20: 0.03239 
08/24/2026,01:21:12: 	Recall@10: 0.01975 Recall@20: 0.03042 NDCG@10: 0.01086 NDCG@20: 0.01385 
08/24/2026,01:21:12: Epoch [266/1000]
08/24/2026,01:21:12: Negative sampling...
08/24/2026,01:21:14: Model's personal time...
08/24/2026,01:21:14: Training...
08/24/2026,01:21:15: Evaluating...
08/24/2026,01:21:15: 	Train Loss: 41.3166 (base: 41.3166, kd: 0.0000), Elapsed: train 2.60 test 0.45
08/24/2026,01:21:15: 	Recall@10: 0.04733 Recall@20: 0.06843 NDCG@10: 0.02664 NDCG@20: 0.03252 
08/24/2026,01:21:15: 	Recall@10: 0.01988 Recall@20: 0.03055 NDCG@10: 0.01087 NDCG@20: 0.01382 
08/24/2026,01:21:15: Epoch [267/1000]
08/24/2026,01:21:15: Negative sampling...
08/24/2026,01:21:17: Model's personal time...
08/24/2026,01:21:17: Training...
08/24/2026,01:21:18: Evaluating...
08/24/2026,01:21:18: 	Train Loss: 41.7703 (base: 41.7703, kd: 0.0000), Elapsed: train 2.24 test 0.40
08/24/2026,01:21:18: 	Recall@10: 0.04723 Recall@20: 0.06824 NDCG@10: 0.02678 NDCG@20: 0.03263 
08/24/2026,01:21:18: 	Recall@10: 0.02103 Recall@20: 0.03017 NDCG@10: 0.01129 NDCG@20: 0.01382 
08/24/2026,01:21:18: Epoch [268/1000]
08/24/2026,01:21:18: Negative sampling...
08/24/2026,01:21:19: Model's personal time...
08/24/2026,01:21:19: Training...
08/24/2026,01:21:20: Evaluating...
08/24/2026,01:21:21: 	Train Loss: 40.5863 (base: 40.5863, kd: 0.0000), Elapsed: train 2.27 test 0.48
08/24/2026,01:21:21: 	Recall@10: 0.04777 Recall@20: 0.06799 NDCG@10: 0.02718 NDCG@20: 0.03282 
08/24/2026,01:21:21: 	Recall@10: 0.02094 Recall@20: 0.03098 NDCG@10: 0.01129 NDCG@20: 0.01404 
08/24/2026,01:21:21: Epoch [269/1000]
08/24/2026,01:21:21: Negative sampling...
08/24/2026,01:21:22: Model's personal time...
08/24/2026,01:21:22: Training...
08/24/2026,01:21:23: Evaluating...
08/24/2026,01:21:24: 	Train Loss: 40.9520 (base: 40.9520, kd: 0.0000), Elapsed: train 2.60 test 0.48
08/24/2026,01:21:24: 	Recall@10: 0.04788 Recall@20: 0.06927 NDCG@10: 0.02739 NDCG@20: 0.03334 
08/24/2026,01:21:24: 	Recall@10: 0.02080 Recall@20: 0.03084 NDCG@10: 0.01128 NDCG@20: 0.01404 
08/24/2026,01:21:24: Epoch [270/1000]
08/24/2026,01:21:24: Negative sampling...
08/24/2026,01:21:25: Model's personal time...
08/24/2026,01:21:25: Training...
08/24/2026,01:21:26: Evaluating...
08/24/2026,01:21:27: 	Train Loss: 39.6654 (base: 39.6654, kd: 0.0000), Elapsed: train 2.23 test 0.39
08/24/2026,01:21:27: 	Recall@10: 0.04805 Recall@20: 0.06970 NDCG@10: 0.02748 NDCG@20: 0.03343 
08/24/2026,01:21:27: 	Recall@10: 0.02119 Recall@20: 0.03128 NDCG@10: 0.01146 NDCG@20: 0.01420 
08/24/2026,01:21:27: Epoch [271/1000]
08/24/2026,01:21:27: Negative sampling...
08/24/2026,01:21:28: Model's personal time...
08/24/2026,01:21:28: Training...
08/24/2026,01:21:29: Evaluating...
08/24/2026,01:21:29: 	Train Loss: 40.2298 (base: 40.2298, kd: 0.0000), Elapsed: train 2.13 test 0.40
08/24/2026,01:21:29: 	Recall@10: 0.04841 Recall@20: 0.06885 NDCG@10: 0.02754 NDCG@20: 0.03316 
08/24/2026,01:21:29: 	Recall@10: 0.02145 Recall@20: 0.03090 NDCG@10: 0.01151 NDCG@20: 0.01408 
08/24/2026,01:21:29: Epoch [272/1000]
08/24/2026,01:21:29: Negative sampling...
08/24/2026,01:21:30: Model's personal time...
08/24/2026,01:21:30: Training...
08/24/2026,01:21:31: Evaluating...
08/24/2026,01:21:32: 	Train Loss: 40.1695 (base: 40.1695, kd: 0.0000), Elapsed: train 2.22 test 0.41
08/24/2026,01:21:32: 	Recall@10: 0.04781 Recall@20: 0.06978 NDCG@10: 0.02733 NDCG@20: 0.03337 
08/24/2026,01:21:32: 	Recall@10: 0.02135 Recall@20: 0.03065 NDCG@10: 0.01166 NDCG@20: 0.01422 
08/24/2026,01:21:32: Epoch [273/1000]
08/24/2026,01:21:32: Negative sampling...
08/24/2026,01:21:33: Model's personal time...
08/24/2026,01:21:33: Training...
08/24/2026,01:21:34: Evaluating...
08/24/2026,01:21:34: 	Train Loss: 41.3112 (base: 41.3112, kd: 0.0000), Elapsed: train 2.21 test 0.40
08/24/2026,01:21:34: 	Recall@10: 0.04853 Recall@20: 0.06924 NDCG@10: 0.02747 NDCG@20: 0.03321 
08/24/2026,01:21:34: 	Recall@10: 0.02087 Recall@20: 0.03062 NDCG@10: 0.01129 NDCG@20: 0.01397 
08/24/2026,01:21:34: Epoch [274/1000]
08/24/2026,01:21:34: Negative sampling...
08/24/2026,01:21:36: Model's personal time...
08/24/2026,01:21:36: Training...
08/24/2026,01:21:36: Evaluating...
08/24/2026,01:21:37: 	Train Loss: 41.2187 (base: 41.2187, kd: 0.0000), Elapsed: train 2.10 test 0.39
08/24/2026,01:21:37: 	Recall@10: 0.04803 Recall@20: 0.06938 NDCG@10: 0.02716 NDCG@20: 0.03308 
08/24/2026,01:21:37: 	Recall@10: 0.01991 Recall@20: 0.03000 NDCG@10: 0.01093 NDCG@20: 0.01372 
08/24/2026,01:21:37: Epoch [275/1000]
08/24/2026,01:21:37: Negative sampling...
08/24/2026,01:21:38: Model's personal time...
08/24/2026,01:21:38: Training...
08/24/2026,01:21:39: Evaluating...
08/24/2026,01:21:39: 	Train Loss: 40.0071 (base: 40.0071, kd: 0.0000), Elapsed: train 2.20 test 0.39
08/24/2026,01:21:39: 	Recall@10: 0.04814 Recall@20: 0.06826 NDCG@10: 0.02685 NDCG@20: 0.03246 
08/24/2026,01:21:39: 	Recall@10: 0.01991 Recall@20: 0.03044 NDCG@10: 0.01100 NDCG@20: 0.01387 
08/24/2026,01:21:39: ------------------------------
08/24/2026,01:21:39: valid Recall@10: 0.04823 Recall@20: 0.07078 NDCG@10: 0.02780 NDCG@20: 0.03391
08/24/2026,01:21:39: test Recall@10: 0.02026 Recall@20: 0.03090 NDCG@10: 0.01139 NDCG@20: 0.01433
