----------------------------------------TEACHER----------------------------------------
init_std                                 0.01
embedding_dim                            400
----------------------------------------TEACHER----------------------------------------
----------------------------------------STUDENT----------------------------------------
init_std                                 0.01
embedding_dim                            20
----------------------------------------STUDENT----------------------------------------
----------------------------------------ARGUMENTS----------------------------------------
run_all                                  False
seed                                     0
gpu_id                                   0
no_log                                   False
no_save                                  False
suffix                                   ab_seed0_es20
verbose                                  False
ablation                                 False
task                                     rec
dataset                                  citeulike
batch_size                               2048
num_ns                                   1
neg_sampling_on_all                      False
T_backbone                               bpr
S_backbone                               bpr
model                                    srcekd
preload                                  False
postsave                                 False
train_teacher                            False
ckpt_interval                            -1
epochs                                   1000
lr                                       0.001
wd                                       1e-05
lmbda                                    500
srce_alpha                               1
srce_s                                   20
srce_eta                                 1
srce_Lu                                  20
eval_period                              1
K_list                                   [10, 20]
early_stop_metric                        NDCG
early_stop_K                             20
early_stop_patience                      30
LOG_DIR                                  logs/
CONFIG_DIR                               configs/
DATA_DIR                                 data/
CKPT_DIR                                 checkpoints/
CRAFT_DIR                                crafts/
mkd_tau                                  1
mkd_K                                    50
mkd_L                                    50
mkd_T                                    10
mkd_mxK                                  200
----------------------------------------ARGUMENTS----------------------------------------
----------------------------------------Teacher----------------------------------------
09/04/2026,18:15:42: ------------------------------
09/04/2026,18:15:42: valid Recall@10: 0.06778 Recall@20: 0.10315 NDCG@10: 0.04052 NDCG@20: 0.05027
09/04/2026,18:15:42: test Recall@10: 0.02747 Recall@20: 0.04385 NDCG@10: 0.01551 NDCG@20: 0.02003
----------------------------------------------------------------------------------------
09/04/2026,18:15:42: Epoch [1/1000]
09/04/2026,18:15:42: Negative sampling...
09/04/2026,18:15:43: Model's personal time...
09/04/2026,18:15:43: Training...
09/04/2026,18:15:45: Evaluating...
09/04/2026,18:15:45: 	Train Loss: 5073499.5000 (base: 1390.5825, kd: 10144.2178), Elapsed: train 2.82 test 0.43 *
09/04/2026,18:15:45: 	Recall@10: 0.01304 Recall@20: 0.02073 NDCG@10: 0.00810 NDCG@20: 0.01018 
09/04/2026,18:15:45: 	Recall@10: 0.00550 Recall@20: 0.00917 NDCG@10: 0.00359 NDCG@20: 0.00465 
09/04/2026,18:15:45: Epoch [2/1000]
09/04/2026,18:15:45: Negative sampling...
09/04/2026,18:15:46: Model's personal time...
09/04/2026,18:15:47: Training...
09/04/2026,18:15:48: Evaluating...
09/04/2026,18:15:48: 	Train Loss: 4930824.5000 (base: 1377.8818, kd: 9858.8936), Elapsed: train 2.86 test 0.41 *
09/04/2026,18:15:48: 	Recall@10: 0.03343 Recall@20: 0.05196 NDCG@10: 0.02125 NDCG@20: 0.02619 
09/04/2026,18:15:48: 	Recall@10: 0.01326 Recall@20: 0.02440 NDCG@10: 0.00786 NDCG@20: 0.01086 
09/04/2026,18:15:48: Epoch [3/1000]
09/04/2026,18:15:48: Negative sampling...
09/04/2026,18:15:50: Model's personal time...
09/04/2026,18:15:50: Training...
09/04/2026,18:15:51: Evaluating...
09/04/2026,18:15:51: 	Train Loss: 4842375.0000 (base: 1351.9854, kd: 9682.0459), Elapsed: train 2.40 test 0.41 *
09/04/2026,18:15:51: 	Recall@10: 0.03476 Recall@20: 0.05225 NDCG@10: 0.02234 NDCG@20: 0.02702 
09/04/2026,18:15:51: 	Recall@10: 0.01388 Recall@20: 0.02257 NDCG@10: 0.00787 NDCG@20: 0.01029 
09/04/2026,18:15:51: Epoch [4/1000]
09/04/2026,18:15:51: Negative sampling...
09/04/2026,18:15:52: Model's personal time...
09/04/2026,18:15:53: Training...
09/04/2026,18:15:54: Evaluating...
09/04/2026,18:15:54: 	Train Loss: 4803044.5000 (base: 1320.2058, kd: 9603.4492), Elapsed: train 2.52 test 0.43 *
09/04/2026,18:15:54: 	Recall@10: 0.03983 Recall@20: 0.06466 NDCG@10: 0.02510 NDCG@20: 0.03173 
09/04/2026,18:15:54: 	Recall@10: 0.01574 Recall@20: 0.02714 NDCG@10: 0.00905 NDCG@20: 0.01212 
09/04/2026,18:15:54: Epoch [5/1000]
09/04/2026,18:15:54: Negative sampling...
09/04/2026,18:15:55: Model's personal time...
09/04/2026,18:15:55: Training...
09/04/2026,18:15:57: Evaluating...
09/04/2026,18:15:57: 	Train Loss: 4719491.5000 (base: 1279.4033, kd: 9436.4248), Elapsed: train 2.52 test 0.43
09/04/2026,18:15:57: 	Recall@10: 0.04283 Recall@20: 0.06278 NDCG@10: 0.02571 NDCG@20: 0.03122 
09/04/2026,18:15:57: 	Recall@10: 0.01655 Recall@20: 0.02678 NDCG@10: 0.00888 NDCG@20: 0.01169 
09/04/2026,18:15:57: Epoch [6/1000]
09/04/2026,18:15:57: Negative sampling...
09/04/2026,18:15:58: Model's personal time...
09/04/2026,18:15:58: Training...
09/04/2026,18:16:00: Evaluating...
09/04/2026,18:16:00: 	Train Loss: 4648620.5000 (base: 1234.0770, kd: 9294.7725), Elapsed: train 2.60 test 0.43 *
09/04/2026,18:16:00: 	Recall@10: 0.04349 Recall@20: 0.06724 NDCG@10: 0.02616 NDCG@20: 0.03268 
09/04/2026,18:16:00: 	Recall@10: 0.01673 Recall@20: 0.02667 NDCG@10: 0.00907 NDCG@20: 0.01181 
09/04/2026,18:16:00: Epoch [7/1000]
09/04/2026,18:16:00: Negative sampling...
09/04/2026,18:16:01: Model's personal time...
09/04/2026,18:16:01: Training...
09/04/2026,18:16:03: Evaluating...
09/04/2026,18:16:03: 	Train Loss: 4578306.5000 (base: 1183.3265, kd: 9154.2471), Elapsed: train 2.61 test 0.42
09/04/2026,18:16:03: 	Recall@10: 0.04599 Recall@20: 0.06464 NDCG@10: 0.02706 NDCG@20: 0.03227 
09/04/2026,18:16:03: 	Recall@10: 0.01697 Recall@20: 0.02808 NDCG@10: 0.00901 NDCG@20: 0.01200 
09/04/2026,18:16:03: Epoch [8/1000]
09/04/2026,18:16:03: Negative sampling...
09/04/2026,18:16:04: Model's personal time...
09/04/2026,18:16:05: Training...
09/04/2026,18:16:06: Evaluating...
09/04/2026,18:16:06: 	Train Loss: 4515737.0000 (base: 1130.1779, kd: 9029.2139), Elapsed: train 2.63 test 0.41 *
09/04/2026,18:16:06: 	Recall@10: 0.04591 Recall@20: 0.07222 NDCG@10: 0.02723 NDCG@20: 0.03443 
09/04/2026,18:16:06: 	Recall@10: 0.01697 Recall@20: 0.02737 NDCG@10: 0.00908 NDCG@20: 0.01189 
09/04/2026,18:16:06: Epoch [9/1000]
09/04/2026,18:16:06: Negative sampling...
09/04/2026,18:16:07: Model's personal time...
09/04/2026,18:16:08: Training...
09/04/2026,18:16:08: Evaluating...
09/04/2026,18:16:09: 	Train Loss: 4465781.5000 (base: 1077.2687, kd: 8929.4082), Elapsed: train 2.44 test 0.44
09/04/2026,18:16:09: 	Recall@10: 0.04883 Recall@20: 0.06927 NDCG@10: 0.02863 NDCG@20: 0.03432 
09/04/2026,18:16:09: 	Recall@10: 0.01782 Recall@20: 0.02912 NDCG@10: 0.00939 NDCG@20: 0.01242 
09/04/2026,18:16:09: Epoch [10/1000]
09/04/2026,18:16:09: Negative sampling...
09/04/2026,18:16:10: Model's personal time...
09/04/2026,18:16:10: Training...
09/04/2026,18:16:11: Evaluating...
09/04/2026,18:16:12: 	Train Loss: 4415955.0000 (base: 1022.1334, kd: 8829.8662), Elapsed: train 2.51 test 0.41 *
09/04/2026,18:16:12: 	Recall@10: 0.04917 Recall@20: 0.07250 NDCG@10: 0.02882 NDCG@20: 0.03527 
09/04/2026,18:16:12: 	Recall@10: 0.01772 Recall@20: 0.02880 NDCG@10: 0.00964 NDCG@20: 0.01276 
09/04/2026,18:16:12: Epoch [11/1000]
09/04/2026,18:16:12: Negative sampling...
09/04/2026,18:16:13: Model's personal time...
09/04/2026,18:16:13: Training...
09/04/2026,18:16:14: Evaluating...
09/04/2026,18:16:15: 	Train Loss: 4375314.0000 (base: 971.5880, kd: 8748.6846), Elapsed: train 2.64 test 0.44 *
09/04/2026,18:16:15: 	Recall@10: 0.05005 Recall@20: 0.07476 NDCG@10: 0.02952 NDCG@20: 0.03626 
09/04/2026,18:16:15: 	Recall@10: 0.01835 Recall@20: 0.02914 NDCG@10: 0.00985 NDCG@20: 0.01275 
09/04/2026,18:16:15: Epoch [12/1000]
09/04/2026,18:16:15: Negative sampling...
09/04/2026,18:16:16: Model's personal time...
09/04/2026,18:16:16: Training...
09/04/2026,18:16:18: Evaluating...
09/04/2026,18:16:18: 	Train Loss: 4336988.5000 (base: 921.9597, kd: 8672.1338), Elapsed: train 2.66 test 0.52 *
09/04/2026,18:16:18: 	Recall@10: 0.05198 Recall@20: 0.07778 NDCG@10: 0.03030 NDCG@20: 0.03741 
09/04/2026,18:16:18: 	Recall@10: 0.01900 Recall@20: 0.03093 NDCG@10: 0.01031 NDCG@20: 0.01360 
09/04/2026,18:16:18: Epoch [13/1000]
09/04/2026,18:16:18: Negative sampling...
09/04/2026,18:16:20: Model's personal time...
09/04/2026,18:16:20: Training...
09/04/2026,18:16:21: Evaluating...
09/04/2026,18:16:21: 	Train Loss: 4304505.0000 (base: 877.0222, kd: 8607.2559), Elapsed: train 2.55 test 0.41 *
09/04/2026,18:16:21: 	Recall@10: 0.05234 Recall@20: 0.07849 NDCG@10: 0.03144 NDCG@20: 0.03851 
09/04/2026,18:16:21: 	Recall@10: 0.01966 Recall@20: 0.03223 NDCG@10: 0.01061 NDCG@20: 0.01406 
09/04/2026,18:16:21: Epoch [14/1000]
09/04/2026,18:16:21: Negative sampling...
09/04/2026,18:16:22: Model's personal time...
09/04/2026,18:16:23: Training...
09/04/2026,18:16:24: Evaluating...
09/04/2026,18:16:24: 	Train Loss: 4275684.0000 (base: 833.6592, kd: 8549.7012), Elapsed: train 2.59 test 0.43 *
09/04/2026,18:16:24: 	Recall@10: 0.05400 Recall@20: 0.08127 NDCG@10: 0.03209 NDCG@20: 0.03956 
09/04/2026,18:16:24: 	Recall@10: 0.01994 Recall@20: 0.03155 NDCG@10: 0.01084 NDCG@20: 0.01404 
09/04/2026,18:16:24: Epoch [15/1000]
09/04/2026,18:16:24: Negative sampling...
09/04/2026,18:16:25: Model's personal time...
09/04/2026,18:16:26: Training...
09/04/2026,18:16:27: Evaluating...
09/04/2026,18:16:27: 	Train Loss: 4248542.0000 (base: 791.6251, kd: 8495.5000), Elapsed: train 2.68 test 0.40 *
09/04/2026,18:16:27: 	Recall@10: 0.05475 Recall@20: 0.08198 NDCG@10: 0.03296 NDCG@20: 0.04044 
09/04/2026,18:16:27: 	Recall@10: 0.02023 Recall@20: 0.03270 NDCG@10: 0.01100 NDCG@20: 0.01443 
09/04/2026,18:16:27: Epoch [16/1000]
09/04/2026,18:16:27: Negative sampling...
09/04/2026,18:16:29: Model's personal time...
09/04/2026,18:16:29: Training...
09/04/2026,18:16:30: Evaluating...
09/04/2026,18:16:30: 	Train Loss: 4225252.5000 (base: 755.1957, kd: 8448.9941), Elapsed: train 2.38 test 0.49 *
09/04/2026,18:16:30: 	Recall@10: 0.05517 Recall@20: 0.08455 NDCG@10: 0.03312 NDCG@20: 0.04118 
09/04/2026,18:16:30: 	Recall@10: 0.02053 Recall@20: 0.03382 NDCG@10: 0.01139 NDCG@20: 0.01501 
09/04/2026,18:16:30: Epoch [17/1000]
09/04/2026,18:16:30: Negative sampling...
09/04/2026,18:16:31: Model's personal time...
09/04/2026,18:16:32: Training...
09/04/2026,18:16:33: Evaluating...
09/04/2026,18:16:33: 	Train Loss: 4203833.0000 (base: 720.6761, kd: 8406.2246), Elapsed: train 2.75 test 0.45 *
09/04/2026,18:16:33: 	Recall@10: 0.05673 Recall@20: 0.08508 NDCG@10: 0.03422 NDCG@20: 0.04202 
09/04/2026,18:16:33: 	Recall@10: 0.02186 Recall@20: 0.03459 NDCG@10: 0.01182 NDCG@20: 0.01526 
09/04/2026,18:16:33: Epoch [18/1000]
09/04/2026,18:16:33: Negative sampling...
09/04/2026,18:16:35: Model's personal time...
09/04/2026,18:16:35: Training...
09/04/2026,18:16:36: Evaluating...
09/04/2026,18:16:36: 	Train Loss: 4182988.2500 (base: 691.7206, kd: 8364.5928), Elapsed: train 2.53 test 0.41 *
09/04/2026,18:16:36: 	Recall@10: 0.05690 Recall@20: 0.08691 NDCG@10: 0.03419 NDCG@20: 0.04231 
09/04/2026,18:16:36: 	Recall@10: 0.02140 Recall@20: 0.03396 NDCG@10: 0.01165 NDCG@20: 0.01508 
09/04/2026,18:16:36: Epoch [19/1000]
09/04/2026,18:16:36: Negative sampling...
09/04/2026,18:16:38: Model's personal time...
09/04/2026,18:16:38: Training...
09/04/2026,18:16:39: Evaluating...
09/04/2026,18:16:39: 	Train Loss: 4165894.5000 (base: 661.9171, kd: 8330.4658), Elapsed: train 2.44 test 0.41 *
09/04/2026,18:16:39: 	Recall@10: 0.05987 Recall@20: 0.08591 NDCG@10: 0.03547 NDCG@20: 0.04261 
09/04/2026,18:16:39: 	Recall@10: 0.02250 Recall@20: 0.03655 NDCG@10: 0.01210 NDCG@20: 0.01585 
09/04/2026,18:16:39: Epoch [20/1000]
09/04/2026,18:16:39: Negative sampling...
09/04/2026,18:16:40: Model's personal time...
09/04/2026,18:16:41: Training...
09/04/2026,18:16:42: Evaluating...
09/04/2026,18:16:42: 	Train Loss: 4148833.0000 (base: 636.2074, kd: 8296.3926), Elapsed: train 2.65 test 0.41
09/04/2026,18:16:42: 	Recall@10: 0.05771 Recall@20: 0.08605 NDCG@10: 0.03475 NDCG@20: 0.04254 
09/04/2026,18:16:42: 	Recall@10: 0.02252 Recall@20: 0.03532 NDCG@10: 0.01232 NDCG@20: 0.01576 
09/04/2026,18:16:42: Epoch [21/1000]
09/04/2026,18:16:42: Negative sampling...
09/04/2026,18:16:43: Model's personal time...
09/04/2026,18:16:44: Training...
09/04/2026,18:16:45: Evaluating...
09/04/2026,18:16:45: 	Train Loss: 4134354.7500 (base: 611.0598, kd: 8267.4873), Elapsed: train 2.57 test 0.43 *
09/04/2026,18:16:45: 	Recall@10: 0.06011 Recall@20: 0.08720 NDCG@10: 0.03579 NDCG@20: 0.04331 
09/04/2026,18:16:45: 	Recall@10: 0.02244 Recall@20: 0.03656 NDCG@10: 0.01235 NDCG@20: 0.01617 
09/04/2026,18:16:45: Epoch [22/1000]
09/04/2026,18:16:45: Negative sampling...
09/04/2026,18:16:46: Model's personal time...
09/04/2026,18:16:47: Training...
09/04/2026,18:16:48: Evaluating...
09/04/2026,18:16:48: 	Train Loss: 4120215.5000 (base: 590.0684, kd: 8239.2500), Elapsed: train 2.55 test 0.51
09/04/2026,18:16:48: 	Recall@10: 0.06071 Recall@20: 0.08784 NDCG@10: 0.03568 NDCG@20: 0.04305 
09/04/2026,18:16:48: 	Recall@10: 0.02292 Recall@20: 0.03579 NDCG@10: 0.01263 NDCG@20: 0.01610 
09/04/2026,18:16:48: Epoch [23/1000]
09/04/2026,18:16:48: Negative sampling...
09/04/2026,18:16:50: Model's personal time...
09/04/2026,18:16:50: Training...
09/04/2026,18:16:51: Evaluating...
09/04/2026,18:16:51: 	Train Loss: 4107015.0000 (base: 569.3899, kd: 8212.8916), Elapsed: train 2.64 test 0.43 *
09/04/2026,18:16:51: 	Recall@10: 0.06073 Recall@20: 0.08895 NDCG@10: 0.03607 NDCG@20: 0.04389 
09/04/2026,18:16:51: 	Recall@10: 0.02243 Recall@20: 0.03681 NDCG@10: 0.01240 NDCG@20: 0.01635 
09/04/2026,18:16:51: Epoch [24/1000]
09/04/2026,18:16:51: Negative sampling...
09/04/2026,18:16:53: Model's personal time...
09/04/2026,18:16:53: Training...
09/04/2026,18:16:54: Evaluating...
09/04/2026,18:16:54: 	Train Loss: 4095151.2500 (base: 550.1636, kd: 8189.2026), Elapsed: train 2.74 test 0.42
09/04/2026,18:16:54: 	Recall@10: 0.06112 Recall@20: 0.08824 NDCG@10: 0.03588 NDCG@20: 0.04337 
09/04/2026,18:16:54: 	Recall@10: 0.02270 Recall@20: 0.03562 NDCG@10: 0.01266 NDCG@20: 0.01621 
09/04/2026,18:16:54: Epoch [25/1000]
09/04/2026,18:16:54: Negative sampling...
09/04/2026,18:16:56: Model's personal time...
09/04/2026,18:16:56: Training...
09/04/2026,18:16:57: Evaluating...
09/04/2026,18:16:57: 	Train Loss: 4083785.0000 (base: 532.9475, kd: 8166.5049), Elapsed: train 2.54 test 0.43 *
09/04/2026,18:16:57: 	Recall@10: 0.06157 Recall@20: 0.08920 NDCG@10: 0.03671 NDCG@20: 0.04436 
09/04/2026,18:16:57: 	Recall@10: 0.02364 Recall@20: 0.03673 NDCG@10: 0.01312 NDCG@20: 0.01674 
09/04/2026,18:16:57: Epoch [26/1000]
09/04/2026,18:16:57: Negative sampling...
09/04/2026,18:16:59: Model's personal time...
09/04/2026,18:16:59: Training...
09/04/2026,18:17:00: Evaluating...
09/04/2026,18:17:00: 	Train Loss: 4074240.5000 (base: 518.4872, kd: 8147.4438), Elapsed: train 2.51 test 0.43
09/04/2026,18:17:00: 	Recall@10: 0.06184 Recall@20: 0.08825 NDCG@10: 0.03627 NDCG@20: 0.04348 
09/04/2026,18:17:00: 	Recall@10: 0.02240 Recall@20: 0.03691 NDCG@10: 0.01265 NDCG@20: 0.01659 
09/04/2026,18:17:00: Epoch [27/1000]
09/04/2026,18:17:00: Negative sampling...
09/04/2026,18:17:02: Model's personal time...
09/04/2026,18:17:02: Training...
09/04/2026,18:17:03: Evaluating...
09/04/2026,18:17:03: 	Train Loss: 4064981.5000 (base: 501.7962, kd: 8128.9590), Elapsed: train 2.60 test 0.43 *
09/04/2026,18:17:03: 	Recall@10: 0.06160 Recall@20: 0.09121 NDCG@10: 0.03645 NDCG@20: 0.04458 
09/04/2026,18:17:03: 	Recall@10: 0.02320 Recall@20: 0.03632 NDCG@10: 0.01332 NDCG@20: 0.01695 
09/04/2026,18:17:03: Epoch [28/1000]
09/04/2026,18:17:03: Negative sampling...
09/04/2026,18:17:05: Model's personal time...
09/04/2026,18:17:05: Training...
09/04/2026,18:17:06: Evaluating...
09/04/2026,18:17:06: 	Train Loss: 4055813.2500 (base: 487.8445, kd: 8110.6504), Elapsed: train 2.56 test 0.47
09/04/2026,18:17:06: 	Recall@10: 0.06048 Recall@20: 0.09024 NDCG@10: 0.03588 NDCG@20: 0.04400 
09/04/2026,18:17:06: 	Recall@10: 0.02256 Recall@20: 0.03668 NDCG@10: 0.01283 NDCG@20: 0.01667 
09/04/2026,18:17:06: Epoch [29/1000]
09/04/2026,18:17:06: Negative sampling...
09/04/2026,18:17:08: Model's personal time...
09/04/2026,18:17:08: Training...
09/04/2026,18:17:09: Evaluating...
09/04/2026,18:17:09: 	Train Loss: 4045566.2500 (base: 476.5641, kd: 8090.1797), Elapsed: train 2.68 test 0.48 *
09/04/2026,18:17:09: 	Recall@10: 0.06313 Recall@20: 0.09193 NDCG@10: 0.03719 NDCG@20: 0.04512 
09/04/2026,18:17:09: 	Recall@10: 0.02369 Recall@20: 0.03753 NDCG@10: 0.01338 NDCG@20: 0.01714 
09/04/2026,18:17:09: Epoch [30/1000]
09/04/2026,18:17:09: Negative sampling...
09/04/2026,18:17:11: Model's personal time...
09/04/2026,18:17:11: Training...
09/04/2026,18:17:12: Evaluating...
09/04/2026,18:17:13: 	Train Loss: 4037708.2500 (base: 465.4006, kd: 8074.4858), Elapsed: train 2.61 test 0.45
09/04/2026,18:17:13: 	Recall@10: 0.06150 Recall@20: 0.09037 NDCG@10: 0.03604 NDCG@20: 0.04407 
09/04/2026,18:17:13: 	Recall@10: 0.02326 Recall@20: 0.03656 NDCG@10: 0.01308 NDCG@20: 0.01676 
09/04/2026,18:17:13: Epoch [31/1000]
09/04/2026,18:17:13: Negative sampling...
09/04/2026,18:17:14: Model's personal time...
09/04/2026,18:17:14: Training...
09/04/2026,18:17:15: Evaluating...
09/04/2026,18:17:16: 	Train Loss: 4029830.0000 (base: 452.1168, kd: 8058.7554), Elapsed: train 2.88 test 0.43
09/04/2026,18:17:16: 	Recall@10: 0.06222 Recall@20: 0.09014 NDCG@10: 0.03675 NDCG@20: 0.04451 
09/04/2026,18:17:16: 	Recall@10: 0.02338 Recall@20: 0.03789 NDCG@10: 0.01347 NDCG@20: 0.01744 
09/04/2026,18:17:16: Epoch [32/1000]
09/04/2026,18:17:16: Negative sampling...
09/04/2026,18:17:17: Model's personal time...
09/04/2026,18:17:17: Training...
09/04/2026,18:17:19: Evaluating...
09/04/2026,18:17:19: 	Train Loss: 4024712.5000 (base: 442.7965, kd: 8048.5396), Elapsed: train 2.75 test 0.45
09/04/2026,18:17:19: 	Recall@10: 0.06127 Recall@20: 0.09091 NDCG@10: 0.03621 NDCG@20: 0.04441 
09/04/2026,18:17:19: 	Recall@10: 0.02424 Recall@20: 0.03833 NDCG@10: 0.01354 NDCG@20: 0.01741 
09/04/2026,18:17:19: Epoch [33/1000]
09/04/2026,18:17:19: Negative sampling...
09/04/2026,18:17:21: Model's personal time...
09/04/2026,18:17:21: Training...
09/04/2026,18:17:22: Evaluating...
09/04/2026,18:17:22: 	Train Loss: 4017835.7500 (base: 432.4097, kd: 8034.8062), Elapsed: train 2.84 test 0.44 *
09/04/2026,18:17:22: 	Recall@10: 0.06197 Recall@20: 0.09101 NDCG@10: 0.03718 NDCG@20: 0.04519 
09/04/2026,18:17:22: 	Recall@10: 0.02313 Recall@20: 0.03880 NDCG@10: 0.01342 NDCG@20: 0.01776 
09/04/2026,18:17:22: Epoch [34/1000]
09/04/2026,18:17:22: Negative sampling...
09/04/2026,18:17:24: Model's personal time...
09/04/2026,18:17:24: Training...
09/04/2026,18:17:25: Evaluating...
09/04/2026,18:17:26: 	Train Loss: 4010513.0000 (base: 426.9893, kd: 8020.1714), Elapsed: train 2.80 test 0.49
09/04/2026,18:17:26: 	Recall@10: 0.06314 Recall@20: 0.08978 NDCG@10: 0.03695 NDCG@20: 0.04440 
09/04/2026,18:17:26: 	Recall@10: 0.02438 Recall@20: 0.03805 NDCG@10: 0.01365 NDCG@20: 0.01743 
09/04/2026,18:17:26: Epoch [35/1000]
09/04/2026,18:17:26: Negative sampling...
09/04/2026,18:17:27: Model's personal time...
09/04/2026,18:17:27: Training...
09/04/2026,18:17:28: Evaluating...
09/04/2026,18:17:29: 	Train Loss: 4004558.2500 (base: 417.5518, kd: 8008.2812), Elapsed: train 2.69 test 0.49
09/04/2026,18:17:29: 	Recall@10: 0.06325 Recall@20: 0.09139 NDCG@10: 0.03725 NDCG@20: 0.04500 
09/04/2026,18:17:29: 	Recall@10: 0.02321 Recall@20: 0.03802 NDCG@10: 0.01337 NDCG@20: 0.01747 
09/04/2026,18:17:29: Epoch [36/1000]
09/04/2026,18:17:29: Negative sampling...
09/04/2026,18:17:30: Model's personal time...
09/04/2026,18:17:30: Training...
09/04/2026,18:17:31: Evaluating...
09/04/2026,18:17:32: 	Train Loss: 3998838.7500 (base: 408.7859, kd: 7996.8604), Elapsed: train 2.59 test 0.48
09/04/2026,18:17:32: 	Recall@10: 0.06248 Recall@20: 0.09055 NDCG@10: 0.03707 NDCG@20: 0.04491 
09/04/2026,18:17:32: 	Recall@10: 0.02417 Recall@20: 0.03987 NDCG@10: 0.01370 NDCG@20: 0.01800 
09/04/2026,18:17:32: Epoch [37/1000]
09/04/2026,18:17:32: Negative sampling...
09/04/2026,18:17:33: Model's personal time...
09/04/2026,18:17:33: Training...
09/04/2026,18:17:35: Evaluating...
09/04/2026,18:17:35: 	Train Loss: 3992175.5000 (base: 399.9343, kd: 7983.5508), Elapsed: train 2.66 test 0.51
09/04/2026,18:17:35: 	Recall@10: 0.06194 Recall@20: 0.08961 NDCG@10: 0.03713 NDCG@20: 0.04482 
09/04/2026,18:17:35: 	Recall@10: 0.02410 Recall@20: 0.03801 NDCG@10: 0.01370 NDCG@20: 0.01753 
09/04/2026,18:17:35: Epoch [38/1000]
09/04/2026,18:17:35: Negative sampling...
09/04/2026,18:17:37: Model's personal time...
09/04/2026,18:17:37: Training...
09/04/2026,18:17:38: Evaluating...
09/04/2026,18:17:38: 	Train Loss: 3987790.2500 (base: 393.3333, kd: 7974.7939), Elapsed: train 2.94 test 0.42
09/04/2026,18:17:38: 	Recall@10: 0.06339 Recall@20: 0.09163 NDCG@10: 0.03718 NDCG@20: 0.04505 
09/04/2026,18:17:38: 	Recall@10: 0.02445 Recall@20: 0.03931 NDCG@10: 0.01361 NDCG@20: 0.01774 
09/04/2026,18:17:38: Epoch [39/1000]
09/04/2026,18:17:38: Negative sampling...
09/04/2026,18:17:40: Model's personal time...
09/04/2026,18:17:40: Training...
09/04/2026,18:17:41: Evaluating...
09/04/2026,18:17:42: 	Train Loss: 3984573.2500 (base: 387.7323, kd: 7968.3711), Elapsed: train 2.68 test 0.44
09/04/2026,18:17:42: 	Recall@10: 0.06269 Recall@20: 0.09051 NDCG@10: 0.03727 NDCG@20: 0.04509 
09/04/2026,18:17:42: 	Recall@10: 0.02355 Recall@20: 0.03836 NDCG@10: 0.01362 NDCG@20: 0.01772 
09/04/2026,18:17:42: Epoch [40/1000]
09/04/2026,18:17:42: Negative sampling...
09/04/2026,18:17:43: Model's personal time...
09/04/2026,18:17:43: Training...
09/04/2026,18:17:44: Evaluating...
09/04/2026,18:17:45: 	Train Loss: 3979656.5000 (base: 382.9819, kd: 7958.5469), Elapsed: train 2.69 test 0.46
09/04/2026,18:17:45: 	Recall@10: 0.06307 Recall@20: 0.09134 NDCG@10: 0.03721 NDCG@20: 0.04515 
09/04/2026,18:17:45: 	Recall@10: 0.02429 Recall@20: 0.03937 NDCG@10: 0.01359 NDCG@20: 0.01777 
09/04/2026,18:17:45: Epoch [41/1000]
09/04/2026,18:17:45: Negative sampling...
09/04/2026,18:17:46: Model's personal time...
09/04/2026,18:17:46: Training...
09/04/2026,18:17:47: Evaluating...
09/04/2026,18:17:48: 	Train Loss: 3974365.2500 (base: 375.9941, kd: 7947.9780), Elapsed: train 2.72 test 0.41
09/04/2026,18:17:48: 	Recall@10: 0.06473 Recall@20: 0.09014 NDCG@10: 0.03784 NDCG@20: 0.04493 
09/04/2026,18:17:48: 	Recall@10: 0.02398 Recall@20: 0.03872 NDCG@10: 0.01372 NDCG@20: 0.01779 
09/04/2026,18:17:48: Epoch [42/1000]
09/04/2026,18:17:48: Negative sampling...
09/04/2026,18:17:49: Model's personal time...
09/04/2026,18:17:49: Training...
09/04/2026,18:17:51: Evaluating...
09/04/2026,18:17:51: 	Train Loss: 3970814.0000 (base: 369.4486, kd: 7940.8887), Elapsed: train 2.85 test 0.47 *
09/04/2026,18:17:51: 	Recall@10: 0.06411 Recall@20: 0.09199 NDCG@10: 0.03748 NDCG@20: 0.04527 
09/04/2026,18:17:51: 	Recall@10: 0.02406 Recall@20: 0.03830 NDCG@10: 0.01373 NDCG@20: 0.01774 
09/04/2026,18:17:51: Epoch [43/1000]
09/04/2026,18:17:51: Negative sampling...
09/04/2026,18:17:53: Model's personal time...
09/04/2026,18:17:53: Training...
09/04/2026,18:17:54: Evaluating...
09/04/2026,18:17:54: 	Train Loss: 3967511.0000 (base: 365.0904, kd: 7934.2920), Elapsed: train 2.56 test 0.42 *
09/04/2026,18:17:54: 	Recall@10: 0.06511 Recall@20: 0.09063 NDCG@10: 0.03835 NDCG@20: 0.04547 
09/04/2026,18:17:54: 	Recall@10: 0.02565 Recall@20: 0.03973 NDCG@10: 0.01428 NDCG@20: 0.01815 
09/04/2026,18:17:54: Epoch [44/1000]
09/04/2026,18:17:54: Negative sampling...
09/04/2026,18:17:56: Model's personal time...
09/04/2026,18:17:56: Training...
09/04/2026,18:17:57: Evaluating...
09/04/2026,18:17:57: 	Train Loss: 3960514.0000 (base: 361.4607, kd: 7920.3047), Elapsed: train 2.55 test 0.45
09/04/2026,18:17:57: 	Recall@10: 0.06490 Recall@20: 0.09168 NDCG@10: 0.03773 NDCG@20: 0.04526 
09/04/2026,18:17:57: 	Recall@10: 0.02427 Recall@20: 0.03876 NDCG@10: 0.01387 NDCG@20: 0.01791 
09/04/2026,18:17:57: Epoch [45/1000]
09/04/2026,18:17:57: Negative sampling...
09/04/2026,18:17:58: Model's personal time...
09/04/2026,18:17:59: Training...
09/04/2026,18:18:00: Evaluating...
09/04/2026,18:18:00: 	Train Loss: 3958073.5000 (base: 355.4680, kd: 7915.4360), Elapsed: train 2.57 test 0.42 *
09/04/2026,18:18:00: 	Recall@10: 0.06568 Recall@20: 0.09177 NDCG@10: 0.03832 NDCG@20: 0.04556 
09/04/2026,18:18:00: 	Recall@10: 0.02531 Recall@20: 0.03929 NDCG@10: 0.01414 NDCG@20: 0.01797 
09/04/2026,18:18:00: Epoch [46/1000]
09/04/2026,18:18:00: Negative sampling...
09/04/2026,18:18:01: Model's personal time...
09/04/2026,18:18:02: Training...
09/04/2026,18:18:03: Evaluating...
09/04/2026,18:18:03: 	Train Loss: 3954944.5000 (base: 350.1929, kd: 7909.1885), Elapsed: train 2.57 test 0.44
09/04/2026,18:18:03: 	Recall@10: 0.06389 Recall@20: 0.09184 NDCG@10: 0.03777 NDCG@20: 0.04554 
09/04/2026,18:18:03: 	Recall@10: 0.02505 Recall@20: 0.03882 NDCG@10: 0.01416 NDCG@20: 0.01798 
09/04/2026,18:18:03: Epoch [47/1000]
09/04/2026,18:18:03: Negative sampling...
09/04/2026,18:18:04: Model's personal time...
09/04/2026,18:18:05: Training...
09/04/2026,18:18:06: Evaluating...
09/04/2026,18:18:06: 	Train Loss: 3951256.7500 (base: 342.2309, kd: 7901.8291), Elapsed: train 2.55 test 0.42
09/04/2026,18:18:06: 	Recall@10: 0.06446 Recall@20: 0.09182 NDCG@10: 0.03801 NDCG@20: 0.04555 
09/04/2026,18:18:06: 	Recall@10: 0.02517 Recall@20: 0.03901 NDCG@10: 0.01418 NDCG@20: 0.01799 
09/04/2026,18:18:06: Epoch [48/1000]
09/04/2026,18:18:06: Negative sampling...
09/04/2026,18:18:07: Model's personal time...
09/04/2026,18:18:08: Training...
09/04/2026,18:18:09: Evaluating...
09/04/2026,18:18:09: 	Train Loss: 3946776.7500 (base: 341.9607, kd: 7892.8691), Elapsed: train 2.62 test 0.42 *
09/04/2026,18:18:09: 	Recall@10: 0.06420 Recall@20: 0.09210 NDCG@10: 0.03827 NDCG@20: 0.04600 
09/04/2026,18:18:09: 	Recall@10: 0.02549 Recall@20: 0.03974 NDCG@10: 0.01436 NDCG@20: 0.01827 
09/04/2026,18:18:09: Epoch [49/1000]
09/04/2026,18:18:09: Negative sampling...
09/04/2026,18:18:11: Model's personal time...
09/04/2026,18:18:11: Training...
09/04/2026,18:18:12: Evaluating...
09/04/2026,18:18:12: 	Train Loss: 3945087.2500 (base: 336.4813, kd: 7889.5010), Elapsed: train 2.76 test 0.46
09/04/2026,18:18:12: 	Recall@10: 0.06481 Recall@20: 0.09147 NDCG@10: 0.03844 NDCG@20: 0.04576 
09/04/2026,18:18:12: 	Recall@10: 0.02536 Recall@20: 0.03892 NDCG@10: 0.01427 NDCG@20: 0.01800 
09/04/2026,18:18:12: Epoch [50/1000]
09/04/2026,18:18:12: Negative sampling...
09/04/2026,18:18:14: Model's personal time...
09/04/2026,18:18:14: Training...
09/04/2026,18:18:15: Evaluating...
09/04/2026,18:18:15: 	Train Loss: 3942509.0000 (base: 333.3293, kd: 7884.3511), Elapsed: train 2.63 test 0.50
09/04/2026,18:18:15: 	Recall@10: 0.06381 Recall@20: 0.09222 NDCG@10: 0.03790 NDCG@20: 0.04579 
09/04/2026,18:18:15: 	Recall@10: 0.02443 Recall@20: 0.03833 NDCG@10: 0.01401 NDCG@20: 0.01790 
09/04/2026,18:18:15: Epoch [51/1000]
09/04/2026,18:18:15: Negative sampling...
09/04/2026,18:18:17: Model's personal time...
09/04/2026,18:18:17: Training...
09/04/2026,18:18:18: Evaluating...
09/04/2026,18:18:19: 	Train Loss: 3941054.5000 (base: 329.3135, kd: 7881.4502), Elapsed: train 2.62 test 0.46
09/04/2026,18:18:19: 	Recall@10: 0.06471 Recall@20: 0.09116 NDCG@10: 0.03839 NDCG@20: 0.04566 
09/04/2026,18:18:19: 	Recall@10: 0.02550 Recall@20: 0.03885 NDCG@10: 0.01429 NDCG@20: 0.01799 
09/04/2026,18:18:19: Epoch [52/1000]
09/04/2026,18:18:19: Negative sampling...
09/04/2026,18:18:20: Model's personal time...
09/04/2026,18:18:20: Training...
09/04/2026,18:18:21: Evaluating...
09/04/2026,18:18:22: 	Train Loss: 3936732.0000 (base: 326.9408, kd: 7872.8105), Elapsed: train 2.53 test 0.41
09/04/2026,18:18:22: 	Recall@10: 0.06404 Recall@20: 0.09255 NDCG@10: 0.03774 NDCG@20: 0.04558 
09/04/2026,18:18:22: 	Recall@10: 0.02478 Recall@20: 0.03974 NDCG@10: 0.01416 NDCG@20: 0.01834 
09/04/2026,18:18:22: Epoch [53/1000]
09/04/2026,18:18:22: Negative sampling...
09/04/2026,18:18:23: Model's personal time...
09/04/2026,18:18:23: Training...
09/04/2026,18:18:24: Evaluating...
09/04/2026,18:18:25: 	Train Loss: 3934463.5000 (base: 321.2981, kd: 7868.2842), Elapsed: train 2.60 test 0.44
09/04/2026,18:18:25: 	Recall@10: 0.06576 Recall@20: 0.09133 NDCG@10: 0.03877 NDCG@20: 0.04582 
09/04/2026,18:18:25: 	Recall@10: 0.02518 Recall@20: 0.03929 NDCG@10: 0.01417 NDCG@20: 0.01808 
09/04/2026,18:18:25: Epoch [54/1000]
09/04/2026,18:18:25: Negative sampling...
09/04/2026,18:18:26: Model's personal time...
09/04/2026,18:18:26: Training...
09/04/2026,18:18:27: Evaluating...
09/04/2026,18:18:28: 	Train Loss: 3929660.7500 (base: 318.8713, kd: 7858.6836), Elapsed: train 2.56 test 0.44
09/04/2026,18:18:28: 	Recall@10: 0.06414 Recall@20: 0.09251 NDCG@10: 0.03766 NDCG@20: 0.04552 
09/04/2026,18:18:28: 	Recall@10: 0.02427 Recall@20: 0.03887 NDCG@10: 0.01399 NDCG@20: 0.01805 
09/04/2026,18:18:28: Epoch [55/1000]
09/04/2026,18:18:28: Negative sampling...
09/04/2026,18:18:29: Model's personal time...
09/04/2026,18:18:29: Training...
09/04/2026,18:18:30: Evaluating...
09/04/2026,18:18:31: 	Train Loss: 3928707.7500 (base: 314.1381, kd: 7856.7876), Elapsed: train 2.52 test 0.43
09/04/2026,18:18:31: 	Recall@10: 0.06436 Recall@20: 0.09266 NDCG@10: 0.03817 NDCG@20: 0.04594 
09/04/2026,18:18:31: 	Recall@10: 0.02510 Recall@20: 0.03934 NDCG@10: 0.01434 NDCG@20: 0.01826 
09/04/2026,18:18:31: Epoch [56/1000]
09/04/2026,18:18:31: Negative sampling...
09/04/2026,18:18:32: Model's personal time...
09/04/2026,18:18:32: Training...
09/04/2026,18:18:33: Evaluating...
09/04/2026,18:18:34: 	Train Loss: 3925623.0000 (base: 312.2330, kd: 7850.6221), Elapsed: train 2.59 test 0.47
09/04/2026,18:18:34: 	Recall@10: 0.06426 Recall@20: 0.09323 NDCG@10: 0.03776 NDCG@20: 0.04575 
09/04/2026,18:18:34: 	Recall@10: 0.02456 Recall@20: 0.03917 NDCG@10: 0.01404 NDCG@20: 0.01807 
09/04/2026,18:18:34: Epoch [57/1000]
09/04/2026,18:18:34: Negative sampling...
09/04/2026,18:18:35: Model's personal time...
09/04/2026,18:18:35: Training...
09/04/2026,18:18:36: Evaluating...
09/04/2026,18:18:37: 	Train Loss: 3925242.7500 (base: 308.4574, kd: 7849.8691), Elapsed: train 2.54 test 0.41 *
09/04/2026,18:18:37: 	Recall@10: 0.06580 Recall@20: 0.09265 NDCG@10: 0.03868 NDCG@20: 0.04606 
09/04/2026,18:18:37: 	Recall@10: 0.02633 Recall@20: 0.03902 NDCG@10: 0.01477 NDCG@20: 0.01830 
09/04/2026,18:18:37: Epoch [58/1000]
09/04/2026,18:18:37: Negative sampling...
09/04/2026,18:18:38: Model's personal time...
09/04/2026,18:18:38: Training...
09/04/2026,18:18:39: Evaluating...
09/04/2026,18:18:40: 	Train Loss: 3922102.7500 (base: 308.5153, kd: 7843.5879), Elapsed: train 2.60 test 0.42
09/04/2026,18:18:40: 	Recall@10: 0.06478 Recall@20: 0.09306 NDCG@10: 0.03829 NDCG@20: 0.04603 
09/04/2026,18:18:40: 	Recall@10: 0.02517 Recall@20: 0.03906 NDCG@10: 0.01430 NDCG@20: 0.01817 
09/04/2026,18:18:40: Epoch [59/1000]
09/04/2026,18:18:40: Negative sampling...
09/04/2026,18:18:41: Model's personal time...
09/04/2026,18:18:41: Training...
09/04/2026,18:18:42: Evaluating...
09/04/2026,18:18:42: 	Train Loss: 3920242.5000 (base: 303.0824, kd: 7839.8794), Elapsed: train 2.53 test 0.43 *
09/04/2026,18:18:42: 	Recall@10: 0.06594 Recall@20: 0.09169 NDCG@10: 0.03897 NDCG@20: 0.04611 
09/04/2026,18:18:43: 	Recall@10: 0.02554 Recall@20: 0.03857 NDCG@10: 0.01441 NDCG@20: 0.01802 
09/04/2026,18:18:43: Epoch [60/1000]
09/04/2026,18:18:43: Negative sampling...
09/04/2026,18:18:44: Model's personal time...
09/04/2026,18:18:44: Training...
09/04/2026,18:18:45: Evaluating...
09/04/2026,18:18:46: 	Train Loss: 3917248.0000 (base: 300.5443, kd: 7833.8950), Elapsed: train 2.64 test 0.43 *
09/04/2026,18:18:46: 	Recall@10: 0.06487 Recall@20: 0.09356 NDCG@10: 0.03828 NDCG@20: 0.04611 
09/04/2026,18:18:46: 	Recall@10: 0.02533 Recall@20: 0.03955 NDCG@10: 0.01440 NDCG@20: 0.01835 
09/04/2026,18:18:46: Epoch [61/1000]
09/04/2026,18:18:46: Negative sampling...
09/04/2026,18:18:47: Model's personal time...
09/04/2026,18:18:47: Training...
09/04/2026,18:18:48: Evaluating...
09/04/2026,18:18:49: 	Train Loss: 3915395.7500 (base: 292.3084, kd: 7830.2075), Elapsed: train 2.52 test 0.50
09/04/2026,18:18:49: 	Recall@10: 0.06510 Recall@20: 0.09150 NDCG@10: 0.03874 NDCG@20: 0.04602 
09/04/2026,18:18:49: 	Recall@10: 0.02584 Recall@20: 0.03885 NDCG@10: 0.01461 NDCG@20: 0.01817 
09/04/2026,18:18:49: Epoch [62/1000]
09/04/2026,18:18:49: Negative sampling...
09/04/2026,18:18:50: Model's personal time...
09/04/2026,18:18:50: Training...
09/04/2026,18:18:51: Evaluating...
09/04/2026,18:18:52: 	Train Loss: 3913163.7500 (base: 293.3923, kd: 7825.7407), Elapsed: train 2.74 test 0.41 *
09/04/2026,18:18:52: 	Recall@10: 0.06543 Recall@20: 0.09231 NDCG@10: 0.03873 NDCG@20: 0.04614 
09/04/2026,18:18:52: 	Recall@10: 0.02587 Recall@20: 0.03984 NDCG@10: 0.01479 NDCG@20: 0.01863 
09/04/2026,18:18:52: Epoch [63/1000]
09/04/2026,18:18:52: Negative sampling...
09/04/2026,18:18:53: Model's personal time...
09/04/2026,18:18:53: Training...
09/04/2026,18:18:54: Evaluating...
09/04/2026,18:18:55: 	Train Loss: 3911292.0000 (base: 290.7359, kd: 7822.0024), Elapsed: train 2.57 test 0.42
09/04/2026,18:18:55: 	Recall@10: 0.06466 Recall@20: 0.09243 NDCG@10: 0.03832 NDCG@20: 0.04598 
09/04/2026,18:18:55: 	Recall@10: 0.02513 Recall@20: 0.03986 NDCG@10: 0.01438 NDCG@20: 0.01841 
09/04/2026,18:18:55: Epoch [64/1000]
09/04/2026,18:18:55: Negative sampling...
09/04/2026,18:18:56: Model's personal time...
09/04/2026,18:18:56: Training...
09/04/2026,18:18:57: Evaluating...
09/04/2026,18:18:58: 	Train Loss: 3909648.0000 (base: 286.7446, kd: 7818.7227), Elapsed: train 2.57 test 0.47 *
09/04/2026,18:18:58: 	Recall@10: 0.06471 Recall@20: 0.09402 NDCG@10: 0.03811 NDCG@20: 0.04618 
09/04/2026,18:18:58: 	Recall@10: 0.02587 Recall@20: 0.03965 NDCG@10: 0.01485 NDCG@20: 0.01867 
09/04/2026,18:18:58: Epoch [65/1000]
09/04/2026,18:18:58: Negative sampling...
09/04/2026,18:18:59: Model's personal time...
09/04/2026,18:18:59: Training...
09/04/2026,18:19:00: Evaluating...
09/04/2026,18:19:01: 	Train Loss: 3907958.7500 (base: 282.8977, kd: 7815.3511), Elapsed: train 2.61 test 0.42 *
09/04/2026,18:19:01: 	Recall@10: 0.06522 Recall@20: 0.09262 NDCG@10: 0.03868 NDCG@20: 0.04629 
09/04/2026,18:19:01: 	Recall@10: 0.02570 Recall@20: 0.03998 NDCG@10: 0.01456 NDCG@20: 0.01845 
09/04/2026,18:19:01: Epoch [66/1000]
09/04/2026,18:19:01: Negative sampling...
09/04/2026,18:19:02: Model's personal time...
09/04/2026,18:19:02: Training...
09/04/2026,18:19:04: Evaluating...
09/04/2026,18:19:04: 	Train Loss: 3905352.5000 (base: 282.4341, kd: 7810.1401), Elapsed: train 2.71 test 0.51 *
09/04/2026,18:19:04: 	Recall@10: 0.06473 Recall@20: 0.09362 NDCG@10: 0.03841 NDCG@20: 0.04629 
09/04/2026,18:19:04: 	Recall@10: 0.02529 Recall@20: 0.04000 NDCG@10: 0.01445 NDCG@20: 0.01848 
09/04/2026,18:19:04: Epoch [67/1000]
09/04/2026,18:19:04: Negative sampling...
09/04/2026,18:19:05: Model's personal time...
09/04/2026,18:19:06: Training...
09/04/2026,18:19:07: Evaluating...
09/04/2026,18:19:07: 	Train Loss: 3905086.5000 (base: 277.8618, kd: 7809.6177), Elapsed: train 2.64 test 0.52 *
09/04/2026,18:19:07: 	Recall@10: 0.06455 Recall@20: 0.09377 NDCG@10: 0.03845 NDCG@20: 0.04649 
09/04/2026,18:19:07: 	Recall@10: 0.02647 Recall@20: 0.04004 NDCG@10: 0.01490 NDCG@20: 0.01863 
09/04/2026,18:19:07: Epoch [68/1000]
09/04/2026,18:19:07: Negative sampling...
09/04/2026,18:19:09: Model's personal time...
09/04/2026,18:19:09: Training...
09/04/2026,18:19:10: Evaluating...
09/04/2026,18:19:10: 	Train Loss: 3901253.2500 (base: 273.6914, kd: 7801.9590), Elapsed: train 2.54 test 0.47
09/04/2026,18:19:10: 	Recall@10: 0.06473 Recall@20: 0.09278 NDCG@10: 0.03821 NDCG@20: 0.04595 
09/04/2026,18:19:10: 	Recall@10: 0.02567 Recall@20: 0.03956 NDCG@10: 0.01466 NDCG@20: 0.01845 
09/04/2026,18:19:10: Epoch [69/1000]
09/04/2026,18:19:10: Negative sampling...
09/04/2026,18:19:12: Model's personal time...
09/04/2026,18:19:12: Training...
09/04/2026,18:19:13: Evaluating...
09/04/2026,18:19:14: 	Train Loss: 3901070.2500 (base: 271.9062, kd: 7801.5967), Elapsed: train 2.77 test 0.52
09/04/2026,18:19:14: 	Recall@10: 0.06335 Recall@20: 0.09437 NDCG@10: 0.03798 NDCG@20: 0.04644 
09/04/2026,18:19:14: 	Recall@10: 0.02554 Recall@20: 0.04010 NDCG@10: 0.01436 NDCG@20: 0.01838 
09/04/2026,18:19:14: Epoch [70/1000]
09/04/2026,18:19:14: Negative sampling...
09/04/2026,18:19:15: Model's personal time...
09/04/2026,18:19:15: Training...
09/04/2026,18:19:16: Evaluating...
09/04/2026,18:19:17: 	Train Loss: 3899459.2500 (base: 271.4337, kd: 7798.3750), Elapsed: train 2.74 test 0.44
09/04/2026,18:19:17: 	Recall@10: 0.06463 Recall@20: 0.09326 NDCG@10: 0.03839 NDCG@20: 0.04627 
09/04/2026,18:19:17: 	Recall@10: 0.02480 Recall@20: 0.04030 NDCG@10: 0.01423 NDCG@20: 0.01852 
09/04/2026,18:19:17: Epoch [71/1000]
09/04/2026,18:19:17: Negative sampling...
09/04/2026,18:19:18: Model's personal time...
09/04/2026,18:19:18: Training...
09/04/2026,18:19:19: Evaluating...
09/04/2026,18:19:20: 	Train Loss: 3897067.2500 (base: 267.0737, kd: 7793.6006), Elapsed: train 2.55 test 0.53
09/04/2026,18:19:20: 	Recall@10: 0.06466 Recall@20: 0.09304 NDCG@10: 0.03837 NDCG@20: 0.04608 
09/04/2026,18:19:20: 	Recall@10: 0.02583 Recall@20: 0.04008 NDCG@10: 0.01460 NDCG@20: 0.01853 
09/04/2026,18:19:20: Epoch [72/1000]
09/04/2026,18:19:20: Negative sampling...
09/04/2026,18:19:21: Model's personal time...
09/04/2026,18:19:21: Training...
09/04/2026,18:19:23: Evaluating...
09/04/2026,18:19:23: 	Train Loss: 3896853.2500 (base: 267.1230, kd: 7793.1719), Elapsed: train 2.74 test 0.47
09/04/2026,18:19:23: 	Recall@10: 0.06512 Recall@20: 0.09428 NDCG@10: 0.03846 NDCG@20: 0.04646 
09/04/2026,18:19:23: 	Recall@10: 0.02576 Recall@20: 0.04038 NDCG@10: 0.01477 NDCG@20: 0.01882 
09/04/2026,18:19:23: Epoch [73/1000]
09/04/2026,18:19:23: Negative sampling...
09/04/2026,18:19:24: Model's personal time...
09/04/2026,18:19:24: Training...
09/04/2026,18:19:26: Evaluating...
09/04/2026,18:19:26: 	Train Loss: 3895768.7500 (base: 262.6128, kd: 7791.0127), Elapsed: train 2.68 test 0.46
09/04/2026,18:19:26: 	Recall@10: 0.06444 Recall@20: 0.09428 NDCG@10: 0.03826 NDCG@20: 0.04639 
09/04/2026,18:19:26: 	Recall@10: 0.02605 Recall@20: 0.03964 NDCG@10: 0.01455 NDCG@20: 0.01830 
09/04/2026,18:19:26: Epoch [74/1000]
09/04/2026,18:19:26: Negative sampling...
09/04/2026,18:19:27: Model's personal time...
09/04/2026,18:19:28: Training...
09/04/2026,18:19:29: Evaluating...
09/04/2026,18:19:29: 	Train Loss: 3892855.7500 (base: 263.1085, kd: 7785.1855), Elapsed: train 2.62 test 0.43 *
09/04/2026,18:19:29: 	Recall@10: 0.06424 Recall@20: 0.09490 NDCG@10: 0.03846 NDCG@20: 0.04683 
09/04/2026,18:19:29: 	Recall@10: 0.02591 Recall@20: 0.04068 NDCG@10: 0.01466 NDCG@20: 0.01876 
09/04/2026,18:19:29: Epoch [75/1000]
09/04/2026,18:19:29: Negative sampling...
09/04/2026,18:19:31: Model's personal time...
09/04/2026,18:19:31: Training...
09/04/2026,18:19:32: Evaluating...
09/04/2026,18:19:32: 	Train Loss: 3892189.2500 (base: 259.1515, kd: 7783.8604), Elapsed: train 2.50 test 0.52
09/04/2026,18:19:32: 	Recall@10: 0.06399 Recall@20: 0.09288 NDCG@10: 0.03812 NDCG@20: 0.04602 
09/04/2026,18:19:32: 	Recall@10: 0.02627 Recall@20: 0.03984 NDCG@10: 0.01469 NDCG@20: 0.01842 
09/04/2026,18:19:32: Epoch [76/1000]
09/04/2026,18:19:32: Negative sampling...
09/04/2026,18:19:34: Model's personal time...
09/04/2026,18:19:34: Training...
09/04/2026,18:19:35: Evaluating...
09/04/2026,18:19:35: 	Train Loss: 3889654.7500 (base: 254.6161, kd: 7778.7998), Elapsed: train 2.72 test 0.47
09/04/2026,18:19:35: 	Recall@10: 0.06370 Recall@20: 0.09432 NDCG@10: 0.03820 NDCG@20: 0.04662 
09/04/2026,18:19:35: 	Recall@10: 0.02596 Recall@20: 0.04058 NDCG@10: 0.01467 NDCG@20: 0.01867 
09/04/2026,18:19:35: Epoch [77/1000]
09/04/2026,18:19:35: Negative sampling...
09/04/2026,18:19:37: Model's personal time...
09/04/2026,18:19:37: Training...
09/04/2026,18:19:38: Evaluating...
09/04/2026,18:19:38: 	Train Loss: 3889147.0000 (base: 256.3901, kd: 7777.7817), Elapsed: train 2.62 test 0.48
09/04/2026,18:19:38: 	Recall@10: 0.06445 Recall@20: 0.09393 NDCG@10: 0.03854 NDCG@20: 0.04654 
09/04/2026,18:19:38: 	Recall@10: 0.02631 Recall@20: 0.04029 NDCG@10: 0.01482 NDCG@20: 0.01863 
09/04/2026,18:19:38: Epoch [78/1000]
09/04/2026,18:19:38: Negative sampling...
09/04/2026,18:19:40: Model's personal time...
09/04/2026,18:19:40: Training...
09/04/2026,18:19:41: Evaluating...
09/04/2026,18:19:42: 	Train Loss: 3887749.2500 (base: 253.3554, kd: 7774.9917), Elapsed: train 2.61 test 0.43
09/04/2026,18:19:42: 	Recall@10: 0.06479 Recall@20: 0.09453 NDCG@10: 0.03838 NDCG@20: 0.04653 
09/04/2026,18:19:42: 	Recall@10: 0.02634 Recall@20: 0.03971 NDCG@10: 0.01489 NDCG@20: 0.01856 
09/04/2026,18:19:42: Epoch [79/1000]
09/04/2026,18:19:42: Negative sampling...
09/04/2026,18:19:43: Model's personal time...
09/04/2026,18:19:43: Training...
09/04/2026,18:19:44: Evaluating...
09/04/2026,18:19:45: 	Train Loss: 3886454.5000 (base: 250.1947, kd: 7772.4087), Elapsed: train 2.78 test 0.52
09/04/2026,18:19:45: 	Recall@10: 0.06363 Recall@20: 0.09363 NDCG@10: 0.03852 NDCG@20: 0.04675 
09/04/2026,18:19:45: 	Recall@10: 0.02605 Recall@20: 0.04067 NDCG@10: 0.01472 NDCG@20: 0.01875 
09/04/2026,18:19:45: Epoch [80/1000]
09/04/2026,18:19:45: Negative sampling...
09/04/2026,18:19:46: Model's personal time...
09/04/2026,18:19:46: Training...
09/04/2026,18:19:48: Evaluating...
09/04/2026,18:19:48: 	Train Loss: 3886713.5000 (base: 249.7025, kd: 7772.9272), Elapsed: train 2.75 test 0.52
09/04/2026,18:19:48: 	Recall@10: 0.06486 Recall@20: 0.09461 NDCG@10: 0.03853 NDCG@20: 0.04673 
09/04/2026,18:19:48: 	Recall@10: 0.02605 Recall@20: 0.04035 NDCG@10: 0.01468 NDCG@20: 0.01862 
09/04/2026,18:19:48: Epoch [81/1000]
09/04/2026,18:19:48: Negative sampling...
09/04/2026,18:19:49: Model's personal time...
09/04/2026,18:19:50: Training...
09/04/2026,18:19:51: Evaluating...
09/04/2026,18:19:51: 	Train Loss: 3884339.5000 (base: 245.9039, kd: 7768.1880), Elapsed: train 2.72 test 0.50
09/04/2026,18:19:51: 	Recall@10: 0.06441 Recall@20: 0.09353 NDCG@10: 0.03848 NDCG@20: 0.04643 
09/04/2026,18:19:51: 	Recall@10: 0.02656 Recall@20: 0.04118 NDCG@10: 0.01481 NDCG@20: 0.01883 
09/04/2026,18:19:51: Epoch [82/1000]
09/04/2026,18:19:51: Negative sampling...
09/04/2026,18:19:53: Model's personal time...
09/04/2026,18:19:53: Training...
09/04/2026,18:19:54: Evaluating...
09/04/2026,18:19:55: 	Train Loss: 3882396.7500 (base: 242.8568, kd: 7764.3081), Elapsed: train 2.79 test 0.42
09/04/2026,18:19:55: 	Recall@10: 0.06424 Recall@20: 0.09439 NDCG@10: 0.03835 NDCG@20: 0.04669 
09/04/2026,18:19:55: 	Recall@10: 0.02597 Recall@20: 0.03991 NDCG@10: 0.01458 NDCG@20: 0.01842 
09/04/2026,18:19:55: Epoch [83/1000]
09/04/2026,18:19:55: Negative sampling...
09/04/2026,18:19:56: Model's personal time...
09/04/2026,18:19:56: Training...
09/04/2026,18:19:57: Evaluating...
09/04/2026,18:19:58: 	Train Loss: 3880758.7500 (base: 242.8868, kd: 7761.0317), Elapsed: train 2.61 test 0.43
09/04/2026,18:19:58: 	Recall@10: 0.06428 Recall@20: 0.09358 NDCG@10: 0.03848 NDCG@20: 0.04653 
09/04/2026,18:19:58: 	Recall@10: 0.02688 Recall@20: 0.04128 NDCG@10: 0.01491 NDCG@20: 0.01887 
09/04/2026,18:19:58: Epoch [84/1000]
09/04/2026,18:19:58: Negative sampling...
09/04/2026,18:19:59: Model's personal time...
09/04/2026,18:19:59: Training...
09/04/2026,18:20:00: Evaluating...
09/04/2026,18:20:01: 	Train Loss: 3881084.7500 (base: 238.1329, kd: 7761.6924), Elapsed: train 2.64 test 0.51
09/04/2026,18:20:01: 	Recall@10: 0.06377 Recall@20: 0.09485 NDCG@10: 0.03830 NDCG@20: 0.04674 
09/04/2026,18:20:01: 	Recall@10: 0.02588 Recall@20: 0.04080 NDCG@10: 0.01468 NDCG@20: 0.01876 
09/04/2026,18:20:01: Epoch [85/1000]
09/04/2026,18:20:01: Negative sampling...
09/04/2026,18:20:02: Model's personal time...
09/04/2026,18:20:02: Training...
09/04/2026,18:20:04: Evaluating...
09/04/2026,18:20:04: 	Train Loss: 3880583.0000 (base: 235.0533, kd: 7760.6958), Elapsed: train 2.81 test 0.52
09/04/2026,18:20:04: 	Recall@10: 0.06476 Recall@20: 0.09412 NDCG@10: 0.03850 NDCG@20: 0.04651 
09/04/2026,18:20:04: 	Recall@10: 0.02611 Recall@20: 0.04073 NDCG@10: 0.01478 NDCG@20: 0.01879 
09/04/2026,18:20:04: Epoch [86/1000]
09/04/2026,18:20:04: Negative sampling...
09/04/2026,18:20:05: Model's personal time...
09/04/2026,18:20:06: Training...
09/04/2026,18:20:07: Evaluating...
09/04/2026,18:20:07: 	Train Loss: 3877821.2500 (base: 235.1921, kd: 7755.1719), Elapsed: train 2.52 test 0.41
09/04/2026,18:20:07: 	Recall@10: 0.06478 Recall@20: 0.09372 NDCG@10: 0.03866 NDCG@20: 0.04667 
09/04/2026,18:20:07: 	Recall@10: 0.02639 Recall@20: 0.04027 NDCG@10: 0.01476 NDCG@20: 0.01857 
09/04/2026,18:20:07: Epoch [87/1000]
09/04/2026,18:20:07: Negative sampling...
09/04/2026,18:20:08: Model's personal time...
09/04/2026,18:20:09: Training...
09/04/2026,18:20:10: Evaluating...
09/04/2026,18:20:10: 	Train Loss: 3878113.5000 (base: 233.6069, kd: 7755.7603), Elapsed: train 2.72 test 0.41
09/04/2026,18:20:10: 	Recall@10: 0.06406 Recall@20: 0.09327 NDCG@10: 0.03830 NDCG@20: 0.04635 
09/04/2026,18:20:10: 	Recall@10: 0.02653 Recall@20: 0.04110 NDCG@10: 0.01483 NDCG@20: 0.01881 
09/04/2026,18:20:10: Epoch [88/1000]
09/04/2026,18:20:10: Negative sampling...
09/04/2026,18:20:12: Model's personal time...
09/04/2026,18:20:12: Training...
09/04/2026,18:20:13: Evaluating...
09/04/2026,18:20:13: 	Train Loss: 3877174.5000 (base: 234.0692, kd: 7753.8813), Elapsed: train 2.76 test 0.44
09/04/2026,18:20:13: 	Recall@10: 0.06520 Recall@20: 0.09291 NDCG@10: 0.03853 NDCG@20: 0.04623 
09/04/2026,18:20:13: 	Recall@10: 0.02576 Recall@20: 0.04154 NDCG@10: 0.01452 NDCG@20: 0.01882 
09/04/2026,18:20:13: Epoch [89/1000]
09/04/2026,18:20:13: Negative sampling...
09/04/2026,18:20:15: Model's personal time...
09/04/2026,18:20:15: Training...
09/04/2026,18:20:16: Evaluating...
09/04/2026,18:20:16: 	Train Loss: 3875644.0000 (base: 231.7473, kd: 7750.8242), Elapsed: train 2.72 test 0.42
09/04/2026,18:20:16: 	Recall@10: 0.06419 Recall@20: 0.09349 NDCG@10: 0.03832 NDCG@20: 0.04634 
09/04/2026,18:20:16: 	Recall@10: 0.02541 Recall@20: 0.04132 NDCG@10: 0.01450 NDCG@20: 0.01884 
09/04/2026,18:20:16: Epoch [90/1000]
09/04/2026,18:20:16: Negative sampling...
09/04/2026,18:20:18: Model's personal time...
09/04/2026,18:20:18: Training...
09/04/2026,18:20:19: Evaluating...
09/04/2026,18:20:20: 	Train Loss: 3875896.0000 (base: 227.0136, kd: 7751.3384), Elapsed: train 2.73 test 0.53
09/04/2026,18:20:20: 	Recall@10: 0.06468 Recall@20: 0.09320 NDCG@10: 0.03831 NDCG@20: 0.04611 
09/04/2026,18:20:20: 	Recall@10: 0.02602 Recall@20: 0.04079 NDCG@10: 0.01457 NDCG@20: 0.01865 
09/04/2026,18:20:20: Epoch [91/1000]
09/04/2026,18:20:20: Negative sampling...
09/04/2026,18:20:21: Model's personal time...
09/04/2026,18:20:21: Training...
09/04/2026,18:20:22: Evaluating...
09/04/2026,18:20:23: 	Train Loss: 3874202.0000 (base: 226.2896, kd: 7747.9521), Elapsed: train 2.62 test 0.47 *
09/04/2026,18:20:23: 	Recall@10: 0.06381 Recall@20: 0.09547 NDCG@10: 0.03842 NDCG@20: 0.04710 
09/04/2026,18:20:23: 	Recall@10: 0.02669 Recall@20: 0.04112 NDCG@10: 0.01492 NDCG@20: 0.01884 
09/04/2026,18:20:23: Epoch [92/1000]
09/04/2026,18:20:23: Negative sampling...
09/04/2026,18:20:24: Model's personal time...
09/04/2026,18:20:24: Training...
09/04/2026,18:20:25: Evaluating...
09/04/2026,18:20:26: 	Train Loss: 3872743.7500 (base: 225.9389, kd: 7745.0356), Elapsed: train 2.67 test 0.44
09/04/2026,18:20:26: 	Recall@10: 0.06369 Recall@20: 0.09438 NDCG@10: 0.03835 NDCG@20: 0.04673 
09/04/2026,18:20:26: 	Recall@10: 0.02619 Recall@20: 0.04094 NDCG@10: 0.01474 NDCG@20: 0.01875 
09/04/2026,18:20:26: Epoch [93/1000]
09/04/2026,18:20:26: Negative sampling...
09/04/2026,18:20:27: Model's personal time...
09/04/2026,18:20:28: Training...
09/04/2026,18:20:29: Evaluating...
09/04/2026,18:20:29: 	Train Loss: 3871446.5000 (base: 221.2160, kd: 7742.4502), Elapsed: train 2.82 test 0.44
09/04/2026,18:20:29: 	Recall@10: 0.06562 Recall@20: 0.09508 NDCG@10: 0.03869 NDCG@20: 0.04668 
09/04/2026,18:20:29: 	Recall@10: 0.02665 Recall@20: 0.04056 NDCG@10: 0.01491 NDCG@20: 0.01872 
09/04/2026,18:20:29: Epoch [94/1000]
09/04/2026,18:20:29: Negative sampling...
09/04/2026,18:20:31: Model's personal time...
09/04/2026,18:20:31: Training...
09/04/2026,18:20:32: Evaluating...
09/04/2026,18:20:32: 	Train Loss: 3871613.2500 (base: 220.1107, kd: 7742.7861), Elapsed: train 2.89 test 0.42
09/04/2026,18:20:32: 	Recall@10: 0.06367 Recall@20: 0.09438 NDCG@10: 0.03806 NDCG@20: 0.04648 
09/04/2026,18:20:32: 	Recall@10: 0.02610 Recall@20: 0.04110 NDCG@10: 0.01471 NDCG@20: 0.01880 
09/04/2026,18:20:32: Epoch [95/1000]
09/04/2026,18:20:32: Negative sampling...
09/04/2026,18:20:34: Model's personal time...
09/04/2026,18:20:34: Training...
09/04/2026,18:20:35: Evaluating...
09/04/2026,18:20:36: 	Train Loss: 3870020.5000 (base: 216.4379, kd: 7739.6084), Elapsed: train 2.65 test 0.41
09/04/2026,18:20:36: 	Recall@10: 0.06432 Recall@20: 0.09526 NDCG@10: 0.03834 NDCG@20: 0.04672 
09/04/2026,18:20:36: 	Recall@10: 0.02688 Recall@20: 0.04243 NDCG@10: 0.01504 NDCG@20: 0.01922 
09/04/2026,18:20:36: Epoch [96/1000]
09/04/2026,18:20:36: Negative sampling...
09/04/2026,18:20:37: Model's personal time...
09/04/2026,18:20:37: Training...
09/04/2026,18:20:38: Evaluating...
09/04/2026,18:20:39: 	Train Loss: 3869048.0000 (base: 214.7456, kd: 7737.6670), Elapsed: train 2.63 test 0.42
09/04/2026,18:20:39: 	Recall@10: 0.06396 Recall@20: 0.09550 NDCG@10: 0.03822 NDCG@20: 0.04684 
09/04/2026,18:20:39: 	Recall@10: 0.02677 Recall@20: 0.04119 NDCG@10: 0.01505 NDCG@20: 0.01897 
09/04/2026,18:20:39: Epoch [97/1000]
09/04/2026,18:20:39: Negative sampling...
09/04/2026,18:20:40: Model's personal time...
09/04/2026,18:20:40: Training...
09/04/2026,18:20:41: Evaluating...
09/04/2026,18:20:42: 	Train Loss: 3869568.5000 (base: 217.4341, kd: 7738.7026), Elapsed: train 2.59 test 0.42
09/04/2026,18:20:42: 	Recall@10: 0.06592 Recall@20: 0.09534 NDCG@10: 0.03898 NDCG@20: 0.04701 
09/04/2026,18:20:42: 	Recall@10: 0.02694 Recall@20: 0.04183 NDCG@10: 0.01520 NDCG@20: 0.01928 
09/04/2026,18:20:42: Epoch [98/1000]
09/04/2026,18:20:42: Negative sampling...
09/04/2026,18:20:43: Model's personal time...
09/04/2026,18:20:43: Training...
09/04/2026,18:20:44: Evaluating...
09/04/2026,18:20:45: 	Train Loss: 3866949.7500 (base: 216.8975, kd: 7733.4658), Elapsed: train 2.54 test 0.43
09/04/2026,18:20:45: 	Recall@10: 0.06389 Recall@20: 0.09443 NDCG@10: 0.03808 NDCG@20: 0.04644 
09/04/2026,18:20:45: 	Recall@10: 0.02596 Recall@20: 0.04103 NDCG@10: 0.01481 NDCG@20: 0.01890 
09/04/2026,18:20:45: Epoch [99/1000]
09/04/2026,18:20:45: Negative sampling...
09/04/2026,18:20:46: Model's personal time...
09/04/2026,18:20:46: Training...
09/04/2026,18:20:47: Evaluating...
09/04/2026,18:20:48: 	Train Loss: 3867093.5000 (base: 211.8911, kd: 7733.7632), Elapsed: train 2.61 test 0.53 *
09/04/2026,18:20:48: 	Recall@10: 0.06494 Recall@20: 0.09530 NDCG@10: 0.03904 NDCG@20: 0.04734 
09/04/2026,18:20:48: 	Recall@10: 0.02656 Recall@20: 0.04221 NDCG@10: 0.01495 NDCG@20: 0.01918 
09/04/2026,18:20:48: Epoch [100/1000]
09/04/2026,18:20:48: Negative sampling...
09/04/2026,18:20:49: Model's personal time...
09/04/2026,18:20:49: Training...
09/04/2026,18:20:50: Evaluating...
09/04/2026,18:20:51: 	Train Loss: 3865657.0000 (base: 211.8209, kd: 7730.8901), Elapsed: train 2.59 test 0.51
09/04/2026,18:20:51: 	Recall@10: 0.06435 Recall@20: 0.09501 NDCG@10: 0.03857 NDCG@20: 0.04695 
09/04/2026,18:20:51: 	Recall@10: 0.02581 Recall@20: 0.04142 NDCG@10: 0.01475 NDCG@20: 0.01899 
09/04/2026,18:20:51: Epoch [101/1000]
09/04/2026,18:20:51: Negative sampling...
09/04/2026,18:20:52: Model's personal time...
09/04/2026,18:20:53: Training...
09/04/2026,18:20:54: Evaluating...
09/04/2026,18:20:54: 	Train Loss: 3865781.7500 (base: 209.0772, kd: 7731.1450), Elapsed: train 3.04 test 0.41
09/04/2026,18:20:54: 	Recall@10: 0.06442 Recall@20: 0.09505 NDCG@10: 0.03867 NDCG@20: 0.04701 
09/04/2026,18:20:54: 	Recall@10: 0.02643 Recall@20: 0.04211 NDCG@10: 0.01483 NDCG@20: 0.01909 
09/04/2026,18:20:54: Epoch [102/1000]
09/04/2026,18:20:54: Negative sampling...
09/04/2026,18:20:56: Model's personal time...
09/04/2026,18:20:56: Training...
09/04/2026,18:20:57: Evaluating...
09/04/2026,18:20:57: 	Train Loss: 3864869.2500 (base: 210.3942, kd: 7729.3174), Elapsed: train 2.59 test 0.42
09/04/2026,18:20:57: 	Recall@10: 0.06481 Recall@20: 0.09475 NDCG@10: 0.03806 NDCG@20: 0.04618 
09/04/2026,18:20:57: 	Recall@10: 0.02596 Recall@20: 0.04204 NDCG@10: 0.01476 NDCG@20: 0.01911 
09/04/2026,18:20:57: Epoch [103/1000]
09/04/2026,18:20:57: Negative sampling...
09/04/2026,18:20:59: Model's personal time...
09/04/2026,18:20:59: Training...
09/04/2026,18:21:00: Evaluating...
09/04/2026,18:21:00: 	Train Loss: 3865478.5000 (base: 209.1972, kd: 7730.5381), Elapsed: train 2.53 test 0.42 *
09/04/2026,18:21:00: 	Recall@10: 0.06519 Recall@20: 0.09625 NDCG@10: 0.03904 NDCG@20: 0.04740 
09/04/2026,18:21:00: 	Recall@10: 0.02653 Recall@20: 0.04151 NDCG@10: 0.01489 NDCG@20: 0.01895 
09/04/2026,18:21:00: Epoch [104/1000]
09/04/2026,18:21:00: Negative sampling...
09/04/2026,18:21:02: Model's personal time...
09/04/2026,18:21:02: Training...
09/04/2026,18:21:03: Evaluating...
09/04/2026,18:21:03: 	Train Loss: 3863787.0000 (base: 205.0465, kd: 7727.1631), Elapsed: train 2.52 test 0.42
09/04/2026,18:21:03: 	Recall@10: 0.06391 Recall@20: 0.09404 NDCG@10: 0.03831 NDCG@20: 0.04651 
09/04/2026,18:21:03: 	Recall@10: 0.02643 Recall@20: 0.04220 NDCG@10: 0.01494 NDCG@20: 0.01923 
09/04/2026,18:21:03: Epoch [105/1000]
09/04/2026,18:21:03: Negative sampling...
09/04/2026,18:21:04: Model's personal time...
09/04/2026,18:21:05: Training...
09/04/2026,18:21:06: Evaluating...
09/04/2026,18:21:06: 	Train Loss: 3863058.7500 (base: 203.3878, kd: 7725.7109), Elapsed: train 2.54 test 0.42
09/04/2026,18:21:06: 	Recall@10: 0.06425 Recall@20: 0.09632 NDCG@10: 0.03850 NDCG@20: 0.04723 
09/04/2026,18:21:06: 	Recall@10: 0.02695 Recall@20: 0.04175 NDCG@10: 0.01508 NDCG@20: 0.01909 
09/04/2026,18:21:06: Epoch [106/1000]
09/04/2026,18:21:06: Negative sampling...
09/04/2026,18:21:08: Model's personal time...
09/04/2026,18:21:08: Training...
09/04/2026,18:21:09: Evaluating...
09/04/2026,18:21:09: 	Train Loss: 3861483.0000 (base: 203.7558, kd: 7722.5586), Elapsed: train 2.64 test 0.42
09/04/2026,18:21:09: 	Recall@10: 0.06506 Recall@20: 0.09669 NDCG@10: 0.03870 NDCG@20: 0.04727 
09/04/2026,18:21:09: 	Recall@10: 0.02533 Recall@20: 0.04163 NDCG@10: 0.01467 NDCG@20: 0.01910 
09/04/2026,18:21:09: Epoch [107/1000]
09/04/2026,18:21:09: Negative sampling...
09/04/2026,18:21:11: Model's personal time...
09/04/2026,18:21:11: Training...
09/04/2026,18:21:12: Evaluating...
09/04/2026,18:21:12: 	Train Loss: 3861861.2500 (base: 202.2044, kd: 7723.3179), Elapsed: train 2.64 test 0.48 *
09/04/2026,18:21:12: 	Recall@10: 0.06516 Recall@20: 0.09620 NDCG@10: 0.03894 NDCG@20: 0.04741 
09/04/2026,18:21:12: 	Recall@10: 0.02640 Recall@20: 0.04192 NDCG@10: 0.01492 NDCG@20: 0.01914 
09/04/2026,18:21:12: Epoch [108/1000]
09/04/2026,18:21:12: Negative sampling...
09/04/2026,18:21:14: Model's personal time...
09/04/2026,18:21:14: Training...
09/04/2026,18:21:15: Evaluating...
09/04/2026,18:21:15: 	Train Loss: 3859284.7500 (base: 202.4904, kd: 7718.1646), Elapsed: train 2.70 test 0.49
09/04/2026,18:21:15: 	Recall@10: 0.06400 Recall@20: 0.09413 NDCG@10: 0.03865 NDCG@20: 0.04686 
09/04/2026,18:21:15: 	Recall@10: 0.02615 Recall@20: 0.04216 NDCG@10: 0.01478 NDCG@20: 0.01914 
09/04/2026,18:21:15: Epoch [109/1000]
09/04/2026,18:21:15: Negative sampling...
09/04/2026,18:21:17: Model's personal time...
09/04/2026,18:21:17: Training...
09/04/2026,18:21:18: Evaluating...
09/04/2026,18:21:19: 	Train Loss: 3860699.2500 (base: 200.8727, kd: 7720.9971), Elapsed: train 2.82 test 0.42
09/04/2026,18:21:19: 	Recall@10: 0.06514 Recall@20: 0.09656 NDCG@10: 0.03884 NDCG@20: 0.04729 
09/04/2026,18:21:19: 	Recall@10: 0.02627 Recall@20: 0.04140 NDCG@10: 0.01479 NDCG@20: 0.01890 
09/04/2026,18:21:19: Epoch [110/1000]
09/04/2026,18:21:19: Negative sampling...
09/04/2026,18:21:20: Model's personal time...
09/04/2026,18:21:20: Training...
09/04/2026,18:21:22: Evaluating...
09/04/2026,18:21:22: 	Train Loss: 3858415.2500 (base: 198.3939, kd: 7716.4336), Elapsed: train 2.82 test 0.52
09/04/2026,18:21:22: 	Recall@10: 0.06354 Recall@20: 0.09468 NDCG@10: 0.03838 NDCG@20: 0.04687 
09/04/2026,18:21:22: 	Recall@10: 0.02635 Recall@20: 0.04197 NDCG@10: 0.01488 NDCG@20: 0.01912 
09/04/2026,18:21:22: Epoch [111/1000]
09/04/2026,18:21:22: Negative sampling...
09/04/2026,18:21:24: Model's personal time...
09/04/2026,18:21:24: Training...
09/04/2026,18:21:25: Evaluating...
09/04/2026,18:21:26: 	Train Loss: 3857843.5000 (base: 199.2745, kd: 7715.2881), Elapsed: train 3.00 test 0.50 *
09/04/2026,18:21:26: 	Recall@10: 0.06362 Recall@20: 0.09767 NDCG@10: 0.03833 NDCG@20: 0.04754 
09/04/2026,18:21:26: 	Recall@10: 0.02709 Recall@20: 0.04075 NDCG@10: 0.01514 NDCG@20: 0.01888 
09/04/2026,18:21:26: Epoch [112/1000]
09/04/2026,18:21:26: Negative sampling...
09/04/2026,18:21:27: Model's personal time...
09/04/2026,18:21:27: Training...
09/04/2026,18:21:28: Evaluating...
09/04/2026,18:21:29: 	Train Loss: 3857218.0000 (base: 201.1128, kd: 7714.0332), Elapsed: train 2.56 test 0.53
09/04/2026,18:21:29: 	Recall@10: 0.06343 Recall@20: 0.09395 NDCG@10: 0.03802 NDCG@20: 0.04643 
09/04/2026,18:21:29: 	Recall@10: 0.02586 Recall@20: 0.04155 NDCG@10: 0.01474 NDCG@20: 0.01900 
09/04/2026,18:21:29: Epoch [113/1000]
09/04/2026,18:21:29: Negative sampling...
09/04/2026,18:21:30: Model's personal time...
09/04/2026,18:21:30: Training...
09/04/2026,18:21:31: Evaluating...
09/04/2026,18:21:32: 	Train Loss: 3856912.2500 (base: 193.5755, kd: 7713.4375), Elapsed: train 2.77 test 0.41
09/04/2026,18:21:32: 	Recall@10: 0.06553 Recall@20: 0.09588 NDCG@10: 0.03873 NDCG@20: 0.04705 
09/04/2026,18:21:32: 	Recall@10: 0.02658 Recall@20: 0.04173 NDCG@10: 0.01498 NDCG@20: 0.01911 
09/04/2026,18:21:32: Epoch [114/1000]
09/04/2026,18:21:32: Negative sampling...
09/04/2026,18:21:33: Model's personal time...
09/04/2026,18:21:33: Training...
09/04/2026,18:21:34: Evaluating...
09/04/2026,18:21:35: 	Train Loss: 3856215.5000 (base: 196.3058, kd: 7712.0381), Elapsed: train 2.47 test 0.41
09/04/2026,18:21:35: 	Recall@10: 0.06456 Recall@20: 0.09529 NDCG@10: 0.03849 NDCG@20: 0.04681 
09/04/2026,18:21:35: 	Recall@10: 0.02619 Recall@20: 0.04167 NDCG@10: 0.01486 NDCG@20: 0.01901 
09/04/2026,18:21:35: Epoch [115/1000]
09/04/2026,18:21:35: Negative sampling...
09/04/2026,18:21:36: Model's personal time...
09/04/2026,18:21:36: Training...
09/04/2026,18:21:37: Evaluating...
09/04/2026,18:21:38: 	Train Loss: 3856724.2500 (base: 195.4271, kd: 7713.0581), Elapsed: train 2.53 test 0.48
09/04/2026,18:21:38: 	Recall@10: 0.06417 Recall@20: 0.09674 NDCG@10: 0.03862 NDCG@20: 0.04751 
09/04/2026,18:21:38: 	Recall@10: 0.02725 Recall@20: 0.04213 NDCG@10: 0.01522 NDCG@20: 0.01923 
09/04/2026,18:21:38: Epoch [116/1000]
09/04/2026,18:21:38: Negative sampling...
09/04/2026,18:21:39: Model's personal time...
09/04/2026,18:21:39: Training...
09/04/2026,18:21:40: Evaluating...
09/04/2026,18:21:41: 	Train Loss: 3856133.2500 (base: 188.6876, kd: 7711.8887), Elapsed: train 2.51 test 0.44
09/04/2026,18:21:41: 	Recall@10: 0.06381 Recall@20: 0.09676 NDCG@10: 0.03830 NDCG@20: 0.04728 
09/04/2026,18:21:41: 	Recall@10: 0.02658 Recall@20: 0.04151 NDCG@10: 0.01501 NDCG@20: 0.01904 
09/04/2026,18:21:41: Epoch [117/1000]
09/04/2026,18:21:41: Negative sampling...
09/04/2026,18:21:42: Model's personal time...
09/04/2026,18:21:42: Training...
09/04/2026,18:21:43: Evaluating...
09/04/2026,18:21:44: 	Train Loss: 3856427.2500 (base: 190.0063, kd: 7712.4741), Elapsed: train 2.66 test 0.53
09/04/2026,18:21:44: 	Recall@10: 0.06373 Recall@20: 0.09738 NDCG@10: 0.03831 NDCG@20: 0.04752 
09/04/2026,18:21:44: 	Recall@10: 0.02776 Recall@20: 0.04202 NDCG@10: 0.01548 NDCG@20: 0.01931 
09/04/2026,18:21:44: Epoch [118/1000]
09/04/2026,18:21:44: Negative sampling...
09/04/2026,18:21:45: Model's personal time...
09/04/2026,18:21:45: Training...
09/04/2026,18:21:46: Evaluating...
09/04/2026,18:21:47: 	Train Loss: 3852962.2500 (base: 187.9481, kd: 7705.5483), Elapsed: train 2.62 test 0.44 *
09/04/2026,18:21:47: 	Recall@10: 0.06405 Recall@20: 0.09610 NDCG@10: 0.03879 NDCG@20: 0.04756 
09/04/2026,18:21:47: 	Recall@10: 0.02576 Recall@20: 0.04071 NDCG@10: 0.01477 NDCG@20: 0.01885 
09/04/2026,18:21:47: Epoch [119/1000]
09/04/2026,18:21:47: Negative sampling...
09/04/2026,18:21:48: Model's personal time...
09/04/2026,18:21:48: Training...
09/04/2026,18:21:50: Evaluating...
09/04/2026,18:21:50: 	Train Loss: 3853009.5000 (base: 186.5876, kd: 7705.6460), Elapsed: train 2.73 test 0.47 *
09/04/2026,18:21:50: 	Recall@10: 0.06373 Recall@20: 0.09781 NDCG@10: 0.03865 NDCG@20: 0.04790 
09/04/2026,18:21:50: 	Recall@10: 0.02639 Recall@20: 0.04141 NDCG@10: 0.01492 NDCG@20: 0.01899 
09/04/2026,18:21:50: Epoch [120/1000]
09/04/2026,18:21:50: Negative sampling...
09/04/2026,18:21:52: Model's personal time...
09/04/2026,18:21:52: Training...
09/04/2026,18:21:53: Evaluating...
09/04/2026,18:21:53: 	Train Loss: 3852288.0000 (base: 182.6836, kd: 7704.2109), Elapsed: train 2.64 test 0.49
09/04/2026,18:21:53: 	Recall@10: 0.06390 Recall@20: 0.09604 NDCG@10: 0.03854 NDCG@20: 0.04728 
09/04/2026,18:21:53: 	Recall@10: 0.02667 Recall@20: 0.04106 NDCG@10: 0.01516 NDCG@20: 0.01906 
09/04/2026,18:21:53: Epoch [121/1000]
09/04/2026,18:21:53: Negative sampling...
09/04/2026,18:21:55: Model's personal time...
09/04/2026,18:21:55: Training...
09/04/2026,18:21:56: Evaluating...
09/04/2026,18:21:56: 	Train Loss: 3853676.2500 (base: 184.8657, kd: 7706.9834), Elapsed: train 2.59 test 0.45
09/04/2026,18:21:56: 	Recall@10: 0.06385 Recall@20: 0.09637 NDCG@10: 0.03862 NDCG@20: 0.04746 
09/04/2026,18:21:56: 	Recall@10: 0.02674 Recall@20: 0.04077 NDCG@10: 0.01520 NDCG@20: 0.01902 
09/04/2026,18:21:56: Epoch [122/1000]
09/04/2026,18:21:56: Negative sampling...
09/04/2026,18:21:58: Model's personal time...
09/04/2026,18:21:58: Training...
09/04/2026,18:21:59: Evaluating...
09/04/2026,18:21:59: 	Train Loss: 3852602.0000 (base: 184.6919, kd: 7704.8354), Elapsed: train 2.69 test 0.42
09/04/2026,18:21:59: 	Recall@10: 0.06409 Recall@20: 0.09597 NDCG@10: 0.03846 NDCG@20: 0.04708 
09/04/2026,18:21:59: 	Recall@10: 0.02591 Recall@20: 0.04105 NDCG@10: 0.01472 NDCG@20: 0.01883 
09/04/2026,18:21:59: Epoch [123/1000]
09/04/2026,18:21:59: Negative sampling...
09/04/2026,18:22:01: Model's personal time...
09/04/2026,18:22:01: Training...
09/04/2026,18:22:02: Evaluating...
09/04/2026,18:22:03: 	Train Loss: 3853018.7500 (base: 181.9208, kd: 7705.6733), Elapsed: train 2.60 test 0.54
09/04/2026,18:22:03: 	Recall@10: 0.06401 Recall@20: 0.09583 NDCG@10: 0.03824 NDCG@20: 0.04689 
09/04/2026,18:22:03: 	Recall@10: 0.02688 Recall@20: 0.04120 NDCG@10: 0.01520 NDCG@20: 0.01907 
09/04/2026,18:22:03: Epoch [124/1000]
09/04/2026,18:22:03: Negative sampling...
09/04/2026,18:22:04: Model's personal time...
09/04/2026,18:22:04: Training...
09/04/2026,18:22:05: Evaluating...
09/04/2026,18:22:06: 	Train Loss: 3851579.7500 (base: 182.1376, kd: 7702.7949), Elapsed: train 2.73 test 0.52
09/04/2026,18:22:06: 	Recall@10: 0.06488 Recall@20: 0.09606 NDCG@10: 0.03844 NDCG@20: 0.04693 
09/04/2026,18:22:06: 	Recall@10: 0.02619 Recall@20: 0.04060 NDCG@10: 0.01480 NDCG@20: 0.01873 
09/04/2026,18:22:06: Epoch [125/1000]
09/04/2026,18:22:06: Negative sampling...
09/04/2026,18:22:07: Model's personal time...
09/04/2026,18:22:07: Training...
09/04/2026,18:22:08: Evaluating...
09/04/2026,18:22:09: 	Train Loss: 3850004.5000 (base: 181.5450, kd: 7699.6460), Elapsed: train 2.52 test 0.42
09/04/2026,18:22:09: 	Recall@10: 0.06463 Recall@20: 0.09627 NDCG@10: 0.03863 NDCG@20: 0.04719 
09/04/2026,18:22:09: 	Recall@10: 0.02610 Recall@20: 0.04089 NDCG@10: 0.01480 NDCG@20: 0.01881 
09/04/2026,18:22:09: Epoch [126/1000]
09/04/2026,18:22:09: Negative sampling...
09/04/2026,18:22:10: Model's personal time...
09/04/2026,18:22:10: Training...
09/04/2026,18:22:11: Evaluating...
09/04/2026,18:22:12: 	Train Loss: 3850107.2500 (base: 183.7709, kd: 7699.8477), Elapsed: train 2.49 test 0.42
09/04/2026,18:22:12: 	Recall@10: 0.06513 Recall@20: 0.09688 NDCG@10: 0.03900 NDCG@20: 0.04754 
09/04/2026,18:22:12: 	Recall@10: 0.02672 Recall@20: 0.04151 NDCG@10: 0.01495 NDCG@20: 0.01899 
09/04/2026,18:22:12: Epoch [127/1000]
09/04/2026,18:22:12: Negative sampling...
09/04/2026,18:22:13: Model's personal time...
09/04/2026,18:22:13: Training...
09/04/2026,18:22:14: Evaluating...
09/04/2026,18:22:15: 	Train Loss: 3850035.7500 (base: 179.6781, kd: 7699.7114), Elapsed: train 2.51 test 0.42
09/04/2026,18:22:15: 	Recall@10: 0.06388 Recall@20: 0.09740 NDCG@10: 0.03825 NDCG@20: 0.04740 
09/04/2026,18:22:15: 	Recall@10: 0.02629 Recall@20: 0.04017 NDCG@10: 0.01501 NDCG@20: 0.01874 
09/04/2026,18:22:15: Epoch [128/1000]
09/04/2026,18:22:15: Negative sampling...
09/04/2026,18:22:16: Model's personal time...
09/04/2026,18:22:16: Training...
09/04/2026,18:22:17: Evaluating...
09/04/2026,18:22:18: 	Train Loss: 3848420.5000 (base: 179.4309, kd: 7696.4819), Elapsed: train 2.56 test 0.45
09/04/2026,18:22:18: 	Recall@10: 0.06381 Recall@20: 0.09677 NDCG@10: 0.03848 NDCG@20: 0.04739 
09/04/2026,18:22:18: 	Recall@10: 0.02633 Recall@20: 0.04097 NDCG@10: 0.01505 NDCG@20: 0.01905 
09/04/2026,18:22:18: Epoch [129/1000]
09/04/2026,18:22:18: Negative sampling...
09/04/2026,18:22:19: Model's personal time...
09/04/2026,18:22:19: Training...
09/04/2026,18:22:20: Evaluating...
09/04/2026,18:22:21: 	Train Loss: 3848303.2500 (base: 183.7531, kd: 7696.2388), Elapsed: train 2.72 test 0.44
09/04/2026,18:22:21: 	Recall@10: 0.06398 Recall@20: 0.09686 NDCG@10: 0.03842 NDCG@20: 0.04744 
09/04/2026,18:22:21: 	Recall@10: 0.02600 Recall@20: 0.04121 NDCG@10: 0.01483 NDCG@20: 0.01892 
09/04/2026,18:22:21: Epoch [130/1000]
09/04/2026,18:22:21: Negative sampling...
09/04/2026,18:22:22: Model's personal time...
09/04/2026,18:22:22: Training...
09/04/2026,18:22:23: Evaluating...
09/04/2026,18:22:24: 	Train Loss: 3846960.0000 (base: 178.1543, kd: 7693.5635), Elapsed: train 2.58 test 0.45
09/04/2026,18:22:24: 	Recall@10: 0.06457 Recall@20: 0.09668 NDCG@10: 0.03868 NDCG@20: 0.04732 
09/04/2026,18:22:24: 	Recall@10: 0.02636 Recall@20: 0.04043 NDCG@10: 0.01491 NDCG@20: 0.01877 
09/04/2026,18:22:24: Epoch [131/1000]
09/04/2026,18:22:24: Negative sampling...
09/04/2026,18:22:25: Model's personal time...
09/04/2026,18:22:25: Training...
09/04/2026,18:22:26: Evaluating...
09/04/2026,18:22:27: 	Train Loss: 3848335.0000 (base: 178.2506, kd: 7696.3130), Elapsed: train 2.58 test 0.51
09/04/2026,18:22:27: 	Recall@10: 0.06369 Recall@20: 0.09733 NDCG@10: 0.03840 NDCG@20: 0.04757 
09/04/2026,18:22:27: 	Recall@10: 0.02600 Recall@20: 0.04065 NDCG@10: 0.01476 NDCG@20: 0.01870 
09/04/2026,18:22:27: Epoch [132/1000]
09/04/2026,18:22:27: Negative sampling...
09/04/2026,18:22:28: Model's personal time...
09/04/2026,18:22:28: Training...
09/04/2026,18:22:29: Evaluating...
09/04/2026,18:22:30: 	Train Loss: 3846825.5000 (base: 173.1495, kd: 7693.3042), Elapsed: train 2.55 test 0.51
09/04/2026,18:22:30: 	Recall@10: 0.06375 Recall@20: 0.09728 NDCG@10: 0.03856 NDCG@20: 0.04758 
09/04/2026,18:22:30: 	Recall@10: 0.02634 Recall@20: 0.04054 NDCG@10: 0.01503 NDCG@20: 0.01887 
09/04/2026,18:22:30: Epoch [133/1000]
09/04/2026,18:22:30: Negative sampling...
09/04/2026,18:22:31: Model's personal time...
09/04/2026,18:22:31: Training...
09/04/2026,18:22:33: Evaluating...
09/04/2026,18:22:33: 	Train Loss: 3846050.5000 (base: 176.3072, kd: 7691.7485), Elapsed: train 2.68 test 0.50
09/04/2026,18:22:33: 	Recall@10: 0.06318 Recall@20: 0.09673 NDCG@10: 0.03828 NDCG@20: 0.04744 
09/04/2026,18:22:33: 	Recall@10: 0.02693 Recall@20: 0.04084 NDCG@10: 0.01513 NDCG@20: 0.01886 
09/04/2026,18:22:33: Epoch [134/1000]
09/04/2026,18:22:33: Negative sampling...
09/04/2026,18:22:34: Model's personal time...
09/04/2026,18:22:35: Training...
09/04/2026,18:22:36: Evaluating...
09/04/2026,18:22:36: 	Train Loss: 3845256.5000 (base: 174.0352, kd: 7690.1650), Elapsed: train 2.69 test 0.46
09/04/2026,18:22:36: 	Recall@10: 0.06348 Recall@20: 0.09598 NDCG@10: 0.03835 NDCG@20: 0.04713 
09/04/2026,18:22:36: 	Recall@10: 0.02639 Recall@20: 0.04124 NDCG@10: 0.01500 NDCG@20: 0.01901 
09/04/2026,18:22:36: Epoch [135/1000]
09/04/2026,18:22:36: Negative sampling...
09/04/2026,18:22:38: Model's personal time...
09/04/2026,18:22:38: Training...
09/04/2026,18:22:39: Evaluating...
09/04/2026,18:22:39: 	Train Loss: 3847154.0000 (base: 173.3154, kd: 7693.9609), Elapsed: train 2.73 test 0.43
09/04/2026,18:22:39: 	Recall@10: 0.06260 Recall@20: 0.09696 NDCG@10: 0.03823 NDCG@20: 0.04760 
09/04/2026,18:22:39: 	Recall@10: 0.02722 Recall@20: 0.04141 NDCG@10: 0.01523 NDCG@20: 0.01906 
09/04/2026,18:22:39: Epoch [136/1000]
09/04/2026,18:22:39: Negative sampling...
09/04/2026,18:22:41: Model's personal time...
09/04/2026,18:22:41: Training...
09/04/2026,18:22:42: Evaluating...
09/04/2026,18:22:42: 	Train Loss: 3845747.7500 (base: 173.5322, kd: 7691.1484), Elapsed: train 2.54 test 0.48
09/04/2026,18:22:42: 	Recall@10: 0.06377 Recall@20: 0.09564 NDCG@10: 0.03851 NDCG@20: 0.04719 
09/04/2026,18:22:42: 	Recall@10: 0.02605 Recall@20: 0.04084 NDCG@10: 0.01481 NDCG@20: 0.01884 
09/04/2026,18:22:42: Epoch [137/1000]
09/04/2026,18:22:42: Negative sampling...
09/04/2026,18:22:44: Model's personal time...
09/04/2026,18:22:44: Training...
09/04/2026,18:22:45: Evaluating...
09/04/2026,18:22:46: 	Train Loss: 3846151.5000 (base: 173.1798, kd: 7691.9565), Elapsed: train 2.85 test 0.51
09/04/2026,18:22:46: 	Recall@10: 0.06343 Recall@20: 0.09624 NDCG@10: 0.03843 NDCG@20: 0.04740 
09/04/2026,18:22:46: 	Recall@10: 0.02696 Recall@20: 0.04194 NDCG@10: 0.01511 NDCG@20: 0.01920 
09/04/2026,18:22:46: Epoch [138/1000]
09/04/2026,18:22:46: Negative sampling...
09/04/2026,18:22:47: Model's personal time...
09/04/2026,18:22:48: Training...
09/04/2026,18:22:49: Evaluating...
09/04/2026,18:22:49: 	Train Loss: 3843710.2500 (base: 172.4838, kd: 7687.0757), Elapsed: train 2.83 test 0.40
09/04/2026,18:22:49: 	Recall@10: 0.06427 Recall@20: 0.09716 NDCG@10: 0.03880 NDCG@20: 0.04772 
09/04/2026,18:22:49: 	Recall@10: 0.02653 Recall@20: 0.04132 NDCG@10: 0.01503 NDCG@20: 0.01900 
09/04/2026,18:22:49: Epoch [139/1000]
09/04/2026,18:22:49: Negative sampling...
09/04/2026,18:22:50: Model's personal time...
09/04/2026,18:22:51: Training...
09/04/2026,18:22:52: Evaluating...
09/04/2026,18:22:52: 	Train Loss: 3844802.2500 (base: 170.6439, kd: 7689.2632), Elapsed: train 2.49 test 0.48
09/04/2026,18:22:52: 	Recall@10: 0.06296 Recall@20: 0.09745 NDCG@10: 0.03830 NDCG@20: 0.04763 
09/04/2026,18:22:52: 	Recall@10: 0.02658 Recall@20: 0.04082 NDCG@10: 0.01491 NDCG@20: 0.01878 
09/04/2026,18:22:52: Epoch [140/1000]
09/04/2026,18:22:52: Negative sampling...
09/04/2026,18:22:53: Model's personal time...
09/04/2026,18:22:54: Training...
09/04/2026,18:22:55: Evaluating...
09/04/2026,18:22:55: 	Train Loss: 3843907.5000 (base: 169.3143, kd: 7687.4771), Elapsed: train 2.69 test 0.42
09/04/2026,18:22:55: 	Recall@10: 0.06331 Recall@20: 0.09716 NDCG@10: 0.03826 NDCG@20: 0.04740 
09/04/2026,18:22:55: 	Recall@10: 0.02640 Recall@20: 0.04074 NDCG@10: 0.01479 NDCG@20: 0.01870 
09/04/2026,18:22:55: Epoch [141/1000]
09/04/2026,18:22:55: Negative sampling...
09/04/2026,18:22:57: Model's personal time...
09/04/2026,18:22:57: Training...
09/04/2026,18:22:58: Evaluating...
09/04/2026,18:22:58: 	Train Loss: 3844209.5000 (base: 167.8352, kd: 7688.0835), Elapsed: train 2.58 test 0.42
09/04/2026,18:22:58: 	Recall@10: 0.06391 Recall@20: 0.09652 NDCG@10: 0.03859 NDCG@20: 0.04741 
09/04/2026,18:22:58: 	Recall@10: 0.02607 Recall@20: 0.04102 NDCG@10: 0.01477 NDCG@20: 0.01882 
09/04/2026,18:22:58: Epoch [142/1000]
09/04/2026,18:22:58: Negative sampling...
09/04/2026,18:22:59: Model's personal time...
09/04/2026,18:23:00: Training...
09/04/2026,18:23:01: Evaluating...
09/04/2026,18:23:01: 	Train Loss: 3842498.5000 (base: 167.5268, kd: 7684.6616), Elapsed: train 2.77 test 0.46
09/04/2026,18:23:01: 	Recall@10: 0.06377 Recall@20: 0.09698 NDCG@10: 0.03842 NDCG@20: 0.04752 
09/04/2026,18:23:01: 	Recall@10: 0.02600 Recall@20: 0.04102 NDCG@10: 0.01487 NDCG@20: 0.01894 
09/04/2026,18:23:01: Epoch [143/1000]
09/04/2026,18:23:01: Negative sampling...
09/04/2026,18:23:03: Model's personal time...
09/04/2026,18:23:03: Training...
09/04/2026,18:23:04: Evaluating...
09/04/2026,18:23:05: 	Train Loss: 3843299.5000 (base: 165.7193, kd: 7686.2676), Elapsed: train 2.74 test 0.46
09/04/2026,18:23:05: 	Recall@10: 0.06459 Recall@20: 0.09728 NDCG@10: 0.03884 NDCG@20: 0.04781 
09/04/2026,18:23:05: 	Recall@10: 0.02607 Recall@20: 0.04063 NDCG@10: 0.01485 NDCG@20: 0.01882 
09/04/2026,18:23:05: Epoch [144/1000]
09/04/2026,18:23:05: Negative sampling...
09/04/2026,18:23:06: Model's personal time...
09/04/2026,18:23:06: Training...
09/04/2026,18:23:07: Evaluating...
09/04/2026,18:23:08: 	Train Loss: 3841623.5000 (base: 163.1846, kd: 7682.9199), Elapsed: train 2.55 test 0.44
09/04/2026,18:23:08: 	Recall@10: 0.06480 Recall@20: 0.09597 NDCG@10: 0.03892 NDCG@20: 0.04745 
09/04/2026,18:23:08: 	Recall@10: 0.02639 Recall@20: 0.04140 NDCG@10: 0.01498 NDCG@20: 0.01902 
09/04/2026,18:23:08: Epoch [145/1000]
09/04/2026,18:23:08: Negative sampling...
09/04/2026,18:23:09: Model's personal time...
09/04/2026,18:23:09: Training...
09/04/2026,18:23:10: Evaluating...
09/04/2026,18:23:11: 	Train Loss: 3842900.5000 (base: 163.3048, kd: 7685.4741), Elapsed: train 2.64 test 0.41 *
09/04/2026,18:23:11: 	Recall@10: 0.06362 Recall@20: 0.09798 NDCG@10: 0.03865 NDCG@20: 0.04799 
09/04/2026,18:23:11: 	Recall@10: 0.02642 Recall@20: 0.04111 NDCG@10: 0.01480 NDCG@20: 0.01879 
09/04/2026,18:23:11: Epoch [146/1000]
09/04/2026,18:23:11: Negative sampling...
09/04/2026,18:23:12: Model's personal time...
09/04/2026,18:23:12: Training...
09/04/2026,18:23:13: Evaluating...
09/04/2026,18:23:14: 	Train Loss: 3840764.7500 (base: 161.4490, kd: 7681.2061), Elapsed: train 2.62 test 0.46
09/04/2026,18:23:14: 	Recall@10: 0.06479 Recall@20: 0.09633 NDCG@10: 0.03878 NDCG@20: 0.04736 
09/04/2026,18:23:14: 	Recall@10: 0.02591 Recall@20: 0.04126 NDCG@10: 0.01468 NDCG@20: 0.01885 
09/04/2026,18:23:14: Epoch [147/1000]
09/04/2026,18:23:14: Negative sampling...
09/04/2026,18:23:15: Model's personal time...
09/04/2026,18:23:15: Training...
09/04/2026,18:23:16: Evaluating...
09/04/2026,18:23:17: 	Train Loss: 3841439.2500 (base: 159.7906, kd: 7682.5586), Elapsed: train 2.68 test 0.42
09/04/2026,18:23:17: 	Recall@10: 0.06389 Recall@20: 0.09814 NDCG@10: 0.03849 NDCG@20: 0.04784 
09/04/2026,18:23:17: 	Recall@10: 0.02578 Recall@20: 0.04172 NDCG@10: 0.01469 NDCG@20: 0.01899 
09/04/2026,18:23:17: Epoch [148/1000]
09/04/2026,18:23:17: Negative sampling...
09/04/2026,18:23:18: Model's personal time...
09/04/2026,18:23:18: Training...
09/04/2026,18:23:19: Evaluating...
09/04/2026,18:23:20: 	Train Loss: 3839600.5000 (base: 160.0479, kd: 7678.8813), Elapsed: train 2.49 test 0.46 *
09/04/2026,18:23:20: 	Recall@10: 0.06478 Recall@20: 0.09756 NDCG@10: 0.03919 NDCG@20: 0.04811 
09/04/2026,18:23:20: 	Recall@10: 0.02667 Recall@20: 0.04098 NDCG@10: 0.01483 NDCG@20: 0.01871 
09/04/2026,18:23:20: Epoch [149/1000]
09/04/2026,18:23:20: Negative sampling...
09/04/2026,18:23:21: Model's personal time...
09/04/2026,18:23:21: Training...
09/04/2026,18:23:22: Evaluating...
09/04/2026,18:23:23: 	Train Loss: 3839774.0000 (base: 156.9821, kd: 7679.2339), Elapsed: train 2.52 test 0.42
09/04/2026,18:23:23: 	Recall@10: 0.06320 Recall@20: 0.09866 NDCG@10: 0.03825 NDCG@20: 0.04784 
09/04/2026,18:23:23: 	Recall@10: 0.02655 Recall@20: 0.04136 NDCG@10: 0.01501 NDCG@20: 0.01899 
09/04/2026,18:23:23: Epoch [150/1000]
09/04/2026,18:23:23: Negative sampling...
09/04/2026,18:23:24: Model's personal time...
09/04/2026,18:23:24: Training...
09/04/2026,18:23:25: Evaluating...
09/04/2026,18:23:26: 	Train Loss: 3841458.2500 (base: 154.4575, kd: 7682.6074), Elapsed: train 2.57 test 0.40
09/04/2026,18:23:26: 	Recall@10: 0.06379 Recall@20: 0.09704 NDCG@10: 0.03858 NDCG@20: 0.04766 
09/04/2026,18:23:26: 	Recall@10: 0.02528 Recall@20: 0.04173 NDCG@10: 0.01452 NDCG@20: 0.01901 
09/04/2026,18:23:26: Epoch [151/1000]
09/04/2026,18:23:26: Negative sampling...
09/04/2026,18:23:27: Model's personal time...
09/04/2026,18:23:27: Training...
09/04/2026,18:23:28: Evaluating...
09/04/2026,18:23:29: 	Train Loss: 3840218.7500 (base: 157.3859, kd: 7680.1221), Elapsed: train 2.53 test 0.51
09/04/2026,18:23:29: 	Recall@10: 0.06377 Recall@20: 0.09847 NDCG@10: 0.03856 NDCG@20: 0.04799 
09/04/2026,18:23:29: 	Recall@10: 0.02549 Recall@20: 0.04077 NDCG@10: 0.01476 NDCG@20: 0.01887 
09/04/2026,18:23:29: Epoch [152/1000]
09/04/2026,18:23:29: Negative sampling...
09/04/2026,18:23:30: Model's personal time...
09/04/2026,18:23:30: Training...
09/04/2026,18:23:31: Evaluating...
09/04/2026,18:23:32: 	Train Loss: 3839779.2500 (base: 151.7352, kd: 7679.2549), Elapsed: train 2.84 test 0.42
09/04/2026,18:23:32: 	Recall@10: 0.06414 Recall@20: 0.09776 NDCG@10: 0.03877 NDCG@20: 0.04794 
09/04/2026,18:23:32: 	Recall@10: 0.02621 Recall@20: 0.04095 NDCG@10: 0.01485 NDCG@20: 0.01886 
09/04/2026,18:23:32: Epoch [153/1000]
09/04/2026,18:23:32: Negative sampling...
09/04/2026,18:23:33: Model's personal time...
09/04/2026,18:23:33: Training...
09/04/2026,18:23:35: Evaluating...
09/04/2026,18:23:35: 	Train Loss: 3839542.7500 (base: 153.0871, kd: 7678.7793), Elapsed: train 2.60 test 0.41
09/04/2026,18:23:35: 	Recall@10: 0.06424 Recall@20: 0.09808 NDCG@10: 0.03861 NDCG@20: 0.04777 
09/04/2026,18:23:35: 	Recall@10: 0.02610 Recall@20: 0.04118 NDCG@10: 0.01474 NDCG@20: 0.01883 
09/04/2026,18:23:35: Epoch [154/1000]
09/04/2026,18:23:35: Negative sampling...
09/04/2026,18:23:36: Model's personal time...
09/04/2026,18:23:36: Training...
09/04/2026,18:23:37: Evaluating...
09/04/2026,18:23:38: 	Train Loss: 3838046.0000 (base: 171.5861, kd: 7675.7485), Elapsed: train 2.51 test 0.46
09/04/2026,18:23:38: 	Recall@10: 0.06420 Recall@20: 0.09774 NDCG@10: 0.03868 NDCG@20: 0.04778 
09/04/2026,18:23:38: 	Recall@10: 0.02597 Recall@20: 0.04038 NDCG@10: 0.01462 NDCG@20: 0.01854 
09/04/2026,18:23:38: Epoch [155/1000]
09/04/2026,18:23:38: Negative sampling...
09/04/2026,18:23:39: Model's personal time...
09/04/2026,18:23:39: Training...
09/04/2026,18:23:40: Evaluating...
09/04/2026,18:23:41: 	Train Loss: 3837333.5000 (base: 168.2923, kd: 7674.3301), Elapsed: train 2.54 test 0.42
09/04/2026,18:23:41: 	Recall@10: 0.06305 Recall@20: 0.09895 NDCG@10: 0.03824 NDCG@20: 0.04807 
09/04/2026,18:23:41: 	Recall@10: 0.02607 Recall@20: 0.04051 NDCG@10: 0.01474 NDCG@20: 0.01866 
09/04/2026,18:23:41: Epoch [156/1000]
09/04/2026,18:23:41: Negative sampling...
09/04/2026,18:23:42: Model's personal time...
09/04/2026,18:23:42: Training...
09/04/2026,18:23:43: Evaluating...
09/04/2026,18:23:44: 	Train Loss: 3838545.0000 (base: 167.2812, kd: 7676.7554), Elapsed: train 2.57 test 0.42
09/04/2026,18:23:44: 	Recall@10: 0.06376 Recall@20: 0.09782 NDCG@10: 0.03850 NDCG@20: 0.04774 
09/04/2026,18:23:44: 	Recall@10: 0.02643 Recall@20: 0.04129 NDCG@10: 0.01496 NDCG@20: 0.01895 
09/04/2026,18:23:44: Epoch [157/1000]
09/04/2026,18:23:44: Negative sampling...
09/04/2026,18:23:45: Model's personal time...
09/04/2026,18:23:45: Training...
09/04/2026,18:23:47: Evaluating...
09/04/2026,18:23:47: 	Train Loss: 3837372.0000 (base: 174.8268, kd: 7674.3940), Elapsed: train 2.70 test 0.46
09/04/2026,18:23:47: 	Recall@10: 0.06502 Recall@20: 0.09857 NDCG@10: 0.03889 NDCG@20: 0.04803 
09/04/2026,18:23:47: 	Recall@10: 0.02663 Recall@20: 0.04147 NDCG@10: 0.01494 NDCG@20: 0.01893 
09/04/2026,18:23:47: Epoch [158/1000]
09/04/2026,18:23:47: Negative sampling...
09/04/2026,18:23:48: Model's personal time...
09/04/2026,18:23:48: Training...
09/04/2026,18:23:49: Evaluating...
09/04/2026,18:23:50: 	Train Loss: 3836283.2500 (base: 165.8137, kd: 7672.2354), Elapsed: train 2.49 test 0.48
09/04/2026,18:23:50: 	Recall@10: 0.06315 Recall@20: 0.09759 NDCG@10: 0.03842 NDCG@20: 0.04777 
09/04/2026,18:23:50: 	Recall@10: 0.02647 Recall@20: 0.04073 NDCG@10: 0.01487 NDCG@20: 0.01874 
09/04/2026,18:23:50: Epoch [159/1000]
09/04/2026,18:23:50: Negative sampling...
09/04/2026,18:23:52: Model's personal time...
09/04/2026,18:23:52: Training...
09/04/2026,18:23:53: Evaluating...
09/04/2026,18:23:53: 	Train Loss: 3834959.5000 (base: 169.8019, kd: 7669.5796), Elapsed: train 2.73 test 0.41
09/04/2026,18:23:53: 	Recall@10: 0.06420 Recall@20: 0.09843 NDCG@10: 0.03849 NDCG@20: 0.04782 
09/04/2026,18:23:53: 	Recall@10: 0.02594 Recall@20: 0.04071 NDCG@10: 0.01473 NDCG@20: 0.01873 
09/04/2026,18:23:53: Epoch [160/1000]
09/04/2026,18:23:53: Negative sampling...
09/04/2026,18:23:54: Model's personal time...
09/04/2026,18:23:55: Training...
09/04/2026,18:23:56: Evaluating...
09/04/2026,18:23:56: 	Train Loss: 3836547.7500 (base: 163.8558, kd: 7672.7686), Elapsed: train 2.52 test 0.42
09/04/2026,18:23:56: 	Recall@10: 0.06391 Recall@20: 0.09833 NDCG@10: 0.03869 NDCG@20: 0.04801 
09/04/2026,18:23:56: 	Recall@10: 0.02667 Recall@20: 0.04154 NDCG@10: 0.01497 NDCG@20: 0.01900 
09/04/2026,18:23:56: Epoch [161/1000]
09/04/2026,18:23:56: Negative sampling...
09/04/2026,18:23:57: Model's personal time...
09/04/2026,18:23:58: Training...
09/04/2026,18:23:59: Evaluating...
09/04/2026,18:23:59: 	Train Loss: 3835727.2500 (base: 165.6250, kd: 7671.1235), Elapsed: train 2.49 test 0.44
09/04/2026,18:23:59: 	Recall@10: 0.06473 Recall@20: 0.09892 NDCG@10: 0.03862 NDCG@20: 0.04789 
09/04/2026,18:23:59: 	Recall@10: 0.02584 Recall@20: 0.04118 NDCG@10: 0.01469 NDCG@20: 0.01880 
09/04/2026,18:23:59: Epoch [162/1000]
09/04/2026,18:23:59: Negative sampling...
09/04/2026,18:24:00: Model's personal time...
09/04/2026,18:24:00: Training...
09/04/2026,18:24:01: Evaluating...
09/04/2026,18:24:02: 	Train Loss: 3835644.0000 (base: 163.1635, kd: 7670.9614), Elapsed: train 2.50 test 0.43
09/04/2026,18:24:02: 	Recall@10: 0.06379 Recall@20: 0.09816 NDCG@10: 0.03835 NDCG@20: 0.04767 
09/04/2026,18:24:02: 	Recall@10: 0.02634 Recall@20: 0.04137 NDCG@10: 0.01473 NDCG@20: 0.01885 
09/04/2026,18:24:02: Epoch [163/1000]
09/04/2026,18:24:02: Negative sampling...
09/04/2026,18:24:03: Model's personal time...
09/04/2026,18:24:03: Training...
09/04/2026,18:24:04: Evaluating...
09/04/2026,18:24:05: 	Train Loss: 3835217.0000 (base: 160.5526, kd: 7670.1133), Elapsed: train 2.51 test 0.43 *
09/04/2026,18:24:05: 	Recall@10: 0.06493 Recall@20: 0.09863 NDCG@10: 0.03901 NDCG@20: 0.04814 
09/04/2026,18:24:05: 	Recall@10: 0.02699 Recall@20: 0.04173 NDCG@10: 0.01499 NDCG@20: 0.01894 
09/04/2026,18:24:05: Epoch [164/1000]
09/04/2026,18:24:05: Negative sampling...
09/04/2026,18:24:06: Model's personal time...
09/04/2026,18:24:06: Training...
09/04/2026,18:24:07: Evaluating...
09/04/2026,18:24:08: 	Train Loss: 3835825.5000 (base: 163.3444, kd: 7671.3242), Elapsed: train 2.54 test 0.44
09/04/2026,18:24:08: 	Recall@10: 0.06379 Recall@20: 0.09857 NDCG@10: 0.03842 NDCG@20: 0.04787 
09/04/2026,18:24:08: 	Recall@10: 0.02567 Recall@20: 0.04159 NDCG@10: 0.01450 NDCG@20: 0.01883 
09/04/2026,18:24:08: Epoch [165/1000]
09/04/2026,18:24:08: Negative sampling...
09/04/2026,18:24:09: Model's personal time...
09/04/2026,18:24:09: Training...
09/04/2026,18:24:10: Evaluating...
09/04/2026,18:24:11: 	Train Loss: 3834681.7500 (base: 165.1253, kd: 7669.0337), Elapsed: train 2.55 test 0.48
09/04/2026,18:24:11: 	Recall@10: 0.06461 Recall@20: 0.09810 NDCG@10: 0.03860 NDCG@20: 0.04776 
09/04/2026,18:24:11: 	Recall@10: 0.02626 Recall@20: 0.04126 NDCG@10: 0.01476 NDCG@20: 0.01881 
09/04/2026,18:24:11: Epoch [166/1000]
09/04/2026,18:24:11: Negative sampling...
09/04/2026,18:24:12: Model's personal time...
09/04/2026,18:24:12: Training...
09/04/2026,18:24:14: Evaluating...
09/04/2026,18:24:14: 	Train Loss: 3835188.7500 (base: 162.4711, kd: 7670.0522), Elapsed: train 2.69 test 0.46
09/04/2026,18:24:14: 	Recall@10: 0.06458 Recall@20: 0.09846 NDCG@10: 0.03858 NDCG@20: 0.04776 
09/04/2026,18:24:14: 	Recall@10: 0.02604 Recall@20: 0.04164 NDCG@10: 0.01469 NDCG@20: 0.01892 
09/04/2026,18:24:14: Epoch [167/1000]
09/04/2026,18:24:14: Negative sampling...
09/04/2026,18:24:15: Model's personal time...
09/04/2026,18:24:16: Training...
09/04/2026,18:24:17: Evaluating...
09/04/2026,18:24:17: 	Train Loss: 3833962.2500 (base: 164.6227, kd: 7667.5957), Elapsed: train 2.78 test 0.43 *
09/04/2026,18:24:17: 	Recall@10: 0.06364 Recall@20: 0.09944 NDCG@10: 0.03864 NDCG@20: 0.04838 
09/04/2026,18:24:17: 	Recall@10: 0.02671 Recall@20: 0.04181 NDCG@10: 0.01504 NDCG@20: 0.01908 
09/04/2026,18:24:17: Epoch [168/1000]
09/04/2026,18:24:17: Negative sampling...
09/04/2026,18:24:19: Model's personal time...
09/04/2026,18:24:19: Training...
09/04/2026,18:24:20: Evaluating...
09/04/2026,18:24:20: 	Train Loss: 3834015.5000 (base: 159.4532, kd: 7667.7124), Elapsed: train 2.72 test 0.43
09/04/2026,18:24:20: 	Recall@10: 0.06487 Recall@20: 0.09863 NDCG@10: 0.03876 NDCG@20: 0.04794 
09/04/2026,18:24:20: 	Recall@10: 0.02604 Recall@20: 0.04166 NDCG@10: 0.01491 NDCG@20: 0.01916 
09/04/2026,18:24:20: Epoch [169/1000]
09/04/2026,18:24:20: Negative sampling...
09/04/2026,18:24:22: Model's personal time...
09/04/2026,18:24:22: Training...
09/04/2026,18:24:23: Evaluating...
09/04/2026,18:24:23: 	Train Loss: 3834386.7500 (base: 160.1465, kd: 7668.4526), Elapsed: train 2.62 test 0.43
09/04/2026,18:24:23: 	Recall@10: 0.06457 Recall@20: 0.09928 NDCG@10: 0.03865 NDCG@20: 0.04807 
09/04/2026,18:24:23: 	Recall@10: 0.02543 Recall@20: 0.04142 NDCG@10: 0.01454 NDCG@20: 0.01883 
09/04/2026,18:24:23: Epoch [170/1000]
09/04/2026,18:24:23: Negative sampling...
09/04/2026,18:24:25: Model's personal time...
09/04/2026,18:24:25: Training...
09/04/2026,18:24:26: Evaluating...
09/04/2026,18:24:26: 	Train Loss: 3833945.0000 (base: 166.0852, kd: 7667.5581), Elapsed: train 2.55 test 0.51
09/04/2026,18:24:26: 	Recall@10: 0.06460 Recall@20: 0.09763 NDCG@10: 0.03868 NDCG@20: 0.04767 
09/04/2026,18:24:26: 	Recall@10: 0.02607 Recall@20: 0.04151 NDCG@10: 0.01484 NDCG@20: 0.01903 
09/04/2026,18:24:26: Epoch [171/1000]
09/04/2026,18:24:26: Negative sampling...
09/04/2026,18:24:28: Model's personal time...
09/04/2026,18:24:28: Training...
09/04/2026,18:24:29: Evaluating...
09/04/2026,18:24:29: 	Train Loss: 3832777.0000 (base: 161.5276, kd: 7665.2314), Elapsed: train 2.51 test 0.42 *
09/04/2026,18:24:29: 	Recall@10: 0.06493 Recall@20: 0.10021 NDCG@10: 0.03889 NDCG@20: 0.04845 
09/04/2026,18:24:29: 	Recall@10: 0.02565 Recall@20: 0.04094 NDCG@10: 0.01465 NDCG@20: 0.01876 
09/04/2026,18:24:29: Epoch [172/1000]
09/04/2026,18:24:29: Negative sampling...
09/04/2026,18:24:31: Model's personal time...
09/04/2026,18:24:31: Training...
09/04/2026,18:24:32: Evaluating...
09/04/2026,18:24:33: 	Train Loss: 3834322.2500 (base: 159.1684, kd: 7668.3262), Elapsed: train 2.73 test 0.41
09/04/2026,18:24:33: 	Recall@10: 0.06362 Recall@20: 0.09877 NDCG@10: 0.03852 NDCG@20: 0.04808 
09/04/2026,18:24:33: 	Recall@10: 0.02524 Recall@20: 0.04175 NDCG@10: 0.01451 NDCG@20: 0.01896 
09/04/2026,18:24:33: Epoch [173/1000]
09/04/2026,18:24:33: Negative sampling...
09/04/2026,18:24:34: Model's personal time...
09/04/2026,18:24:34: Training...
09/04/2026,18:24:35: Evaluating...
09/04/2026,18:24:36: 	Train Loss: 3834586.0000 (base: 163.0821, kd: 7668.8467), Elapsed: train 2.57 test 0.45 *
09/04/2026,18:24:36: 	Recall@10: 0.06520 Recall@20: 0.09955 NDCG@10: 0.03912 NDCG@20: 0.04846 
09/04/2026,18:24:36: 	Recall@10: 0.02604 Recall@20: 0.04055 NDCG@10: 0.01468 NDCG@20: 0.01863 
09/04/2026,18:24:36: Epoch [174/1000]
09/04/2026,18:24:36: Negative sampling...
09/04/2026,18:24:37: Model's personal time...
09/04/2026,18:24:37: Training...
09/04/2026,18:24:38: Evaluating...
09/04/2026,18:24:39: 	Train Loss: 3832418.0000 (base: 164.9457, kd: 7664.5063), Elapsed: train 2.71 test 0.50
09/04/2026,18:24:39: 	Recall@10: 0.06442 Recall@20: 0.09850 NDCG@10: 0.03865 NDCG@20: 0.04788 
09/04/2026,18:24:39: 	Recall@10: 0.02575 Recall@20: 0.04118 NDCG@10: 0.01458 NDCG@20: 0.01882 
09/04/2026,18:24:39: Epoch [175/1000]
09/04/2026,18:24:39: Negative sampling...
09/04/2026,18:24:40: Model's personal time...
09/04/2026,18:24:40: Training...
09/04/2026,18:24:42: Evaluating...
09/04/2026,18:24:42: 	Train Loss: 3832408.7500 (base: 160.5517, kd: 7664.4961), Elapsed: train 2.72 test 0.54
09/04/2026,18:24:42: 	Recall@10: 0.06386 Recall@20: 0.09876 NDCG@10: 0.03850 NDCG@20: 0.04796 
09/04/2026,18:24:42: 	Recall@10: 0.02639 Recall@20: 0.04150 NDCG@10: 0.01488 NDCG@20: 0.01898 
09/04/2026,18:24:42: Epoch [176/1000]
09/04/2026,18:24:42: Negative sampling...
09/04/2026,18:24:44: Model's personal time...
09/04/2026,18:24:44: Training...
09/04/2026,18:24:45: Evaluating...
09/04/2026,18:24:45: 	Train Loss: 3830705.0000 (base: 162.5159, kd: 7661.0845), Elapsed: train 2.75 test 0.52
09/04/2026,18:24:45: 	Recall@10: 0.06499 Recall@20: 0.09761 NDCG@10: 0.03865 NDCG@20: 0.04746 
09/04/2026,18:24:45: 	Recall@10: 0.02549 Recall@20: 0.04076 NDCG@10: 0.01481 NDCG@20: 0.01898 
09/04/2026,18:24:45: Epoch [177/1000]
09/04/2026,18:24:45: Negative sampling...
09/04/2026,18:24:47: Model's personal time...
09/04/2026,18:24:47: Training...
09/04/2026,18:24:48: Evaluating...
09/04/2026,18:24:49: 	Train Loss: 3831363.5000 (base: 164.0601, kd: 7662.3989), Elapsed: train 2.93 test 0.44
09/04/2026,18:24:49: 	Recall@10: 0.06430 Recall@20: 0.09858 NDCG@10: 0.03887 NDCG@20: 0.04814 
09/04/2026,18:24:49: 	Recall@10: 0.02645 Recall@20: 0.04121 NDCG@10: 0.01503 NDCG@20: 0.01899 
09/04/2026,18:24:49: Epoch [178/1000]
09/04/2026,18:24:49: Negative sampling...
09/04/2026,18:24:50: Model's personal time...
09/04/2026,18:24:50: Training...
09/04/2026,18:24:51: Evaluating...
09/04/2026,18:24:52: 	Train Loss: 3832657.2500 (base: 159.3360, kd: 7664.9961), Elapsed: train 2.70 test 0.51
09/04/2026,18:24:52: 	Recall@10: 0.06454 Recall@20: 0.09826 NDCG@10: 0.03886 NDCG@20: 0.04809 
09/04/2026,18:24:52: 	Recall@10: 0.02629 Recall@20: 0.04192 NDCG@10: 0.01487 NDCG@20: 0.01908 
09/04/2026,18:24:52: Epoch [179/1000]
09/04/2026,18:24:52: Negative sampling...
09/04/2026,18:24:53: Model's personal time...
09/04/2026,18:24:54: Training...
09/04/2026,18:24:55: Evaluating...
09/04/2026,18:24:55: 	Train Loss: 3831341.2500 (base: 161.3610, kd: 7662.3594), Elapsed: train 2.83 test 0.51
09/04/2026,18:24:55: 	Recall@10: 0.06517 Recall@20: 0.09971 NDCG@10: 0.03876 NDCG@20: 0.04807 
09/04/2026,18:24:55: 	Recall@10: 0.02632 Recall@20: 0.04129 NDCG@10: 0.01496 NDCG@20: 0.01899 
09/04/2026,18:24:55: Epoch [180/1000]
09/04/2026,18:24:55: Negative sampling...
09/04/2026,18:24:57: Model's personal time...
09/04/2026,18:24:57: Training...
09/04/2026,18:24:58: Evaluating...
09/04/2026,18:24:58: 	Train Loss: 3831541.7500 (base: 157.3656, kd: 7662.7690), Elapsed: train 2.58 test 0.45
09/04/2026,18:24:58: 	Recall@10: 0.06436 Recall@20: 0.09723 NDCG@10: 0.03860 NDCG@20: 0.04755 
09/04/2026,18:24:58: 	Recall@10: 0.02610 Recall@20: 0.04204 NDCG@10: 0.01491 NDCG@20: 0.01919 
09/04/2026,18:24:58: Epoch [181/1000]
09/04/2026,18:24:58: Negative sampling...
09/04/2026,18:25:00: Model's personal time...
09/04/2026,18:25:00: Training...
09/04/2026,18:25:01: Evaluating...
09/04/2026,18:25:02: 	Train Loss: 3831497.0000 (base: 162.8455, kd: 7662.6689), Elapsed: train 2.72 test 0.51
09/04/2026,18:25:02: 	Recall@10: 0.06549 Recall@20: 0.09978 NDCG@10: 0.03908 NDCG@20: 0.04833 
09/04/2026,18:25:02: 	Recall@10: 0.02560 Recall@20: 0.04070 NDCG@10: 0.01455 NDCG@20: 0.01866 
09/04/2026,18:25:02: Epoch [182/1000]
09/04/2026,18:25:02: Negative sampling...
09/04/2026,18:25:03: Model's personal time...
09/04/2026,18:25:03: Training...
09/04/2026,18:25:04: Evaluating...
09/04/2026,18:25:05: 	Train Loss: 3832226.5000 (base: 161.2001, kd: 7664.1313), Elapsed: train 2.56 test 0.43
09/04/2026,18:25:05: 	Recall@10: 0.06409 Recall@20: 0.09696 NDCG@10: 0.03872 NDCG@20: 0.04768 
09/04/2026,18:25:05: 	Recall@10: 0.02623 Recall@20: 0.04181 NDCG@10: 0.01476 NDCG@20: 0.01897 
09/04/2026,18:25:05: Epoch [183/1000]
09/04/2026,18:25:05: Negative sampling...
09/04/2026,18:25:06: Model's personal time...
09/04/2026,18:25:06: Training...
09/04/2026,18:25:07: Evaluating...
09/04/2026,18:25:08: 	Train Loss: 3830027.0000 (base: 155.1148, kd: 7659.7437), Elapsed: train 2.65 test 0.43
09/04/2026,18:25:08: 	Recall@10: 0.06427 Recall@20: 0.09853 NDCG@10: 0.03843 NDCG@20: 0.04772 
09/04/2026,18:25:08: 	Recall@10: 0.02575 Recall@20: 0.04121 NDCG@10: 0.01471 NDCG@20: 0.01891 
09/04/2026,18:25:08: Epoch [184/1000]
09/04/2026,18:25:08: Negative sampling...
09/04/2026,18:25:09: Model's personal time...
09/04/2026,18:25:09: Training...
09/04/2026,18:25:10: Evaluating...
09/04/2026,18:25:11: 	Train Loss: 3831832.0000 (base: 156.2440, kd: 7663.3521), Elapsed: train 2.57 test 0.41
09/04/2026,18:25:11: 	Recall@10: 0.06361 Recall@20: 0.09845 NDCG@10: 0.03875 NDCG@20: 0.04824 
09/04/2026,18:25:11: 	Recall@10: 0.02556 Recall@20: 0.04194 NDCG@10: 0.01473 NDCG@20: 0.01913 
09/04/2026,18:25:11: Epoch [185/1000]
09/04/2026,18:25:11: Negative sampling...
09/04/2026,18:25:12: Model's personal time...
09/04/2026,18:25:12: Training...
09/04/2026,18:25:13: Evaluating...
09/04/2026,18:25:14: 	Train Loss: 3830634.2500 (base: 160.9790, kd: 7660.9468), Elapsed: train 2.70 test 0.44
09/04/2026,18:25:14: 	Recall@10: 0.06429 Recall@20: 0.09977 NDCG@10: 0.03839 NDCG@20: 0.04801 
09/04/2026,18:25:14: 	Recall@10: 0.02599 Recall@20: 0.04261 NDCG@10: 0.01478 NDCG@20: 0.01924 
09/04/2026,18:25:14: Epoch [186/1000]
09/04/2026,18:25:14: Negative sampling...
09/04/2026,18:25:15: Model's personal time...
09/04/2026,18:25:15: Training...
09/04/2026,18:25:16: Evaluating...
09/04/2026,18:25:17: 	Train Loss: 3829977.7500 (base: 155.2775, kd: 7659.6450), Elapsed: train 2.55 test 0.43
09/04/2026,18:25:17: 	Recall@10: 0.06316 Recall@20: 0.09878 NDCG@10: 0.03832 NDCG@20: 0.04803 
09/04/2026,18:25:17: 	Recall@10: 0.02604 Recall@20: 0.04063 NDCG@10: 0.01484 NDCG@20: 0.01883 
09/04/2026,18:25:17: Epoch [187/1000]
09/04/2026,18:25:17: Negative sampling...
09/04/2026,18:25:18: Model's personal time...
09/04/2026,18:25:18: Training...
09/04/2026,18:25:19: Evaluating...
09/04/2026,18:25:20: 	Train Loss: 3828988.2500 (base: 156.4040, kd: 7657.6636), Elapsed: train 2.57 test 0.52
09/04/2026,18:25:20: 	Recall@10: 0.06493 Recall@20: 0.09954 NDCG@10: 0.03861 NDCG@20: 0.04792 
09/04/2026,18:25:20: 	Recall@10: 0.02608 Recall@20: 0.04123 NDCG@10: 0.01475 NDCG@20: 0.01885 
09/04/2026,18:25:20: Epoch [188/1000]
09/04/2026,18:25:20: Negative sampling...
09/04/2026,18:25:21: Model's personal time...
09/04/2026,18:25:21: Training...
09/04/2026,18:25:23: Evaluating...
09/04/2026,18:25:23: 	Train Loss: 3829711.0000 (base: 157.9240, kd: 7659.1055), Elapsed: train 2.72 test 0.48
09/04/2026,18:25:23: 	Recall@10: 0.06412 Recall@20: 0.09917 NDCG@10: 0.03862 NDCG@20: 0.04822 
09/04/2026,18:25:23: 	Recall@10: 0.02642 Recall@20: 0.04130 NDCG@10: 0.01502 NDCG@20: 0.01909 
09/04/2026,18:25:23: Epoch [189/1000]
09/04/2026,18:25:23: Negative sampling...
09/04/2026,18:25:24: Model's personal time...
09/04/2026,18:25:24: Training...
09/04/2026,18:25:26: Evaluating...
09/04/2026,18:25:26: 	Train Loss: 3829716.7500 (base: 157.1893, kd: 7659.1196), Elapsed: train 2.57 test 0.42
09/04/2026,18:25:26: 	Recall@10: 0.06454 Recall@20: 0.09868 NDCG@10: 0.03837 NDCG@20: 0.04763 
09/04/2026,18:25:26: 	Recall@10: 0.02544 Recall@20: 0.04040 NDCG@10: 0.01454 NDCG@20: 0.01859 
09/04/2026,18:25:26: Epoch [190/1000]
09/04/2026,18:25:26: Negative sampling...
09/04/2026,18:25:27: Model's personal time...
09/04/2026,18:25:27: Training...
09/04/2026,18:25:29: Evaluating...
09/04/2026,18:25:29: 	Train Loss: 3829634.2500 (base: 159.6227, kd: 7658.9487), Elapsed: train 2.51 test 0.43
09/04/2026,18:25:29: 	Recall@10: 0.06261 Recall@20: 0.09853 NDCG@10: 0.03789 NDCG@20: 0.04771 
09/04/2026,18:25:29: 	Recall@10: 0.02629 Recall@20: 0.04196 NDCG@10: 0.01500 NDCG@20: 0.01922 
09/04/2026,18:25:29: Epoch [191/1000]
09/04/2026,18:25:29: Negative sampling...
09/04/2026,18:25:30: Model's personal time...
09/04/2026,18:25:30: Training...
09/04/2026,18:25:32: Evaluating...
09/04/2026,18:25:32: 	Train Loss: 3828057.0000 (base: 162.7300, kd: 7655.7896), Elapsed: train 2.70 test 0.41
09/04/2026,18:25:32: 	Recall@10: 0.06482 Recall@20: 0.09805 NDCG@10: 0.03849 NDCG@20: 0.04757 
09/04/2026,18:25:32: 	Recall@10: 0.02575 Recall@20: 0.04212 NDCG@10: 0.01485 NDCG@20: 0.01923 
09/04/2026,18:25:32: Epoch [192/1000]
09/04/2026,18:25:32: Negative sampling...
09/04/2026,18:25:33: Model's personal time...
09/04/2026,18:25:34: Training...
09/04/2026,18:25:35: Evaluating...
09/04/2026,18:25:35: 	Train Loss: 3830092.2500 (base: 156.3136, kd: 7659.8721), Elapsed: train 2.59 test 0.50
09/04/2026,18:25:35: 	Recall@10: 0.06516 Recall@20: 0.09822 NDCG@10: 0.03913 NDCG@20: 0.04826 
09/04/2026,18:25:35: 	Recall@10: 0.02604 Recall@20: 0.04220 NDCG@10: 0.01484 NDCG@20: 0.01923 
09/04/2026,18:25:35: Epoch [193/1000]
09/04/2026,18:25:35: Negative sampling...
09/04/2026,18:25:36: Model's personal time...
09/04/2026,18:25:37: Training...
09/04/2026,18:25:38: Evaluating...
09/04/2026,18:25:38: 	Train Loss: 3828535.5000 (base: 156.5021, kd: 7656.7573), Elapsed: train 2.61 test 0.47
09/04/2026,18:25:38: 	Recall@10: 0.06484 Recall@20: 0.09815 NDCG@10: 0.03845 NDCG@20: 0.04756 
09/04/2026,18:25:38: 	Recall@10: 0.02613 Recall@20: 0.04147 NDCG@10: 0.01494 NDCG@20: 0.01911 
09/04/2026,18:25:38: Epoch [194/1000]
09/04/2026,18:25:38: Negative sampling...
09/04/2026,18:25:40: Model's personal time...
09/04/2026,18:25:40: Training...
09/04/2026,18:25:41: Evaluating...
09/04/2026,18:25:41: 	Train Loss: 3827706.7500 (base: 155.0195, kd: 7655.1030), Elapsed: train 2.56 test 0.42
09/04/2026,18:25:41: 	Recall@10: 0.06394 Recall@20: 0.09736 NDCG@10: 0.03827 NDCG@20: 0.04747 
09/04/2026,18:25:41: 	Recall@10: 0.02627 Recall@20: 0.04160 NDCG@10: 0.01499 NDCG@20: 0.01915 
09/04/2026,18:25:41: Epoch [195/1000]
09/04/2026,18:25:41: Negative sampling...
09/04/2026,18:25:43: Model's personal time...
09/04/2026,18:25:43: Training...
09/04/2026,18:25:44: Evaluating...
09/04/2026,18:25:44: 	Train Loss: 3826634.2500 (base: 157.4092, kd: 7652.9541), Elapsed: train 2.62 test 0.43
09/04/2026,18:25:44: 	Recall@10: 0.06391 Recall@20: 0.09955 NDCG@10: 0.03835 NDCG@20: 0.04809 
09/04/2026,18:25:44: 	Recall@10: 0.02683 Recall@20: 0.04189 NDCG@10: 0.01504 NDCG@20: 0.01907 
09/04/2026,18:25:44: Epoch [196/1000]
09/04/2026,18:25:44: Negative sampling...
09/04/2026,18:25:46: Model's personal time...
09/04/2026,18:25:46: Training...
09/04/2026,18:25:47: Evaluating...
09/04/2026,18:25:47: 	Train Loss: 3828404.2500 (base: 154.0621, kd: 7656.5005), Elapsed: train 2.48 test 0.42
09/04/2026,18:25:47: 	Recall@10: 0.06392 Recall@20: 0.09816 NDCG@10: 0.03852 NDCG@20: 0.04799 
09/04/2026,18:25:47: 	Recall@10: 0.02594 Recall@20: 0.04116 NDCG@10: 0.01497 NDCG@20: 0.01910 
09/04/2026,18:25:47: Epoch [197/1000]
09/04/2026,18:25:47: Negative sampling...
09/04/2026,18:25:48: Model's personal time...
09/04/2026,18:25:49: Training...
09/04/2026,18:25:50: Evaluating...
09/04/2026,18:25:50: 	Train Loss: 3826883.2500 (base: 160.5138, kd: 7653.4448), Elapsed: train 2.64 test 0.48
09/04/2026,18:25:50: 	Recall@10: 0.06463 Recall@20: 0.09955 NDCG@10: 0.03836 NDCG@20: 0.04788 
09/04/2026,18:25:50: 	Recall@10: 0.02632 Recall@20: 0.04143 NDCG@10: 0.01504 NDCG@20: 0.01912 
09/04/2026,18:25:50: Epoch [198/1000]
09/04/2026,18:25:50: Negative sampling...
09/04/2026,18:25:52: Model's personal time...
09/04/2026,18:25:52: Training...
09/04/2026,18:25:53: Evaluating...
09/04/2026,18:25:54: 	Train Loss: 3827425.2500 (base: 158.0504, kd: 7654.5342), Elapsed: train 2.80 test 0.52
09/04/2026,18:25:54: 	Recall@10: 0.06408 Recall@20: 0.09867 NDCG@10: 0.03858 NDCG@20: 0.04801 
09/04/2026,18:25:54: 	Recall@10: 0.02666 Recall@20: 0.04118 NDCG@10: 0.01521 NDCG@20: 0.01915 
09/04/2026,18:25:54: Epoch [199/1000]
09/04/2026,18:25:54: Negative sampling...
09/04/2026,18:25:55: Model's personal time...
09/04/2026,18:25:55: Training...
09/04/2026,18:25:57: Evaluating...
09/04/2026,18:25:57: 	Train Loss: 3826671.5000 (base: 156.6674, kd: 7653.0293), Elapsed: train 2.93 test 0.41
09/04/2026,18:25:57: 	Recall@10: 0.06474 Recall@20: 0.09897 NDCG@10: 0.03863 NDCG@20: 0.04797 
09/04/2026,18:25:57: 	Recall@10: 0.02629 Recall@20: 0.04188 NDCG@10: 0.01499 NDCG@20: 0.01919 
09/04/2026,18:25:57: Epoch [200/1000]
09/04/2026,18:25:57: Negative sampling...
09/04/2026,18:25:58: Model's personal time...
09/04/2026,18:25:58: Training...
09/04/2026,18:26:00: Evaluating...
09/04/2026,18:26:00: 	Train Loss: 3827351.5000 (base: 159.5561, kd: 7654.3838), Elapsed: train 2.59 test 0.50
09/04/2026,18:26:00: 	Recall@10: 0.06436 Recall@20: 0.09759 NDCG@10: 0.03869 NDCG@20: 0.04775 
09/04/2026,18:26:00: 	Recall@10: 0.02575 Recall@20: 0.04186 NDCG@10: 0.01482 NDCG@20: 0.01914 
09/04/2026,18:26:00: Epoch [201/1000]
09/04/2026,18:26:00: Negative sampling...
09/04/2026,18:26:01: Model's personal time...
09/04/2026,18:26:02: Training...
09/04/2026,18:26:03: Evaluating...
09/04/2026,18:26:03: 	Train Loss: 3826465.0000 (base: 160.9743, kd: 7652.6084), Elapsed: train 2.57 test 0.49
09/04/2026,18:26:03: 	Recall@10: 0.06527 Recall@20: 0.09949 NDCG@10: 0.03888 NDCG@20: 0.04823 
09/04/2026,18:26:03: 	Recall@10: 0.02671 Recall@20: 0.04149 NDCG@10: 0.01496 NDCG@20: 0.01896 
09/04/2026,18:26:03: Epoch [202/1000]
09/04/2026,18:26:03: Negative sampling...
09/04/2026,18:26:04: Model's personal time...
09/04/2026,18:26:05: Training...
09/04/2026,18:26:06: Evaluating...
09/04/2026,18:26:06: 	Train Loss: 3827338.2500 (base: 160.2338, kd: 7654.3564), Elapsed: train 2.60 test 0.44
09/04/2026,18:26:06: 	Recall@10: 0.06383 Recall@20: 0.09810 NDCG@10: 0.03867 NDCG@20: 0.04803 
09/04/2026,18:26:06: 	Recall@10: 0.02653 Recall@20: 0.04090 NDCG@10: 0.01502 NDCG@20: 0.01894 
09/04/2026,18:26:06: Epoch [203/1000]
09/04/2026,18:26:06: Negative sampling...
09/04/2026,18:26:08: Model's personal time...
09/04/2026,18:26:08: Training...
09/04/2026,18:26:09: Evaluating...
09/04/2026,18:26:09: 	Train Loss: 3826052.2500 (base: 154.7075, kd: 7651.7944), Elapsed: train 2.66 test 0.41
09/04/2026,18:26:09: 	Recall@10: 0.06534 Recall@20: 0.09758 NDCG@10: 0.03902 NDCG@20: 0.04786 
09/04/2026,18:26:09: 	Recall@10: 0.02624 Recall@20: 0.04110 NDCG@10: 0.01510 NDCG@20: 0.01910 
09/04/2026,18:26:09: ------------------------------
09/04/2026,18:26:09: valid Recall@10: 0.06520 Recall@20: 0.09955 NDCG@10: 0.03912 NDCG@20: 0.04846
09/04/2026,18:26:09: test Recall@10: 0.02604 Recall@20: 0.04055 NDCG@10: 0.01468 NDCG@20: 0.01863
