----------------------------------------TEACHER----------------------------------------
init_std                                 0.1
keep_prob                                0.6
A_split                                  False
dropout                                  False
embedding_dim                            2000
num_layers                               3
----------------------------------------TEACHER----------------------------------------
----------------------------------------STUDENT----------------------------------------
init_std                                 0.01
embedding_dim                            20
----------------------------------------STUDENT----------------------------------------
----------------------------------------ARGUMENTS----------------------------------------
run_all                                  False
seed                                     0
gpu_id                                   0
no_log                                   False
no_save                                  False
suffix                                   het_Lu20_seed0
verbose                                  False
ablation                                 False
task                                     rec
dataset                                  citeulike
batch_size                               2048
num_ns                                   1
neg_sampling_on_all                      False
T_backbone                               lightgcn
S_backbone                               bpr
model                                    srcekd
preload                                  False
postsave                                 False
train_teacher                            False
ckpt_interval                            -1
epochs                                   1000
lr                                       0.001
wd                                       1e-07
lmbda                                    100
srce_alpha                               0
srce_s                                   20
srce_eta                                 0
srce_Lu                                  20
eval_period                              1
K_list                                   [10, 20]
early_stop_metric                        NDCG
early_stop_K                             20
early_stop_patience                      30
LOG_DIR                                  logs/
CONFIG_DIR                               configs/
DATA_DIR                                 data/
CKPT_DIR                                 checkpoints/
CRAFT_DIR                                crafts/
mkd_tau                                  10
mkd_K                                    50
mkd_L                                    50
mkd_T                                    10
mkd_mxK                                  200
----------------------------------------ARGUMENTS----------------------------------------
----------------------------------------Teacher----------------------------------------
09/04/2026,22:43:42: ------------------------------
09/04/2026,22:43:42: valid Recall@10: 0.07235 Recall@20: 0.10546 NDCG@10: 0.04227 NDCG@20: 0.05124
09/04/2026,22:43:42: test Recall@10: 0.02811 Recall@20: 0.04513 NDCG@10: 0.01583 NDCG@20: 0.02045
----------------------------------------------------------------------------------------
09/04/2026,22:43:43: Epoch [1/1000]
09/04/2026,22:43:43: Negative sampling...
09/04/2026,22:43:44: Model's personal time...
09/04/2026,22:43:45: Training...
09/04/2026,22:43:48: Evaluating...
09/04/2026,22:43:52: 	Train Loss: 1016822.3750 (base: 1390.5615, kd: 10154.3184), Elapsed: train 5.80 test 3.16 *
09/04/2026,22:43:52: 	Recall@10: 0.01069 Recall@20: 0.01766 NDCG@10: 0.00616 NDCG@20: 0.00810 
09/04/2026,22:43:52: 	Recall@10: 0.00340 Recall@20: 0.00530 NDCG@10: 0.00208 NDCG@20: 0.00260 
09/04/2026,22:43:52: Epoch [2/1000]
09/04/2026,22:43:52: Negative sampling...
09/04/2026,22:43:53: Model's personal time...
09/04/2026,22:43:54: Training...
09/04/2026,22:43:57: Evaluating...
09/04/2026,22:44:00: 	Train Loss: 977410.5000 (base: 1375.5232, kd: 9760.3496), Elapsed: train 5.88 test 2.10 *
09/04/2026,22:44:00: 	Recall@10: 0.02298 Recall@20: 0.03599 NDCG@10: 0.01304 NDCG@20: 0.01667 
09/04/2026,22:44:00: 	Recall@10: 0.00955 Recall@20: 0.01349 NDCG@10: 0.00563 NDCG@20: 0.00667 
09/04/2026,22:44:00: Epoch [3/1000]
09/04/2026,22:44:00: Negative sampling...
09/04/2026,22:44:01: Model's personal time...
09/04/2026,22:44:02: Training...
09/04/2026,22:44:05: Evaluating...
09/04/2026,22:44:08: 	Train Loss: 965790.3750 (base: 1338.9247, kd: 9644.5146), Elapsed: train 5.25 test 2.74 *
09/04/2026,22:44:08: 	Recall@10: 0.03204 Recall@20: 0.04700 NDCG@10: 0.01787 NDCG@20: 0.02204 
09/04/2026,22:44:08: 	Recall@10: 0.01286 Recall@20: 0.01824 NDCG@10: 0.00679 NDCG@20: 0.00827 
09/04/2026,22:44:08: Epoch [4/1000]
09/04/2026,22:44:08: Negative sampling...
09/04/2026,22:44:09: Model's personal time...
09/04/2026,22:44:09: Training...
09/04/2026,22:44:12: Evaluating...
09/04/2026,22:44:15: 	Train Loss: 960156.0625 (base: 1282.7349, kd: 9588.7334), Elapsed: train 4.78 test 2.78 *
09/04/2026,22:44:15: 	Recall@10: 0.03179 Recall@20: 0.04545 NDCG@10: 0.01844 NDCG@20: 0.02224 
09/04/2026,22:44:15: 	Recall@10: 0.01308 Recall@20: 0.01749 NDCG@10: 0.00702 NDCG@20: 0.00820 
09/04/2026,22:44:15: Epoch [5/1000]
09/04/2026,22:44:15: Negative sampling...
09/04/2026,22:44:17: Model's personal time...
09/04/2026,22:44:17: Training...
09/04/2026,22:44:21: Evaluating...
09/04/2026,22:44:23: 	Train Loss: 955380.6875 (base: 1209.8138, kd: 9541.7090), Elapsed: train 5.41 test 2.53 *
09/04/2026,22:44:23: 	Recall@10: 0.03186 Recall@20: 0.04665 NDCG@10: 0.01904 NDCG@20: 0.02310 
09/04/2026,22:44:23: 	Recall@10: 0.01201 Recall@20: 0.01685 NDCG@10: 0.00723 NDCG@20: 0.00852 
09/04/2026,22:44:23: Epoch [6/1000]
09/04/2026,22:44:23: Negative sampling...
09/04/2026,22:44:24: Model's personal time...
09/04/2026,22:44:25: Training...
09/04/2026,22:44:28: Evaluating...
09/04/2026,22:44:31: 	Train Loss: 951936.6250 (base: 1126.0315, kd: 9508.1055), Elapsed: train 4.56 test 3.02 *
09/04/2026,22:44:31: 	Recall@10: 0.03524 Recall@20: 0.05254 NDCG@10: 0.02052 NDCG@20: 0.02520 
09/04/2026,22:44:31: 	Recall@10: 0.01287 Recall@20: 0.01757 NDCG@10: 0.00721 NDCG@20: 0.00851 
09/04/2026,22:44:31: Epoch [7/1000]
09/04/2026,22:44:31: Negative sampling...
09/04/2026,22:44:32: Model's personal time...
09/04/2026,22:44:32: Training...
09/04/2026,22:44:35: Evaluating...
09/04/2026,22:44:38: 	Train Loss: 949676.5000 (base: 1038.6188, kd: 9486.3789), Elapsed: train 4.76 test 2.68 *
09/04/2026,22:44:38: 	Recall@10: 0.03590 Recall@20: 0.05414 NDCG@10: 0.02049 NDCG@20: 0.02544 
09/04/2026,22:44:38: 	Recall@10: 0.01266 Recall@20: 0.01755 NDCG@10: 0.00698 NDCG@20: 0.00838 
09/04/2026,22:44:38: Epoch [8/1000]
09/04/2026,22:44:38: Negative sampling...
09/04/2026,22:44:39: Model's personal time...
09/04/2026,22:44:40: Training...
09/04/2026,22:44:43: Evaluating...
09/04/2026,22:44:46: 	Train Loss: 946568.9375 (base: 954.3975, kd: 9456.1465), Elapsed: train 4.43 test 3.34 *
09/04/2026,22:44:46: 	Recall@10: 0.03524 Recall@20: 0.05260 NDCG@10: 0.02085 NDCG@20: 0.02573 
09/04/2026,22:44:46: 	Recall@10: 0.01313 Recall@20: 0.01933 NDCG@10: 0.00719 NDCG@20: 0.00888 
09/04/2026,22:44:46: Epoch [9/1000]
09/04/2026,22:44:46: Negative sampling...
09/04/2026,22:44:47: Model's personal time...
09/04/2026,22:44:48: Training...
09/04/2026,22:44:50: Evaluating...
09/04/2026,22:44:53: 	Train Loss: 944696.1250 (base: 875.1915, kd: 9438.2090), Elapsed: train 4.13 test 2.88 *
09/04/2026,22:44:53: 	Recall@10: 0.03566 Recall@20: 0.05567 NDCG@10: 0.02125 NDCG@20: 0.02677 
09/04/2026,22:44:53: 	Recall@10: 0.01309 Recall@20: 0.02039 NDCG@10: 0.00730 NDCG@20: 0.00926 
09/04/2026,22:44:53: Epoch [10/1000]
09/04/2026,22:44:53: Negative sampling...
09/04/2026,22:44:54: Model's personal time...
09/04/2026,22:44:54: Training...
09/04/2026,22:44:57: Evaluating...
09/04/2026,22:45:00: 	Train Loss: 942470.1875 (base: 801.5190, kd: 9416.6865), Elapsed: train 3.64 test 3.91
09/04/2026,22:45:00: 	Recall@10: 0.03679 Recall@20: 0.05678 NDCG@10: 0.02119 NDCG@20: 0.02669 
09/04/2026,22:45:00: 	Recall@10: 0.01461 Recall@20: 0.02126 NDCG@10: 0.00812 NDCG@20: 0.00988 
09/04/2026,22:45:00: Epoch [11/1000]
09/04/2026,22:45:00: Negative sampling...
09/04/2026,22:45:02: Model's personal time...
09/04/2026,22:45:02: Training...
09/04/2026,22:45:05: Evaluating...
09/04/2026,22:45:08: 	Train Loss: 939682.1250 (base: 740.3964, kd: 9389.4180), Elapsed: train 4.41 test 3.06 *
09/04/2026,22:45:08: 	Recall@10: 0.03804 Recall@20: 0.05737 NDCG@10: 0.02233 NDCG@20: 0.02767 
09/04/2026,22:45:08: 	Recall@10: 0.01410 Recall@20: 0.02181 NDCG@10: 0.00773 NDCG@20: 0.00980 
09/04/2026,22:45:08: Epoch [12/1000]
09/04/2026,22:45:08: Negative sampling...
09/04/2026,22:45:09: Model's personal time...
09/04/2026,22:45:09: Training...
09/04/2026,22:45:12: Evaluating...
09/04/2026,22:45:15: 	Train Loss: 937919.0000 (base: 683.2310, kd: 9372.3574), Elapsed: train 4.09 test 3.42 *
09/04/2026,22:45:15: 	Recall@10: 0.03850 Recall@20: 0.05929 NDCG@10: 0.02291 NDCG@20: 0.02865 
09/04/2026,22:45:15: 	Recall@10: 0.01457 Recall@20: 0.02177 NDCG@10: 0.00810 NDCG@20: 0.01001 
09/04/2026,22:45:15: Epoch [13/1000]
09/04/2026,22:45:15: Negative sampling...
09/04/2026,22:45:17: Model's personal time...
09/04/2026,22:45:17: Training...
09/04/2026,22:45:20: Evaluating...
09/04/2026,22:45:23: 	Train Loss: 935960.3750 (base: 636.3077, kd: 9353.2402), Elapsed: train 4.41 test 2.95 *
09/04/2026,22:45:23: 	Recall@10: 0.03940 Recall@20: 0.05950 NDCG@10: 0.02351 NDCG@20: 0.02907 
09/04/2026,22:45:23: 	Recall@10: 0.01439 Recall@20: 0.02123 NDCG@10: 0.00799 NDCG@20: 0.00985 
09/04/2026,22:45:23: Epoch [14/1000]
09/04/2026,22:45:23: Negative sampling...
09/04/2026,22:45:24: Model's personal time...
09/04/2026,22:45:24: Training...
09/04/2026,22:45:26: Evaluating...
09/04/2026,22:45:31: 	Train Loss: 934367.7500 (base: 597.0255, kd: 9337.7080), Elapsed: train 3.68 test 4.45
09/04/2026,22:45:31: 	Recall@10: 0.04093 Recall@20: 0.05822 NDCG@10: 0.02401 NDCG@20: 0.02881 
09/04/2026,22:45:31: 	Recall@10: 0.01483 Recall@20: 0.02120 NDCG@10: 0.00816 NDCG@20: 0.00990 
09/04/2026,22:45:31: Epoch [15/1000]
09/04/2026,22:45:31: Negative sampling...
09/04/2026,22:45:33: Model's personal time...
09/04/2026,22:45:34: Training...
09/04/2026,22:45:37: Evaluating...
09/04/2026,22:45:39: 	Train Loss: 932168.6875 (base: 556.5693, kd: 9316.1221), Elapsed: train 6.11 test 1.61 *
09/04/2026,22:45:39: 	Recall@10: 0.04051 Recall@20: 0.06004 NDCG@10: 0.02387 NDCG@20: 0.02927 
09/04/2026,22:45:39: 	Recall@10: 0.01531 Recall@20: 0.02123 NDCG@10: 0.00829 NDCG@20: 0.00993 
09/04/2026,22:45:39: Epoch [16/1000]
09/04/2026,22:45:39: Negative sampling...
09/04/2026,22:45:40: Model's personal time...
09/04/2026,22:45:40: Training...
09/04/2026,22:45:43: Evaluating...
09/04/2026,22:45:46: 	Train Loss: 930618.7500 (base: 524.8204, kd: 9300.9395), Elapsed: train 4.10 test 3.44 *
09/04/2026,22:45:46: 	Recall@10: 0.04207 Recall@20: 0.06078 NDCG@10: 0.02456 NDCG@20: 0.02973 
09/04/2026,22:45:46: 	Recall@10: 0.01454 Recall@20: 0.02215 NDCG@10: 0.00802 NDCG@20: 0.01012 
09/04/2026,22:45:46: Epoch [17/1000]
09/04/2026,22:45:46: Negative sampling...
09/04/2026,22:45:48: Model's personal time...
09/04/2026,22:45:48: Training...
09/04/2026,22:45:51: Evaluating...
09/04/2026,22:45:54: 	Train Loss: 929355.0000 (base: 497.1996, kd: 9288.5771), Elapsed: train 4.60 test 3.24 *
09/04/2026,22:45:54: 	Recall@10: 0.04122 Recall@20: 0.06223 NDCG@10: 0.02468 NDCG@20: 0.03050 
09/04/2026,22:45:54: 	Recall@10: 0.01455 Recall@20: 0.02251 NDCG@10: 0.00818 NDCG@20: 0.01036 
09/04/2026,22:45:54: Epoch [18/1000]
09/04/2026,22:45:54: Negative sampling...
09/04/2026,22:45:55: Model's personal time...
09/04/2026,22:45:56: Training...
09/04/2026,22:45:58: Evaluating...
09/04/2026,22:46:01: 	Train Loss: 927567.5000 (base: 474.9602, kd: 9270.9248), Elapsed: train 4.47 test 2.78 *
09/04/2026,22:46:01: 	Recall@10: 0.04184 Recall@20: 0.06386 NDCG@10: 0.02536 NDCG@20: 0.03144 
09/04/2026,22:46:01: 	Recall@10: 0.01512 Recall@20: 0.02321 NDCG@10: 0.00828 NDCG@20: 0.01051 
09/04/2026,22:46:01: Epoch [19/1000]
09/04/2026,22:46:01: Negative sampling...
09/04/2026,22:46:03: Model's personal time...
09/04/2026,22:46:03: Training...
09/04/2026,22:46:06: Evaluating...
09/04/2026,22:46:09: 	Train Loss: 926665.6875 (base: 448.8109, kd: 9262.1689), Elapsed: train 4.54 test 3.12
09/04/2026,22:46:09: 	Recall@10: 0.04089 Recall@20: 0.06336 NDCG@10: 0.02479 NDCG@20: 0.03099 
09/04/2026,22:46:09: 	Recall@10: 0.01560 Recall@20: 0.02240 NDCG@10: 0.00835 NDCG@20: 0.01024 
09/04/2026,22:46:09: Epoch [20/1000]
09/04/2026,22:46:09: Negative sampling...
09/04/2026,22:46:10: Model's personal time...
09/04/2026,22:46:11: Training...
09/04/2026,22:46:13: Evaluating...
09/04/2026,22:46:17: 	Train Loss: 925052.0625 (base: 429.0782, kd: 9246.2305), Elapsed: train 4.46 test 3.15 *
09/04/2026,22:46:17: 	Recall@10: 0.04232 Recall@20: 0.06431 NDCG@10: 0.02549 NDCG@20: 0.03155 
09/04/2026,22:46:17: 	Recall@10: 0.01602 Recall@20: 0.02336 NDCG@10: 0.00853 NDCG@20: 0.01059 
09/04/2026,22:46:17: Epoch [21/1000]
09/04/2026,22:46:17: Negative sampling...
09/04/2026,22:46:18: Model's personal time...
09/04/2026,22:46:19: Training...
09/04/2026,22:46:21: Evaluating...
09/04/2026,22:46:24: 	Train Loss: 923821.9375 (base: 415.6806, kd: 9234.0625), Elapsed: train 4.74 test 3.20
09/04/2026,22:46:24: 	Recall@10: 0.04350 Recall@20: 0.06459 NDCG@10: 0.02578 NDCG@20: 0.03147 
09/04/2026,22:46:24: 	Recall@10: 0.01579 Recall@20: 0.02332 NDCG@10: 0.00843 NDCG@20: 0.01054 
09/04/2026,22:46:24: Epoch [22/1000]
09/04/2026,22:46:24: Negative sampling...
09/04/2026,22:46:26: Model's personal time...
09/04/2026,22:46:26: Training...
09/04/2026,22:46:28: Evaluating...
09/04/2026,22:46:32: 	Train Loss: 922655.3125 (base: 396.6799, kd: 9222.5869), Elapsed: train 3.90 test 3.60 *
09/04/2026,22:46:32: 	Recall@10: 0.04375 Recall@20: 0.06476 NDCG@10: 0.02638 NDCG@20: 0.03215 
09/04/2026,22:46:32: 	Recall@10: 0.01609 Recall@20: 0.02325 NDCG@10: 0.00862 NDCG@20: 0.01068 
09/04/2026,22:46:32: Epoch [23/1000]
09/04/2026,22:46:32: Negative sampling...
09/04/2026,22:46:33: Model's personal time...
09/04/2026,22:46:33: Training...
09/04/2026,22:46:36: Evaluating...
09/04/2026,22:46:40: 	Train Loss: 921738.5625 (base: 382.2400, kd: 9213.5635), Elapsed: train 4.02 test 3.81 *
09/04/2026,22:46:40: 	Recall@10: 0.04451 Recall@20: 0.06651 NDCG@10: 0.02656 NDCG@20: 0.03255 
09/04/2026,22:46:40: 	Recall@10: 0.01625 Recall@20: 0.02390 NDCG@10: 0.00879 NDCG@20: 0.01096 
09/04/2026,22:46:40: Epoch [24/1000]
09/04/2026,22:46:40: Negative sampling...
09/04/2026,22:46:41: Model's personal time...
09/04/2026,22:46:42: Training...
09/04/2026,22:46:45: Evaluating...
09/04/2026,22:46:48: 	Train Loss: 920942.5000 (base: 364.0496, kd: 9205.7852), Elapsed: train 4.91 test 3.08 *
09/04/2026,22:46:48: 	Recall@10: 0.04584 Recall@20: 0.06826 NDCG@10: 0.02683 NDCG@20: 0.03295 
09/04/2026,22:46:48: 	Recall@10: 0.01619 Recall@20: 0.02389 NDCG@10: 0.00878 NDCG@20: 0.01097 
09/04/2026,22:46:48: Epoch [25/1000]
09/04/2026,22:46:48: Negative sampling...
09/04/2026,22:46:49: Model's personal time...
09/04/2026,22:46:49: Training...
09/04/2026,22:46:52: Evaluating...
09/04/2026,22:46:56: 	Train Loss: 920071.1875 (base: 357.2801, kd: 9197.1387), Elapsed: train 4.53 test 3.28 *
09/04/2026,22:46:56: 	Recall@10: 0.04747 Recall@20: 0.07041 NDCG@10: 0.02778 NDCG@20: 0.03407 
09/04/2026,22:46:56: 	Recall@10: 0.01566 Recall@20: 0.02413 NDCG@10: 0.00858 NDCG@20: 0.01096 
09/04/2026,22:46:56: Epoch [26/1000]
09/04/2026,22:46:56: Negative sampling...
09/04/2026,22:46:57: Model's personal time...
09/04/2026,22:46:57: Training...
09/04/2026,22:47:00: Evaluating...
09/04/2026,22:47:04: 	Train Loss: 919041.6250 (base: 340.9616, kd: 9187.0059), Elapsed: train 4.69 test 3.25
09/04/2026,22:47:04: 	Recall@10: 0.04669 Recall@20: 0.06970 NDCG@10: 0.02711 NDCG@20: 0.03348 
09/04/2026,22:47:04: 	Recall@10: 0.01614 Recall@20: 0.02485 NDCG@10: 0.00882 NDCG@20: 0.01126 
09/04/2026,22:47:04: Epoch [27/1000]
09/04/2026,22:47:04: Negative sampling...
09/04/2026,22:47:05: Model's personal time...
09/04/2026,22:47:05: Training...
09/04/2026,22:47:08: Evaluating...
09/04/2026,22:47:11: 	Train Loss: 918266.4375 (base: 330.5757, kd: 9179.3584), Elapsed: train 4.80 test 3.14
09/04/2026,22:47:11: 	Recall@10: 0.04619 Recall@20: 0.06995 NDCG@10: 0.02748 NDCG@20: 0.03399 
09/04/2026,22:47:11: 	Recall@10: 0.01638 Recall@20: 0.02455 NDCG@10: 0.00907 NDCG@20: 0.01134 
09/04/2026,22:47:11: Epoch [28/1000]
09/04/2026,22:47:11: Negative sampling...
09/04/2026,22:47:13: Model's personal time...
09/04/2026,22:47:13: Training...
09/04/2026,22:47:15: Evaluating...
09/04/2026,22:47:18: 	Train Loss: 917094.1875 (base: 319.3734, kd: 9167.7490), Elapsed: train 3.98 test 2.21 *
09/04/2026,22:47:18: 	Recall@10: 0.04644 Recall@20: 0.07199 NDCG@10: 0.02787 NDCG@20: 0.03493 
09/04/2026,22:47:18: 	Recall@10: 0.01663 Recall@20: 0.02475 NDCG@10: 0.00921 NDCG@20: 0.01147 
09/04/2026,22:47:18: Epoch [29/1000]
09/04/2026,22:47:18: Negative sampling...
09/04/2026,22:47:19: Model's personal time...
09/04/2026,22:47:19: Training...
09/04/2026,22:47:21: Evaluating...
09/04/2026,22:47:23: 	Train Loss: 916855.7500 (base: 307.4561, kd: 9165.4824), Elapsed: train 3.43 test 1.73 *
09/04/2026,22:47:23: 	Recall@10: 0.04732 Recall@20: 0.07308 NDCG@10: 0.02819 NDCG@20: 0.03524 
09/04/2026,22:47:23: 	Recall@10: 0.01715 Recall@20: 0.02480 NDCG@10: 0.00939 NDCG@20: 0.01150 
09/04/2026,22:47:23: Epoch [30/1000]
09/04/2026,22:47:23: Negative sampling...
09/04/2026,22:47:24: Model's personal time...
09/04/2026,22:47:24: Training...
09/04/2026,22:47:27: Evaluating...
09/04/2026,22:47:28: 	Train Loss: 916044.5000 (base: 300.2665, kd: 9157.4414), Elapsed: train 4.38 test 1.17
09/04/2026,22:47:28: 	Recall@10: 0.04865 Recall@20: 0.07244 NDCG@10: 0.02826 NDCG@20: 0.03487 
09/04/2026,22:47:28: 	Recall@10: 0.01762 Recall@20: 0.02583 NDCG@10: 0.00947 NDCG@20: 0.01168 
09/04/2026,22:47:28: Epoch [31/1000]
09/04/2026,22:47:28: Negative sampling...
09/04/2026,22:47:30: Model's personal time...
09/04/2026,22:47:31: Training...
09/04/2026,22:47:35: Evaluating...
09/04/2026,22:47:37: 	Train Loss: 915316.5625 (base: 289.7417, kd: 9150.2676), Elapsed: train 6.25 test 2.07
09/04/2026,22:47:37: 	Recall@10: 0.04754 Recall@20: 0.07368 NDCG@10: 0.02790 NDCG@20: 0.03514 
09/04/2026,22:47:37: 	Recall@10: 0.01641 Recall@20: 0.02588 NDCG@10: 0.00910 NDCG@20: 0.01170 
09/04/2026,22:47:37: Epoch [32/1000]
09/04/2026,22:47:37: Negative sampling...
09/04/2026,22:47:38: Model's personal time...
09/04/2026,22:47:39: Training...
09/04/2026,22:47:42: Evaluating...
09/04/2026,22:47:45: 	Train Loss: 914752.8125 (base: 282.4779, kd: 9144.7031), Elapsed: train 5.42 test 2.59 *
09/04/2026,22:47:45: 	Recall@10: 0.04899 Recall@20: 0.07459 NDCG@10: 0.02852 NDCG@20: 0.03563 
09/04/2026,22:47:45: 	Recall@10: 0.01673 Recall@20: 0.02681 NDCG@10: 0.00945 NDCG@20: 0.01221 
09/04/2026,22:47:45: Epoch [33/1000]
09/04/2026,22:47:45: Negative sampling...
09/04/2026,22:47:46: Model's personal time...
09/04/2026,22:47:46: Training...
09/04/2026,22:47:49: Evaluating...
09/04/2026,22:47:51: 	Train Loss: 914149.6250 (base: 274.0460, kd: 9138.7559), Elapsed: train 3.86 test 2.19 *
09/04/2026,22:47:51: 	Recall@10: 0.04946 Recall@20: 0.07451 NDCG@10: 0.02867 NDCG@20: 0.03566 
09/04/2026,22:47:51: 	Recall@10: 0.01686 Recall@20: 0.02736 NDCG@10: 0.00938 NDCG@20: 0.01228 
09/04/2026,22:47:51: Epoch [34/1000]
09/04/2026,22:47:51: Negative sampling...
09/04/2026,22:47:52: Model's personal time...
09/04/2026,22:47:52: Training...
09/04/2026,22:47:54: Evaluating...
09/04/2026,22:47:57: 	Train Loss: 913656.8750 (base: 271.9512, kd: 9133.8496), Elapsed: train 3.31 test 3.07
09/04/2026,22:47:57: 	Recall@10: 0.04949 Recall@20: 0.07389 NDCG@10: 0.02834 NDCG@20: 0.03514 
09/04/2026,22:47:57: 	Recall@10: 0.01764 Recall@20: 0.02749 NDCG@10: 0.00956 NDCG@20: 0.01226 
09/04/2026,22:47:57: Epoch [35/1000]
09/04/2026,22:47:57: Negative sampling...
09/04/2026,22:47:59: Model's personal time...
09/04/2026,22:47:59: Training...
09/04/2026,22:48:00: Evaluating...
09/04/2026,22:48:02: 	Train Loss: 913152.5000 (base: 261.7616, kd: 9128.9062), Elapsed: train 3.32 test 1.70 *
09/04/2026,22:48:02: 	Recall@10: 0.05161 Recall@20: 0.07563 NDCG@10: 0.02929 NDCG@20: 0.03593 
09/04/2026,22:48:02: 	Recall@10: 0.01725 Recall@20: 0.02725 NDCG@10: 0.00948 NDCG@20: 0.01223 
09/04/2026,22:48:02: Epoch [36/1000]
09/04/2026,22:48:02: Negative sampling...
09/04/2026,22:48:04: Model's personal time...
09/04/2026,22:48:05: Training...
09/04/2026,22:48:07: Evaluating...
09/04/2026,22:48:08: 	Train Loss: 912685.3750 (base: 252.9687, kd: 9124.3232), Elapsed: train 4.96 test 0.45 *
09/04/2026,22:48:08: 	Recall@10: 0.05263 Recall@20: 0.07585 NDCG@10: 0.02988 NDCG@20: 0.03632 
09/04/2026,22:48:08: 	Recall@10: 0.01806 Recall@20: 0.02707 NDCG@10: 0.00996 NDCG@20: 0.01243 
09/04/2026,22:48:08: Epoch [37/1000]
09/04/2026,22:48:08: Negative sampling...
09/04/2026,22:48:09: Model's personal time...
09/04/2026,22:48:10: Training...
09/04/2026,22:48:13: Evaluating...
09/04/2026,22:48:15: 	Train Loss: 911955.8125 (base: 250.2774, kd: 9117.0557), Elapsed: train 5.55 test 1.36
09/04/2026,22:48:15: 	Recall@10: 0.05185 Recall@20: 0.07534 NDCG@10: 0.02953 NDCG@20: 0.03602 
09/04/2026,22:48:15: 	Recall@10: 0.01705 Recall@20: 0.02700 NDCG@10: 0.00950 NDCG@20: 0.01224 
09/04/2026,22:48:15: Epoch [38/1000]
09/04/2026,22:48:15: Negative sampling...
09/04/2026,22:48:16: Model's personal time...
09/04/2026,22:48:17: Training...
09/04/2026,22:48:20: Evaluating...
09/04/2026,22:48:23: 	Train Loss: 911590.5000 (base: 241.7404, kd: 9113.4883), Elapsed: train 5.98 test 2.42 *
09/04/2026,22:48:23: 	Recall@10: 0.05212 Recall@20: 0.07713 NDCG@10: 0.02992 NDCG@20: 0.03684 
09/04/2026,22:48:23: 	Recall@10: 0.01775 Recall@20: 0.02751 NDCG@10: 0.00990 NDCG@20: 0.01257 
09/04/2026,22:48:23: Epoch [39/1000]
09/04/2026,22:48:23: Negative sampling...
09/04/2026,22:48:24: Model's personal time...
09/04/2026,22:48:26: Training...
09/04/2026,22:48:29: Evaluating...
09/04/2026,22:48:31: 	Train Loss: 911755.5625 (base: 236.7480, kd: 9115.1885), Elapsed: train 5.86 test 2.16 *
09/04/2026,22:48:31: 	Recall@10: 0.05321 Recall@20: 0.07859 NDCG@10: 0.03057 NDCG@20: 0.03753 
09/04/2026,22:48:31: 	Recall@10: 0.01785 Recall@20: 0.02745 NDCG@10: 0.01011 NDCG@20: 0.01275 
09/04/2026,22:48:31: Epoch [40/1000]
09/04/2026,22:48:31: Negative sampling...
09/04/2026,22:48:32: Model's personal time...
09/04/2026,22:48:32: Training...
09/04/2026,22:48:35: Evaluating...
09/04/2026,22:48:37: 	Train Loss: 911014.6875 (base: 229.8404, kd: 9107.8477), Elapsed: train 3.89 test 1.84 *
09/04/2026,22:48:37: 	Recall@10: 0.05301 Recall@20: 0.07905 NDCG@10: 0.03106 NDCG@20: 0.03821 
09/04/2026,22:48:37: 	Recall@10: 0.01751 Recall@20: 0.02738 NDCG@10: 0.01001 NDCG@20: 0.01276 
09/04/2026,22:48:37: Epoch [41/1000]
09/04/2026,22:48:37: Negative sampling...
09/04/2026,22:48:38: Model's personal time...
09/04/2026,22:48:39: Training...
09/04/2026,22:48:41: Evaluating...
09/04/2026,22:48:41: 	Train Loss: 910276.0000 (base: 228.2848, kd: 9100.4775), Elapsed: train 3.85 test 0.45
09/04/2026,22:48:41: 	Recall@10: 0.05307 Recall@20: 0.08006 NDCG@10: 0.03058 NDCG@20: 0.03793 
09/04/2026,22:48:41: 	Recall@10: 0.01778 Recall@20: 0.02871 NDCG@10: 0.01017 NDCG@20: 0.01315 
09/04/2026,22:48:41: Epoch [42/1000]
09/04/2026,22:48:41: Negative sampling...
09/04/2026,22:48:42: Model's personal time...
09/04/2026,22:48:45: Training...
09/04/2026,22:48:47: Evaluating...
09/04/2026,22:48:47: 	Train Loss: 910386.4375 (base: 221.6245, kd: 9101.6475), Elapsed: train 5.77 test 0.47
09/04/2026,22:48:47: 	Recall@10: 0.05318 Recall@20: 0.07825 NDCG@10: 0.03041 NDCG@20: 0.03725 
09/04/2026,22:48:47: 	Recall@10: 0.01822 Recall@20: 0.02900 NDCG@10: 0.01039 NDCG@20: 0.01331 
09/04/2026,22:48:47: Epoch [43/1000]
09/04/2026,22:48:47: Negative sampling...
09/04/2026,22:48:49: Model's personal time...
09/04/2026,22:48:50: Training...
09/04/2026,22:48:53: Evaluating...
09/04/2026,22:48:53: 	Train Loss: 909681.1250 (base: 217.2859, kd: 9094.6387), Elapsed: train 5.76 test 0.45
09/04/2026,22:48:53: 	Recall@10: 0.05345 Recall@20: 0.07866 NDCG@10: 0.03077 NDCG@20: 0.03770 
09/04/2026,22:48:53: 	Recall@10: 0.01856 Recall@20: 0.02914 NDCG@10: 0.01061 NDCG@20: 0.01346 
09/04/2026,22:48:53: Epoch [44/1000]
09/04/2026,22:48:53: Negative sampling...
09/04/2026,22:48:55: Model's personal time...
09/04/2026,22:48:56: Training...
09/04/2026,22:48:59: Evaluating...
09/04/2026,22:49:01: 	Train Loss: 909139.7500 (base: 210.7818, kd: 9089.2891), Elapsed: train 5.71 test 2.04
09/04/2026,22:49:01: 	Recall@10: 0.05425 Recall@20: 0.07945 NDCG@10: 0.03078 NDCG@20: 0.03774 
09/04/2026,22:49:01: 	Recall@10: 0.01877 Recall@20: 0.02954 NDCG@10: 0.01075 NDCG@20: 0.01364 
09/04/2026,22:49:01: Epoch [45/1000]
09/04/2026,22:49:01: Negative sampling...
09/04/2026,22:49:03: Model's personal time...
09/04/2026,22:49:03: Training...
09/04/2026,22:49:06: Evaluating...
09/04/2026,22:49:09: 	Train Loss: 908553.7500 (base: 206.0160, kd: 9083.4766), Elapsed: train 5.20 test 2.91
09/04/2026,22:49:09: 	Recall@10: 0.05420 Recall@20: 0.07989 NDCG@10: 0.03079 NDCG@20: 0.03788 
09/04/2026,22:49:09: 	Recall@10: 0.01872 Recall@20: 0.02862 NDCG@10: 0.01074 NDCG@20: 0.01339 
09/04/2026,22:49:09: Epoch [46/1000]
09/04/2026,22:49:09: Negative sampling...
09/04/2026,22:49:11: Model's personal time...
09/04/2026,22:49:11: Training...
09/04/2026,22:49:14: Evaluating...
09/04/2026,22:49:17: 	Train Loss: 908713.3125 (base: 202.2575, kd: 9085.1104), Elapsed: train 4.78 test 2.91 *
09/04/2026,22:49:17: 	Recall@10: 0.05486 Recall@20: 0.08164 NDCG@10: 0.03127 NDCG@20: 0.03860 
09/04/2026,22:49:17: 	Recall@10: 0.01781 Recall@20: 0.02985 NDCG@10: 0.01028 NDCG@20: 0.01352 
09/04/2026,22:49:17: Epoch [47/1000]
09/04/2026,22:49:17: Negative sampling...
09/04/2026,22:49:18: Model's personal time...
09/04/2026,22:49:19: Training...
09/04/2026,22:49:22: Evaluating...
09/04/2026,22:49:25: 	Train Loss: 907853.8750 (base: 197.9098, kd: 9076.5596), Elapsed: train 4.74 test 3.11
09/04/2026,22:49:25: 	Recall@10: 0.05529 Recall@20: 0.08048 NDCG@10: 0.03168 NDCG@20: 0.03858 
09/04/2026,22:49:25: 	Recall@10: 0.01910 Recall@20: 0.02970 NDCG@10: 0.01083 NDCG@20: 0.01372 
09/04/2026,22:49:25: Epoch [48/1000]
09/04/2026,22:49:25: Negative sampling...
09/04/2026,22:49:27: Model's personal time...
09/04/2026,22:49:28: Training...
09/04/2026,22:49:32: Evaluating...
09/04/2026,22:49:33: 	Train Loss: 907664.3750 (base: 190.5802, kd: 9074.7383), Elapsed: train 6.72 test 1.72 *
09/04/2026,22:49:33: 	Recall@10: 0.05649 Recall@20: 0.08192 NDCG@10: 0.03206 NDCG@20: 0.03894 
09/04/2026,22:49:33: 	Recall@10: 0.01864 Recall@20: 0.03042 NDCG@10: 0.01064 NDCG@20: 0.01386 
09/04/2026,22:49:33: Epoch [49/1000]
09/04/2026,22:49:33: Negative sampling...
09/04/2026,22:49:35: Model's personal time...
09/04/2026,22:49:36: Training...
09/04/2026,22:49:39: Evaluating...
09/04/2026,22:49:42: 	Train Loss: 907174.5625 (base: 185.3246, kd: 9069.8926), Elapsed: train 6.14 test 2.17
09/04/2026,22:49:42: 	Recall@10: 0.05655 Recall@20: 0.08190 NDCG@10: 0.03170 NDCG@20: 0.03869 
09/04/2026,22:49:42: 	Recall@10: 0.01896 Recall@20: 0.03056 NDCG@10: 0.01086 NDCG@20: 0.01400 
09/04/2026,22:49:42: Epoch [50/1000]
09/04/2026,22:49:42: Negative sampling...
09/04/2026,22:49:43: Model's personal time...
09/04/2026,22:49:43: Training...
09/04/2026,22:49:47: Evaluating...
09/04/2026,22:49:50: 	Train Loss: 907392.3125 (base: 186.6074, kd: 9072.0586), Elapsed: train 4.92 test 3.17
09/04/2026,22:49:50: 	Recall@10: 0.05767 Recall@20: 0.08157 NDCG@10: 0.03230 NDCG@20: 0.03888 
09/04/2026,22:49:50: 	Recall@10: 0.01890 Recall@20: 0.03065 NDCG@10: 0.01085 NDCG@20: 0.01406 
09/04/2026,22:49:50: Epoch [51/1000]
09/04/2026,22:49:50: Negative sampling...
09/04/2026,22:49:51: Model's personal time...
09/04/2026,22:49:51: Training...
09/04/2026,22:49:54: Evaluating...
09/04/2026,22:49:56: 	Train Loss: 906991.3125 (base: 180.1902, kd: 9068.1113), Elapsed: train 3.94 test 2.23 *
09/04/2026,22:49:56: 	Recall@10: 0.05707 Recall@20: 0.08151 NDCG@10: 0.03215 NDCG@20: 0.03896 
09/04/2026,22:49:56: 	Recall@10: 0.01916 Recall@20: 0.03143 NDCG@10: 0.01109 NDCG@20: 0.01442 
09/04/2026,22:49:56: Epoch [52/1000]
09/04/2026,22:49:56: Negative sampling...
09/04/2026,22:49:57: Model's personal time...
09/04/2026,22:49:58: Training...
09/04/2026,22:49:59: Evaluating...
09/04/2026,22:50:02: 	Train Loss: 907003.4375 (base: 177.0272, kd: 9068.2637), Elapsed: train 3.44 test 2.68 *
09/04/2026,22:50:02: 	Recall@10: 0.05740 Recall@20: 0.08248 NDCG@10: 0.03262 NDCG@20: 0.03949 
09/04/2026,22:50:02: 	Recall@10: 0.01925 Recall@20: 0.03076 NDCG@10: 0.01086 NDCG@20: 0.01402 
09/04/2026,22:50:02: Epoch [53/1000]
09/04/2026,22:50:02: Negative sampling...
09/04/2026,22:50:03: Model's personal time...
09/04/2026,22:50:04: Training...
09/04/2026,22:50:06: Evaluating...
09/04/2026,22:50:08: 	Train Loss: 906949.3125 (base: 175.6576, kd: 9067.7373), Elapsed: train 4.02 test 1.72
09/04/2026,22:50:08: 	Recall@10: 0.05639 Recall@20: 0.08311 NDCG@10: 0.03177 NDCG@20: 0.03914 
09/04/2026,22:50:08: 	Recall@10: 0.01960 Recall@20: 0.03167 NDCG@10: 0.01095 NDCG@20: 0.01417 
09/04/2026,22:50:08: Epoch [54/1000]
09/04/2026,22:50:08: Negative sampling...
09/04/2026,22:50:09: Model's personal time...
09/04/2026,22:50:11: Training...
09/04/2026,22:50:12: Evaluating...
09/04/2026,22:50:13: 	Train Loss: 906492.6250 (base: 177.4322, kd: 9063.1514), Elapsed: train 4.78 test 0.41 *
09/04/2026,22:50:13: 	Recall@10: 0.05624 Recall@20: 0.08419 NDCG@10: 0.03220 NDCG@20: 0.03994 
09/04/2026,22:50:13: 	Recall@10: 0.01903 Recall@20: 0.03141 NDCG@10: 0.01095 NDCG@20: 0.01434 
09/04/2026,22:50:13: Epoch [55/1000]
09/04/2026,22:50:13: Negative sampling...
09/04/2026,22:50:14: Model's personal time...
09/04/2026,22:50:16: Training...
09/04/2026,22:50:18: Evaluating...
09/04/2026,22:50:20: 	Train Loss: 906440.0625 (base: 170.2094, kd: 9062.6992), Elapsed: train 5.53 test 1.21 *
09/04/2026,22:50:20: 	Recall@10: 0.05659 Recall@20: 0.08403 NDCG@10: 0.03246 NDCG@20: 0.04001 
09/04/2026,22:50:20: 	Recall@10: 0.01995 Recall@20: 0.03154 NDCG@10: 0.01133 NDCG@20: 0.01448 
09/04/2026,22:50:20: Epoch [56/1000]
09/04/2026,22:50:20: Negative sampling...
09/04/2026,22:50:21: Model's personal time...
09/04/2026,22:50:22: Training...
09/04/2026,22:50:25: Evaluating...
09/04/2026,22:50:28: 	Train Loss: 905991.6250 (base: 170.2898, kd: 9058.2139), Elapsed: train 5.07 test 2.80
09/04/2026,22:50:28: 	Recall@10: 0.05708 Recall@20: 0.08329 NDCG@10: 0.03259 NDCG@20: 0.03989 
09/04/2026,22:50:28: 	Recall@10: 0.01966 Recall@20: 0.03157 NDCG@10: 0.01121 NDCG@20: 0.01443 
09/04/2026,22:50:28: Epoch [57/1000]
09/04/2026,22:50:28: Negative sampling...
09/04/2026,22:50:29: Model's personal time...
09/04/2026,22:50:29: Training...
09/04/2026,22:50:32: Evaluating...
09/04/2026,22:50:34: 	Train Loss: 905999.0625 (base: 163.7625, kd: 9058.3525), Elapsed: train 4.28 test 2.21 *
09/04/2026,22:50:34: 	Recall@10: 0.05742 Recall@20: 0.08416 NDCG@10: 0.03265 NDCG@20: 0.04010 
09/04/2026,22:50:34: 	Recall@10: 0.01886 Recall@20: 0.03069 NDCG@10: 0.01098 NDCG@20: 0.01420 
09/04/2026,22:50:34: Epoch [58/1000]
09/04/2026,22:50:34: Negative sampling...
09/04/2026,22:50:35: Model's personal time...
09/04/2026,22:50:36: Training...
09/04/2026,22:50:37: Evaluating...
09/04/2026,22:50:39: 	Train Loss: 905856.5625 (base: 158.1647, kd: 9056.9844), Elapsed: train 3.21 test 1.68 *
09/04/2026,22:50:39: 	Recall@10: 0.05824 Recall@20: 0.08603 NDCG@10: 0.03315 NDCG@20: 0.04075 
09/04/2026,22:50:39: 	Recall@10: 0.01950 Recall@20: 0.03148 NDCG@10: 0.01114 NDCG@20: 0.01438 
09/04/2026,22:50:39: Epoch [59/1000]
09/04/2026,22:50:39: Negative sampling...
09/04/2026,22:50:40: Model's personal time...
09/04/2026,22:50:41: Training...
09/04/2026,22:50:43: Evaluating...
09/04/2026,22:50:45: 	Train Loss: 905005.1875 (base: 156.3100, kd: 9048.4893), Elapsed: train 4.45 test 1.41
09/04/2026,22:50:45: 	Recall@10: 0.05774 Recall@20: 0.08628 NDCG@10: 0.03283 NDCG@20: 0.04066 
09/04/2026,22:50:45: 	Recall@10: 0.02032 Recall@20: 0.03122 NDCG@10: 0.01150 NDCG@20: 0.01453 
09/04/2026,22:50:45: Epoch [60/1000]
09/04/2026,22:50:45: Negative sampling...
09/04/2026,22:50:46: Model's personal time...
09/04/2026,22:50:47: Training...
09/04/2026,22:50:51: Evaluating...
09/04/2026,22:50:53: 	Train Loss: 905205.1875 (base: 156.7247, kd: 9050.4854), Elapsed: train 5.85 test 2.54
09/04/2026,22:50:53: 	Recall@10: 0.05942 Recall@20: 0.08730 NDCG@10: 0.03309 NDCG@20: 0.04066 
09/04/2026,22:50:53: 	Recall@10: 0.01995 Recall@20: 0.03140 NDCG@10: 0.01140 NDCG@20: 0.01451 
09/04/2026,22:50:53: Epoch [61/1000]
09/04/2026,22:50:53: Negative sampling...
09/04/2026,22:50:55: Model's personal time...
09/04/2026,22:50:55: Training...
09/04/2026,22:50:59: Evaluating...
09/04/2026,22:51:02: 	Train Loss: 904680.2500 (base: 148.8276, kd: 9045.3145), Elapsed: train 5.54 test 2.83 *
09/04/2026,22:51:02: 	Recall@10: 0.05877 Recall@20: 0.08692 NDCG@10: 0.03339 NDCG@20: 0.04117 
09/04/2026,22:51:02: 	Recall@10: 0.01979 Recall@20: 0.03144 NDCG@10: 0.01158 NDCG@20: 0.01476 
09/04/2026,22:51:02: Epoch [62/1000]
09/04/2026,22:51:02: Negative sampling...
09/04/2026,22:51:03: Model's personal time...
09/04/2026,22:51:04: Training...
09/04/2026,22:51:07: Evaluating...
09/04/2026,22:51:10: 	Train Loss: 904616.3125 (base: 146.5591, kd: 9044.6973), Elapsed: train 5.66 test 2.55 *
09/04/2026,22:51:10: 	Recall@10: 0.05932 Recall@20: 0.08768 NDCG@10: 0.03367 NDCG@20: 0.04141 
09/04/2026,22:51:10: 	Recall@10: 0.02014 Recall@20: 0.03107 NDCG@10: 0.01163 NDCG@20: 0.01460 
09/04/2026,22:51:10: Epoch [63/1000]
09/04/2026,22:51:10: Negative sampling...
09/04/2026,22:51:11: Model's personal time...
09/04/2026,22:51:11: Training...
09/04/2026,22:51:14: Evaluating...
09/04/2026,22:51:17: 	Train Loss: 904983.3125 (base: 150.0407, kd: 9048.3330), Elapsed: train 4.72 test 3.02
09/04/2026,22:51:17: 	Recall@10: 0.05978 Recall@20: 0.08754 NDCG@10: 0.03379 NDCG@20: 0.04136 
09/04/2026,22:51:17: 	Recall@10: 0.02094 Recall@20: 0.03151 NDCG@10: 0.01209 NDCG@20: 0.01497 
09/04/2026,22:51:17: Epoch [64/1000]
09/04/2026,22:51:17: Negative sampling...
09/04/2026,22:51:19: Model's personal time...
09/04/2026,22:51:19: Training...
09/04/2026,22:51:22: Evaluating...
09/04/2026,22:51:25: 	Train Loss: 904542.4375 (base: 143.9775, kd: 9043.9844), Elapsed: train 4.65 test 2.99 *
09/04/2026,22:51:25: 	Recall@10: 0.05982 Recall@20: 0.08771 NDCG@10: 0.03403 NDCG@20: 0.04169 
09/04/2026,22:51:25: 	Recall@10: 0.02109 Recall@20: 0.03178 NDCG@10: 0.01179 NDCG@20: 0.01468 
09/04/2026,22:51:25: Epoch [65/1000]
09/04/2026,22:51:25: Negative sampling...
09/04/2026,22:51:26: Model's personal time...
09/04/2026,22:51:27: Training...
09/04/2026,22:51:29: Evaluating...
09/04/2026,22:51:33: 	Train Loss: 904480.8125 (base: 140.1361, kd: 9043.4062), Elapsed: train 4.30 test 3.44 *
09/04/2026,22:51:33: 	Recall@10: 0.05972 Recall@20: 0.08856 NDCG@10: 0.03412 NDCG@20: 0.04206 
09/04/2026,22:51:33: 	Recall@10: 0.02066 Recall@20: 0.03198 NDCG@10: 0.01176 NDCG@20: 0.01476 
09/04/2026,22:51:33: Epoch [66/1000]
09/04/2026,22:51:33: Negative sampling...
09/04/2026,22:51:34: Model's personal time...
09/04/2026,22:51:35: Training...
09/04/2026,22:51:38: Evaluating...
09/04/2026,22:51:41: 	Train Loss: 904257.3125 (base: 141.6642, kd: 9041.1562), Elapsed: train 5.03 test 3.07 *
09/04/2026,22:51:41: 	Recall@10: 0.05912 Recall@20: 0.08982 NDCG@10: 0.03388 NDCG@20: 0.04230 
09/04/2026,22:51:41: 	Recall@10: 0.02085 Recall@20: 0.03274 NDCG@10: 0.01187 NDCG@20: 0.01501 
09/04/2026,22:51:41: Epoch [67/1000]
09/04/2026,22:51:41: Negative sampling...
09/04/2026,22:51:42: Model's personal time...
09/04/2026,22:51:43: Training...
09/04/2026,22:51:46: Evaluating...
09/04/2026,22:51:49: 	Train Loss: 903874.4375 (base: 130.9030, kd: 9037.4365), Elapsed: train 4.64 test 3.27 *
09/04/2026,22:51:49: 	Recall@10: 0.05937 Recall@20: 0.08945 NDCG@10: 0.03432 NDCG@20: 0.04254 
09/04/2026,22:51:49: 	Recall@10: 0.02119 Recall@20: 0.03200 NDCG@10: 0.01190 NDCG@20: 0.01481 
09/04/2026,22:51:49: Epoch [68/1000]
09/04/2026,22:51:49: Negative sampling...
09/04/2026,22:51:50: Model's personal time...
09/04/2026,22:51:51: Training...
09/04/2026,22:51:54: Evaluating...
09/04/2026,22:51:57: 	Train Loss: 903569.4375 (base: 136.0573, kd: 9034.3340), Elapsed: train 4.92 test 2.87 *
09/04/2026,22:51:57: 	Recall@10: 0.06061 Recall@20: 0.09123 NDCG@10: 0.03481 NDCG@20: 0.04319 
09/04/2026,22:51:57: 	Recall@10: 0.02124 Recall@20: 0.03301 NDCG@10: 0.01189 NDCG@20: 0.01507 
09/04/2026,22:51:57: Epoch [69/1000]
09/04/2026,22:51:57: Negative sampling...
09/04/2026,22:51:58: Model's personal time...
09/04/2026,22:51:58: Training...
09/04/2026,22:52:01: Evaluating...
09/04/2026,22:52:04: 	Train Loss: 903838.8125 (base: 132.9265, kd: 9037.0586), Elapsed: train 4.72 test 3.00
09/04/2026,22:52:04: 	Recall@10: 0.06184 Recall@20: 0.08992 NDCG@10: 0.03508 NDCG@20: 0.04275 
09/04/2026,22:52:04: 	Recall@10: 0.02082 Recall@20: 0.03341 NDCG@10: 0.01189 NDCG@20: 0.01530 
09/04/2026,22:52:04: Epoch [70/1000]
09/04/2026,22:52:04: Negative sampling...
09/04/2026,22:52:06: Model's personal time...
09/04/2026,22:52:06: Training...
09/04/2026,22:52:09: Evaluating...
09/04/2026,22:52:12: 	Train Loss: 903686.1250 (base: 129.7984, kd: 9035.5625), Elapsed: train 4.68 test 3.28
09/04/2026,22:52:12: 	Recall@10: 0.06024 Recall@20: 0.08879 NDCG@10: 0.03471 NDCG@20: 0.04263 
09/04/2026,22:52:12: 	Recall@10: 0.02034 Recall@20: 0.03234 NDCG@10: 0.01170 NDCG@20: 0.01497 
09/04/2026,22:52:12: Epoch [71/1000]
09/04/2026,22:52:12: Negative sampling...
09/04/2026,22:52:14: Model's personal time...
09/04/2026,22:52:14: Training...
09/04/2026,22:52:17: Evaluating...
09/04/2026,22:52:20: 	Train Loss: 903185.4375 (base: 128.4161, kd: 9030.5703), Elapsed: train 4.84 test 3.22
09/04/2026,22:52:20: 	Recall@10: 0.06112 Recall@20: 0.08951 NDCG@10: 0.03505 NDCG@20: 0.04286 
09/04/2026,22:52:20: 	Recall@10: 0.02004 Recall@20: 0.03325 NDCG@10: 0.01161 NDCG@20: 0.01520 
09/04/2026,22:52:20: Epoch [72/1000]
09/04/2026,22:52:20: Negative sampling...
09/04/2026,22:52:22: Model's personal time...
09/04/2026,22:52:22: Training...
09/04/2026,22:52:25: Evaluating...
09/04/2026,22:52:28: 	Train Loss: 903557.1250 (base: 129.6407, kd: 9034.2744), Elapsed: train 4.81 test 2.96
09/04/2026,22:52:28: 	Recall@10: 0.06107 Recall@20: 0.09014 NDCG@10: 0.03513 NDCG@20: 0.04311 
09/04/2026,22:52:28: 	Recall@10: 0.02059 Recall@20: 0.03375 NDCG@10: 0.01174 NDCG@20: 0.01528 
09/04/2026,22:52:28: Epoch [73/1000]
09/04/2026,22:52:28: Negative sampling...
09/04/2026,22:52:30: Model's personal time...
09/04/2026,22:52:31: Training...
09/04/2026,22:52:34: Evaluating...
09/04/2026,22:52:37: 	Train Loss: 902953.6875 (base: 127.4749, kd: 9028.2617), Elapsed: train 6.21 test 2.22 *
09/04/2026,22:52:37: 	Recall@10: 0.06235 Recall@20: 0.09129 NDCG@10: 0.03566 NDCG@20: 0.04364 
09/04/2026,22:52:37: 	Recall@10: 0.02085 Recall@20: 0.03210 NDCG@10: 0.01191 NDCG@20: 0.01497 
09/04/2026,22:52:37: Epoch [74/1000]
09/04/2026,22:52:37: Negative sampling...
09/04/2026,22:52:38: Model's personal time...
09/04/2026,22:52:38: Training...
09/04/2026,22:52:41: Evaluating...
09/04/2026,22:52:43: 	Train Loss: 902928.0000 (base: 124.5632, kd: 9028.0342), Elapsed: train 3.97 test 2.36 *
09/04/2026,22:52:43: 	Recall@10: 0.06162 Recall@20: 0.09195 NDCG@10: 0.03555 NDCG@20: 0.04386 
09/04/2026,22:52:43: 	Recall@10: 0.02066 Recall@20: 0.03222 NDCG@10: 0.01185 NDCG@20: 0.01498 
09/04/2026,22:52:43: Epoch [75/1000]
09/04/2026,22:52:43: Negative sampling...
09/04/2026,22:52:44: Model's personal time...
09/04/2026,22:52:45: Training...
09/04/2026,22:52:46: Evaluating...
09/04/2026,22:52:48: 	Train Loss: 902430.3750 (base: 121.5909, kd: 9023.0879), Elapsed: train 3.36 test 1.64
09/04/2026,22:52:48: 	Recall@10: 0.06271 Recall@20: 0.09064 NDCG@10: 0.03581 NDCG@20: 0.04345 
09/04/2026,22:52:48: 	Recall@10: 0.02058 Recall@20: 0.03318 NDCG@10: 0.01171 NDCG@20: 0.01511 
09/04/2026,22:52:48: Epoch [76/1000]
09/04/2026,22:52:48: Negative sampling...
09/04/2026,22:52:49: Model's personal time...
09/04/2026,22:52:49: Training...
09/04/2026,22:52:52: Evaluating...
09/04/2026,22:52:54: 	Train Loss: 902667.5625 (base: 119.3290, kd: 9025.4834), Elapsed: train 4.35 test 1.43
09/04/2026,22:52:54: 	Recall@10: 0.06155 Recall@20: 0.09085 NDCG@10: 0.03558 NDCG@20: 0.04362 
09/04/2026,22:52:54: 	Recall@10: 0.02058 Recall@20: 0.03374 NDCG@10: 0.01185 NDCG@20: 0.01543 
09/04/2026,22:52:54: Epoch [77/1000]
09/04/2026,22:52:54: Negative sampling...
09/04/2026,22:52:55: Model's personal time...
09/04/2026,22:52:56: Training...
09/04/2026,22:53:00: Evaluating...
09/04/2026,22:53:02: 	Train Loss: 902752.5625 (base: 121.5889, kd: 9026.3096), Elapsed: train 5.95 test 2.51
09/04/2026,22:53:02: 	Recall@10: 0.06199 Recall@20: 0.09115 NDCG@10: 0.03543 NDCG@20: 0.04340 
09/04/2026,22:53:02: 	Recall@10: 0.02069 Recall@20: 0.03443 NDCG@10: 0.01184 NDCG@20: 0.01558 
09/04/2026,22:53:02: Epoch [78/1000]
09/04/2026,22:53:02: Negative sampling...
09/04/2026,22:53:04: Model's personal time...
09/04/2026,22:53:04: Training...
09/04/2026,22:53:08: Evaluating...
09/04/2026,22:53:10: 	Train Loss: 902459.7500 (base: 118.0091, kd: 9023.4170), Elapsed: train 5.57 test 2.37
09/04/2026,22:53:10: 	Recall@10: 0.06310 Recall@20: 0.09200 NDCG@10: 0.03589 NDCG@20: 0.04378 
09/04/2026,22:53:10: 	Recall@10: 0.02103 Recall@20: 0.03449 NDCG@10: 0.01192 NDCG@20: 0.01555 
09/04/2026,22:53:10: Epoch [79/1000]
09/04/2026,22:53:10: Negative sampling...
09/04/2026,22:53:12: Model's personal time...
09/04/2026,22:53:12: Training...
09/04/2026,22:53:15: Evaluating...
09/04/2026,22:53:18: 	Train Loss: 902033.9375 (base: 118.0385, kd: 9019.1592), Elapsed: train 4.94 test 2.68
09/04/2026,22:53:18: 	Recall@10: 0.06236 Recall@20: 0.09050 NDCG@10: 0.03568 NDCG@20: 0.04344 
09/04/2026,22:53:18: 	Recall@10: 0.02132 Recall@20: 0.03352 NDCG@10: 0.01223 NDCG@20: 0.01556 
09/04/2026,22:53:18: Epoch [80/1000]
09/04/2026,22:53:18: Negative sampling...
09/04/2026,22:53:19: Model's personal time...
09/04/2026,22:53:20: Training...
09/04/2026,22:53:23: Evaluating...
09/04/2026,22:53:26: 	Train Loss: 902332.8750 (base: 117.5791, kd: 9022.1533), Elapsed: train 5.73 test 2.30
09/04/2026,22:53:26: 	Recall@10: 0.06252 Recall@20: 0.09052 NDCG@10: 0.03588 NDCG@20: 0.04361 
09/04/2026,22:53:26: 	Recall@10: 0.02087 Recall@20: 0.03369 NDCG@10: 0.01195 NDCG@20: 0.01549 
09/04/2026,22:53:26: Epoch [81/1000]
09/04/2026,22:53:26: Negative sampling...
09/04/2026,22:53:27: Model's personal time...
09/04/2026,22:53:27: Training...
09/04/2026,22:53:31: Evaluating...
09/04/2026,22:53:33: 	Train Loss: 902334.1875 (base: 113.1388, kd: 9022.2100), Elapsed: train 4.73 test 2.86 *
09/04/2026,22:53:33: 	Recall@10: 0.06373 Recall@20: 0.09177 NDCG@10: 0.03633 NDCG@20: 0.04407 
09/04/2026,22:53:33: 	Recall@10: 0.02125 Recall@20: 0.03435 NDCG@10: 0.01220 NDCG@20: 0.01583 
09/04/2026,22:53:33: Epoch [82/1000]
09/04/2026,22:53:33: Negative sampling...
09/04/2026,22:53:35: Model's personal time...
09/04/2026,22:53:35: Training...
09/04/2026,22:53:38: Evaluating...
09/04/2026,22:53:40: 	Train Loss: 902025.1250 (base: 113.2452, kd: 9019.1201), Elapsed: train 4.84 test 2.23 *
09/04/2026,22:53:40: 	Recall@10: 0.06181 Recall@20: 0.09212 NDCG@10: 0.03603 NDCG@20: 0.04435 
09/04/2026,22:53:40: 	Recall@10: 0.02170 Recall@20: 0.03425 NDCG@10: 0.01225 NDCG@20: 0.01564 
09/04/2026,22:53:40: Epoch [83/1000]
09/04/2026,22:53:40: Negative sampling...
09/04/2026,22:53:42: Model's personal time...
09/04/2026,22:53:42: Training...
09/04/2026,22:53:44: Evaluating...
09/04/2026,22:53:47: 	Train Loss: 902017.9375 (base: 111.0375, kd: 9019.0703), Elapsed: train 3.90 test 2.33
09/04/2026,22:53:47: 	Recall@10: 0.06336 Recall@20: 0.09136 NDCG@10: 0.03661 NDCG@20: 0.04427 
09/04/2026,22:53:47: 	Recall@10: 0.02179 Recall@20: 0.03435 NDCG@10: 0.01233 NDCG@20: 0.01576 
09/04/2026,22:53:47: Epoch [84/1000]
09/04/2026,22:53:47: Negative sampling...
09/04/2026,22:53:48: Model's personal time...
09/04/2026,22:53:48: Training...
09/04/2026,22:53:50: Evaluating...
09/04/2026,22:53:52: 	Train Loss: 902183.3125 (base: 110.3918, kd: 9020.7295), Elapsed: train 3.44 test 1.72
09/04/2026,22:53:52: 	Recall@10: 0.06269 Recall@20: 0.09297 NDCG@10: 0.03602 NDCG@20: 0.04431 
09/04/2026,22:53:52: 	Recall@10: 0.02231 Recall@20: 0.03423 NDCG@10: 0.01226 NDCG@20: 0.01551 
09/04/2026,22:53:52: Epoch [85/1000]
09/04/2026,22:53:52: Negative sampling...
09/04/2026,22:53:53: Model's personal time...
09/04/2026,22:53:55: Training...
09/04/2026,22:53:57: Evaluating...
09/04/2026,22:53:57: 	Train Loss: 901981.0625 (base: 111.5928, kd: 9018.6934), Elapsed: train 5.01 test 0.48
09/04/2026,22:53:57: 	Recall@10: 0.06312 Recall@20: 0.09363 NDCG@10: 0.03592 NDCG@20: 0.04423 
09/04/2026,22:53:57: 	Recall@10: 0.02227 Recall@20: 0.03322 NDCG@10: 0.01250 NDCG@20: 0.01553 
09/04/2026,22:53:57: Epoch [86/1000]
09/04/2026,22:53:57: Negative sampling...
09/04/2026,22:53:59: Model's personal time...
09/04/2026,22:54:01: Training...
09/04/2026,22:54:03: Evaluating...
09/04/2026,22:54:04: 	Train Loss: 901770.3750 (base: 109.5066, kd: 9016.6084), Elapsed: train 5.75 test 0.42 *
09/04/2026,22:54:04: 	Recall@10: 0.06310 Recall@20: 0.09291 NDCG@10: 0.03627 NDCG@20: 0.04443 
09/04/2026,22:54:04: 	Recall@10: 0.02184 Recall@20: 0.03410 NDCG@10: 0.01225 NDCG@20: 0.01563 
09/04/2026,22:54:04: Epoch [87/1000]
09/04/2026,22:54:04: Negative sampling...
09/04/2026,22:54:05: Model's personal time...
09/04/2026,22:54:06: Training...
09/04/2026,22:54:09: Evaluating...
09/04/2026,22:54:10: 	Train Loss: 901596.1250 (base: 105.7595, kd: 9014.9043), Elapsed: train 5.78 test 0.73 *
09/04/2026,22:54:10: 	Recall@10: 0.06436 Recall@20: 0.09448 NDCG@10: 0.03691 NDCG@20: 0.04515 
09/04/2026,22:54:10: 	Recall@10: 0.02183 Recall@20: 0.03416 NDCG@10: 0.01237 NDCG@20: 0.01574 
09/04/2026,22:54:10: Epoch [88/1000]
09/04/2026,22:54:10: Negative sampling...
09/04/2026,22:54:11: Model's personal time...
09/04/2026,22:54:14: Training...
09/04/2026,22:54:17: Evaluating...
09/04/2026,22:54:18: 	Train Loss: 901611.8750 (base: 103.2672, kd: 9015.0850), Elapsed: train 6.95 test 1.23
09/04/2026,22:54:18: 	Recall@10: 0.06305 Recall@20: 0.09375 NDCG@10: 0.03649 NDCG@20: 0.04489 
09/04/2026,22:54:18: 	Recall@10: 0.02207 Recall@20: 0.03394 NDCG@10: 0.01231 NDCG@20: 0.01554 
09/04/2026,22:54:18: Epoch [89/1000]
09/04/2026,22:54:18: Negative sampling...
09/04/2026,22:54:20: Model's personal time...
09/04/2026,22:54:22: Training...
09/04/2026,22:54:25: Evaluating...
09/04/2026,22:54:26: 	Train Loss: 900948.2500 (base: 106.9426, kd: 9008.4141), Elapsed: train 6.84 test 1.46
09/04/2026,22:54:26: 	Recall@10: 0.06433 Recall@20: 0.09376 NDCG@10: 0.03703 NDCG@20: 0.04511 
09/04/2026,22:54:26: 	Recall@10: 0.02218 Recall@20: 0.03435 NDCG@10: 0.01254 NDCG@20: 0.01585 
09/04/2026,22:54:26: Epoch [90/1000]
09/04/2026,22:54:26: Negative sampling...
09/04/2026,22:54:28: Model's personal time...
09/04/2026,22:54:29: Training...
09/04/2026,22:54:32: Evaluating...
09/04/2026,22:54:35: 	Train Loss: 901657.1250 (base: 103.7619, kd: 9015.5332), Elapsed: train 5.82 test 2.69
09/04/2026,22:54:35: 	Recall@10: 0.06490 Recall@20: 0.09329 NDCG@10: 0.03684 NDCG@20: 0.04462 
09/04/2026,22:54:35: 	Recall@10: 0.02218 Recall@20: 0.03343 NDCG@10: 0.01249 NDCG@20: 0.01558 
09/04/2026,22:54:35: Epoch [91/1000]
09/04/2026,22:54:35: Negative sampling...
09/04/2026,22:54:37: Model's personal time...
09/04/2026,22:54:37: Training...
09/04/2026,22:54:41: Evaluating...
09/04/2026,22:54:43: 	Train Loss: 901671.4375 (base: 100.1561, kd: 9015.7129), Elapsed: train 5.66 test 2.57
09/04/2026,22:54:43: 	Recall@10: 0.06497 Recall@20: 0.09344 NDCG@10: 0.03702 NDCG@20: 0.04481 
09/04/2026,22:54:43: 	Recall@10: 0.02202 Recall@20: 0.03463 NDCG@10: 0.01239 NDCG@20: 0.01583 
09/04/2026,22:54:43: Epoch [92/1000]
09/04/2026,22:54:43: Negative sampling...
09/04/2026,22:54:45: Model's personal time...
09/04/2026,22:54:45: Training...
09/04/2026,22:54:48: Evaluating...
09/04/2026,22:54:51: 	Train Loss: 901177.6875 (base: 103.4891, kd: 9010.7422), Elapsed: train 5.00 test 3.14
09/04/2026,22:54:51: 	Recall@10: 0.06487 Recall@20: 0.09303 NDCG@10: 0.03691 NDCG@20: 0.04469 
09/04/2026,22:54:51: 	Recall@10: 0.02245 Recall@20: 0.03353 NDCG@10: 0.01249 NDCG@20: 0.01556 
09/04/2026,22:54:51: Epoch [93/1000]
09/04/2026,22:54:51: Negative sampling...
09/04/2026,22:54:53: Model's personal time...
09/04/2026,22:54:53: Training...
09/04/2026,22:54:56: Evaluating...
09/04/2026,22:54:59: 	Train Loss: 900903.6250 (base: 100.8552, kd: 9008.0283), Elapsed: train 4.81 test 3.14 *
09/04/2026,22:54:59: 	Recall@10: 0.06417 Recall@20: 0.09426 NDCG@10: 0.03704 NDCG@20: 0.04536 
09/04/2026,22:54:59: 	Recall@10: 0.02210 Recall@20: 0.03485 NDCG@10: 0.01259 NDCG@20: 0.01607 
09/04/2026,22:54:59: Epoch [94/1000]
09/04/2026,22:54:59: Negative sampling...
09/04/2026,22:55:01: Model's personal time...
09/04/2026,22:55:01: Training...
09/04/2026,22:55:04: Evaluating...
09/04/2026,22:55:06: 	Train Loss: 900750.7500 (base: 98.4500, kd: 9006.5225), Elapsed: train 4.52 test 2.18
09/04/2026,22:55:06: 	Recall@10: 0.06421 Recall@20: 0.09409 NDCG@10: 0.03653 NDCG@20: 0.04482 
09/04/2026,22:55:06: 	Recall@10: 0.02148 Recall@20: 0.03441 NDCG@10: 0.01234 NDCG@20: 0.01590 
09/04/2026,22:55:06: Epoch [95/1000]
09/04/2026,22:55:06: Negative sampling...
09/04/2026,22:55:07: Model's personal time...
09/04/2026,22:55:08: Training...
09/04/2026,22:55:09: Evaluating...
09/04/2026,22:55:10: 	Train Loss: 900843.0625 (base: 94.8357, kd: 9007.4824), Elapsed: train 3.26 test 1.21
09/04/2026,22:55:10: 	Recall@10: 0.06269 Recall@20: 0.09389 NDCG@10: 0.03661 NDCG@20: 0.04529 
09/04/2026,22:55:10: 	Recall@10: 0.02196 Recall@20: 0.03401 NDCG@10: 0.01251 NDCG@20: 0.01579 
09/04/2026,22:55:10: Epoch [96/1000]
09/04/2026,22:55:10: Negative sampling...
09/04/2026,22:55:12: Model's personal time...
09/04/2026,22:55:14: Training...
09/04/2026,22:55:15: Evaluating...
09/04/2026,22:55:16: 	Train Loss: 900863.5000 (base: 98.4238, kd: 9007.6504), Elapsed: train 4.78 test 0.43
09/04/2026,22:55:16: 	Recall@10: 0.06350 Recall@20: 0.09336 NDCG@10: 0.03665 NDCG@20: 0.04491 
09/04/2026,22:55:16: 	Recall@10: 0.02190 Recall@20: 0.03419 NDCG@10: 0.01234 NDCG@20: 0.01570 
09/04/2026,22:55:16: Epoch [97/1000]
09/04/2026,22:55:16: Negative sampling...
09/04/2026,22:55:17: Model's personal time...
09/04/2026,22:55:18: Training...
09/04/2026,22:55:21: Evaluating...
09/04/2026,22:55:23: 	Train Loss: 901220.3750 (base: 99.7569, kd: 9011.2061), Elapsed: train 5.75 test 1.68
09/04/2026,22:55:23: 	Recall@10: 0.06349 Recall@20: 0.09410 NDCG@10: 0.03677 NDCG@20: 0.04524 
09/04/2026,22:55:23: 	Recall@10: 0.02248 Recall@20: 0.03472 NDCG@10: 0.01272 NDCG@20: 0.01606 
09/04/2026,22:55:23: Epoch [98/1000]
09/04/2026,22:55:23: Negative sampling...
09/04/2026,22:55:24: Model's personal time...
09/04/2026,22:55:25: Training...
09/04/2026,22:55:27: Evaluating...
09/04/2026,22:55:29: 	Train Loss: 900699.8750 (base: 91.7254, kd: 9006.0811), Elapsed: train 3.87 test 2.21
09/04/2026,22:55:29: 	Recall@10: 0.06475 Recall@20: 0.09502 NDCG@10: 0.03694 NDCG@20: 0.04530 
09/04/2026,22:55:29: 	Recall@10: 0.02150 Recall@20: 0.03544 NDCG@10: 0.01235 NDCG@20: 0.01618 
09/04/2026,22:55:29: Epoch [99/1000]
09/04/2026,22:55:29: Negative sampling...
09/04/2026,22:55:31: Model's personal time...
09/04/2026,22:55:31: Training...
09/04/2026,22:55:32: Evaluating...
09/04/2026,22:55:34: 	Train Loss: 900536.6250 (base: 97.9107, kd: 9004.3867), Elapsed: train 3.28 test 1.75 *
09/04/2026,22:55:34: 	Recall@10: 0.06368 Recall@20: 0.09482 NDCG@10: 0.03690 NDCG@20: 0.04556 
09/04/2026,22:55:34: 	Recall@10: 0.02171 Recall@20: 0.03498 NDCG@10: 0.01257 NDCG@20: 0.01620 
09/04/2026,22:55:34: Epoch [100/1000]
09/04/2026,22:55:34: Negative sampling...
09/04/2026,22:55:36: Model's personal time...
09/04/2026,22:55:37: Training...
09/04/2026,22:55:39: Evaluating...
09/04/2026,22:55:40: 	Train Loss: 900511.0000 (base: 96.5081, kd: 9004.1455), Elapsed: train 4.96 test 0.53 *
09/04/2026,22:55:40: 	Recall@10: 0.06464 Recall@20: 0.09514 NDCG@10: 0.03720 NDCG@20: 0.04562 
09/04/2026,22:55:40: 	Recall@10: 0.02299 Recall@20: 0.03573 NDCG@10: 0.01290 NDCG@20: 0.01633 
09/04/2026,22:55:40: Epoch [101/1000]
09/04/2026,22:55:40: Negative sampling...
09/04/2026,22:55:41: Model's personal time...
09/04/2026,22:55:42: Training...
09/04/2026,22:55:45: Evaluating...
09/04/2026,22:55:46: 	Train Loss: 900419.3125 (base: 94.1598, kd: 9003.2520), Elapsed: train 5.59 test 1.01
09/04/2026,22:55:46: 	Recall@10: 0.06370 Recall@20: 0.09465 NDCG@10: 0.03671 NDCG@20: 0.04526 
09/04/2026,22:55:46: 	Recall@10: 0.02271 Recall@20: 0.03456 NDCG@10: 0.01268 NDCG@20: 0.01592 
09/04/2026,22:55:46: Epoch [102/1000]
09/04/2026,22:55:46: Negative sampling...
09/04/2026,22:55:48: Model's personal time...
09/04/2026,22:55:49: Training...
09/04/2026,22:55:52: Evaluating...
09/04/2026,22:55:55: 	Train Loss: 900586.4375 (base: 91.5058, kd: 9004.9492), Elapsed: train 5.73 test 2.49 *
09/04/2026,22:55:55: 	Recall@10: 0.06353 Recall@20: 0.09646 NDCG@10: 0.03687 NDCG@20: 0.04588 
09/04/2026,22:55:55: 	Recall@10: 0.02282 Recall@20: 0.03466 NDCG@10: 0.01297 NDCG@20: 0.01620 
09/04/2026,22:55:55: Epoch [103/1000]
09/04/2026,22:55:55: Negative sampling...
09/04/2026,22:55:56: Model's personal time...
09/04/2026,22:55:56: Training...
09/04/2026,22:55:59: Evaluating...
09/04/2026,22:56:01: 	Train Loss: 900365.6250 (base: 93.6626, kd: 9002.7188), Elapsed: train 4.71 test 1.45
09/04/2026,22:56:01: 	Recall@10: 0.06416 Recall@20: 0.09592 NDCG@10: 0.03705 NDCG@20: 0.04572 
09/04/2026,22:56:01: 	Recall@10: 0.02165 Recall@20: 0.03473 NDCG@10: 0.01252 NDCG@20: 0.01609 
09/04/2026,22:56:01: Epoch [104/1000]
09/04/2026,22:56:01: Negative sampling...
09/04/2026,22:56:02: Model's personal time...
09/04/2026,22:56:02: Training...
09/04/2026,22:56:04: Evaluating...
09/04/2026,22:56:06: 	Train Loss: 900093.0625 (base: 86.6118, kd: 9000.0635), Elapsed: train 3.35 test 1.70 *
09/04/2026,22:56:06: 	Recall@10: 0.06547 Recall@20: 0.09591 NDCG@10: 0.03760 NDCG@20: 0.04595 
09/04/2026,22:56:06: 	Recall@10: 0.02196 Recall@20: 0.03453 NDCG@10: 0.01251 NDCG@20: 0.01594 
09/04/2026,22:56:06: Epoch [105/1000]
09/04/2026,22:56:06: Negative sampling...
09/04/2026,22:56:07: Model's personal time...
09/04/2026,22:56:09: Training...
09/04/2026,22:56:11: Evaluating...
09/04/2026,22:56:11: 	Train Loss: 900275.0000 (base: 90.5755, kd: 9001.8438), Elapsed: train 4.79 test 0.45
09/04/2026,22:56:11: 	Recall@10: 0.06583 Recall@20: 0.09521 NDCG@10: 0.03777 NDCG@20: 0.04587 
09/04/2026,22:56:11: 	Recall@10: 0.02270 Recall@20: 0.03538 NDCG@10: 0.01282 NDCG@20: 0.01619 
09/04/2026,22:56:11: Epoch [106/1000]
09/04/2026,22:56:11: Negative sampling...
09/04/2026,22:56:12: Model's personal time...
09/04/2026,22:56:14: Training...
09/04/2026,22:56:17: Evaluating...
09/04/2026,22:56:18: 	Train Loss: 900647.5000 (base: 88.8999, kd: 9005.5859), Elapsed: train 6.14 test 0.97
09/04/2026,22:56:18: 	Recall@10: 0.06512 Recall@20: 0.09506 NDCG@10: 0.03730 NDCG@20: 0.04555 
09/04/2026,22:56:18: 	Recall@10: 0.02331 Recall@20: 0.03546 NDCG@10: 0.01293 NDCG@20: 0.01623 
09/04/2026,22:56:18: Epoch [107/1000]
09/04/2026,22:56:18: Negative sampling...
09/04/2026,22:56:19: Model's personal time...
09/04/2026,22:56:20: Training...
09/04/2026,22:56:23: Evaluating...
09/04/2026,22:56:26: 	Train Loss: 900308.0625 (base: 89.6233, kd: 9002.1846), Elapsed: train 5.34 test 2.44
09/04/2026,22:56:26: 	Recall@10: 0.06480 Recall@20: 0.09367 NDCG@10: 0.03743 NDCG@20: 0.04545 
09/04/2026,22:56:26: 	Recall@10: 0.02270 Recall@20: 0.03500 NDCG@10: 0.01290 NDCG@20: 0.01624 
09/04/2026,22:56:26: Epoch [108/1000]
09/04/2026,22:56:26: Negative sampling...
09/04/2026,22:56:27: Model's personal time...
09/04/2026,22:56:27: Training...
09/04/2026,22:56:30: Evaluating...
09/04/2026,22:56:33: 	Train Loss: 900140.6875 (base: 92.5776, kd: 9000.4805), Elapsed: train 4.38 test 3.13
09/04/2026,22:56:33: 	Recall@10: 0.06416 Recall@20: 0.09468 NDCG@10: 0.03729 NDCG@20: 0.04558 
09/04/2026,22:56:33: 	Recall@10: 0.02283 Recall@20: 0.03440 NDCG@10: 0.01274 NDCG@20: 0.01588 
09/04/2026,22:56:33: Epoch [109/1000]
09/04/2026,22:56:33: Negative sampling...
09/04/2026,22:56:35: Model's personal time...
09/04/2026,22:56:35: Training...
09/04/2026,22:56:38: Evaluating...
09/04/2026,22:56:42: 	Train Loss: 900072.6875 (base: 88.2809, kd: 8999.8438), Elapsed: train 4.98 test 3.20
09/04/2026,22:56:42: 	Recall@10: 0.06515 Recall@20: 0.09437 NDCG@10: 0.03746 NDCG@20: 0.04544 
09/04/2026,22:56:42: 	Recall@10: 0.02216 Recall@20: 0.03526 NDCG@10: 0.01265 NDCG@20: 0.01623 
09/04/2026,22:56:42: Epoch [110/1000]
09/04/2026,22:56:42: Negative sampling...
09/04/2026,22:56:43: Model's personal time...
09/04/2026,22:56:44: Training...
09/04/2026,22:56:47: Evaluating...
09/04/2026,22:56:50: 	Train Loss: 900031.8125 (base: 84.9624, kd: 8999.4688), Elapsed: train 5.08 test 3.07
09/04/2026,22:56:50: 	Recall@10: 0.06468 Recall@20: 0.09473 NDCG@10: 0.03712 NDCG@20: 0.04534 
09/04/2026,22:56:50: 	Recall@10: 0.02254 Recall@20: 0.03530 NDCG@10: 0.01288 NDCG@20: 0.01634 
09/04/2026,22:56:50: Epoch [111/1000]
09/04/2026,22:56:50: Negative sampling...
09/04/2026,22:56:51: Model's personal time...
09/04/2026,22:56:51: Training...
09/04/2026,22:56:54: Evaluating...
09/04/2026,22:56:58: 	Train Loss: 899858.4375 (base: 91.1373, kd: 8997.6729), Elapsed: train 4.66 test 3.15
09/04/2026,22:56:58: 	Recall@10: 0.06511 Recall@20: 0.09560 NDCG@10: 0.03743 NDCG@20: 0.04584 
09/04/2026,22:56:58: 	Recall@10: 0.02295 Recall@20: 0.03453 NDCG@10: 0.01300 NDCG@20: 0.01613 
09/04/2026,22:56:58: Epoch [112/1000]
09/04/2026,22:56:58: Negative sampling...
09/04/2026,22:56:59: Model's personal time...
09/04/2026,22:56:59: Training...
09/04/2026,22:57:02: Evaluating...
09/04/2026,22:57:05: 	Train Loss: 900074.1875 (base: 87.5821, kd: 8999.8662), Elapsed: train 4.63 test 2.84
09/04/2026,22:57:05: 	Recall@10: 0.06449 Recall@20: 0.09460 NDCG@10: 0.03760 NDCG@20: 0.04586 
09/04/2026,22:57:05: 	Recall@10: 0.02324 Recall@20: 0.03531 NDCG@10: 0.01305 NDCG@20: 0.01630 
09/04/2026,22:57:05: Epoch [113/1000]
09/04/2026,22:57:05: Negative sampling...
09/04/2026,22:57:06: Model's personal time...
09/04/2026,22:57:06: Training...
09/04/2026,22:57:09: Evaluating...
09/04/2026,22:57:11: 	Train Loss: 899637.3750 (base: 86.3878, kd: 8995.5098), Elapsed: train 3.84 test 2.22
09/04/2026,22:57:11: 	Recall@10: 0.06477 Recall@20: 0.09468 NDCG@10: 0.03770 NDCG@20: 0.04592 
09/04/2026,22:57:11: 	Recall@10: 0.02328 Recall@20: 0.03479 NDCG@10: 0.01281 NDCG@20: 0.01592 
09/04/2026,22:57:11: Epoch [114/1000]
09/04/2026,22:57:11: Negative sampling...
09/04/2026,22:57:12: Model's personal time...
09/04/2026,22:57:13: Training...
09/04/2026,22:57:14: Evaluating...
09/04/2026,22:57:16: 	Train Loss: 899934.2500 (base: 86.7177, kd: 8998.4746), Elapsed: train 3.21 test 1.70
09/04/2026,22:57:16: 	Recall@10: 0.06511 Recall@20: 0.09515 NDCG@10: 0.03770 NDCG@20: 0.04591 
09/04/2026,22:57:16: 	Recall@10: 0.02332 Recall@20: 0.03535 NDCG@10: 0.01277 NDCG@20: 0.01601 
09/04/2026,22:57:16: Epoch [115/1000]
09/04/2026,22:57:16: Negative sampling...
09/04/2026,22:57:17: Model's personal time...
09/04/2026,22:57:19: Training...
09/04/2026,22:57:21: Evaluating...
09/04/2026,22:57:21: 	Train Loss: 899894.3750 (base: 84.4659, kd: 8998.0996), Elapsed: train 4.73 test 0.44
09/04/2026,22:57:21: 	Recall@10: 0.06506 Recall@20: 0.09431 NDCG@10: 0.03758 NDCG@20: 0.04568 
09/04/2026,22:57:21: 	Recall@10: 0.02225 Recall@20: 0.03491 NDCG@10: 0.01268 NDCG@20: 0.01612 
09/04/2026,22:57:21: Epoch [116/1000]
09/04/2026,22:57:21: Negative sampling...
09/04/2026,22:57:23: Model's personal time...
09/04/2026,22:57:24: Training...
09/04/2026,22:57:27: Evaluating...
09/04/2026,22:57:28: 	Train Loss: 900068.0625 (base: 84.7972, kd: 8999.8330), Elapsed: train 5.59 test 1.44
09/04/2026,22:57:28: 	Recall@10: 0.06491 Recall@20: 0.09423 NDCG@10: 0.03755 NDCG@20: 0.04559 
09/04/2026,22:57:28: 	Recall@10: 0.02224 Recall@20: 0.03554 NDCG@10: 0.01264 NDCG@20: 0.01617 
09/04/2026,22:57:28: Epoch [117/1000]
09/04/2026,22:57:28: Negative sampling...
09/04/2026,22:57:30: Model's personal time...
09/04/2026,22:57:30: Training...
09/04/2026,22:57:33: Evaluating...
09/04/2026,22:57:36: 	Train Loss: 899997.5625 (base: 82.2373, kd: 8999.1533), Elapsed: train 4.98 test 2.96
09/04/2026,22:57:36: 	Recall@10: 0.06416 Recall@20: 0.09410 NDCG@10: 0.03731 NDCG@20: 0.04560 
09/04/2026,22:57:36: 	Recall@10: 0.02289 Recall@20: 0.03509 NDCG@10: 0.01284 NDCG@20: 0.01609 
09/04/2026,22:57:36: Epoch [118/1000]
09/04/2026,22:57:36: Negative sampling...
09/04/2026,22:57:37: Model's personal time...
09/04/2026,22:57:38: Training...
09/04/2026,22:57:41: Evaluating...
09/04/2026,22:57:44: 	Train Loss: 899597.0625 (base: 82.7410, kd: 8995.1426), Elapsed: train 4.61 test 2.88 *
09/04/2026,22:57:44: 	Recall@10: 0.06686 Recall@20: 0.09512 NDCG@10: 0.03825 NDCG@20: 0.04605 
09/04/2026,22:57:44: 	Recall@10: 0.02280 Recall@20: 0.03465 NDCG@10: 0.01278 NDCG@20: 0.01601 
09/04/2026,22:57:44: Epoch [119/1000]
09/04/2026,22:57:44: Negative sampling...
09/04/2026,22:57:45: Model's personal time...
09/04/2026,22:57:45: Training...
09/04/2026,22:57:48: Evaluating...
09/04/2026,22:57:51: 	Train Loss: 899759.5625 (base: 79.7359, kd: 8996.7979), Elapsed: train 3.94 test 3.66
09/04/2026,22:57:51: 	Recall@10: 0.06594 Recall@20: 0.09505 NDCG@10: 0.03777 NDCG@20: 0.04578 
09/04/2026,22:57:51: 	Recall@10: 0.02239 Recall@20: 0.03509 NDCG@10: 0.01256 NDCG@20: 0.01600 
09/04/2026,22:57:51: Epoch [120/1000]
09/04/2026,22:57:51: Negative sampling...
09/04/2026,22:57:53: Model's personal time...
09/04/2026,22:57:54: Training...
09/04/2026,22:57:57: Evaluating...
09/04/2026,22:58:00: 	Train Loss: 899589.0625 (base: 80.0955, kd: 8995.0889), Elapsed: train 6.03 test 2.57
09/04/2026,22:58:00: 	Recall@10: 0.06631 Recall@20: 0.09438 NDCG@10: 0.03792 NDCG@20: 0.04556 
09/04/2026,22:58:00: 	Recall@10: 0.02292 Recall@20: 0.03564 NDCG@10: 0.01286 NDCG@20: 0.01630 
09/04/2026,22:58:00: Epoch [121/1000]
09/04/2026,22:58:00: Negative sampling...
09/04/2026,22:58:01: Model's personal time...
09/04/2026,22:58:02: Training...
09/04/2026,22:58:05: Evaluating...
09/04/2026,22:58:08: 	Train Loss: 899595.0000 (base: 80.3058, kd: 8995.1465), Elapsed: train 4.96 test 3.11
09/04/2026,22:58:08: 	Recall@10: 0.06618 Recall@20: 0.09486 NDCG@10: 0.03795 NDCG@20: 0.04573 
09/04/2026,22:58:08: 	Recall@10: 0.02267 Recall@20: 0.03589 NDCG@10: 0.01302 NDCG@20: 0.01657 
09/04/2026,22:58:08: Epoch [122/1000]
09/04/2026,22:58:08: Negative sampling...
09/04/2026,22:58:09: Model's personal time...
09/04/2026,22:58:09: Training...
09/04/2026,22:58:13: Evaluating...
09/04/2026,22:58:16: 	Train Loss: 899629.6875 (base: 80.3711, kd: 8995.4932), Elapsed: train 4.61 test 3.08
09/04/2026,22:58:16: 	Recall@10: 0.06590 Recall@20: 0.09533 NDCG@10: 0.03787 NDCG@20: 0.04587 
09/04/2026,22:58:16: 	Recall@10: 0.02337 Recall@20: 0.03589 NDCG@10: 0.01298 NDCG@20: 0.01634 
09/04/2026,22:58:16: Epoch [123/1000]
09/04/2026,22:58:16: Negative sampling...
09/04/2026,22:58:17: Model's personal time...
09/04/2026,22:58:17: Training...
09/04/2026,22:58:20: Evaluating...
09/04/2026,22:58:23: 	Train Loss: 899558.1875 (base: 81.5208, kd: 8994.7666), Elapsed: train 4.78 test 3.09 *
09/04/2026,22:58:23: 	Recall@10: 0.06477 Recall@20: 0.09585 NDCG@10: 0.03784 NDCG@20: 0.04631 
09/04/2026,22:58:23: 	Recall@10: 0.02395 Recall@20: 0.03566 NDCG@10: 0.01338 NDCG@20: 0.01656 
09/04/2026,22:58:23: Epoch [124/1000]
09/04/2026,22:58:23: Negative sampling...
09/04/2026,22:58:25: Model's personal time...
09/04/2026,22:58:25: Training...
09/04/2026,22:58:28: Evaluating...
09/04/2026,22:58:31: 	Train Loss: 899656.3125 (base: 79.1893, kd: 8995.7715), Elapsed: train 4.64 test 2.78
09/04/2026,22:58:31: 	Recall@10: 0.06543 Recall@20: 0.09515 NDCG@10: 0.03770 NDCG@20: 0.04583 
09/04/2026,22:58:31: 	Recall@10: 0.02328 Recall@20: 0.03534 NDCG@10: 0.01310 NDCG@20: 0.01639 
09/04/2026,22:58:31: Epoch [125/1000]
09/04/2026,22:58:31: Negative sampling...
09/04/2026,22:58:32: Model's personal time...
09/04/2026,22:58:32: Training...
09/04/2026,22:58:35: Evaluating...
09/04/2026,22:58:38: 	Train Loss: 899628.5625 (base: 79.5206, kd: 8995.4912), Elapsed: train 4.25 test 3.19
09/04/2026,22:58:38: 	Recall@10: 0.06607 Recall@20: 0.09587 NDCG@10: 0.03786 NDCG@20: 0.04605 
09/04/2026,22:58:38: 	Recall@10: 0.02241 Recall@20: 0.03543 NDCG@10: 0.01278 NDCG@20: 0.01631 
09/04/2026,22:58:38: Epoch [126/1000]
09/04/2026,22:58:38: Negative sampling...
09/04/2026,22:58:40: Model's personal time...
09/04/2026,22:58:40: Training...
09/04/2026,22:58:43: Evaluating...
09/04/2026,22:58:46: 	Train Loss: 899515.3125 (base: 80.5920, kd: 8994.3477), Elapsed: train 4.64 test 3.00
09/04/2026,22:58:46: 	Recall@10: 0.06513 Recall@20: 0.09497 NDCG@10: 0.03777 NDCG@20: 0.04594 
09/04/2026,22:58:46: 	Recall@10: 0.02356 Recall@20: 0.03639 NDCG@10: 0.01322 NDCG@20: 0.01668 
09/04/2026,22:58:46: Epoch [127/1000]
09/04/2026,22:58:46: Negative sampling...
09/04/2026,22:58:47: Model's personal time...
09/04/2026,22:58:48: Training...
09/04/2026,22:58:51: Evaluating...
09/04/2026,22:58:54: 	Train Loss: 899635.8125 (base: 77.6903, kd: 8995.5811), Elapsed: train 4.94 test 2.92
09/04/2026,22:58:54: 	Recall@10: 0.06595 Recall@20: 0.09559 NDCG@10: 0.03787 NDCG@20: 0.04603 
09/04/2026,22:58:54: 	Recall@10: 0.02340 Recall@20: 0.03597 NDCG@10: 0.01321 NDCG@20: 0.01661 
09/04/2026,22:58:54: Epoch [128/1000]
09/04/2026,22:58:54: Negative sampling...
09/04/2026,22:58:55: Model's personal time...
09/04/2026,22:58:55: Training...
09/04/2026,22:58:59: Evaluating...
09/04/2026,22:59:01: 	Train Loss: 899067.1875 (base: 80.5801, kd: 8989.8662), Elapsed: train 4.78 test 2.64
09/04/2026,22:59:01: 	Recall@10: 0.06595 Recall@20: 0.09444 NDCG@10: 0.03795 NDCG@20: 0.04588 
09/04/2026,22:59:01: 	Recall@10: 0.02308 Recall@20: 0.03591 NDCG@10: 0.01298 NDCG@20: 0.01641 
09/04/2026,22:59:01: Epoch [129/1000]
09/04/2026,22:59:01: Negative sampling...
09/04/2026,22:59:03: Model's personal time...
09/04/2026,22:59:03: Training...
09/04/2026,22:59:06: Evaluating...
09/04/2026,22:59:09: 	Train Loss: 898956.8750 (base: 80.3707, kd: 8988.7646), Elapsed: train 4.68 test 2.76
09/04/2026,22:59:09: 	Recall@10: 0.06511 Recall@20: 0.09483 NDCG@10: 0.03767 NDCG@20: 0.04587 
09/04/2026,22:59:09: 	Recall@10: 0.02284 Recall@20: 0.03628 NDCG@10: 0.01299 NDCG@20: 0.01657 
09/04/2026,22:59:09: Epoch [130/1000]
09/04/2026,22:59:09: Negative sampling...
09/04/2026,22:59:10: Model's personal time...
09/04/2026,22:59:10: Training...
09/04/2026,22:59:13: Evaluating...
09/04/2026,22:59:17: 	Train Loss: 899307.8750 (base: 78.1430, kd: 8992.2979), Elapsed: train 4.69 test 3.21
09/04/2026,22:59:17: 	Recall@10: 0.06625 Recall@20: 0.09523 NDCG@10: 0.03779 NDCG@20: 0.04576 
09/04/2026,22:59:17: 	Recall@10: 0.02319 Recall@20: 0.03624 NDCG@10: 0.01327 NDCG@20: 0.01678 
09/04/2026,22:59:17: Epoch [131/1000]
09/04/2026,22:59:17: Negative sampling...
09/04/2026,22:59:18: Model's personal time...
09/04/2026,22:59:19: Training...
09/04/2026,22:59:22: Evaluating...
09/04/2026,22:59:25: 	Train Loss: 899384.6250 (base: 80.5535, kd: 8993.0410), Elapsed: train 5.46 test 2.87
09/04/2026,22:59:25: 	Recall@10: 0.06627 Recall@20: 0.09511 NDCG@10: 0.03791 NDCG@20: 0.04582 
09/04/2026,22:59:25: 	Recall@10: 0.02318 Recall@20: 0.03534 NDCG@10: 0.01309 NDCG@20: 0.01635 
09/04/2026,22:59:25: Epoch [132/1000]
09/04/2026,22:59:25: Negative sampling...
09/04/2026,22:59:26: Model's personal time...
09/04/2026,22:59:27: Training...
09/04/2026,22:59:30: Evaluating...
09/04/2026,22:59:33: 	Train Loss: 899276.0625 (base: 73.5442, kd: 8992.0254), Elapsed: train 5.09 test 2.90
09/04/2026,22:59:33: 	Recall@10: 0.06568 Recall@20: 0.09376 NDCG@10: 0.03767 NDCG@20: 0.04543 
09/04/2026,22:59:33: 	Recall@10: 0.02254 Recall@20: 0.03514 NDCG@10: 0.01285 NDCG@20: 0.01625 
09/04/2026,22:59:33: Epoch [133/1000]
09/04/2026,22:59:33: Negative sampling...
09/04/2026,22:59:34: Model's personal time...
09/04/2026,22:59:35: Training...
09/04/2026,22:59:37: Evaluating...
09/04/2026,22:59:39: 	Train Loss: 898843.1875 (base: 75.3311, kd: 8987.6787), Elapsed: train 4.02 test 2.23
09/04/2026,22:59:39: 	Recall@10: 0.06716 Recall@20: 0.09496 NDCG@10: 0.03790 NDCG@20: 0.04553 
09/04/2026,22:59:39: 	Recall@10: 0.02280 Recall@20: 0.03601 NDCG@10: 0.01290 NDCG@20: 0.01642 
09/04/2026,22:59:39: Epoch [134/1000]
09/04/2026,22:59:39: Negative sampling...
09/04/2026,22:59:41: Model's personal time...
09/04/2026,22:59:41: Training...
09/04/2026,22:59:43: Evaluating...
09/04/2026,22:59:46: 	Train Loss: 899394.7500 (base: 76.2282, kd: 8993.1865), Elapsed: train 3.40 test 3.15
09/04/2026,22:59:46: 	Recall@10: 0.06670 Recall@20: 0.09580 NDCG@10: 0.03817 NDCG@20: 0.04617 
09/04/2026,22:59:46: 	Recall@10: 0.02190 Recall@20: 0.03563 NDCG@10: 0.01256 NDCG@20: 0.01631 
09/04/2026,22:59:46: Epoch [135/1000]
09/04/2026,22:59:46: Negative sampling...
09/04/2026,22:59:47: Model's personal time...
09/04/2026,22:59:48: Training...
09/04/2026,22:59:49: Evaluating...
09/04/2026,22:59:51: 	Train Loss: 899250.1250 (base: 79.9419, kd: 8991.7012), Elapsed: train 3.62 test 1.69
09/04/2026,22:59:51: 	Recall@10: 0.06618 Recall@20: 0.09469 NDCG@10: 0.03772 NDCG@20: 0.04560 
09/04/2026,22:59:51: 	Recall@10: 0.02197 Recall@20: 0.03643 NDCG@10: 0.01268 NDCG@20: 0.01659 
09/04/2026,22:59:51: Epoch [136/1000]
09/04/2026,22:59:51: Negative sampling...
09/04/2026,22:59:52: Model's personal time...
09/04/2026,22:59:54: Training...
09/04/2026,22:59:56: Evaluating...
09/04/2026,22:59:56: 	Train Loss: 898895.3125 (base: 80.4333, kd: 8988.1494), Elapsed: train 4.60 test 0.49
09/04/2026,22:59:56: 	Recall@10: 0.06522 Recall@20: 0.09465 NDCG@10: 0.03763 NDCG@20: 0.04574 
09/04/2026,22:59:56: 	Recall@10: 0.02280 Recall@20: 0.03525 NDCG@10: 0.01284 NDCG@20: 0.01622 
09/04/2026,22:59:56: Epoch [137/1000]
09/04/2026,22:59:56: Negative sampling...
09/04/2026,22:59:57: Model's personal time...
09/04/2026,22:59:59: Training...
09/04/2026,23:00:02: Evaluating...
09/04/2026,23:00:04: 	Train Loss: 899136.1250 (base: 73.3500, kd: 8990.6289), Elapsed: train 6.04 test 1.44 *
09/04/2026,23:00:04: 	Recall@10: 0.06634 Recall@20: 0.09618 NDCG@10: 0.03825 NDCG@20: 0.04650 
09/04/2026,23:00:04: 	Recall@10: 0.02333 Recall@20: 0.03548 NDCG@10: 0.01322 NDCG@20: 0.01650 
09/04/2026,23:00:04: Epoch [138/1000]
09/04/2026,23:00:04: Negative sampling...
09/04/2026,23:00:05: Model's personal time...
09/04/2026,23:00:06: Training...
09/04/2026,23:00:09: Evaluating...
09/04/2026,23:00:12: 	Train Loss: 898954.6250 (base: 74.9686, kd: 8988.7959), Elapsed: train 5.52 test 2.84 *
09/04/2026,23:00:12: 	Recall@10: 0.06696 Recall@20: 0.09589 NDCG@10: 0.03853 NDCG@20: 0.04652 
09/04/2026,23:00:12: 	Recall@10: 0.02305 Recall@20: 0.03591 NDCG@10: 0.01314 NDCG@20: 0.01663 
09/04/2026,23:00:12: Epoch [139/1000]
09/04/2026,23:00:12: Negative sampling...
09/04/2026,23:00:13: Model's personal time...
09/04/2026,23:00:13: Training...
09/04/2026,23:00:17: Evaluating...
09/04/2026,23:00:20: 	Train Loss: 899120.3125 (base: 73.9472, kd: 8990.4639), Elapsed: train 4.62 test 3.24
09/04/2026,23:00:20: 	Recall@10: 0.06738 Recall@20: 0.09592 NDCG@10: 0.03827 NDCG@20: 0.04619 
09/04/2026,23:00:20: 	Recall@10: 0.02250 Recall@20: 0.03639 NDCG@10: 0.01286 NDCG@20: 0.01664 
09/04/2026,23:00:20: Epoch [140/1000]
09/04/2026,23:00:20: Negative sampling...
09/04/2026,23:00:21: Model's personal time...
09/04/2026,23:00:22: Training...
09/04/2026,23:00:25: Evaluating...
09/04/2026,23:00:27: 	Train Loss: 899344.0000 (base: 76.5007, kd: 8992.6748), Elapsed: train 4.85 test 2.76
09/04/2026,23:00:27: 	Recall@10: 0.06613 Recall@20: 0.09576 NDCG@10: 0.03783 NDCG@20: 0.04598 
09/04/2026,23:00:27: 	Recall@10: 0.02290 Recall@20: 0.03580 NDCG@10: 0.01300 NDCG@20: 0.01653 
09/04/2026,23:00:27: Epoch [141/1000]
09/04/2026,23:00:27: Negative sampling...
09/04/2026,23:00:29: Model's personal time...
09/04/2026,23:00:29: Training...
09/04/2026,23:00:32: Evaluating...
09/04/2026,23:00:35: 	Train Loss: 899167.2500 (base: 72.0567, kd: 8990.9512), Elapsed: train 4.48 test 3.01
09/04/2026,23:00:35: 	Recall@10: 0.06516 Recall@20: 0.09803 NDCG@10: 0.03754 NDCG@20: 0.04651 
09/04/2026,23:00:35: 	Recall@10: 0.02269 Recall@20: 0.03552 NDCG@10: 0.01292 NDCG@20: 0.01641 
09/04/2026,23:00:35: Epoch [142/1000]
09/04/2026,23:00:35: Negative sampling...
09/04/2026,23:00:36: Model's personal time...
09/04/2026,23:00:37: Training...
09/04/2026,23:00:40: Evaluating...
09/04/2026,23:00:43: 	Train Loss: 898779.5625 (base: 74.1748, kd: 8987.0537), Elapsed: train 4.74 test 3.32
09/04/2026,23:00:43: 	Recall@10: 0.06622 Recall@20: 0.09508 NDCG@10: 0.03768 NDCG@20: 0.04566 
09/04/2026,23:00:43: 	Recall@10: 0.02260 Recall@20: 0.03696 NDCG@10: 0.01273 NDCG@20: 0.01659 
09/04/2026,23:00:43: Epoch [143/1000]
09/04/2026,23:00:43: Negative sampling...
09/04/2026,23:00:44: Model's personal time...
09/04/2026,23:00:45: Training...
09/04/2026,23:00:47: Evaluating...
09/04/2026,23:00:50: 	Train Loss: 898714.7500 (base: 74.9695, kd: 8986.3975), Elapsed: train 4.01 test 2.64
09/04/2026,23:00:50: 	Recall@10: 0.06611 Recall@20: 0.09596 NDCG@10: 0.03805 NDCG@20: 0.04630 
09/04/2026,23:00:50: 	Recall@10: 0.02224 Recall@20: 0.03727 NDCG@10: 0.01275 NDCG@20: 0.01680 
09/04/2026,23:00:50: Epoch [144/1000]
09/04/2026,23:00:50: Negative sampling...
09/04/2026,23:00:51: Model's personal time...
09/04/2026,23:00:51: Training...
09/04/2026,23:00:53: Evaluating...
09/04/2026,23:00:56: 	Train Loss: 898868.5625 (base: 73.4712, kd: 8987.9512), Elapsed: train 3.29 test 2.97
09/04/2026,23:00:56: 	Recall@10: 0.06658 Recall@20: 0.09574 NDCG@10: 0.03816 NDCG@20: 0.04617 
09/04/2026,23:00:56: 	Recall@10: 0.02196 Recall@20: 0.03611 NDCG@10: 0.01263 NDCG@20: 0.01647 
09/04/2026,23:00:56: Epoch [145/1000]
09/04/2026,23:00:56: Negative sampling...
09/04/2026,23:00:57: Model's personal time...
09/04/2026,23:00:57: Training...
09/04/2026,23:00:59: Evaluating...
09/04/2026,23:01:01: 	Train Loss: 899092.5625 (base: 75.4743, kd: 8990.1709), Elapsed: train 3.25 test 1.68
09/04/2026,23:01:01: 	Recall@10: 0.06674 Recall@20: 0.09465 NDCG@10: 0.03813 NDCG@20: 0.04580 
09/04/2026,23:01:01: 	Recall@10: 0.02254 Recall@20: 0.03570 NDCG@10: 0.01304 NDCG@20: 0.01660 
09/04/2026,23:01:01: Epoch [146/1000]
09/04/2026,23:01:01: Negative sampling...
09/04/2026,23:01:02: Model's personal time...
09/04/2026,23:01:04: Training...
09/04/2026,23:01:06: Evaluating...
09/04/2026,23:01:06: 	Train Loss: 899154.1250 (base: 74.6730, kd: 8990.7949), Elapsed: train 4.74 test 0.48
09/04/2026,23:01:06: 	Recall@10: 0.06699 Recall@20: 0.09562 NDCG@10: 0.03809 NDCG@20: 0.04595 
09/04/2026,23:01:06: 	Recall@10: 0.02273 Recall@20: 0.03616 NDCG@10: 0.01298 NDCG@20: 0.01659 
09/04/2026,23:01:06: Epoch [147/1000]
09/04/2026,23:01:06: Negative sampling...
09/04/2026,23:01:07: Model's personal time...
09/04/2026,23:01:08: Training...
09/04/2026,23:01:11: Evaluating...
09/04/2026,23:01:14: 	Train Loss: 898857.3125 (base: 74.2796, kd: 8987.8291), Elapsed: train 5.36 test 2.18
09/04/2026,23:01:14: 	Recall@10: 0.06732 Recall@20: 0.09640 NDCG@10: 0.03839 NDCG@20: 0.04626 
09/04/2026,23:01:14: 	Recall@10: 0.02293 Recall@20: 0.03684 NDCG@10: 0.01310 NDCG@20: 0.01680 
09/04/2026,23:01:14: Epoch [148/1000]
09/04/2026,23:01:14: Negative sampling...
09/04/2026,23:01:15: Model's personal time...
09/04/2026,23:01:16: Training...
09/04/2026,23:01:20: Evaluating...
09/04/2026,23:01:22: 	Train Loss: 898651.7500 (base: 74.8235, kd: 8985.7686), Elapsed: train 6.05 test 2.16 *
09/04/2026,23:01:22: 	Recall@10: 0.06700 Recall@20: 0.09749 NDCG@10: 0.03842 NDCG@20: 0.04672 
09/04/2026,23:01:22: 	Recall@10: 0.02251 Recall@20: 0.03551 NDCG@10: 0.01287 NDCG@20: 0.01640 
09/04/2026,23:01:22: Epoch [149/1000]
09/04/2026,23:01:22: Negative sampling...
09/04/2026,23:01:23: Model's personal time...
09/04/2026,23:01:24: Training...
09/04/2026,23:01:27: Evaluating...
09/04/2026,23:01:30: 	Train Loss: 898809.1875 (base: 76.9672, kd: 8987.3223), Elapsed: train 4.81 test 2.95
09/04/2026,23:01:30: 	Recall@10: 0.06636 Recall@20: 0.09621 NDCG@10: 0.03793 NDCG@20: 0.04612 
09/04/2026,23:01:30: 	Recall@10: 0.02286 Recall@20: 0.03700 NDCG@10: 0.01310 NDCG@20: 0.01689 
09/04/2026,23:01:30: Epoch [150/1000]
09/04/2026,23:01:30: Negative sampling...
09/04/2026,23:01:31: Model's personal time...
09/04/2026,23:01:32: Training...
09/04/2026,23:01:35: Evaluating...
09/04/2026,23:01:38: 	Train Loss: 898929.3125 (base: 74.7740, kd: 8988.5449), Elapsed: train 5.73 test 2.65
09/04/2026,23:01:38: 	Recall@10: 0.06683 Recall@20: 0.09644 NDCG@10: 0.03809 NDCG@20: 0.04625 
09/04/2026,23:01:38: 	Recall@10: 0.02290 Recall@20: 0.03633 NDCG@10: 0.01335 NDCG@20: 0.01700 
09/04/2026,23:01:38: Epoch [151/1000]
09/04/2026,23:01:38: Negative sampling...
09/04/2026,23:01:40: Model's personal time...
09/04/2026,23:01:40: Training...
09/04/2026,23:01:44: Evaluating...
09/04/2026,23:01:46: 	Train Loss: 898826.1250 (base: 74.9051, kd: 8987.5117), Elapsed: train 5.69 test 2.50
09/04/2026,23:01:46: 	Recall@10: 0.06778 Recall@20: 0.09571 NDCG@10: 0.03839 NDCG@20: 0.04607 
09/04/2026,23:01:46: 	Recall@10: 0.02225 Recall@20: 0.03629 NDCG@10: 0.01293 NDCG@20: 0.01675 
09/04/2026,23:01:46: Epoch [152/1000]
09/04/2026,23:01:46: Negative sampling...
09/04/2026,23:01:48: Model's personal time...
09/04/2026,23:01:48: Training...
09/04/2026,23:01:51: Evaluating...
09/04/2026,23:01:54: 	Train Loss: 898447.7500 (base: 75.2667, kd: 8983.7246), Elapsed: train 4.91 test 2.85
09/04/2026,23:01:54: 	Recall@10: 0.06707 Recall@20: 0.09589 NDCG@10: 0.03839 NDCG@20: 0.04634 
09/04/2026,23:01:54: 	Recall@10: 0.02254 Recall@20: 0.03718 NDCG@10: 0.01293 NDCG@20: 0.01689 
09/04/2026,23:01:54: Epoch [153/1000]
09/04/2026,23:01:54: Negative sampling...
09/04/2026,23:01:55: Model's personal time...
09/04/2026,23:01:55: Training...
09/04/2026,23:01:59: Evaluating...
09/04/2026,23:02:01: 	Train Loss: 898979.7500 (base: 71.8648, kd: 8989.0791), Elapsed: train 4.72 test 2.82
09/04/2026,23:02:01: 	Recall@10: 0.06744 Recall@20: 0.09676 NDCG@10: 0.03832 NDCG@20: 0.04631 
09/04/2026,23:02:01: 	Recall@10: 0.02266 Recall@20: 0.03705 NDCG@10: 0.01309 NDCG@20: 0.01698 
09/04/2026,23:02:01: Epoch [154/1000]
09/04/2026,23:02:01: Negative sampling...
09/04/2026,23:02:03: Model's personal time...
09/04/2026,23:02:03: Training...
09/04/2026,23:02:05: Evaluating...
09/04/2026,23:02:09: 	Train Loss: 898683.4375 (base: 75.5346, kd: 8986.0791), Elapsed: train 3.86 test 3.28
09/04/2026,23:02:09: 	Recall@10: 0.06724 Recall@20: 0.09553 NDCG@10: 0.03850 NDCG@20: 0.04625 
09/04/2026,23:02:09: 	Recall@10: 0.02278 Recall@20: 0.03766 NDCG@10: 0.01316 NDCG@20: 0.01713 
09/04/2026,23:02:09: Epoch [155/1000]
09/04/2026,23:02:09: Negative sampling...
09/04/2026,23:02:10: Model's personal time...
09/04/2026,23:02:10: Training...
09/04/2026,23:02:13: Evaluating...
09/04/2026,23:02:17: 	Train Loss: 898643.8750 (base: 75.9718, kd: 8985.6797), Elapsed: train 4.76 test 3.21 *
09/04/2026,23:02:17: 	Recall@10: 0.06779 Recall@20: 0.09730 NDCG@10: 0.03872 NDCG@20: 0.04676 
09/04/2026,23:02:17: 	Recall@10: 0.02303 Recall@20: 0.03749 NDCG@10: 0.01308 NDCG@20: 0.01696 
09/04/2026,23:02:17: Epoch [156/1000]
09/04/2026,23:02:17: Negative sampling...
09/04/2026,23:02:18: Model's personal time...
09/04/2026,23:02:18: Training...
09/04/2026,23:02:21: Evaluating...
09/04/2026,23:02:24: 	Train Loss: 898767.4375 (base: 73.2393, kd: 8986.9414), Elapsed: train 4.71 test 3.06 *
09/04/2026,23:02:24: 	Recall@10: 0.06777 Recall@20: 0.09766 NDCG@10: 0.03878 NDCG@20: 0.04691 
09/04/2026,23:02:24: 	Recall@10: 0.02317 Recall@20: 0.03635 NDCG@10: 0.01307 NDCG@20: 0.01664 
09/04/2026,23:02:24: Epoch [157/1000]
09/04/2026,23:02:24: Negative sampling...
09/04/2026,23:02:26: Model's personal time...
09/04/2026,23:02:26: Training...
09/04/2026,23:02:29: Evaluating...
09/04/2026,23:02:32: 	Train Loss: 898150.7500 (base: 72.7187, kd: 8980.7803), Elapsed: train 4.65 test 3.16
09/04/2026,23:02:32: 	Recall@10: 0.06802 Recall@20: 0.09655 NDCG@10: 0.03825 NDCG@20: 0.04606 
09/04/2026,23:02:32: 	Recall@10: 0.02286 Recall@20: 0.03762 NDCG@10: 0.01290 NDCG@20: 0.01688 
09/04/2026,23:02:32: Epoch [158/1000]
09/04/2026,23:02:32: Negative sampling...
09/04/2026,23:02:33: Model's personal time...
09/04/2026,23:02:34: Training...
09/04/2026,23:02:36: Evaluating...
09/04/2026,23:02:38: 	Train Loss: 898663.1875 (base: 73.0214, kd: 8985.9014), Elapsed: train 3.95 test 2.15
09/04/2026,23:02:38: 	Recall@10: 0.06698 Recall@20: 0.09644 NDCG@10: 0.03827 NDCG@20: 0.04639 
09/04/2026,23:02:38: 	Recall@10: 0.02254 Recall@20: 0.03786 NDCG@10: 0.01292 NDCG@20: 0.01705 
09/04/2026,23:02:38: Epoch [159/1000]
09/04/2026,23:02:38: Negative sampling...
09/04/2026,23:02:40: Model's personal time...
09/04/2026,23:02:40: Training...
09/04/2026,23:02:42: Evaluating...
09/04/2026,23:02:43: 	Train Loss: 898163.4375 (base: 73.3842, kd: 8980.9004), Elapsed: train 3.31 test 1.69
09/04/2026,23:02:43: 	Recall@10: 0.06725 Recall@20: 0.09638 NDCG@10: 0.03823 NDCG@20: 0.04627 
09/04/2026,23:02:43: 	Recall@10: 0.02250 Recall@20: 0.03712 NDCG@10: 0.01295 NDCG@20: 0.01694 
09/04/2026,23:02:43: Epoch [160/1000]
09/04/2026,23:02:43: Negative sampling...
09/04/2026,23:02:45: Model's personal time...
09/04/2026,23:02:46: Training...
09/04/2026,23:02:48: Evaluating...
09/04/2026,23:02:49: 	Train Loss: 898823.5000 (base: 74.0574, kd: 8987.4941), Elapsed: train 5.07 test 0.43
09/04/2026,23:02:49: 	Recall@10: 0.06652 Recall@20: 0.09654 NDCG@10: 0.03835 NDCG@20: 0.04663 
09/04/2026,23:02:49: 	Recall@10: 0.02300 Recall@20: 0.03643 NDCG@10: 0.01336 NDCG@20: 0.01703 
09/04/2026,23:02:49: Epoch [161/1000]
09/04/2026,23:02:49: Negative sampling...
09/04/2026,23:02:50: Model's personal time...
09/04/2026,23:02:53: Training...
09/04/2026,23:02:54: Evaluating...
09/04/2026,23:02:55: 	Train Loss: 898667.8750 (base: 71.3635, kd: 8985.9658), Elapsed: train 5.70 test 0.48
09/04/2026,23:02:55: 	Recall@10: 0.06702 Recall@20: 0.09731 NDCG@10: 0.03836 NDCG@20: 0.04673 
09/04/2026,23:02:55: 	Recall@10: 0.02278 Recall@20: 0.03696 NDCG@10: 0.01292 NDCG@20: 0.01677 
09/04/2026,23:02:55: Epoch [162/1000]
09/04/2026,23:02:55: Negative sampling...
09/04/2026,23:02:56: Model's personal time...
09/04/2026,23:02:56: Training...
09/04/2026,23:03:00: Evaluating...
09/04/2026,23:03:02: 	Train Loss: 898631.0000 (base: 71.8413, kd: 8985.5918), Elapsed: train 5.01 test 2.40
09/04/2026,23:03:02: 	Recall@10: 0.06725 Recall@20: 0.09566 NDCG@10: 0.03808 NDCG@20: 0.04596 
09/04/2026,23:03:02: 	Recall@10: 0.02299 Recall@20: 0.03657 NDCG@10: 0.01288 NDCG@20: 0.01656 
09/04/2026,23:03:02: Epoch [163/1000]
09/04/2026,23:03:02: Negative sampling...
09/04/2026,23:03:04: Model's personal time...
09/04/2026,23:03:04: Training...
09/04/2026,23:03:07: Evaluating...
09/04/2026,23:03:10: 	Train Loss: 898620.1250 (base: 71.8800, kd: 8985.4824), Elapsed: train 4.77 test 3.17
09/04/2026,23:03:10: 	Recall@10: 0.06784 Recall@20: 0.09684 NDCG@10: 0.03871 NDCG@20: 0.04666 
09/04/2026,23:03:10: 	Recall@10: 0.02298 Recall@20: 0.03689 NDCG@10: 0.01298 NDCG@20: 0.01675 
09/04/2026,23:03:10: Epoch [164/1000]
09/04/2026,23:03:10: Negative sampling...
09/04/2026,23:03:12: Model's personal time...
09/04/2026,23:03:12: Training...
09/04/2026,23:03:15: Evaluating...
09/04/2026,23:03:18: 	Train Loss: 898633.8750 (base: 70.4302, kd: 8985.6338), Elapsed: train 4.69 test 3.06 *
09/04/2026,23:03:18: 	Recall@10: 0.06708 Recall@20: 0.09778 NDCG@10: 0.03879 NDCG@20: 0.04715 
09/04/2026,23:03:18: 	Recall@10: 0.02289 Recall@20: 0.03642 NDCG@10: 0.01314 NDCG@20: 0.01678 
09/04/2026,23:03:18: Epoch [165/1000]
09/04/2026,23:03:18: Negative sampling...
09/04/2026,23:03:19: Model's personal time...
09/04/2026,23:03:19: Training...
09/04/2026,23:03:23: Evaluating...
09/04/2026,23:03:26: 	Train Loss: 898330.4375 (base: 69.3744, kd: 8982.6104), Elapsed: train 4.66 test 2.96
09/04/2026,23:03:26: 	Recall@10: 0.06679 Recall@20: 0.09803 NDCG@10: 0.03831 NDCG@20: 0.04679 
09/04/2026,23:03:26: 	Recall@10: 0.02305 Recall@20: 0.03685 NDCG@10: 0.01287 NDCG@20: 0.01659 
09/04/2026,23:03:26: Epoch [166/1000]
09/04/2026,23:03:26: Negative sampling...
09/04/2026,23:03:27: Model's personal time...
09/04/2026,23:03:27: Training...
09/04/2026,23:03:31: Evaluating...
09/04/2026,23:03:34: 	Train Loss: 898548.2500 (base: 71.9133, kd: 8984.7637), Elapsed: train 4.95 test 3.18
09/04/2026,23:03:34: 	Recall@10: 0.06529 Recall@20: 0.09746 NDCG@10: 0.03814 NDCG@20: 0.04701 
09/04/2026,23:03:34: 	Recall@10: 0.02378 Recall@20: 0.03659 NDCG@10: 0.01310 NDCG@20: 0.01656 
09/04/2026,23:03:34: Epoch [167/1000]
09/04/2026,23:03:34: Negative sampling...
09/04/2026,23:03:35: Model's personal time...
09/04/2026,23:03:37: Training...
09/04/2026,23:03:40: Evaluating...
09/04/2026,23:03:42: 	Train Loss: 898203.0625 (base: 70.9790, kd: 8981.3213), Elapsed: train 6.65 test 1.83
09/04/2026,23:03:42: 	Recall@10: 0.06700 Recall@20: 0.09746 NDCG@10: 0.03847 NDCG@20: 0.04683 
09/04/2026,23:03:42: 	Recall@10: 0.02311 Recall@20: 0.03650 NDCG@10: 0.01301 NDCG@20: 0.01665 
09/04/2026,23:03:42: Epoch [168/1000]
09/04/2026,23:03:42: Negative sampling...
09/04/2026,23:03:44: Model's personal time...
09/04/2026,23:03:45: Training...
09/04/2026,23:03:48: Evaluating...
09/04/2026,23:03:51: 	Train Loss: 898807.0000 (base: 69.3755, kd: 8987.3760), Elapsed: train 5.90 test 2.38 *
09/04/2026,23:03:51: 	Recall@10: 0.06569 Recall@20: 0.09790 NDCG@10: 0.03845 NDCG@20: 0.04729 
09/04/2026,23:03:51: 	Recall@10: 0.02297 Recall@20: 0.03688 NDCG@10: 0.01290 NDCG@20: 0.01664 
09/04/2026,23:03:51: Epoch [169/1000]
09/04/2026,23:03:51: Negative sampling...
09/04/2026,23:03:52: Model's personal time...
09/04/2026,23:03:52: Training...
09/04/2026,23:03:55: Evaluating...
09/04/2026,23:03:58: 	Train Loss: 898409.9375 (base: 72.3737, kd: 8983.3750), Elapsed: train 4.95 test 2.88
09/04/2026,23:03:58: 	Recall@10: 0.06676 Recall@20: 0.09726 NDCG@10: 0.03855 NDCG@20: 0.04694 
09/04/2026,23:03:58: 	Recall@10: 0.02312 Recall@20: 0.03700 NDCG@10: 0.01318 NDCG@20: 0.01693 
09/04/2026,23:03:58: Epoch [170/1000]
09/04/2026,23:03:58: Negative sampling...
09/04/2026,23:04:00: Model's personal time...
09/04/2026,23:04:00: Training...
09/04/2026,23:04:03: Evaluating...
09/04/2026,23:04:06: 	Train Loss: 898388.9375 (base: 70.0277, kd: 8983.1885), Elapsed: train 4.76 test 3.29
09/04/2026,23:04:06: 	Recall@10: 0.06713 Recall@20: 0.09751 NDCG@10: 0.03865 NDCG@20: 0.04698 
09/04/2026,23:04:06: 	Recall@10: 0.02336 Recall@20: 0.03720 NDCG@10: 0.01323 NDCG@20: 0.01693 
09/04/2026,23:04:06: Epoch [171/1000]
09/04/2026,23:04:06: Negative sampling...
09/04/2026,23:04:08: Model's personal time...
09/04/2026,23:04:08: Training...
09/04/2026,23:04:11: Evaluating...
09/04/2026,23:04:14: 	Train Loss: 898363.4375 (base: 67.4931, kd: 8982.9600), Elapsed: train 5.08 test 2.89
09/04/2026,23:04:14: 	Recall@10: 0.06736 Recall@20: 0.09646 NDCG@10: 0.03833 NDCG@20: 0.04632 
09/04/2026,23:04:14: 	Recall@10: 0.02262 Recall@20: 0.03658 NDCG@10: 0.01312 NDCG@20: 0.01692 
09/04/2026,23:04:14: Epoch [172/1000]
09/04/2026,23:04:14: Negative sampling...
09/04/2026,23:04:16: Model's personal time...
09/04/2026,23:04:16: Training...
09/04/2026,23:04:19: Evaluating...
09/04/2026,23:04:22: 	Train Loss: 898298.7500 (base: 69.1338, kd: 8982.2969), Elapsed: train 4.66 test 2.87
09/04/2026,23:04:22: 	Recall@10: 0.06888 Recall@20: 0.09752 NDCG@10: 0.03884 NDCG@20: 0.04667 
09/04/2026,23:04:22: 	Recall@10: 0.02315 Recall@20: 0.03720 NDCG@10: 0.01312 NDCG@20: 0.01693 
09/04/2026,23:04:22: Epoch [173/1000]
09/04/2026,23:04:22: Negative sampling...
09/04/2026,23:04:23: Model's personal time...
09/04/2026,23:04:23: Training...
09/04/2026,23:04:26: Evaluating...
09/04/2026,23:04:30: 	Train Loss: 898202.1250 (base: 68.5083, kd: 8981.3359), Elapsed: train 4.37 test 3.40
09/04/2026,23:04:30: 	Recall@10: 0.06748 Recall@20: 0.09750 NDCG@10: 0.03856 NDCG@20: 0.04675 
09/04/2026,23:04:30: 	Recall@10: 0.02277 Recall@20: 0.03704 NDCG@10: 0.01297 NDCG@20: 0.01686 
09/04/2026,23:04:30: Epoch [174/1000]
09/04/2026,23:04:30: Negative sampling...
09/04/2026,23:04:31: Model's personal time...
09/04/2026,23:04:31: Training...
09/04/2026,23:04:34: Evaluating...
09/04/2026,23:04:37: 	Train Loss: 898257.4375 (base: 70.2580, kd: 8981.8721), Elapsed: train 4.47 test 2.94
09/04/2026,23:04:37: 	Recall@10: 0.06682 Recall@20: 0.09742 NDCG@10: 0.03858 NDCG@20: 0.04692 
09/04/2026,23:04:37: 	Recall@10: 0.02323 Recall@20: 0.03740 NDCG@10: 0.01302 NDCG@20: 0.01686 
09/04/2026,23:04:37: Epoch [175/1000]
09/04/2026,23:04:37: Negative sampling...
09/04/2026,23:04:38: Model's personal time...
09/04/2026,23:04:39: Training...
09/04/2026,23:04:41: Evaluating...
09/04/2026,23:04:45: 	Train Loss: 898548.8750 (base: 69.8358, kd: 8984.7910), Elapsed: train 4.03 test 3.59
09/04/2026,23:04:45: 	Recall@10: 0.06824 Recall@20: 0.09830 NDCG@10: 0.03874 NDCG@20: 0.04696 
09/04/2026,23:04:45: 	Recall@10: 0.02274 Recall@20: 0.03772 NDCG@10: 0.01290 NDCG@20: 0.01697 
09/04/2026,23:04:45: Epoch [176/1000]
09/04/2026,23:04:45: Negative sampling...
09/04/2026,23:04:46: Model's personal time...
09/04/2026,23:04:46: Training...
09/04/2026,23:04:49: Evaluating...
09/04/2026,23:04:52: 	Train Loss: 898394.3750 (base: 69.4121, kd: 8983.2490), Elapsed: train 4.61 test 2.92
09/04/2026,23:04:52: 	Recall@10: 0.06706 Recall@20: 0.09762 NDCG@10: 0.03832 NDCG@20: 0.04665 
09/04/2026,23:04:52: 	Recall@10: 0.02260 Recall@20: 0.03731 NDCG@10: 0.01299 NDCG@20: 0.01699 
09/04/2026,23:04:52: Epoch [177/1000]
09/04/2026,23:04:52: Negative sampling...
09/04/2026,23:04:54: Model's personal time...
09/04/2026,23:04:55: Training...
09/04/2026,23:04:58: Evaluating...
09/04/2026,23:05:01: 	Train Loss: 898066.2500 (base: 68.2544, kd: 8979.9805), Elapsed: train 6.17 test 2.45
09/04/2026,23:05:01: 	Recall@10: 0.06774 Recall@20: 0.09597 NDCG@10: 0.03868 NDCG@20: 0.04649 
09/04/2026,23:05:01: 	Recall@10: 0.02222 Recall@20: 0.03695 NDCG@10: 0.01283 NDCG@20: 0.01682 
09/04/2026,23:05:01: Epoch [178/1000]
09/04/2026,23:05:01: Negative sampling...
09/04/2026,23:05:02: Model's personal time...
09/04/2026,23:05:03: Training...
09/04/2026,23:05:06: Evaluating...
09/04/2026,23:05:09: 	Train Loss: 898241.7500 (base: 70.3173, kd: 8981.7148), Elapsed: train 5.30 test 2.55
09/04/2026,23:05:09: 	Recall@10: 0.06800 Recall@20: 0.09702 NDCG@10: 0.03853 NDCG@20: 0.04651 
09/04/2026,23:05:09: 	Recall@10: 0.02301 Recall@20: 0.03662 NDCG@10: 0.01300 NDCG@20: 0.01667 
09/04/2026,23:05:09: Epoch [179/1000]
09/04/2026,23:05:09: Negative sampling...
09/04/2026,23:05:10: Model's personal time...
09/04/2026,23:05:10: Training...
09/04/2026,23:05:13: Evaluating...
09/04/2026,23:05:16: 	Train Loss: 898151.2500 (base: 68.3217, kd: 8980.8291), Elapsed: train 3.91 test 3.59
09/04/2026,23:05:16: 	Recall@10: 0.06801 Recall@20: 0.09655 NDCG@10: 0.03866 NDCG@20: 0.04653 
09/04/2026,23:05:16: 	Recall@10: 0.02255 Recall@20: 0.03706 NDCG@10: 0.01287 NDCG@20: 0.01680 
09/04/2026,23:05:16: Epoch [180/1000]
09/04/2026,23:05:16: Negative sampling...
09/04/2026,23:05:18: Model's personal time...
09/04/2026,23:05:18: Training...
09/04/2026,23:05:21: Evaluating...
09/04/2026,23:05:24: 	Train Loss: 898549.3750 (base: 68.3618, kd: 8984.8096), Elapsed: train 4.67 test 3.35
09/04/2026,23:05:24: 	Recall@10: 0.06812 Recall@20: 0.09886 NDCG@10: 0.03875 NDCG@20: 0.04707 
09/04/2026,23:05:24: 	Recall@10: 0.02201 Recall@20: 0.03833 NDCG@10: 0.01274 NDCG@20: 0.01716 
09/04/2026,23:05:24: Epoch [181/1000]
09/04/2026,23:05:24: Negative sampling...
09/04/2026,23:05:26: Model's personal time...
09/04/2026,23:05:26: Training...
09/04/2026,23:05:29: Evaluating...
09/04/2026,23:05:32: 	Train Loss: 898051.8750 (base: 70.2361, kd: 8979.8164), Elapsed: train 4.82 test 2.79
09/04/2026,23:05:32: 	Recall@10: 0.06876 Recall@20: 0.09825 NDCG@10: 0.03903 NDCG@20: 0.04708 
09/04/2026,23:05:32: 	Recall@10: 0.02228 Recall@20: 0.03754 NDCG@10: 0.01272 NDCG@20: 0.01688 
09/04/2026,23:05:32: Epoch [182/1000]
09/04/2026,23:05:32: Negative sampling...
09/04/2026,23:05:33: Model's personal time...
09/04/2026,23:05:33: Training...
09/04/2026,23:05:36: Evaluating...
09/04/2026,23:05:39: 	Train Loss: 898165.4375 (base: 65.9382, kd: 8980.9961), Elapsed: train 4.47 test 3.09
09/04/2026,23:05:39: 	Recall@10: 0.06736 Recall@20: 0.09758 NDCG@10: 0.03855 NDCG@20: 0.04677 
09/04/2026,23:05:39: 	Recall@10: 0.02200 Recall@20: 0.03673 NDCG@10: 0.01277 NDCG@20: 0.01678 
09/04/2026,23:05:39: Epoch [183/1000]
09/04/2026,23:05:39: Negative sampling...
09/04/2026,23:05:41: Model's personal time...
09/04/2026,23:05:41: Training...
09/04/2026,23:05:43: Evaluating...
09/04/2026,23:05:46: 	Train Loss: 898168.5000 (base: 67.1927, kd: 8981.0127), Elapsed: train 3.88 test 2.33
09/04/2026,23:05:46: 	Recall@10: 0.06817 Recall@20: 0.09797 NDCG@10: 0.03861 NDCG@20: 0.04668 
09/04/2026,23:05:46: 	Recall@10: 0.02197 Recall@20: 0.03712 NDCG@10: 0.01272 NDCG@20: 0.01684 
09/04/2026,23:05:46: Epoch [184/1000]
09/04/2026,23:05:46: Negative sampling...
09/04/2026,23:05:47: Model's personal time...
09/04/2026,23:05:47: Training...
09/04/2026,23:05:49: Evaluating...
09/04/2026,23:05:50: 	Train Loss: 898374.8125 (base: 66.7254, kd: 8983.0811), Elapsed: train 3.22 test 1.01
09/04/2026,23:05:50: 	Recall@10: 0.06692 Recall@20: 0.09737 NDCG@10: 0.03829 NDCG@20: 0.04666 
09/04/2026,23:05:50: 	Recall@10: 0.02257 Recall@20: 0.03770 NDCG@10: 0.01280 NDCG@20: 0.01688 
09/04/2026,23:05:50: Epoch [185/1000]
09/04/2026,23:05:50: Negative sampling...
09/04/2026,23:05:51: Model's personal time...
09/04/2026,23:05:52: Training...
09/04/2026,23:05:55: Evaluating...
09/04/2026,23:05:56: 	Train Loss: 898323.7500 (base: 69.8802, kd: 8982.5391), Elapsed: train 5.17 test 1.20
09/04/2026,23:05:56: 	Recall@10: 0.06685 Recall@20: 0.09856 NDCG@10: 0.03835 NDCG@20: 0.04701 
09/04/2026,23:05:56: 	Recall@10: 0.02202 Recall@20: 0.03728 NDCG@10: 0.01281 NDCG@20: 0.01696 
09/04/2026,23:05:56: Epoch [186/1000]
09/04/2026,23:05:56: Negative sampling...
09/04/2026,23:05:58: Model's personal time...
09/04/2026,23:05:58: Training...
09/04/2026,23:06:02: Evaluating...
09/04/2026,23:06:05: 	Train Loss: 898115.0625 (base: 67.5809, kd: 8980.4756), Elapsed: train 5.49 test 2.87
09/04/2026,23:06:05: 	Recall@10: 0.06763 Recall@20: 0.09796 NDCG@10: 0.03840 NDCG@20: 0.04663 
09/04/2026,23:06:05: 	Recall@10: 0.02302 Recall@20: 0.03741 NDCG@10: 0.01290 NDCG@20: 0.01680 
09/04/2026,23:06:05: Epoch [187/1000]
09/04/2026,23:06:05: Negative sampling...
09/04/2026,23:06:06: Model's personal time...
09/04/2026,23:06:06: Training...
09/04/2026,23:06:09: Evaluating...
09/04/2026,23:06:12: 	Train Loss: 897914.1875 (base: 64.9789, kd: 8978.4922), Elapsed: train 4.86 test 2.80
09/04/2026,23:06:12: 	Recall@10: 0.06619 Recall@20: 0.09762 NDCG@10: 0.03757 NDCG@20: 0.04615 
09/04/2026,23:06:12: 	Recall@10: 0.02320 Recall@20: 0.03676 NDCG@10: 0.01296 NDCG@20: 0.01665 
09/04/2026,23:06:12: Epoch [188/1000]
09/04/2026,23:06:12: Negative sampling...
09/04/2026,23:06:14: Model's personal time...
09/04/2026,23:06:14: Training...
09/04/2026,23:06:17: Evaluating...
09/04/2026,23:06:20: 	Train Loss: 898055.3125 (base: 65.8157, kd: 8979.8945), Elapsed: train 4.63 test 3.18
09/04/2026,23:06:20: 	Recall@10: 0.06805 Recall@20: 0.09755 NDCG@10: 0.03868 NDCG@20: 0.04680 
09/04/2026,23:06:20: 	Recall@10: 0.02314 Recall@20: 0.03757 NDCG@10: 0.01281 NDCG@20: 0.01672 
09/04/2026,23:06:20: Epoch [189/1000]
09/04/2026,23:06:20: Negative sampling...
09/04/2026,23:06:21: Model's personal time...
09/04/2026,23:06:22: Training...
09/04/2026,23:06:25: Evaluating...
09/04/2026,23:06:28: 	Train Loss: 897807.1875 (base: 66.7216, kd: 8977.4033), Elapsed: train 4.49 test 3.22
09/04/2026,23:06:28: 	Recall@10: 0.06876 Recall@20: 0.09787 NDCG@10: 0.03844 NDCG@20: 0.04640 
09/04/2026,23:06:28: 	Recall@10: 0.02216 Recall@20: 0.03721 NDCG@10: 0.01250 NDCG@20: 0.01657 
09/04/2026,23:06:28: Epoch [190/1000]
09/04/2026,23:06:28: Negative sampling...
09/04/2026,23:06:29: Model's personal time...
09/04/2026,23:06:29: Training...
09/04/2026,23:06:32: Evaluating...
09/04/2026,23:06:35: 	Train Loss: 898211.2500 (base: 65.2180, kd: 8981.4600), Elapsed: train 4.65 test 2.77
09/04/2026,23:06:35: 	Recall@10: 0.06741 Recall@20: 0.09714 NDCG@10: 0.03809 NDCG@20: 0.04620 
09/04/2026,23:06:35: 	Recall@10: 0.02186 Recall@20: 0.03723 NDCG@10: 0.01266 NDCG@20: 0.01684 
09/04/2026,23:06:35: Epoch [191/1000]
09/04/2026,23:06:35: Negative sampling...
09/04/2026,23:06:37: Model's personal time...
09/04/2026,23:06:37: Training...
09/04/2026,23:06:39: Evaluating...
09/04/2026,23:06:41: 	Train Loss: 897763.7500 (base: 67.0852, kd: 8976.9668), Elapsed: train 3.91 test 2.21
09/04/2026,23:06:41: 	Recall@10: 0.06673 Recall@20: 0.09790 NDCG@10: 0.03828 NDCG@20: 0.04685 
09/04/2026,23:06:41: 	Recall@10: 0.02199 Recall@20: 0.03692 NDCG@10: 0.01263 NDCG@20: 0.01667 
09/04/2026,23:06:41: Epoch [192/1000]
09/04/2026,23:06:41: Negative sampling...
09/04/2026,23:06:43: Model's personal time...
09/04/2026,23:06:43: Training...
09/04/2026,23:06:45: Evaluating...
09/04/2026,23:06:46: 	Train Loss: 898129.9375 (base: 68.1672, kd: 8980.6182), Elapsed: train 3.23 test 1.73
09/04/2026,23:06:46: 	Recall@10: 0.06676 Recall@20: 0.09829 NDCG@10: 0.03862 NDCG@20: 0.04727 
09/04/2026,23:06:46: 	Recall@10: 0.02170 Recall@20: 0.03750 NDCG@10: 0.01280 NDCG@20: 0.01712 
09/04/2026,23:06:46: Epoch [193/1000]
09/04/2026,23:06:46: Negative sampling...
09/04/2026,23:06:48: Model's personal time...
09/04/2026,23:06:49: Training...
09/04/2026,23:06:51: Evaluating...
09/04/2026,23:06:52: 	Train Loss: 898098.2500 (base: 65.5433, kd: 8980.3271), Elapsed: train 5.00 test 0.53
09/04/2026,23:06:52: 	Recall@10: 0.06617 Recall@20: 0.09792 NDCG@10: 0.03779 NDCG@20: 0.04646 
09/04/2026,23:06:52: 	Recall@10: 0.02240 Recall@20: 0.03695 NDCG@10: 0.01278 NDCG@20: 0.01669 
09/04/2026,23:06:52: Epoch [194/1000]
09/04/2026,23:06:52: Negative sampling...
09/04/2026,23:06:53: Model's personal time...
09/04/2026,23:06:54: Training...
09/04/2026,23:06:57: Evaluating...
09/04/2026,23:06:59: 	Train Loss: 897743.7500 (base: 66.6563, kd: 8976.7715), Elapsed: train 5.49 test 1.34
09/04/2026,23:06:59: 	Recall@10: 0.06624 Recall@20: 0.09922 NDCG@10: 0.03826 NDCG@20: 0.04726 
09/04/2026,23:06:59: 	Recall@10: 0.02273 Recall@20: 0.03757 NDCG@10: 0.01297 NDCG@20: 0.01698 
09/04/2026,23:06:59: Epoch [195/1000]
09/04/2026,23:06:59: Negative sampling...
09/04/2026,23:07:00: Model's personal time...
09/04/2026,23:07:01: Training...
09/04/2026,23:07:04: Evaluating...
09/04/2026,23:07:05: 	Train Loss: 897765.8750 (base: 64.1956, kd: 8977.0166), Elapsed: train 5.33 test 1.00
09/04/2026,23:07:05: 	Recall@10: 0.06556 Recall@20: 0.09870 NDCG@10: 0.03792 NDCG@20: 0.04693 
09/04/2026,23:07:05: 	Recall@10: 0.02264 Recall@20: 0.03836 NDCG@10: 0.01301 NDCG@20: 0.01722 
09/04/2026,23:07:05: Epoch [196/1000]
09/04/2026,23:07:05: Negative sampling...
09/04/2026,23:07:06: Model's personal time...
09/04/2026,23:07:06: Training...
09/04/2026,23:07:08: Evaluating...
09/04/2026,23:07:10: 	Train Loss: 898003.1875 (base: 63.9962, kd: 8979.3916), Elapsed: train 3.19 test 1.74
09/04/2026,23:07:10: 	Recall@10: 0.06673 Recall@20: 0.09924 NDCG@10: 0.03810 NDCG@20: 0.04696 
09/04/2026,23:07:10: 	Recall@10: 0.02254 Recall@20: 0.03757 NDCG@10: 0.01302 NDCG@20: 0.01708 
09/04/2026,23:07:10: Epoch [197/1000]
09/04/2026,23:07:10: Negative sampling...
09/04/2026,23:07:11: Model's personal time...
09/04/2026,23:07:13: Training...
09/04/2026,23:07:15: Evaluating...
09/04/2026,23:07:15: 	Train Loss: 897812.8750 (base: 65.8651, kd: 8977.4707), Elapsed: train 4.93 test 0.43
09/04/2026,23:07:15: 	Recall@10: 0.06650 Recall@20: 0.09878 NDCG@10: 0.03833 NDCG@20: 0.04720 
09/04/2026,23:07:15: 	Recall@10: 0.02318 Recall@20: 0.03668 NDCG@10: 0.01306 NDCG@20: 0.01670 
09/04/2026,23:07:15: Epoch [198/1000]
09/04/2026,23:07:15: Negative sampling...
09/04/2026,23:07:17: Model's personal time...
09/04/2026,23:07:18: Training...
09/04/2026,23:07:21: Evaluating...
09/04/2026,23:07:22: 	Train Loss: 898122.6875 (base: 66.1298, kd: 8980.5654), Elapsed: train 5.49 test 1.38
09/04/2026,23:07:22: 	Recall@10: 0.06672 Recall@20: 0.09829 NDCG@10: 0.03855 NDCG@20: 0.04724 
09/04/2026,23:07:22: 	Recall@10: 0.02297 Recall@20: 0.03684 NDCG@10: 0.01305 NDCG@20: 0.01682 
09/04/2026,23:07:22: ------------------------------
09/04/2026,23:07:22: valid Recall@10: 0.06569 Recall@20: 0.09790 NDCG@10: 0.03845 NDCG@20: 0.04729
09/04/2026,23:07:22: test Recall@10: 0.02297 Recall@20: 0.03688 NDCG@10: 0.01290 NDCG@20: 0.01664
