----------------------------------------TEACHER----------------------------------------
init_std                                 0.1
keep_prob                                0.6
A_split                                  False
dropout                                  False
embedding_dim                            2000
num_layers                               3
----------------------------------------TEACHER----------------------------------------
----------------------------------------STUDENT----------------------------------------
init_std                                 0.01
embedding_dim                            20
----------------------------------------STUDENT----------------------------------------
----------------------------------------ARGUMENTS----------------------------------------
run_all                                  False
seed                                     0
gpu_id                                   0
no_log                                   False
no_save                                  False
suffix                                   splitLu20_het_seed0
verbose                                  False
ablation                                 False
task                                     rec
dataset                                  citeulike
batch_size                               2048
num_ns                                   1
neg_sampling_on_all                      False
T_backbone                               lightgcn
S_backbone                               bpr
model                                    srcekd
preload                                  False
postsave                                 False
train_teacher                            False
ckpt_interval                            -1
epochs                                   1000
lr                                       0.001
wd                                       1e-07
lmbda                                    100
srce_alpha                               1
srce_s                                   20
srce_eta                                 1
srce_Lu                                  20
srce_mode                                split
eval_period                              1
K_list                                   [10, 20]
early_stop_metric                        NDCG
early_stop_K                             20
early_stop_patience                      30
LOG_DIR                                  logs/
CONFIG_DIR                               configs/
DATA_DIR                                 data/
CKPT_DIR                                 checkpoints/
CRAFT_DIR                                crafts/
mkd_tau                                  10
mkd_K                                    50
mkd_L                                    50
mkd_T                                    10
mkd_mxK                                  200
mkd_beta                                 5
----------------------------------------ARGUMENTS----------------------------------------
----------------------------------------Teacher----------------------------------------
09/04/2026,23:35:15: ------------------------------
09/04/2026,23:35:15: valid Recall@10: 0.07235 Recall@20: 0.10546 NDCG@10: 0.04227 NDCG@20: 0.05124
09/04/2026,23:35:15: test Recall@10: 0.02811 Recall@20: 0.04513 NDCG@10: 0.01583 NDCG@20: 0.02045
----------------------------------------------------------------------------------------
09/04/2026,23:35:16: Epoch [1/1000]
09/04/2026,23:35:16: Negative sampling...
09/04/2026,23:35:17: Model's personal time...
09/04/2026,23:35:17: Training...
09/04/2026,23:35:21: Evaluating...
09/04/2026,23:35:22: 	Train Loss: 960225.4375 (base: 1390.4961, kd: 9588.3496), Elapsed: train 5.77 test 0.53 *
09/04/2026,23:35:22: 	Recall@10: 0.01024 Recall@20: 0.01550 NDCG@10: 0.00589 NDCG@20: 0.00741 
09/04/2026,23:35:22: 	Recall@10: 0.00297 Recall@20: 0.00433 NDCG@10: 0.00157 NDCG@20: 0.00198 
09/04/2026,23:35:22: Epoch [2/1000]
09/04/2026,23:35:22: Negative sampling...
09/04/2026,23:35:23: Model's personal time...
09/04/2026,23:35:23: Training...
09/04/2026,23:35:28: Evaluating...
09/04/2026,23:35:28: 	Train Loss: 871570.3750 (base: 1376.6843, kd: 8701.9365), Elapsed: train 5.72 test 0.76 *
09/04/2026,23:35:28: 	Recall@10: 0.02277 Recall@20: 0.03575 NDCG@10: 0.01307 NDCG@20: 0.01662 
09/04/2026,23:35:28: 	Recall@10: 0.00842 Recall@20: 0.01136 NDCG@10: 0.00473 NDCG@20: 0.00554 
09/04/2026,23:35:28: Epoch [3/1000]
09/04/2026,23:35:28: Negative sampling...
09/04/2026,23:35:30: Model's personal time...
09/04/2026,23:35:30: Training...
09/04/2026,23:35:34: Evaluating...
09/04/2026,23:35:35: 	Train Loss: 845586.4375 (base: 1346.0189, kd: 8442.4043), Elapsed: train 5.84 test 0.87 *
09/04/2026,23:35:35: 	Recall@10: 0.03038 Recall@20: 0.04524 NDCG@10: 0.01765 NDCG@20: 0.02173 
09/04/2026,23:35:35: 	Recall@10: 0.01177 Recall@20: 0.01706 NDCG@10: 0.00592 NDCG@20: 0.00737 
09/04/2026,23:35:35: Epoch [4/1000]
09/04/2026,23:35:35: Negative sampling...
09/04/2026,23:35:37: Model's personal time...
09/04/2026,23:35:37: Training...
09/04/2026,23:35:41: Evaluating...
09/04/2026,23:35:42: 	Train Loss: 834072.3125 (base: 1301.0056, kd: 8327.7129), Elapsed: train 5.81 test 0.66 *
09/04/2026,23:35:42: 	Recall@10: 0.03302 Recall@20: 0.05134 NDCG@10: 0.01881 NDCG@20: 0.02363 
09/04/2026,23:35:42: 	Recall@10: 0.01128 Recall@20: 0.01795 NDCG@10: 0.00641 NDCG@20: 0.00815 
09/04/2026,23:35:42: Epoch [5/1000]
09/04/2026,23:35:42: Negative sampling...
09/04/2026,23:35:43: Model's personal time...
09/04/2026,23:35:43: Training...
09/04/2026,23:35:47: Evaluating...
09/04/2026,23:35:48: 	Train Loss: 828622.5000 (base: 1244.3103, kd: 8273.7812), Elapsed: train 5.59 test 1.12 *
09/04/2026,23:35:48: 	Recall@10: 0.03712 Recall@20: 0.05470 NDCG@10: 0.02010 NDCG@20: 0.02493 
09/04/2026,23:35:48: 	Recall@10: 0.01326 Recall@20: 0.01996 NDCG@10: 0.00727 NDCG@20: 0.00912 
09/04/2026,23:35:48: Epoch [6/1000]
09/04/2026,23:35:48: Negative sampling...
09/04/2026,23:35:50: Model's personal time...
09/04/2026,23:35:50: Training...
09/04/2026,23:35:54: Evaluating...
09/04/2026,23:35:55: 	Train Loss: 823779.4375 (base: 1182.6943, kd: 8225.9678), Elapsed: train 6.05 test 0.91 *
09/04/2026,23:35:55: 	Recall@10: 0.03878 Recall@20: 0.05461 NDCG@10: 0.02196 NDCG@20: 0.02628 
09/04/2026,23:35:55: 	Recall@10: 0.01328 Recall@20: 0.01950 NDCG@10: 0.00714 NDCG@20: 0.00883 
09/04/2026,23:35:55: Epoch [7/1000]
09/04/2026,23:35:55: Negative sampling...
09/04/2026,23:35:57: Model's personal time...
09/04/2026,23:35:57: Training...
09/04/2026,23:36:01: Evaluating...
09/04/2026,23:36:02: 	Train Loss: 820500.0000 (base: 1116.3533, kd: 8193.8369), Elapsed: train 5.99 test 0.88 *
09/04/2026,23:36:02: 	Recall@10: 0.04085 Recall@20: 0.05844 NDCG@10: 0.02405 NDCG@20: 0.02882 
09/04/2026,23:36:02: 	Recall@10: 0.01398 Recall@20: 0.01983 NDCG@10: 0.00762 NDCG@20: 0.00920 
09/04/2026,23:36:02: Epoch [8/1000]
09/04/2026,23:36:02: Negative sampling...
09/04/2026,23:36:03: Model's personal time...
09/04/2026,23:36:04: Training...
09/04/2026,23:36:08: Evaluating...
09/04/2026,23:36:09: 	Train Loss: 817589.3750 (base: 1049.9166, kd: 8165.3940), Elapsed: train 5.65 test 0.94
09/04/2026,23:36:09: 	Recall@10: 0.04060 Recall@20: 0.05877 NDCG@10: 0.02326 NDCG@20: 0.02829 
09/04/2026,23:36:09: 	Recall@10: 0.01503 Recall@20: 0.02194 NDCG@10: 0.00792 NDCG@20: 0.00976 
09/04/2026,23:36:09: Epoch [9/1000]
09/04/2026,23:36:09: Negative sampling...
09/04/2026,23:36:10: Model's personal time...
09/04/2026,23:36:10: Training...
09/04/2026,23:36:15: Evaluating...
09/04/2026,23:36:16: 	Train Loss: 815859.5000 (base: 983.9342, kd: 8148.7563), Elapsed: train 5.84 test 1.39
09/04/2026,23:36:16: 	Recall@10: 0.04084 Recall@20: 0.05898 NDCG@10: 0.02380 NDCG@20: 0.02879 
09/04/2026,23:36:16: 	Recall@10: 0.01539 Recall@20: 0.02241 NDCG@10: 0.00781 NDCG@20: 0.00975 
09/04/2026,23:36:16: Epoch [10/1000]
09/04/2026,23:36:16: Negative sampling...
09/04/2026,23:36:17: Model's personal time...
09/04/2026,23:36:18: Training...
09/04/2026,23:36:22: Evaluating...
09/04/2026,23:36:22: 	Train Loss: 813692.2500 (base: 919.4971, kd: 8127.7271), Elapsed: train 5.85 test 0.45 *
09/04/2026,23:36:22: 	Recall@10: 0.04196 Recall@20: 0.06035 NDCG@10: 0.02502 NDCG@20: 0.03009 
09/04/2026,23:36:22: 	Recall@10: 0.01629 Recall@20: 0.02245 NDCG@10: 0.00856 NDCG@20: 0.01021 
09/04/2026,23:36:22: Epoch [11/1000]
09/04/2026,23:36:22: Negative sampling...
09/04/2026,23:36:24: Model's personal time...
09/04/2026,23:36:24: Training...
09/04/2026,23:36:28: Evaluating...
09/04/2026,23:36:28: 	Train Loss: 811640.9375 (base: 860.5537, kd: 8107.8047), Elapsed: train 5.70 test 0.46 *
09/04/2026,23:36:28: 	Recall@10: 0.04185 Recall@20: 0.06220 NDCG@10: 0.02485 NDCG@20: 0.03056 
09/04/2026,23:36:28: 	Recall@10: 0.01616 Recall@20: 0.02292 NDCG@10: 0.00872 NDCG@20: 0.01056 
09/04/2026,23:36:28: Epoch [12/1000]
09/04/2026,23:36:28: Negative sampling...
09/04/2026,23:36:30: Model's personal time...
09/04/2026,23:36:30: Training...
09/04/2026,23:36:34: Evaluating...
09/04/2026,23:36:34: 	Train Loss: 810334.1250 (base: 804.5544, kd: 8095.2949), Elapsed: train 5.67 test 0.43 *
09/04/2026,23:36:34: 	Recall@10: 0.04354 Recall@20: 0.06455 NDCG@10: 0.02595 NDCG@20: 0.03169 
09/04/2026,23:36:34: 	Recall@10: 0.01594 Recall@20: 0.02359 NDCG@10: 0.00882 NDCG@20: 0.01088 
09/04/2026,23:36:34: Epoch [13/1000]
09/04/2026,23:36:34: Negative sampling...
09/04/2026,23:36:36: Model's personal time...
09/04/2026,23:36:36: Training...
09/04/2026,23:36:40: Evaluating...
09/04/2026,23:36:41: 	Train Loss: 809247.1875 (base: 753.5327, kd: 8084.9360), Elapsed: train 5.55 test 0.50
09/04/2026,23:36:41: 	Recall@10: 0.04331 Recall@20: 0.06406 NDCG@10: 0.02583 NDCG@20: 0.03159 
09/04/2026,23:36:41: 	Recall@10: 0.01686 Recall@20: 0.02517 NDCG@10: 0.00935 NDCG@20: 0.01154 
09/04/2026,23:36:41: Epoch [14/1000]
09/04/2026,23:36:41: Negative sampling...
09/04/2026,23:36:42: Model's personal time...
09/04/2026,23:36:42: Training...
09/04/2026,23:36:46: Evaluating...
09/04/2026,23:36:47: 	Train Loss: 808180.1250 (base: 707.9695, kd: 8074.7217), Elapsed: train 5.61 test 0.96 *
09/04/2026,23:36:47: 	Recall@10: 0.04486 Recall@20: 0.06550 NDCG@10: 0.02711 NDCG@20: 0.03280 
09/04/2026,23:36:47: 	Recall@10: 0.01696 Recall@20: 0.02565 NDCG@10: 0.00919 NDCG@20: 0.01151 
09/04/2026,23:36:47: Epoch [15/1000]
09/04/2026,23:36:47: Negative sampling...
09/04/2026,23:36:48: Model's personal time...
09/04/2026,23:36:49: Training...
09/04/2026,23:36:53: Evaluating...
09/04/2026,23:36:54: 	Train Loss: 806770.1875 (base: 663.2552, kd: 8061.0698), Elapsed: train 6.04 test 0.42 *
09/04/2026,23:36:54: 	Recall@10: 0.04609 Recall@20: 0.06592 NDCG@10: 0.02762 NDCG@20: 0.03310 
09/04/2026,23:36:54: 	Recall@10: 0.01744 Recall@20: 0.02584 NDCG@10: 0.00942 NDCG@20: 0.01168 
09/04/2026,23:36:54: Epoch [16/1000]
09/04/2026,23:36:54: Negative sampling...
09/04/2026,23:36:55: Model's personal time...
09/04/2026,23:36:55: Training...
09/04/2026,23:36:59: Evaluating...
09/04/2026,23:37:00: 	Train Loss: 806040.2500 (base: 624.0557, kd: 8054.1616), Elapsed: train 5.56 test 0.47 *
09/04/2026,23:37:00: 	Recall@10: 0.04722 Recall@20: 0.06659 NDCG@10: 0.02806 NDCG@20: 0.03337 
09/04/2026,23:37:00: 	Recall@10: 0.01793 Recall@20: 0.02698 NDCG@10: 0.00963 NDCG@20: 0.01204 
09/04/2026,23:37:00: Epoch [17/1000]
09/04/2026,23:37:00: Negative sampling...
09/04/2026,23:37:01: Model's personal time...
09/04/2026,23:37:01: Training...
09/04/2026,23:37:05: Evaluating...
09/04/2026,23:37:06: 	Train Loss: 805010.0000 (base: 585.8126, kd: 8044.2422), Elapsed: train 5.82 test 0.46 *
09/04/2026,23:37:06: 	Recall@10: 0.04698 Recall@20: 0.06949 NDCG@10: 0.02839 NDCG@20: 0.03468 
09/04/2026,23:37:06: 	Recall@10: 0.01781 Recall@20: 0.02678 NDCG@10: 0.00969 NDCG@20: 0.01207 
09/04/2026,23:37:06: Epoch [18/1000]
09/04/2026,23:37:06: Negative sampling...
09/04/2026,23:37:07: Model's personal time...
09/04/2026,23:37:08: Training...
09/04/2026,23:37:12: Evaluating...
09/04/2026,23:37:12: 	Train Loss: 804360.8125 (base: 556.9800, kd: 8038.0386), Elapsed: train 6.01 test 0.51
09/04/2026,23:37:12: 	Recall@10: 0.04723 Recall@20: 0.06907 NDCG@10: 0.02811 NDCG@20: 0.03416 
09/04/2026,23:37:12: 	Recall@10: 0.01843 Recall@20: 0.02661 NDCG@10: 0.00980 NDCG@20: 0.01202 
09/04/2026,23:37:12: Epoch [19/1000]
09/04/2026,23:37:12: Negative sampling...
09/04/2026,23:37:14: Model's personal time...
09/04/2026,23:37:14: Training...
09/04/2026,23:37:18: Evaluating...
09/04/2026,23:37:19: 	Train Loss: 803489.1250 (base: 524.5466, kd: 8029.6465), Elapsed: train 5.73 test 0.70
09/04/2026,23:37:19: 	Recall@10: 0.04869 Recall@20: 0.06979 NDCG@10: 0.02827 NDCG@20: 0.03422 
09/04/2026,23:37:19: 	Recall@10: 0.01805 Recall@20: 0.02721 NDCG@10: 0.00950 NDCG@20: 0.01197 
09/04/2026,23:37:19: Epoch [20/1000]
09/04/2026,23:37:19: Negative sampling...
09/04/2026,23:37:20: Model's personal time...
09/04/2026,23:37:21: Training...
09/04/2026,23:37:25: Evaluating...
09/04/2026,23:37:25: 	Train Loss: 802714.1250 (base: 496.9379, kd: 8022.1719), Elapsed: train 5.82 test 0.48 *
09/04/2026,23:37:25: 	Recall@10: 0.04844 Recall@20: 0.06916 NDCG@10: 0.02895 NDCG@20: 0.03485 
09/04/2026,23:37:25: 	Recall@10: 0.01917 Recall@20: 0.02763 NDCG@10: 0.00981 NDCG@20: 0.01209 
09/04/2026,23:37:25: Epoch [21/1000]
09/04/2026,23:37:25: Negative sampling...
09/04/2026,23:37:26: Model's personal time...
09/04/2026,23:37:27: Training...
09/04/2026,23:37:31: Evaluating...
09/04/2026,23:37:31: 	Train Loss: 802152.1250 (base: 476.8568, kd: 8016.7539), Elapsed: train 5.43 test 0.45 *
09/04/2026,23:37:31: 	Recall@10: 0.04990 Recall@20: 0.07167 NDCG@10: 0.02918 NDCG@20: 0.03535 
09/04/2026,23:37:31: 	Recall@10: 0.01917 Recall@20: 0.02796 NDCG@10: 0.00991 NDCG@20: 0.01228 
09/04/2026,23:37:31: Epoch [22/1000]
09/04/2026,23:37:31: Negative sampling...
09/04/2026,23:37:32: Model's personal time...
09/04/2026,23:37:32: Training...
09/04/2026,23:37:36: Evaluating...
09/04/2026,23:37:38: 	Train Loss: 801721.0625 (base: 451.4847, kd: 8012.6948), Elapsed: train 5.47 test 1.53 *
09/04/2026,23:37:38: 	Recall@10: 0.05080 Recall@20: 0.07191 NDCG@10: 0.02949 NDCG@20: 0.03554 
09/04/2026,23:37:38: 	Recall@10: 0.01864 Recall@20: 0.02794 NDCG@10: 0.01011 NDCG@20: 0.01266 
09/04/2026,23:37:38: Epoch [23/1000]
09/04/2026,23:37:38: Negative sampling...
09/04/2026,23:37:39: Model's personal time...
09/04/2026,23:37:40: Training...
09/04/2026,23:37:44: Evaluating...
09/04/2026,23:37:45: 	Train Loss: 801061.4375 (base: 431.6054, kd: 8006.2988), Elapsed: train 6.47 test 0.60 *
09/04/2026,23:37:45: 	Recall@10: 0.05074 Recall@20: 0.07261 NDCG@10: 0.03046 NDCG@20: 0.03658 
09/04/2026,23:37:45: 	Recall@10: 0.01883 Recall@20: 0.02787 NDCG@10: 0.01021 NDCG@20: 0.01266 
09/04/2026,23:37:45: Epoch [24/1000]
09/04/2026,23:37:45: Negative sampling...
09/04/2026,23:37:46: Model's personal time...
09/04/2026,23:37:47: Training...
09/04/2026,23:37:51: Evaluating...
09/04/2026,23:37:51: 	Train Loss: 800475.5625 (base: 409.4353, kd: 8000.6611), Elapsed: train 5.66 test 0.58
09/04/2026,23:37:51: 	Recall@10: 0.05199 Recall@20: 0.07274 NDCG@10: 0.03066 NDCG@20: 0.03650 
09/04/2026,23:37:51: 	Recall@10: 0.01950 Recall@20: 0.02785 NDCG@10: 0.01052 NDCG@20: 0.01278 
09/04/2026,23:37:51: Epoch [25/1000]
09/04/2026,23:37:51: Negative sampling...
09/04/2026,23:37:53: Model's personal time...
09/04/2026,23:37:53: Training...
09/04/2026,23:37:57: Evaluating...
09/04/2026,23:37:58: 	Train Loss: 799933.3750 (base: 395.2700, kd: 7995.3813), Elapsed: train 5.74 test 0.69 *
09/04/2026,23:37:58: 	Recall@10: 0.05215 Recall@20: 0.07536 NDCG@10: 0.03082 NDCG@20: 0.03724 
09/04/2026,23:37:58: 	Recall@10: 0.01955 Recall@20: 0.02808 NDCG@10: 0.01047 NDCG@20: 0.01282 
09/04/2026,23:37:58: Epoch [26/1000]
09/04/2026,23:37:58: Negative sampling...
09/04/2026,23:37:59: Model's personal time...
09/04/2026,23:37:59: Training...
09/04/2026,23:38:03: Evaluating...
09/04/2026,23:38:04: 	Train Loss: 799505.6250 (base: 378.1020, kd: 7991.2749), Elapsed: train 5.67 test 0.49
09/04/2026,23:38:04: 	Recall@10: 0.05159 Recall@20: 0.07535 NDCG@10: 0.03032 NDCG@20: 0.03693 
09/04/2026,23:38:04: 	Recall@10: 0.01893 Recall@20: 0.02808 NDCG@10: 0.01019 NDCG@20: 0.01269 
09/04/2026,23:38:04: Epoch [27/1000]
09/04/2026,23:38:04: Negative sampling...
09/04/2026,23:38:05: Model's personal time...
09/04/2026,23:38:05: Training...
09/04/2026,23:38:10: Evaluating...
09/04/2026,23:38:10: 	Train Loss: 799030.2500 (base: 364.5181, kd: 7986.6572), Elapsed: train 5.72 test 0.47
09/04/2026,23:38:10: 	Recall@10: 0.05175 Recall@20: 0.07537 NDCG@10: 0.03047 NDCG@20: 0.03707 
09/04/2026,23:38:10: 	Recall@10: 0.01950 Recall@20: 0.02901 NDCG@10: 0.01069 NDCG@20: 0.01329 
09/04/2026,23:38:10: Epoch [28/1000]
09/04/2026,23:38:10: Negative sampling...
09/04/2026,23:38:11: Model's personal time...
09/04/2026,23:38:12: Training...
09/04/2026,23:38:16: Evaluating...
09/04/2026,23:38:17: 	Train Loss: 798657.9375 (base: 347.7216, kd: 7983.1025), Elapsed: train 5.72 test 0.75 *
09/04/2026,23:38:17: 	Recall@10: 0.05211 Recall@20: 0.07689 NDCG@10: 0.03107 NDCG@20: 0.03795 
09/04/2026,23:38:17: 	Recall@10: 0.01921 Recall@20: 0.02875 NDCG@10: 0.01052 NDCG@20: 0.01317 
09/04/2026,23:38:17: Epoch [29/1000]
09/04/2026,23:38:17: Negative sampling...
09/04/2026,23:38:18: Model's personal time...
09/04/2026,23:38:19: Training...
09/04/2026,23:38:23: Evaluating...
09/04/2026,23:38:23: 	Train Loss: 798194.4375 (base: 334.6512, kd: 7978.5977), Elapsed: train 6.08 test 0.47 *
09/04/2026,23:38:23: 	Recall@10: 0.05294 Recall@20: 0.07807 NDCG@10: 0.03155 NDCG@20: 0.03854 
09/04/2026,23:38:23: 	Recall@10: 0.01938 Recall@20: 0.02872 NDCG@10: 0.01066 NDCG@20: 0.01326 
09/04/2026,23:38:23: Epoch [30/1000]
09/04/2026,23:38:23: Negative sampling...
09/04/2026,23:38:25: Model's personal time...
09/04/2026,23:38:25: Training...
09/04/2026,23:38:29: Evaluating...
09/04/2026,23:38:29: 	Train Loss: 797900.8125 (base: 322.0902, kd: 7975.7866), Elapsed: train 5.71 test 0.45 *
09/04/2026,23:38:29: 	Recall@10: 0.05391 Recall@20: 0.07989 NDCG@10: 0.03205 NDCG@20: 0.03924 
09/04/2026,23:38:29: 	Recall@10: 0.02022 Recall@20: 0.02968 NDCG@10: 0.01106 NDCG@20: 0.01369 
09/04/2026,23:38:29: Epoch [31/1000]
09/04/2026,23:38:29: Negative sampling...
09/04/2026,23:38:31: Model's personal time...
09/04/2026,23:38:31: Training...
09/04/2026,23:38:35: Evaluating...
09/04/2026,23:38:36: 	Train Loss: 797470.8125 (base: 310.3019, kd: 7971.6050), Elapsed: train 5.97 test 0.93
09/04/2026,23:38:36: 	Recall@10: 0.05345 Recall@20: 0.07940 NDCG@10: 0.03180 NDCG@20: 0.03897 
09/04/2026,23:38:36: 	Recall@10: 0.02033 Recall@20: 0.02989 NDCG@10: 0.01121 NDCG@20: 0.01384 
09/04/2026,23:38:36: Epoch [32/1000]
09/04/2026,23:38:36: Negative sampling...
09/04/2026,23:38:38: Model's personal time...
09/04/2026,23:38:38: Training...
09/04/2026,23:38:42: Evaluating...
09/04/2026,23:38:43: 	Train Loss: 797248.0000 (base: 301.6486, kd: 7969.4644), Elapsed: train 5.59 test 0.89 *
09/04/2026,23:38:43: 	Recall@10: 0.05415 Recall@20: 0.08101 NDCG@10: 0.03203 NDCG@20: 0.03941 
09/04/2026,23:38:43: 	Recall@10: 0.02042 Recall@20: 0.02947 NDCG@10: 0.01128 NDCG@20: 0.01377 
09/04/2026,23:38:43: Epoch [33/1000]
09/04/2026,23:38:43: Negative sampling...
09/04/2026,23:38:44: Model's personal time...
09/04/2026,23:38:44: Training...
09/04/2026,23:38:49: Evaluating...
09/04/2026,23:38:49: 	Train Loss: 796896.8125 (base: 290.7735, kd: 7966.0596), Elapsed: train 5.87 test 0.52 *
09/04/2026,23:38:49: 	Recall@10: 0.05513 Recall@20: 0.08181 NDCG@10: 0.03238 NDCG@20: 0.03967 
09/04/2026,23:38:49: 	Recall@10: 0.02042 Recall@20: 0.03032 NDCG@10: 0.01136 NDCG@20: 0.01408 
09/04/2026,23:38:49: Epoch [34/1000]
09/04/2026,23:38:49: Negative sampling...
09/04/2026,23:38:50: Model's personal time...
09/04/2026,23:38:51: Training...
09/04/2026,23:38:55: Evaluating...
09/04/2026,23:38:56: 	Train Loss: 796654.6250 (base: 283.0672, kd: 7963.7153), Elapsed: train 5.69 test 0.81 *
09/04/2026,23:38:56: 	Recall@10: 0.05523 Recall@20: 0.08245 NDCG@10: 0.03255 NDCG@20: 0.03994 
09/04/2026,23:38:56: 	Recall@10: 0.02052 Recall@20: 0.03008 NDCG@10: 0.01135 NDCG@20: 0.01398 
09/04/2026,23:38:56: Epoch [35/1000]
09/04/2026,23:38:56: Negative sampling...
09/04/2026,23:38:57: Model's personal time...
09/04/2026,23:38:58: Training...
09/04/2026,23:39:02: Evaluating...
09/04/2026,23:39:02: 	Train Loss: 796366.1250 (base: 272.9671, kd: 7960.9316), Elapsed: train 6.17 test 0.68 *
09/04/2026,23:39:02: 	Recall@10: 0.05482 Recall@20: 0.08415 NDCG@10: 0.03257 NDCG@20: 0.04055 
09/04/2026,23:39:02: 	Recall@10: 0.02100 Recall@20: 0.03069 NDCG@10: 0.01152 NDCG@20: 0.01418 
09/04/2026,23:39:02: Epoch [36/1000]
09/04/2026,23:39:02: Negative sampling...
09/04/2026,23:39:04: Model's personal time...
09/04/2026,23:39:04: Training...
09/04/2026,23:39:08: Evaluating...
09/04/2026,23:39:09: 	Train Loss: 796021.5625 (base: 264.0900, kd: 7957.5752), Elapsed: train 5.69 test 0.95 *
09/04/2026,23:39:09: 	Recall@10: 0.05671 Recall@20: 0.08480 NDCG@10: 0.03337 NDCG@20: 0.04097 
09/04/2026,23:39:09: 	Recall@10: 0.02052 Recall@20: 0.03011 NDCG@10: 0.01118 NDCG@20: 0.01385 
09/04/2026,23:39:09: Epoch [37/1000]
09/04/2026,23:39:09: Negative sampling...
09/04/2026,23:39:10: Model's personal time...
09/04/2026,23:39:11: Training...
09/04/2026,23:39:15: Evaluating...
09/04/2026,23:39:16: 	Train Loss: 795908.9375 (base: 260.0298, kd: 7956.4888), Elapsed: train 6.12 test 0.61 *
09/04/2026,23:39:16: 	Recall@10: 0.05713 Recall@20: 0.08531 NDCG@10: 0.03357 NDCG@20: 0.04125 
09/04/2026,23:39:16: 	Recall@10: 0.02042 Recall@20: 0.03105 NDCG@10: 0.01117 NDCG@20: 0.01410 
09/04/2026,23:39:16: Epoch [38/1000]
09/04/2026,23:39:16: Negative sampling...
09/04/2026,23:39:17: Model's personal time...
09/04/2026,23:39:18: Training...
09/04/2026,23:39:22: Evaluating...
09/04/2026,23:39:22: 	Train Loss: 795562.5000 (base: 247.9878, kd: 7953.1450), Elapsed: train 5.94 test 0.52 *
09/04/2026,23:39:22: 	Recall@10: 0.05790 Recall@20: 0.08677 NDCG@10: 0.03421 NDCG@20: 0.04199 
09/04/2026,23:39:22: 	Recall@10: 0.02121 Recall@20: 0.03067 NDCG@10: 0.01148 NDCG@20: 0.01407 
09/04/2026,23:39:22: Epoch [39/1000]
09/04/2026,23:39:22: Negative sampling...
09/04/2026,23:39:24: Model's personal time...
09/04/2026,23:39:24: Training...
09/04/2026,23:39:28: Evaluating...
09/04/2026,23:39:28: 	Train Loss: 795326.1250 (base: 244.6062, kd: 7950.8149), Elapsed: train 5.71 test 0.51 *
09/04/2026,23:39:28: 	Recall@10: 0.05883 Recall@20: 0.08694 NDCG@10: 0.03460 NDCG@20: 0.04223 
09/04/2026,23:39:28: 	Recall@10: 0.02100 Recall@20: 0.03100 NDCG@10: 0.01143 NDCG@20: 0.01418 
09/04/2026,23:39:28: Epoch [40/1000]
09/04/2026,23:39:28: Negative sampling...
09/04/2026,23:39:30: Model's personal time...
09/04/2026,23:39:30: Training...
09/04/2026,23:39:34: Evaluating...
09/04/2026,23:39:35: 	Train Loss: 795197.0625 (base: 236.2216, kd: 7949.6094), Elapsed: train 5.69 test 0.47 *
09/04/2026,23:39:35: 	Recall@10: 0.05846 Recall@20: 0.08765 NDCG@10: 0.03448 NDCG@20: 0.04240 
09/04/2026,23:39:35: 	Recall@10: 0.02081 Recall@20: 0.03176 NDCG@10: 0.01146 NDCG@20: 0.01446 
09/04/2026,23:39:35: Epoch [41/1000]
09/04/2026,23:39:35: Negative sampling...
09/04/2026,23:39:36: Model's personal time...
09/04/2026,23:39:36: Training...
09/04/2026,23:39:40: Evaluating...
09/04/2026,23:39:41: 	Train Loss: 794801.9375 (base: 231.6943, kd: 7945.7021), Elapsed: train 5.57 test 0.97 *
09/04/2026,23:39:41: 	Recall@10: 0.05956 Recall@20: 0.08818 NDCG@10: 0.03488 NDCG@20: 0.04263 
09/04/2026,23:39:41: 	Recall@10: 0.02128 Recall@20: 0.03112 NDCG@10: 0.01166 NDCG@20: 0.01441 
09/04/2026,23:39:41: Epoch [42/1000]
09/04/2026,23:39:41: Negative sampling...
09/04/2026,23:39:43: Model's personal time...
09/04/2026,23:39:43: Training...
09/04/2026,23:39:47: Evaluating...
09/04/2026,23:39:48: 	Train Loss: 794807.0625 (base: 229.0125, kd: 7945.7803), Elapsed: train 6.10 test 0.48
09/04/2026,23:39:48: 	Recall@10: 0.05862 Recall@20: 0.08839 NDCG@10: 0.03448 NDCG@20: 0.04252 
09/04/2026,23:39:48: 	Recall@10: 0.02168 Recall@20: 0.03108 NDCG@10: 0.01167 NDCG@20: 0.01427 
09/04/2026,23:39:48: Epoch [43/1000]
09/04/2026,23:39:48: Negative sampling...
09/04/2026,23:39:49: Model's personal time...
09/04/2026,23:39:49: Training...
09/04/2026,23:39:53: Evaluating...
09/04/2026,23:39:54: 	Train Loss: 794413.4375 (base: 220.8409, kd: 7941.9263), Elapsed: train 5.69 test 0.63 *
09/04/2026,23:39:54: 	Recall@10: 0.05882 Recall@20: 0.08953 NDCG@10: 0.03478 NDCG@20: 0.04310 
09/04/2026,23:39:54: 	Recall@10: 0.02154 Recall@20: 0.03195 NDCG@10: 0.01168 NDCG@20: 0.01455 
09/04/2026,23:39:54: Epoch [44/1000]
09/04/2026,23:39:54: Negative sampling...
09/04/2026,23:39:55: Model's personal time...
09/04/2026,23:39:56: Training...
09/04/2026,23:40:00: Evaluating...
09/04/2026,23:40:01: 	Train Loss: 794242.6250 (base: 215.5433, kd: 7940.2700), Elapsed: train 5.82 test 0.65 *
09/04/2026,23:40:01: 	Recall@10: 0.05830 Recall@20: 0.08960 NDCG@10: 0.03498 NDCG@20: 0.04346 
09/04/2026,23:40:01: 	Recall@10: 0.02178 Recall@20: 0.03189 NDCG@10: 0.01179 NDCG@20: 0.01456 
09/04/2026,23:40:01: Epoch [45/1000]
09/04/2026,23:40:01: Negative sampling...
09/04/2026,23:40:02: Model's personal time...
09/04/2026,23:40:02: Training...
09/04/2026,23:40:06: Evaluating...
09/04/2026,23:40:07: 	Train Loss: 794156.6875 (base: 205.0222, kd: 7939.5166), Elapsed: train 5.67 test 0.89 *
09/04/2026,23:40:07: 	Recall@10: 0.05913 Recall@20: 0.09043 NDCG@10: 0.03517 NDCG@20: 0.04362 
09/04/2026,23:40:07: 	Recall@10: 0.02197 Recall@20: 0.03173 NDCG@10: 0.01180 NDCG@20: 0.01450 
09/04/2026,23:40:07: Epoch [46/1000]
09/04/2026,23:40:07: Negative sampling...
09/04/2026,23:40:08: Model's personal time...
09/04/2026,23:40:09: Training...
09/04/2026,23:40:13: Evaluating...
09/04/2026,23:40:13: 	Train Loss: 793926.5000 (base: 204.3389, kd: 7937.2217), Elapsed: train 5.74 test 0.48 *
09/04/2026,23:40:13: 	Recall@10: 0.06008 Recall@20: 0.09091 NDCG@10: 0.03557 NDCG@20: 0.04384 
09/04/2026,23:40:13: 	Recall@10: 0.02235 Recall@20: 0.03222 NDCG@10: 0.01205 NDCG@20: 0.01476 
09/04/2026,23:40:13: Epoch [47/1000]
09/04/2026,23:40:13: Negative sampling...
09/04/2026,23:40:15: Model's personal time...
09/04/2026,23:40:15: Training...
09/04/2026,23:40:19: Evaluating...
09/04/2026,23:40:20: 	Train Loss: 793788.9375 (base: 197.3182, kd: 7935.9165), Elapsed: train 5.80 test 0.67 *
09/04/2026,23:40:20: 	Recall@10: 0.05960 Recall@20: 0.09307 NDCG@10: 0.03532 NDCG@20: 0.04430 
09/04/2026,23:40:20: 	Recall@10: 0.02179 Recall@20: 0.03234 NDCG@10: 0.01180 NDCG@20: 0.01471 
09/04/2026,23:40:20: Epoch [48/1000]
09/04/2026,23:40:20: Negative sampling...
09/04/2026,23:40:21: Model's personal time...
09/04/2026,23:40:21: Training...
09/04/2026,23:40:25: Evaluating...
09/04/2026,23:40:26: 	Train Loss: 793643.4375 (base: 193.6481, kd: 7934.4971), Elapsed: train 5.65 test 0.45
09/04/2026,23:40:26: 	Recall@10: 0.06060 Recall@20: 0.09205 NDCG@10: 0.03563 NDCG@20: 0.04409 
09/04/2026,23:40:26: 	Recall@10: 0.02276 Recall@20: 0.03299 NDCG@10: 0.01223 NDCG@20: 0.01503 
09/04/2026,23:40:26: Epoch [49/1000]
09/04/2026,23:40:26: Negative sampling...
09/04/2026,23:40:27: Model's personal time...
09/04/2026,23:40:28: Training...
09/04/2026,23:40:32: Evaluating...
09/04/2026,23:40:32: 	Train Loss: 793439.8125 (base: 189.7627, kd: 7932.5010), Elapsed: train 5.72 test 0.57
09/04/2026,23:40:32: 	Recall@10: 0.06012 Recall@20: 0.09226 NDCG@10: 0.03548 NDCG@20: 0.04412 
09/04/2026,23:40:32: 	Recall@10: 0.02268 Recall@20: 0.03255 NDCG@10: 0.01212 NDCG@20: 0.01485 
09/04/2026,23:40:32: Epoch [50/1000]
09/04/2026,23:40:32: Negative sampling...
09/04/2026,23:40:34: Model's personal time...
09/04/2026,23:40:34: Training...
09/04/2026,23:40:38: Evaluating...
09/04/2026,23:40:39: 	Train Loss: 793325.6875 (base: 185.6886, kd: 7931.4004), Elapsed: train 5.67 test 1.36 *
09/04/2026,23:40:39: 	Recall@10: 0.06014 Recall@20: 0.09261 NDCG@10: 0.03560 NDCG@20: 0.04439 
09/04/2026,23:40:39: 	Recall@10: 0.02220 Recall@20: 0.03358 NDCG@10: 0.01215 NDCG@20: 0.01530 
09/04/2026,23:40:39: Epoch [51/1000]
09/04/2026,23:40:39: Negative sampling...
09/04/2026,23:40:41: Model's personal time...
09/04/2026,23:40:41: Training...
09/04/2026,23:40:45: Evaluating...
09/04/2026,23:40:46: 	Train Loss: 793199.6875 (base: 182.6082, kd: 7930.1709), Elapsed: train 5.66 test 0.92
09/04/2026,23:40:46: 	Recall@10: 0.06036 Recall@20: 0.09264 NDCG@10: 0.03563 NDCG@20: 0.04435 
09/04/2026,23:40:46: 	Recall@10: 0.02304 Recall@20: 0.03326 NDCG@10: 0.01245 NDCG@20: 0.01526 
09/04/2026,23:40:46: Epoch [52/1000]
09/04/2026,23:40:46: Negative sampling...
09/04/2026,23:40:47: Model's personal time...
09/04/2026,23:40:47: Training...
09/04/2026,23:40:52: Evaluating...
09/04/2026,23:40:52: 	Train Loss: 793082.9375 (base: 182.0308, kd: 7929.0088), Elapsed: train 5.76 test 0.87 *
09/04/2026,23:40:52: 	Recall@10: 0.06117 Recall@20: 0.09421 NDCG@10: 0.03593 NDCG@20: 0.04484 
09/04/2026,23:40:52: 	Recall@10: 0.02279 Recall@20: 0.03382 NDCG@10: 0.01243 NDCG@20: 0.01549 
09/04/2026,23:40:52: Epoch [53/1000]
09/04/2026,23:40:52: Negative sampling...
09/04/2026,23:40:54: Model's personal time...
09/04/2026,23:40:54: Training...
09/04/2026,23:40:58: Evaluating...
09/04/2026,23:40:59: 	Train Loss: 792858.1875 (base: 179.4058, kd: 7926.7881), Elapsed: train 5.99 test 0.91 *
09/04/2026,23:40:59: 	Recall@10: 0.06051 Recall@20: 0.09309 NDCG@10: 0.03598 NDCG@20: 0.04485 
09/04/2026,23:40:59: 	Recall@10: 0.02289 Recall@20: 0.03504 NDCG@10: 0.01238 NDCG@20: 0.01571 
09/04/2026,23:40:59: Epoch [54/1000]
09/04/2026,23:40:59: Negative sampling...
09/04/2026,23:41:01: Model's personal time...
09/04/2026,23:41:01: Training...
09/04/2026,23:41:06: Evaluating...
09/04/2026,23:41:06: 	Train Loss: 792780.5000 (base: 176.8501, kd: 7926.0361), Elapsed: train 6.27 test 0.46 *
09/04/2026,23:41:06: 	Recall@10: 0.06185 Recall@20: 0.09600 NDCG@10: 0.03663 NDCG@20: 0.04586 
09/04/2026,23:41:06: 	Recall@10: 0.02338 Recall@20: 0.03466 NDCG@10: 0.01252 NDCG@20: 0.01562 
09/04/2026,23:41:06: Epoch [55/1000]
09/04/2026,23:41:06: Negative sampling...
09/04/2026,23:41:07: Model's personal time...
09/04/2026,23:41:08: Training...
09/04/2026,23:41:12: Evaluating...
09/04/2026,23:41:13: 	Train Loss: 792582.5000 (base: 171.2160, kd: 7924.1123), Elapsed: train 6.12 test 0.62 *
09/04/2026,23:41:13: 	Recall@10: 0.06205 Recall@20: 0.09612 NDCG@10: 0.03670 NDCG@20: 0.04592 
09/04/2026,23:41:13: 	Recall@10: 0.02357 Recall@20: 0.03492 NDCG@10: 0.01278 NDCG@20: 0.01594 
09/04/2026,23:41:13: Epoch [56/1000]
09/04/2026,23:41:13: Negative sampling...
09/04/2026,23:41:14: Model's personal time...
09/04/2026,23:41:14: Training...
09/04/2026,23:41:18: Evaluating...
09/04/2026,23:41:20: 	Train Loss: 792530.1250 (base: 167.2861, kd: 7923.6289), Elapsed: train 5.60 test 1.26
09/04/2026,23:41:20: 	Recall@10: 0.06124 Recall@20: 0.09513 NDCG@10: 0.03631 NDCG@20: 0.04550 
09/04/2026,23:41:20: 	Recall@10: 0.02367 Recall@20: 0.03428 NDCG@10: 0.01284 NDCG@20: 0.01577 
09/04/2026,23:41:20: Epoch [57/1000]
09/04/2026,23:41:20: Negative sampling...
09/04/2026,23:41:21: Model's personal time...
09/04/2026,23:41:21: Training...
09/04/2026,23:41:25: Evaluating...
09/04/2026,23:41:26: 	Train Loss: 792450.6875 (base: 163.7827, kd: 7922.8691), Elapsed: train 5.66 test 0.76 *
09/04/2026,23:41:26: 	Recall@10: 0.06223 Recall@20: 0.09562 NDCG@10: 0.03691 NDCG@20: 0.04597 
09/04/2026,23:41:26: 	Recall@10: 0.02400 Recall@20: 0.03546 NDCG@10: 0.01299 NDCG@20: 0.01612 
09/04/2026,23:41:26: Epoch [58/1000]
09/04/2026,23:41:26: Negative sampling...
09/04/2026,23:41:27: Model's personal time...
09/04/2026,23:41:28: Training...
09/04/2026,23:41:32: Evaluating...
09/04/2026,23:41:32: 	Train Loss: 792341.7500 (base: 163.5744, kd: 7921.7817), Elapsed: train 5.72 test 0.59
09/04/2026,23:41:32: 	Recall@10: 0.06142 Recall@20: 0.09551 NDCG@10: 0.03650 NDCG@20: 0.04583 
09/04/2026,23:41:32: 	Recall@10: 0.02441 Recall@20: 0.03458 NDCG@10: 0.01296 NDCG@20: 0.01577 
09/04/2026,23:41:32: Epoch [59/1000]
09/04/2026,23:41:32: Negative sampling...
09/04/2026,23:41:34: Model's personal time...
09/04/2026,23:41:35: Training...
09/04/2026,23:41:39: Evaluating...
09/04/2026,23:41:40: 	Train Loss: 792219.0625 (base: 158.7297, kd: 7920.6040), Elapsed: train 6.28 test 0.90 *
09/04/2026,23:41:40: 	Recall@10: 0.06297 Recall@20: 0.09489 NDCG@10: 0.03740 NDCG@20: 0.04614 
09/04/2026,23:41:40: 	Recall@10: 0.02508 Recall@20: 0.03552 NDCG@10: 0.01323 NDCG@20: 0.01610 
09/04/2026,23:41:40: Epoch [60/1000]
09/04/2026,23:41:40: Negative sampling...
09/04/2026,23:41:41: Model's personal time...
09/04/2026,23:41:41: Training...
09/04/2026,23:41:45: Evaluating...
09/04/2026,23:41:46: 	Train Loss: 792117.9375 (base: 157.3351, kd: 7919.6064), Elapsed: train 5.76 test 0.87 *
09/04/2026,23:41:46: 	Recall@10: 0.06275 Recall@20: 0.09611 NDCG@10: 0.03728 NDCG@20: 0.04633 
09/04/2026,23:41:46: 	Recall@10: 0.02504 Recall@20: 0.03514 NDCG@10: 0.01316 NDCG@20: 0.01592 
09/04/2026,23:41:46: Epoch [61/1000]
09/04/2026,23:41:46: Negative sampling...
09/04/2026,23:41:48: Model's personal time...
09/04/2026,23:41:48: Training...
09/04/2026,23:41:52: Evaluating...
09/04/2026,23:41:53: 	Train Loss: 791960.3750 (base: 151.2440, kd: 7918.0918), Elapsed: train 5.87 test 0.75 *
09/04/2026,23:41:53: 	Recall@10: 0.06385 Recall@20: 0.09544 NDCG@10: 0.03806 NDCG@20: 0.04655 
09/04/2026,23:41:53: 	Recall@10: 0.02466 Recall@20: 0.03620 NDCG@10: 0.01308 NDCG@20: 0.01619 
09/04/2026,23:41:53: Epoch [62/1000]
09/04/2026,23:41:53: Negative sampling...
09/04/2026,23:41:54: Model's personal time...
09/04/2026,23:41:55: Training...
09/04/2026,23:41:59: Evaluating...
09/04/2026,23:41:59: 	Train Loss: 791972.5000 (base: 148.3451, kd: 7918.2407), Elapsed: train 5.91 test 0.64 *
09/04/2026,23:41:59: 	Recall@10: 0.06329 Recall@20: 0.09523 NDCG@10: 0.03791 NDCG@20: 0.04662 
09/04/2026,23:41:59: 	Recall@10: 0.02466 Recall@20: 0.03632 NDCG@10: 0.01321 NDCG@20: 0.01641 
09/04/2026,23:41:59: Epoch [63/1000]
09/04/2026,23:41:59: Negative sampling...
09/04/2026,23:42:01: Model's personal time...
09/04/2026,23:42:01: Training...
09/04/2026,23:42:05: Evaluating...
09/04/2026,23:42:06: 	Train Loss: 791850.4375 (base: 151.0932, kd: 7916.9937), Elapsed: train 5.70 test 0.53
09/04/2026,23:42:06: 	Recall@10: 0.06374 Recall@20: 0.09525 NDCG@10: 0.03797 NDCG@20: 0.04659 
09/04/2026,23:42:06: 	Recall@10: 0.02530 Recall@20: 0.03648 NDCG@10: 0.01342 NDCG@20: 0.01646 
09/04/2026,23:42:06: Epoch [64/1000]
09/04/2026,23:42:06: Negative sampling...
09/04/2026,23:42:07: Model's personal time...
09/04/2026,23:42:07: Training...
09/04/2026,23:42:11: Evaluating...
09/04/2026,23:42:12: 	Train Loss: 791707.0625 (base: 147.1177, kd: 7915.6001), Elapsed: train 5.80 test 0.53 *
09/04/2026,23:42:12: 	Recall@10: 0.06369 Recall@20: 0.09700 NDCG@10: 0.03785 NDCG@20: 0.04695 
09/04/2026,23:42:12: 	Recall@10: 0.02479 Recall@20: 0.03666 NDCG@10: 0.01334 NDCG@20: 0.01658 
09/04/2026,23:42:12: Epoch [65/1000]
09/04/2026,23:42:12: Negative sampling...
09/04/2026,23:42:13: Model's personal time...
09/04/2026,23:42:14: Training...
09/04/2026,23:42:18: Evaluating...
09/04/2026,23:42:19: 	Train Loss: 791631.5000 (base: 142.6345, kd: 7914.8882), Elapsed: train 6.23 test 0.55 *
09/04/2026,23:42:19: 	Recall@10: 0.06412 Recall@20: 0.09657 NDCG@10: 0.03813 NDCG@20: 0.04697 
09/04/2026,23:42:19: 	Recall@10: 0.02552 Recall@20: 0.03707 NDCG@10: 0.01360 NDCG@20: 0.01674 
09/04/2026,23:42:19: Epoch [66/1000]
09/04/2026,23:42:19: Negative sampling...
09/04/2026,23:42:20: Model's personal time...
09/04/2026,23:42:20: Training...
09/04/2026,23:42:25: Evaluating...
09/04/2026,23:42:25: 	Train Loss: 791547.4375 (base: 141.3350, kd: 7914.0605), Elapsed: train 5.80 test 0.43 *
09/04/2026,23:42:25: 	Recall@10: 0.06418 Recall@20: 0.09703 NDCG@10: 0.03809 NDCG@20: 0.04708 
09/04/2026,23:42:25: 	Recall@10: 0.02514 Recall@20: 0.03715 NDCG@10: 0.01363 NDCG@20: 0.01688 
09/04/2026,23:42:25: Epoch [67/1000]
09/04/2026,23:42:25: Negative sampling...
09/04/2026,23:42:26: Model's personal time...
09/04/2026,23:42:27: Training...
09/04/2026,23:42:31: Evaluating...
09/04/2026,23:42:32: 	Train Loss: 791449.5625 (base: 138.3796, kd: 7913.1108), Elapsed: train 5.75 test 0.90 *
09/04/2026,23:42:32: 	Recall@10: 0.06471 Recall@20: 0.09688 NDCG@10: 0.03850 NDCG@20: 0.04732 
09/04/2026,23:42:32: 	Recall@10: 0.02556 Recall@20: 0.03662 NDCG@10: 0.01366 NDCG@20: 0.01666 
09/04/2026,23:42:32: Epoch [68/1000]
09/04/2026,23:42:32: Negative sampling...
09/04/2026,23:42:33: Model's personal time...
09/04/2026,23:42:33: Training...
09/04/2026,23:42:37: Evaluating...
09/04/2026,23:42:38: 	Train Loss: 791375.7500 (base: 140.2739, kd: 7912.3545), Elapsed: train 5.75 test 0.57
09/04/2026,23:42:38: 	Recall@10: 0.06516 Recall@20: 0.09602 NDCG@10: 0.03873 NDCG@20: 0.04719 
09/04/2026,23:42:38: 	Recall@10: 0.02492 Recall@20: 0.03725 NDCG@10: 0.01339 NDCG@20: 0.01672 
09/04/2026,23:42:38: Epoch [69/1000]
09/04/2026,23:42:38: Negative sampling...
09/04/2026,23:42:39: Model's personal time...
09/04/2026,23:42:39: Training...
09/04/2026,23:42:44: Evaluating...
09/04/2026,23:42:44: 	Train Loss: 791245.6875 (base: 137.3872, kd: 7911.0835), Elapsed: train 5.71 test 0.81 *
09/04/2026,23:42:44: 	Recall@10: 0.06532 Recall@20: 0.09657 NDCG@10: 0.03913 NDCG@20: 0.04767 
09/04/2026,23:42:44: 	Recall@10: 0.02504 Recall@20: 0.03682 NDCG@10: 0.01355 NDCG@20: 0.01677 
09/04/2026,23:42:44: Epoch [70/1000]
09/04/2026,23:42:44: Negative sampling...
09/04/2026,23:42:46: Model's personal time...
09/04/2026,23:42:46: Training...
09/04/2026,23:42:50: Evaluating...
09/04/2026,23:42:52: 	Train Loss: 791244.6250 (base: 132.8539, kd: 7911.1177), Elapsed: train 5.63 test 1.47
09/04/2026,23:42:52: 	Recall@10: 0.06573 Recall@20: 0.09696 NDCG@10: 0.03912 NDCG@20: 0.04764 
09/04/2026,23:42:52: 	Recall@10: 0.02552 Recall@20: 0.03658 NDCG@10: 0.01368 NDCG@20: 0.01669 
09/04/2026,23:42:52: Epoch [71/1000]
09/04/2026,23:42:52: Negative sampling...
09/04/2026,23:42:53: Model's personal time...
09/04/2026,23:42:53: Training...
09/04/2026,23:42:58: Evaluating...
09/04/2026,23:42:58: 	Train Loss: 791068.6875 (base: 131.1913, kd: 7909.3755), Elapsed: train 6.13 test 0.46
09/04/2026,23:42:58: 	Recall@10: 0.06591 Recall@20: 0.09655 NDCG@10: 0.03911 NDCG@20: 0.04747 
09/04/2026,23:42:58: 	Recall@10: 0.02581 Recall@20: 0.03704 NDCG@10: 0.01360 NDCG@20: 0.01661 
09/04/2026,23:42:58: Epoch [72/1000]
09/04/2026,23:42:58: Negative sampling...
09/04/2026,23:43:00: Model's personal time...
09/04/2026,23:43:00: Training...
09/04/2026,23:43:04: Evaluating...
09/04/2026,23:43:04: 	Train Loss: 791017.3750 (base: 132.6806, kd: 7908.8467), Elapsed: train 5.86 test 0.46 *
09/04/2026,23:43:04: 	Recall@10: 0.06703 Recall@20: 0.09706 NDCG@10: 0.03969 NDCG@20: 0.04789 
09/04/2026,23:43:04: 	Recall@10: 0.02543 Recall@20: 0.03773 NDCG@10: 0.01375 NDCG@20: 0.01708 
09/04/2026,23:43:04: Epoch [73/1000]
09/04/2026,23:43:04: Negative sampling...
09/04/2026,23:43:06: Model's personal time...
09/04/2026,23:43:06: Training...
09/04/2026,23:43:10: Evaluating...
09/04/2026,23:43:11: 	Train Loss: 791027.6875 (base: 130.1114, kd: 7908.9751), Elapsed: train 5.66 test 1.05 *
09/04/2026,23:43:11: 	Recall@10: 0.06753 Recall@20: 0.09725 NDCG@10: 0.03997 NDCG@20: 0.04799 
09/04/2026,23:43:11: 	Recall@10: 0.02541 Recall@20: 0.03728 NDCG@10: 0.01352 NDCG@20: 0.01676 
09/04/2026,23:43:11: Epoch [74/1000]
09/04/2026,23:43:11: Negative sampling...
09/04/2026,23:43:13: Model's personal time...
09/04/2026,23:43:13: Training...
09/04/2026,23:43:17: Evaluating...
09/04/2026,23:43:18: 	Train Loss: 790929.1250 (base: 127.8761, kd: 7908.0132), Elapsed: train 6.13 test 0.80 *
09/04/2026,23:43:18: 	Recall@10: 0.06725 Recall@20: 0.09772 NDCG@10: 0.03982 NDCG@20: 0.04814 
09/04/2026,23:43:18: 	Recall@10: 0.02536 Recall@20: 0.03730 NDCG@10: 0.01369 NDCG@20: 0.01696 
09/04/2026,23:43:18: Epoch [75/1000]
09/04/2026,23:43:18: Negative sampling...
09/04/2026,23:43:20: Model's personal time...
09/04/2026,23:43:20: Training...
09/04/2026,23:43:24: Evaluating...
09/04/2026,23:43:25: 	Train Loss: 790858.0000 (base: 126.5561, kd: 7907.3149), Elapsed: train 6.39 test 0.54
09/04/2026,23:43:25: 	Recall@10: 0.06687 Recall@20: 0.09748 NDCG@10: 0.03959 NDCG@20: 0.04792 
09/04/2026,23:43:25: 	Recall@10: 0.02507 Recall@20: 0.03733 NDCG@10: 0.01368 NDCG@20: 0.01701 
09/04/2026,23:43:25: Epoch [76/1000]
09/04/2026,23:43:25: Negative sampling...
09/04/2026,23:43:27: Model's personal time...
09/04/2026,23:43:27: Training...
09/04/2026,23:43:31: Evaluating...
09/04/2026,23:43:32: 	Train Loss: 790803.2500 (base: 125.5059, kd: 7906.7778), Elapsed: train 6.21 test 0.52
09/04/2026,23:43:32: 	Recall@10: 0.06719 Recall@20: 0.09717 NDCG@10: 0.03971 NDCG@20: 0.04786 
09/04/2026,23:43:32: 	Recall@10: 0.02638 Recall@20: 0.03785 NDCG@10: 0.01400 NDCG@20: 0.01713 
09/04/2026,23:43:32: Epoch [77/1000]
09/04/2026,23:43:32: Negative sampling...
09/04/2026,23:43:33: Model's personal time...
09/04/2026,23:43:34: Training...
09/04/2026,23:43:37: Evaluating...
09/04/2026,23:43:38: 	Train Loss: 790749.3125 (base: 122.8203, kd: 7906.2651), Elapsed: train 5.74 test 0.49 *
09/04/2026,23:43:38: 	Recall@10: 0.06742 Recall@20: 0.09747 NDCG@10: 0.04025 NDCG@20: 0.04843 
09/04/2026,23:43:38: 	Recall@10: 0.02512 Recall@20: 0.03757 NDCG@10: 0.01361 NDCG@20: 0.01704 
09/04/2026,23:43:38: Epoch [78/1000]
09/04/2026,23:43:38: Negative sampling...
09/04/2026,23:43:40: Model's personal time...
09/04/2026,23:43:40: Training...
09/04/2026,23:43:44: Evaluating...
09/04/2026,23:43:45: 	Train Loss: 790668.6875 (base: 121.2355, kd: 7905.4741), Elapsed: train 5.94 test 1.46
09/04/2026,23:43:45: 	Recall@10: 0.06760 Recall@20: 0.09707 NDCG@10: 0.04015 NDCG@20: 0.04827 
09/04/2026,23:43:45: 	Recall@10: 0.02539 Recall@20: 0.03757 NDCG@10: 0.01368 NDCG@20: 0.01704 
09/04/2026,23:43:45: Epoch [79/1000]
09/04/2026,23:43:45: Negative sampling...
09/04/2026,23:43:47: Model's personal time...
09/04/2026,23:43:47: Training...
09/04/2026,23:43:51: Evaluating...
09/04/2026,23:43:52: 	Train Loss: 790680.6250 (base: 122.7318, kd: 7905.5791), Elapsed: train 5.98 test 0.74
09/04/2026,23:43:52: 	Recall@10: 0.06643 Recall@20: 0.09667 NDCG@10: 0.03988 NDCG@20: 0.04816 
09/04/2026,23:43:52: 	Recall@10: 0.02619 Recall@20: 0.03739 NDCG@10: 0.01389 NDCG@20: 0.01695 
09/04/2026,23:43:52: Epoch [80/1000]
09/04/2026,23:43:52: Negative sampling...
09/04/2026,23:43:54: Model's personal time...
09/04/2026,23:43:54: Training...
09/04/2026,23:43:58: Evaluating...
09/04/2026,23:43:59: 	Train Loss: 790604.0000 (base: 120.1036, kd: 7904.8394), Elapsed: train 6.11 test 0.55
09/04/2026,23:43:59: 	Recall@10: 0.06773 Recall@20: 0.09643 NDCG@10: 0.04038 NDCG@20: 0.04827 
09/04/2026,23:43:59: 	Recall@10: 0.02619 Recall@20: 0.03793 NDCG@10: 0.01403 NDCG@20: 0.01725 
09/04/2026,23:43:59: Epoch [81/1000]
09/04/2026,23:43:59: Negative sampling...
09/04/2026,23:44:00: Model's personal time...
09/04/2026,23:44:00: Training...
09/04/2026,23:44:05: Evaluating...
09/04/2026,23:44:05: 	Train Loss: 790474.1250 (base: 119.3275, kd: 7903.5469), Elapsed: train 5.89 test 0.54
09/04/2026,23:44:05: 	Recall@10: 0.06665 Recall@20: 0.09713 NDCG@10: 0.03989 NDCG@20: 0.04825 
09/04/2026,23:44:05: 	Recall@10: 0.02573 Recall@20: 0.03735 NDCG@10: 0.01375 NDCG@20: 0.01698 
09/04/2026,23:44:05: Epoch [82/1000]
09/04/2026,23:44:05: Negative sampling...
09/04/2026,23:44:07: Model's personal time...
09/04/2026,23:44:07: Training...
09/04/2026,23:44:11: Evaluating...
09/04/2026,23:44:12: 	Train Loss: 790407.3125 (base: 117.2796, kd: 7902.9004), Elapsed: train 5.76 test 1.03 *
09/04/2026,23:44:12: 	Recall@10: 0.06672 Recall@20: 0.09756 NDCG@10: 0.04017 NDCG@20: 0.04862 
09/04/2026,23:44:12: 	Recall@10: 0.02566 Recall@20: 0.03755 NDCG@10: 0.01361 NDCG@20: 0.01688 
09/04/2026,23:44:12: Epoch [83/1000]
09/04/2026,23:44:12: Negative sampling...
09/04/2026,23:44:14: Model's personal time...
09/04/2026,23:44:14: Training...
09/04/2026,23:44:18: Evaluating...
09/04/2026,23:44:19: 	Train Loss: 790345.1875 (base: 117.3699, kd: 7902.2778), Elapsed: train 6.48 test 0.83
09/04/2026,23:44:19: 	Recall@10: 0.06723 Recall@20: 0.09651 NDCG@10: 0.04005 NDCG@20: 0.04808 
09/04/2026,23:44:19: 	Recall@10: 0.02588 Recall@20: 0.03785 NDCG@10: 0.01382 NDCG@20: 0.01711 
09/04/2026,23:44:19: Epoch [84/1000]
09/04/2026,23:44:19: Negative sampling...
09/04/2026,23:44:21: Model's personal time...
09/04/2026,23:44:21: Training...
09/04/2026,23:44:25: Evaluating...
09/04/2026,23:44:26: 	Train Loss: 790253.6250 (base: 115.2139, kd: 7901.3853), Elapsed: train 6.12 test 0.47
09/04/2026,23:44:26: 	Recall@10: 0.06670 Recall@20: 0.09681 NDCG@10: 0.04011 NDCG@20: 0.04838 
09/04/2026,23:44:26: 	Recall@10: 0.02604 Recall@20: 0.03796 NDCG@10: 0.01401 NDCG@20: 0.01731 
09/04/2026,23:44:26: Epoch [85/1000]
09/04/2026,23:44:26: Negative sampling...
09/04/2026,23:44:27: Model's personal time...
09/04/2026,23:44:27: Training...
09/04/2026,23:44:32: Evaluating...
09/04/2026,23:44:32: 	Train Loss: 790267.7500 (base: 113.8174, kd: 7901.5396), Elapsed: train 5.78 test 0.47
09/04/2026,23:44:32: 	Recall@10: 0.06635 Recall@20: 0.09668 NDCG@10: 0.04005 NDCG@20: 0.04835 
09/04/2026,23:44:32: 	Recall@10: 0.02579 Recall@20: 0.03782 NDCG@10: 0.01379 NDCG@20: 0.01709 
09/04/2026,23:44:32: Epoch [86/1000]
09/04/2026,23:44:32: Negative sampling...
09/04/2026,23:44:34: Model's personal time...
09/04/2026,23:44:34: Training...
09/04/2026,23:44:38: Evaluating...
09/04/2026,23:44:40: 	Train Loss: 790181.3750 (base: 112.3666, kd: 7900.6899), Elapsed: train 6.19 test 1.21 *
09/04/2026,23:44:40: 	Recall@10: 0.06722 Recall@20: 0.09733 NDCG@10: 0.04066 NDCG@20: 0.04887 
09/04/2026,23:44:40: 	Recall@10: 0.02579 Recall@20: 0.03806 NDCG@10: 0.01389 NDCG@20: 0.01725 
09/04/2026,23:44:40: Epoch [87/1000]
09/04/2026,23:44:40: Negative sampling...
09/04/2026,23:44:41: Model's personal time...
09/04/2026,23:44:41: Training...
09/04/2026,23:44:46: Evaluating...
09/04/2026,23:44:46: 	Train Loss: 790158.7500 (base: 108.7905, kd: 7900.5000), Elapsed: train 6.11 test 0.48
09/04/2026,23:44:46: 	Recall@10: 0.06738 Recall@20: 0.09626 NDCG@10: 0.04074 NDCG@20: 0.04863 
09/04/2026,23:44:46: 	Recall@10: 0.02515 Recall@20: 0.03809 NDCG@10: 0.01368 NDCG@20: 0.01725 
09/04/2026,23:44:46: Epoch [88/1000]
09/04/2026,23:44:46: Negative sampling...
09/04/2026,23:44:47: Model's personal time...
09/04/2026,23:44:48: Training...
09/04/2026,23:44:52: Evaluating...
09/04/2026,23:44:52: 	Train Loss: 790118.3750 (base: 107.5243, kd: 7900.1084), Elapsed: train 5.68 test 0.52
09/04/2026,23:44:52: 	Recall@10: 0.06694 Recall@20: 0.09653 NDCG@10: 0.04078 NDCG@20: 0.04886 
09/04/2026,23:44:52: 	Recall@10: 0.02590 Recall@20: 0.03800 NDCG@10: 0.01402 NDCG@20: 0.01734 
09/04/2026,23:44:52: Epoch [89/1000]
09/04/2026,23:44:52: Negative sampling...
09/04/2026,23:44:54: Model's personal time...
09/04/2026,23:44:54: Training...
09/04/2026,23:44:58: Evaluating...
09/04/2026,23:44:59: 	Train Loss: 790065.9375 (base: 112.5383, kd: 7899.5337), Elapsed: train 5.72 test 0.48 *
09/04/2026,23:44:59: 	Recall@10: 0.06767 Recall@20: 0.09681 NDCG@10: 0.04091 NDCG@20: 0.04887 
09/04/2026,23:44:59: 	Recall@10: 0.02552 Recall@20: 0.03764 NDCG@10: 0.01365 NDCG@20: 0.01700 
09/04/2026,23:44:59: Epoch [90/1000]
09/04/2026,23:44:59: Negative sampling...
09/04/2026,23:45:00: Model's personal time...
09/04/2026,23:45:00: Training...
09/04/2026,23:45:04: Evaluating...
09/04/2026,23:45:05: 	Train Loss: 790030.7500 (base: 108.2152, kd: 7899.2256), Elapsed: train 5.64 test 0.81 *
09/04/2026,23:45:05: 	Recall@10: 0.06805 Recall@20: 0.09730 NDCG@10: 0.04099 NDCG@20: 0.04892 
09/04/2026,23:45:05: 	Recall@10: 0.02559 Recall@20: 0.03823 NDCG@10: 0.01370 NDCG@20: 0.01718 
09/04/2026,23:45:05: Epoch [91/1000]
09/04/2026,23:45:05: Negative sampling...
09/04/2026,23:45:06: Model's personal time...
09/04/2026,23:45:07: Training...
09/04/2026,23:45:11: Evaluating...
09/04/2026,23:45:11: 	Train Loss: 789973.0625 (base: 104.5050, kd: 7898.6855), Elapsed: train 6.00 test 0.42 *
09/04/2026,23:45:11: 	Recall@10: 0.06740 Recall@20: 0.09796 NDCG@10: 0.04088 NDCG@20: 0.04921 
09/04/2026,23:45:11: 	Recall@10: 0.02536 Recall@20: 0.03788 NDCG@10: 0.01383 NDCG@20: 0.01732 
09/04/2026,23:45:11: Epoch [92/1000]
09/04/2026,23:45:11: Negative sampling...
09/04/2026,23:45:13: Model's personal time...
09/04/2026,23:45:13: Training...
09/04/2026,23:45:17: Evaluating...
09/04/2026,23:45:17: 	Train Loss: 789934.4375 (base: 106.5014, kd: 7898.2798), Elapsed: train 5.55 test 0.51 *
09/04/2026,23:45:17: 	Recall@10: 0.06781 Recall@20: 0.09814 NDCG@10: 0.04137 NDCG@20: 0.04964 
09/04/2026,23:45:17: 	Recall@10: 0.02539 Recall@20: 0.03838 NDCG@10: 0.01372 NDCG@20: 0.01731 
09/04/2026,23:45:17: Epoch [93/1000]
09/04/2026,23:45:17: Negative sampling...
09/04/2026,23:45:19: Model's personal time...
09/04/2026,23:45:19: Training...
09/04/2026,23:45:23: Evaluating...
09/04/2026,23:45:25: 	Train Loss: 789862.1250 (base: 107.0293, kd: 7897.5508), Elapsed: train 5.87 test 1.46
09/04/2026,23:45:25: 	Recall@10: 0.06784 Recall@20: 0.09788 NDCG@10: 0.04106 NDCG@20: 0.04926 
09/04/2026,23:45:25: 	Recall@10: 0.02570 Recall@20: 0.03825 NDCG@10: 0.01387 NDCG@20: 0.01734 
09/04/2026,23:45:25: Epoch [94/1000]
09/04/2026,23:45:25: Negative sampling...
09/04/2026,23:45:26: Model's personal time...
09/04/2026,23:45:27: Training...
09/04/2026,23:45:31: Evaluating...
09/04/2026,23:45:32: 	Train Loss: 789805.4375 (base: 103.7045, kd: 7897.0176), Elapsed: train 6.09 test 0.61
09/04/2026,23:45:32: 	Recall@10: 0.06803 Recall@20: 0.09693 NDCG@10: 0.04123 NDCG@20: 0.04912 
09/04/2026,23:45:32: 	Recall@10: 0.02554 Recall@20: 0.03878 NDCG@10: 0.01387 NDCG@20: 0.01753 
09/04/2026,23:45:32: Epoch [95/1000]
09/04/2026,23:45:32: Negative sampling...
09/04/2026,23:45:33: Model's personal time...
09/04/2026,23:45:33: Training...
09/04/2026,23:45:37: Evaluating...
09/04/2026,23:45:38: 	Train Loss: 789715.0000 (base: 104.5837, kd: 7896.1030), Elapsed: train 5.76 test 0.48
09/04/2026,23:45:38: 	Recall@10: 0.06788 Recall@20: 0.09844 NDCG@10: 0.04085 NDCG@20: 0.04918 
09/04/2026,23:45:38: 	Recall@10: 0.02544 Recall@20: 0.03854 NDCG@10: 0.01382 NDCG@20: 0.01742 
09/04/2026,23:45:38: Epoch [96/1000]
09/04/2026,23:45:38: Negative sampling...
09/04/2026,23:45:39: Model's personal time...
09/04/2026,23:45:40: Training...
09/04/2026,23:45:44: Evaluating...
09/04/2026,23:45:45: 	Train Loss: 789773.6875 (base: 100.8658, kd: 7896.7280), Elapsed: train 5.98 test 0.89
09/04/2026,23:45:45: 	Recall@10: 0.06735 Recall@20: 0.09757 NDCG@10: 0.04091 NDCG@20: 0.04918 
09/04/2026,23:45:45: 	Recall@10: 0.02559 Recall@20: 0.03932 NDCG@10: 0.01407 NDCG@20: 0.01787 
09/04/2026,23:45:45: Epoch [97/1000]
09/04/2026,23:45:45: Negative sampling...
09/04/2026,23:45:46: Model's personal time...
09/04/2026,23:45:46: Training...
09/04/2026,23:45:50: Evaluating...
09/04/2026,23:45:51: 	Train Loss: 789774.6875 (base: 101.9302, kd: 7896.7275), Elapsed: train 5.83 test 0.87
09/04/2026,23:45:51: 	Recall@10: 0.06722 Recall@20: 0.09818 NDCG@10: 0.04076 NDCG@20: 0.04921 
09/04/2026,23:45:51: 	Recall@10: 0.02564 Recall@20: 0.03923 NDCG@10: 0.01405 NDCG@20: 0.01774 
09/04/2026,23:45:51: Epoch [98/1000]
09/04/2026,23:45:51: Negative sampling...
09/04/2026,23:45:53: Model's personal time...
09/04/2026,23:45:53: Training...
09/04/2026,23:45:57: Evaluating...
09/04/2026,23:45:58: 	Train Loss: 789677.0625 (base: 100.0165, kd: 7895.7700), Elapsed: train 5.71 test 0.49
09/04/2026,23:45:58: 	Recall@10: 0.06848 Recall@20: 0.09879 NDCG@10: 0.04108 NDCG@20: 0.04930 
09/04/2026,23:45:58: 	Recall@10: 0.02540 Recall@20: 0.03897 NDCG@10: 0.01384 NDCG@20: 0.01759 
09/04/2026,23:45:58: Epoch [99/1000]
09/04/2026,23:45:58: Negative sampling...
09/04/2026,23:45:59: Model's personal time...
09/04/2026,23:46:00: Training...
09/04/2026,23:46:04: Evaluating...
09/04/2026,23:46:05: 	Train Loss: 789627.2500 (base: 101.2098, kd: 7895.2603), Elapsed: train 6.41 test 0.97
09/04/2026,23:46:05: 	Recall@10: 0.06787 Recall@20: 0.09880 NDCG@10: 0.04109 NDCG@20: 0.04953 
09/04/2026,23:46:05: 	Recall@10: 0.02612 Recall@20: 0.03961 NDCG@10: 0.01418 NDCG@20: 0.01791 
09/04/2026,23:46:05: Epoch [100/1000]
09/04/2026,23:46:05: Negative sampling...
09/04/2026,23:46:07: Model's personal time...
09/04/2026,23:46:07: Training...
09/04/2026,23:46:11: Evaluating...
09/04/2026,23:46:12: 	Train Loss: 789647.3125 (base: 100.0281, kd: 7895.4731), Elapsed: train 6.05 test 0.58
09/04/2026,23:46:12: 	Recall@10: 0.06848 Recall@20: 0.09856 NDCG@10: 0.04128 NDCG@20: 0.04950 
09/04/2026,23:46:12: 	Recall@10: 0.02638 Recall@20: 0.03981 NDCG@10: 0.01437 NDCG@20: 0.01806 
09/04/2026,23:46:12: Epoch [101/1000]
09/04/2026,23:46:12: Negative sampling...
09/04/2026,23:46:13: Model's personal time...
09/04/2026,23:46:13: Training...
09/04/2026,23:46:17: Evaluating...
09/04/2026,23:46:18: 	Train Loss: 789604.1250 (base: 99.6096, kd: 7895.0459), Elapsed: train 5.84 test 0.80
09/04/2026,23:46:18: 	Recall@10: 0.06872 Recall@20: 0.09881 NDCG@10: 0.04138 NDCG@20: 0.04959 
09/04/2026,23:46:18: 	Recall@10: 0.02691 Recall@20: 0.03986 NDCG@10: 0.01459 NDCG@20: 0.01813 
09/04/2026,23:46:18: Epoch [102/1000]
09/04/2026,23:46:18: Negative sampling...
09/04/2026,23:46:20: Model's personal time...
09/04/2026,23:46:20: Training...
09/04/2026,23:46:24: Evaluating...
09/04/2026,23:46:25: 	Train Loss: 789578.2500 (base: 95.4900, kd: 7894.8271), Elapsed: train 5.75 test 0.97
09/04/2026,23:46:25: 	Recall@10: 0.06823 Recall@20: 0.09881 NDCG@10: 0.04105 NDCG@20: 0.04940 
09/04/2026,23:46:25: 	Recall@10: 0.02658 Recall@20: 0.03906 NDCG@10: 0.01457 NDCG@20: 0.01796 
09/04/2026,23:46:25: Epoch [103/1000]
09/04/2026,23:46:25: Negative sampling...
09/04/2026,23:46:27: Model's personal time...
09/04/2026,23:46:27: Training...
09/04/2026,23:46:31: Evaluating...
09/04/2026,23:46:32: 	Train Loss: 789484.5625 (base: 97.0077, kd: 7893.8750), Elapsed: train 5.80 test 0.92
09/04/2026,23:46:32: 	Recall@10: 0.06784 Recall@20: 0.09885 NDCG@10: 0.04104 NDCG@20: 0.04961 
09/04/2026,23:46:32: 	Recall@10: 0.02711 Recall@20: 0.03961 NDCG@10: 0.01469 NDCG@20: 0.01811 
09/04/2026,23:46:32: Epoch [104/1000]
09/04/2026,23:46:32: Negative sampling...
09/04/2026,23:46:33: Model's personal time...
09/04/2026,23:46:33: Training...
09/04/2026,23:46:37: Evaluating...
09/04/2026,23:46:38: 	Train Loss: 789480.0000 (base: 95.1769, kd: 7893.8481), Elapsed: train 5.79 test 0.55 *
09/04/2026,23:46:38: 	Recall@10: 0.06820 Recall@20: 0.10001 NDCG@10: 0.04122 NDCG@20: 0.04988 
09/04/2026,23:46:38: 	Recall@10: 0.02653 Recall@20: 0.04004 NDCG@10: 0.01453 NDCG@20: 0.01818 
09/04/2026,23:46:38: Epoch [105/1000]
09/04/2026,23:46:38: Negative sampling...
09/04/2026,23:46:39: Model's personal time...
09/04/2026,23:46:40: Training...
09/04/2026,23:46:44: Evaluating...
09/04/2026,23:46:44: 	Train Loss: 789535.1875 (base: 97.0078, kd: 7894.3813), Elapsed: train 5.78 test 0.53 *
09/04/2026,23:46:44: 	Recall@10: 0.06747 Recall@20: 0.09966 NDCG@10: 0.04105 NDCG@20: 0.04991 
09/04/2026,23:46:44: 	Recall@10: 0.02608 Recall@20: 0.03967 NDCG@10: 0.01433 NDCG@20: 0.01801 
09/04/2026,23:46:44: Epoch [106/1000]
09/04/2026,23:46:44: Negative sampling...
09/04/2026,23:46:46: Model's personal time...
09/04/2026,23:46:46: Training...
09/04/2026,23:46:50: Evaluating...
09/04/2026,23:46:51: 	Train Loss: 789477.3750 (base: 93.9021, kd: 7893.8345), Elapsed: train 6.10 test 0.95
09/04/2026,23:46:51: 	Recall@10: 0.06813 Recall@20: 0.09873 NDCG@10: 0.04131 NDCG@20: 0.04964 
09/04/2026,23:46:51: 	Recall@10: 0.02636 Recall@20: 0.04004 NDCG@10: 0.01437 NDCG@20: 0.01807 
09/04/2026,23:46:51: Epoch [107/1000]
09/04/2026,23:46:51: Negative sampling...
09/04/2026,23:46:53: Model's personal time...
09/04/2026,23:46:53: Training...
09/04/2026,23:46:57: Evaluating...
09/04/2026,23:46:58: 	Train Loss: 789382.0000 (base: 94.2710, kd: 7892.8770), Elapsed: train 5.91 test 0.96
09/04/2026,23:46:58: 	Recall@10: 0.06806 Recall@20: 0.09998 NDCG@10: 0.04114 NDCG@20: 0.04986 
09/04/2026,23:46:58: 	Recall@10: 0.02673 Recall@20: 0.03961 NDCG@10: 0.01446 NDCG@20: 0.01799 
09/04/2026,23:46:58: Epoch [108/1000]
09/04/2026,23:46:58: Negative sampling...
09/04/2026,23:47:00: Model's personal time...
09/04/2026,23:47:00: Training...
09/04/2026,23:47:04: Evaluating...
09/04/2026,23:47:05: 	Train Loss: 789368.3125 (base: 95.6952, kd: 7892.7271), Elapsed: train 5.70 test 0.87 *
09/04/2026,23:47:05: 	Recall@10: 0.06780 Recall@20: 0.09908 NDCG@10: 0.04145 NDCG@20: 0.05003 
09/04/2026,23:47:05: 	Recall@10: 0.02661 Recall@20: 0.03984 NDCG@10: 0.01454 NDCG@20: 0.01817 
09/04/2026,23:47:05: Epoch [109/1000]
09/04/2026,23:47:05: Negative sampling...
09/04/2026,23:47:06: Model's personal time...
09/04/2026,23:47:06: Training...
09/04/2026,23:47:10: Evaluating...
09/04/2026,23:47:11: 	Train Loss: 789302.3750 (base: 93.1292, kd: 7892.0923), Elapsed: train 5.70 test 0.92 *
09/04/2026,23:47:11: 	Recall@10: 0.06745 Recall@20: 0.10026 NDCG@10: 0.04126 NDCG@20: 0.05030 
09/04/2026,23:47:11: 	Recall@10: 0.02648 Recall@20: 0.03968 NDCG@10: 0.01442 NDCG@20: 0.01804 
09/04/2026,23:47:11: Epoch [110/1000]
09/04/2026,23:47:11: Negative sampling...
09/04/2026,23:47:13: Model's personal time...
09/04/2026,23:47:13: Training...
09/04/2026,23:47:17: Evaluating...
09/04/2026,23:47:18: 	Train Loss: 789312.9375 (base: 91.6175, kd: 7892.2134), Elapsed: train 5.96 test 0.84
09/04/2026,23:47:18: 	Recall@10: 0.06837 Recall@20: 0.09954 NDCG@10: 0.04150 NDCG@20: 0.05005 
09/04/2026,23:47:18: 	Recall@10: 0.02639 Recall@20: 0.03999 NDCG@10: 0.01438 NDCG@20: 0.01811 
09/04/2026,23:47:18: Epoch [111/1000]
09/04/2026,23:47:18: Negative sampling...
09/04/2026,23:47:20: Model's personal time...
09/04/2026,23:47:20: Training...
09/04/2026,23:47:24: Evaluating...
09/04/2026,23:47:25: 	Train Loss: 789250.7500 (base: 93.9569, kd: 7891.5674), Elapsed: train 5.96 test 0.79
09/04/2026,23:47:25: 	Recall@10: 0.06807 Recall@20: 0.09989 NDCG@10: 0.04131 NDCG@20: 0.05006 
09/04/2026,23:47:25: 	Recall@10: 0.02691 Recall@20: 0.04014 NDCG@10: 0.01460 NDCG@20: 0.01818 
09/04/2026,23:47:25: Epoch [112/1000]
09/04/2026,23:47:25: Negative sampling...
09/04/2026,23:47:26: Model's personal time...
09/04/2026,23:47:27: Training...
09/04/2026,23:47:31: Evaluating...
09/04/2026,23:47:32: 	Train Loss: 789246.1250 (base: 90.3557, kd: 7891.5581), Elapsed: train 5.73 test 0.93
09/04/2026,23:47:32: 	Recall@10: 0.06773 Recall@20: 0.09974 NDCG@10: 0.04136 NDCG@20: 0.05020 
09/04/2026,23:47:32: 	Recall@10: 0.02720 Recall@20: 0.04089 NDCG@10: 0.01474 NDCG@20: 0.01845 
09/04/2026,23:47:32: Epoch [113/1000]
09/04/2026,23:47:32: Negative sampling...
09/04/2026,23:47:33: Model's personal time...
09/04/2026,23:47:33: Training...
09/04/2026,23:47:37: Evaluating...
09/04/2026,23:47:38: 	Train Loss: 789168.1250 (base: 89.7861, kd: 7890.7832), Elapsed: train 5.83 test 0.59
09/04/2026,23:47:38: 	Recall@10: 0.06823 Recall@20: 0.10011 NDCG@10: 0.04150 NDCG@20: 0.05021 
09/04/2026,23:47:38: 	Recall@10: 0.02711 Recall@20: 0.04002 NDCG@10: 0.01466 NDCG@20: 0.01818 
09/04/2026,23:47:38: Epoch [114/1000]
09/04/2026,23:47:38: Negative sampling...
09/04/2026,23:47:39: Model's personal time...
09/04/2026,23:47:40: Training...
09/04/2026,23:47:44: Evaluating...
09/04/2026,23:47:44: 	Train Loss: 789221.5625 (base: 92.6012, kd: 7891.2896), Elapsed: train 5.80 test 0.64
09/04/2026,23:47:44: 	Recall@10: 0.06851 Recall@20: 0.09895 NDCG@10: 0.04132 NDCG@20: 0.04969 
09/04/2026,23:47:44: 	Recall@10: 0.02702 Recall@20: 0.04065 NDCG@10: 0.01480 NDCG@20: 0.01852 
09/04/2026,23:47:44: Epoch [115/1000]
09/04/2026,23:47:44: Negative sampling...
09/04/2026,23:47:46: Model's personal time...
09/04/2026,23:47:46: Training...
09/04/2026,23:47:50: Evaluating...
09/04/2026,23:47:51: 	Train Loss: 789193.6250 (base: 88.4708, kd: 7891.0513), Elapsed: train 5.82 test 0.85
09/04/2026,23:47:51: 	Recall@10: 0.06953 Recall@20: 0.09952 NDCG@10: 0.04172 NDCG@20: 0.04993 
09/04/2026,23:47:51: 	Recall@10: 0.02710 Recall@20: 0.04096 NDCG@10: 0.01472 NDCG@20: 0.01849 
09/04/2026,23:47:51: Epoch [116/1000]
09/04/2026,23:47:51: Negative sampling...
09/04/2026,23:47:53: Model's personal time...
09/04/2026,23:47:53: Training...
09/04/2026,23:47:57: Evaluating...
09/04/2026,23:47:57: 	Train Loss: 789143.5625 (base: 90.2116, kd: 7890.5337), Elapsed: train 5.70 test 0.42
09/04/2026,23:47:57: 	Recall@10: 0.06889 Recall@20: 0.09977 NDCG@10: 0.04164 NDCG@20: 0.05010 
09/04/2026,23:47:57: 	Recall@10: 0.02777 Recall@20: 0.04152 NDCG@10: 0.01482 NDCG@20: 0.01856 
09/04/2026,23:47:57: Epoch [117/1000]
09/04/2026,23:47:57: Negative sampling...
09/04/2026,23:47:59: Model's personal time...
09/04/2026,23:47:59: Training...
09/04/2026,23:48:03: Evaluating...
09/04/2026,23:48:03: 	Train Loss: 789125.6875 (base: 87.2499, kd: 7890.3853), Elapsed: train 5.61 test 0.49
09/04/2026,23:48:03: 	Recall@10: 0.06889 Recall@20: 0.09977 NDCG@10: 0.04154 NDCG@20: 0.05008 
09/04/2026,23:48:03: 	Recall@10: 0.02690 Recall@20: 0.04152 NDCG@10: 0.01477 NDCG@20: 0.01878 
09/04/2026,23:48:03: Epoch [118/1000]
09/04/2026,23:48:03: Negative sampling...
09/04/2026,23:48:05: Model's personal time...
09/04/2026,23:48:05: Training...
09/04/2026,23:48:09: Evaluating...
09/04/2026,23:48:10: 	Train Loss: 789122.9375 (base: 87.6034, kd: 7890.3540), Elapsed: train 5.64 test 0.56
09/04/2026,23:48:10: 	Recall@10: 0.06902 Recall@20: 0.10018 NDCG@10: 0.04152 NDCG@20: 0.05014 
09/04/2026,23:48:10: 	Recall@10: 0.02735 Recall@20: 0.04163 NDCG@10: 0.01488 NDCG@20: 0.01871 
09/04/2026,23:48:10: Epoch [119/1000]
09/04/2026,23:48:10: Negative sampling...
09/04/2026,23:48:11: Model's personal time...
09/04/2026,23:48:11: Training...
09/04/2026,23:48:16: Evaluating...
09/04/2026,23:48:16: 	Train Loss: 789082.2500 (base: 87.9046, kd: 7889.9448), Elapsed: train 5.99 test 0.87
09/04/2026,23:48:16: 	Recall@10: 0.06903 Recall@20: 0.09918 NDCG@10: 0.04162 NDCG@20: 0.04999 
09/04/2026,23:48:16: 	Recall@10: 0.02678 Recall@20: 0.04231 NDCG@10: 0.01443 NDCG@20: 0.01862 
09/04/2026,23:48:16: Epoch [120/1000]
09/04/2026,23:48:16: Negative sampling...
09/04/2026,23:48:18: Model's personal time...
09/04/2026,23:48:18: Training...
09/04/2026,23:48:23: Evaluating...
09/04/2026,23:48:23: 	Train Loss: 789067.4375 (base: 87.6715, kd: 7889.7969), Elapsed: train 6.21 test 0.64
09/04/2026,23:48:23: 	Recall@10: 0.06881 Recall@20: 0.10029 NDCG@10: 0.04141 NDCG@20: 0.05012 
09/04/2026,23:48:23: 	Recall@10: 0.02710 Recall@20: 0.04113 NDCG@10: 0.01461 NDCG@20: 0.01844 
09/04/2026,23:48:23: Epoch [121/1000]
09/04/2026,23:48:23: Negative sampling...
09/04/2026,23:48:25: Model's personal time...
09/04/2026,23:48:25: Training...
09/04/2026,23:48:29: Evaluating...
09/04/2026,23:48:30: 	Train Loss: 789055.3125 (base: 86.5536, kd: 7889.6875), Elapsed: train 6.01 test 0.51 *
09/04/2026,23:48:30: 	Recall@10: 0.06853 Recall@20: 0.10015 NDCG@10: 0.04162 NDCG@20: 0.05039 
09/04/2026,23:48:30: 	Recall@10: 0.02620 Recall@20: 0.04195 NDCG@10: 0.01444 NDCG@20: 0.01870 
09/04/2026,23:48:30: Epoch [122/1000]
09/04/2026,23:48:30: Negative sampling...
09/04/2026,23:48:31: Model's personal time...
09/04/2026,23:48:32: Training...
09/04/2026,23:48:36: Evaluating...
09/04/2026,23:48:37: 	Train Loss: 788977.9375 (base: 87.5310, kd: 7888.9043), Elapsed: train 6.06 test 0.94 *
09/04/2026,23:48:37: 	Recall@10: 0.06937 Recall@20: 0.10109 NDCG@10: 0.04169 NDCG@20: 0.05044 
09/04/2026,23:48:37: 	Recall@10: 0.02715 Recall@20: 0.04185 NDCG@10: 0.01465 NDCG@20: 0.01864 
09/04/2026,23:48:37: Epoch [123/1000]
09/04/2026,23:48:37: Negative sampling...
09/04/2026,23:48:38: Model's personal time...
09/04/2026,23:48:38: Training...
09/04/2026,23:48:42: Evaluating...
09/04/2026,23:48:44: 	Train Loss: 788992.6250 (base: 86.4154, kd: 7889.0625), Elapsed: train 5.66 test 1.24
09/04/2026,23:48:44: 	Recall@10: 0.06948 Recall@20: 0.10006 NDCG@10: 0.04170 NDCG@20: 0.05015 
09/04/2026,23:48:44: 	Recall@10: 0.02703 Recall@20: 0.04232 NDCG@10: 0.01477 NDCG@20: 0.01887 
09/04/2026,23:48:44: Epoch [124/1000]
09/04/2026,23:48:44: Negative sampling...
09/04/2026,23:48:45: Model's personal time...
09/04/2026,23:48:46: Training...
09/04/2026,23:48:50: Evaluating...
09/04/2026,23:48:50: 	Train Loss: 788954.0000 (base: 85.1560, kd: 7888.6885), Elapsed: train 6.03 test 0.62 *
09/04/2026,23:48:50: 	Recall@10: 0.06978 Recall@20: 0.10168 NDCG@10: 0.04199 NDCG@20: 0.05077 
09/04/2026,23:48:50: 	Recall@10: 0.02727 Recall@20: 0.04171 NDCG@10: 0.01480 NDCG@20: 0.01872 
09/04/2026,23:48:50: Epoch [125/1000]
09/04/2026,23:48:50: Negative sampling...
09/04/2026,23:48:52: Model's personal time...
09/04/2026,23:48:52: Training...
09/04/2026,23:48:56: Evaluating...
09/04/2026,23:48:57: 	Train Loss: 788917.5625 (base: 84.5498, kd: 7888.3296), Elapsed: train 6.16 test 0.57
09/04/2026,23:48:57: 	Recall@10: 0.06916 Recall@20: 0.10034 NDCG@10: 0.04177 NDCG@20: 0.05041 
09/04/2026,23:48:57: 	Recall@10: 0.02634 Recall@20: 0.04125 NDCG@10: 0.01444 NDCG@20: 0.01848 
09/04/2026,23:48:57: Epoch [126/1000]
09/04/2026,23:48:57: Negative sampling...
09/04/2026,23:48:59: Model's personal time...
09/04/2026,23:48:59: Training...
09/04/2026,23:49:03: Evaluating...
09/04/2026,23:49:04: 	Train Loss: 788968.8750 (base: 83.8676, kd: 7888.8501), Elapsed: train 5.94 test 0.55
09/04/2026,23:49:04: 	Recall@10: 0.06948 Recall@20: 0.10052 NDCG@10: 0.04181 NDCG@20: 0.05049 
09/04/2026,23:49:04: 	Recall@10: 0.02670 Recall@20: 0.04161 NDCG@10: 0.01470 NDCG@20: 0.01876 
09/04/2026,23:49:04: Epoch [127/1000]
09/04/2026,23:49:04: Negative sampling...
09/04/2026,23:49:05: Model's personal time...
09/04/2026,23:49:06: Training...
09/04/2026,23:49:10: Evaluating...
09/04/2026,23:49:10: 	Train Loss: 788917.0625 (base: 82.8274, kd: 7888.3423), Elapsed: train 6.08 test 0.88
09/04/2026,23:49:10: 	Recall@10: 0.06981 Recall@20: 0.10051 NDCG@10: 0.04183 NDCG@20: 0.05039 
09/04/2026,23:49:10: 	Recall@10: 0.02706 Recall@20: 0.04209 NDCG@10: 0.01471 NDCG@20: 0.01875 
09/04/2026,23:49:10: Epoch [128/1000]
09/04/2026,23:49:10: Negative sampling...
09/04/2026,23:49:12: Model's personal time...
09/04/2026,23:49:12: Training...
09/04/2026,23:49:16: Evaluating...
09/04/2026,23:49:16: 	Train Loss: 788906.9375 (base: 82.9311, kd: 7888.2402), Elapsed: train 5.43 test 0.51
09/04/2026,23:49:16: 	Recall@10: 0.06956 Recall@20: 0.10130 NDCG@10: 0.04186 NDCG@20: 0.05069 
09/04/2026,23:49:16: 	Recall@10: 0.02692 Recall@20: 0.04232 NDCG@10: 0.01463 NDCG@20: 0.01881 
09/04/2026,23:49:16: Epoch [129/1000]
09/04/2026,23:49:16: Negative sampling...
09/04/2026,23:49:18: Model's personal time...
09/04/2026,23:49:18: Training...
09/04/2026,23:49:22: Evaluating...
09/04/2026,23:49:23: 	Train Loss: 788864.3750 (base: 85.2375, kd: 7887.7920), Elapsed: train 5.68 test 1.19 *
09/04/2026,23:49:23: 	Recall@10: 0.07002 Recall@20: 0.10233 NDCG@10: 0.04198 NDCG@20: 0.05094 
09/04/2026,23:49:23: 	Recall@10: 0.02685 Recall@20: 0.04222 NDCG@10: 0.01477 NDCG@20: 0.01891 
09/04/2026,23:49:23: Epoch [130/1000]
09/04/2026,23:49:23: Negative sampling...
09/04/2026,23:49:25: Model's personal time...
09/04/2026,23:49:25: Training...
09/04/2026,23:49:29: Evaluating...
09/04/2026,23:49:30: 	Train Loss: 788805.6875 (base: 81.2297, kd: 7887.2456), Elapsed: train 6.02 test 0.90 *
09/04/2026,23:49:30: 	Recall@10: 0.07052 Recall@20: 0.10153 NDCG@10: 0.04230 NDCG@20: 0.05095 
09/04/2026,23:49:30: 	Recall@10: 0.02613 Recall@20: 0.04266 NDCG@10: 0.01436 NDCG@20: 0.01884 
09/04/2026,23:49:30: Epoch [131/1000]
09/04/2026,23:49:30: Negative sampling...
09/04/2026,23:49:32: Model's personal time...
09/04/2026,23:49:32: Training...
09/04/2026,23:49:36: Evaluating...
09/04/2026,23:49:37: 	Train Loss: 788830.1250 (base: 84.3664, kd: 7887.4575), Elapsed: train 5.80 test 0.88 *
09/04/2026,23:49:37: 	Recall@10: 0.06986 Recall@20: 0.10160 NDCG@10: 0.04213 NDCG@20: 0.05095 
09/04/2026,23:49:37: 	Recall@10: 0.02651 Recall@20: 0.04229 NDCG@10: 0.01445 NDCG@20: 0.01870 
09/04/2026,23:49:37: Epoch [132/1000]
09/04/2026,23:49:37: Negative sampling...
09/04/2026,23:49:38: Model's personal time...
09/04/2026,23:49:39: Training...
09/04/2026,23:49:43: Evaluating...
09/04/2026,23:49:44: 	Train Loss: 788815.0000 (base: 78.9532, kd: 7887.3608), Elapsed: train 5.85 test 0.88 *
09/04/2026,23:49:44: 	Recall@10: 0.07023 Recall@20: 0.10193 NDCG@10: 0.04234 NDCG@20: 0.05111 
09/04/2026,23:49:44: 	Recall@10: 0.02635 Recall@20: 0.04298 NDCG@10: 0.01454 NDCG@20: 0.01906 
09/04/2026,23:49:44: Epoch [133/1000]
09/04/2026,23:49:44: Negative sampling...
09/04/2026,23:49:45: Model's personal time...
09/04/2026,23:49:45: Training...
09/04/2026,23:49:50: Evaluating...
09/04/2026,23:49:50: 	Train Loss: 788744.3750 (base: 81.3427, kd: 7886.6304), Elapsed: train 5.87 test 0.99
09/04/2026,23:49:50: 	Recall@10: 0.07013 Recall@20: 0.10230 NDCG@10: 0.04218 NDCG@20: 0.05107 
09/04/2026,23:49:50: 	Recall@10: 0.02771 Recall@20: 0.04294 NDCG@10: 0.01484 NDCG@20: 0.01895 
09/04/2026,23:49:50: Epoch [134/1000]
09/04/2026,23:49:50: Negative sampling...
09/04/2026,23:49:52: Model's personal time...
09/04/2026,23:49:52: Training...
09/04/2026,23:49:56: Evaluating...
09/04/2026,23:49:57: 	Train Loss: 788767.5625 (base: 83.8046, kd: 7886.8379), Elapsed: train 5.89 test 0.52
09/04/2026,23:49:57: 	Recall@10: 0.07064 Recall@20: 0.10159 NDCG@10: 0.04253 NDCG@20: 0.05107 
09/04/2026,23:49:57: 	Recall@10: 0.02690 Recall@20: 0.04275 NDCG@10: 0.01462 NDCG@20: 0.01888 
09/04/2026,23:49:57: Epoch [135/1000]
09/04/2026,23:49:57: Negative sampling...
09/04/2026,23:49:59: Model's personal time...
09/04/2026,23:49:59: Training...
09/04/2026,23:50:03: Evaluating...
09/04/2026,23:50:03: 	Train Loss: 788796.0000 (base: 80.1786, kd: 7887.1582), Elapsed: train 6.02 test 0.53
09/04/2026,23:50:03: 	Recall@10: 0.07073 Recall@20: 0.10127 NDCG@10: 0.04246 NDCG@20: 0.05099 
09/04/2026,23:50:03: 	Recall@10: 0.02738 Recall@20: 0.04223 NDCG@10: 0.01495 NDCG@20: 0.01896 
09/04/2026,23:50:03: Epoch [136/1000]
09/04/2026,23:50:03: Negative sampling...
09/04/2026,23:50:05: Model's personal time...
09/04/2026,23:50:05: Training...
09/04/2026,23:50:09: Evaluating...
09/04/2026,23:50:10: 	Train Loss: 788694.8125 (base: 78.3210, kd: 7886.1655), Elapsed: train 5.86 test 0.47
09/04/2026,23:50:10: 	Recall@10: 0.07067 Recall@20: 0.10150 NDCG@10: 0.04242 NDCG@20: 0.05089 
09/04/2026,23:50:10: 	Recall@10: 0.02705 Recall@20: 0.04239 NDCG@10: 0.01470 NDCG@20: 0.01886 
09/04/2026,23:50:10: Epoch [137/1000]
09/04/2026,23:50:10: Negative sampling...
09/04/2026,23:50:11: Model's personal time...
09/04/2026,23:50:11: Training...
09/04/2026,23:50:15: Evaluating...
09/04/2026,23:50:16: 	Train Loss: 788690.6875 (base: 76.2506, kd: 7886.1440), Elapsed: train 5.69 test 0.55
09/04/2026,23:50:16: 	Recall@10: 0.07129 Recall@20: 0.10170 NDCG@10: 0.04260 NDCG@20: 0.05102 
09/04/2026,23:50:16: 	Recall@10: 0.02766 Recall@20: 0.04289 NDCG@10: 0.01500 NDCG@20: 0.01913 
09/04/2026,23:50:16: Epoch [138/1000]
09/04/2026,23:50:16: Negative sampling...
09/04/2026,23:50:17: Model's personal time...
09/04/2026,23:50:18: Training...
09/04/2026,23:50:22: Evaluating...
09/04/2026,23:50:23: 	Train Loss: 788678.0000 (base: 80.7586, kd: 7885.9731), Elapsed: train 5.68 test 0.79
09/04/2026,23:50:23: 	Recall@10: 0.07107 Recall@20: 0.10164 NDCG@10: 0.04222 NDCG@20: 0.05070 
09/04/2026,23:50:23: 	Recall@10: 0.02829 Recall@20: 0.04299 NDCG@10: 0.01509 NDCG@20: 0.01904 
09/04/2026,23:50:23: Epoch [139/1000]
09/04/2026,23:50:23: Negative sampling...
09/04/2026,23:50:24: Model's personal time...
09/04/2026,23:50:25: Training...
09/04/2026,23:50:29: Evaluating...
09/04/2026,23:50:30: 	Train Loss: 788702.4375 (base: 82.2916, kd: 7886.2012), Elapsed: train 6.31 test 0.78
09/04/2026,23:50:30: 	Recall@10: 0.07087 Recall@20: 0.10181 NDCG@10: 0.04227 NDCG@20: 0.05082 
09/04/2026,23:50:30: 	Recall@10: 0.02813 Recall@20: 0.04339 NDCG@10: 0.01521 NDCG@20: 0.01930 
09/04/2026,23:50:30: Epoch [140/1000]
09/04/2026,23:50:30: Negative sampling...
09/04/2026,23:50:31: Model's personal time...
09/04/2026,23:50:31: Training...
09/04/2026,23:50:35: Evaluating...
09/04/2026,23:50:36: 	Train Loss: 788659.7500 (base: 81.4972, kd: 7885.7832), Elapsed: train 5.73 test 0.90
09/04/2026,23:50:36: 	Recall@10: 0.07028 Recall@20: 0.10137 NDCG@10: 0.04213 NDCG@20: 0.05070 
09/04/2026,23:50:36: 	Recall@10: 0.02746 Recall@20: 0.04180 NDCG@10: 0.01499 NDCG@20: 0.01890 
09/04/2026,23:50:36: Epoch [141/1000]
09/04/2026,23:50:36: Negative sampling...
09/04/2026,23:50:38: Model's personal time...
09/04/2026,23:50:38: Training...
09/04/2026,23:50:42: Evaluating...
09/04/2026,23:50:43: 	Train Loss: 788620.6250 (base: 78.2343, kd: 7885.4238), Elapsed: train 5.70 test 1.35 *
09/04/2026,23:50:43: 	Recall@10: 0.07007 Recall@20: 0.10227 NDCG@10: 0.04227 NDCG@20: 0.05118 
09/04/2026,23:50:43: 	Recall@10: 0.02834 Recall@20: 0.04275 NDCG@10: 0.01513 NDCG@20: 0.01904 
09/04/2026,23:50:43: Epoch [142/1000]
09/04/2026,23:50:43: Negative sampling...
09/04/2026,23:50:45: Model's personal time...
09/04/2026,23:50:45: Training...
09/04/2026,23:50:49: Evaluating...
09/04/2026,23:50:50: 	Train Loss: 788655.3125 (base: 77.7032, kd: 7885.7759), Elapsed: train 6.08 test 0.56
09/04/2026,23:50:50: 	Recall@10: 0.07097 Recall@20: 0.10200 NDCG@10: 0.04236 NDCG@20: 0.05096 
09/04/2026,23:50:50: 	Recall@10: 0.02781 Recall@20: 0.04208 NDCG@10: 0.01499 NDCG@20: 0.01888 
09/04/2026,23:50:50: Epoch [143/1000]
09/04/2026,23:50:50: Negative sampling...
09/04/2026,23:50:51: Model's personal time...
09/04/2026,23:50:52: Training...
09/04/2026,23:50:56: Evaluating...
09/04/2026,23:50:57: 	Train Loss: 788574.8125 (base: 79.2585, kd: 7884.9561), Elapsed: train 6.02 test 0.99 *
09/04/2026,23:50:57: 	Recall@10: 0.07100 Recall@20: 0.10264 NDCG@10: 0.04261 NDCG@20: 0.05137 
09/04/2026,23:50:57: 	Recall@10: 0.02764 Recall@20: 0.04355 NDCG@10: 0.01505 NDCG@20: 0.01935 
09/04/2026,23:50:57: Epoch [144/1000]
09/04/2026,23:50:57: Negative sampling...
09/04/2026,23:50:58: Model's personal time...
09/04/2026,23:50:59: Training...
09/04/2026,23:51:03: Evaluating...
09/04/2026,23:51:04: 	Train Loss: 788598.0000 (base: 81.9172, kd: 7885.1616), Elapsed: train 6.18 test 0.43
09/04/2026,23:51:04: 	Recall@10: 0.07001 Recall@20: 0.10207 NDCG@10: 0.04196 NDCG@20: 0.05089 
09/04/2026,23:51:04: 	Recall@10: 0.02736 Recall@20: 0.04270 NDCG@10: 0.01514 NDCG@20: 0.01930 
09/04/2026,23:51:04: Epoch [145/1000]
09/04/2026,23:51:04: Negative sampling...
09/04/2026,23:51:05: Model's personal time...
09/04/2026,23:51:05: Training...
09/04/2026,23:51:09: Evaluating...
09/04/2026,23:51:10: 	Train Loss: 788658.8125 (base: 80.3551, kd: 7885.7842), Elapsed: train 5.53 test 0.54
09/04/2026,23:51:10: 	Recall@10: 0.07124 Recall@20: 0.10214 NDCG@10: 0.04263 NDCG@20: 0.05119 
09/04/2026,23:51:10: 	Recall@10: 0.02739 Recall@20: 0.04381 NDCG@10: 0.01524 NDCG@20: 0.01970 
09/04/2026,23:51:10: Epoch [146/1000]
09/04/2026,23:51:10: Negative sampling...
09/04/2026,23:51:11: Model's personal time...
09/04/2026,23:51:12: Training...
09/04/2026,23:51:16: Evaluating...
09/04/2026,23:51:16: 	Train Loss: 788615.5000 (base: 79.5963, kd: 7885.3594), Elapsed: train 6.29 test 0.51
09/04/2026,23:51:16: 	Recall@10: 0.07059 Recall@20: 0.10199 NDCG@10: 0.04229 NDCG@20: 0.05091 
09/04/2026,23:51:16: 	Recall@10: 0.02795 Recall@20: 0.04301 NDCG@10: 0.01531 NDCG@20: 0.01940 
09/04/2026,23:51:16: Epoch [147/1000]
09/04/2026,23:51:16: Negative sampling...
09/04/2026,23:51:18: Model's personal time...
09/04/2026,23:51:18: Training...
09/04/2026,23:51:22: Evaluating...
09/04/2026,23:51:23: 	Train Loss: 788554.2500 (base: 78.0448, kd: 7884.7617), Elapsed: train 5.62 test 0.48 *
09/04/2026,23:51:23: 	Recall@10: 0.07063 Recall@20: 0.10295 NDCG@10: 0.04255 NDCG@20: 0.05151 
09/04/2026,23:51:23: 	Recall@10: 0.02746 Recall@20: 0.04376 NDCG@10: 0.01525 NDCG@20: 0.01964 
09/04/2026,23:51:23: Epoch [148/1000]
09/04/2026,23:51:23: Negative sampling...
09/04/2026,23:51:24: Model's personal time...
09/04/2026,23:51:24: Training...
09/04/2026,23:51:28: Evaluating...
09/04/2026,23:51:29: 	Train Loss: 788541.5625 (base: 80.4027, kd: 7884.6123), Elapsed: train 5.64 test 1.17
09/04/2026,23:51:29: 	Recall@10: 0.07149 Recall@20: 0.10214 NDCG@10: 0.04275 NDCG@20: 0.05126 
09/04/2026,23:51:29: 	Recall@10: 0.02761 Recall@20: 0.04258 NDCG@10: 0.01517 NDCG@20: 0.01922 
09/04/2026,23:51:29: Epoch [149/1000]
09/04/2026,23:51:29: Negative sampling...
09/04/2026,23:51:31: Model's personal time...
09/04/2026,23:51:31: Training...
09/04/2026,23:51:35: Evaluating...
09/04/2026,23:51:36: 	Train Loss: 788506.6875 (base: 80.3111, kd: 7884.2637), Elapsed: train 5.98 test 0.45
09/04/2026,23:51:36: 	Recall@10: 0.07146 Recall@20: 0.10250 NDCG@10: 0.04279 NDCG@20: 0.05129 
09/04/2026,23:51:36: 	Recall@10: 0.02729 Recall@20: 0.04302 NDCG@10: 0.01526 NDCG@20: 0.01951 
09/04/2026,23:51:36: Epoch [150/1000]
09/04/2026,23:51:36: Negative sampling...
09/04/2026,23:51:37: Model's personal time...
09/04/2026,23:51:37: Training...
09/04/2026,23:51:41: Evaluating...
09/04/2026,23:51:42: 	Train Loss: 788546.5000 (base: 77.0226, kd: 7884.6948), Elapsed: train 5.72 test 0.95
09/04/2026,23:51:42: 	Recall@10: 0.07188 Recall@20: 0.10224 NDCG@10: 0.04299 NDCG@20: 0.05142 
09/04/2026,23:51:42: 	Recall@10: 0.02809 Recall@20: 0.04254 NDCG@10: 0.01531 NDCG@20: 0.01924 
09/04/2026,23:51:42: Epoch [151/1000]
09/04/2026,23:51:42: Negative sampling...
09/04/2026,23:51:44: Model's personal time...
09/04/2026,23:51:44: Training...
09/04/2026,23:51:48: Evaluating...
09/04/2026,23:51:49: 	Train Loss: 788526.6250 (base: 79.4215, kd: 7884.4717), Elapsed: train 5.80 test 0.98
09/04/2026,23:51:49: 	Recall@10: 0.07180 Recall@20: 0.10125 NDCG@10: 0.04305 NDCG@20: 0.05122 
09/04/2026,23:51:49: 	Recall@10: 0.02726 Recall@20: 0.04266 NDCG@10: 0.01516 NDCG@20: 0.01935 
09/04/2026,23:51:49: Epoch [152/1000]
09/04/2026,23:51:49: Negative sampling...
09/04/2026,23:51:51: Model's personal time...
09/04/2026,23:51:51: Training...
09/04/2026,23:51:55: Evaluating...
09/04/2026,23:51:56: 	Train Loss: 788488.6250 (base: 78.8050, kd: 7884.0981), Elapsed: train 5.88 test 0.62
09/04/2026,23:51:56: 	Recall@10: 0.07192 Recall@20: 0.10171 NDCG@10: 0.04307 NDCG@20: 0.05130 
09/04/2026,23:51:56: 	Recall@10: 0.02761 Recall@20: 0.04267 NDCG@10: 0.01539 NDCG@20: 0.01947 
09/04/2026,23:51:56: Epoch [153/1000]
09/04/2026,23:51:56: Negative sampling...
09/04/2026,23:51:57: Model's personal time...
09/04/2026,23:51:57: Training...
09/04/2026,23:52:02: Evaluating...
09/04/2026,23:52:02: 	Train Loss: 788487.6875 (base: 73.2096, kd: 7884.1440), Elapsed: train 5.85 test 0.51
09/04/2026,23:52:02: 	Recall@10: 0.07163 Recall@20: 0.10065 NDCG@10: 0.04286 NDCG@20: 0.05097 
09/04/2026,23:52:02: 	Recall@10: 0.02755 Recall@20: 0.04312 NDCG@10: 0.01533 NDCG@20: 0.01954 
09/04/2026,23:52:02: Epoch [154/1000]
09/04/2026,23:52:02: Negative sampling...
09/04/2026,23:52:04: Model's personal time...
09/04/2026,23:52:04: Training...
09/04/2026,23:52:08: Evaluating...
09/04/2026,23:52:09: 	Train Loss: 788488.0000 (base: 78.3504, kd: 7884.0962), Elapsed: train 5.88 test 0.90
09/04/2026,23:52:09: 	Recall@10: 0.07148 Recall@20: 0.10031 NDCG@10: 0.04286 NDCG@20: 0.05090 
09/04/2026,23:52:09: 	Recall@10: 0.02765 Recall@20: 0.04205 NDCG@10: 0.01525 NDCG@20: 0.01916 
09/04/2026,23:52:09: Epoch [155/1000]
09/04/2026,23:52:09: Negative sampling...
09/04/2026,23:52:10: Model's personal time...
09/04/2026,23:52:11: Training...
09/04/2026,23:52:15: Evaluating...
09/04/2026,23:52:16: 	Train Loss: 788447.1875 (base: 74.8644, kd: 7883.7231), Elapsed: train 6.15 test 0.87
09/04/2026,23:52:16: 	Recall@10: 0.07118 Recall@20: 0.10160 NDCG@10: 0.04292 NDCG@20: 0.05132 
09/04/2026,23:52:16: 	Recall@10: 0.02717 Recall@20: 0.04259 NDCG@10: 0.01530 NDCG@20: 0.01950 
09/04/2026,23:52:16: Epoch [156/1000]
09/04/2026,23:52:16: Negative sampling...
09/04/2026,23:52:17: Model's personal time...
09/04/2026,23:52:17: Training...
09/04/2026,23:52:22: Evaluating...
09/04/2026,23:52:22: 	Train Loss: 788470.6875 (base: 75.4470, kd: 7883.9512), Elapsed: train 5.68 test 0.54 *
09/04/2026,23:52:22: 	Recall@10: 0.07148 Recall@20: 0.10184 NDCG@10: 0.04315 NDCG@20: 0.05152 
09/04/2026,23:52:22: 	Recall@10: 0.02751 Recall@20: 0.04239 NDCG@10: 0.01520 NDCG@20: 0.01927 
09/04/2026,23:52:22: Epoch [157/1000]
09/04/2026,23:52:22: Negative sampling...
09/04/2026,23:52:24: Model's personal time...
09/04/2026,23:52:24: Training...
09/04/2026,23:52:28: Evaluating...
09/04/2026,23:52:28: 	Train Loss: 788410.7500 (base: 75.5218, kd: 7883.3525), Elapsed: train 5.74 test 0.58
09/04/2026,23:52:28: 	Recall@10: 0.07115 Recall@20: 0.10197 NDCG@10: 0.04289 NDCG@20: 0.05144 
09/04/2026,23:52:28: 	Recall@10: 0.02792 Recall@20: 0.04310 NDCG@10: 0.01555 NDCG@20: 0.01966 
09/04/2026,23:52:28: Epoch [158/1000]
09/04/2026,23:52:28: Negative sampling...
09/04/2026,23:52:30: Model's personal time...
09/04/2026,23:52:30: Training...
09/04/2026,23:52:34: Evaluating...
09/04/2026,23:52:35: 	Train Loss: 788436.5625 (base: 74.9882, kd: 7883.6157), Elapsed: train 5.77 test 0.57 *
09/04/2026,23:52:35: 	Recall@10: 0.07147 Recall@20: 0.10184 NDCG@10: 0.04317 NDCG@20: 0.05161 
09/04/2026,23:52:35: 	Recall@10: 0.02743 Recall@20: 0.04255 NDCG@10: 0.01544 NDCG@20: 0.01957 
09/04/2026,23:52:35: Epoch [159/1000]
09/04/2026,23:52:35: Negative sampling...
09/04/2026,23:52:36: Model's personal time...
09/04/2026,23:52:36: Training...
09/04/2026,23:52:40: Evaluating...
09/04/2026,23:52:41: 	Train Loss: 788378.4375 (base: 75.8643, kd: 7883.0254), Elapsed: train 5.66 test 0.54
09/04/2026,23:52:41: 	Recall@10: 0.07020 Recall@20: 0.10205 NDCG@10: 0.04239 NDCG@20: 0.05125 
09/04/2026,23:52:41: 	Recall@10: 0.02734 Recall@20: 0.04273 NDCG@10: 0.01530 NDCG@20: 0.01949 
09/04/2026,23:52:41: Epoch [160/1000]
09/04/2026,23:52:41: Negative sampling...
09/04/2026,23:52:42: Model's personal time...
09/04/2026,23:52:43: Training...
09/04/2026,23:52:47: Evaluating...
09/04/2026,23:52:48: 	Train Loss: 788373.3125 (base: 72.6528, kd: 7883.0063), Elapsed: train 5.61 test 0.90
09/04/2026,23:52:48: 	Recall@10: 0.07117 Recall@20: 0.10170 NDCG@10: 0.04293 NDCG@20: 0.05142 
09/04/2026,23:52:48: 	Recall@10: 0.02726 Recall@20: 0.04295 NDCG@10: 0.01520 NDCG@20: 0.01950 
09/04/2026,23:52:48: Epoch [161/1000]
09/04/2026,23:52:48: Negative sampling...
09/04/2026,23:52:49: Model's personal time...
09/04/2026,23:52:49: Training...
09/04/2026,23:52:53: Evaluating...
09/04/2026,23:52:54: 	Train Loss: 788400.8125 (base: 76.5570, kd: 7883.2437), Elapsed: train 5.63 test 0.99
09/04/2026,23:52:54: 	Recall@10: 0.07072 Recall@20: 0.10208 NDCG@10: 0.04277 NDCG@20: 0.05148 
09/04/2026,23:52:54: 	Recall@10: 0.02738 Recall@20: 0.04254 NDCG@10: 0.01545 NDCG@20: 0.01955 
09/04/2026,23:52:54: Epoch [162/1000]
09/04/2026,23:52:54: Negative sampling...
09/04/2026,23:52:56: Model's personal time...
09/04/2026,23:52:56: Training...
09/04/2026,23:53:00: Evaluating...
09/04/2026,23:53:01: 	Train Loss: 788377.4375 (base: 76.3892, kd: 7883.0112), Elapsed: train 5.76 test 0.79
09/04/2026,23:53:01: 	Recall@10: 0.07044 Recall@20: 0.10191 NDCG@10: 0.04253 NDCG@20: 0.05126 
09/04/2026,23:53:01: 	Recall@10: 0.02724 Recall@20: 0.04277 NDCG@10: 0.01522 NDCG@20: 0.01944 
09/04/2026,23:53:01: Epoch [163/1000]
09/04/2026,23:53:01: Negative sampling...
09/04/2026,23:53:02: Model's personal time...
09/04/2026,23:53:02: Training...
09/04/2026,23:53:06: Evaluating...
09/04/2026,23:53:07: 	Train Loss: 788429.0625 (base: 75.5918, kd: 7883.5342), Elapsed: train 5.61 test 0.91
09/04/2026,23:53:07: 	Recall@10: 0.07113 Recall@20: 0.10176 NDCG@10: 0.04282 NDCG@20: 0.05139 
09/04/2026,23:53:07: 	Recall@10: 0.02730 Recall@20: 0.04251 NDCG@10: 0.01516 NDCG@20: 0.01930 
09/04/2026,23:53:07: Epoch [164/1000]
09/04/2026,23:53:07: Negative sampling...
09/04/2026,23:53:09: Model's personal time...
09/04/2026,23:53:09: Training...
09/04/2026,23:53:13: Evaluating...
09/04/2026,23:53:13: 	Train Loss: 788301.1250 (base: 72.2772, kd: 7882.2886), Elapsed: train 5.70 test 0.43
09/04/2026,23:53:13: 	Recall@10: 0.07141 Recall@20: 0.10177 NDCG@10: 0.04305 NDCG@20: 0.05156 
09/04/2026,23:53:13: 	Recall@10: 0.02724 Recall@20: 0.04225 NDCG@10: 0.01516 NDCG@20: 0.01926 
09/04/2026,23:53:13: Epoch [165/1000]
09/04/2026,23:53:13: Negative sampling...
09/04/2026,23:53:15: Model's personal time...
09/04/2026,23:53:15: Training...
09/04/2026,23:53:19: Evaluating...
09/04/2026,23:53:19: 	Train Loss: 788336.3125 (base: 72.6874, kd: 7882.6357), Elapsed: train 5.28 test 0.43
09/04/2026,23:53:19: 	Recall@10: 0.07113 Recall@20: 0.10160 NDCG@10: 0.04273 NDCG@20: 0.05124 
09/04/2026,23:53:19: 	Recall@10: 0.02762 Recall@20: 0.04269 NDCG@10: 0.01524 NDCG@20: 0.01935 
09/04/2026,23:53:19: Epoch [166/1000]
09/04/2026,23:53:19: Negative sampling...
09/04/2026,23:53:20: Model's personal time...
09/04/2026,23:53:21: Training...
09/04/2026,23:53:24: Evaluating...
09/04/2026,23:53:25: 	Train Loss: 788313.9375 (base: 73.7429, kd: 7882.4028), Elapsed: train 5.32 test 0.46
09/04/2026,23:53:25: 	Recall@10: 0.07121 Recall@20: 0.10175 NDCG@10: 0.04310 NDCG@20: 0.05161 
09/04/2026,23:53:25: 	Recall@10: 0.02770 Recall@20: 0.04282 NDCG@10: 0.01531 NDCG@20: 0.01942 
09/04/2026,23:53:25: Epoch [167/1000]
09/04/2026,23:53:25: Negative sampling...
09/04/2026,23:53:26: Model's personal time...
09/04/2026,23:53:26: Training...
09/04/2026,23:53:30: Evaluating...
09/04/2026,23:53:31: 	Train Loss: 788345.3750 (base: 75.7510, kd: 7882.6963), Elapsed: train 5.33 test 0.43
09/04/2026,23:53:31: 	Recall@10: 0.07068 Recall@20: 0.10287 NDCG@10: 0.04258 NDCG@20: 0.05148 
09/04/2026,23:53:31: 	Recall@10: 0.02721 Recall@20: 0.04286 NDCG@10: 0.01519 NDCG@20: 0.01945 
09/04/2026,23:53:31: Epoch [168/1000]
09/04/2026,23:53:31: Negative sampling...
09/04/2026,23:53:32: Model's personal time...
09/04/2026,23:53:32: Training...
09/04/2026,23:53:36: Evaluating...
09/04/2026,23:53:36: 	Train Loss: 788355.4375 (base: 74.0519, kd: 7882.8130), Elapsed: train 5.25 test 0.45
09/04/2026,23:53:36: 	Recall@10: 0.07059 Recall@20: 0.10180 NDCG@10: 0.04231 NDCG@20: 0.05107 
09/04/2026,23:53:36: 	Recall@10: 0.02667 Recall@20: 0.04214 NDCG@10: 0.01493 NDCG@20: 0.01917 
09/04/2026,23:53:36: Epoch [169/1000]
09/04/2026,23:53:36: Negative sampling...
09/04/2026,23:53:38: Model's personal time...
09/04/2026,23:53:38: Training...
09/04/2026,23:53:41: Evaluating...
09/04/2026,23:53:42: 	Train Loss: 788272.6875 (base: 73.6632, kd: 7881.9902), Elapsed: train 5.19 test 0.43
09/04/2026,23:53:42: 	Recall@10: 0.07156 Recall@20: 0.10279 NDCG@10: 0.04291 NDCG@20: 0.05148 
09/04/2026,23:53:42: 	Recall@10: 0.02721 Recall@20: 0.04256 NDCG@10: 0.01507 NDCG@20: 0.01926 
09/04/2026,23:53:42: Epoch [170/1000]
09/04/2026,23:53:42: Negative sampling...
09/04/2026,23:53:43: Model's personal time...
09/04/2026,23:53:43: Training...
09/04/2026,23:53:47: Evaluating...
09/04/2026,23:53:48: 	Train Loss: 788299.8125 (base: 73.8444, kd: 7882.2603), Elapsed: train 5.26 test 0.44
09/04/2026,23:53:48: 	Recall@10: 0.07111 Recall@20: 0.10224 NDCG@10: 0.04281 NDCG@20: 0.05137 
09/04/2026,23:53:48: 	Recall@10: 0.02703 Recall@20: 0.04270 NDCG@10: 0.01514 NDCG@20: 0.01940 
09/04/2026,23:53:48: Epoch [171/1000]
09/04/2026,23:53:48: Negative sampling...
09/04/2026,23:53:49: Model's personal time...
09/04/2026,23:53:49: Training...
09/04/2026,23:53:53: Evaluating...
09/04/2026,23:53:53: 	Train Loss: 788278.3750 (base: 69.7614, kd: 7882.0854), Elapsed: train 5.26 test 0.43
09/04/2026,23:53:53: 	Recall@10: 0.07061 Recall@20: 0.10143 NDCG@10: 0.04278 NDCG@20: 0.05138 
09/04/2026,23:53:53: 	Recall@10: 0.02692 Recall@20: 0.04300 NDCG@10: 0.01499 NDCG@20: 0.01936 
09/04/2026,23:53:53: Epoch [172/1000]
09/04/2026,23:53:53: Negative sampling...
09/04/2026,23:53:55: Model's personal time...
09/04/2026,23:53:55: Training...
09/04/2026,23:53:58: Evaluating...
09/04/2026,23:53:59: 	Train Loss: 788200.3125 (base: 73.2822, kd: 7881.2700), Elapsed: train 5.17 test 0.46
09/04/2026,23:53:59: 	Recall@10: 0.07133 Recall@20: 0.10166 NDCG@10: 0.04311 NDCG@20: 0.05152 
09/04/2026,23:53:59: 	Recall@10: 0.02782 Recall@20: 0.04303 NDCG@10: 0.01536 NDCG@20: 0.01951 
09/04/2026,23:53:59: Epoch [173/1000]
09/04/2026,23:53:59: Negative sampling...
09/04/2026,23:54:00: Model's personal time...
09/04/2026,23:54:00: Training...
09/04/2026,23:54:04: Evaluating...
09/04/2026,23:54:05: 	Train Loss: 788271.3125 (base: 71.5074, kd: 7881.9985), Elapsed: train 5.27 test 0.47
09/04/2026,23:54:05: 	Recall@10: 0.07120 Recall@20: 0.10147 NDCG@10: 0.04306 NDCG@20: 0.05142 
09/04/2026,23:54:05: 	Recall@10: 0.02753 Recall@20: 0.04351 NDCG@10: 0.01521 NDCG@20: 0.01953 
09/04/2026,23:54:05: Epoch [174/1000]
09/04/2026,23:54:05: Negative sampling...
09/04/2026,23:54:06: Model's personal time...
09/04/2026,23:54:06: Training...
09/04/2026,23:54:10: Evaluating...
09/04/2026,23:54:11: 	Train Loss: 788236.2500 (base: 71.3980, kd: 7881.6489), Elapsed: train 5.56 test 0.47
09/04/2026,23:54:11: 	Recall@10: 0.07097 Recall@20: 0.10331 NDCG@10: 0.04261 NDCG@20: 0.05156 
09/04/2026,23:54:11: 	Recall@10: 0.02686 Recall@20: 0.04334 NDCG@10: 0.01494 NDCG@20: 0.01940 
09/04/2026,23:54:11: Epoch [175/1000]
09/04/2026,23:54:11: Negative sampling...
09/04/2026,23:54:12: Model's personal time...
09/04/2026,23:54:12: Training...
09/04/2026,23:54:16: Evaluating...
09/04/2026,23:54:16: 	Train Loss: 788259.4375 (base: 69.1080, kd: 7881.9028), Elapsed: train 5.25 test 0.40
09/04/2026,23:54:16: 	Recall@10: 0.06999 Recall@20: 0.10236 NDCG@10: 0.04263 NDCG@20: 0.05158 
09/04/2026,23:54:16: 	Recall@10: 0.02687 Recall@20: 0.04338 NDCG@10: 0.01510 NDCG@20: 0.01959 
09/04/2026,23:54:16: Epoch [176/1000]
09/04/2026,23:54:16: Negative sampling...
09/04/2026,23:54:18: Model's personal time...
09/04/2026,23:54:18: Training...
09/04/2026,23:54:21: Evaluating...
09/04/2026,23:54:22: 	Train Loss: 788256.0000 (base: 70.7868, kd: 7881.8521), Elapsed: train 5.12 test 0.40 *
09/04/2026,23:54:22: 	Recall@10: 0.07093 Recall@20: 0.10267 NDCG@10: 0.04286 NDCG@20: 0.05167 
09/04/2026,23:54:22: 	Recall@10: 0.02688 Recall@20: 0.04364 NDCG@10: 0.01527 NDCG@20: 0.01981 
09/04/2026,23:54:22: Epoch [177/1000]
09/04/2026,23:54:22: Negative sampling...
09/04/2026,23:54:23: Model's personal time...
09/04/2026,23:54:23: Training...
09/04/2026,23:54:27: Evaluating...
09/04/2026,23:54:28: 	Train Loss: 788221.8750 (base: 72.2312, kd: 7881.4961), Elapsed: train 5.25 test 0.40
09/04/2026,23:54:28: 	Recall@10: 0.07001 Recall@20: 0.10195 NDCG@10: 0.04269 NDCG@20: 0.05158 
09/04/2026,23:54:28: 	Recall@10: 0.02697 Recall@20: 0.04350 NDCG@10: 0.01510 NDCG@20: 0.01956 
09/04/2026,23:54:28: Epoch [178/1000]
09/04/2026,23:54:28: Negative sampling...
09/04/2026,23:54:29: Model's personal time...
09/04/2026,23:54:29: Training...
09/04/2026,23:54:33: Evaluating...
09/04/2026,23:54:33: 	Train Loss: 788203.0625 (base: 69.9985, kd: 7881.3301), Elapsed: train 5.32 test 0.41
09/04/2026,23:54:33: 	Recall@10: 0.07063 Recall@20: 0.10189 NDCG@10: 0.04265 NDCG@20: 0.05126 
09/04/2026,23:54:33: 	Recall@10: 0.02656 Recall@20: 0.04276 NDCG@10: 0.01506 NDCG@20: 0.01949 
09/04/2026,23:54:33: Epoch [179/1000]
09/04/2026,23:54:33: Negative sampling...
09/04/2026,23:54:35: Model's personal time...
09/04/2026,23:54:35: Training...
09/04/2026,23:54:38: Evaluating...
09/04/2026,23:54:39: 	Train Loss: 788210.7500 (base: 69.6676, kd: 7881.4106), Elapsed: train 5.21 test 0.41 *
09/04/2026,23:54:39: 	Recall@10: 0.07083 Recall@20: 0.10318 NDCG@10: 0.04282 NDCG@20: 0.05178 
09/04/2026,23:54:39: 	Recall@10: 0.02663 Recall@20: 0.04308 NDCG@10: 0.01505 NDCG@20: 0.01958 
09/04/2026,23:54:39: Epoch [180/1000]
09/04/2026,23:54:39: Negative sampling...
09/04/2026,23:54:40: Model's personal time...
09/04/2026,23:54:40: Training...
09/04/2026,23:54:44: Evaluating...
09/04/2026,23:54:45: 	Train Loss: 788162.3750 (base: 69.3394, kd: 7880.9297), Elapsed: train 5.23 test 0.43
09/04/2026,23:54:45: 	Recall@10: 0.06976 Recall@20: 0.10211 NDCG@10: 0.04216 NDCG@20: 0.05116 
09/04/2026,23:54:45: 	Recall@10: 0.02707 Recall@20: 0.04322 NDCG@10: 0.01518 NDCG@20: 0.01959 
09/04/2026,23:54:45: Epoch [181/1000]
09/04/2026,23:54:45: Negative sampling...
09/04/2026,23:54:46: Model's personal time...
09/04/2026,23:54:46: Training...
09/04/2026,23:54:50: Evaluating...
09/04/2026,23:54:50: 	Train Loss: 788177.5625 (base: 70.0069, kd: 7881.0752), Elapsed: train 5.23 test 0.42
09/04/2026,23:54:50: 	Recall@10: 0.07031 Recall@20: 0.10310 NDCG@10: 0.04233 NDCG@20: 0.05141 
09/04/2026,23:54:50: 	Recall@10: 0.02697 Recall@20: 0.04308 NDCG@10: 0.01525 NDCG@20: 0.01966 
09/04/2026,23:54:50: Epoch [182/1000]
09/04/2026,23:54:50: Negative sampling...
09/04/2026,23:54:52: Model's personal time...
09/04/2026,23:54:52: Training...
09/04/2026,23:54:55: Evaluating...
09/04/2026,23:54:56: 	Train Loss: 788136.8750 (base: 68.3646, kd: 7880.6855), Elapsed: train 5.22 test 0.41
09/04/2026,23:54:56: 	Recall@10: 0.07003 Recall@20: 0.10238 NDCG@10: 0.04254 NDCG@20: 0.05156 
09/04/2026,23:54:56: 	Recall@10: 0.02704 Recall@20: 0.04370 NDCG@10: 0.01537 NDCG@20: 0.01991 
09/04/2026,23:54:56: Epoch [183/1000]
09/04/2026,23:54:56: Negative sampling...
09/04/2026,23:54:57: Model's personal time...
09/04/2026,23:54:57: Training...
09/04/2026,23:55:01: Evaluating...
09/04/2026,23:55:01: 	Train Loss: 788130.5000 (base: 71.2078, kd: 7880.5938), Elapsed: train 5.19 test 0.43
09/04/2026,23:55:01: 	Recall@10: 0.07022 Recall@20: 0.10218 NDCG@10: 0.04260 NDCG@20: 0.05151 
09/04/2026,23:55:01: 	Recall@10: 0.02656 Recall@20: 0.04311 NDCG@10: 0.01495 NDCG@20: 0.01949 
09/04/2026,23:55:01: Epoch [184/1000]
09/04/2026,23:55:01: Negative sampling...
09/04/2026,23:55:03: Model's personal time...
09/04/2026,23:55:03: Training...
09/04/2026,23:55:07: Evaluating...
09/04/2026,23:55:07: 	Train Loss: 788184.0625 (base: 66.1588, kd: 7881.1797), Elapsed: train 5.21 test 0.41
09/04/2026,23:55:07: 	Recall@10: 0.07004 Recall@20: 0.10214 NDCG@10: 0.04225 NDCG@20: 0.05114 
09/04/2026,23:55:07: 	Recall@10: 0.02737 Recall@20: 0.04255 NDCG@10: 0.01533 NDCG@20: 0.01948 
09/04/2026,23:55:07: Epoch [185/1000]
09/04/2026,23:55:07: Negative sampling...
09/04/2026,23:55:08: Model's personal time...
09/04/2026,23:55:09: Training...
09/04/2026,23:55:12: Evaluating...
09/04/2026,23:55:13: 	Train Loss: 788137.4375 (base: 71.0691, kd: 7880.6636), Elapsed: train 5.18 test 0.40
09/04/2026,23:55:13: 	Recall@10: 0.07105 Recall@20: 0.10100 NDCG@10: 0.04261 NDCG@20: 0.05100 
09/04/2026,23:55:13: 	Recall@10: 0.02694 Recall@20: 0.04272 NDCG@10: 0.01500 NDCG@20: 0.01932 
09/04/2026,23:55:13: Epoch [186/1000]
09/04/2026,23:55:13: Negative sampling...
09/04/2026,23:55:14: Model's personal time...
09/04/2026,23:55:14: Training...
09/04/2026,23:55:18: Evaluating...
09/04/2026,23:55:18: 	Train Loss: 788097.4375 (base: 67.8409, kd: 7880.2964), Elapsed: train 5.19 test 0.47
09/04/2026,23:55:18: 	Recall@10: 0.07129 Recall@20: 0.10237 NDCG@10: 0.04285 NDCG@20: 0.05146 
09/04/2026,23:55:18: 	Recall@10: 0.02667 Recall@20: 0.04309 NDCG@10: 0.01492 NDCG@20: 0.01943 
09/04/2026,23:55:18: Epoch [187/1000]
09/04/2026,23:55:18: Negative sampling...
09/04/2026,23:55:20: Model's personal time...
09/04/2026,23:55:20: Training...
09/04/2026,23:55:24: Evaluating...
09/04/2026,23:55:24: 	Train Loss: 788114.0000 (base: 70.1268, kd: 7880.4395), Elapsed: train 5.26 test 0.40
09/04/2026,23:55:24: 	Recall@10: 0.07024 Recall@20: 0.10319 NDCG@10: 0.04246 NDCG@20: 0.05166 
09/04/2026,23:55:24: 	Recall@10: 0.02673 Recall@20: 0.04384 NDCG@10: 0.01488 NDCG@20: 0.01955 
09/04/2026,23:55:24: Epoch [188/1000]
09/04/2026,23:55:24: Negative sampling...
09/04/2026,23:55:25: Model's personal time...
09/04/2026,23:55:26: Training...
09/04/2026,23:55:29: Evaluating...
09/04/2026,23:55:30: 	Train Loss: 788140.8125 (base: 68.2840, kd: 7880.7251), Elapsed: train 5.30 test 0.47
09/04/2026,23:55:30: 	Recall@10: 0.07080 Recall@20: 0.10353 NDCG@10: 0.04257 NDCG@20: 0.05165 
09/04/2026,23:55:30: 	Recall@10: 0.02702 Recall@20: 0.04271 NDCG@10: 0.01502 NDCG@20: 0.01935 
09/04/2026,23:55:30: Epoch [189/1000]
09/04/2026,23:55:30: Negative sampling...
09/04/2026,23:55:31: Model's personal time...
09/04/2026,23:55:31: Training...
09/04/2026,23:55:35: Evaluating...
09/04/2026,23:55:36: 	Train Loss: 788167.7500 (base: 71.4256, kd: 7880.9629), Elapsed: train 5.26 test 0.51
09/04/2026,23:55:36: 	Recall@10: 0.07096 Recall@20: 0.10241 NDCG@10: 0.04269 NDCG@20: 0.05142 
09/04/2026,23:55:36: 	Recall@10: 0.02676 Recall@20: 0.04340 NDCG@10: 0.01495 NDCG@20: 0.01950 
09/04/2026,23:55:36: Epoch [190/1000]
09/04/2026,23:55:36: Negative sampling...
09/04/2026,23:55:37: Model's personal time...
09/04/2026,23:55:37: Training...
09/04/2026,23:55:41: Evaluating...
09/04/2026,23:55:41: 	Train Loss: 788103.6875 (base: 67.3057, kd: 7880.3628), Elapsed: train 5.29 test 0.42
09/04/2026,23:55:41: 	Recall@10: 0.07076 Recall@20: 0.10207 NDCG@10: 0.04269 NDCG@20: 0.05141 
09/04/2026,23:55:41: 	Recall@10: 0.02711 Recall@20: 0.04258 NDCG@10: 0.01506 NDCG@20: 0.01936 
09/04/2026,23:55:41: Epoch [191/1000]
09/04/2026,23:55:41: Negative sampling...
09/04/2026,23:55:43: Model's personal time...
09/04/2026,23:55:43: Training...
09/04/2026,23:55:46: Evaluating...
09/04/2026,23:55:47: 	Train Loss: 788136.6875 (base: 70.1067, kd: 7880.6655), Elapsed: train 5.19 test 0.41
09/04/2026,23:55:47: 	Recall@10: 0.07081 Recall@20: 0.10170 NDCG@10: 0.04245 NDCG@20: 0.05103 
09/04/2026,23:55:47: 	Recall@10: 0.02711 Recall@20: 0.04272 NDCG@10: 0.01489 NDCG@20: 0.01920 
09/04/2026,23:55:47: Epoch [192/1000]
09/04/2026,23:55:47: Negative sampling...
09/04/2026,23:55:48: Model's personal time...
09/04/2026,23:55:48: Training...
09/04/2026,23:55:52: Evaluating...
09/04/2026,23:55:53: 	Train Loss: 788072.3750 (base: 67.8830, kd: 7880.0444), Elapsed: train 5.23 test 0.45
09/04/2026,23:55:53: 	Recall@10: 0.07104 Recall@20: 0.10193 NDCG@10: 0.04274 NDCG@20: 0.05130 
09/04/2026,23:55:53: 	Recall@10: 0.02721 Recall@20: 0.04294 NDCG@10: 0.01501 NDCG@20: 0.01931 
09/04/2026,23:55:53: Epoch [193/1000]
09/04/2026,23:55:53: Negative sampling...
09/04/2026,23:55:54: Model's personal time...
09/04/2026,23:55:54: Training...
09/04/2026,23:55:58: Evaluating...
09/04/2026,23:55:58: 	Train Loss: 788110.6875 (base: 68.5248, kd: 7880.4219), Elapsed: train 5.19 test 0.41
09/04/2026,23:55:58: 	Recall@10: 0.07020 Recall@20: 0.10140 NDCG@10: 0.04236 NDCG@20: 0.05100 
09/04/2026,23:55:58: 	Recall@10: 0.02694 Recall@20: 0.04285 NDCG@10: 0.01499 NDCG@20: 0.01937 
09/04/2026,23:55:58: Epoch [194/1000]
09/04/2026,23:55:58: Negative sampling...
09/04/2026,23:55:59: Model's personal time...
09/04/2026,23:56:00: Training...
09/04/2026,23:56:03: Evaluating...
09/04/2026,23:56:04: 	Train Loss: 788101.0625 (base: 69.8165, kd: 7880.3125), Elapsed: train 5.29 test 0.51
09/04/2026,23:56:04: 	Recall@10: 0.07064 Recall@20: 0.10275 NDCG@10: 0.04282 NDCG@20: 0.05170 
09/04/2026,23:56:04: 	Recall@10: 0.02736 Recall@20: 0.04372 NDCG@10: 0.01508 NDCG@20: 0.01954 
09/04/2026,23:56:04: Epoch [195/1000]
09/04/2026,23:56:04: Negative sampling...
09/04/2026,23:56:05: Model's personal time...
09/04/2026,23:56:05: Training...
09/04/2026,23:56:09: Evaluating...
09/04/2026,23:56:10: 	Train Loss: 788102.3750 (base: 64.7329, kd: 7880.3760), Elapsed: train 5.37 test 0.43
09/04/2026,23:56:10: 	Recall@10: 0.07058 Recall@20: 0.10065 NDCG@10: 0.04256 NDCG@20: 0.05096 
09/04/2026,23:56:10: 	Recall@10: 0.02697 Recall@20: 0.04368 NDCG@10: 0.01484 NDCG@20: 0.01938 
09/04/2026,23:56:10: Epoch [196/1000]
09/04/2026,23:56:10: Negative sampling...
09/04/2026,23:56:11: Model's personal time...
09/04/2026,23:56:11: Training...
09/04/2026,23:56:15: Evaluating...
09/04/2026,23:56:16: 	Train Loss: 788080.5000 (base: 67.0458, kd: 7880.1343), Elapsed: train 5.41 test 0.49
09/04/2026,23:56:16: 	Recall@10: 0.07070 Recall@20: 0.10151 NDCG@10: 0.04279 NDCG@20: 0.05137 
09/04/2026,23:56:16: 	Recall@10: 0.02740 Recall@20: 0.04303 NDCG@10: 0.01509 NDCG@20: 0.01940 
09/04/2026,23:56:16: Epoch [197/1000]
09/04/2026,23:56:16: Negative sampling...
09/04/2026,23:56:17: Model's personal time...
09/04/2026,23:56:17: Training...
09/04/2026,23:56:21: Evaluating...
09/04/2026,23:56:21: 	Train Loss: 788029.3750 (base: 65.5007, kd: 7879.6387), Elapsed: train 5.36 test 0.40
09/04/2026,23:56:21: 	Recall@10: 0.07066 Recall@20: 0.10037 NDCG@10: 0.04256 NDCG@20: 0.05080 
09/04/2026,23:56:21: 	Recall@10: 0.02770 Recall@20: 0.04325 NDCG@10: 0.01508 NDCG@20: 0.01930 
09/04/2026,23:56:21: Epoch [198/1000]
09/04/2026,23:56:21: Negative sampling...
09/04/2026,23:56:23: Model's personal time...
09/04/2026,23:56:23: Training...
09/04/2026,23:56:26: Evaluating...
09/04/2026,23:56:27: 	Train Loss: 788044.8750 (base: 69.2499, kd: 7879.7563), Elapsed: train 5.11 test 0.49
09/04/2026,23:56:27: 	Recall@10: 0.07075 Recall@20: 0.10188 NDCG@10: 0.04286 NDCG@20: 0.05146 
09/04/2026,23:56:27: 	Recall@10: 0.02759 Recall@20: 0.04325 NDCG@10: 0.01496 NDCG@20: 0.01926 
09/04/2026,23:56:27: Epoch [199/1000]
09/04/2026,23:56:27: Negative sampling...
09/04/2026,23:56:28: Model's personal time...
09/04/2026,23:56:29: Training...
09/04/2026,23:56:32: Evaluating...
09/04/2026,23:56:33: 	Train Loss: 788045.8750 (base: 66.7415, kd: 7879.7920), Elapsed: train 5.38 test 0.40
09/04/2026,23:56:33: 	Recall@10: 0.06991 Recall@20: 0.10133 NDCG@10: 0.04243 NDCG@20: 0.05117 
09/04/2026,23:56:33: 	Recall@10: 0.02714 Recall@20: 0.04271 NDCG@10: 0.01488 NDCG@20: 0.01917 
09/04/2026,23:56:33: Epoch [200/1000]
09/04/2026,23:56:33: Negative sampling...
09/04/2026,23:56:34: Model's personal time...
09/04/2026,23:56:34: Training...
09/04/2026,23:56:38: Evaluating...
09/04/2026,23:56:38: 	Train Loss: 788041.9375 (base: 70.5712, kd: 7879.7144), Elapsed: train 5.16 test 0.43
09/04/2026,23:56:38: 	Recall@10: 0.07097 Recall@20: 0.10172 NDCG@10: 0.04270 NDCG@20: 0.05122 
09/04/2026,23:56:38: 	Recall@10: 0.02778 Recall@20: 0.04321 NDCG@10: 0.01518 NDCG@20: 0.01943 
09/04/2026,23:56:38: Epoch [201/1000]
09/04/2026,23:56:38: Negative sampling...
09/04/2026,23:56:40: Model's personal time...
09/04/2026,23:56:40: Training...
09/04/2026,23:56:43: Evaluating...
09/04/2026,23:56:44: 	Train Loss: 787984.0625 (base: 66.5253, kd: 7879.1758), Elapsed: train 5.16 test 0.40
09/04/2026,23:56:44: 	Recall@10: 0.07111 Recall@20: 0.10202 NDCG@10: 0.04259 NDCG@20: 0.05115 
09/04/2026,23:56:44: 	Recall@10: 0.02759 Recall@20: 0.04316 NDCG@10: 0.01499 NDCG@20: 0.01930 
09/04/2026,23:56:44: Epoch [202/1000]
09/04/2026,23:56:44: Negative sampling...
09/04/2026,23:56:45: Model's personal time...
09/04/2026,23:56:45: Training...
09/04/2026,23:56:49: Evaluating...
09/04/2026,23:56:49: 	Train Loss: 788007.6875 (base: 64.7333, kd: 7879.4297), Elapsed: train 5.18 test 0.40
09/04/2026,23:56:49: 	Recall@10: 0.07101 Recall@20: 0.10119 NDCG@10: 0.04271 NDCG@20: 0.05108 
09/04/2026,23:56:49: 	Recall@10: 0.02695 Recall@20: 0.04224 NDCG@10: 0.01487 NDCG@20: 0.01907 
09/04/2026,23:56:49: Epoch [203/1000]
09/04/2026,23:56:49: Negative sampling...
09/04/2026,23:56:51: Model's personal time...
09/04/2026,23:56:51: Training...
09/04/2026,23:56:55: Evaluating...
09/04/2026,23:56:55: 	Train Loss: 788030.1875 (base: 66.7989, kd: 7879.6338), Elapsed: train 5.12 test 0.41
09/04/2026,23:56:55: 	Recall@10: 0.07106 Recall@20: 0.10107 NDCG@10: 0.04266 NDCG@20: 0.05099 
09/04/2026,23:56:55: 	Recall@10: 0.02720 Recall@20: 0.04219 NDCG@10: 0.01490 NDCG@20: 0.01903 
09/04/2026,23:56:55: Epoch [204/1000]
09/04/2026,23:56:55: Negative sampling...
09/04/2026,23:56:56: Model's personal time...
09/04/2026,23:56:56: Training...
09/04/2026,23:57:00: Evaluating...
09/04/2026,23:57:01: 	Train Loss: 788030.1875 (base: 65.2122, kd: 7879.6499), Elapsed: train 5.19 test 0.42
09/04/2026,23:57:01: 	Recall@10: 0.06952 Recall@20: 0.10066 NDCG@10: 0.04241 NDCG@20: 0.05100 
09/04/2026,23:57:01: 	Recall@10: 0.02773 Recall@20: 0.04222 NDCG@10: 0.01510 NDCG@20: 0.01909 
09/04/2026,23:57:01: Epoch [205/1000]
09/04/2026,23:57:01: Negative sampling...
09/04/2026,23:57:02: Model's personal time...
09/04/2026,23:57:02: Training...
09/04/2026,23:57:06: Evaluating...
09/04/2026,23:57:06: 	Train Loss: 787989.9375 (base: 66.1429, kd: 7879.2383), Elapsed: train 5.18 test 0.48
09/04/2026,23:57:06: 	Recall@10: 0.07075 Recall@20: 0.10177 NDCG@10: 0.04241 NDCG@20: 0.05094 
09/04/2026,23:57:06: 	Recall@10: 0.02740 Recall@20: 0.04272 NDCG@10: 0.01488 NDCG@20: 0.01914 
09/04/2026,23:57:06: Epoch [206/1000]
09/04/2026,23:57:06: Negative sampling...
09/04/2026,23:57:08: Model's personal time...
09/04/2026,23:57:08: Training...
09/04/2026,23:57:12: Evaluating...
09/04/2026,23:57:12: 	Train Loss: 788019.7500 (base: 66.4709, kd: 7879.5332), Elapsed: train 5.25 test 0.42
09/04/2026,23:57:12: 	Recall@10: 0.07065 Recall@20: 0.10037 NDCG@10: 0.04211 NDCG@20: 0.05037 
09/04/2026,23:57:12: 	Recall@10: 0.02720 Recall@20: 0.04224 NDCG@10: 0.01485 NDCG@20: 0.01903 
09/04/2026,23:57:12: Epoch [207/1000]
09/04/2026,23:57:12: Negative sampling...
09/04/2026,23:57:13: Model's personal time...
09/04/2026,23:57:13: Training...
09/04/2026,23:57:17: Evaluating...
09/04/2026,23:57:18: 	Train Loss: 787990.3750 (base: 65.6695, kd: 7879.2471), Elapsed: train 5.29 test 0.42
09/04/2026,23:57:18: 	Recall@10: 0.07062 Recall@20: 0.10079 NDCG@10: 0.04259 NDCG@20: 0.05087 
09/04/2026,23:57:18: 	Recall@10: 0.02713 Recall@20: 0.04225 NDCG@10: 0.01492 NDCG@20: 0.01911 
09/04/2026,23:57:18: Epoch [208/1000]
09/04/2026,23:57:18: Negative sampling...
09/04/2026,23:57:19: Model's personal time...
09/04/2026,23:57:19: Training...
09/04/2026,23:57:23: Evaluating...
09/04/2026,23:57:23: 	Train Loss: 787958.1250 (base: 63.5261, kd: 7878.9463), Elapsed: train 5.21 test 0.48
09/04/2026,23:57:23: 	Recall@10: 0.07031 Recall@20: 0.10138 NDCG@10: 0.04229 NDCG@20: 0.05085 
09/04/2026,23:57:23: 	Recall@10: 0.02701 Recall@20: 0.04274 NDCG@10: 0.01487 NDCG@20: 0.01922 
09/04/2026,23:57:23: Epoch [209/1000]
09/04/2026,23:57:23: Negative sampling...
09/04/2026,23:57:25: Model's personal time...
09/04/2026,23:57:25: Training...
09/04/2026,23:57:29: Evaluating...
09/04/2026,23:57:29: 	Train Loss: 787947.8750 (base: 63.3305, kd: 7878.8457), Elapsed: train 5.28 test 0.41
09/04/2026,23:57:29: 	Recall@10: 0.06990 Recall@20: 0.10156 NDCG@10: 0.04219 NDCG@20: 0.05096 
09/04/2026,23:57:29: 	Recall@10: 0.02785 Recall@20: 0.04271 NDCG@10: 0.01515 NDCG@20: 0.01926 
09/04/2026,23:57:29: ------------------------------
09/04/2026,23:57:29: valid Recall@10: 0.07083 Recall@20: 0.10318 NDCG@10: 0.04282 NDCG@20: 0.05178
09/04/2026,23:57:29: test Recall@10: 0.02663 Recall@20: 0.04308 NDCG@10: 0.01505 NDCG@20: 0.01958
