----------------------------------------TEACHER----------------------------------------
init_std                                 0.1
keep_prob                                0.6
A_split                                  False
dropout                                  False
embedding_dim                            2000
num_layers                               3
----------------------------------------TEACHER----------------------------------------
----------------------------------------STUDENT----------------------------------------
init_std                                 0.01
embedding_dim                            20
----------------------------------------STUDENT----------------------------------------
----------------------------------------ARGUMENTS----------------------------------------
run_all                                  False
seed                                     0
gpu_id                                   0
no_log                                   False
no_save                                  False
suffix                                   het_k05_seed0
verbose                                  False
ablation                                 False
task                                     rec
dataset                                  citeulike
batch_size                               2048
num_ns                                   1
neg_sampling_on_all                      False
T_backbone                               lightgcn
S_backbone                               bpr
model                                    srcekd
preload                                  False
postsave                                 False
train_teacher                            False
ckpt_interval                            -1
epochs                                   1000
lr                                       0.001
wd                                       1e-07
lmbda                                    100
srce_alpha                               1
srce_s                                   20
srce_eta                                 1
srce_Lu                                  0
srce_mode                                split
srce_kappa                               0.5
eval_period                              1
K_list                                   [10, 20]
early_stop_metric                        NDCG
early_stop_K                             20
early_stop_patience                      30
LOG_DIR                                  logs/
CONFIG_DIR                               configs/
DATA_DIR                                 data/
CKPT_DIR                                 checkpoints/
CRAFT_DIR                                crafts/
mkd_tau                                  10
mkd_K                                    50
mkd_L                                    50
mkd_T                                    10
mkd_mxK                                  200
mkd_beta                                 5
----------------------------------------ARGUMENTS----------------------------------------
----------------------------------------Teacher----------------------------------------
09/05/2026,01:29:45: ------------------------------
09/05/2026,01:29:45: valid Recall@10: 0.07235 Recall@20: 0.10546 NDCG@10: 0.04227 NDCG@20: 0.05124
09/05/2026,01:29:45: test Recall@10: 0.02811 Recall@20: 0.04513 NDCG@10: 0.01583 NDCG@20: 0.02045
----------------------------------------------------------------------------------------
09/05/2026,01:29:45: Epoch [1/1000]
09/05/2026,01:29:45: Negative sampling...
09/05/2026,01:29:46: Model's personal time...
09/05/2026,01:29:47: Training...
09/05/2026,01:29:51: Evaluating...
09/05/2026,01:29:51: 	Train Loss: 924135.0625 (base: 1391.0485, kd: 9227.4404), Elapsed: train 5.46 test 0.43 *
09/05/2026,01:29:51: 	Recall@10: 0.00099 Recall@20: 0.00165 NDCG@10: 0.00061 NDCG@20: 0.00081 
09/05/2026,01:29:51: 	Recall@10: 0.00044 Recall@20: 0.00096 NDCG@10: 0.00027 NDCG@20: 0.00042 
09/05/2026,01:29:51: Epoch [2/1000]
09/05/2026,01:29:51: Negative sampling...
09/05/2026,01:29:52: Model's personal time...
09/05/2026,01:29:53: Training...
09/05/2026,01:29:56: Evaluating...
09/05/2026,01:29:57: 	Train Loss: 872495.8125 (base: 1384.0548, kd: 8711.1182), Elapsed: train 5.28 test 0.42 *
09/05/2026,01:29:57: 	Recall@10: 0.00234 Recall@20: 0.00360 NDCG@10: 0.00171 NDCG@20: 0.00203 
09/05/2026,01:29:57: 	Recall@10: 0.00138 Recall@20: 0.00180 NDCG@10: 0.00083 NDCG@20: 0.00096 
09/05/2026,01:29:57: Epoch [3/1000]
09/05/2026,01:29:57: Negative sampling...
09/05/2026,01:29:58: Model's personal time...
09/05/2026,01:29:58: Training...
09/05/2026,01:30:02: Evaluating...
09/05/2026,01:30:02: 	Train Loss: 869467.4375 (base: 1372.2338, kd: 8680.9521), Elapsed: train 5.10 test 0.41
09/05/2026,01:30:02: 	Recall@10: 0.00229 Recall@20: 0.00333 NDCG@10: 0.00151 NDCG@20: 0.00180 
09/05/2026,01:30:02: 	Recall@10: 0.00090 Recall@20: 0.00217 NDCG@10: 0.00038 NDCG@20: 0.00073 
09/05/2026,01:30:02: Epoch [4/1000]
09/05/2026,01:30:02: Negative sampling...
09/05/2026,01:30:04: Model's personal time...
09/05/2026,01:30:04: Training...
09/05/2026,01:30:07: Evaluating...
09/05/2026,01:30:08: 	Train Loss: 866971.0000 (base: 1360.5657, kd: 8656.1045), Elapsed: train 5.11 test 0.45 *
09/05/2026,01:30:08: 	Recall@10: 0.00288 Recall@20: 0.00427 NDCG@10: 0.00164 NDCG@20: 0.00206 
09/05/2026,01:30:08: 	Recall@10: 0.00203 Recall@20: 0.00448 NDCG@10: 0.00108 NDCG@20: 0.00175 
09/05/2026,01:30:08: Epoch [5/1000]
09/05/2026,01:30:08: Negative sampling...
09/05/2026,01:30:09: Model's personal time...
09/05/2026,01:30:09: Training...
09/05/2026,01:30:13: Evaluating...
09/05/2026,01:30:14: 	Train Loss: 866698.4375 (base: 1360.1360, kd: 8653.3828), Elapsed: train 5.55 test 0.54
09/05/2026,01:30:14: 	Recall@10: 0.00264 Recall@20: 0.00436 NDCG@10: 0.00158 NDCG@20: 0.00205 
09/05/2026,01:30:14: 	Recall@10: 0.00210 Recall@20: 0.00362 NDCG@10: 0.00118 NDCG@20: 0.00164 
09/05/2026,01:30:14: Epoch [6/1000]
09/05/2026,01:30:14: Negative sampling...
09/05/2026,01:30:15: Model's personal time...
09/05/2026,01:30:16: Training...
09/05/2026,01:30:19: Evaluating...
09/05/2026,01:30:20: 	Train Loss: 866175.5000 (base: 1380.7078, kd: 8647.9473), Elapsed: train 5.35 test 0.54 *
09/05/2026,01:30:20: 	Recall@10: 0.00253 Recall@20: 0.00414 NDCG@10: 0.00161 NDCG@20: 0.00209 
09/05/2026,01:30:20: 	Recall@10: 0.00225 Recall@20: 0.00365 NDCG@10: 0.00104 NDCG@20: 0.00147 
09/05/2026,01:30:20: Epoch [7/1000]
09/05/2026,01:30:20: Negative sampling...
09/05/2026,01:30:21: Model's personal time...
09/05/2026,01:30:21: Training...
09/05/2026,01:30:25: Evaluating...
09/05/2026,01:30:25: 	Train Loss: 865456.6250 (base: 1420.6011, kd: 8640.3604), Elapsed: train 5.21 test 0.50 *
09/05/2026,01:30:25: 	Recall@10: 0.00278 Recall@20: 0.00448 NDCG@10: 0.00205 NDCG@20: 0.00250 
09/05/2026,01:30:25: 	Recall@10: 0.00203 Recall@20: 0.00305 NDCG@10: 0.00106 NDCG@20: 0.00142 
09/05/2026,01:30:25: Epoch [8/1000]
09/05/2026,01:30:25: Negative sampling...
09/05/2026,01:30:27: Model's personal time...
09/05/2026,01:30:27: Training...
09/05/2026,01:30:31: Evaluating...
09/05/2026,01:30:31: 	Train Loss: 863540.5625 (base: 1472.2897, kd: 8620.6826), Elapsed: train 5.18 test 0.41 *
09/05/2026,01:30:31: 	Recall@10: 0.00321 Recall@20: 0.00462 NDCG@10: 0.00218 NDCG@20: 0.00252 
09/05/2026,01:30:31: 	Recall@10: 0.00160 Recall@20: 0.00292 NDCG@10: 0.00071 NDCG@20: 0.00115 
09/05/2026,01:30:31: Epoch [9/1000]
09/05/2026,01:30:31: Negative sampling...
09/05/2026,01:30:33: Model's personal time...
09/05/2026,01:30:33: Training...
09/05/2026,01:30:36: Evaluating...
09/05/2026,01:30:37: 	Train Loss: 861728.9375 (base: 1527.4438, kd: 8602.0156), Elapsed: train 5.08 test 0.44 *
09/05/2026,01:30:37: 	Recall@10: 0.00273 Recall@20: 0.00477 NDCG@10: 0.00208 NDCG@20: 0.00260 
09/05/2026,01:30:37: 	Recall@10: 0.00087 Recall@20: 0.00292 NDCG@10: 0.00051 NDCG@20: 0.00111 
09/05/2026,01:30:37: Epoch [10/1000]
09/05/2026,01:30:37: Negative sampling...
09/05/2026,01:30:38: Model's personal time...
09/05/2026,01:30:38: Training...
09/05/2026,01:30:42: Evaluating...
09/05/2026,01:30:42: 	Train Loss: 860014.6875 (base: 1573.4385, kd: 8584.4131), Elapsed: train 5.19 test 0.42 *
09/05/2026,01:30:42: 	Recall@10: 0.00292 Recall@20: 0.00545 NDCG@10: 0.00210 NDCG@20: 0.00275 
09/05/2026,01:30:42: 	Recall@10: 0.00086 Recall@20: 0.00247 NDCG@10: 0.00049 NDCG@20: 0.00099 
09/05/2026,01:30:42: Epoch [11/1000]
09/05/2026,01:30:42: Negative sampling...
09/05/2026,01:30:44: Model's personal time...
09/05/2026,01:30:44: Training...
09/05/2026,01:30:47: Evaluating...
09/05/2026,01:30:48: 	Train Loss: 858634.8125 (base: 1613.3966, kd: 8570.2139), Elapsed: train 5.21 test 0.50 *
09/05/2026,01:30:48: 	Recall@10: 0.00363 Recall@20: 0.00536 NDCG@10: 0.00232 NDCG@20: 0.00279 
09/05/2026,01:30:48: 	Recall@10: 0.00114 Recall@20: 0.00288 NDCG@10: 0.00056 NDCG@20: 0.00109 
09/05/2026,01:30:48: Epoch [12/1000]
09/05/2026,01:30:48: Negative sampling...
09/05/2026,01:30:49: Model's personal time...
09/05/2026,01:30:49: Training...
09/05/2026,01:30:53: Evaluating...
09/05/2026,01:30:54: 	Train Loss: 857267.0625 (base: 1643.3507, kd: 8556.2373), Elapsed: train 5.21 test 0.44 *
09/05/2026,01:30:54: 	Recall@10: 0.00405 Recall@20: 0.00571 NDCG@10: 0.00247 NDCG@20: 0.00291 
09/05/2026,01:30:54: 	Recall@10: 0.00126 Recall@20: 0.00242 NDCG@10: 0.00067 NDCG@20: 0.00101 
09/05/2026,01:30:54: Epoch [13/1000]
09/05/2026,01:30:54: Negative sampling...
09/05/2026,01:30:55: Model's personal time...
09/05/2026,01:30:55: Training...
09/05/2026,01:30:59: Evaluating...
09/05/2026,01:30:59: 	Train Loss: 855437.5625 (base: 1666.2184, kd: 8537.7129), Elapsed: train 5.00 test 0.43 *
09/05/2026,01:30:59: 	Recall@10: 0.00427 Recall@20: 0.00568 NDCG@10: 0.00275 NDCG@20: 0.00308 
09/05/2026,01:30:59: 	Recall@10: 0.00102 Recall@20: 0.00233 NDCG@10: 0.00056 NDCG@20: 0.00095 
09/05/2026,01:30:59: Epoch [14/1000]
09/05/2026,01:30:59: Negative sampling...
09/05/2026,01:31:00: Model's personal time...
09/05/2026,01:31:00: Training...
09/05/2026,01:31:04: Evaluating...
09/05/2026,01:31:05: 	Train Loss: 854115.5625 (base: 1680.1731, kd: 8524.3545), Elapsed: train 5.16 test 0.42 *
09/05/2026,01:31:05: 	Recall@10: 0.00441 Recall@20: 0.00576 NDCG@10: 0.00288 NDCG@20: 0.00323 
09/05/2026,01:31:05: 	Recall@10: 0.00124 Recall@20: 0.00238 NDCG@10: 0.00066 NDCG@20: 0.00101 
09/05/2026,01:31:05: Epoch [15/1000]
09/05/2026,01:31:05: Negative sampling...
09/05/2026,01:31:06: Model's personal time...
09/05/2026,01:31:06: Training...
09/05/2026,01:31:10: Evaluating...
09/05/2026,01:31:10: 	Train Loss: 852497.4375 (base: 1687.5526, kd: 8508.0986), Elapsed: train 5.12 test 0.53 *
09/05/2026,01:31:10: 	Recall@10: 0.00402 Recall@20: 0.00614 NDCG@10: 0.00282 NDCG@20: 0.00338 
09/05/2026,01:31:10: 	Recall@10: 0.00129 Recall@20: 0.00244 NDCG@10: 0.00066 NDCG@20: 0.00100 
09/05/2026,01:31:10: Epoch [16/1000]
09/05/2026,01:31:10: Negative sampling...
09/05/2026,01:31:12: Model's personal time...
09/05/2026,01:31:12: Training...
09/05/2026,01:31:16: Evaluating...
09/05/2026,01:31:16: 	Train Loss: 851335.3125 (base: 1693.5166, kd: 8496.4189), Elapsed: train 5.32 test 0.47 *
09/05/2026,01:31:16: 	Recall@10: 0.00436 Recall@20: 0.00605 NDCG@10: 0.00317 NDCG@20: 0.00362 
09/05/2026,01:31:16: 	Recall@10: 0.00072 Recall@20: 0.00180 NDCG@10: 0.00053 NDCG@20: 0.00086 
09/05/2026,01:31:16: Epoch [17/1000]
09/05/2026,01:31:16: Negative sampling...
09/05/2026,01:31:17: Model's personal time...
09/05/2026,01:31:17: Training...
09/05/2026,01:31:21: Evaluating...
09/05/2026,01:31:22: 	Train Loss: 850450.9375 (base: 1692.2511, kd: 8487.5869), Elapsed: train 5.14 test 0.41
09/05/2026,01:31:22: 	Recall@10: 0.00459 Recall@20: 0.00566 NDCG@10: 0.00304 NDCG@20: 0.00330 
09/05/2026,01:31:22: 	Recall@10: 0.00096 Recall@20: 0.00301 NDCG@10: 0.00069 NDCG@20: 0.00124 
09/05/2026,01:31:22: Epoch [18/1000]
09/05/2026,01:31:22: Negative sampling...
09/05/2026,01:31:23: Model's personal time...
09/05/2026,01:31:23: Training...
09/05/2026,01:31:27: Evaluating...
09/05/2026,01:31:27: 	Train Loss: 849365.3750 (base: 1701.6185, kd: 8476.6377), Elapsed: train 5.19 test 0.48 *
09/05/2026,01:31:27: 	Recall@10: 0.00483 Recall@20: 0.00648 NDCG@10: 0.00337 NDCG@20: 0.00377 
09/05/2026,01:31:27: 	Recall@10: 0.00116 Recall@20: 0.00244 NDCG@10: 0.00061 NDCG@20: 0.00099 
09/05/2026,01:31:27: Epoch [19/1000]
09/05/2026,01:31:27: Negative sampling...
09/05/2026,01:31:29: Model's personal time...
09/05/2026,01:31:29: Training...
09/05/2026,01:31:32: Evaluating...
09/05/2026,01:31:33: 	Train Loss: 848038.8125 (base: 1692.0190, kd: 8463.4688), Elapsed: train 5.01 test 0.41 *
09/05/2026,01:31:33: 	Recall@10: 0.00473 Recall@20: 0.00714 NDCG@10: 0.00335 NDCG@20: 0.00396 
09/05/2026,01:31:33: 	Recall@10: 0.00133 Recall@20: 0.00269 NDCG@10: 0.00066 NDCG@20: 0.00106 
09/05/2026,01:31:33: Epoch [20/1000]
09/05/2026,01:31:33: Negative sampling...
09/05/2026,01:31:34: Model's personal time...
09/05/2026,01:31:34: Training...
09/05/2026,01:31:38: Evaluating...
09/05/2026,01:31:38: 	Train Loss: 847056.8125 (base: 1691.9261, kd: 8453.6494), Elapsed: train 5.34 test 0.42
09/05/2026,01:31:38: 	Recall@10: 0.00512 Recall@20: 0.00679 NDCG@10: 0.00355 NDCG@20: 0.00396 
09/05/2026,01:31:38: 	Recall@10: 0.00091 Recall@20: 0.00273 NDCG@10: 0.00052 NDCG@20: 0.00106 
09/05/2026,01:31:38: Epoch [21/1000]
09/05/2026,01:31:38: Negative sampling...
09/05/2026,01:31:40: Model's personal time...
09/05/2026,01:31:40: Training...
09/05/2026,01:31:44: Evaluating...
09/05/2026,01:31:44: 	Train Loss: 846379.0625 (base: 1678.4287, kd: 8447.0059), Elapsed: train 5.20 test 0.41 *
09/05/2026,01:31:44: 	Recall@10: 0.00545 Recall@20: 0.00698 NDCG@10: 0.00371 NDCG@20: 0.00407 
09/05/2026,01:31:44: 	Recall@10: 0.00108 Recall@20: 0.00300 NDCG@10: 0.00067 NDCG@20: 0.00122 
09/05/2026,01:31:44: Epoch [22/1000]
09/05/2026,01:31:44: Negative sampling...
09/05/2026,01:31:45: Model's personal time...
09/05/2026,01:31:46: Training...
09/05/2026,01:31:49: Evaluating...
09/05/2026,01:31:50: 	Train Loss: 845735.4375 (base: 1669.5112, kd: 8440.6592), Elapsed: train 5.11 test 0.43 *
09/05/2026,01:31:50: 	Recall@10: 0.00507 Recall@20: 0.00702 NDCG@10: 0.00392 NDCG@20: 0.00439 
09/05/2026,01:31:50: 	Recall@10: 0.00140 Recall@20: 0.00268 NDCG@10: 0.00079 NDCG@20: 0.00117 
09/05/2026,01:31:50: Epoch [23/1000]
09/05/2026,01:31:50: Negative sampling...
09/05/2026,01:31:51: Model's personal time...
09/05/2026,01:31:51: Training...
09/05/2026,01:31:55: Evaluating...
09/05/2026,01:31:55: 	Train Loss: 844766.6875 (base: 1658.1831, kd: 8431.0850), Elapsed: train 5.24 test 0.41
09/05/2026,01:31:55: 	Recall@10: 0.00521 Recall@20: 0.00700 NDCG@10: 0.00391 NDCG@20: 0.00433 
09/05/2026,01:31:55: 	Recall@10: 0.00147 Recall@20: 0.00278 NDCG@10: 0.00084 NDCG@20: 0.00126 
09/05/2026,01:31:55: Epoch [24/1000]
09/05/2026,01:31:55: Negative sampling...
09/05/2026,01:31:57: Model's personal time...
09/05/2026,01:31:57: Training...
09/05/2026,01:32:00: Evaluating...
09/05/2026,01:32:01: 	Train Loss: 844116.3750 (base: 1657.0564, kd: 8424.5928), Elapsed: train 5.19 test 0.42 *
09/05/2026,01:32:01: 	Recall@10: 0.00535 Recall@20: 0.00719 NDCG@10: 0.00402 NDCG@20: 0.00442 
09/05/2026,01:32:01: 	Recall@10: 0.00179 Recall@20: 0.00322 NDCG@10: 0.00116 NDCG@20: 0.00158 
09/05/2026,01:32:01: Epoch [25/1000]
09/05/2026,01:32:01: Negative sampling...
09/05/2026,01:32:02: Model's personal time...
09/05/2026,01:32:02: Training...
09/05/2026,01:32:06: Evaluating...
09/05/2026,01:32:06: 	Train Loss: 843489.7500 (base: 1640.2656, kd: 8418.4951), Elapsed: train 5.10 test 0.42 *
09/05/2026,01:32:06: 	Recall@10: 0.00534 Recall@20: 0.00744 NDCG@10: 0.00411 NDCG@20: 0.00457 
09/05/2026,01:32:06: 	Recall@10: 0.00176 Recall@20: 0.00356 NDCG@10: 0.00127 NDCG@20: 0.00180 
09/05/2026,01:32:06: Epoch [26/1000]
09/05/2026,01:32:06: Negative sampling...
09/05/2026,01:32:08: Model's personal time...
09/05/2026,01:32:08: Training...
09/05/2026,01:32:11: Evaluating...
09/05/2026,01:32:12: 	Train Loss: 842803.4375 (base: 1625.8533, kd: 8411.7754), Elapsed: train 5.12 test 0.47 *
09/05/2026,01:32:12: 	Recall@10: 0.00555 Recall@20: 0.00746 NDCG@10: 0.00421 NDCG@20: 0.00464 
09/05/2026,01:32:12: 	Recall@10: 0.00152 Recall@20: 0.00313 NDCG@10: 0.00102 NDCG@20: 0.00153 
09/05/2026,01:32:12: Epoch [27/1000]
09/05/2026,01:32:12: Negative sampling...
09/05/2026,01:32:13: Model's personal time...
09/05/2026,01:32:13: Training...
09/05/2026,01:32:17: Evaluating...
09/05/2026,01:32:18: 	Train Loss: 842112.1250 (base: 1617.7318, kd: 8404.9434), Elapsed: train 5.13 test 0.51 *
09/05/2026,01:32:18: 	Recall@10: 0.00573 Recall@20: 0.00771 NDCG@10: 0.00423 NDCG@20: 0.00471 
09/05/2026,01:32:18: 	Recall@10: 0.00177 Recall@20: 0.00393 NDCG@10: 0.00122 NDCG@20: 0.00186 
09/05/2026,01:32:18: Epoch [28/1000]
09/05/2026,01:32:18: Negative sampling...
09/05/2026,01:32:19: Model's personal time...
09/05/2026,01:32:19: Training...
09/05/2026,01:32:23: Evaluating...
09/05/2026,01:32:23: 	Train Loss: 841697.4375 (base: 1597.3588, kd: 8401.0010), Elapsed: train 5.12 test 0.52 *
09/05/2026,01:32:23: 	Recall@10: 0.00547 Recall@20: 0.00802 NDCG@10: 0.00431 NDCG@20: 0.00494 
09/05/2026,01:32:23: 	Recall@10: 0.00173 Recall@20: 0.00399 NDCG@10: 0.00110 NDCG@20: 0.00177 
09/05/2026,01:32:23: Epoch [29/1000]
09/05/2026,01:32:23: Negative sampling...
09/05/2026,01:32:25: Model's personal time...
09/05/2026,01:32:25: Training...
09/05/2026,01:32:29: Evaluating...
09/05/2026,01:32:29: 	Train Loss: 840943.8125 (base: 1586.0317, kd: 8393.5771), Elapsed: train 5.39 test 0.42 *
09/05/2026,01:32:29: 	Recall@10: 0.00605 Recall@20: 0.00857 NDCG@10: 0.00451 NDCG@20: 0.00513 
09/05/2026,01:32:29: 	Recall@10: 0.00262 Recall@20: 0.00559 NDCG@10: 0.00137 NDCG@20: 0.00221 
09/05/2026,01:32:29: Epoch [30/1000]
09/05/2026,01:32:29: Negative sampling...
09/05/2026,01:32:30: Model's personal time...
09/05/2026,01:32:31: Training...
09/05/2026,01:32:34: Evaluating...
09/05/2026,01:32:35: 	Train Loss: 840623.0000 (base: 1569.2560, kd: 8390.5381), Elapsed: train 5.21 test 0.47 *
09/05/2026,01:32:35: 	Recall@10: 0.00623 Recall@20: 0.00860 NDCG@10: 0.00483 NDCG@20: 0.00536 
09/05/2026,01:32:35: 	Recall@10: 0.00244 Recall@20: 0.00434 NDCG@10: 0.00143 NDCG@20: 0.00200 
09/05/2026,01:32:35: Epoch [31/1000]
09/05/2026,01:32:35: Negative sampling...
09/05/2026,01:32:36: Model's personal time...
09/05/2026,01:32:36: Training...
09/05/2026,01:32:40: Evaluating...
09/05/2026,01:32:41: 	Train Loss: 839861.3750 (base: 1554.9810, kd: 8383.0645), Elapsed: train 5.32 test 0.46 *
09/05/2026,01:32:41: 	Recall@10: 0.00638 Recall@20: 0.00882 NDCG@10: 0.00494 NDCG@20: 0.00553 
09/05/2026,01:32:41: 	Recall@10: 0.00222 Recall@20: 0.00459 NDCG@10: 0.00141 NDCG@20: 0.00209 
09/05/2026,01:32:41: Epoch [32/1000]
09/05/2026,01:32:41: Negative sampling...
09/05/2026,01:32:42: Model's personal time...
09/05/2026,01:32:42: Training...
09/05/2026,01:32:46: Evaluating...
09/05/2026,01:32:46: 	Train Loss: 839541.0625 (base: 1537.0381, kd: 8380.0400), Elapsed: train 5.16 test 0.42 *
09/05/2026,01:32:46: 	Recall@10: 0.00640 Recall@20: 0.00892 NDCG@10: 0.00512 NDCG@20: 0.00570 
09/05/2026,01:32:46: 	Recall@10: 0.00219 Recall@20: 0.00393 NDCG@10: 0.00131 NDCG@20: 0.00184 
09/05/2026,01:32:46: Epoch [33/1000]
09/05/2026,01:32:46: Negative sampling...
09/05/2026,01:32:47: Model's personal time...
09/05/2026,01:32:48: Training...
09/05/2026,01:32:51: Evaluating...
09/05/2026,01:32:52: 	Train Loss: 839131.8750 (base: 1525.3049, kd: 8376.0664), Elapsed: train 5.35 test 0.45 *
09/05/2026,01:32:52: 	Recall@10: 0.00672 Recall@20: 0.00936 NDCG@10: 0.00526 NDCG@20: 0.00583 
09/05/2026,01:32:52: 	Recall@10: 0.00229 Recall@20: 0.00482 NDCG@10: 0.00148 NDCG@20: 0.00221 
09/05/2026,01:32:52: Epoch [34/1000]
09/05/2026,01:32:52: Negative sampling...
09/05/2026,01:32:53: Model's personal time...
09/05/2026,01:32:53: Training...
09/05/2026,01:32:57: Evaluating...
09/05/2026,01:32:58: 	Train Loss: 838765.1250 (base: 1509.9812, kd: 8372.5518), Elapsed: train 5.38 test 0.46 *
09/05/2026,01:32:58: 	Recall@10: 0.00678 Recall@20: 0.00930 NDCG@10: 0.00554 NDCG@20: 0.00607 
09/05/2026,01:32:58: 	Recall@10: 0.00254 Recall@20: 0.00509 NDCG@10: 0.00153 NDCG@20: 0.00228 
09/05/2026,01:32:58: Epoch [35/1000]
09/05/2026,01:32:58: Negative sampling...
09/05/2026,01:32:59: Model's personal time...
09/05/2026,01:32:59: Training...
09/05/2026,01:33:03: Evaluating...
09/05/2026,01:33:03: 	Train Loss: 838282.0000 (base: 1483.4854, kd: 8367.9854), Elapsed: train 5.26 test 0.45 *
09/05/2026,01:33:03: 	Recall@10: 0.00641 Recall@20: 0.00962 NDCG@10: 0.00553 NDCG@20: 0.00623 
09/05/2026,01:33:03: 	Recall@10: 0.00290 Recall@20: 0.00561 NDCG@10: 0.00183 NDCG@20: 0.00260 
09/05/2026,01:33:03: Epoch [36/1000]
09/05/2026,01:33:03: Negative sampling...
09/05/2026,01:33:05: Model's personal time...
09/05/2026,01:33:05: Training...
09/05/2026,01:33:09: Evaluating...
09/05/2026,01:33:09: 	Train Loss: 837857.6250 (base: 1474.1953, kd: 8363.8340), Elapsed: train 5.24 test 0.47
09/05/2026,01:33:09: 	Recall@10: 0.00705 Recall@20: 0.01013 NDCG@10: 0.00545 NDCG@20: 0.00611 
09/05/2026,01:33:09: 	Recall@10: 0.00286 Recall@20: 0.00542 NDCG@10: 0.00174 NDCG@20: 0.00249 
09/05/2026,01:33:09: Epoch [37/1000]
09/05/2026,01:33:09: Negative sampling...
09/05/2026,01:33:11: Model's personal time...
09/05/2026,01:33:11: Training...
09/05/2026,01:33:15: Evaluating...
09/05/2026,01:33:15: 	Train Loss: 837581.3750 (base: 1464.1124, kd: 8361.1729), Elapsed: train 5.40 test 0.44 *
09/05/2026,01:33:15: 	Recall@10: 0.00722 Recall@20: 0.00998 NDCG@10: 0.00578 NDCG@20: 0.00632 
09/05/2026,01:33:15: 	Recall@10: 0.00326 Recall@20: 0.00613 NDCG@10: 0.00187 NDCG@20: 0.00270 
09/05/2026,01:33:15: Epoch [38/1000]
09/05/2026,01:33:15: Negative sampling...
09/05/2026,01:33:16: Model's personal time...
09/05/2026,01:33:17: Training...
09/05/2026,01:33:20: Evaluating...
09/05/2026,01:33:21: 	Train Loss: 836987.0625 (base: 1436.4952, kd: 8355.5059), Elapsed: train 5.26 test 0.42 *
09/05/2026,01:33:21: 	Recall@10: 0.00786 Recall@20: 0.01077 NDCG@10: 0.00606 NDCG@20: 0.00666 
09/05/2026,01:33:21: 	Recall@10: 0.00380 Recall@20: 0.00665 NDCG@10: 0.00200 NDCG@20: 0.00285 
09/05/2026,01:33:21: Epoch [39/1000]
09/05/2026,01:33:21: Negative sampling...
09/05/2026,01:33:22: Model's personal time...
09/05/2026,01:33:22: Training...
09/05/2026,01:33:26: Evaluating...
09/05/2026,01:33:26: 	Train Loss: 836699.8125 (base: 1425.3423, kd: 8352.7451), Elapsed: train 5.15 test 0.41
09/05/2026,01:33:26: 	Recall@10: 0.00770 Recall@20: 0.01014 NDCG@10: 0.00616 NDCG@20: 0.00665 
09/05/2026,01:33:26: 	Recall@10: 0.00301 Recall@20: 0.00601 NDCG@10: 0.00180 NDCG@20: 0.00267 
09/05/2026,01:33:26: Epoch [40/1000]
09/05/2026,01:33:26: Negative sampling...
09/05/2026,01:33:28: Model's personal time...
09/05/2026,01:33:28: Training...
09/05/2026,01:33:31: Evaluating...
09/05/2026,01:33:32: 	Train Loss: 836106.9375 (base: 1399.0048, kd: 8347.0791), Elapsed: train 5.10 test 0.47 *
09/05/2026,01:33:32: 	Recall@10: 0.00817 Recall@20: 0.01076 NDCG@10: 0.00634 NDCG@20: 0.00687 
09/05/2026,01:33:32: 	Recall@10: 0.00362 Recall@20: 0.00636 NDCG@10: 0.00206 NDCG@20: 0.00284 
09/05/2026,01:33:32: Epoch [41/1000]
09/05/2026,01:33:32: Negative sampling...
09/05/2026,01:33:33: Model's personal time...
09/05/2026,01:33:33: Training...
09/05/2026,01:33:37: Evaluating...
09/05/2026,01:33:37: 	Train Loss: 836096.3125 (base: 1385.2659, kd: 8347.1104), Elapsed: train 5.15 test 0.41
09/05/2026,01:33:37: 	Recall@10: 0.00805 Recall@20: 0.01094 NDCG@10: 0.00619 NDCG@20: 0.00682 
09/05/2026,01:33:37: 	Recall@10: 0.00352 Recall@20: 0.00665 NDCG@10: 0.00214 NDCG@20: 0.00304 
09/05/2026,01:33:37: Epoch [42/1000]
09/05/2026,01:33:37: Negative sampling...
09/05/2026,01:33:39: Model's personal time...
09/05/2026,01:33:39: Training...
09/05/2026,01:33:43: Evaluating...
09/05/2026,01:33:43: 	Train Loss: 835821.6875 (base: 1377.1422, kd: 8344.4463), Elapsed: train 5.12 test 0.46 *
09/05/2026,01:33:43: 	Recall@10: 0.00814 Recall@20: 0.01068 NDCG@10: 0.00641 NDCG@20: 0.00693 
09/05/2026,01:33:43: 	Recall@10: 0.00403 Recall@20: 0.00729 NDCG@10: 0.00216 NDCG@20: 0.00308 
09/05/2026,01:33:43: Epoch [43/1000]
09/05/2026,01:33:43: Negative sampling...
09/05/2026,01:33:44: Model's personal time...
09/05/2026,01:33:45: Training...
09/05/2026,01:33:48: Evaluating...
09/05/2026,01:33:49: 	Train Loss: 835394.6875 (base: 1353.6088, kd: 8340.4102), Elapsed: train 5.45 test 0.44 *
09/05/2026,01:33:49: 	Recall@10: 0.00842 Recall@20: 0.01162 NDCG@10: 0.00657 NDCG@20: 0.00726 
09/05/2026,01:33:49: 	Recall@10: 0.00361 Recall@20: 0.00716 NDCG@10: 0.00221 NDCG@20: 0.00323 
09/05/2026,01:33:49: Epoch [44/1000]
09/05/2026,01:33:49: Negative sampling...
09/05/2026,01:33:50: Model's personal time...
09/05/2026,01:33:50: Training...
09/05/2026,01:33:54: Evaluating...
09/05/2026,01:33:55: 	Train Loss: 835118.5000 (base: 1331.9528, kd: 8337.8652), Elapsed: train 5.27 test 0.43 *
09/05/2026,01:33:55: 	Recall@10: 0.00823 Recall@20: 0.01208 NDCG@10: 0.00658 NDCG@20: 0.00749 
09/05/2026,01:33:55: 	Recall@10: 0.00327 Recall@20: 0.00678 NDCG@10: 0.00216 NDCG@20: 0.00317 
09/05/2026,01:33:55: Epoch [45/1000]
09/05/2026,01:33:55: Negative sampling...
09/05/2026,01:33:56: Model's personal time...
09/05/2026,01:33:56: Training...
09/05/2026,01:34:00: Evaluating...
09/05/2026,01:34:00: 	Train Loss: 834886.9375 (base: 1317.1193, kd: 8335.6982), Elapsed: train 5.20 test 0.47 *
09/05/2026,01:34:00: 	Recall@10: 0.00876 Recall@20: 0.01212 NDCG@10: 0.00696 NDCG@20: 0.00767 
09/05/2026,01:34:00: 	Recall@10: 0.00419 Recall@20: 0.00676 NDCG@10: 0.00252 NDCG@20: 0.00328 
09/05/2026,01:34:00: Epoch [46/1000]
09/05/2026,01:34:00: Negative sampling...
09/05/2026,01:34:02: Model's personal time...
09/05/2026,01:34:02: Training...
09/05/2026,01:34:05: Evaluating...
09/05/2026,01:34:06: 	Train Loss: 834545.6250 (base: 1300.1664, kd: 8332.4541), Elapsed: train 5.20 test 0.43
09/05/2026,01:34:06: 	Recall@10: 0.00843 Recall@20: 0.01211 NDCG@10: 0.00665 NDCG@20: 0.00747 
09/05/2026,01:34:06: 	Recall@10: 0.00511 Recall@20: 0.00729 NDCG@10: 0.00283 NDCG@20: 0.00351 
09/05/2026,01:34:06: Epoch [47/1000]
09/05/2026,01:34:06: Negative sampling...
09/05/2026,01:34:07: Model's personal time...
09/05/2026,01:34:07: Training...
09/05/2026,01:34:11: Evaluating...
09/05/2026,01:34:11: 	Train Loss: 834535.5625 (base: 1288.0101, kd: 8332.4756), Elapsed: train 5.18 test 0.44
09/05/2026,01:34:11: 	Recall@10: 0.00888 Recall@20: 0.01185 NDCG@10: 0.00695 NDCG@20: 0.00758 
09/05/2026,01:34:11: 	Recall@10: 0.00527 Recall@20: 0.00722 NDCG@10: 0.00296 NDCG@20: 0.00359 
09/05/2026,01:34:11: Epoch [48/1000]
09/05/2026,01:34:11: Negative sampling...
09/05/2026,01:34:13: Model's personal time...
09/05/2026,01:34:13: Training...
09/05/2026,01:34:17: Evaluating...
09/05/2026,01:34:17: 	Train Loss: 833954.0000 (base: 1260.7482, kd: 8326.9326), Elapsed: train 5.06 test 0.40 *
09/05/2026,01:34:17: 	Recall@10: 0.00929 Recall@20: 0.01284 NDCG@10: 0.00708 NDCG@20: 0.00785 
09/05/2026,01:34:17: 	Recall@10: 0.00443 Recall@20: 0.00729 NDCG@10: 0.00260 NDCG@20: 0.00345 
09/05/2026,01:34:17: Epoch [49/1000]
09/05/2026,01:34:17: Negative sampling...
09/05/2026,01:34:18: Model's personal time...
09/05/2026,01:34:18: Training...
09/05/2026,01:34:22: Evaluating...
09/05/2026,01:34:22: 	Train Loss: 833623.1875 (base: 1238.8440, kd: 8323.8428), Elapsed: train 5.10 test 0.41 *
09/05/2026,01:34:22: 	Recall@10: 0.00937 Recall@20: 0.01284 NDCG@10: 0.00728 NDCG@20: 0.00805 
09/05/2026,01:34:22: 	Recall@10: 0.00533 Recall@20: 0.00713 NDCG@10: 0.00314 NDCG@20: 0.00372 
09/05/2026,01:34:22: Epoch [50/1000]
09/05/2026,01:34:22: Negative sampling...
09/05/2026,01:34:24: Model's personal time...
09/05/2026,01:34:24: Training...
09/05/2026,01:34:28: Evaluating...
09/05/2026,01:34:28: 	Train Loss: 833458.6875 (base: 1233.3041, kd: 8322.2539), Elapsed: train 5.16 test 0.45 *
09/05/2026,01:34:28: 	Recall@10: 0.00957 Recall@20: 0.01311 NDCG@10: 0.00744 NDCG@20: 0.00827 
09/05/2026,01:34:28: 	Recall@10: 0.00514 Recall@20: 0.00713 NDCG@10: 0.00299 NDCG@20: 0.00360 
09/05/2026,01:34:28: Epoch [51/1000]
09/05/2026,01:34:28: Negative sampling...
09/05/2026,01:34:29: Model's personal time...
09/05/2026,01:34:30: Training...
09/05/2026,01:34:33: Evaluating...
09/05/2026,01:34:34: 	Train Loss: 833509.3750 (base: 1215.6687, kd: 8322.9365), Elapsed: train 5.24 test 0.41
09/05/2026,01:34:34: 	Recall@10: 0.00996 Recall@20: 0.01325 NDCG@10: 0.00753 NDCG@20: 0.00826 
09/05/2026,01:34:34: 	Recall@10: 0.00543 Recall@20: 0.00789 NDCG@10: 0.00331 NDCG@20: 0.00404 
09/05/2026,01:34:34: Epoch [52/1000]
09/05/2026,01:34:34: Negative sampling...
09/05/2026,01:34:35: Model's personal time...
09/05/2026,01:34:35: Training...
09/05/2026,01:34:39: Evaluating...
09/05/2026,01:34:39: 	Train Loss: 832964.5625 (base: 1201.3164, kd: 8317.6328), Elapsed: train 5.22 test 0.44 *
09/05/2026,01:34:39: 	Recall@10: 0.00973 Recall@20: 0.01312 NDCG@10: 0.00765 NDCG@20: 0.00837 
09/05/2026,01:34:39: 	Recall@10: 0.00498 Recall@20: 0.00777 NDCG@10: 0.00309 NDCG@20: 0.00392 
09/05/2026,01:34:39: Epoch [53/1000]
09/05/2026,01:34:39: Negative sampling...
09/05/2026,01:34:41: Model's personal time...
09/05/2026,01:34:41: Training...
09/05/2026,01:34:45: Evaluating...
09/05/2026,01:34:45: 	Train Loss: 832733.1875 (base: 1182.8314, kd: 8315.5029), Elapsed: train 5.15 test 0.40
09/05/2026,01:34:45: 	Recall@10: 0.01001 Recall@20: 0.01301 NDCG@10: 0.00768 NDCG@20: 0.00834 
09/05/2026,01:34:45: 	Recall@10: 0.00501 Recall@20: 0.00767 NDCG@10: 0.00300 NDCG@20: 0.00378 
09/05/2026,01:34:45: Epoch [54/1000]
09/05/2026,01:34:45: Negative sampling...
09/05/2026,01:34:46: Model's personal time...
09/05/2026,01:34:46: Training...
09/05/2026,01:34:50: Evaluating...
09/05/2026,01:34:50: 	Train Loss: 832467.2500 (base: 1173.5806, kd: 8312.9365), Elapsed: train 5.09 test 0.41
09/05/2026,01:34:50: 	Recall@10: 0.00999 Recall@20: 0.01331 NDCG@10: 0.00757 NDCG@20: 0.00833 
09/05/2026,01:34:50: 	Recall@10: 0.00485 Recall@20: 0.00818 NDCG@10: 0.00313 NDCG@20: 0.00409 
09/05/2026,01:34:50: Epoch [55/1000]
09/05/2026,01:34:50: Negative sampling...
09/05/2026,01:34:52: Model's personal time...
09/05/2026,01:34:52: Training...
09/05/2026,01:34:56: Evaluating...
09/05/2026,01:34:56: 	Train Loss: 832264.0625 (base: 1153.5897, kd: 8311.1045), Elapsed: train 5.18 test 0.44 *
09/05/2026,01:34:56: 	Recall@10: 0.00971 Recall@20: 0.01317 NDCG@10: 0.00762 NDCG@20: 0.00838 
09/05/2026,01:34:56: 	Recall@10: 0.00412 Recall@20: 0.00724 NDCG@10: 0.00271 NDCG@20: 0.00361 
09/05/2026,01:34:56: Epoch [56/1000]
09/05/2026,01:34:56: Negative sampling...
09/05/2026,01:34:57: Model's personal time...
09/05/2026,01:34:58: Training...
09/05/2026,01:35:01: Evaluating...
09/05/2026,01:35:02: 	Train Loss: 832109.7500 (base: 1140.1520, kd: 8309.6963), Elapsed: train 5.22 test 0.44 *
09/05/2026,01:35:02: 	Recall@10: 0.00995 Recall@20: 0.01388 NDCG@10: 0.00776 NDCG@20: 0.00868 
09/05/2026,01:35:02: 	Recall@10: 0.00437 Recall@20: 0.00730 NDCG@10: 0.00272 NDCG@20: 0.00357 
09/05/2026,01:35:02: Epoch [57/1000]
09/05/2026,01:35:02: Negative sampling...
09/05/2026,01:35:03: Model's personal time...
09/05/2026,01:35:03: Training...
09/05/2026,01:35:07: Evaluating...
09/05/2026,01:35:07: 	Train Loss: 832071.8125 (base: 1116.4343, kd: 8309.5547), Elapsed: train 5.20 test 0.43 *
09/05/2026,01:35:07: 	Recall@10: 0.01028 Recall@20: 0.01450 NDCG@10: 0.00791 NDCG@20: 0.00890 
09/05/2026,01:35:07: 	Recall@10: 0.00528 Recall@20: 0.00796 NDCG@10: 0.00318 NDCG@20: 0.00400 
09/05/2026,01:35:07: Epoch [58/1000]
09/05/2026,01:35:07: Negative sampling...
09/05/2026,01:35:09: Model's personal time...
09/05/2026,01:35:09: Training...
09/05/2026,01:35:13: Evaluating...
09/05/2026,01:35:13: 	Train Loss: 831636.6250 (base: 1114.2200, kd: 8305.2246), Elapsed: train 5.29 test 0.43
09/05/2026,01:35:13: 	Recall@10: 0.01035 Recall@20: 0.01423 NDCG@10: 0.00787 NDCG@20: 0.00875 
09/05/2026,01:35:13: 	Recall@10: 0.00528 Recall@20: 0.00777 NDCG@10: 0.00352 NDCG@20: 0.00431 
09/05/2026,01:35:13: Epoch [59/1000]
09/05/2026,01:35:13: Negative sampling...
09/05/2026,01:35:15: Model's personal time...
09/05/2026,01:35:15: Training...
09/05/2026,01:35:18: Evaluating...
09/05/2026,01:35:19: 	Train Loss: 831660.2500 (base: 1095.1464, kd: 8305.6514), Elapsed: train 5.32 test 0.41 *
09/05/2026,01:35:19: 	Recall@10: 0.01079 Recall@20: 0.01458 NDCG@10: 0.00815 NDCG@20: 0.00901 
09/05/2026,01:35:19: 	Recall@10: 0.00504 Recall@20: 0.00858 NDCG@10: 0.00317 NDCG@20: 0.00423 
09/05/2026,01:35:19: Epoch [60/1000]
09/05/2026,01:35:19: Negative sampling...
09/05/2026,01:35:20: Model's personal time...
09/05/2026,01:35:20: Training...
09/05/2026,01:35:24: Evaluating...
09/05/2026,01:35:24: 	Train Loss: 831535.4375 (base: 1087.1906, kd: 8304.4824), Elapsed: train 5.12 test 0.41 *
09/05/2026,01:35:24: 	Recall@10: 0.01084 Recall@20: 0.01491 NDCG@10: 0.00829 NDCG@20: 0.00922 
09/05/2026,01:35:24: 	Recall@10: 0.00505 Recall@20: 0.00773 NDCG@10: 0.00307 NDCG@20: 0.00386 
09/05/2026,01:35:24: Epoch [61/1000]
09/05/2026,01:35:24: Negative sampling...
09/05/2026,01:35:26: Model's personal time...
09/05/2026,01:35:26: Training...
09/05/2026,01:35:30: Evaluating...
09/05/2026,01:35:30: 	Train Loss: 831019.5625 (base: 1068.6713, kd: 8299.5098), Elapsed: train 5.19 test 0.46
09/05/2026,01:35:30: 	Recall@10: 0.01097 Recall@20: 0.01496 NDCG@10: 0.00826 NDCG@20: 0.00916 
09/05/2026,01:35:30: 	Recall@10: 0.00469 Recall@20: 0.00706 NDCG@10: 0.00302 NDCG@20: 0.00375 
09/05/2026,01:35:30: Epoch [62/1000]
09/05/2026,01:35:30: Negative sampling...
09/05/2026,01:35:31: Model's personal time...
09/05/2026,01:35:31: Training...
09/05/2026,01:35:35: Evaluating...
09/05/2026,01:35:36: 	Train Loss: 830861.6250 (base: 1041.5121, kd: 8298.2012), Elapsed: train 5.24 test 0.43 *
09/05/2026,01:35:36: 	Recall@10: 0.01182 Recall@20: 0.01549 NDCG@10: 0.00858 NDCG@20: 0.00941 
09/05/2026,01:35:36: 	Recall@10: 0.00584 Recall@20: 0.00822 NDCG@10: 0.00359 NDCG@20: 0.00431 
09/05/2026,01:35:36: Epoch [63/1000]
09/05/2026,01:35:36: Negative sampling...
09/05/2026,01:35:37: Model's personal time...
09/05/2026,01:35:37: Training...
09/05/2026,01:35:41: Evaluating...
09/05/2026,01:35:41: 	Train Loss: 830808.9375 (base: 1041.5527, kd: 8297.6748), Elapsed: train 5.14 test 0.42 *
09/05/2026,01:35:41: 	Recall@10: 0.01152 Recall@20: 0.01624 NDCG@10: 0.00861 NDCG@20: 0.00976 
09/05/2026,01:35:41: 	Recall@10: 0.00546 Recall@20: 0.00796 NDCG@10: 0.00330 NDCG@20: 0.00405 
09/05/2026,01:35:41: Epoch [64/1000]
09/05/2026,01:35:41: Negative sampling...
09/05/2026,01:35:43: Model's personal time...
09/05/2026,01:35:43: Training...
09/05/2026,01:35:46: Evaluating...
09/05/2026,01:35:47: 	Train Loss: 830429.1875 (base: 1021.3795, kd: 8294.0771), Elapsed: train 5.09 test 0.45 *
09/05/2026,01:35:47: 	Recall@10: 0.01216 Recall@20: 0.01561 NDCG@10: 0.00908 NDCG@20: 0.00986 
09/05/2026,01:35:47: 	Recall@10: 0.00553 Recall@20: 0.00791 NDCG@10: 0.00350 NDCG@20: 0.00423 
09/05/2026,01:35:47: Epoch [65/1000]
09/05/2026,01:35:47: Negative sampling...
09/05/2026,01:35:48: Model's personal time...
09/05/2026,01:35:48: Training...
09/05/2026,01:35:52: Evaluating...
09/05/2026,01:35:52: 	Train Loss: 830571.7500 (base: 1010.5375, kd: 8295.6123), Elapsed: train 5.25 test 0.48 *
09/05/2026,01:35:52: 	Recall@10: 0.01279 Recall@20: 0.01655 NDCG@10: 0.00909 NDCG@20: 0.01001 
09/05/2026,01:35:52: 	Recall@10: 0.00565 Recall@20: 0.00791 NDCG@10: 0.00347 NDCG@20: 0.00416 
09/05/2026,01:35:52: Epoch [66/1000]
09/05/2026,01:35:52: Negative sampling...
09/05/2026,01:35:54: Model's personal time...
09/05/2026,01:35:54: Training...
09/05/2026,01:35:58: Evaluating...
09/05/2026,01:35:58: 	Train Loss: 830240.1250 (base: 999.6600, kd: 8292.4043), Elapsed: train 5.13 test 0.41 *
09/05/2026,01:35:58: 	Recall@10: 0.01271 Recall@20: 0.01639 NDCG@10: 0.00915 NDCG@20: 0.01006 
09/05/2026,01:35:58: 	Recall@10: 0.00559 Recall@20: 0.00815 NDCG@10: 0.00356 NDCG@20: 0.00435 
09/05/2026,01:35:58: Epoch [67/1000]
09/05/2026,01:35:58: Negative sampling...
09/05/2026,01:35:59: Model's personal time...
09/05/2026,01:35:59: Training...
09/05/2026,01:36:03: Evaluating...
09/05/2026,01:36:04: 	Train Loss: 830141.1875 (base: 980.2970, kd: 8291.6094), Elapsed: train 5.10 test 0.42 *
09/05/2026,01:36:04: 	Recall@10: 0.01254 Recall@20: 0.01661 NDCG@10: 0.00921 NDCG@20: 0.01019 
09/05/2026,01:36:04: 	Recall@10: 0.00548 Recall@20: 0.00789 NDCG@10: 0.00351 NDCG@20: 0.00424 
09/05/2026,01:36:04: Epoch [68/1000]
09/05/2026,01:36:04: Negative sampling...
09/05/2026,01:36:05: Model's personal time...
09/05/2026,01:36:05: Training...
09/05/2026,01:36:09: Evaluating...
09/05/2026,01:36:09: 	Train Loss: 829844.6875 (base: 978.0950, kd: 8288.6660), Elapsed: train 5.18 test 0.43 *
09/05/2026,01:36:09: 	Recall@10: 0.01299 Recall@20: 0.01639 NDCG@10: 0.00944 NDCG@20: 0.01022 
09/05/2026,01:36:09: 	Recall@10: 0.00607 Recall@20: 0.00807 NDCG@10: 0.00381 NDCG@20: 0.00441 
09/05/2026,01:36:09: Epoch [69/1000]
09/05/2026,01:36:09: Negative sampling...
09/05/2026,01:36:11: Model's personal time...
09/05/2026,01:36:11: Training...
09/05/2026,01:36:14: Evaluating...
09/05/2026,01:36:15: 	Train Loss: 829538.7500 (base: 957.8384, kd: 8285.8096), Elapsed: train 5.17 test 0.46 *
09/05/2026,01:36:15: 	Recall@10: 0.01315 Recall@20: 0.01645 NDCG@10: 0.00963 NDCG@20: 0.01038 
09/05/2026,01:36:15: 	Recall@10: 0.00601 Recall@20: 0.00813 NDCG@10: 0.00379 NDCG@20: 0.00444 
09/05/2026,01:36:15: Epoch [70/1000]
09/05/2026,01:36:15: Negative sampling...
09/05/2026,01:36:16: Model's personal time...
09/05/2026,01:36:16: Training...
09/05/2026,01:36:20: Evaluating...
09/05/2026,01:36:20: 	Train Loss: 829592.1250 (base: 945.7829, kd: 8286.4639), Elapsed: train 5.14 test 0.42 *
09/05/2026,01:36:20: 	Recall@10: 0.01366 Recall@20: 0.01703 NDCG@10: 0.00982 NDCG@20: 0.01060 
09/05/2026,01:36:20: 	Recall@10: 0.00568 Recall@20: 0.00806 NDCG@10: 0.00378 NDCG@20: 0.00450 
09/05/2026,01:36:20: Epoch [71/1000]
09/05/2026,01:36:20: Negative sampling...
09/05/2026,01:36:22: Model's personal time...
09/05/2026,01:36:22: Training...
09/05/2026,01:36:26: Evaluating...
09/05/2026,01:36:26: 	Train Loss: 829485.6875 (base: 934.8074, kd: 8285.5088), Elapsed: train 5.20 test 0.42
09/05/2026,01:36:26: 	Recall@10: 0.01335 Recall@20: 0.01732 NDCG@10: 0.00959 NDCG@20: 0.01050 
09/05/2026,01:36:26: 	Recall@10: 0.00576 Recall@20: 0.00828 NDCG@10: 0.00349 NDCG@20: 0.00424 
09/05/2026,01:36:26: Epoch [72/1000]
09/05/2026,01:36:26: Negative sampling...
09/05/2026,01:36:27: Model's personal time...
09/05/2026,01:36:27: Training...
09/05/2026,01:36:31: Evaluating...
09/05/2026,01:36:32: 	Train Loss: 829263.5000 (base: 919.6691, kd: 8283.4385), Elapsed: train 5.25 test 0.52
09/05/2026,01:36:32: 	Recall@10: 0.01312 Recall@20: 0.01749 NDCG@10: 0.00946 NDCG@20: 0.01053 
09/05/2026,01:36:32: 	Recall@10: 0.00607 Recall@20: 0.00809 NDCG@10: 0.00386 NDCG@20: 0.00445 
09/05/2026,01:36:32: Epoch [73/1000]
09/05/2026,01:36:32: Negative sampling...
09/05/2026,01:36:33: Model's personal time...
09/05/2026,01:36:33: Training...
09/05/2026,01:36:37: Evaluating...
09/05/2026,01:36:38: 	Train Loss: 829100.2500 (base: 909.9282, kd: 8281.9033), Elapsed: train 5.46 test 0.50 *
09/05/2026,01:36:38: 	Recall@10: 0.01449 Recall@20: 0.01754 NDCG@10: 0.01006 NDCG@20: 0.01081 
09/05/2026,01:36:38: 	Recall@10: 0.00617 Recall@20: 0.00867 NDCG@10: 0.00420 NDCG@20: 0.00494 
09/05/2026,01:36:38: Epoch [74/1000]
09/05/2026,01:36:38: Negative sampling...
09/05/2026,01:36:39: Model's personal time...
09/05/2026,01:36:39: Training...
09/05/2026,01:36:43: Evaluating...
09/05/2026,01:36:43: 	Train Loss: 828989.1250 (base: 890.8414, kd: 8280.9824), Elapsed: train 5.23 test 0.41 *
09/05/2026,01:36:43: 	Recall@10: 0.01388 Recall@20: 0.01754 NDCG@10: 0.00997 NDCG@20: 0.01086 
09/05/2026,01:36:43: 	Recall@10: 0.00439 Recall@20: 0.00738 NDCG@10: 0.00299 NDCG@20: 0.00385 
09/05/2026,01:36:43: Epoch [75/1000]
09/05/2026,01:36:43: Negative sampling...
09/05/2026,01:36:45: Model's personal time...
09/05/2026,01:36:45: Training...
09/05/2026,01:36:49: Evaluating...
09/05/2026,01:36:49: 	Train Loss: 828915.4375 (base: 886.7245, kd: 8280.2871), Elapsed: train 5.20 test 0.41 *
09/05/2026,01:36:49: 	Recall@10: 0.01383 Recall@20: 0.01776 NDCG@10: 0.00999 NDCG@20: 0.01095 
09/05/2026,01:36:49: 	Recall@10: 0.00600 Recall@20: 0.00805 NDCG@10: 0.00355 NDCG@20: 0.00418 
09/05/2026,01:36:49: Epoch [76/1000]
09/05/2026,01:36:49: Negative sampling...
09/05/2026,01:36:50: Model's personal time...
09/05/2026,01:36:50: Training...
09/05/2026,01:36:54: Evaluating...
09/05/2026,01:36:55: 	Train Loss: 828739.7500 (base: 870.3088, kd: 8278.6934), Elapsed: train 5.18 test 0.41 *
09/05/2026,01:36:55: 	Recall@10: 0.01401 Recall@20: 0.01813 NDCG@10: 0.01032 NDCG@20: 0.01135 
09/05/2026,01:36:55: 	Recall@10: 0.00655 Recall@20: 0.00882 NDCG@10: 0.00422 NDCG@20: 0.00492 
09/05/2026,01:36:55: Epoch [77/1000]
09/05/2026,01:36:55: Negative sampling...
09/05/2026,01:36:56: Model's personal time...
09/05/2026,01:36:56: Training...
09/05/2026,01:37:00: Evaluating...
09/05/2026,01:37:00: 	Train Loss: 828599.6875 (base: 858.8599, kd: 8277.4082), Elapsed: train 5.11 test 0.42
09/05/2026,01:37:00: 	Recall@10: 0.01430 Recall@20: 0.01838 NDCG@10: 0.01031 NDCG@20: 0.01132 
09/05/2026,01:37:00: 	Recall@10: 0.00508 Recall@20: 0.00733 NDCG@10: 0.00331 NDCG@20: 0.00401 
09/05/2026,01:37:00: Epoch [78/1000]
09/05/2026,01:37:00: Negative sampling...
09/05/2026,01:37:01: Model's personal time...
09/05/2026,01:37:02: Training...
09/05/2026,01:37:05: Evaluating...
09/05/2026,01:37:06: 	Train Loss: 828346.2500 (base: 849.2061, kd: 8274.9707), Elapsed: train 5.21 test 0.42 *
09/05/2026,01:37:06: 	Recall@10: 0.01447 Recall@20: 0.01863 NDCG@10: 0.01053 NDCG@20: 0.01159 
09/05/2026,01:37:06: 	Recall@10: 0.00599 Recall@20: 0.00759 NDCG@10: 0.00382 NDCG@20: 0.00435 
09/05/2026,01:37:06: Epoch [79/1000]
09/05/2026,01:37:06: Negative sampling...
09/05/2026,01:37:07: Model's personal time...
09/05/2026,01:37:07: Training...
09/05/2026,01:37:11: Evaluating...
09/05/2026,01:37:11: 	Train Loss: 828351.5000 (base: 843.0988, kd: 8275.0840), Elapsed: train 5.29 test 0.43
09/05/2026,01:37:11: 	Recall@10: 0.01456 Recall@20: 0.01887 NDCG@10: 0.01047 NDCG@20: 0.01158 
09/05/2026,01:37:11: 	Recall@10: 0.00583 Recall@20: 0.00843 NDCG@10: 0.00366 NDCG@20: 0.00446 
09/05/2026,01:37:11: Epoch [80/1000]
09/05/2026,01:37:11: Negative sampling...
09/05/2026,01:37:13: Model's personal time...
09/05/2026,01:37:13: Training...
09/05/2026,01:37:17: Evaluating...
09/05/2026,01:37:17: 	Train Loss: 828321.7500 (base: 821.4279, kd: 8275.0039), Elapsed: train 5.26 test 0.44 *
09/05/2026,01:37:17: 	Recall@10: 0.01550 Recall@20: 0.01939 NDCG@10: 0.01097 NDCG@20: 0.01192 
09/05/2026,01:37:17: 	Recall@10: 0.00587 Recall@20: 0.00822 NDCG@10: 0.00409 NDCG@20: 0.00486 
09/05/2026,01:37:17: Epoch [81/1000]
09/05/2026,01:37:17: Negative sampling...
09/05/2026,01:37:19: Model's personal time...
09/05/2026,01:37:19: Training...
09/05/2026,01:37:22: Evaluating...
09/05/2026,01:37:23: 	Train Loss: 827825.6250 (base: 814.1193, kd: 8270.1143), Elapsed: train 5.17 test 0.42
09/05/2026,01:37:23: 	Recall@10: 0.01436 Recall@20: 0.01911 NDCG@10: 0.01061 NDCG@20: 0.01184 
09/05/2026,01:37:23: 	Recall@10: 0.00596 Recall@20: 0.00798 NDCG@10: 0.00388 NDCG@20: 0.00450 
09/05/2026,01:37:23: Epoch [82/1000]
09/05/2026,01:37:23: Negative sampling...
09/05/2026,01:37:24: Model's personal time...
09/05/2026,01:37:24: Training...
09/05/2026,01:37:28: Evaluating...
09/05/2026,01:37:28: 	Train Loss: 827803.7500 (base: 814.7861, kd: 8269.8896), Elapsed: train 5.24 test 0.44
09/05/2026,01:37:28: 	Recall@10: 0.01459 Recall@20: 0.01898 NDCG@10: 0.01059 NDCG@20: 0.01173 
09/05/2026,01:37:28: 	Recall@10: 0.00587 Recall@20: 0.00845 NDCG@10: 0.00403 NDCG@20: 0.00483 
09/05/2026,01:37:28: Epoch [83/1000]
09/05/2026,01:37:28: Negative sampling...
09/05/2026,01:37:30: Model's personal time...
09/05/2026,01:37:30: Training...
09/05/2026,01:37:34: Evaluating...
09/05/2026,01:37:34: 	Train Loss: 827945.5625 (base: 801.8874, kd: 8271.4365), Elapsed: train 5.18 test 0.47
09/05/2026,01:37:34: 	Recall@10: 0.01476 Recall@20: 0.01873 NDCG@10: 0.01080 NDCG@20: 0.01177 
09/05/2026,01:37:34: 	Recall@10: 0.00556 Recall@20: 0.00816 NDCG@10: 0.00360 NDCG@20: 0.00436 
09/05/2026,01:37:34: Epoch [84/1000]
09/05/2026,01:37:34: Negative sampling...
09/05/2026,01:37:35: Model's personal time...
09/05/2026,01:37:36: Training...
09/05/2026,01:37:39: Evaluating...
09/05/2026,01:37:40: 	Train Loss: 827620.0000 (base: 786.4488, kd: 8268.3359), Elapsed: train 5.20 test 0.46 *
09/05/2026,01:37:40: 	Recall@10: 0.01498 Recall@20: 0.01913 NDCG@10: 0.01092 NDCG@20: 0.01198 
09/05/2026,01:37:40: 	Recall@10: 0.00569 Recall@20: 0.00818 NDCG@10: 0.00365 NDCG@20: 0.00441 
09/05/2026,01:37:40: Epoch [85/1000]
09/05/2026,01:37:40: Negative sampling...
09/05/2026,01:37:41: Model's personal time...
09/05/2026,01:37:41: Training...
09/05/2026,01:37:45: Evaluating...
09/05/2026,01:37:45: 	Train Loss: 827613.6875 (base: 790.2272, kd: 8268.2344), Elapsed: train 5.12 test 0.43 *
09/05/2026,01:37:45: 	Recall@10: 0.01542 Recall@20: 0.01987 NDCG@10: 0.01124 NDCG@20: 0.01236 
09/05/2026,01:37:45: 	Recall@10: 0.00665 Recall@20: 0.00856 NDCG@10: 0.00454 NDCG@20: 0.00512 
09/05/2026,01:37:45: Epoch [86/1000]
09/05/2026,01:37:45: Negative sampling...
09/05/2026,01:37:47: Model's personal time...
09/05/2026,01:37:47: Training...
09/05/2026,01:37:51: Evaluating...
09/05/2026,01:37:51: 	Train Loss: 827292.0625 (base: 772.0480, kd: 8265.2002), Elapsed: train 5.52 test 0.50
09/05/2026,01:37:51: 	Recall@10: 0.01534 Recall@20: 0.01932 NDCG@10: 0.01127 NDCG@20: 0.01226 
09/05/2026,01:37:51: 	Recall@10: 0.00625 Recall@20: 0.00815 NDCG@10: 0.00444 NDCG@20: 0.00504 
09/05/2026,01:37:51: Epoch [87/1000]
09/05/2026,01:37:51: Negative sampling...
09/05/2026,01:37:53: Model's personal time...
09/05/2026,01:37:53: Training...
09/05/2026,01:37:56: Evaluating...
09/05/2026,01:37:57: 	Train Loss: 827380.0000 (base: 764.3854, kd: 8266.1553), Elapsed: train 5.19 test 0.44
09/05/2026,01:37:57: 	Recall@10: 0.01564 Recall@20: 0.01928 NDCG@10: 0.01112 NDCG@20: 0.01205 
09/05/2026,01:37:57: 	Recall@10: 0.00619 Recall@20: 0.00805 NDCG@10: 0.00405 NDCG@20: 0.00463 
09/05/2026,01:37:57: Epoch [88/1000]
09/05/2026,01:37:57: Negative sampling...
09/05/2026,01:37:58: Model's personal time...
09/05/2026,01:37:58: Training...
09/05/2026,01:38:02: Evaluating...
09/05/2026,01:38:03: 	Train Loss: 827363.5625 (base: 747.0466, kd: 8266.1660), Elapsed: train 5.21 test 0.49
09/05/2026,01:38:03: 	Recall@10: 0.01541 Recall@20: 0.01935 NDCG@10: 0.01099 NDCG@20: 0.01197 
09/05/2026,01:38:03: 	Recall@10: 0.00648 Recall@20: 0.00825 NDCG@10: 0.00436 NDCG@20: 0.00493 
09/05/2026,01:38:03: Epoch [89/1000]
09/05/2026,01:38:03: Negative sampling...
09/05/2026,01:38:04: Model's personal time...
09/05/2026,01:38:04: Training...
09/05/2026,01:38:08: Evaluating...
09/05/2026,01:38:08: 	Train Loss: 827178.2500 (base: 747.2488, kd: 8264.3096), Elapsed: train 5.21 test 0.40
09/05/2026,01:38:08: 	Recall@10: 0.01567 Recall@20: 0.01926 NDCG@10: 0.01110 NDCG@20: 0.01197 
09/05/2026,01:38:08: 	Recall@10: 0.00554 Recall@20: 0.00752 NDCG@10: 0.00370 NDCG@20: 0.00430 
09/05/2026,01:38:08: Epoch [90/1000]
09/05/2026,01:38:08: Negative sampling...
09/05/2026,01:38:10: Model's personal time...
09/05/2026,01:38:10: Training...
09/05/2026,01:38:13: Evaluating...
09/05/2026,01:38:14: 	Train Loss: 827086.4375 (base: 728.5021, kd: 8263.5801), Elapsed: train 5.22 test 0.43
09/05/2026,01:38:14: 	Recall@10: 0.01522 Recall@20: 0.01925 NDCG@10: 0.01100 NDCG@20: 0.01201 
09/05/2026,01:38:14: 	Recall@10: 0.00568 Recall@20: 0.00757 NDCG@10: 0.00375 NDCG@20: 0.00434 
09/05/2026,01:38:14: Epoch [91/1000]
09/05/2026,01:38:14: Negative sampling...
09/05/2026,01:38:15: Model's personal time...
09/05/2026,01:38:15: Training...
09/05/2026,01:38:19: Evaluating...
09/05/2026,01:38:20: 	Train Loss: 827044.8750 (base: 721.6671, kd: 8263.2324), Elapsed: train 5.28 test 0.43
09/05/2026,01:38:20: 	Recall@10: 0.01624 Recall@20: 0.01907 NDCG@10: 0.01152 NDCG@20: 0.01219 
09/05/2026,01:38:20: 	Recall@10: 0.00531 Recall@20: 0.00794 NDCG@10: 0.00373 NDCG@20: 0.00448 
09/05/2026,01:38:20: Epoch [92/1000]
09/05/2026,01:38:20: Negative sampling...
09/05/2026,01:38:21: Model's personal time...
09/05/2026,01:38:21: Training...
09/05/2026,01:38:25: Evaluating...
09/05/2026,01:38:25: 	Train Loss: 826920.8750 (base: 718.0261, kd: 8262.0293), Elapsed: train 5.11 test 0.43 *
09/05/2026,01:38:25: 	Recall@10: 0.01636 Recall@20: 0.02011 NDCG@10: 0.01158 NDCG@20: 0.01250 
09/05/2026,01:38:25: 	Recall@10: 0.00593 Recall@20: 0.00926 NDCG@10: 0.00401 NDCG@20: 0.00495 
09/05/2026,01:38:25: Epoch [93/1000]
09/05/2026,01:38:25: Negative sampling...
09/05/2026,01:38:26: Model's personal time...
09/05/2026,01:38:27: Training...
09/05/2026,01:38:30: Evaluating...
09/05/2026,01:38:31: 	Train Loss: 826736.6875 (base: 717.0106, kd: 8260.1973), Elapsed: train 5.19 test 0.41 *
09/05/2026,01:38:31: 	Recall@10: 0.01608 Recall@20: 0.01995 NDCG@10: 0.01160 NDCG@20: 0.01255 
09/05/2026,01:38:31: 	Recall@10: 0.00601 Recall@20: 0.00885 NDCG@10: 0.00399 NDCG@20: 0.00481 
09/05/2026,01:38:31: Epoch [94/1000]
09/05/2026,01:38:31: Negative sampling...
09/05/2026,01:38:32: Model's personal time...
09/05/2026,01:38:32: Training...
09/05/2026,01:38:36: Evaluating...
09/05/2026,01:38:36: 	Train Loss: 826473.7500 (base: 709.7635, kd: 8257.6406), Elapsed: train 5.12 test 0.42
09/05/2026,01:38:36: 	Recall@10: 0.01680 Recall@20: 0.02007 NDCG@10: 0.01164 NDCG@20: 0.01242 
09/05/2026,01:38:36: 	Recall@10: 0.00558 Recall@20: 0.00834 NDCG@10: 0.00371 NDCG@20: 0.00450 
09/05/2026,01:38:36: Epoch [95/1000]
09/05/2026,01:38:36: Negative sampling...
09/05/2026,01:38:38: Model's personal time...
09/05/2026,01:38:38: Training...
09/05/2026,01:38:41: Evaluating...
09/05/2026,01:38:42: 	Train Loss: 826602.2500 (base: 692.8313, kd: 8259.0938), Elapsed: train 5.21 test 0.56
09/05/2026,01:38:42: 	Recall@10: 0.01653 Recall@20: 0.02036 NDCG@10: 0.01163 NDCG@20: 0.01254 
09/05/2026,01:38:42: 	Recall@10: 0.00696 Recall@20: 0.00946 NDCG@10: 0.00431 NDCG@20: 0.00503 
09/05/2026,01:38:42: Epoch [96/1000]
09/05/2026,01:38:42: Negative sampling...
09/05/2026,01:38:43: Model's personal time...
09/05/2026,01:38:44: Training...
09/05/2026,01:38:47: Evaluating...
09/05/2026,01:38:48: 	Train Loss: 826297.8750 (base: 684.2307, kd: 8256.1357), Elapsed: train 5.14 test 0.43 *
09/05/2026,01:38:48: 	Recall@10: 0.01642 Recall@20: 0.02022 NDCG@10: 0.01167 NDCG@20: 0.01262 
09/05/2026,01:38:48: 	Recall@10: 0.00708 Recall@20: 0.00962 NDCG@10: 0.00462 NDCG@20: 0.00542 
09/05/2026,01:38:48: Epoch [97/1000]
09/05/2026,01:38:48: Negative sampling...
09/05/2026,01:38:49: Model's personal time...
09/05/2026,01:38:49: Training...
09/05/2026,01:38:53: Evaluating...
09/05/2026,01:38:53: 	Train Loss: 826267.5000 (base: 667.3185, kd: 8256.0020), Elapsed: train 5.07 test 0.43 *
09/05/2026,01:38:53: 	Recall@10: 0.01672 Recall@20: 0.02114 NDCG@10: 0.01199 NDCG@20: 0.01308 
09/05/2026,01:38:53: 	Recall@10: 0.00584 Recall@20: 0.00888 NDCG@10: 0.00417 NDCG@20: 0.00506 
09/05/2026,01:38:53: Epoch [98/1000]
09/05/2026,01:38:53: Negative sampling...
09/05/2026,01:38:54: Model's personal time...
09/05/2026,01:38:55: Training...
09/05/2026,01:38:58: Evaluating...
09/05/2026,01:38:59: 	Train Loss: 826084.6250 (base: 675.3658, kd: 8254.0928), Elapsed: train 5.14 test 0.41
09/05/2026,01:38:59: 	Recall@10: 0.01688 Recall@20: 0.02041 NDCG@10: 0.01212 NDCG@20: 0.01297 
09/05/2026,01:38:59: 	Recall@10: 0.00600 Recall@20: 0.00865 NDCG@10: 0.00412 NDCG@20: 0.00492 
09/05/2026,01:38:59: Epoch [99/1000]
09/05/2026,01:38:59: Negative sampling...
09/05/2026,01:39:00: Model's personal time...
09/05/2026,01:39:00: Training...
09/05/2026,01:39:04: Evaluating...
09/05/2026,01:39:04: 	Train Loss: 826270.5000 (base: 662.8823, kd: 8256.0762), Elapsed: train 5.12 test 0.41 *
09/05/2026,01:39:04: 	Recall@10: 0.01727 Recall@20: 0.02177 NDCG@10: 0.01216 NDCG@20: 0.01325 
09/05/2026,01:39:04: 	Recall@10: 0.00704 Recall@20: 0.00951 NDCG@10: 0.00468 NDCG@20: 0.00543 
09/05/2026,01:39:04: Epoch [100/1000]
09/05/2026,01:39:04: Negative sampling...
09/05/2026,01:39:06: Model's personal time...
09/05/2026,01:39:06: Training...
09/05/2026,01:39:09: Evaluating...
09/05/2026,01:39:10: 	Train Loss: 826156.9375 (base: 656.9175, kd: 8255.0000), Elapsed: train 5.08 test 0.45
09/05/2026,01:39:10: 	Recall@10: 0.01712 Recall@20: 0.02084 NDCG@10: 0.01226 NDCG@20: 0.01311 
09/05/2026,01:39:10: 	Recall@10: 0.00730 Recall@20: 0.00970 NDCG@10: 0.00479 NDCG@20: 0.00550 
09/05/2026,01:39:10: Epoch [101/1000]
09/05/2026,01:39:10: Negative sampling...
09/05/2026,01:39:11: Model's personal time...
09/05/2026,01:39:11: Training...
09/05/2026,01:39:15: Evaluating...
09/05/2026,01:39:15: 	Train Loss: 826091.1875 (base: 651.6956, kd: 8254.3945), Elapsed: train 5.17 test 0.52 *
09/05/2026,01:39:15: 	Recall@10: 0.01766 Recall@20: 0.02177 NDCG@10: 0.01233 NDCG@20: 0.01333 
09/05/2026,01:39:15: 	Recall@10: 0.00629 Recall@20: 0.00937 NDCG@10: 0.00440 NDCG@20: 0.00530 
09/05/2026,01:39:15: Epoch [102/1000]
09/05/2026,01:39:15: Negative sampling...
09/05/2026,01:39:17: Model's personal time...
09/05/2026,01:39:17: Training...
09/05/2026,01:39:21: Evaluating...
09/05/2026,01:39:21: 	Train Loss: 825974.1875 (base: 634.4822, kd: 8253.3975), Elapsed: train 5.36 test 0.42
09/05/2026,01:39:21: 	Recall@10: 0.01711 Recall@20: 0.02132 NDCG@10: 0.01222 NDCG@20: 0.01325 
09/05/2026,01:39:21: 	Recall@10: 0.00711 Recall@20: 0.00970 NDCG@10: 0.00473 NDCG@20: 0.00554 
09/05/2026,01:39:21: Epoch [103/1000]
09/05/2026,01:39:21: Negative sampling...
09/05/2026,01:39:23: Model's personal time...
09/05/2026,01:39:23: Training...
09/05/2026,01:39:26: Evaluating...
09/05/2026,01:39:27: 	Train Loss: 825968.0000 (base: 630.0229, kd: 8253.3799), Elapsed: train 5.22 test 0.42 *
09/05/2026,01:39:27: 	Recall@10: 0.01706 Recall@20: 0.02170 NDCG@10: 0.01227 NDCG@20: 0.01343 
09/05/2026,01:39:27: 	Recall@10: 0.00716 Recall@20: 0.00974 NDCG@10: 0.00479 NDCG@20: 0.00556 
09/05/2026,01:39:27: Epoch [104/1000]
09/05/2026,01:39:27: Negative sampling...
09/05/2026,01:39:28: Model's personal time...
09/05/2026,01:39:28: Training...
09/05/2026,01:39:32: Evaluating...
09/05/2026,01:39:32: 	Train Loss: 825649.4375 (base: 635.3829, kd: 8250.1416), Elapsed: train 5.21 test 0.41 *
09/05/2026,01:39:32: 	Recall@10: 0.01759 Recall@20: 0.02123 NDCG@10: 0.01268 NDCG@20: 0.01353 
09/05/2026,01:39:32: 	Recall@10: 0.00730 Recall@20: 0.00953 NDCG@10: 0.00478 NDCG@20: 0.00547 
09/05/2026,01:39:32: Epoch [105/1000]
09/05/2026,01:39:32: Negative sampling...
09/05/2026,01:39:34: Model's personal time...
09/05/2026,01:39:34: Training...
09/05/2026,01:39:38: Evaluating...
09/05/2026,01:39:38: 	Train Loss: 825838.6250 (base: 622.0295, kd: 8252.1660), Elapsed: train 5.13 test 0.46 *
09/05/2026,01:39:38: 	Recall@10: 0.01791 Recall@20: 0.02168 NDCG@10: 0.01298 NDCG@20: 0.01387 
09/05/2026,01:39:38: 	Recall@10: 0.00671 Recall@20: 0.00943 NDCG@10: 0.00454 NDCG@20: 0.00534 
09/05/2026,01:39:38: Epoch [106/1000]
09/05/2026,01:39:38: Negative sampling...
09/05/2026,01:39:39: Model's personal time...
09/05/2026,01:39:40: Training...
09/05/2026,01:39:43: Evaluating...
09/05/2026,01:39:44: 	Train Loss: 825280.1250 (base: 618.4127, kd: 8246.6182), Elapsed: train 5.21 test 0.42
09/05/2026,01:39:44: 	Recall@10: 0.01728 Recall@20: 0.02144 NDCG@10: 0.01255 NDCG@20: 0.01355 
09/05/2026,01:39:44: 	Recall@10: 0.00632 Recall@20: 0.00911 NDCG@10: 0.00443 NDCG@20: 0.00526 
09/05/2026,01:39:44: Epoch [107/1000]
09/05/2026,01:39:44: Negative sampling...
09/05/2026,01:39:45: Model's personal time...
09/05/2026,01:39:45: Training...
09/05/2026,01:39:49: Evaluating...
09/05/2026,01:39:49: 	Train Loss: 825677.4375 (base: 611.6342, kd: 8250.6582), Elapsed: train 5.08 test 0.41 *
09/05/2026,01:39:49: 	Recall@10: 0.01790 Recall@20: 0.02260 NDCG@10: 0.01308 NDCG@20: 0.01425 
09/05/2026,01:39:49: 	Recall@10: 0.00718 Recall@20: 0.01015 NDCG@10: 0.00499 NDCG@20: 0.00585 
09/05/2026,01:39:49: Epoch [108/1000]
09/05/2026,01:39:49: Negative sampling...
09/05/2026,01:39:51: Model's personal time...
09/05/2026,01:39:51: Training...
09/05/2026,01:39:54: Evaluating...
09/05/2026,01:39:55: 	Train Loss: 825081.6250 (base: 597.6401, kd: 8244.8389), Elapsed: train 5.09 test 0.42
09/05/2026,01:39:55: 	Recall@10: 0.01692 Recall@20: 0.02066 NDCG@10: 0.01228 NDCG@20: 0.01322 
09/05/2026,01:39:55: 	Recall@10: 0.00627 Recall@20: 0.00926 NDCG@10: 0.00475 NDCG@20: 0.00562 
09/05/2026,01:39:55: Epoch [109/1000]
09/05/2026,01:39:55: Negative sampling...
09/05/2026,01:39:56: Model's personal time...
09/05/2026,01:39:56: Training...
09/05/2026,01:40:00: Evaluating...
09/05/2026,01:40:00: 	Train Loss: 825713.7500 (base: 593.8184, kd: 8251.1992), Elapsed: train 5.19 test 0.42
09/05/2026,01:40:00: 	Recall@10: 0.01848 Recall@20: 0.02252 NDCG@10: 0.01310 NDCG@20: 0.01407 
09/05/2026,01:40:00: 	Recall@10: 0.00701 Recall@20: 0.01033 NDCG@10: 0.00518 NDCG@20: 0.00615 
09/05/2026,01:40:00: Epoch [110/1000]
09/05/2026,01:40:00: Negative sampling...
09/05/2026,01:40:02: Model's personal time...
09/05/2026,01:40:02: Training...
09/05/2026,01:40:05: Evaluating...
09/05/2026,01:40:06: 	Train Loss: 824866.9375 (base: 594.6443, kd: 8242.7227), Elapsed: train 5.11 test 0.43
09/05/2026,01:40:06: 	Recall@10: 0.01784 Recall@20: 0.02146 NDCG@10: 0.01279 NDCG@20: 0.01366 
09/05/2026,01:40:06: 	Recall@10: 0.00795 Recall@20: 0.00999 NDCG@10: 0.00548 NDCG@20: 0.00612 
09/05/2026,01:40:06: Epoch [111/1000]
09/05/2026,01:40:06: Negative sampling...
09/05/2026,01:40:07: Model's personal time...
09/05/2026,01:40:07: Training...
09/05/2026,01:40:11: Evaluating...
09/05/2026,01:40:11: 	Train Loss: 825558.7500 (base: 594.5720, kd: 8249.6416), Elapsed: train 5.18 test 0.42
09/05/2026,01:40:11: 	Recall@10: 0.01849 Recall@20: 0.02253 NDCG@10: 0.01304 NDCG@20: 0.01403 
09/05/2026,01:40:11: 	Recall@10: 0.00595 Recall@20: 0.00860 NDCG@10: 0.00451 NDCG@20: 0.00527 
09/05/2026,01:40:11: Epoch [112/1000]
09/05/2026,01:40:11: Negative sampling...
09/05/2026,01:40:13: Model's personal time...
09/05/2026,01:40:13: Training...
09/05/2026,01:40:17: Evaluating...
09/05/2026,01:40:17: 	Train Loss: 824874.9375 (base: 584.4154, kd: 8242.9062), Elapsed: train 5.17 test 0.42
09/05/2026,01:40:17: 	Recall@10: 0.01719 Recall@20: 0.02070 NDCG@10: 0.01231 NDCG@20: 0.01314 
09/05/2026,01:40:17: 	Recall@10: 0.00624 Recall@20: 0.00917 NDCG@10: 0.00479 NDCG@20: 0.00566 
09/05/2026,01:40:17: Epoch [113/1000]
09/05/2026,01:40:17: Negative sampling...
09/05/2026,01:40:18: Model's personal time...
09/05/2026,01:40:18: Training...
09/05/2026,01:40:22: Evaluating...
09/05/2026,01:40:23: 	Train Loss: 825413.1250 (base: 575.1181, kd: 8248.3799), Elapsed: train 5.08 test 0.45
09/05/2026,01:40:23: 	Recall@10: 0.01858 Recall@20: 0.02310 NDCG@10: 0.01290 NDCG@20: 0.01398 
09/05/2026,01:40:23: 	Recall@10: 0.00765 Recall@20: 0.01088 NDCG@10: 0.00560 NDCG@20: 0.00655 
09/05/2026,01:40:23: Epoch [114/1000]
09/05/2026,01:40:23: Negative sampling...
09/05/2026,01:40:24: Model's personal time...
09/05/2026,01:40:24: Training...
09/05/2026,01:40:28: Evaluating...
09/05/2026,01:40:28: 	Train Loss: 824571.6875 (base: 577.1710, kd: 8239.9443), Elapsed: train 5.30 test 0.42
09/05/2026,01:40:28: 	Recall@10: 0.01767 Recall@20: 0.02210 NDCG@10: 0.01245 NDCG@20: 0.01352 
09/05/2026,01:40:28: 	Recall@10: 0.00746 Recall@20: 0.01137 NDCG@10: 0.00512 NDCG@20: 0.00625 
09/05/2026,01:40:28: Epoch [115/1000]
09/05/2026,01:40:28: Negative sampling...
09/05/2026,01:40:30: Model's personal time...
09/05/2026,01:40:30: Training...
09/05/2026,01:40:33: Evaluating...
09/05/2026,01:40:34: 	Train Loss: 825364.0625 (base: 561.8879, kd: 8248.0225), Elapsed: train 5.10 test 0.47 *
09/05/2026,01:40:34: 	Recall@10: 0.01965 Recall@20: 0.02333 NDCG@10: 0.01373 NDCG@20: 0.01461 
09/05/2026,01:40:34: 	Recall@10: 0.00774 Recall@20: 0.01070 NDCG@10: 0.00553 NDCG@20: 0.00640 
09/05/2026,01:40:34: Epoch [116/1000]
09/05/2026,01:40:34: Negative sampling...
09/05/2026,01:40:35: Model's personal time...
09/05/2026,01:40:35: Training...
09/05/2026,01:40:39: Evaluating...
09/05/2026,01:40:39: 	Train Loss: 824431.6875 (base: 561.4280, kd: 8238.7012), Elapsed: train 5.08 test 0.42
09/05/2026,01:40:39: 	Recall@10: 0.01787 Recall@20: 0.02215 NDCG@10: 0.01293 NDCG@20: 0.01398 
09/05/2026,01:40:39: 	Recall@10: 0.00695 Recall@20: 0.01070 NDCG@10: 0.00546 NDCG@20: 0.00656 
09/05/2026,01:40:39: Epoch [117/1000]
09/05/2026,01:40:39: Negative sampling...
09/05/2026,01:40:41: Model's personal time...
09/05/2026,01:40:41: Training...
09/05/2026,01:40:45: Evaluating...
09/05/2026,01:40:45: 	Train Loss: 825240.1250 (base: 560.4252, kd: 8246.7969), Elapsed: train 5.18 test 0.44 *
09/05/2026,01:40:45: 	Recall@10: 0.01917 Recall@20: 0.02383 NDCG@10: 0.01345 NDCG@20: 0.01463 
09/05/2026,01:40:45: 	Recall@10: 0.00823 Recall@20: 0.01105 NDCG@10: 0.00633 NDCG@20: 0.00713 
09/05/2026,01:40:45: Epoch [118/1000]
09/05/2026,01:40:45: Negative sampling...
09/05/2026,01:40:46: Model's personal time...
09/05/2026,01:40:46: Training...
09/05/2026,01:40:50: Evaluating...
09/05/2026,01:40:50: 	Train Loss: 824208.0625 (base: 558.1168, kd: 8236.4990), Elapsed: train 5.09 test 0.42
09/05/2026,01:40:50: 	Recall@10: 0.01815 Recall@20: 0.02293 NDCG@10: 0.01302 NDCG@20: 0.01427 
09/05/2026,01:40:50: 	Recall@10: 0.00775 Recall@20: 0.01070 NDCG@10: 0.00557 NDCG@20: 0.00645 
09/05/2026,01:40:50: Epoch [119/1000]
09/05/2026,01:40:50: Negative sampling...
09/05/2026,01:40:52: Model's personal time...
09/05/2026,01:40:52: Training...
09/05/2026,01:40:56: Evaluating...
09/05/2026,01:40:56: 	Train Loss: 824943.1875 (base: 550.5059, kd: 8243.9268), Elapsed: train 5.19 test 0.41 *
09/05/2026,01:40:56: 	Recall@10: 0.01984 Recall@20: 0.02445 NDCG@10: 0.01371 NDCG@20: 0.01484 
09/05/2026,01:40:56: 	Recall@10: 0.00700 Recall@20: 0.01060 NDCG@10: 0.00503 NDCG@20: 0.00604 
09/05/2026,01:40:56: Epoch [120/1000]
09/05/2026,01:40:56: Negative sampling...
09/05/2026,01:40:57: Model's personal time...
09/05/2026,01:40:58: Training...
09/05/2026,01:41:01: Evaluating...
09/05/2026,01:41:02: 	Train Loss: 824267.2500 (base: 543.1651, kd: 8237.2412), Elapsed: train 5.09 test 0.43
09/05/2026,01:41:02: 	Recall@10: 0.01841 Recall@20: 0.02310 NDCG@10: 0.01321 NDCG@20: 0.01439 
09/05/2026,01:41:02: 	Recall@10: 0.00748 Recall@20: 0.01090 NDCG@10: 0.00527 NDCG@20: 0.00623 
09/05/2026,01:41:02: Epoch [121/1000]
09/05/2026,01:41:02: Negative sampling...
09/05/2026,01:41:03: Model's personal time...
09/05/2026,01:41:03: Training...
09/05/2026,01:41:07: Evaluating...
09/05/2026,01:41:07: 	Train Loss: 824686.6250 (base: 537.1584, kd: 8241.4941), Elapsed: train 5.15 test 0.44 *
09/05/2026,01:41:07: 	Recall@10: 0.01950 Recall@20: 0.02459 NDCG@10: 0.01370 NDCG@20: 0.01503 
09/05/2026,01:41:07: 	Recall@10: 0.00765 Recall@20: 0.01060 NDCG@10: 0.00537 NDCG@20: 0.00621 
09/05/2026,01:41:07: Epoch [122/1000]
09/05/2026,01:41:07: Negative sampling...
09/05/2026,01:41:09: Model's personal time...
09/05/2026,01:41:09: Training...
09/05/2026,01:41:12: Evaluating...
09/05/2026,01:41:13: 	Train Loss: 824109.6875 (base: 537.3225, kd: 8235.7246), Elapsed: train 5.15 test 0.47
09/05/2026,01:41:13: 	Recall@10: 0.01877 Recall@20: 0.02327 NDCG@10: 0.01334 NDCG@20: 0.01447 
09/05/2026,01:41:13: 	Recall@10: 0.00782 Recall@20: 0.01094 NDCG@10: 0.00540 NDCG@20: 0.00630 
09/05/2026,01:41:13: Epoch [123/1000]
09/05/2026,01:41:13: Negative sampling...
09/05/2026,01:41:14: Model's personal time...
09/05/2026,01:41:14: Training...
09/05/2026,01:41:18: Evaluating...
09/05/2026,01:41:18: 	Train Loss: 824748.0625 (base: 526.9649, kd: 8242.2119), Elapsed: train 5.13 test 0.42 *
09/05/2026,01:41:18: 	Recall@10: 0.01956 Recall@20: 0.02422 NDCG@10: 0.01385 NDCG@20: 0.01504 
09/05/2026,01:41:18: 	Recall@10: 0.00665 Recall@20: 0.00948 NDCG@10: 0.00516 NDCG@20: 0.00597 
09/05/2026,01:41:18: Epoch [124/1000]
09/05/2026,01:41:18: Negative sampling...
09/05/2026,01:41:20: Model's personal time...
09/05/2026,01:41:20: Training...
09/05/2026,01:41:24: Evaluating...
09/05/2026,01:41:24: 	Train Loss: 824130.1250 (base: 521.1523, kd: 8236.0889), Elapsed: train 5.16 test 0.42
09/05/2026,01:41:24: 	Recall@10: 0.01829 Recall@20: 0.02299 NDCG@10: 0.01318 NDCG@20: 0.01436 
09/05/2026,01:41:24: 	Recall@10: 0.00699 Recall@20: 0.01033 NDCG@10: 0.00523 NDCG@20: 0.00617 
09/05/2026,01:41:24: Epoch [125/1000]
09/05/2026,01:41:24: Negative sampling...
09/05/2026,01:41:25: Model's personal time...
09/05/2026,01:41:25: Training...
09/05/2026,01:41:29: Evaluating...
09/05/2026,01:41:30: 	Train Loss: 824661.8750 (base: 509.8496, kd: 8241.5195), Elapsed: train 5.25 test 0.42 *
09/05/2026,01:41:30: 	Recall@10: 0.01985 Recall@20: 0.02504 NDCG@10: 0.01398 NDCG@20: 0.01534 
09/05/2026,01:41:30: 	Recall@10: 0.00818 Recall@20: 0.01107 NDCG@10: 0.00573 NDCG@20: 0.00658 
09/05/2026,01:41:30: Epoch [126/1000]
09/05/2026,01:41:30: Negative sampling...
09/05/2026,01:41:31: Model's personal time...
09/05/2026,01:41:31: Training...
09/05/2026,01:41:35: Evaluating...
09/05/2026,01:41:35: 	Train Loss: 823799.6875 (base: 520.3878, kd: 8232.7930), Elapsed: train 5.27 test 0.44
09/05/2026,01:41:35: 	Recall@10: 0.01840 Recall@20: 0.02302 NDCG@10: 0.01307 NDCG@20: 0.01428 
09/05/2026,01:41:35: 	Recall@10: 0.00906 Recall@20: 0.01123 NDCG@10: 0.00627 NDCG@20: 0.00689 
09/05/2026,01:41:35: Epoch [127/1000]
09/05/2026,01:41:35: Negative sampling...
09/05/2026,01:41:37: Model's personal time...
09/05/2026,01:41:37: Training...
09/05/2026,01:41:40: Evaluating...
09/05/2026,01:41:41: 	Train Loss: 824483.4375 (base: 513.5979, kd: 8239.6982), Elapsed: train 5.11 test 0.46
09/05/2026,01:41:41: 	Recall@10: 0.01947 Recall@20: 0.02441 NDCG@10: 0.01386 NDCG@20: 0.01517 
09/05/2026,01:41:41: 	Recall@10: 0.00690 Recall@20: 0.00971 NDCG@10: 0.00528 NDCG@20: 0.00605 
09/05/2026,01:41:41: Epoch [128/1000]
09/05/2026,01:41:41: Negative sampling...
09/05/2026,01:41:42: Model's personal time...
09/05/2026,01:41:42: Training...
09/05/2026,01:41:46: Evaluating...
09/05/2026,01:41:46: 	Train Loss: 823832.5625 (base: 507.0521, kd: 8233.2549), Elapsed: train 5.12 test 0.41
09/05/2026,01:41:46: 	Recall@10: 0.01831 Recall@20: 0.02358 NDCG@10: 0.01299 NDCG@20: 0.01439 
09/05/2026,01:41:46: 	Recall@10: 0.00698 Recall@20: 0.00926 NDCG@10: 0.00535 NDCG@20: 0.00604 
09/05/2026,01:41:46: Epoch [129/1000]
09/05/2026,01:41:46: Negative sampling...
09/05/2026,01:41:48: Model's personal time...
09/05/2026,01:41:48: Training...
09/05/2026,01:41:52: Evaluating...
09/05/2026,01:41:52: 	Train Loss: 824569.9375 (base: 505.6435, kd: 8240.6426), Elapsed: train 5.21 test 0.42
09/05/2026,01:41:52: 	Recall@10: 0.01938 Recall@20: 0.02455 NDCG@10: 0.01376 NDCG@20: 0.01514 
09/05/2026,01:41:52: 	Recall@10: 0.00742 Recall@20: 0.01029 NDCG@10: 0.00550 NDCG@20: 0.00633 
09/05/2026,01:41:52: Epoch [130/1000]
09/05/2026,01:41:52: Negative sampling...
09/05/2026,01:41:53: Model's personal time...
09/05/2026,01:41:54: Training...
09/05/2026,01:41:57: Evaluating...
09/05/2026,01:41:58: 	Train Loss: 823548.2500 (base: 499.5878, kd: 8230.4873), Elapsed: train 5.15 test 0.41
09/05/2026,01:41:58: 	Recall@10: 0.01886 Recall@20: 0.02314 NDCG@10: 0.01329 NDCG@20: 0.01440 
09/05/2026,01:41:58: 	Recall@10: 0.00820 Recall@20: 0.01099 NDCG@10: 0.00608 NDCG@20: 0.00690 
09/05/2026,01:41:58: Epoch [131/1000]
09/05/2026,01:41:58: Negative sampling...
09/05/2026,01:41:59: Model's personal time...
09/05/2026,01:41:59: Training...
09/05/2026,01:42:03: Evaluating...
09/05/2026,01:42:03: 	Train Loss: 824254.6250 (base: 492.5633, kd: 8237.6201), Elapsed: train 5.35 test 0.44
09/05/2026,01:42:03: 	Recall@10: 0.02014 Recall@20: 0.02493 NDCG@10: 0.01393 NDCG@20: 0.01525 
09/05/2026,01:42:03: 	Recall@10: 0.00681 Recall@20: 0.00991 NDCG@10: 0.00537 NDCG@20: 0.00625 
09/05/2026,01:42:03: Epoch [132/1000]
09/05/2026,01:42:03: Negative sampling...
09/05/2026,01:42:05: Model's personal time...
09/05/2026,01:42:05: Training...
09/05/2026,01:42:09: Evaluating...
09/05/2026,01:42:09: 	Train Loss: 823711.3125 (base: 487.9203, kd: 8232.2344), Elapsed: train 5.10 test 0.41
09/05/2026,01:42:09: 	Recall@10: 0.01987 Recall@20: 0.02456 NDCG@10: 0.01344 NDCG@20: 0.01465 
09/05/2026,01:42:09: 	Recall@10: 0.00853 Recall@20: 0.01104 NDCG@10: 0.00604 NDCG@20: 0.00679 
09/05/2026,01:42:09: Epoch [133/1000]
09/05/2026,01:42:09: Negative sampling...
09/05/2026,01:42:10: Model's personal time...
09/05/2026,01:42:10: Training...
09/05/2026,01:42:14: Evaluating...
09/05/2026,01:42:14: 	Train Loss: 824236.5625 (base: 487.2286, kd: 8237.4932), Elapsed: train 5.13 test 0.42 *
09/05/2026,01:42:14: 	Recall@10: 0.02103 Recall@20: 0.02590 NDCG@10: 0.01435 NDCG@20: 0.01559 
09/05/2026,01:42:14: 	Recall@10: 0.00830 Recall@20: 0.01108 NDCG@10: 0.00590 NDCG@20: 0.00673 
09/05/2026,01:42:14: Epoch [134/1000]
09/05/2026,01:42:14: Negative sampling...
09/05/2026,01:42:16: Model's personal time...
09/05/2026,01:42:16: Training...
09/05/2026,01:42:20: Evaluating...
09/05/2026,01:42:20: 	Train Loss: 823512.6875 (base: 482.6006, kd: 8230.3008), Elapsed: train 5.09 test 0.42
09/05/2026,01:42:20: 	Recall@10: 0.01997 Recall@20: 0.02430 NDCG@10: 0.01392 NDCG@20: 0.01503 
09/05/2026,01:42:20: 	Recall@10: 0.00808 Recall@20: 0.01105 NDCG@10: 0.00608 NDCG@20: 0.00695 
09/05/2026,01:42:20: Epoch [135/1000]
09/05/2026,01:42:20: Negative sampling...
09/05/2026,01:42:21: Model's personal time...
09/05/2026,01:42:21: Training...
09/05/2026,01:42:25: Evaluating...
09/05/2026,01:42:26: 	Train Loss: 824160.5625 (base: 472.8193, kd: 8236.8770), Elapsed: train 5.15 test 0.45 *
09/05/2026,01:42:26: 	Recall@10: 0.02109 Recall@20: 0.02540 NDCG@10: 0.01457 NDCG@20: 0.01564 
09/05/2026,01:42:26: 	Recall@10: 0.00809 Recall@20: 0.01092 NDCG@10: 0.00582 NDCG@20: 0.00665 
09/05/2026,01:42:26: Epoch [136/1000]
09/05/2026,01:42:26: Negative sampling...
09/05/2026,01:42:27: Model's personal time...
09/05/2026,01:42:27: Training...
09/05/2026,01:42:31: Evaluating...
09/05/2026,01:42:31: 	Train Loss: 823313.3125 (base: 475.5417, kd: 8228.3779), Elapsed: train 5.25 test 0.50
09/05/2026,01:42:31: 	Recall@10: 0.01967 Recall@20: 0.02396 NDCG@10: 0.01342 NDCG@20: 0.01448 
09/05/2026,01:42:31: 	Recall@10: 0.00842 Recall@20: 0.01100 NDCG@10: 0.00600 NDCG@20: 0.00680 
09/05/2026,01:42:31: Epoch [137/1000]
09/05/2026,01:42:31: Negative sampling...
09/05/2026,01:42:33: Model's personal time...
09/05/2026,01:42:33: Training...
09/05/2026,01:42:37: Evaluating...
09/05/2026,01:42:37: 	Train Loss: 824231.6875 (base: 474.1131, kd: 8237.5762), Elapsed: train 5.29 test 0.44 *
09/05/2026,01:42:37: 	Recall@10: 0.02146 Recall@20: 0.02710 NDCG@10: 0.01467 NDCG@20: 0.01614 
09/05/2026,01:42:37: 	Recall@10: 0.00887 Recall@20: 0.01128 NDCG@10: 0.00632 NDCG@20: 0.00705 
09/05/2026,01:42:37: Epoch [138/1000]
09/05/2026,01:42:37: Negative sampling...
09/05/2026,01:42:38: Model's personal time...
09/05/2026,01:42:39: Training...
09/05/2026,01:42:42: Evaluating...
09/05/2026,01:42:43: 	Train Loss: 823145.7500 (base: 464.7655, kd: 8226.8096), Elapsed: train 5.14 test 0.40
09/05/2026,01:42:43: 	Recall@10: 0.02020 Recall@20: 0.02482 NDCG@10: 0.01386 NDCG@20: 0.01505 
09/05/2026,01:42:43: 	Recall@10: 0.00957 Recall@20: 0.01193 NDCG@10: 0.00671 NDCG@20: 0.00745 
09/05/2026,01:42:43: Epoch [139/1000]
09/05/2026,01:42:43: Negative sampling...
09/05/2026,01:42:44: Model's personal time...
09/05/2026,01:42:44: Training...
09/05/2026,01:42:48: Evaluating...
09/05/2026,01:42:48: 	Train Loss: 823853.1875 (base: 459.4998, kd: 8233.9375), Elapsed: train 5.10 test 0.42
09/05/2026,01:42:48: 	Recall@10: 0.02219 Recall@20: 0.02638 NDCG@10: 0.01489 NDCG@20: 0.01598 
09/05/2026,01:42:48: 	Recall@10: 0.00793 Recall@20: 0.01056 NDCG@10: 0.00601 NDCG@20: 0.00678 
09/05/2026,01:42:48: Epoch [140/1000]
09/05/2026,01:42:48: Negative sampling...
09/05/2026,01:42:49: Model's personal time...
09/05/2026,01:42:50: Training...
09/05/2026,01:42:53: Evaluating...
09/05/2026,01:42:54: 	Train Loss: 823378.1875 (base: 455.4700, kd: 8229.2275), Elapsed: train 5.15 test 0.41
09/05/2026,01:42:54: 	Recall@10: 0.02021 Recall@20: 0.02461 NDCG@10: 0.01400 NDCG@20: 0.01513 
09/05/2026,01:42:54: 	Recall@10: 0.00904 Recall@20: 0.01171 NDCG@10: 0.00630 NDCG@20: 0.00710 
09/05/2026,01:42:54: Epoch [141/1000]
09/05/2026,01:42:54: Negative sampling...
09/05/2026,01:42:55: Model's personal time...
09/05/2026,01:42:55: Training...
09/05/2026,01:42:59: Evaluating...
09/05/2026,01:42:59: 	Train Loss: 823858.1250 (base: 449.1750, kd: 8234.0889), Elapsed: train 5.10 test 0.42 *
09/05/2026,01:42:59: 	Recall@10: 0.02216 Recall@20: 0.02680 NDCG@10: 0.01492 NDCG@20: 0.01614 
09/05/2026,01:42:59: 	Recall@10: 0.00991 Recall@20: 0.01158 NDCG@10: 0.00703 NDCG@20: 0.00756 
09/05/2026,01:42:59: Epoch [142/1000]
09/05/2026,01:42:59: Negative sampling...
09/05/2026,01:43:01: Model's personal time...
09/05/2026,01:43:01: Training...
09/05/2026,01:43:04: Evaluating...
09/05/2026,01:43:05: 	Train Loss: 823325.5625 (base: 454.5424, kd: 8228.7100), Elapsed: train 5.15 test 0.44
09/05/2026,01:43:05: 	Recall@10: 0.01998 Recall@20: 0.02447 NDCG@10: 0.01390 NDCG@20: 0.01506 
09/05/2026,01:43:05: 	Recall@10: 0.00891 Recall@20: 0.01140 NDCG@10: 0.00653 NDCG@20: 0.00729 
09/05/2026,01:43:05: Epoch [143/1000]
09/05/2026,01:43:05: Negative sampling...
09/05/2026,01:43:06: Model's personal time...
09/05/2026,01:43:06: Training...
09/05/2026,01:43:10: Evaluating...
09/05/2026,01:43:10: 	Train Loss: 823789.6875 (base: 450.5764, kd: 8233.3916), Elapsed: train 5.13 test 0.41 *
09/05/2026,01:43:10: 	Recall@10: 0.02220 Recall@20: 0.02652 NDCG@10: 0.01522 NDCG@20: 0.01631 
09/05/2026,01:43:10: 	Recall@10: 0.00816 Recall@20: 0.01029 NDCG@10: 0.00607 NDCG@20: 0.00672 
09/05/2026,01:43:10: Epoch [144/1000]
09/05/2026,01:43:10: Negative sampling...
09/05/2026,01:43:12: Model's personal time...
09/05/2026,01:43:12: Training...
09/05/2026,01:43:15: Evaluating...
09/05/2026,01:43:16: 	Train Loss: 823060.5000 (base: 448.1309, kd: 8226.1240), Elapsed: train 5.15 test 0.41
09/05/2026,01:43:16: 	Recall@10: 0.01980 Recall@20: 0.02452 NDCG@10: 0.01416 NDCG@20: 0.01538 
09/05/2026,01:43:16: 	Recall@10: 0.00898 Recall@20: 0.01187 NDCG@10: 0.00635 NDCG@20: 0.00719 
09/05/2026,01:43:16: Epoch [145/1000]
09/05/2026,01:43:16: Negative sampling...
09/05/2026,01:43:17: Model's personal time...
09/05/2026,01:43:17: Training...
09/05/2026,01:43:21: Evaluating...
09/05/2026,01:43:22: 	Train Loss: 823659.4375 (base: 453.9624, kd: 8232.0547), Elapsed: train 5.18 test 0.46 *
09/05/2026,01:43:22: 	Recall@10: 0.02238 Recall@20: 0.02675 NDCG@10: 0.01547 NDCG@20: 0.01659 
09/05/2026,01:43:22: 	Recall@10: 0.00800 Recall@20: 0.01038 NDCG@10: 0.00600 NDCG@20: 0.00672 
09/05/2026,01:43:22: Epoch [146/1000]
09/05/2026,01:43:22: Negative sampling...
09/05/2026,01:43:23: Model's personal time...
09/05/2026,01:43:23: Training...
09/05/2026,01:43:27: Evaluating...
09/05/2026,01:43:27: 	Train Loss: 822938.1250 (base: 439.8992, kd: 8224.9824), Elapsed: train 5.14 test 0.52
09/05/2026,01:43:27: 	Recall@10: 0.02010 Recall@20: 0.02427 NDCG@10: 0.01424 NDCG@20: 0.01529 
09/05/2026,01:43:27: 	Recall@10: 0.00757 Recall@20: 0.01027 NDCG@10: 0.00559 NDCG@20: 0.00642 
09/05/2026,01:43:27: Epoch [147/1000]
09/05/2026,01:43:27: Negative sampling...
09/05/2026,01:43:29: Model's personal time...
09/05/2026,01:43:29: Training...
09/05/2026,01:43:32: Evaluating...
09/05/2026,01:43:33: 	Train Loss: 823852.2500 (base: 434.8627, kd: 8234.1738), Elapsed: train 5.28 test 0.41
09/05/2026,01:43:33: 	Recall@10: 0.02203 Recall@20: 0.02633 NDCG@10: 0.01521 NDCG@20: 0.01633 
09/05/2026,01:43:33: 	Recall@10: 0.00925 Recall@20: 0.01099 NDCG@10: 0.00628 NDCG@20: 0.00683 
09/05/2026,01:43:33: Epoch [148/1000]
09/05/2026,01:43:33: Negative sampling...
09/05/2026,01:43:34: Model's personal time...
09/05/2026,01:43:34: Training...
09/05/2026,01:43:38: Evaluating...
09/05/2026,01:43:39: 	Train Loss: 822684.1250 (base: 432.7549, kd: 8222.5137), Elapsed: train 5.18 test 0.43
09/05/2026,01:43:39: 	Recall@10: 0.02065 Recall@20: 0.02458 NDCG@10: 0.01445 NDCG@20: 0.01543 
09/05/2026,01:43:39: 	Recall@10: 0.00926 Recall@20: 0.01153 NDCG@10: 0.00634 NDCG@20: 0.00703 
09/05/2026,01:43:39: Epoch [149/1000]
09/05/2026,01:43:39: Negative sampling...
09/05/2026,01:43:40: Model's personal time...
09/05/2026,01:43:40: Training...
09/05/2026,01:43:44: Evaluating...
09/05/2026,01:43:44: 	Train Loss: 823724.0625 (base: 434.0930, kd: 8232.9004), Elapsed: train 5.19 test 0.41 *
09/05/2026,01:43:44: 	Recall@10: 0.02180 Recall@20: 0.02704 NDCG@10: 0.01540 NDCG@20: 0.01673 
09/05/2026,01:43:44: 	Recall@10: 0.00861 Recall@20: 0.01088 NDCG@10: 0.00598 NDCG@20: 0.00669 
09/05/2026,01:43:44: Epoch [150/1000]
09/05/2026,01:43:44: Negative sampling...
09/05/2026,01:43:45: Model's personal time...
09/05/2026,01:43:46: Training...
09/05/2026,01:43:49: Evaluating...
09/05/2026,01:43:50: 	Train Loss: 822722.7500 (base: 430.6693, kd: 8222.9209), Elapsed: train 5.18 test 0.42
09/05/2026,01:43:50: 	Recall@10: 0.02131 Recall@20: 0.02530 NDCG@10: 0.01496 NDCG@20: 0.01595 
09/05/2026,01:43:50: 	Recall@10: 0.00824 Recall@20: 0.01090 NDCG@10: 0.00579 NDCG@20: 0.00659 
09/05/2026,01:43:50: Epoch [151/1000]
09/05/2026,01:43:50: Negative sampling...
09/05/2026,01:43:51: Model's personal time...
09/05/2026,01:43:51: Training...
09/05/2026,01:43:55: Evaluating...
09/05/2026,01:43:55: 	Train Loss: 823359.0000 (base: 423.7252, kd: 8229.3535), Elapsed: train 5.11 test 0.41
09/05/2026,01:43:55: 	Recall@10: 0.02203 Recall@20: 0.02685 NDCG@10: 0.01529 NDCG@20: 0.01656 
09/05/2026,01:43:55: 	Recall@10: 0.00791 Recall@20: 0.01056 NDCG@10: 0.00587 NDCG@20: 0.00665 
09/05/2026,01:43:55: Epoch [152/1000]
09/05/2026,01:43:55: Negative sampling...
09/05/2026,01:43:57: Model's personal time...
09/05/2026,01:43:57: Training...
09/05/2026,01:44:00: Evaluating...
09/05/2026,01:44:01: 	Train Loss: 822714.1250 (base: 423.0721, kd: 8222.9102), Elapsed: train 5.10 test 0.41
09/05/2026,01:44:01: 	Recall@10: 0.02039 Recall@20: 0.02514 NDCG@10: 0.01474 NDCG@20: 0.01598 
09/05/2026,01:44:01: 	Recall@10: 0.00864 Recall@20: 0.01120 NDCG@10: 0.00605 NDCG@20: 0.00681 
09/05/2026,01:44:01: Epoch [153/1000]
09/05/2026,01:44:01: Negative sampling...
09/05/2026,01:44:02: Model's personal time...
09/05/2026,01:44:02: Training...
09/05/2026,01:44:06: Evaluating...
09/05/2026,01:44:06: 	Train Loss: 823446.2500 (base: 416.1732, kd: 8230.3008), Elapsed: train 5.15 test 0.42 *
09/05/2026,01:44:06: 	Recall@10: 0.02245 Recall@20: 0.02722 NDCG@10: 0.01553 NDCG@20: 0.01678 
09/05/2026,01:44:06: 	Recall@10: 0.00789 Recall@20: 0.01181 NDCG@10: 0.00590 NDCG@20: 0.00702 
09/05/2026,01:44:06: Epoch [154/1000]
09/05/2026,01:44:06: Negative sampling...
09/05/2026,01:44:08: Model's personal time...
09/05/2026,01:44:08: Training...
09/05/2026,01:44:11: Evaluating...
09/05/2026,01:44:12: 	Train Loss: 822708.5625 (base: 422.6293, kd: 8222.8594), Elapsed: train 5.17 test 0.41
09/05/2026,01:44:12: 	Recall@10: 0.02176 Recall@20: 0.02622 NDCG@10: 0.01510 NDCG@20: 0.01623 
09/05/2026,01:44:12: 	Recall@10: 0.00887 Recall@20: 0.01155 NDCG@10: 0.00635 NDCG@20: 0.00716 
09/05/2026,01:44:12: Epoch [155/1000]
09/05/2026,01:44:12: Negative sampling...
09/05/2026,01:44:13: Model's personal time...
09/05/2026,01:44:13: Training...
09/05/2026,01:44:17: Evaluating...
09/05/2026,01:44:17: 	Train Loss: 823259.5625 (base: 414.6559, kd: 8228.4492), Elapsed: train 5.11 test 0.42
09/05/2026,01:44:17: 	Recall@10: 0.02185 Recall@20: 0.02745 NDCG@10: 0.01530 NDCG@20: 0.01677 
09/05/2026,01:44:17: 	Recall@10: 0.00786 Recall@20: 0.01090 NDCG@10: 0.00595 NDCG@20: 0.00681 
09/05/2026,01:44:17: Epoch [156/1000]
09/05/2026,01:44:17: Negative sampling...
09/05/2026,01:44:19: Model's personal time...
09/05/2026,01:44:19: Training...
09/05/2026,01:44:23: Evaluating...
09/05/2026,01:44:23: 	Train Loss: 822727.6875 (base: 419.2018, kd: 8223.0840), Elapsed: train 5.09 test 0.44
09/05/2026,01:44:23: 	Recall@10: 0.02126 Recall@20: 0.02614 NDCG@10: 0.01513 NDCG@20: 0.01639 
09/05/2026,01:44:23: 	Recall@10: 0.00887 Recall@20: 0.01223 NDCG@10: 0.00642 NDCG@20: 0.00740 
09/05/2026,01:44:23: Epoch [157/1000]
09/05/2026,01:44:23: Negative sampling...
09/05/2026,01:44:24: Model's personal time...
09/05/2026,01:44:24: Training...
09/05/2026,01:44:28: Evaluating...
09/05/2026,01:44:29: 	Train Loss: 823123.6875 (base: 416.5405, kd: 8227.0713), Elapsed: train 5.16 test 0.48 *
09/05/2026,01:44:29: 	Recall@10: 0.02194 Recall@20: 0.02689 NDCG@10: 0.01571 NDCG@20: 0.01700 
09/05/2026,01:44:29: 	Recall@10: 0.00786 Recall@20: 0.01096 NDCG@10: 0.00595 NDCG@20: 0.00684 
09/05/2026,01:44:29: Epoch [158/1000]
09/05/2026,01:44:29: Negative sampling...
09/05/2026,01:44:30: Model's personal time...
09/05/2026,01:44:30: Training...
09/05/2026,01:44:34: Evaluating...
09/05/2026,01:44:34: 	Train Loss: 822409.4375 (base: 401.8740, kd: 8220.0762), Elapsed: train 5.17 test 0.48
09/05/2026,01:44:34: 	Recall@10: 0.02106 Recall@20: 0.02585 NDCG@10: 0.01525 NDCG@20: 0.01644 
09/05/2026,01:44:34: 	Recall@10: 0.00822 Recall@20: 0.01102 NDCG@10: 0.00603 NDCG@20: 0.00685 
09/05/2026,01:44:34: Epoch [159/1000]
09/05/2026,01:44:34: Negative sampling...
09/05/2026,01:44:36: Model's personal time...
09/05/2026,01:44:36: Training...
09/05/2026,01:44:39: Evaluating...
09/05/2026,01:44:40: 	Train Loss: 823190.8125 (base: 403.6317, kd: 8227.8721), Elapsed: train 5.20 test 0.44
09/05/2026,01:44:40: 	Recall@10: 0.02184 Recall@20: 0.02709 NDCG@10: 0.01560 NDCG@20: 0.01697 
09/05/2026,01:44:40: 	Recall@10: 0.00833 Recall@20: 0.01103 NDCG@10: 0.00619 NDCG@20: 0.00698 
09/05/2026,01:44:40: Epoch [160/1000]
09/05/2026,01:44:40: Negative sampling...
09/05/2026,01:44:41: Model's personal time...
09/05/2026,01:44:41: Training...
09/05/2026,01:44:45: Evaluating...
09/05/2026,01:44:45: 	Train Loss: 822376.8125 (base: 403.1211, kd: 8219.7373), Elapsed: train 5.11 test 0.40
09/05/2026,01:44:45: 	Recall@10: 0.02080 Recall@20: 0.02541 NDCG@10: 0.01507 NDCG@20: 0.01626 
09/05/2026,01:44:45: 	Recall@10: 0.00827 Recall@20: 0.01159 NDCG@10: 0.00600 NDCG@20: 0.00697 
09/05/2026,01:44:45: Epoch [161/1000]
09/05/2026,01:44:45: Negative sampling...
09/05/2026,01:44:47: Model's personal time...
09/05/2026,01:44:47: Training...
09/05/2026,01:44:51: Evaluating...
09/05/2026,01:44:51: 	Train Loss: 823124.0625 (base: 402.4962, kd: 8227.2158), Elapsed: train 5.26 test 0.50 *
09/05/2026,01:44:51: 	Recall@10: 0.02227 Recall@20: 0.02704 NDCG@10: 0.01575 NDCG@20: 0.01701 
09/05/2026,01:44:51: 	Recall@10: 0.00974 Recall@20: 0.01186 NDCG@10: 0.00679 NDCG@20: 0.00744 
09/05/2026,01:44:51: Epoch [162/1000]
09/05/2026,01:44:51: Negative sampling...
09/05/2026,01:44:53: Model's personal time...
09/05/2026,01:44:53: Training...
09/05/2026,01:44:56: Evaluating...
09/05/2026,01:44:57: 	Train Loss: 822486.6250 (base: 394.7419, kd: 8220.9189), Elapsed: train 5.30 test 0.47
09/05/2026,01:44:57: 	Recall@10: 0.02074 Recall@20: 0.02521 NDCG@10: 0.01515 NDCG@20: 0.01630 
09/05/2026,01:44:57: 	Recall@10: 0.00896 Recall@20: 0.01235 NDCG@10: 0.00649 NDCG@20: 0.00747 
09/05/2026,01:44:57: Epoch [163/1000]
09/05/2026,01:44:57: Negative sampling...
09/05/2026,01:44:58: Model's personal time...
09/05/2026,01:44:58: Training...
09/05/2026,01:45:02: Evaluating...
09/05/2026,01:45:03: 	Train Loss: 823186.9375 (base: 397.6897, kd: 8227.8926), Elapsed: train 5.19 test 0.44 *
09/05/2026,01:45:03: 	Recall@10: 0.02222 Recall@20: 0.02708 NDCG@10: 0.01598 NDCG@20: 0.01720 
09/05/2026,01:45:03: 	Recall@10: 0.00895 Recall@20: 0.01144 NDCG@10: 0.00644 NDCG@20: 0.00718 
09/05/2026,01:45:03: Epoch [164/1000]
09/05/2026,01:45:03: Negative sampling...
09/05/2026,01:45:04: Model's personal time...
09/05/2026,01:45:04: Training...
09/05/2026,01:45:08: Evaluating...
09/05/2026,01:45:08: 	Train Loss: 822181.0625 (base: 389.9285, kd: 8217.9102), Elapsed: train 5.18 test 0.48
09/05/2026,01:45:08: 	Recall@10: 0.02145 Recall@20: 0.02577 NDCG@10: 0.01537 NDCG@20: 0.01649 
09/05/2026,01:45:08: 	Recall@10: 0.01044 Recall@20: 0.01218 NDCG@10: 0.00713 NDCG@20: 0.00767 
09/05/2026,01:45:08: Epoch [165/1000]
09/05/2026,01:45:08: Negative sampling...
09/05/2026,01:45:10: Model's personal time...
09/05/2026,01:45:10: Training...
09/05/2026,01:45:13: Evaluating...
09/05/2026,01:45:14: 	Train Loss: 823108.5625 (base: 392.3563, kd: 8227.1621), Elapsed: train 5.15 test 0.47 *
09/05/2026,01:45:14: 	Recall@10: 0.02236 Recall@20: 0.02734 NDCG@10: 0.01595 NDCG@20: 0.01722 
09/05/2026,01:45:14: 	Recall@10: 0.00877 Recall@20: 0.01127 NDCG@10: 0.00650 NDCG@20: 0.00726 
09/05/2026,01:45:14: Epoch [166/1000]
09/05/2026,01:45:14: Negative sampling...
09/05/2026,01:45:15: Model's personal time...
09/05/2026,01:45:15: Training...
09/05/2026,01:45:19: Evaluating...
09/05/2026,01:45:19: 	Train Loss: 822211.8750 (base: 395.7417, kd: 8218.1621), Elapsed: train 5.14 test 0.40
09/05/2026,01:45:19: 	Recall@10: 0.02164 Recall@20: 0.02593 NDCG@10: 0.01557 NDCG@20: 0.01666 
09/05/2026,01:45:19: 	Recall@10: 0.01015 Recall@20: 0.01232 NDCG@10: 0.00703 NDCG@20: 0.00771 
09/05/2026,01:45:19: Epoch [167/1000]
09/05/2026,01:45:19: Negative sampling...
09/05/2026,01:45:21: Model's personal time...
09/05/2026,01:45:21: Training...
09/05/2026,01:45:24: Evaluating...
09/05/2026,01:45:25: 	Train Loss: 822847.8125 (base: 381.7732, kd: 8224.6592), Elapsed: train 5.08 test 0.41 *
09/05/2026,01:45:25: 	Recall@10: 0.02209 Recall@20: 0.02656 NDCG@10: 0.01621 NDCG@20: 0.01737 
09/05/2026,01:45:25: 	Recall@10: 0.00865 Recall@20: 0.01066 NDCG@10: 0.00645 NDCG@20: 0.00708 
09/05/2026,01:45:25: Epoch [168/1000]
09/05/2026,01:45:25: Negative sampling...
09/05/2026,01:45:26: Model's personal time...
09/05/2026,01:45:26: Training...
09/05/2026,01:45:30: Evaluating...
09/05/2026,01:45:30: 	Train Loss: 822263.5625 (base: 385.5023, kd: 8218.7803), Elapsed: train 5.13 test 0.46
09/05/2026,01:45:30: 	Recall@10: 0.02080 Recall@20: 0.02567 NDCG@10: 0.01523 NDCG@20: 0.01647 
09/05/2026,01:45:30: 	Recall@10: 0.00782 Recall@20: 0.01068 NDCG@10: 0.00599 NDCG@20: 0.00683 
09/05/2026,01:45:30: Epoch [169/1000]
09/05/2026,01:45:30: Negative sampling...
09/05/2026,01:45:32: Model's personal time...
09/05/2026,01:45:32: Training...
09/05/2026,01:45:36: Evaluating...
09/05/2026,01:45:36: 	Train Loss: 822975.8125 (base: 382.3663, kd: 8225.9346), Elapsed: train 5.09 test 0.41 *
09/05/2026,01:45:36: 	Recall@10: 0.02248 Recall@20: 0.02690 NDCG@10: 0.01628 NDCG@20: 0.01742 
09/05/2026,01:45:36: 	Recall@10: 0.00827 Recall@20: 0.01122 NDCG@10: 0.00616 NDCG@20: 0.00702 
09/05/2026,01:45:36: Epoch [170/1000]
09/05/2026,01:45:36: Negative sampling...
09/05/2026,01:45:37: Model's personal time...
09/05/2026,01:45:38: Training...
09/05/2026,01:45:41: Evaluating...
09/05/2026,01:45:42: 	Train Loss: 822199.0000 (base: 377.3512, kd: 8218.2158), Elapsed: train 5.27 test 0.42
09/05/2026,01:45:42: 	Recall@10: 0.02098 Recall@20: 0.02587 NDCG@10: 0.01543 NDCG@20: 0.01668 
09/05/2026,01:45:42: 	Recall@10: 0.00970 Recall@20: 0.01199 NDCG@10: 0.00689 NDCG@20: 0.00760 
09/05/2026,01:45:42: Epoch [171/1000]
09/05/2026,01:45:42: Negative sampling...
09/05/2026,01:45:43: Model's personal time...
09/05/2026,01:45:43: Training...
09/05/2026,01:45:47: Evaluating...
09/05/2026,01:45:47: 	Train Loss: 822903.6875 (base: 378.5007, kd: 8225.2520), Elapsed: train 5.14 test 0.40
09/05/2026,01:45:47: 	Recall@10: 0.02277 Recall@20: 0.02711 NDCG@10: 0.01626 NDCG@20: 0.01741 
09/05/2026,01:45:47: 	Recall@10: 0.00891 Recall@20: 0.01192 NDCG@10: 0.00642 NDCG@20: 0.00727 
09/05/2026,01:45:47: Epoch [172/1000]
09/05/2026,01:45:47: Negative sampling...
09/05/2026,01:45:49: Model's personal time...
09/05/2026,01:45:49: Training...
09/05/2026,01:45:52: Evaluating...
09/05/2026,01:45:53: 	Train Loss: 821995.8750 (base: 374.5202, kd: 8216.2158), Elapsed: train 5.13 test 0.46
09/05/2026,01:45:53: 	Recall@10: 0.02096 Recall@20: 0.02550 NDCG@10: 0.01539 NDCG@20: 0.01657 
09/05/2026,01:45:53: 	Recall@10: 0.00989 Recall@20: 0.01226 NDCG@10: 0.00704 NDCG@20: 0.00776 
09/05/2026,01:45:53: Epoch [173/1000]
09/05/2026,01:45:53: Negative sampling...
09/05/2026,01:45:54: Model's personal time...
09/05/2026,01:45:54: Training...
09/05/2026,01:45:58: Evaluating...
09/05/2026,01:45:58: 	Train Loss: 822701.6875 (base: 374.7779, kd: 8223.2686), Elapsed: train 5.25 test 0.41 *
09/05/2026,01:45:58: 	Recall@10: 0.02230 Recall@20: 0.02673 NDCG@10: 0.01631 NDCG@20: 0.01748 
09/05/2026,01:45:58: 	Recall@10: 0.00879 Recall@20: 0.01050 NDCG@10: 0.00637 NDCG@20: 0.00691 
09/05/2026,01:45:58: Epoch [174/1000]
09/05/2026,01:45:58: Negative sampling...
09/05/2026,01:46:00: Model's personal time...
09/05/2026,01:46:00: Training...
09/05/2026,01:46:04: Evaluating...
09/05/2026,01:46:04: 	Train Loss: 822060.5625 (base: 368.3247, kd: 8216.9219), Elapsed: train 5.10 test 0.42
09/05/2026,01:46:04: 	Recall@10: 0.02100 Recall@20: 0.02591 NDCG@10: 0.01574 NDCG@20: 0.01704 
09/05/2026,01:46:04: 	Recall@10: 0.00875 Recall@20: 0.01074 NDCG@10: 0.00629 NDCG@20: 0.00689 
09/05/2026,01:46:04: Epoch [175/1000]
09/05/2026,01:46:04: Negative sampling...
09/05/2026,01:46:05: Model's personal time...
09/05/2026,01:46:05: Training...
09/05/2026,01:46:09: Evaluating...
09/05/2026,01:46:10: 	Train Loss: 822538.1875 (base: 362.6824, kd: 8221.7549), Elapsed: train 5.07 test 0.48 *
09/05/2026,01:46:10: 	Recall@10: 0.02255 Recall@20: 0.02786 NDCG@10: 0.01640 NDCG@20: 0.01780 
09/05/2026,01:46:10: 	Recall@10: 0.00960 Recall@20: 0.01187 NDCG@10: 0.00683 NDCG@20: 0.00753 
09/05/2026,01:46:10: Epoch [176/1000]
09/05/2026,01:46:10: Negative sampling...
09/05/2026,01:46:11: Model's personal time...
09/05/2026,01:46:11: Training...
09/05/2026,01:46:15: Evaluating...
09/05/2026,01:46:15: 	Train Loss: 822039.0625 (base: 373.4610, kd: 8216.6562), Elapsed: train 5.12 test 0.41
09/05/2026,01:46:15: 	Recall@10: 0.02134 Recall@20: 0.02534 NDCG@10: 0.01581 NDCG@20: 0.01683 
09/05/2026,01:46:15: 	Recall@10: 0.00952 Recall@20: 0.01150 NDCG@10: 0.00698 NDCG@20: 0.00761 
09/05/2026,01:46:15: Epoch [177/1000]
09/05/2026,01:46:15: Negative sampling...
09/05/2026,01:46:17: Model's personal time...
09/05/2026,01:46:17: Training...
09/05/2026,01:46:20: Evaluating...
09/05/2026,01:46:21: 	Train Loss: 822686.6250 (base: 361.7883, kd: 8223.2480), Elapsed: train 5.32 test 0.42
09/05/2026,01:46:21: 	Recall@10: 0.02304 Recall@20: 0.02690 NDCG@10: 0.01657 NDCG@20: 0.01757 
09/05/2026,01:46:21: 	Recall@10: 0.00907 Recall@20: 0.01194 NDCG@10: 0.00666 NDCG@20: 0.00751 
09/05/2026,01:46:21: Epoch [178/1000]
09/05/2026,01:46:21: Negative sampling...
09/05/2026,01:46:22: Model's personal time...
09/05/2026,01:46:22: Training...
09/05/2026,01:46:26: Evaluating...
09/05/2026,01:46:26: 	Train Loss: 822003.0625 (base: 368.5928, kd: 8216.3447), Elapsed: train 5.11 test 0.41
09/05/2026,01:46:26: 	Recall@10: 0.02099 Recall@20: 0.02656 NDCG@10: 0.01573 NDCG@20: 0.01717 
09/05/2026,01:46:26: 	Recall@10: 0.00997 Recall@20: 0.01246 NDCG@10: 0.00694 NDCG@20: 0.00768 
09/05/2026,01:46:26: Epoch [179/1000]
09/05/2026,01:46:26: Negative sampling...
09/05/2026,01:46:28: Model's personal time...
09/05/2026,01:46:28: Training...
09/05/2026,01:46:31: Evaluating...
09/05/2026,01:46:32: 	Train Loss: 822739.1875 (base: 361.9247, kd: 8223.7725), Elapsed: train 5.15 test 0.44
09/05/2026,01:46:32: 	Recall@10: 0.02220 Recall@20: 0.02681 NDCG@10: 0.01654 NDCG@20: 0.01773 
09/05/2026,01:46:32: 	Recall@10: 0.00948 Recall@20: 0.01234 NDCG@10: 0.00678 NDCG@20: 0.00763 
09/05/2026,01:46:32: Epoch [180/1000]
09/05/2026,01:46:32: Negative sampling...
09/05/2026,01:46:33: Model's personal time...
09/05/2026,01:46:33: Training...
09/05/2026,01:46:37: Evaluating...
09/05/2026,01:46:38: 	Train Loss: 821960.2500 (base: 364.3889, kd: 8215.9580), Elapsed: train 5.23 test 0.44
09/05/2026,01:46:38: 	Recall@10: 0.02116 Recall@20: 0.02546 NDCG@10: 0.01577 NDCG@20: 0.01685 
09/05/2026,01:46:38: 	Recall@10: 0.00960 Recall@20: 0.01278 NDCG@10: 0.00648 NDCG@20: 0.00740 
09/05/2026,01:46:38: Epoch [181/1000]
09/05/2026,01:46:38: Negative sampling...
09/05/2026,01:46:39: Model's personal time...
09/05/2026,01:46:39: Training...
09/05/2026,01:46:43: Evaluating...
09/05/2026,01:46:43: 	Train Loss: 822555.8750 (base: 360.0380, kd: 8221.9580), Elapsed: train 5.11 test 0.40
09/05/2026,01:46:43: 	Recall@10: 0.02215 Recall@20: 0.02708 NDCG@10: 0.01628 NDCG@20: 0.01755 
09/05/2026,01:46:43: 	Recall@10: 0.00916 Recall@20: 0.01188 NDCG@10: 0.00671 NDCG@20: 0.00750 
09/05/2026,01:46:43: Epoch [182/1000]
09/05/2026,01:46:43: Negative sampling...
09/05/2026,01:46:44: Model's personal time...
09/05/2026,01:46:45: Training...
09/05/2026,01:46:48: Evaluating...
09/05/2026,01:46:49: 	Train Loss: 821697.8750 (base: 363.6774, kd: 8213.3428), Elapsed: train 5.09 test 0.41
09/05/2026,01:46:49: 	Recall@10: 0.02097 Recall@20: 0.02613 NDCG@10: 0.01567 NDCG@20: 0.01703 
09/05/2026,01:46:49: 	Recall@10: 0.00950 Recall@20: 0.01204 NDCG@10: 0.00667 NDCG@20: 0.00741 
09/05/2026,01:46:49: Epoch [183/1000]
09/05/2026,01:46:49: Negative sampling...
09/05/2026,01:46:50: Model's personal time...
09/05/2026,01:46:50: Training...
09/05/2026,01:46:54: Evaluating...
09/05/2026,01:46:54: 	Train Loss: 822560.0625 (base: 348.4915, kd: 8222.1143), Elapsed: train 5.15 test 0.48
09/05/2026,01:46:54: 	Recall@10: 0.02183 Recall@20: 0.02722 NDCG@10: 0.01608 NDCG@20: 0.01751 
09/05/2026,01:46:54: 	Recall@10: 0.00971 Recall@20: 0.01228 NDCG@10: 0.00700 NDCG@20: 0.00776 
09/05/2026,01:46:54: Epoch [184/1000]
09/05/2026,01:46:54: Negative sampling...
09/05/2026,01:46:56: Model's personal time...
09/05/2026,01:46:56: Training...
09/05/2026,01:46:59: Evaluating...
09/05/2026,01:47:00: 	Train Loss: 821685.6875 (base: 353.5538, kd: 8213.3213), Elapsed: train 5.29 test 0.44
09/05/2026,01:47:00: 	Recall@10: 0.02216 Recall@20: 0.02660 NDCG@10: 0.01614 NDCG@20: 0.01731 
09/05/2026,01:47:00: 	Recall@10: 0.00954 Recall@20: 0.01261 NDCG@10: 0.00679 NDCG@20: 0.00772 
09/05/2026,01:47:00: Epoch [185/1000]
09/05/2026,01:47:00: Negative sampling...
09/05/2026,01:47:01: Model's personal time...
09/05/2026,01:47:01: Training...
09/05/2026,01:47:05: Evaluating...
09/05/2026,01:47:06: 	Train Loss: 822523.2500 (base: 363.8522, kd: 8221.5938), Elapsed: train 5.18 test 0.41
09/05/2026,01:47:06: 	Recall@10: 0.02264 Recall@20: 0.02779 NDCG@10: 0.01635 NDCG@20: 0.01776 
09/05/2026,01:47:06: 	Recall@10: 0.01050 Recall@20: 0.01281 NDCG@10: 0.00713 NDCG@20: 0.00783 
09/05/2026,01:47:06: Epoch [186/1000]
09/05/2026,01:47:06: Negative sampling...
09/05/2026,01:47:07: Model's personal time...
09/05/2026,01:47:07: Training...
09/05/2026,01:47:11: Evaluating...
09/05/2026,01:47:11: 	Train Loss: 821806.2500 (base: 348.4325, kd: 8214.5781), Elapsed: train 5.18 test 0.41
09/05/2026,01:47:11: 	Recall@10: 0.02077 Recall@20: 0.02604 NDCG@10: 0.01564 NDCG@20: 0.01706 
09/05/2026,01:47:11: 	Recall@10: 0.00963 Recall@20: 0.01255 NDCG@10: 0.00675 NDCG@20: 0.00765 
09/05/2026,01:47:11: Epoch [187/1000]
09/05/2026,01:47:11: Negative sampling...
09/05/2026,01:47:12: Model's personal time...
09/05/2026,01:47:13: Training...
09/05/2026,01:47:16: Evaluating...
09/05/2026,01:47:17: 	Train Loss: 822202.4375 (base: 356.3719, kd: 8218.4600), Elapsed: train 5.15 test 0.43
09/05/2026,01:47:17: 	Recall@10: 0.02210 Recall@20: 0.02685 NDCG@10: 0.01614 NDCG@20: 0.01738 
09/05/2026,01:47:17: 	Recall@10: 0.01003 Recall@20: 0.01291 NDCG@10: 0.00691 NDCG@20: 0.00772 
09/05/2026,01:47:17: Epoch [188/1000]
09/05/2026,01:47:17: Negative sampling...
09/05/2026,01:47:18: Model's personal time...
09/05/2026,01:47:18: Training...
09/05/2026,01:47:22: Evaluating...
09/05/2026,01:47:22: 	Train Loss: 821534.7500 (base: 348.8253, kd: 8211.8594), Elapsed: train 5.17 test 0.41
09/05/2026,01:47:22: 	Recall@10: 0.02073 Recall@20: 0.02563 NDCG@10: 0.01549 NDCG@20: 0.01680 
09/05/2026,01:47:22: 	Recall@10: 0.01043 Recall@20: 0.01294 NDCG@10: 0.00716 NDCG@20: 0.00791 
09/05/2026,01:47:22: Epoch [189/1000]
09/05/2026,01:47:22: Negative sampling...
09/05/2026,01:47:24: Model's personal time...
09/05/2026,01:47:24: Training...
09/05/2026,01:47:27: Evaluating...
09/05/2026,01:47:28: 	Train Loss: 822416.5000 (base: 343.8036, kd: 8220.7266), Elapsed: train 5.14 test 0.42
09/05/2026,01:47:28: 	Recall@10: 0.02240 Recall@20: 0.02737 NDCG@10: 0.01624 NDCG@20: 0.01755 
09/05/2026,01:47:28: 	Recall@10: 0.01013 Recall@20: 0.01267 NDCG@10: 0.00712 NDCG@20: 0.00786 
09/05/2026,01:47:28: Epoch [190/1000]
09/05/2026,01:47:28: Negative sampling...
09/05/2026,01:47:29: Model's personal time...
09/05/2026,01:47:29: Training...
09/05/2026,01:47:33: Evaluating...
09/05/2026,01:47:33: 	Train Loss: 821502.9375 (base: 328.4683, kd: 8211.7451), Elapsed: train 5.13 test 0.50
09/05/2026,01:47:33: 	Recall@10: 0.02135 Recall@20: 0.02684 NDCG@10: 0.01567 NDCG@20: 0.01716 
09/05/2026,01:47:33: 	Recall@10: 0.01067 Recall@20: 0.01279 NDCG@10: 0.00737 NDCG@20: 0.00800 
09/05/2026,01:47:33: Epoch [191/1000]
09/05/2026,01:47:33: Negative sampling...
09/05/2026,01:47:35: Model's personal time...
09/05/2026,01:47:35: Training...
09/05/2026,01:47:39: Evaluating...
09/05/2026,01:47:39: 	Train Loss: 822193.6875 (base: 348.2646, kd: 8218.4541), Elapsed: train 5.26 test 0.42
09/05/2026,01:47:39: 	Recall@10: 0.02185 Recall@20: 0.02720 NDCG@10: 0.01616 NDCG@20: 0.01759 
09/05/2026,01:47:39: 	Recall@10: 0.00994 Recall@20: 0.01298 NDCG@10: 0.00699 NDCG@20: 0.00786 
09/05/2026,01:47:39: Epoch [192/1000]
09/05/2026,01:47:39: Negative sampling...
09/05/2026,01:47:41: Model's personal time...
09/05/2026,01:47:41: Training...
09/05/2026,01:47:44: Evaluating...
09/05/2026,01:47:45: 	Train Loss: 821632.0000 (base: 345.5674, kd: 8212.8643), Elapsed: train 5.09 test 0.41
09/05/2026,01:47:45: 	Recall@10: 0.02113 Recall@20: 0.02605 NDCG@10: 0.01566 NDCG@20: 0.01695 
09/05/2026,01:47:45: 	Recall@10: 0.00955 Recall@20: 0.01320 NDCG@10: 0.00674 NDCG@20: 0.00777 
09/05/2026,01:47:45: Epoch [193/1000]
09/05/2026,01:47:45: Negative sampling...
09/05/2026,01:47:46: Model's personal time...
09/05/2026,01:47:46: Training...
09/05/2026,01:47:50: Evaluating...
09/05/2026,01:47:50: 	Train Loss: 822358.2500 (base: 339.3423, kd: 8220.1895), Elapsed: train 5.16 test 0.42
09/05/2026,01:47:50: 	Recall@10: 0.02180 Recall@20: 0.02721 NDCG@10: 0.01614 NDCG@20: 0.01764 
09/05/2026,01:47:50: 	Recall@10: 0.00970 Recall@20: 0.01269 NDCG@10: 0.00705 NDCG@20: 0.00792 
09/05/2026,01:47:50: Epoch [194/1000]
09/05/2026,01:47:50: Negative sampling...
09/05/2026,01:47:52: Model's personal time...
09/05/2026,01:47:52: Training...
09/05/2026,01:47:55: Evaluating...
09/05/2026,01:47:56: 	Train Loss: 821405.3750 (base: 341.8571, kd: 8210.6357), Elapsed: train 5.20 test 0.43
09/05/2026,01:47:56: 	Recall@10: 0.02115 Recall@20: 0.02660 NDCG@10: 0.01583 NDCG@20: 0.01729 
09/05/2026,01:47:56: 	Recall@10: 0.00966 Recall@20: 0.01189 NDCG@10: 0.00691 NDCG@20: 0.00755 
09/05/2026,01:47:56: Epoch [195/1000]
09/05/2026,01:47:56: Negative sampling...
09/05/2026,01:47:57: Model's personal time...
09/05/2026,01:47:57: Training...
09/05/2026,01:48:01: Evaluating...
09/05/2026,01:48:01: 	Train Loss: 822319.0625 (base: 339.0034, kd: 8219.7998), Elapsed: train 5.12 test 0.44 *
09/05/2026,01:48:01: 	Recall@10: 0.02227 Recall@20: 0.02769 NDCG@10: 0.01649 NDCG@20: 0.01795 
09/05/2026,01:48:01: 	Recall@10: 0.01025 Recall@20: 0.01285 NDCG@10: 0.00744 NDCG@20: 0.00820 
09/05/2026,01:48:01: Epoch [196/1000]
09/05/2026,01:48:01: Negative sampling...
09/05/2026,01:48:03: Model's personal time...
09/05/2026,01:48:03: Training...
09/05/2026,01:48:07: Evaluating...
09/05/2026,01:48:07: 	Train Loss: 821564.8750 (base: 331.0264, kd: 8212.3379), Elapsed: train 5.12 test 0.43
09/05/2026,01:48:07: 	Recall@10: 0.02053 Recall@20: 0.02624 NDCG@10: 0.01553 NDCG@20: 0.01706 
09/05/2026,01:48:07: 	Recall@10: 0.01032 Recall@20: 0.01251 NDCG@10: 0.00747 NDCG@20: 0.00813 
09/05/2026,01:48:07: Epoch [197/1000]
09/05/2026,01:48:07: Negative sampling...
09/05/2026,01:48:08: Model's personal time...
09/05/2026,01:48:08: Training...
09/05/2026,01:48:12: Evaluating...
09/05/2026,01:48:13: 	Train Loss: 822132.6875 (base: 338.2283, kd: 8217.9453), Elapsed: train 5.09 test 0.45
09/05/2026,01:48:13: 	Recall@10: 0.02216 Recall@20: 0.02744 NDCG@10: 0.01643 NDCG@20: 0.01791 
09/05/2026,01:48:13: 	Recall@10: 0.01017 Recall@20: 0.01234 NDCG@10: 0.00724 NDCG@20: 0.00790 
09/05/2026,01:48:13: Epoch [198/1000]
09/05/2026,01:48:13: Negative sampling...
09/05/2026,01:48:14: Model's personal time...
09/05/2026,01:48:14: Training...
09/05/2026,01:48:18: Evaluating...
09/05/2026,01:48:18: 	Train Loss: 821466.3750 (base: 334.7632, kd: 8211.3154), Elapsed: train 5.11 test 0.43
09/05/2026,01:48:18: 	Recall@10: 0.02099 Recall@20: 0.02677 NDCG@10: 0.01564 NDCG@20: 0.01724 
09/05/2026,01:48:18: 	Recall@10: 0.01021 Recall@20: 0.01235 NDCG@10: 0.00751 NDCG@20: 0.00817 
09/05/2026,01:48:18: Epoch [199/1000]
09/05/2026,01:48:18: Negative sampling...
09/05/2026,01:48:19: Model's personal time...
09/05/2026,01:48:20: Training...
09/05/2026,01:48:23: Evaluating...
09/05/2026,01:48:24: 	Train Loss: 822171.0625 (base: 333.6629, kd: 8218.3740), Elapsed: train 5.16 test 0.45
09/05/2026,01:48:24: 	Recall@10: 0.02185 Recall@20: 0.02754 NDCG@10: 0.01616 NDCG@20: 0.01772 
09/05/2026,01:48:24: 	Recall@10: 0.00995 Recall@20: 0.01241 NDCG@10: 0.00715 NDCG@20: 0.00787 
09/05/2026,01:48:24: Epoch [200/1000]
09/05/2026,01:48:24: Negative sampling...
09/05/2026,01:48:25: Model's personal time...
09/05/2026,01:48:25: Training...
09/05/2026,01:48:29: Evaluating...
09/05/2026,01:48:29: 	Train Loss: 821408.0000 (base: 330.9023, kd: 8210.7705), Elapsed: train 5.21 test 0.48
09/05/2026,01:48:29: 	Recall@10: 0.02078 Recall@20: 0.02616 NDCG@10: 0.01573 NDCG@20: 0.01721 
09/05/2026,01:48:29: 	Recall@10: 0.00916 Recall@20: 0.01206 NDCG@10: 0.00685 NDCG@20: 0.00771 
09/05/2026,01:48:29: Epoch [201/1000]
09/05/2026,01:48:29: Negative sampling...
09/05/2026,01:48:31: Model's personal time...
09/05/2026,01:48:31: Training...
09/05/2026,01:48:34: Evaluating...
09/05/2026,01:48:35: 	Train Loss: 822525.1875 (base: 331.1154, kd: 8221.9404), Elapsed: train 5.13 test 0.41 *
09/05/2026,01:48:35: 	Recall@10: 0.02204 Recall@20: 0.02747 NDCG@10: 0.01645 NDCG@20: 0.01796 
09/05/2026,01:48:35: 	Recall@10: 0.00911 Recall@20: 0.01152 NDCG@10: 0.00684 NDCG@20: 0.00757 
09/05/2026,01:48:35: Epoch [202/1000]
09/05/2026,01:48:35: Negative sampling...
09/05/2026,01:48:36: Model's personal time...
09/05/2026,01:48:36: Training...
09/05/2026,01:48:40: Evaluating...
09/05/2026,01:48:40: 	Train Loss: 821358.1875 (base: 335.7073, kd: 8210.2246), Elapsed: train 5.08 test 0.42
09/05/2026,01:48:40: 	Recall@10: 0.02123 Recall@20: 0.02701 NDCG@10: 0.01607 NDCG@20: 0.01768 
09/05/2026,01:48:40: 	Recall@10: 0.01013 Recall@20: 0.01303 NDCG@10: 0.00706 NDCG@20: 0.00791 
09/05/2026,01:48:40: Epoch [203/1000]
09/05/2026,01:48:40: Negative sampling...
09/05/2026,01:48:42: Model's personal time...
09/05/2026,01:48:42: Training...
09/05/2026,01:48:45: Evaluating...
09/05/2026,01:48:46: 	Train Loss: 822108.3125 (base: 327.8523, kd: 8217.8037), Elapsed: train 5.08 test 0.44 *
09/05/2026,01:48:46: 	Recall@10: 0.02210 Recall@20: 0.02758 NDCG@10: 0.01660 NDCG@20: 0.01815 
09/05/2026,01:48:46: 	Recall@10: 0.01026 Recall@20: 0.01205 NDCG@10: 0.00737 NDCG@20: 0.00795 
09/05/2026,01:48:46: Epoch [204/1000]
09/05/2026,01:48:46: Negative sampling...
09/05/2026,01:48:47: Model's personal time...
09/05/2026,01:48:47: Training...
09/05/2026,01:48:51: Evaluating...
09/05/2026,01:48:51: 	Train Loss: 821234.5000 (base: 321.4359, kd: 8209.1309), Elapsed: train 5.10 test 0.45
09/05/2026,01:48:51: 	Recall@10: 0.02165 Recall@20: 0.02702 NDCG@10: 0.01624 NDCG@20: 0.01769 
09/05/2026,01:48:51: 	Recall@10: 0.00994 Recall@20: 0.01215 NDCG@10: 0.00717 NDCG@20: 0.00786 
09/05/2026,01:48:51: Epoch [205/1000]
09/05/2026,01:48:51: Negative sampling...
09/05/2026,01:48:53: Model's personal time...
09/05/2026,01:48:53: Training...
09/05/2026,01:48:57: Evaluating...
09/05/2026,01:48:57: 	Train Loss: 822091.0625 (base: 325.3237, kd: 8217.6582), Elapsed: train 5.11 test 0.43
09/05/2026,01:48:57: 	Recall@10: 0.02253 Recall@20: 0.02754 NDCG@10: 0.01658 NDCG@20: 0.01798 
09/05/2026,01:48:57: 	Recall@10: 0.00945 Recall@20: 0.01196 NDCG@10: 0.00707 NDCG@20: 0.00781 
09/05/2026,01:48:57: Epoch [206/1000]
09/05/2026,01:48:57: Negative sampling...
09/05/2026,01:48:58: Model's personal time...
09/05/2026,01:48:59: Training...
09/05/2026,01:49:02: Evaluating...
09/05/2026,01:49:03: 	Train Loss: 821443.4375 (base: 317.0405, kd: 8211.2637), Elapsed: train 5.21 test 0.50
09/05/2026,01:49:03: 	Recall@10: 0.02218 Recall@20: 0.02664 NDCG@10: 0.01649 NDCG@20: 0.01770 
09/05/2026,01:49:03: 	Recall@10: 0.00873 Recall@20: 0.01186 NDCG@10: 0.00681 NDCG@20: 0.00772 
09/05/2026,01:49:03: Epoch [207/1000]
09/05/2026,01:49:03: Negative sampling...
09/05/2026,01:49:04: Model's personal time...
09/05/2026,01:49:04: Training...
09/05/2026,01:49:08: Evaluating...
09/05/2026,01:49:08: 	Train Loss: 822183.8125 (base: 313.7143, kd: 8218.7002), Elapsed: train 5.19 test 0.42 *
09/05/2026,01:49:08: 	Recall@10: 0.02265 Recall@20: 0.02756 NDCG@10: 0.01687 NDCG@20: 0.01822 
09/05/2026,01:49:08: 	Recall@10: 0.00996 Recall@20: 0.01242 NDCG@10: 0.00761 NDCG@20: 0.00833 
09/05/2026,01:49:08: Epoch [208/1000]
09/05/2026,01:49:08: Negative sampling...
09/05/2026,01:49:10: Model's personal time...
09/05/2026,01:49:10: Training...
09/05/2026,01:49:14: Evaluating...
09/05/2026,01:49:14: 	Train Loss: 821489.7500 (base: 312.8512, kd: 8211.7705), Elapsed: train 5.21 test 0.46
09/05/2026,01:49:14: 	Recall@10: 0.02194 Recall@20: 0.02687 NDCG@10: 0.01648 NDCG@20: 0.01779 
09/05/2026,01:49:14: 	Recall@10: 0.01022 Recall@20: 0.01261 NDCG@10: 0.00754 NDCG@20: 0.00828 
09/05/2026,01:49:14: Epoch [209/1000]
09/05/2026,01:49:14: Negative sampling...
09/05/2026,01:49:15: Model's personal time...
09/05/2026,01:49:15: Training...
09/05/2026,01:49:19: Evaluating...
09/05/2026,01:49:20: 	Train Loss: 822001.1875 (base: 316.0708, kd: 8216.8516), Elapsed: train 5.16 test 0.50 *
09/05/2026,01:49:20: 	Recall@10: 0.02306 Recall@20: 0.02760 NDCG@10: 0.01707 NDCG@20: 0.01834 
09/05/2026,01:49:20: 	Recall@10: 0.00944 Recall@20: 0.01220 NDCG@10: 0.00710 NDCG@20: 0.00794 
09/05/2026,01:49:20: Epoch [210/1000]
09/05/2026,01:49:20: Negative sampling...
09/05/2026,01:49:21: Model's personal time...
09/05/2026,01:49:21: Training...
09/05/2026,01:49:25: Evaluating...
09/05/2026,01:49:25: 	Train Loss: 821271.1875 (base: 320.6463, kd: 8209.5049), Elapsed: train 5.27 test 0.43
09/05/2026,01:49:25: 	Recall@10: 0.02193 Recall@20: 0.02681 NDCG@10: 0.01653 NDCG@20: 0.01783 
09/05/2026,01:49:25: 	Recall@10: 0.00925 Recall@20: 0.01239 NDCG@10: 0.00691 NDCG@20: 0.00785 
09/05/2026,01:49:25: Epoch [211/1000]
09/05/2026,01:49:25: Negative sampling...
09/05/2026,01:49:27: Model's personal time...
09/05/2026,01:49:27: Training...
09/05/2026,01:49:30: Evaluating...
09/05/2026,01:49:31: 	Train Loss: 822044.1250 (base: 310.0561, kd: 8217.3408), Elapsed: train 5.12 test 0.42
09/05/2026,01:49:31: 	Recall@10: 0.02283 Recall@20: 0.02749 NDCG@10: 0.01678 NDCG@20: 0.01804 
09/05/2026,01:49:31: 	Recall@10: 0.00972 Recall@20: 0.01243 NDCG@10: 0.00727 NDCG@20: 0.00805 
09/05/2026,01:49:31: Epoch [212/1000]
09/05/2026,01:49:31: Negative sampling...
09/05/2026,01:49:32: Model's personal time...
09/05/2026,01:49:32: Training...
09/05/2026,01:49:36: Evaluating...
09/05/2026,01:49:37: 	Train Loss: 821111.8125 (base: 312.0045, kd: 8207.9990), Elapsed: train 5.19 test 0.50
09/05/2026,01:49:37: 	Recall@10: 0.02200 Recall@20: 0.02709 NDCG@10: 0.01630 NDCG@20: 0.01769 
09/05/2026,01:49:37: 	Recall@10: 0.01092 Recall@20: 0.01319 NDCG@10: 0.00753 NDCG@20: 0.00824 
09/05/2026,01:49:37: Epoch [213/1000]
09/05/2026,01:49:37: Negative sampling...
09/05/2026,01:49:38: Model's personal time...
09/05/2026,01:49:38: Training...
09/05/2026,01:49:42: Evaluating...
09/05/2026,01:49:42: 	Train Loss: 821943.7500 (base: 311.3710, kd: 8216.3242), Elapsed: train 5.24 test 0.41
09/05/2026,01:49:42: 	Recall@10: 0.02318 Recall@20: 0.02743 NDCG@10: 0.01679 NDCG@20: 0.01799 
09/05/2026,01:49:42: 	Recall@10: 0.00998 Recall@20: 0.01248 NDCG@10: 0.00737 NDCG@20: 0.00811 
09/05/2026,01:49:42: Epoch [214/1000]
09/05/2026,01:49:42: Negative sampling...
09/05/2026,01:49:44: Model's personal time...
09/05/2026,01:49:44: Training...
09/05/2026,01:49:47: Evaluating...
09/05/2026,01:49:48: 	Train Loss: 821378.6250 (base: 307.0036, kd: 8210.7158), Elapsed: train 5.07 test 0.41
09/05/2026,01:49:48: 	Recall@10: 0.02118 Recall@20: 0.02633 NDCG@10: 0.01607 NDCG@20: 0.01744 
09/05/2026,01:49:48: 	Recall@10: 0.00950 Recall@20: 0.01268 NDCG@10: 0.00698 NDCG@20: 0.00793 
09/05/2026,01:49:48: Epoch [215/1000]
09/05/2026,01:49:48: Negative sampling...
09/05/2026,01:49:49: Model's personal time...
09/05/2026,01:49:49: Training...
09/05/2026,01:49:53: Evaluating...
09/05/2026,01:49:53: 	Train Loss: 822068.9375 (base: 304.8883, kd: 8217.6416), Elapsed: train 5.12 test 0.43 *
09/05/2026,01:49:53: 	Recall@10: 0.02308 Recall@20: 0.02795 NDCG@10: 0.01706 NDCG@20: 0.01841 
09/05/2026,01:49:53: 	Recall@10: 0.01008 Recall@20: 0.01273 NDCG@10: 0.00748 NDCG@20: 0.00825 
09/05/2026,01:49:53: Epoch [216/1000]
09/05/2026,01:49:53: Negative sampling...
09/05/2026,01:49:55: Model's personal time...
09/05/2026,01:49:55: Training...
09/05/2026,01:49:58: Evaluating...
09/05/2026,01:49:59: 	Train Loss: 821310.1875 (base: 304.1862, kd: 8210.0596), Elapsed: train 5.10 test 0.53
09/05/2026,01:49:59: 	Recall@10: 0.02253 Recall@20: 0.02745 NDCG@10: 0.01637 NDCG@20: 0.01772 
09/05/2026,01:49:59: 	Recall@10: 0.00883 Recall@20: 0.01081 NDCG@10: 0.00664 NDCG@20: 0.00726 
09/05/2026,01:49:59: Epoch [217/1000]
09/05/2026,01:49:59: Negative sampling...
09/05/2026,01:50:00: Model's personal time...
09/05/2026,01:50:00: Training...
09/05/2026,01:50:04: Evaluating...
09/05/2026,01:50:05: 	Train Loss: 822028.6250 (base: 303.8058, kd: 8217.2490), Elapsed: train 5.23 test 0.50
09/05/2026,01:50:05: 	Recall@10: 0.02315 Recall@20: 0.02805 NDCG@10: 0.01702 NDCG@20: 0.01834 
09/05/2026,01:50:05: 	Recall@10: 0.01039 Recall@20: 0.01373 NDCG@10: 0.00758 NDCG@20: 0.00857 
09/05/2026,01:50:05: Epoch [218/1000]
09/05/2026,01:50:05: Negative sampling...
09/05/2026,01:50:06: Model's personal time...
09/05/2026,01:50:06: Training...
09/05/2026,01:50:10: Evaluating...
09/05/2026,01:50:10: 	Train Loss: 821270.1875 (base: 307.3065, kd: 8209.6289), Elapsed: train 5.11 test 0.49
09/05/2026,01:50:10: 	Recall@10: 0.02228 Recall@20: 0.02745 NDCG@10: 0.01664 NDCG@20: 0.01807 
09/05/2026,01:50:10: 	Recall@10: 0.01094 Recall@20: 0.01359 NDCG@10: 0.00748 NDCG@20: 0.00830 
09/05/2026,01:50:10: Epoch [219/1000]
09/05/2026,01:50:10: Negative sampling...
09/05/2026,01:50:12: Model's personal time...
09/05/2026,01:50:12: Training...
09/05/2026,01:50:15: Evaluating...
09/05/2026,01:50:16: 	Train Loss: 821966.0000 (base: 299.3457, kd: 8216.6660), Elapsed: train 5.10 test 0.41
09/05/2026,01:50:16: 	Recall@10: 0.02257 Recall@20: 0.02780 NDCG@10: 0.01675 NDCG@20: 0.01816 
09/05/2026,01:50:16: 	Recall@10: 0.01004 Recall@20: 0.01278 NDCG@10: 0.00717 NDCG@20: 0.00796 
09/05/2026,01:50:16: Epoch [220/1000]
09/05/2026,01:50:16: Negative sampling...
09/05/2026,01:50:17: Model's personal time...
09/05/2026,01:50:17: Training...
09/05/2026,01:50:21: Evaluating...
09/05/2026,01:50:22: 	Train Loss: 821155.0625 (base: 307.1422, kd: 8208.4795), Elapsed: train 5.41 test 0.42
09/05/2026,01:50:22: 	Recall@10: 0.02209 Recall@20: 0.02699 NDCG@10: 0.01664 NDCG@20: 0.01792 
09/05/2026,01:50:22: 	Recall@10: 0.01047 Recall@20: 0.01269 NDCG@10: 0.00732 NDCG@20: 0.00800 
09/05/2026,01:50:22: Epoch [221/1000]
09/05/2026,01:50:22: Negative sampling...
09/05/2026,01:50:23: Model's personal time...
09/05/2026,01:50:23: Training...
09/05/2026,01:50:27: Evaluating...
09/05/2026,01:50:27: 	Train Loss: 821963.7500 (base: 303.9403, kd: 8216.5977), Elapsed: train 5.22 test 0.41 *
09/05/2026,01:50:27: 	Recall@10: 0.02315 Recall@20: 0.02782 NDCG@10: 0.01714 NDCG@20: 0.01841 
09/05/2026,01:50:27: 	Recall@10: 0.00991 Recall@20: 0.01219 NDCG@10: 0.00732 NDCG@20: 0.00803 
09/05/2026,01:50:27: Epoch [222/1000]
09/05/2026,01:50:27: Negative sampling...
09/05/2026,01:50:29: Model's personal time...
09/05/2026,01:50:29: Training...
09/05/2026,01:50:32: Evaluating...
09/05/2026,01:50:33: 	Train Loss: 820998.6875 (base: 303.5453, kd: 8206.9521), Elapsed: train 5.20 test 0.41
09/05/2026,01:50:33: 	Recall@10: 0.02225 Recall@20: 0.02708 NDCG@10: 0.01656 NDCG@20: 0.01783 
09/05/2026,01:50:33: 	Recall@10: 0.01007 Recall@20: 0.01258 NDCG@10: 0.00721 NDCG@20: 0.00794 
09/05/2026,01:50:33: Epoch [223/1000]
09/05/2026,01:50:33: Negative sampling...
09/05/2026,01:50:34: Model's personal time...
09/05/2026,01:50:34: Training...
09/05/2026,01:50:38: Evaluating...
09/05/2026,01:50:38: 	Train Loss: 821808.0000 (base: 299.2709, kd: 8215.0879), Elapsed: train 5.07 test 0.44
09/05/2026,01:50:38: 	Recall@10: 0.02261 Recall@20: 0.02763 NDCG@10: 0.01692 NDCG@20: 0.01831 
09/05/2026,01:50:38: 	Recall@10: 0.01082 Recall@20: 0.01305 NDCG@10: 0.00785 NDCG@20: 0.00854 
09/05/2026,01:50:38: Epoch [224/1000]
09/05/2026,01:50:38: Negative sampling...
09/05/2026,01:50:40: Model's personal time...
09/05/2026,01:50:40: Training...
09/05/2026,01:50:43: Evaluating...
09/05/2026,01:50:44: 	Train Loss: 820910.7500 (base: 299.6615, kd: 8206.1104), Elapsed: train 5.15 test 0.42
09/05/2026,01:50:44: 	Recall@10: 0.02243 Recall@20: 0.02762 NDCG@10: 0.01665 NDCG@20: 0.01805 
09/05/2026,01:50:44: 	Recall@10: 0.01088 Recall@20: 0.01314 NDCG@10: 0.00745 NDCG@20: 0.00815 
09/05/2026,01:50:44: Epoch [225/1000]
09/05/2026,01:50:44: Negative sampling...
09/05/2026,01:50:45: Model's personal time...
09/05/2026,01:50:45: Training...
09/05/2026,01:50:49: Evaluating...
09/05/2026,01:50:49: 	Train Loss: 821647.6875 (base: 296.5956, kd: 8213.5098), Elapsed: train 5.11 test 0.41
09/05/2026,01:50:49: 	Recall@10: 0.02295 Recall@20: 0.02782 NDCG@10: 0.01699 NDCG@20: 0.01828 
09/05/2026,01:50:49: 	Recall@10: 0.01077 Recall@20: 0.01337 NDCG@10: 0.00778 NDCG@20: 0.00855 
09/05/2026,01:50:49: Epoch [226/1000]
09/05/2026,01:50:49: Negative sampling...
09/05/2026,01:50:51: Model's personal time...
09/05/2026,01:50:51: Training...
09/05/2026,01:50:54: Evaluating...
09/05/2026,01:50:55: 	Train Loss: 821099.0000 (base: 296.7010, kd: 8208.0225), Elapsed: train 5.10 test 0.49
09/05/2026,01:50:55: 	Recall@10: 0.02209 Recall@20: 0.02769 NDCG@10: 0.01666 NDCG@20: 0.01814 
09/05/2026,01:50:55: 	Recall@10: 0.00981 Recall@20: 0.01255 NDCG@10: 0.00707 NDCG@20: 0.00791 
09/05/2026,01:50:55: Epoch [227/1000]
09/05/2026,01:50:55: Negative sampling...
09/05/2026,01:50:56: Model's personal time...
09/05/2026,01:50:56: Training...
09/05/2026,01:51:00: Evaluating...
09/05/2026,01:51:01: 	Train Loss: 821495.5000 (base: 292.5988, kd: 8212.0303), Elapsed: train 5.16 test 0.43 *
09/05/2026,01:51:01: 	Recall@10: 0.02289 Recall@20: 0.02803 NDCG@10: 0.01709 NDCG@20: 0.01849 
09/05/2026,01:51:01: 	Recall@10: 0.01005 Recall@20: 0.01218 NDCG@10: 0.00781 NDCG@20: 0.00847 
09/05/2026,01:51:01: Epoch [228/1000]
09/05/2026,01:51:01: Negative sampling...
09/05/2026,01:51:02: Model's personal time...
09/05/2026,01:51:02: Training...
09/05/2026,01:51:06: Evaluating...
09/05/2026,01:51:06: 	Train Loss: 820990.4375 (base: 295.6530, kd: 8206.9482), Elapsed: train 5.10 test 0.41
09/05/2026,01:51:06: 	Recall@10: 0.02177 Recall@20: 0.02727 NDCG@10: 0.01634 NDCG@20: 0.01784 
09/05/2026,01:51:06: 	Recall@10: 0.00990 Recall@20: 0.01218 NDCG@10: 0.00713 NDCG@20: 0.00780 
09/05/2026,01:51:06: Epoch [229/1000]
09/05/2026,01:51:06: Negative sampling...
09/05/2026,01:51:07: Model's personal time...
09/05/2026,01:51:08: Training...
09/05/2026,01:51:11: Evaluating...
09/05/2026,01:51:12: 	Train Loss: 821606.8125 (base: 290.5158, kd: 8213.1621), Elapsed: train 5.12 test 0.51
09/05/2026,01:51:12: 	Recall@10: 0.02281 Recall@20: 0.02775 NDCG@10: 0.01677 NDCG@20: 0.01809 
09/05/2026,01:51:12: 	Recall@10: 0.01045 Recall@20: 0.01296 NDCG@10: 0.00755 NDCG@20: 0.00828 
09/05/2026,01:51:12: Epoch [230/1000]
09/05/2026,01:51:12: Negative sampling...
09/05/2026,01:51:13: Model's personal time...
09/05/2026,01:51:13: Training...
09/05/2026,01:51:17: Evaluating...
09/05/2026,01:51:17: 	Train Loss: 821159.5000 (base: 289.4521, kd: 8208.7002), Elapsed: train 5.13 test 0.47
09/05/2026,01:51:17: 	Recall@10: 0.02088 Recall@20: 0.02653 NDCG@10: 0.01610 NDCG@20: 0.01768 
09/05/2026,01:51:17: 	Recall@10: 0.00978 Recall@20: 0.01247 NDCG@10: 0.00713 NDCG@20: 0.00790 
09/05/2026,01:51:17: Epoch [231/1000]
09/05/2026,01:51:17: Negative sampling...
09/05/2026,01:51:19: Model's personal time...
09/05/2026,01:51:19: Training...
09/05/2026,01:51:22: Evaluating...
09/05/2026,01:51:23: 	Train Loss: 821626.3750 (base: 299.5205, kd: 8213.2676), Elapsed: train 5.14 test 0.41
09/05/2026,01:51:23: 	Recall@10: 0.02266 Recall@20: 0.02764 NDCG@10: 0.01690 NDCG@20: 0.01829 
09/05/2026,01:51:23: 	Recall@10: 0.01105 Recall@20: 0.01285 NDCG@10: 0.00797 NDCG@20: 0.00852 
09/05/2026,01:51:23: Epoch [232/1000]
09/05/2026,01:51:23: Negative sampling...
09/05/2026,01:51:24: Model's personal time...
09/05/2026,01:51:24: Training...
09/05/2026,01:51:28: Evaluating...
09/05/2026,01:51:28: 	Train Loss: 821050.0000 (base: 289.6555, kd: 8207.6045), Elapsed: train 5.08 test 0.46
09/05/2026,01:51:28: 	Recall@10: 0.02153 Recall@20: 0.02719 NDCG@10: 0.01646 NDCG@20: 0.01804 
09/05/2026,01:51:28: 	Recall@10: 0.01079 Recall@20: 0.01334 NDCG@10: 0.00761 NDCG@20: 0.00837 
09/05/2026,01:51:28: Epoch [233/1000]
09/05/2026,01:51:28: Negative sampling...
09/05/2026,01:51:30: Model's personal time...
09/05/2026,01:51:30: Training...
09/05/2026,01:51:34: Evaluating...
09/05/2026,01:51:34: 	Train Loss: 821631.5000 (base: 287.3595, kd: 8213.4414), Elapsed: train 5.24 test 0.42 *
09/05/2026,01:51:34: 	Recall@10: 0.02324 Recall@20: 0.02792 NDCG@10: 0.01732 NDCG@20: 0.01855 
09/05/2026,01:51:34: 	Recall@10: 0.01074 Recall@20: 0.01397 NDCG@10: 0.00794 NDCG@20: 0.00885 
09/05/2026,01:51:34: Epoch [234/1000]
09/05/2026,01:51:34: Negative sampling...
09/05/2026,01:51:36: Model's personal time...
09/05/2026,01:51:36: Training...
09/05/2026,01:51:39: Evaluating...
09/05/2026,01:51:40: 	Train Loss: 820838.6250 (base: 287.4435, kd: 8205.5117), Elapsed: train 5.35 test 0.51
09/05/2026,01:51:40: 	Recall@10: 0.02168 Recall@20: 0.02707 NDCG@10: 0.01657 NDCG@20: 0.01800 
09/05/2026,01:51:40: 	Recall@10: 0.01065 Recall@20: 0.01323 NDCG@10: 0.00750 NDCG@20: 0.00826 
09/05/2026,01:51:40: Epoch [235/1000]
09/05/2026,01:51:40: Negative sampling...
09/05/2026,01:51:41: Model's personal time...
09/05/2026,01:51:41: Training...
09/05/2026,01:51:45: Evaluating...
09/05/2026,01:51:46: 	Train Loss: 821483.4375 (base: 276.0195, kd: 8212.0742), Elapsed: train 5.19 test 0.45
09/05/2026,01:51:46: 	Recall@10: 0.02256 Recall@20: 0.02792 NDCG@10: 0.01693 NDCG@20: 0.01836 
09/05/2026,01:51:46: 	Recall@10: 0.01006 Recall@20: 0.01266 NDCG@10: 0.00752 NDCG@20: 0.00829 
09/05/2026,01:51:46: Epoch [236/1000]
09/05/2026,01:51:46: Negative sampling...
09/05/2026,01:51:47: Model's personal time...
09/05/2026,01:51:47: Training...
09/05/2026,01:51:51: Evaluating...
09/05/2026,01:51:51: 	Train Loss: 820866.6875 (base: 284.9417, kd: 8205.8164), Elapsed: train 5.18 test 0.43
09/05/2026,01:51:51: 	Recall@10: 0.02206 Recall@20: 0.02692 NDCG@10: 0.01655 NDCG@20: 0.01785 
09/05/2026,01:51:51: 	Recall@10: 0.01014 Recall@20: 0.01246 NDCG@10: 0.00748 NDCG@20: 0.00818 
09/05/2026,01:51:51: Epoch [237/1000]
09/05/2026,01:51:51: Negative sampling...
09/05/2026,01:51:53: Model's personal time...
09/05/2026,01:51:53: Training...
09/05/2026,01:51:56: Evaluating...
09/05/2026,01:51:57: 	Train Loss: 821329.1250 (base: 281.3555, kd: 8210.4775), Elapsed: train 5.09 test 0.44
09/05/2026,01:51:57: 	Recall@10: 0.02297 Recall@20: 0.02804 NDCG@10: 0.01709 NDCG@20: 0.01845 
09/05/2026,01:51:57: 	Recall@10: 0.01016 Recall@20: 0.01254 NDCG@10: 0.00761 NDCG@20: 0.00833 
09/05/2026,01:51:57: Epoch [238/1000]
09/05/2026,01:51:57: Negative sampling...
09/05/2026,01:51:58: Model's personal time...
09/05/2026,01:51:58: Training...
09/05/2026,01:52:02: Evaluating...
09/05/2026,01:52:02: 	Train Loss: 821004.5000 (base: 280.2782, kd: 8207.2412), Elapsed: train 5.14 test 0.41
09/05/2026,01:52:02: 	Recall@10: 0.02205 Recall@20: 0.02675 NDCG@10: 0.01639 NDCG@20: 0.01768 
09/05/2026,01:52:02: 	Recall@10: 0.00996 Recall@20: 0.01220 NDCG@10: 0.00737 NDCG@20: 0.00805 
09/05/2026,01:52:02: Epoch [239/1000]
09/05/2026,01:52:02: Negative sampling...
09/05/2026,01:52:04: Model's personal time...
09/05/2026,01:52:04: Training...
09/05/2026,01:52:07: Evaluating...
09/05/2026,01:52:08: 	Train Loss: 821692.8750 (base: 283.0952, kd: 8214.0977), Elapsed: train 5.08 test 0.44
09/05/2026,01:52:08: 	Recall@10: 0.02316 Recall@20: 0.02803 NDCG@10: 0.01708 NDCG@20: 0.01843 
09/05/2026,01:52:08: 	Recall@10: 0.01041 Recall@20: 0.01239 NDCG@10: 0.00771 NDCG@20: 0.00829 
09/05/2026,01:52:08: Epoch [240/1000]
09/05/2026,01:52:08: Negative sampling...
09/05/2026,01:52:09: Model's personal time...
09/05/2026,01:52:09: Training...
09/05/2026,01:52:13: Evaluating...
09/05/2026,01:52:14: 	Train Loss: 820959.8750 (base: 278.6422, kd: 8206.8125), Elapsed: train 5.44 test 0.41
09/05/2026,01:52:14: 	Recall@10: 0.02216 Recall@20: 0.02726 NDCG@10: 0.01673 NDCG@20: 0.01809 
09/05/2026,01:52:14: 	Recall@10: 0.00977 Recall@20: 0.01258 NDCG@10: 0.00719 NDCG@20: 0.00804 
09/05/2026,01:52:14: Epoch [241/1000]
09/05/2026,01:52:14: Negative sampling...
09/05/2026,01:52:15: Model's personal time...
09/05/2026,01:52:15: Training...
09/05/2026,01:52:19: Evaluating...
09/05/2026,01:52:19: 	Train Loss: 821591.4375 (base: 277.4460, kd: 8213.1396), Elapsed: train 5.19 test 0.42 *
09/05/2026,01:52:19: 	Recall@10: 0.02342 Recall@20: 0.02802 NDCG@10: 0.01739 NDCG@20: 0.01865 
09/05/2026,01:52:19: 	Recall@10: 0.00990 Recall@20: 0.01301 NDCG@10: 0.00752 NDCG@20: 0.00844 
09/05/2026,01:52:19: Epoch [242/1000]
09/05/2026,01:52:19: Negative sampling...
09/05/2026,01:52:21: Model's personal time...
09/05/2026,01:52:21: Training...
09/05/2026,01:52:24: Evaluating...
09/05/2026,01:52:25: 	Train Loss: 820880.9375 (base: 282.4017, kd: 8205.9863), Elapsed: train 5.18 test 0.43
09/05/2026,01:52:25: 	Recall@10: 0.02192 Recall@20: 0.02732 NDCG@10: 0.01672 NDCG@20: 0.01816 
09/05/2026,01:52:25: 	Recall@10: 0.01091 Recall@20: 0.01294 NDCG@10: 0.00754 NDCG@20: 0.00815 
09/05/2026,01:52:25: Epoch [243/1000]
09/05/2026,01:52:25: Negative sampling...
09/05/2026,01:52:26: Model's personal time...
09/05/2026,01:52:26: Training...
09/05/2026,01:52:30: Evaluating...
09/05/2026,01:52:31: 	Train Loss: 821588.3750 (base: 281.1117, kd: 8213.0742), Elapsed: train 5.32 test 0.42
09/05/2026,01:52:31: 	Recall@10: 0.02295 Recall@20: 0.02774 NDCG@10: 0.01721 NDCG@20: 0.01850 
09/05/2026,01:52:31: 	Recall@10: 0.01010 Recall@20: 0.01222 NDCG@10: 0.00751 NDCG@20: 0.00814 
09/05/2026,01:52:31: Epoch [244/1000]
09/05/2026,01:52:31: Negative sampling...
09/05/2026,01:52:32: Model's personal time...
09/05/2026,01:52:32: Training...
09/05/2026,01:52:36: Evaluating...
09/05/2026,01:52:36: 	Train Loss: 820945.0625 (base: 278.7137, kd: 8206.6631), Elapsed: train 5.13 test 0.48
09/05/2026,01:52:36: 	Recall@10: 0.02191 Recall@20: 0.02728 NDCG@10: 0.01705 NDCG@20: 0.01848 
09/05/2026,01:52:36: 	Recall@10: 0.01002 Recall@20: 0.01284 NDCG@10: 0.00731 NDCG@20: 0.00812 
09/05/2026,01:52:36: Epoch [245/1000]
09/05/2026,01:52:36: Negative sampling...
09/05/2026,01:52:38: Model's personal time...
09/05/2026,01:52:38: Training...
09/05/2026,01:52:41: Evaluating...
09/05/2026,01:52:42: 	Train Loss: 821421.1250 (base: 274.2825, kd: 8211.4688), Elapsed: train 5.13 test 0.42 *
09/05/2026,01:52:42: 	Recall@10: 0.02295 Recall@20: 0.02916 NDCG@10: 0.01739 NDCG@20: 0.01903 
09/05/2026,01:52:42: 	Recall@10: 0.01089 Recall@20: 0.01310 NDCG@10: 0.00791 NDCG@20: 0.00858 
09/05/2026,01:52:42: Epoch [246/1000]
09/05/2026,01:52:42: Negative sampling...
09/05/2026,01:52:43: Model's personal time...
09/05/2026,01:52:43: Training...
09/05/2026,01:52:47: Evaluating...
09/05/2026,01:52:47: 	Train Loss: 820693.4375 (base: 280.2284, kd: 8204.1318), Elapsed: train 5.16 test 0.41
09/05/2026,01:52:47: 	Recall@10: 0.02204 Recall@20: 0.02750 NDCG@10: 0.01693 NDCG@20: 0.01841 
09/05/2026,01:52:47: 	Recall@10: 0.01096 Recall@20: 0.01279 NDCG@10: 0.00768 NDCG@20: 0.00828 
09/05/2026,01:52:47: Epoch [247/1000]
09/05/2026,01:52:47: Negative sampling...
09/05/2026,01:52:49: Model's personal time...
09/05/2026,01:52:49: Training...
09/05/2026,01:52:52: Evaluating...
09/05/2026,01:52:53: 	Train Loss: 821547.7500 (base: 269.5731, kd: 8212.7812), Elapsed: train 5.13 test 0.41
09/05/2026,01:52:53: 	Recall@10: 0.02382 Recall@20: 0.02847 NDCG@10: 0.01744 NDCG@20: 0.01870 
09/05/2026,01:52:53: 	Recall@10: 0.01081 Recall@20: 0.01375 NDCG@10: 0.00794 NDCG@20: 0.00879 
09/05/2026,01:52:53: Epoch [248/1000]
09/05/2026,01:52:53: Negative sampling...
09/05/2026,01:52:54: Model's personal time...
09/05/2026,01:52:54: Training...
09/05/2026,01:52:58: Evaluating...
09/05/2026,01:52:58: 	Train Loss: 820927.0625 (base: 270.8963, kd: 8206.5615), Elapsed: train 5.14 test 0.42
09/05/2026,01:52:58: 	Recall@10: 0.02198 Recall@20: 0.02726 NDCG@10: 0.01663 NDCG@20: 0.01805 
09/05/2026,01:52:58: 	Recall@10: 0.01060 Recall@20: 0.01331 NDCG@10: 0.00744 NDCG@20: 0.00821 
09/05/2026,01:52:58: Epoch [249/1000]
09/05/2026,01:52:58: Negative sampling...
09/05/2026,01:53:00: Model's personal time...
09/05/2026,01:53:00: Training...
09/05/2026,01:53:04: Evaluating...
09/05/2026,01:53:04: 	Train Loss: 821296.8125 (base: 274.7733, kd: 8210.2207), Elapsed: train 5.09 test 0.41
09/05/2026,01:53:04: 	Recall@10: 0.02336 Recall@20: 0.02875 NDCG@10: 0.01739 NDCG@20: 0.01886 
09/05/2026,01:53:04: 	Recall@10: 0.01179 Recall@20: 0.01383 NDCG@10: 0.00847 NDCG@20: 0.00909 
09/05/2026,01:53:04: Epoch [250/1000]
09/05/2026,01:53:04: Negative sampling...
09/05/2026,01:53:05: Model's personal time...
09/05/2026,01:53:05: Training...
09/05/2026,01:53:09: Evaluating...
09/05/2026,01:53:09: 	Train Loss: 820596.5000 (base: 271.5052, kd: 8203.2500), Elapsed: train 5.09 test 0.42
09/05/2026,01:53:09: 	Recall@10: 0.02164 Recall@20: 0.02644 NDCG@10: 0.01648 NDCG@20: 0.01776 
09/05/2026,01:53:09: 	Recall@10: 0.01033 Recall@20: 0.01246 NDCG@10: 0.00738 NDCG@20: 0.00802 
09/05/2026,01:53:09: Epoch [251/1000]
09/05/2026,01:53:09: Negative sampling...
09/05/2026,01:53:11: Model's personal time...
09/05/2026,01:53:11: Training...
09/05/2026,01:53:15: Evaluating...
09/05/2026,01:53:15: 	Train Loss: 821511.3125 (base: 272.2447, kd: 8212.3916), Elapsed: train 5.10 test 0.41 *
09/05/2026,01:53:15: 	Recall@10: 0.02346 Recall@20: 0.02886 NDCG@10: 0.01757 NDCG@20: 0.01904 
09/05/2026,01:53:15: 	Recall@10: 0.01114 Recall@20: 0.01339 NDCG@10: 0.00783 NDCG@20: 0.00851 
09/05/2026,01:53:15: Epoch [252/1000]
09/05/2026,01:53:15: Negative sampling...
09/05/2026,01:53:16: Model's personal time...
09/05/2026,01:53:16: Training...
09/05/2026,01:53:20: Evaluating...
09/05/2026,01:53:21: 	Train Loss: 821086.7500 (base: 276.1344, kd: 8208.1055), Elapsed: train 5.13 test 0.41
09/05/2026,01:53:21: 	Recall@10: 0.02237 Recall@20: 0.02682 NDCG@10: 0.01713 NDCG@20: 0.01831 
09/05/2026,01:53:21: 	Recall@10: 0.01125 Recall@20: 0.01313 NDCG@10: 0.00783 NDCG@20: 0.00842 
09/05/2026,01:53:21: Epoch [253/1000]
09/05/2026,01:53:21: Negative sampling...
09/05/2026,01:53:22: Model's personal time...
09/05/2026,01:53:22: Training...
09/05/2026,01:53:26: Evaluating...
09/05/2026,01:53:26: 	Train Loss: 821164.5625 (base: 273.6580, kd: 8208.9082), Elapsed: train 5.15 test 0.44
09/05/2026,01:53:26: 	Recall@10: 0.02348 Recall@20: 0.02789 NDCG@10: 0.01757 NDCG@20: 0.01873 
09/05/2026,01:53:26: 	Recall@10: 0.01087 Recall@20: 0.01379 NDCG@10: 0.00788 NDCG@20: 0.00872 
09/05/2026,01:53:26: Epoch [254/1000]
09/05/2026,01:53:26: Negative sampling...
09/05/2026,01:53:27: Model's personal time...
09/05/2026,01:53:28: Training...
09/05/2026,01:53:31: Evaluating...
09/05/2026,01:53:32: 	Train Loss: 820827.2500 (base: 263.8025, kd: 8205.6348), Elapsed: train 5.06 test 0.40
09/05/2026,01:53:32: 	Recall@10: 0.02182 Recall@20: 0.02628 NDCG@10: 0.01674 NDCG@20: 0.01795 
09/05/2026,01:53:32: 	Recall@10: 0.01009 Recall@20: 0.01235 NDCG@10: 0.00731 NDCG@20: 0.00798 
09/05/2026,01:53:32: Epoch [255/1000]
09/05/2026,01:53:32: Negative sampling...
09/05/2026,01:53:33: Model's personal time...
09/05/2026,01:53:33: Training...
09/05/2026,01:53:37: Evaluating...
09/05/2026,01:53:37: 	Train Loss: 821457.9375 (base: 265.9816, kd: 8211.9199), Elapsed: train 5.06 test 0.40
09/05/2026,01:53:37: 	Recall@10: 0.02328 Recall@20: 0.02814 NDCG@10: 0.01746 NDCG@20: 0.01877 
09/05/2026,01:53:37: 	Recall@10: 0.01190 Recall@20: 0.01374 NDCG@10: 0.00832 NDCG@20: 0.00889 
09/05/2026,01:53:37: Epoch [256/1000]
09/05/2026,01:53:37: Negative sampling...
09/05/2026,01:53:38: Model's personal time...
09/05/2026,01:53:39: Training...
09/05/2026,01:53:42: Evaluating...
09/05/2026,01:53:43: 	Train Loss: 820797.3125 (base: 271.8635, kd: 8205.2539), Elapsed: train 5.07 test 0.41
09/05/2026,01:53:43: 	Recall@10: 0.02160 Recall@20: 0.02699 NDCG@10: 0.01687 NDCG@20: 0.01829 
09/05/2026,01:53:43: 	Recall@10: 0.01134 Recall@20: 0.01364 NDCG@10: 0.00786 NDCG@20: 0.00854 
09/05/2026,01:53:43: Epoch [257/1000]
09/05/2026,01:53:43: Negative sampling...
09/05/2026,01:53:44: Model's personal time...
09/05/2026,01:53:44: Training...
09/05/2026,01:53:48: Evaluating...
09/05/2026,01:53:48: 	Train Loss: 821307.5625 (base: 266.6761, kd: 8210.4092), Elapsed: train 5.09 test 0.42
09/05/2026,01:53:48: 	Recall@10: 0.02328 Recall@20: 0.02742 NDCG@10: 0.01764 NDCG@20: 0.01877 
09/05/2026,01:53:48: 	Recall@10: 0.01088 Recall@20: 0.01257 NDCG@10: 0.00785 NDCG@20: 0.00839 
09/05/2026,01:53:48: Epoch [258/1000]
09/05/2026,01:53:48: Negative sampling...
09/05/2026,01:53:49: Model's personal time...
09/05/2026,01:53:50: Training...
09/05/2026,01:53:53: Evaluating...
09/05/2026,01:53:54: 	Train Loss: 820650.4375 (base: 261.4558, kd: 8203.8906), Elapsed: train 5.08 test 0.44
09/05/2026,01:53:54: 	Recall@10: 0.02187 Recall@20: 0.02667 NDCG@10: 0.01692 NDCG@20: 0.01821 
09/05/2026,01:53:54: 	Recall@10: 0.01087 Recall@20: 0.01281 NDCG@10: 0.00761 NDCG@20: 0.00823 
09/05/2026,01:53:54: Epoch [259/1000]
09/05/2026,01:53:54: Negative sampling...
09/05/2026,01:53:55: Model's personal time...
09/05/2026,01:53:55: Training...
09/05/2026,01:53:59: Evaluating...
09/05/2026,01:53:59: 	Train Loss: 821395.7500 (base: 261.4530, kd: 8211.3428), Elapsed: train 5.12 test 0.42
09/05/2026,01:53:59: 	Recall@10: 0.02320 Recall@20: 0.02757 NDCG@10: 0.01769 NDCG@20: 0.01885 
09/05/2026,01:53:59: 	Recall@10: 0.01121 Recall@20: 0.01430 NDCG@10: 0.00800 NDCG@20: 0.00887 
09/05/2026,01:53:59: Epoch [260/1000]
09/05/2026,01:53:59: Negative sampling...
09/05/2026,01:54:00: Model's personal time...
09/05/2026,01:54:01: Training...
09/05/2026,01:54:04: Evaluating...
09/05/2026,01:54:05: 	Train Loss: 820756.3750 (base: 265.3278, kd: 8204.9102), Elapsed: train 5.09 test 0.45
09/05/2026,01:54:05: 	Recall@10: 0.02275 Recall@20: 0.02772 NDCG@10: 0.01716 NDCG@20: 0.01846 
09/05/2026,01:54:05: 	Recall@10: 0.01081 Recall@20: 0.01290 NDCG@10: 0.00752 NDCG@20: 0.00817 
09/05/2026,01:54:05: Epoch [261/1000]
09/05/2026,01:54:05: Negative sampling...
09/05/2026,01:54:06: Model's personal time...
09/05/2026,01:54:06: Training...
09/05/2026,01:54:10: Evaluating...
09/05/2026,01:54:10: 	Train Loss: 821166.1875 (base: 255.8662, kd: 8209.1035), Elapsed: train 5.31 test 0.45
09/05/2026,01:54:10: 	Recall@10: 0.02329 Recall@20: 0.02781 NDCG@10: 0.01755 NDCG@20: 0.01877 
09/05/2026,01:54:10: 	Recall@10: 0.01018 Recall@20: 0.01244 NDCG@10: 0.00752 NDCG@20: 0.00820 
09/05/2026,01:54:10: Epoch [262/1000]
09/05/2026,01:54:10: Negative sampling...
09/05/2026,01:54:12: Model's personal time...
09/05/2026,01:54:12: Training...
09/05/2026,01:54:16: Evaluating...
09/05/2026,01:54:16: 	Train Loss: 820647.4375 (base: 265.5265, kd: 8203.8203), Elapsed: train 5.15 test 0.51
09/05/2026,01:54:16: 	Recall@10: 0.02201 Recall@20: 0.02755 NDCG@10: 0.01681 NDCG@20: 0.01825 
09/05/2026,01:54:16: 	Recall@10: 0.01088 Recall@20: 0.01381 NDCG@10: 0.00764 NDCG@20: 0.00850 
09/05/2026,01:54:16: Epoch [263/1000]
09/05/2026,01:54:16: Negative sampling...
09/05/2026,01:54:17: Model's personal time...
09/05/2026,01:54:18: Training...
09/05/2026,01:54:21: Evaluating...
09/05/2026,01:54:22: 	Train Loss: 821239.8125 (base: 260.5143, kd: 8209.7939), Elapsed: train 5.37 test 0.41
09/05/2026,01:54:22: 	Recall@10: 0.02297 Recall@20: 0.02785 NDCG@10: 0.01735 NDCG@20: 0.01863 
09/05/2026,01:54:22: 	Recall@10: 0.01121 Recall@20: 0.01315 NDCG@10: 0.00796 NDCG@20: 0.00855 
09/05/2026,01:54:22: Epoch [264/1000]
09/05/2026,01:54:22: Negative sampling...
09/05/2026,01:54:23: Model's personal time...
09/05/2026,01:54:23: Training...
09/05/2026,01:54:27: Evaluating...
09/05/2026,01:54:27: 	Train Loss: 820717.0625 (base: 260.1741, kd: 8204.5703), Elapsed: train 5.16 test 0.45
09/05/2026,01:54:27: 	Recall@10: 0.02194 Recall@20: 0.02749 NDCG@10: 0.01690 NDCG@20: 0.01837 
09/05/2026,01:54:27: 	Recall@10: 0.01099 Recall@20: 0.01394 NDCG@10: 0.00773 NDCG@20: 0.00860 
09/05/2026,01:54:27: Epoch [265/1000]
09/05/2026,01:54:27: Negative sampling...
09/05/2026,01:54:29: Model's personal time...
09/05/2026,01:54:29: Training...
09/05/2026,01:54:33: Evaluating...
09/05/2026,01:54:33: 	Train Loss: 821360.2500 (base: 257.7320, kd: 8211.0254), Elapsed: train 5.15 test 0.41
09/05/2026,01:54:33: 	Recall@10: 0.02280 Recall@20: 0.02826 NDCG@10: 0.01729 NDCG@20: 0.01878 
09/05/2026,01:54:33: 	Recall@10: 0.01069 Recall@20: 0.01351 NDCG@10: 0.00775 NDCG@20: 0.00860 
09/05/2026,01:54:33: Epoch [266/1000]
09/05/2026,01:54:33: Negative sampling...
09/05/2026,01:54:34: Model's personal time...
09/05/2026,01:54:35: Training...
09/05/2026,01:54:38: Evaluating...
09/05/2026,01:54:39: 	Train Loss: 820747.3125 (base: 258.1402, kd: 8204.8926), Elapsed: train 5.19 test 0.49
09/05/2026,01:54:39: 	Recall@10: 0.02168 Recall@20: 0.02744 NDCG@10: 0.01690 NDCG@20: 0.01846 
09/05/2026,01:54:39: 	Recall@10: 0.01138 Recall@20: 0.01373 NDCG@10: 0.00792 NDCG@20: 0.00866 
09/05/2026,01:54:39: Epoch [267/1000]
09/05/2026,01:54:39: Negative sampling...
09/05/2026,01:54:40: Model's personal time...
09/05/2026,01:54:40: Training...
09/05/2026,01:54:44: Evaluating...
09/05/2026,01:54:44: 	Train Loss: 821215.1875 (base: 252.5069, kd: 8209.6260), Elapsed: train 5.18 test 0.48
09/05/2026,01:54:44: 	Recall@10: 0.02256 Recall@20: 0.02706 NDCG@10: 0.01700 NDCG@20: 0.01822 
09/05/2026,01:54:44: 	Recall@10: 0.01070 Recall@20: 0.01344 NDCG@10: 0.00782 NDCG@20: 0.00860 
09/05/2026,01:54:44: Epoch [268/1000]
09/05/2026,01:54:44: Negative sampling...
09/05/2026,01:54:46: Model's personal time...
09/05/2026,01:54:46: Training...
09/05/2026,01:54:50: Evaluating...
09/05/2026,01:54:50: 	Train Loss: 820884.5625 (base: 253.9816, kd: 8206.3057), Elapsed: train 5.27 test 0.50
09/05/2026,01:54:50: 	Recall@10: 0.02102 Recall@20: 0.02628 NDCG@10: 0.01647 NDCG@20: 0.01792 
09/05/2026,01:54:50: 	Recall@10: 0.01093 Recall@20: 0.01336 NDCG@10: 0.00778 NDCG@20: 0.00850 
09/05/2026,01:54:50: Epoch [269/1000]
09/05/2026,01:54:50: Negative sampling...
09/05/2026,01:54:51: Model's personal time...
09/05/2026,01:54:52: Training...
09/05/2026,01:54:55: Evaluating...
09/05/2026,01:54:56: 	Train Loss: 821400.0625 (base: 260.7284, kd: 8211.3936), Elapsed: train 5.13 test 0.50
09/05/2026,01:54:56: 	Recall@10: 0.02252 Recall@20: 0.02793 NDCG@10: 0.01708 NDCG@20: 0.01852 
09/05/2026,01:54:56: 	Recall@10: 0.01080 Recall@20: 0.01267 NDCG@10: 0.00795 NDCG@20: 0.00851 
09/05/2026,01:54:56: Epoch [270/1000]
09/05/2026,01:54:56: Negative sampling...
09/05/2026,01:54:57: Model's personal time...
09/05/2026,01:54:57: Training...
09/05/2026,01:55:01: Evaluating...
09/05/2026,01:55:01: 	Train Loss: 820540.0625 (base: 255.2594, kd: 8202.8477), Elapsed: train 5.12 test 0.40
09/05/2026,01:55:01: 	Recall@10: 0.02123 Recall@20: 0.02640 NDCG@10: 0.01654 NDCG@20: 0.01795 
09/05/2026,01:55:01: 	Recall@10: 0.01087 Recall@20: 0.01297 NDCG@10: 0.00775 NDCG@20: 0.00838 
09/05/2026,01:55:01: Epoch [271/1000]
09/05/2026,01:55:01: Negative sampling...
09/05/2026,01:55:03: Model's personal time...
09/05/2026,01:55:03: Training...
09/05/2026,01:55:06: Evaluating...
09/05/2026,01:55:07: 	Train Loss: 821161.3750 (base: 252.8106, kd: 8209.0859), Elapsed: train 5.07 test 0.41
09/05/2026,01:55:07: 	Recall@10: 0.02254 Recall@20: 0.02829 NDCG@10: 0.01734 NDCG@20: 0.01892 
09/05/2026,01:55:07: 	Recall@10: 0.01099 Recall@20: 0.01294 NDCG@10: 0.00811 NDCG@20: 0.00870 
09/05/2026,01:55:07: Epoch [272/1000]
09/05/2026,01:55:07: Negative sampling...
09/05/2026,01:55:08: Model's personal time...
09/05/2026,01:55:08: Training...
09/05/2026,01:55:12: Evaluating...
09/05/2026,01:55:12: 	Train Loss: 820532.2500 (base: 249.9934, kd: 8202.8223), Elapsed: train 5.11 test 0.44
09/05/2026,01:55:12: 	Recall@10: 0.02192 Recall@20: 0.02737 NDCG@10: 0.01713 NDCG@20: 0.01860 
09/05/2026,01:55:12: 	Recall@10: 0.01002 Recall@20: 0.01302 NDCG@10: 0.00733 NDCG@20: 0.00821 
09/05/2026,01:55:12: Epoch [273/1000]
09/05/2026,01:55:12: Negative sampling...
09/05/2026,01:55:14: Model's personal time...
09/05/2026,01:55:14: Training...
09/05/2026,01:55:17: Evaluating...
09/05/2026,01:55:18: 	Train Loss: 821144.5000 (base: 251.6086, kd: 8208.9287), Elapsed: train 5.10 test 0.45
09/05/2026,01:55:18: 	Recall@10: 0.02287 Recall@20: 0.02780 NDCG@10: 0.01733 NDCG@20: 0.01866 
09/05/2026,01:55:18: 	Recall@10: 0.01004 Recall@20: 0.01174 NDCG@10: 0.00750 NDCG@20: 0.00802 
09/05/2026,01:55:18: Epoch [274/1000]
09/05/2026,01:55:18: Negative sampling...
09/05/2026,01:55:19: Model's personal time...
09/05/2026,01:55:19: Training...
09/05/2026,01:55:23: Evaluating...
09/05/2026,01:55:23: 	Train Loss: 820663.5625 (base: 250.1617, kd: 8204.1338), Elapsed: train 5.17 test 0.41
09/05/2026,01:55:23: 	Recall@10: 0.02186 Recall@20: 0.02719 NDCG@10: 0.01689 NDCG@20: 0.01838 
09/05/2026,01:55:23: 	Recall@10: 0.01041 Recall@20: 0.01210 NDCG@10: 0.00772 NDCG@20: 0.00824 
09/05/2026,01:55:23: Epoch [275/1000]
09/05/2026,01:55:23: Negative sampling...
09/05/2026,01:55:25: Model's personal time...
09/05/2026,01:55:25: Training...
09/05/2026,01:55:29: Evaluating...
09/05/2026,01:55:29: 	Train Loss: 821248.6875 (base: 255.6267, kd: 8209.9307), Elapsed: train 5.17 test 0.48
09/05/2026,01:55:29: 	Recall@10: 0.02286 Recall@20: 0.02775 NDCG@10: 0.01758 NDCG@20: 0.01889 
09/05/2026,01:55:29: 	Recall@10: 0.01109 Recall@20: 0.01298 NDCG@10: 0.00807 NDCG@20: 0.00865 
09/05/2026,01:55:29: Epoch [276/1000]
09/05/2026,01:55:29: Negative sampling...
09/05/2026,01:55:30: Model's personal time...
09/05/2026,01:55:31: Training...
09/05/2026,01:55:34: Evaluating...
09/05/2026,01:55:35: 	Train Loss: 820538.1875 (base: 251.8837, kd: 8202.8633), Elapsed: train 5.21 test 0.45
09/05/2026,01:55:35: 	Recall@10: 0.02210 Recall@20: 0.02705 NDCG@10: 0.01703 NDCG@20: 0.01835 
09/05/2026,01:55:35: 	Recall@10: 0.01157 Recall@20: 0.01318 NDCG@10: 0.00795 NDCG@20: 0.00845 
09/05/2026,01:55:35: Epoch [277/1000]
09/05/2026,01:55:35: Negative sampling...
09/05/2026,01:55:36: Model's personal time...
09/05/2026,01:55:36: Training...
09/05/2026,01:55:40: Evaluating...
09/05/2026,01:55:40: 	Train Loss: 821271.6875 (base: 245.0728, kd: 8210.2656), Elapsed: train 5.15 test 0.43
09/05/2026,01:55:40: 	Recall@10: 0.02323 Recall@20: 0.02749 NDCG@10: 0.01740 NDCG@20: 0.01852 
09/05/2026,01:55:40: 	Recall@10: 0.01048 Recall@20: 0.01322 NDCG@10: 0.00781 NDCG@20: 0.00859 
09/05/2026,01:55:40: Epoch [278/1000]
09/05/2026,01:55:40: Negative sampling...
09/05/2026,01:55:42: Model's personal time...
09/05/2026,01:55:42: Training...
09/05/2026,01:55:45: Evaluating...
09/05/2026,01:55:46: 	Train Loss: 820763.8125 (base: 248.9738, kd: 8205.1475), Elapsed: train 5.13 test 0.44
09/05/2026,01:55:46: 	Recall@10: 0.02163 Recall@20: 0.02694 NDCG@10: 0.01654 NDCG@20: 0.01796 
09/05/2026,01:55:46: 	Recall@10: 0.01060 Recall@20: 0.01366 NDCG@10: 0.00768 NDCG@20: 0.00862 
09/05/2026,01:55:46: Epoch [279/1000]
09/05/2026,01:55:46: Negative sampling...
09/05/2026,01:55:47: Model's personal time...
09/05/2026,01:55:47: Training...
09/05/2026,01:55:51: Evaluating...
09/05/2026,01:55:51: 	Train Loss: 821153.7500 (base: 248.2569, kd: 8209.0557), Elapsed: train 5.17 test 0.42
09/05/2026,01:55:51: 	Recall@10: 0.02301 Recall@20: 0.02762 NDCG@10: 0.01725 NDCG@20: 0.01849 
09/05/2026,01:55:51: 	Recall@10: 0.01066 Recall@20: 0.01300 NDCG@10: 0.00795 NDCG@20: 0.00869 
09/05/2026,01:55:51: Epoch [280/1000]
09/05/2026,01:55:51: Negative sampling...
09/05/2026,01:55:53: Model's personal time...
09/05/2026,01:55:53: Training...
09/05/2026,01:55:57: Evaluating...
09/05/2026,01:55:57: 	Train Loss: 820537.5625 (base: 249.8621, kd: 8202.8760), Elapsed: train 5.10 test 0.41
09/05/2026,01:55:57: 	Recall@10: 0.02161 Recall@20: 0.02673 NDCG@10: 0.01671 NDCG@20: 0.01813 
09/05/2026,01:55:57: 	Recall@10: 0.00998 Recall@20: 0.01299 NDCG@10: 0.00745 NDCG@20: 0.00833 
09/05/2026,01:55:57: Epoch [281/1000]
09/05/2026,01:55:57: Negative sampling...
09/05/2026,01:55:58: Model's personal time...
09/05/2026,01:55:58: Training...
09/05/2026,01:56:02: Evaluating...
09/05/2026,01:56:02: 	Train Loss: 821000.5625 (base: 246.8192, kd: 8207.5371), Elapsed: train 5.08 test 0.41
09/05/2026,01:56:02: 	Recall@10: 0.02252 Recall@20: 0.02788 NDCG@10: 0.01730 NDCG@20: 0.01876 
09/05/2026,01:56:02: 	Recall@10: 0.00969 Recall@20: 0.01143 NDCG@10: 0.00765 NDCG@20: 0.00818 
09/05/2026,01:56:02: ------------------------------
09/05/2026,01:56:02: valid Recall@10: 0.02346 Recall@20: 0.02886 NDCG@10: 0.01757 NDCG@20: 0.01904
09/05/2026,01:56:02: test Recall@10: 0.01114 Recall@20: 0.01339 NDCG@10: 0.00783 NDCG@20: 0.00851
