----------------------------------------TEACHER----------------------------------------
init_std                                 0.01
embedding_dim                            400
----------------------------------------TEACHER----------------------------------------
----------------------------------------STUDENT----------------------------------------
init_std                                 0.01
embedding_dim                            20
----------------------------------------STUDENT----------------------------------------
----------------------------------------ARGUMENTS----------------------------------------
run_all                                  False
seed                                     0
gpu_id                                   0
no_log                                   False
no_save                                  False
suffix                                   anchor_marginal_gclosureq_es20
verbose                                  False
ablation                                 False
task                                     rec
dataset                                  citeulike
batch_size                               2048
num_ns                                   1
neg_sampling_on_all                      False
T_backbone                               bpr
S_backbone                               bpr
model                                    arcekd
preload                                  False
postsave                                 False
train_teacher                            False
ckpt_interval                            -1
epochs                                   1000
lr                                       0.001
wd                                       1e-05
lmbda                                    500
srce_alpha                               1.0
srce_s                                   20.0
srce_eta                                 1.0
srce_Lu                                  20
srce_mode                                union
srce_kappa                               0.0
eval_period                              1
K_list                                   [10, 20]
early_stop_metric                        NDCG
early_stop_K                             20
early_stop_patience                      30
LOG_DIR                                  logs/
CONFIG_DIR                               configs/
DATA_DIR                                 data/
CKPT_DIR                                 checkpoints/
CRAFT_DIR                                crafts/
mkd_tau                                  1
mkd_K                                    50
mkd_L                                    50
mkd_T                                    10
mkd_mxK                                  200
mkd_beta                                 3
sample_rank                              False
arce_sampler                             marginal
arce_mix_alpha                           0.9
arce_gamma_mode                          closure_quantile
----------------------------------------ARGUMENTS----------------------------------------
Generating Top-K dict...
----------------------------------------Teacher----------------------------------------
09/05/2026,06:35:39: ------------------------------
09/05/2026,06:35:39: valid Recall@10: 0.06778 Recall@20: 0.10315 NDCG@10: 0.04052 NDCG@20: 0.05027
09/05/2026,06:35:39: test Recall@10: 0.02747 Recall@20: 0.04385 NDCG@10: 0.01551 NDCG@20: 0.02003
----------------------------------------------------------------------------------------
09/05/2026,06:35:40: Epoch [1/1000]
09/05/2026,06:35:40: Negative sampling...
09/05/2026,06:35:41: Model's personal time...
09/05/2026,06:35:41: Model diagnostics: arce_anchor_count_mean=0.112665, arce_blocker_budget_mean=49.887333, arce_blocker_entropy_mean=5.296090, arce_closure_difficulty_mean=1.604772, arce_closure_difficulty_std=0.018529, arce_gamma_effective_beta=3.000000, arce_gamma_max=1.000000, arce_gamma_mean=0.993461, arce_gamma_min=0.835270, arce_gamma_mode=closure_quantile, arce_gamma_reassignment_l1_mean=0.008820, arce_gamma_std=0.019448, arce_sample_gamma_mean=0.993461, arce_sampled_teacher_overlap_mean=0.002253, arce_teacher_missing_mass_mean=0.997778, arce_teacher_missing_mass_std=0.011310
09/05/2026,06:35:41: Training...
09/05/2026,06:35:42: Evaluating...
09/05/2026,06:35:43: 	Train Loss: 4615939.5000 (base: 1390.9961, kd: 9229.0967), Elapsed: train 2.69 test 0.27 *
09/05/2026,06:35:43: 	Recall@10: 0.01856 Recall@20: 0.02566 NDCG@10: 0.01183 NDCG@20: 0.01375 
09/05/2026,06:35:43: 	Recall@10: 0.00785 Recall@20: 0.01021 NDCG@10: 0.00478 NDCG@20: 0.00540 
09/05/2026,06:35:43: Epoch [2/1000]
09/05/2026,06:35:43: Negative sampling...
09/05/2026,06:35:44: Model's personal time...
09/05/2026,06:35:44: Model diagnostics: arce_anchor_count_mean=6.663729, arce_blocker_budget_mean=43.336269, arce_blocker_entropy_mean=5.234190, arce_closure_difficulty_mean=1.160823, arce_closure_difficulty_std=0.282404, arce_gamma_effective_beta=3.000000, arce_gamma_max=1.000000, arce_gamma_mean=0.706671, arce_gamma_min=0.146607, arce_gamma_mode=closure_quantile, arce_gamma_reassignment_l1_mean=0.105172, arce_gamma_std=0.207942, arce_sample_gamma_mean=0.706671, arce_sampled_teacher_overlap_mean=0.133275, arce_teacher_missing_mass_mean=0.713524, arce_teacher_missing_mass_std=0.196701
09/05/2026,06:35:44: Training...
09/05/2026,06:35:45: Evaluating...
09/05/2026,06:35:45: 	Train Loss: 4259912.5000 (base: 1381.9401, kd: 8517.0605), Elapsed: train 2.43 test 0.26 *
09/05/2026,06:35:45: 	Recall@10: 0.03372 Recall@20: 0.04840 NDCG@10: 0.02198 NDCG@20: 0.02593 
09/05/2026,06:35:45: 	Recall@10: 0.01287 Recall@20: 0.02079 NDCG@10: 0.00798 NDCG@20: 0.01015 
09/05/2026,06:35:45: Epoch [3/1000]
09/05/2026,06:35:45: Negative sampling...
09/05/2026,06:35:47: Model's personal time...
09/05/2026,06:35:47: Model diagnostics: arce_anchor_count_mean=11.534777, arce_blocker_budget_mean=38.465221, arce_blocker_entropy_mean=5.199286, arce_closure_difficulty_mean=1.029322, arce_closure_difficulty_std=0.265179, arce_gamma_effective_beta=3.000000, arce_gamma_max=1.000000, arce_gamma_mean=0.540016, arce_gamma_min=0.138069, arce_gamma_mode=closure_quantile, arce_gamma_reassignment_l1_mean=0.121940, arce_gamma_std=0.202864, arce_sample_gamma_mean=0.540016, arce_sampled_teacher_overlap_mean=0.230696, arce_teacher_missing_mass_mean=0.602453, arce_teacher_missing_mass_std=0.186739
09/05/2026,06:35:47: Training...
09/05/2026,06:35:48: Evaluating...
09/05/2026,06:35:48: 	Train Loss: 4130977.7500 (base: 1364.4393, kd: 8259.2266), Elapsed: train 2.43 test 0.26 *
09/05/2026,06:35:48: 	Recall@10: 0.03469 Recall@20: 0.04732 NDCG@10: 0.02277 NDCG@20: 0.02617 
09/05/2026,06:35:48: 	Recall@10: 0.01438 Recall@20: 0.02157 NDCG@10: 0.00849 NDCG@20: 0.01048 
09/05/2026,06:35:48: Epoch [4/1000]
09/05/2026,06:35:48: Negative sampling...
09/05/2026,06:35:49: Model's personal time...
09/05/2026,06:35:49: Model diagnostics: arce_anchor_count_mean=11.870665, arce_blocker_budget_mean=38.129333, arce_blocker_entropy_mean=5.197110, arce_closure_difficulty_mean=1.032493, arce_closure_difficulty_std=0.249653, arce_gamma_effective_beta=3.000000, arce_gamma_max=1.000000, arce_gamma_mean=0.522502, arce_gamma_min=0.155673, arce_gamma_mode=closure_quantile, arce_gamma_reassignment_l1_mean=0.123645, arce_gamma_std=0.183721, arce_sample_gamma_mean=0.522502, arce_sampled_teacher_overlap_mean=0.237413, arce_teacher_missing_mass_mean=0.593149, arce_teacher_missing_mass_std=0.173703
09/05/2026,06:35:49: Training...
09/05/2026,06:35:50: Evaluating...
09/05/2026,06:35:51: 	Train Loss: 4053744.5000 (base: 1341.5078, kd: 8104.8062), Elapsed: train 2.36 test 0.27 *
09/05/2026,06:35:51: 	Recall@10: 0.03673 Recall@20: 0.05166 NDCG@10: 0.02365 NDCG@20: 0.02769 
09/05/2026,06:35:51: 	Recall@10: 0.01405 Recall@20: 0.02190 NDCG@10: 0.00853 NDCG@20: 0.01076 
09/05/2026,06:35:51: Epoch [5/1000]
09/05/2026,06:35:51: Negative sampling...
09/05/2026,06:35:52: Model's personal time...
09/05/2026,06:35:52: Model diagnostics: arce_anchor_count_mean=13.381299, arce_blocker_budget_mean=36.618702, arce_blocker_entropy_mean=5.187964, arce_closure_difficulty_mean=1.018168, arce_closure_difficulty_std=0.256113, arce_gamma_effective_beta=3.000000, arce_gamma_max=1.000000, arce_gamma_mean=0.482104, arce_gamma_min=0.155673, arce_gamma_mode=closure_quantile, arce_gamma_reassignment_l1_mean=0.123810, arce_gamma_std=0.185652, arce_sample_gamma_mean=0.482104, arce_sampled_teacher_overlap_mean=0.267626, arce_teacher_missing_mass_mean=0.566310, arce_teacher_missing_mass_std=0.176144
09/05/2026,06:35:52: Training...
09/05/2026,06:35:53: Evaluating...
09/05/2026,06:35:53: 	Train Loss: 3950192.2500 (base: 1310.0392, kd: 7897.7646), Elapsed: train 2.51 test 0.28 *
09/05/2026,06:35:53: 	Recall@10: 0.03949 Recall@20: 0.05515 NDCG@10: 0.02454 NDCG@20: 0.02879 
09/05/2026,06:35:53: 	Recall@10: 0.01632 Recall@20: 0.02351 NDCG@10: 0.00917 NDCG@20: 0.01120 
09/05/2026,06:35:53: Epoch [6/1000]
09/05/2026,06:35:53: Negative sampling...
09/05/2026,06:35:55: Model's personal time...
09/05/2026,06:35:55: Model diagnostics: arce_anchor_count_mean=14.373251, arce_blocker_budget_mean=35.626747, arce_blocker_entropy_mean=5.180315, arce_closure_difficulty_mean=1.007650, arce_closure_difficulty_std=0.261282, arce_gamma_effective_beta=3.000000, arce_gamma_max=1.000000, arce_gamma_mean=0.458158, arce_gamma_min=0.130029, arce_gamma_mode=closure_quantile, arce_gamma_reassignment_l1_mean=0.121162, arce_gamma_std=0.186580, arce_sample_gamma_mean=0.458158, arce_sampled_teacher_overlap_mean=0.287465, arce_teacher_missing_mass_mean=0.546160, arce_teacher_missing_mass_std=0.177498
09/05/2026,06:35:55: Training...
09/05/2026,06:35:56: Evaluating...
09/05/2026,06:35:56: 	Train Loss: 3858080.2500 (base: 1273.9176, kd: 7713.6123), Elapsed: train 2.53 test 0.26 *
09/05/2026,06:35:56: 	Recall@10: 0.04078 Recall@20: 0.05618 NDCG@10: 0.02584 NDCG@20: 0.02998 
09/05/2026,06:35:56: 	Recall@10: 0.01626 Recall@20: 0.02378 NDCG@10: 0.00936 NDCG@20: 0.01143 
09/05/2026,06:35:56: Epoch [7/1000]
09/05/2026,06:35:56: Negative sampling...
09/05/2026,06:35:58: Model's personal time...
09/05/2026,06:35:58: Model diagnostics: arce_anchor_count_mean=15.460816, arce_blocker_budget_mean=34.539185, arce_blocker_entropy_mean=5.170362, arce_closure_difficulty_mean=0.998383, arce_closure_difficulty_std=0.267783, arce_gamma_effective_beta=3.000000, arce_gamma_max=1.000000, arce_gamma_mean=0.432840, arce_gamma_min=0.122456, arce_gamma_mode=closure_quantile, arce_gamma_reassignment_l1_mean=0.116193, arce_gamma_std=0.186386, arce_sample_gamma_mean=0.432840, arce_sampled_teacher_overlap_mean=0.309216, arce_teacher_missing_mass_mean=0.527204, arce_teacher_missing_mass_std=0.179054
09/05/2026,06:35:58: Training...
09/05/2026,06:35:59: Evaluating...
09/05/2026,06:36:00: 	Train Loss: 3774003.2500 (base: 1232.6072, kd: 7545.5420), Elapsed: train 3.01 test 0.29 *
09/05/2026,06:36:00: 	Recall@10: 0.04266 Recall@20: 0.05892 NDCG@10: 0.02637 NDCG@20: 0.03079 
09/05/2026,06:36:00: 	Recall@10: 0.01724 Recall@20: 0.02510 NDCG@10: 0.00931 NDCG@20: 0.01155 
09/05/2026,06:36:00: Epoch [8/1000]
09/05/2026,06:36:00: Negative sampling...
09/05/2026,06:36:01: Model's personal time...
09/05/2026,06:36:01: Model diagnostics: arce_anchor_count_mean=16.407166, arce_blocker_budget_mean=33.592834, arce_blocker_entropy_mean=5.160092, arce_closure_difficulty_mean=0.988121, arce_closure_difficulty_std=0.275501, arce_gamma_effective_beta=3.000000, arce_gamma_max=1.000000, arce_gamma_mean=0.412911, arce_gamma_min=0.115325, arce_gamma_mode=closure_quantile, arce_gamma_reassignment_l1_mean=0.113804, arce_gamma_std=0.187094, arce_sample_gamma_mean=0.412911, arce_sampled_teacher_overlap_mean=0.328143, arce_teacher_missing_mass_mean=0.509589, arce_teacher_missing_mass_std=0.180918
09/05/2026,06:36:01: Training...
09/05/2026,06:36:02: Evaluating...
09/05/2026,06:36:03: 	Train Loss: 3712112.5000 (base: 1188.0455, kd: 7421.8486), Elapsed: train 2.78 test 0.31 *
09/05/2026,06:36:03: 	Recall@10: 0.04344 Recall@20: 0.05959 NDCG@10: 0.02697 NDCG@20: 0.03138 
09/05/2026,06:36:03: 	Recall@10: 0.01795 Recall@20: 0.02557 NDCG@10: 0.00965 NDCG@20: 0.01178 
09/05/2026,06:36:03: Epoch [9/1000]
09/05/2026,06:36:03: Negative sampling...
09/05/2026,06:36:04: Model's personal time...
09/05/2026,06:36:04: Model diagnostics: arce_anchor_count_mean=17.321518, arce_blocker_budget_mean=32.678482, arce_blocker_entropy_mean=5.149017, arce_closure_difficulty_mean=0.976784, arce_closure_difficulty_std=0.279819, arce_gamma_effective_beta=3.000000, arce_gamma_max=1.000000, arce_gamma_mean=0.393312, arce_gamma_min=0.102284, arce_gamma_mode=closure_quantile, arce_gamma_reassignment_l1_mean=0.108094, arce_gamma_std=0.185101, arce_sample_gamma_mean=0.393312, arce_sampled_teacher_overlap_mean=0.346430, arce_teacher_missing_mass_mean=0.492986, arce_teacher_missing_mass_std=0.181475
09/05/2026,06:36:04: Training...
09/05/2026,06:36:05: Evaluating...
09/05/2026,06:36:05: 	Train Loss: 3663983.0000 (base: 1140.6381, kd: 7325.6841), Elapsed: train 2.42 test 0.27 *
09/05/2026,06:36:05: 	Recall@10: 0.04537 Recall@20: 0.06546 NDCG@10: 0.02818 NDCG@20: 0.03361 
09/05/2026,06:36:05: 	Recall@10: 0.01894 Recall@20: 0.02806 NDCG@10: 0.01023 NDCG@20: 0.01274 
09/05/2026,06:36:05: Epoch [10/1000]
09/05/2026,06:36:05: Negative sampling...
09/05/2026,06:36:07: Model's personal time...
09/05/2026,06:36:07: Model diagnostics: arce_anchor_count_mean=18.255220, arce_blocker_budget_mean=31.744778, arce_blocker_entropy_mean=5.139236, arce_closure_difficulty_mean=0.963463, arce_closure_difficulty_std=0.284651, arce_gamma_effective_beta=3.000000, arce_gamma_max=1.000000, arce_gamma_mean=0.374233, arce_gamma_min=0.096328, arce_gamma_mode=closure_quantile, arce_gamma_reassignment_l1_mean=0.102807, arce_gamma_std=0.183298, arce_sample_gamma_mean=0.374233, arce_sampled_teacher_overlap_mean=0.365104, arce_teacher_missing_mass_mean=0.475403, arce_teacher_missing_mass_std=0.182159
09/05/2026,06:36:07: Training...
09/05/2026,06:36:08: Evaluating...
09/05/2026,06:36:08: 	Train Loss: 3628242.7500 (base: 1093.1570, kd: 7254.2998), Elapsed: train 2.69 test 0.32 *
09/05/2026,06:36:08: 	Recall@10: 0.04737 Recall@20: 0.06416 NDCG@10: 0.02948 NDCG@20: 0.03405 
09/05/2026,06:36:08: 	Recall@10: 0.01992 Recall@20: 0.02795 NDCG@10: 0.01086 NDCG@20: 0.01303 
09/05/2026,06:36:08: Epoch [11/1000]
09/05/2026,06:36:08: Negative sampling...
09/05/2026,06:36:10: Model's personal time...
09/05/2026,06:36:10: Model diagnostics: arce_anchor_count_mean=19.155010, arce_blocker_budget_mean=30.844990, arce_blocker_entropy_mean=5.128554, arce_closure_difficulty_mean=0.949481, arce_closure_difficulty_std=0.290331, arce_gamma_effective_beta=3.000000, arce_gamma_max=1.000000, arce_gamma_mean=0.357467, arce_gamma_min=0.096328, arce_gamma_mode=closure_quantile, arce_gamma_reassignment_l1_mean=0.098922, arce_gamma_std=0.181768, arce_sample_gamma_mean=0.357467, arce_sampled_teacher_overlap_mean=0.383100, arce_teacher_missing_mass_mean=0.459053, arce_teacher_missing_mass_std=0.182839
09/05/2026,06:36:10: Training...
09/05/2026,06:36:11: Evaluating...
09/05/2026,06:36:11: 	Train Loss: 3600616.0000 (base: 1046.3395, kd: 7199.1396), Elapsed: train 2.77 test 0.26 *
09/05/2026,06:36:11: 	Recall@10: 0.04919 Recall@20: 0.06834 NDCG@10: 0.03006 NDCG@20: 0.03528 
09/05/2026,06:36:11: 	Recall@10: 0.01964 Recall@20: 0.02884 NDCG@10: 0.01096 NDCG@20: 0.01348 
09/05/2026,06:36:11: Epoch [12/1000]
09/05/2026,06:36:11: Negative sampling...
09/05/2026,06:36:13: Model's personal time...
09/05/2026,06:36:13: Model diagnostics: arce_anchor_count_mean=19.980072, arce_blocker_budget_mean=30.019926, arce_blocker_entropy_mean=5.119844, arce_closure_difficulty_mean=0.933641, arce_closure_difficulty_std=0.292184, arce_gamma_effective_beta=3.000000, arce_gamma_max=1.000000, arce_gamma_mean=0.341728, arce_gamma_min=0.085435, arce_gamma_mode=closure_quantile, arce_gamma_reassignment_l1_mean=0.093603, arce_gamma_std=0.177863, arce_sample_gamma_mean=0.341728, arce_sampled_teacher_overlap_mean=0.399601, arce_teacher_missing_mass_mean=0.442615, arce_teacher_missing_mass_std=0.182134
09/05/2026,06:36:13: Training...
09/05/2026,06:36:14: Evaluating...
09/05/2026,06:36:14: 	Train Loss: 3578278.5000 (base: 1002.2047, kd: 7154.5527), Elapsed: train 2.41 test 0.28 *
09/05/2026,06:36:14: 	Recall@10: 0.05106 Recall@20: 0.07048 NDCG@10: 0.03100 NDCG@20: 0.03629 
09/05/2026,06:36:14: 	Recall@10: 0.02105 Recall@20: 0.03124 NDCG@10: 0.01170 NDCG@20: 0.01447 
09/05/2026,06:36:14: Epoch [13/1000]
09/05/2026,06:36:14: Negative sampling...
09/05/2026,06:36:15: Model's personal time...
09/05/2026,06:36:15: Model diagnostics: arce_anchor_count_mean=20.727726, arce_blocker_budget_mean=29.272274, arce_blocker_entropy_mean=5.110641, arce_closure_difficulty_mean=0.919315, arce_closure_difficulty_std=0.293515, arce_gamma_effective_beta=3.000000, arce_gamma_max=1.000000, arce_gamma_mean=0.328035, arce_gamma_min=0.080460, arce_gamma_mode=closure_quantile, arce_gamma_reassignment_l1_mean=0.089605, arce_gamma_std=0.175948, arce_sample_gamma_mean=0.328035, arce_sampled_teacher_overlap_mean=0.414555, arce_teacher_missing_mass_mean=0.427970, arce_teacher_missing_mass_std=0.180749
09/05/2026,06:36:15: Training...
09/05/2026,06:36:17: Evaluating...
09/05/2026,06:36:17: 	Train Loss: 3561025.2500 (base: 960.7562, kd: 7120.1289), Elapsed: train 2.48 test 0.28 *
09/05/2026,06:36:17: 	Recall@10: 0.05148 Recall@20: 0.07132 NDCG@10: 0.03149 NDCG@20: 0.03689 
09/05/2026,06:36:17: 	Recall@10: 0.02191 Recall@20: 0.03060 NDCG@10: 0.01206 NDCG@20: 0.01441 
09/05/2026,06:36:17: Epoch [14/1000]
09/05/2026,06:36:17: Negative sampling...
09/05/2026,06:36:18: Model's personal time...
09/05/2026,06:36:18: Model diagnostics: arce_anchor_count_mean=21.487450, arce_blocker_budget_mean=28.512550, arce_blocker_entropy_mean=5.102316, arce_closure_difficulty_mean=0.903995, arce_closure_difficulty_std=0.295296, arce_gamma_effective_beta=3.000000, arce_gamma_max=1.000000, arce_gamma_mean=0.314765, arce_gamma_min=0.080460, arce_gamma_mode=closure_quantile, arce_gamma_reassignment_l1_mean=0.085742, arce_gamma_std=0.172182, arce_sample_gamma_mean=0.314765, arce_sampled_teacher_overlap_mean=0.429749, arce_teacher_missing_mass_mean=0.413060, arce_teacher_missing_mass_std=0.179266
09/05/2026,06:36:18: Training...
09/05/2026,06:36:19: Evaluating...
09/05/2026,06:36:20: 	Train Loss: 3546334.0000 (base: 921.3868, kd: 7090.8257), Elapsed: train 2.52 test 0.26 *
09/05/2026,06:36:20: 	Recall@10: 0.05186 Recall@20: 0.07476 NDCG@10: 0.03215 NDCG@20: 0.03835 
09/05/2026,06:36:20: 	Recall@10: 0.02168 Recall@20: 0.03126 NDCG@10: 0.01226 NDCG@20: 0.01482 
09/05/2026,06:36:20: Epoch [15/1000]
09/05/2026,06:36:20: Negative sampling...
09/05/2026,06:36:21: Model's personal time...
09/05/2026,06:36:21: Model diagnostics: arce_anchor_count_mean=22.050201, arce_blocker_budget_mean=27.949799, arce_blocker_entropy_mean=5.095058, arce_closure_difficulty_mean=0.891153, arce_closure_difficulty_std=0.296524, arce_gamma_effective_beta=3.000000, arce_gamma_max=1.000000, arce_gamma_mean=0.305157, arce_gamma_min=0.075774, arce_gamma_mode=closure_quantile, arce_gamma_reassignment_l1_mean=0.081849, arce_gamma_std=0.169544, arce_sample_gamma_mean=0.305157, arce_sampled_teacher_overlap_mean=0.441004, arce_teacher_missing_mass_mean=0.401415, arce_teacher_missing_mass_std=0.177941
09/05/2026,06:36:21: Training...
09/05/2026,06:36:22: Evaluating...
09/05/2026,06:36:22: 	Train Loss: 3533053.0000 (base: 885.3638, kd: 7064.3354), Elapsed: train 2.51 test 0.26 *
09/05/2026,06:36:22: 	Recall@10: 0.05320 Recall@20: 0.07583 NDCG@10: 0.03274 NDCG@20: 0.03889 
09/05/2026,06:36:22: 	Recall@10: 0.02286 Recall@20: 0.03222 NDCG@10: 0.01271 NDCG@20: 0.01525 
09/05/2026,06:36:22: Epoch [16/1000]
09/05/2026,06:36:22: Negative sampling...
09/05/2026,06:36:24: Model's personal time...
09/05/2026,06:36:24: Model diagnostics: arce_anchor_count_mean=22.661045, arce_blocker_budget_mean=27.338953, arce_blocker_entropy_mean=5.088968, arce_closure_difficulty_mean=0.877591, arce_closure_difficulty_std=0.297757, arce_gamma_effective_beta=3.000000, arce_gamma_max=1.000000, arce_gamma_mean=0.295430, arce_gamma_min=0.071361, arce_gamma_mode=closure_quantile, arce_gamma_reassignment_l1_mean=0.079543, arce_gamma_std=0.167360, arce_sample_gamma_mean=0.295430, arce_sampled_teacher_overlap_mean=0.453221, arce_teacher_missing_mass_mean=0.389622, arce_teacher_missing_mass_std=0.177006
09/05/2026,06:36:24: Training...
09/05/2026,06:36:25: Evaluating...
09/05/2026,06:36:25: 	Train Loss: 3522611.5000 (base: 849.9390, kd: 7043.5234), Elapsed: train 2.57 test 0.28 *
09/05/2026,06:36:25: 	Recall@10: 0.05470 Recall@20: 0.07730 NDCG@10: 0.03357 NDCG@20: 0.03969 
09/05/2026,06:36:25: 	Recall@10: 0.02290 Recall@20: 0.03269 NDCG@10: 0.01294 NDCG@20: 0.01555 
09/05/2026,06:36:25: Epoch [17/1000]
09/05/2026,06:36:25: Negative sampling...
09/05/2026,06:36:27: Model's personal time...
09/05/2026,06:36:27: Model diagnostics: arce_anchor_count_mean=23.129910, arce_blocker_budget_mean=26.870090, arce_blocker_entropy_mean=5.083096, arce_closure_difficulty_mean=0.866058, arce_closure_difficulty_std=0.297249, arce_gamma_effective_beta=3.000000, arce_gamma_max=1.000000, arce_gamma_mean=0.287026, arce_gamma_min=0.063292, arce_gamma_mode=closure_quantile, arce_gamma_reassignment_l1_mean=0.076020, arce_gamma_std=0.162577, arce_sample_gamma_mean=0.287026, arce_sampled_teacher_overlap_mean=0.462598, arce_teacher_missing_mass_mean=0.379451, arce_teacher_missing_mass_std=0.174143
09/05/2026,06:36:27: Training...
09/05/2026,06:36:28: Evaluating...
09/05/2026,06:36:28: 	Train Loss: 3512594.7500 (base: 819.9853, kd: 7023.5498), Elapsed: train 2.32 test 0.27 *
09/05/2026,06:36:28: 	Recall@10: 0.05498 Recall@20: 0.07960 NDCG@10: 0.03346 NDCG@20: 0.04019 
09/05/2026,06:36:28: 	Recall@10: 0.02287 Recall@20: 0.03341 NDCG@10: 0.01288 NDCG@20: 0.01568 
09/05/2026,06:36:28: Epoch [18/1000]
09/05/2026,06:36:28: Negative sampling...
09/05/2026,06:36:29: Model's personal time...
09/05/2026,06:36:29: Model diagnostics: arce_anchor_count_mean=23.624832, arce_blocker_budget_mean=26.375168, arce_blocker_entropy_mean=5.076760, arce_closure_difficulty_mean=0.855332, arce_closure_difficulty_std=0.296835, arce_gamma_effective_beta=3.000000, arce_gamma_max=1.000000, arce_gamma_mean=0.278735, arce_gamma_min=0.063292, arce_gamma_mode=closure_quantile, arce_gamma_reassignment_l1_mean=0.074146, arce_gamma_std=0.158317, arce_sample_gamma_mean=0.278735, arce_sampled_teacher_overlap_mean=0.472497, arce_teacher_missing_mass_mean=0.369620, arce_teacher_missing_mass_std=0.171713
09/05/2026,06:36:29: Training...
09/05/2026,06:36:30: Evaluating...
09/05/2026,06:36:30: 	Train Loss: 3504457.5000 (base: 793.3008, kd: 7007.3276), Elapsed: train 2.40 test 0.26 *
09/05/2026,06:36:30: 	Recall@10: 0.05529 Recall@20: 0.08090 NDCG@10: 0.03360 NDCG@20: 0.04059 
09/05/2026,06:36:30: 	Recall@10: 0.02315 Recall@20: 0.03349 NDCG@10: 0.01302 NDCG@20: 0.01579 
09/05/2026,06:36:30: Epoch [19/1000]
09/05/2026,06:36:30: Negative sampling...
09/05/2026,06:36:32: Model's personal time...
09/05/2026,06:36:32: Model diagnostics: arce_anchor_count_mean=24.058823, arce_blocker_budget_mean=25.941175, arce_blocker_entropy_mean=5.071426, arce_closure_difficulty_mean=0.843731, arce_closure_difficulty_std=0.296916, arce_gamma_effective_beta=3.000000, arce_gamma_max=1.000000, arce_gamma_mean=0.271796, arce_gamma_min=0.063292, arce_gamma_mode=closure_quantile, arce_gamma_reassignment_l1_mean=0.072626, arce_gamma_std=0.155718, arce_sample_gamma_mean=0.271796, arce_sampled_teacher_overlap_mean=0.481176, arce_teacher_missing_mass_mean=0.359987, arce_teacher_missing_mass_std=0.169146
09/05/2026,06:36:32: Training...
09/05/2026,06:36:33: Evaluating...
09/05/2026,06:36:33: 	Train Loss: 3497511.0000 (base: 765.3238, kd: 6993.4917), Elapsed: train 2.45 test 0.30 *
09/05/2026,06:36:33: 	Recall@10: 0.05780 Recall@20: 0.08207 NDCG@10: 0.03444 NDCG@20: 0.04110 
09/05/2026,06:36:33: 	Recall@10: 0.02315 Recall@20: 0.03456 NDCG@10: 0.01315 NDCG@20: 0.01621 
09/05/2026,06:36:33: Epoch [20/1000]
09/05/2026,06:36:33: Negative sampling...
09/05/2026,06:36:35: Model's personal time...
09/05/2026,06:36:35: Model diagnostics: arce_anchor_count_mean=24.484766, arce_blocker_budget_mean=25.515232, arce_blocker_entropy_mean=5.065602, arce_closure_difficulty_mean=0.832492, arce_closure_difficulty_std=0.297022, arce_gamma_effective_beta=3.000000, arce_gamma_max=1.000000, arce_gamma_mean=0.265545, arce_gamma_min=0.059606, arce_gamma_mode=closure_quantile, arce_gamma_reassignment_l1_mean=0.070422, arce_gamma_std=0.153833, arce_sample_gamma_mean=0.265545, arce_sampled_teacher_overlap_mean=0.489695, arce_teacher_missing_mass_mean=0.350961, arce_teacher_missing_mass_std=0.167105
09/05/2026,06:36:35: Training...
09/05/2026,06:36:36: Evaluating...
09/05/2026,06:36:36: 	Train Loss: 3492556.2500 (base: 738.9026, kd: 6983.6338), Elapsed: train 2.44 test 0.27 *
09/05/2026,06:36:36: 	Recall@10: 0.05887 Recall@20: 0.08358 NDCG@10: 0.03520 NDCG@20: 0.04192 
09/05/2026,06:36:36: 	Recall@10: 0.02375 Recall@20: 0.03373 NDCG@10: 0.01331 NDCG@20: 0.01599 
09/05/2026,06:36:36: Epoch [21/1000]
09/05/2026,06:36:36: Negative sampling...
09/05/2026,06:36:37: Model's personal time...
09/05/2026,06:36:37: Model diagnostics: arce_anchor_count_mean=24.831961, arce_blocker_budget_mean=25.168039, arce_blocker_entropy_mean=5.061809, arce_closure_difficulty_mean=0.822443, arce_closure_difficulty_std=0.295759, arce_gamma_effective_beta=3.000000, arce_gamma_max=1.000000, arce_gamma_mean=0.259619, arce_gamma_min=0.063292, arce_gamma_mode=closure_quantile, arce_gamma_reassignment_l1_mean=0.068917, arce_gamma_std=0.150122, arce_sample_gamma_mean=0.259619, arce_sampled_teacher_overlap_mean=0.496639, arce_teacher_missing_mass_mean=0.342491, arce_teacher_missing_mass_std=0.164130
09/05/2026,06:36:37: Training...
09/05/2026,06:36:38: Evaluating...
09/05/2026,06:36:39: 	Train Loss: 3487194.0000 (base: 714.8670, kd: 6972.9580), Elapsed: train 2.54 test 0.27 *
09/05/2026,06:36:39: 	Recall@10: 0.05895 Recall@20: 0.08517 NDCG@10: 0.03531 NDCG@20: 0.04250 
09/05/2026,06:36:39: 	Recall@10: 0.02395 Recall@20: 0.03491 NDCG@10: 0.01349 NDCG@20: 0.01643 
09/05/2026,06:36:39: Epoch [22/1000]
09/05/2026,06:36:39: Negative sampling...
09/05/2026,06:36:40: Model's personal time...
09/05/2026,06:36:40: Model diagnostics: arce_anchor_count_mean=25.160950, arce_blocker_budget_mean=24.839048, arce_blocker_entropy_mean=5.058125, arce_closure_difficulty_mean=0.813778, arce_closure_difficulty_std=0.295861, arce_gamma_effective_beta=3.000000, arce_gamma_max=1.000000, arce_gamma_mean=0.254558, arce_gamma_min=0.059606, arce_gamma_mode=closure_quantile, arce_gamma_reassignment_l1_mean=0.066937, arce_gamma_std=0.147401, arce_sample_gamma_mean=0.254558, arce_sampled_teacher_overlap_mean=0.503219, arce_teacher_missing_mass_mean=0.335196, arce_teacher_missing_mass_std=0.162558
09/05/2026,06:36:40: Training...
09/05/2026,06:36:41: Evaluating...
09/05/2026,06:36:42: 	Train Loss: 3481204.5000 (base: 695.0661, kd: 6961.0190), Elapsed: train 2.64 test 0.29 *
09/05/2026,06:36:42: 	Recall@10: 0.05765 Recall@20: 0.08625 NDCG@10: 0.03499 NDCG@20: 0.04280 
09/05/2026,06:36:42: 	Recall@10: 0.02378 Recall@20: 0.03659 NDCG@10: 0.01331 NDCG@20: 0.01674 
09/05/2026,06:36:42: Epoch [23/1000]
09/05/2026,06:36:42: Negative sampling...
09/05/2026,06:36:43: Model's personal time...
09/05/2026,06:36:43: Model diagnostics: arce_anchor_count_mean=25.483425, arce_blocker_budget_mean=24.516573, arce_blocker_entropy_mean=5.054522, arce_closure_difficulty_mean=0.805032, arce_closure_difficulty_std=0.295031, arce_gamma_effective_beta=3.000000, arce_gamma_max=1.000000, arce_gamma_mean=0.249621, arce_gamma_min=0.059606, arce_gamma_mode=closure_quantile, arce_gamma_reassignment_l1_mean=0.065859, arce_gamma_std=0.144463, arce_sample_gamma_mean=0.249621, arce_sampled_teacher_overlap_mean=0.509669, arce_teacher_missing_mass_mean=0.328265, arce_teacher_missing_mass_std=0.160279
09/05/2026,06:36:43: Training...
09/05/2026,06:36:44: Evaluating...
09/05/2026,06:36:45: 	Train Loss: 3477210.0000 (base: 674.5126, kd: 6953.0713), Elapsed: train 2.67 test 0.26
09/05/2026,06:36:45: 	Recall@10: 0.05914 Recall@20: 0.08587 NDCG@10: 0.03540 NDCG@20: 0.04270 
09/05/2026,06:36:45: 	Recall@10: 0.02412 Recall@20: 0.03642 NDCG@10: 0.01348 NDCG@20: 0.01682 
09/05/2026,06:36:45: Epoch [24/1000]
09/05/2026,06:36:45: Negative sampling...
09/05/2026,06:36:46: Model's personal time...
09/05/2026,06:36:46: Model diagnostics: arce_anchor_count_mean=25.804752, arce_blocker_budget_mean=24.195248, arce_blocker_entropy_mean=5.050137, arce_closure_difficulty_mean=0.796421, arce_closure_difficulty_std=0.293749, arce_gamma_effective_beta=3.000000, arce_gamma_max=1.000000, arce_gamma_mean=0.244983, arce_gamma_min=0.059606, arce_gamma_mode=closure_quantile, arce_gamma_reassignment_l1_mean=0.063991, arce_gamma_std=0.142538, arce_sample_gamma_mean=0.244983, arce_sampled_teacher_overlap_mean=0.516095, arce_teacher_missing_mass_mean=0.321081, arce_teacher_missing_mass_std=0.157752
09/05/2026,06:36:46: Training...
09/05/2026,06:36:47: Evaluating...
09/05/2026,06:36:48: 	Train Loss: 3473566.5000 (base: 654.0616, kd: 6945.8257), Elapsed: train 2.76 test 0.27
09/05/2026,06:36:48: 	Recall@10: 0.05937 Recall@20: 0.08654 NDCG@10: 0.03528 NDCG@20: 0.04271 
09/05/2026,06:36:48: 	Recall@10: 0.02385 Recall@20: 0.03692 NDCG@10: 0.01340 NDCG@20: 0.01697 
09/05/2026,06:36:48: Epoch [25/1000]
09/05/2026,06:36:48: Negative sampling...
09/05/2026,06:36:49: Model's personal time...
09/05/2026,06:36:49: Model diagnostics: arce_anchor_count_mean=26.060740, arce_blocker_budget_mean=23.939260, arce_blocker_entropy_mean=5.046634, arce_closure_difficulty_mean=0.787711, arce_closure_difficulty_std=0.292798, arce_gamma_effective_beta=3.000000, arce_gamma_max=1.000000, arce_gamma_mean=0.241160, arce_gamma_min=0.059606, arce_gamma_mode=closure_quantile, arce_gamma_reassignment_l1_mean=0.063199, arce_gamma_std=0.140512, arce_sample_gamma_mean=0.241160, arce_sampled_teacher_overlap_mean=0.521215, arce_teacher_missing_mass_mean=0.314613, arce_teacher_missing_mass_std=0.155350
09/05/2026,06:36:49: Training...
09/05/2026,06:36:50: Evaluating...
09/05/2026,06:36:50: 	Train Loss: 3470835.5000 (base: 636.9135, kd: 6940.3965), Elapsed: train 2.43 test 0.26 *
09/05/2026,06:36:50: 	Recall@10: 0.06056 Recall@20: 0.08772 NDCG@10: 0.03583 NDCG@20: 0.04325 
09/05/2026,06:36:50: 	Recall@10: 0.02420 Recall@20: 0.03678 NDCG@10: 0.01355 NDCG@20: 0.01700 
09/05/2026,06:36:50: Epoch [26/1000]
09/05/2026,06:36:50: Negative sampling...
09/05/2026,06:36:52: Model's personal time...
09/05/2026,06:36:52: Model diagnostics: arce_anchor_count_mean=26.334738, arce_blocker_budget_mean=23.665260, arce_blocker_entropy_mean=5.043236, arce_closure_difficulty_mean=0.780057, arce_closure_difficulty_std=0.291784, arce_gamma_effective_beta=3.000000, arce_gamma_max=1.000000, arce_gamma_mean=0.237264, arce_gamma_min=0.059606, arce_gamma_mode=closure_quantile, arce_gamma_reassignment_l1_mean=0.061676, arce_gamma_std=0.138511, arce_sample_gamma_mean=0.237264, arce_sampled_teacher_overlap_mean=0.526695, arce_teacher_missing_mass_mean=0.308474, arce_teacher_missing_mass_std=0.153258
09/05/2026,06:36:52: Training...
09/05/2026,06:36:53: Evaluating...
09/05/2026,06:36:53: 	Train Loss: 3467818.0000 (base: 618.6448, kd: 6934.3989), Elapsed: train 2.44 test 0.26 *
09/05/2026,06:36:53: 	Recall@10: 0.06030 Recall@20: 0.08772 NDCG@10: 0.03596 NDCG@20: 0.04348 
09/05/2026,06:36:53: 	Recall@10: 0.02462 Recall@20: 0.03685 NDCG@10: 0.01385 NDCG@20: 0.01720 
09/05/2026,06:36:53: Epoch [27/1000]
09/05/2026,06:36:53: Negative sampling...
09/05/2026,06:36:54: Model's personal time...
09/05/2026,06:36:54: Model diagnostics: arce_anchor_count_mean=26.563900, arce_blocker_budget_mean=23.436098, arce_blocker_entropy_mean=5.039484, arce_closure_difficulty_mean=0.772712, arce_closure_difficulty_std=0.290718, arce_gamma_effective_beta=3.000000, arce_gamma_max=1.000000, arce_gamma_mean=0.233747, arce_gamma_min=0.059606, arce_gamma_mode=closure_quantile, arce_gamma_reassignment_l1_mean=0.061090, arce_gamma_std=0.135986, arce_sample_gamma_mean=0.233747, arce_sampled_teacher_overlap_mean=0.531278, arce_teacher_missing_mass_mean=0.302941, arce_teacher_missing_mass_std=0.150848
09/05/2026,06:36:54: Training...
09/05/2026,06:36:55: Evaluating...
09/05/2026,06:36:56: 	Train Loss: 3464608.2500 (base: 603.3834, kd: 6928.0093), Elapsed: train 2.45 test 0.26 *
09/05/2026,06:36:56: 	Recall@10: 0.06063 Recall@20: 0.08750 NDCG@10: 0.03618 NDCG@20: 0.04362 
09/05/2026,06:36:56: 	Recall@10: 0.02463 Recall@20: 0.03719 NDCG@10: 0.01389 NDCG@20: 0.01733 
09/05/2026,06:36:56: Epoch [28/1000]
09/05/2026,06:36:56: Negative sampling...
09/05/2026,06:36:57: Model's personal time...
09/05/2026,06:36:57: Model diagnostics: arce_anchor_count_mean=26.790380, arce_blocker_budget_mean=23.209618, arce_blocker_entropy_mean=5.037421, arce_closure_difficulty_mean=0.766306, arce_closure_difficulty_std=0.290445, arce_gamma_effective_beta=3.000000, arce_gamma_max=1.000000, arce_gamma_mean=0.230771, arce_gamma_min=0.056135, arce_gamma_mode=closure_quantile, arce_gamma_reassignment_l1_mean=0.060870, arce_gamma_std=0.134740, arce_sample_gamma_mean=0.230771, arce_sampled_teacher_overlap_mean=0.535808, arce_teacher_missing_mass_mean=0.297744, arce_teacher_missing_mass_std=0.149118
09/05/2026,06:36:57: Training...
09/05/2026,06:36:58: Evaluating...
09/05/2026,06:36:58: 	Train Loss: 3461496.0000 (base: 588.3765, kd: 6921.8154), Elapsed: train 2.42 test 0.26 *
09/05/2026,06:36:58: 	Recall@10: 0.06203 Recall@20: 0.08935 NDCG@10: 0.03659 NDCG@20: 0.04409 
09/05/2026,06:36:58: 	Recall@10: 0.02512 Recall@20: 0.03735 NDCG@10: 0.01396 NDCG@20: 0.01732 
09/05/2026,06:36:58: Epoch [29/1000]
09/05/2026,06:36:58: Negative sampling...
09/05/2026,06:37:00: Model's personal time...
09/05/2026,06:37:00: Model diagnostics: arce_anchor_count_mean=26.985437, arce_blocker_budget_mean=23.014563, arce_blocker_entropy_mean=5.033817, arce_closure_difficulty_mean=0.759824, arce_closure_difficulty_std=0.289472, arce_gamma_effective_beta=3.000000, arce_gamma_max=1.000000, arce_gamma_mean=0.228142, arce_gamma_min=0.056135, arce_gamma_mode=closure_quantile, arce_gamma_reassignment_l1_mean=0.060331, arce_gamma_std=0.133485, arce_sample_gamma_mean=0.228142, arce_sampled_teacher_overlap_mean=0.539709, arce_teacher_missing_mass_mean=0.293082, arce_teacher_missing_mass_std=0.147512
09/05/2026,06:37:00: Training...
09/05/2026,06:37:01: Evaluating...
09/05/2026,06:37:01: 	Train Loss: 3459756.2500 (base: 574.4557, kd: 6918.3647), Elapsed: train 2.45 test 0.26
09/05/2026,06:37:01: 	Recall@10: 0.06181 Recall@20: 0.08887 NDCG@10: 0.03650 NDCG@20: 0.04396 
09/05/2026,06:37:01: 	Recall@10: 0.02477 Recall@20: 0.03777 NDCG@10: 0.01393 NDCG@20: 0.01748 
09/05/2026,06:37:01: Epoch [30/1000]
09/05/2026,06:37:01: Negative sampling...
09/05/2026,06:37:02: Model's personal time...
09/05/2026,06:37:02: Model diagnostics: arce_anchor_count_mean=27.174555, arce_blocker_budget_mean=22.825445, arce_blocker_entropy_mean=5.030514, arce_closure_difficulty_mean=0.754302, arce_closure_difficulty_std=0.288252, arce_gamma_effective_beta=3.000000, arce_gamma_max=1.000000, arce_gamma_mean=0.225436, arce_gamma_min=0.056135, arce_gamma_mode=closure_quantile, arce_gamma_reassignment_l1_mean=0.059258, arce_gamma_std=0.131712, arce_sample_gamma_mean=0.225436, arce_sampled_teacher_overlap_mean=0.543491, arce_teacher_missing_mass_mean=0.288647, arce_teacher_missing_mass_std=0.145255
09/05/2026,06:37:02: Training...
09/05/2026,06:37:04: Evaluating...
09/05/2026,06:37:04: 	Train Loss: 3456495.5000 (base: 557.9273, kd: 6911.8755), Elapsed: train 2.43 test 0.25 *
09/05/2026,06:37:04: 	Recall@10: 0.06185 Recall@20: 0.08978 NDCG@10: 0.03641 NDCG@20: 0.04414 
09/05/2026,06:37:04: 	Recall@10: 0.02546 Recall@20: 0.03721 NDCG@10: 0.01406 NDCG@20: 0.01728 
09/05/2026,06:37:04: Epoch [31/1000]
09/05/2026,06:37:04: Negative sampling...
09/05/2026,06:37:05: Model's personal time...
09/05/2026,06:37:05: Model diagnostics: arce_anchor_count_mean=27.324200, arce_blocker_budget_mean=22.675800, arce_blocker_entropy_mean=5.026419, arce_closure_difficulty_mean=0.749209, arce_closure_difficulty_std=0.287038, arce_gamma_effective_beta=3.000000, arce_gamma_max=1.000000, arce_gamma_mean=0.223121, arce_gamma_min=0.056135, arce_gamma_mode=closure_quantile, arce_gamma_reassignment_l1_mean=0.058760, arce_gamma_std=0.129543, arce_sample_gamma_mean=0.223121, arce_sampled_teacher_overlap_mean=0.546484, arce_teacher_missing_mass_mean=0.284898, arce_teacher_missing_mass_std=0.143459
09/05/2026,06:37:05: Training...
09/05/2026,06:37:06: Evaluating...
09/05/2026,06:37:06: 	Train Loss: 3455178.5000 (base: 547.8635, kd: 6909.2612), Elapsed: train 2.42 test 0.29
09/05/2026,06:37:06: 	Recall@10: 0.06176 Recall@20: 0.08904 NDCG@10: 0.03653 NDCG@20: 0.04411 
09/05/2026,06:37:06: 	Recall@10: 0.02585 Recall@20: 0.03826 NDCG@10: 0.01422 NDCG@20: 0.01758 
09/05/2026,06:37:06: Epoch [32/1000]
09/05/2026,06:37:06: Negative sampling...
09/05/2026,06:37:08: Model's personal time...
09/05/2026,06:37:08: Model diagnostics: arce_anchor_count_mean=27.522131, arce_blocker_budget_mean=22.477869, arce_blocker_entropy_mean=5.023221, arce_closure_difficulty_mean=0.744186, arce_closure_difficulty_std=0.286499, arce_gamma_effective_beta=3.000000, arce_gamma_max=1.000000, arce_gamma_mean=0.220450, arce_gamma_min=0.056135, arce_gamma_mode=closure_quantile, arce_gamma_reassignment_l1_mean=0.058172, arce_gamma_std=0.127637, arce_sample_gamma_mean=0.220450, arce_sampled_teacher_overlap_mean=0.550443, arce_teacher_missing_mass_mean=0.280942, arce_teacher_missing_mass_std=0.141968
09/05/2026,06:37:08: Training...
09/05/2026,06:37:09: Evaluating...
09/05/2026,06:37:09: 	Train Loss: 3452498.5000 (base: 534.9384, kd: 6903.9272), Elapsed: train 2.47 test 0.26
09/05/2026,06:37:09: 	Recall@10: 0.06147 Recall@20: 0.08918 NDCG@10: 0.03637 NDCG@20: 0.04402 
09/05/2026,06:37:09: 	Recall@10: 0.02585 Recall@20: 0.03761 NDCG@10: 0.01426 NDCG@20: 0.01745 
09/05/2026,06:37:09: Epoch [33/1000]
09/05/2026,06:37:09: Negative sampling...
09/05/2026,06:37:11: Model's personal time...
09/05/2026,06:37:11: Model diagnostics: arce_anchor_count_mean=27.676184, arce_blocker_budget_mean=22.323816, arce_blocker_entropy_mean=5.019405, arce_closure_difficulty_mean=0.739345, arce_closure_difficulty_std=0.285020, arce_gamma_effective_beta=3.000000, arce_gamma_max=0.941765, arce_gamma_mean=0.218325, arce_gamma_min=0.056135, arce_gamma_mode=closure_quantile, arce_gamma_reassignment_l1_mean=0.057480, arce_gamma_std=0.126599, arce_sample_gamma_mean=0.218325, arce_sampled_teacher_overlap_mean=0.553524, arce_teacher_missing_mass_mean=0.277189, arce_teacher_missing_mass_std=0.139931
09/05/2026,06:37:11: Training...
09/05/2026,06:37:12: Evaluating...
09/05/2026,06:37:12: 	Train Loss: 3451090.7500 (base: 523.4453, kd: 6901.1353), Elapsed: train 2.34 test 0.26
09/05/2026,06:37:12: 	Recall@10: 0.06187 Recall@20: 0.08884 NDCG@10: 0.03653 NDCG@20: 0.04397 
09/05/2026,06:37:12: 	Recall@10: 0.02652 Recall@20: 0.03816 NDCG@10: 0.01448 NDCG@20: 0.01763 
09/05/2026,06:37:12: Epoch [34/1000]
09/05/2026,06:37:12: Negative sampling...
09/05/2026,06:37:13: Model's personal time...
09/05/2026,06:37:13: Model diagnostics: arce_anchor_count_mean=27.849012, arce_blocker_budget_mean=22.150986, arce_blocker_entropy_mean=5.016301, arce_closure_difficulty_mean=0.733775, arce_closure_difficulty_std=0.284321, arce_gamma_effective_beta=3.000000, arce_gamma_max=1.000000, arce_gamma_mean=0.216058, arce_gamma_min=0.052866, arce_gamma_mode=closure_quantile, arce_gamma_reassignment_l1_mean=0.056899, arce_gamma_std=0.125003, arce_sample_gamma_mean=0.216058, arce_sampled_teacher_overlap_mean=0.556980, arce_teacher_missing_mass_mean=0.273473, arce_teacher_missing_mass_std=0.138652
09/05/2026,06:37:13: Training...
09/05/2026,06:37:14: Evaluating...
09/05/2026,06:37:14: 	Train Loss: 3449262.5000 (base: 512.3588, kd: 6897.5005), Elapsed: train 2.45 test 0.26
09/05/2026,06:37:14: 	Recall@10: 0.06193 Recall@20: 0.08875 NDCG@10: 0.03645 NDCG@20: 0.04382 
09/05/2026,06:37:14: 	Recall@10: 0.02611 Recall@20: 0.03744 NDCG@10: 0.01437 NDCG@20: 0.01746 
09/05/2026,06:37:14: Epoch [35/1000]
09/05/2026,06:37:14: Negative sampling...
09/05/2026,06:37:16: Model's personal time...
09/05/2026,06:37:16: Model diagnostics: arce_anchor_count_mean=28.029699, arce_blocker_budget_mean=21.970301, arce_blocker_entropy_mean=5.013296, arce_closure_difficulty_mean=0.728453, arce_closure_difficulty_std=0.283828, arce_gamma_effective_beta=3.000000, arce_gamma_max=0.886920, arce_gamma_mean=0.213802, arce_gamma_min=0.056135, arce_gamma_mode=closure_quantile, arce_gamma_reassignment_l1_mean=0.056173, arce_gamma_std=0.123972, arce_sample_gamma_mean=0.213802, arce_sampled_teacher_overlap_mean=0.560594, arce_teacher_missing_mass_mean=0.269538, arce_teacher_missing_mass_std=0.137060
09/05/2026,06:37:16: Training...
09/05/2026,06:37:17: Evaluating...
09/05/2026,06:37:17: 	Train Loss: 3447648.0000 (base: 502.0076, kd: 6894.2920), Elapsed: train 2.45 test 0.26
09/05/2026,06:37:17: 	Recall@10: 0.06177 Recall@20: 0.08844 NDCG@10: 0.03634 NDCG@20: 0.04363 
09/05/2026,06:37:17: 	Recall@10: 0.02628 Recall@20: 0.03788 NDCG@10: 0.01454 NDCG@20: 0.01767 
09/05/2026,06:37:17: Epoch [36/1000]
09/05/2026,06:37:17: Negative sampling...
09/05/2026,06:37:19: Model's personal time...
09/05/2026,06:37:19: Model diagnostics: arce_anchor_count_mean=28.211918, arce_blocker_budget_mean=21.788082, arce_blocker_entropy_mean=5.010848, arce_closure_difficulty_mean=0.723725, arce_closure_difficulty_std=0.283666, arce_gamma_effective_beta=3.000000, arce_gamma_max=0.941765, arce_gamma_mean=0.211533, arce_gamma_min=0.052866, arce_gamma_mode=closure_quantile, arce_gamma_reassignment_l1_mean=0.055347, arce_gamma_std=0.123145, arce_sample_gamma_mean=0.211533, arce_sampled_teacher_overlap_mean=0.564238, arce_teacher_missing_mass_mean=0.265891, arce_teacher_missing_mass_std=0.135769
09/05/2026,06:37:19: Training...
09/05/2026,06:37:20: Evaluating...
09/05/2026,06:37:20: 	Train Loss: 3446536.7500 (base: 491.0906, kd: 6892.0918), Elapsed: train 2.47 test 0.27 *
09/05/2026,06:37:20: 	Recall@10: 0.06190 Recall@20: 0.08962 NDCG@10: 0.03653 NDCG@20: 0.04416 
09/05/2026,06:37:20: 	Recall@10: 0.02661 Recall@20: 0.03785 NDCG@10: 0.01478 NDCG@20: 0.01784 
09/05/2026,06:37:20: Epoch [37/1000]
09/05/2026,06:37:20: Negative sampling...
09/05/2026,06:37:21: Model's personal time...
09/05/2026,06:37:21: Model diagnostics: arce_anchor_count_mean=28.324583, arce_blocker_budget_mean=21.675417, arce_blocker_entropy_mean=5.007362, arce_closure_difficulty_mean=0.719434, arce_closure_difficulty_std=0.283189, arce_gamma_effective_beta=3.000000, arce_gamma_max=1.000000, arce_gamma_mean=0.210194, arce_gamma_min=0.056135, arce_gamma_mode=closure_quantile, arce_gamma_reassignment_l1_mean=0.054823, arce_gamma_std=0.122722, arce_sample_gamma_mean=0.210194, arce_sampled_teacher_overlap_mean=0.566492, arce_teacher_missing_mass_mean=0.263104, arce_teacher_missing_mass_std=0.134621
09/05/2026,06:37:21: Training...
09/05/2026,06:37:22: Evaluating...
09/05/2026,06:37:23: 	Train Loss: 3445576.5000 (base: 480.4152, kd: 6890.1919), Elapsed: train 2.47 test 0.27
09/05/2026,06:37:23: 	Recall@10: 0.06237 Recall@20: 0.08926 NDCG@10: 0.03652 NDCG@20: 0.04389 
09/05/2026,06:37:23: 	Recall@10: 0.02605 Recall@20: 0.03755 NDCG@10: 0.01467 NDCG@20: 0.01781 
09/05/2026,06:37:23: Epoch [38/1000]
09/05/2026,06:37:23: Negative sampling...
09/05/2026,06:37:24: Model's personal time...
09/05/2026,06:37:24: Model diagnostics: arce_anchor_count_mean=28.468481, arce_blocker_budget_mean=21.531519, arce_blocker_entropy_mean=5.004449, arce_closure_difficulty_mean=0.715271, arce_closure_difficulty_std=0.282991, arce_gamma_effective_beta=3.000000, arce_gamma_max=0.886920, arce_gamma_mean=0.208327, arce_gamma_min=0.052866, arce_gamma_mode=closure_quantile, arce_gamma_reassignment_l1_mean=0.054329, arce_gamma_std=0.121400, arce_sample_gamma_mean=0.208327, arce_sampled_teacher_overlap_mean=0.569370, arce_teacher_missing_mass_mean=0.260172, arce_teacher_missing_mass_std=0.133672
09/05/2026,06:37:24: Training...
09/05/2026,06:37:25: Evaluating...
09/05/2026,06:37:25: 	Train Loss: 3443600.5000 (base: 473.2550, kd: 6886.2544), Elapsed: train 2.45 test 0.27
09/05/2026,06:37:25: 	Recall@10: 0.06141 Recall@20: 0.08946 NDCG@10: 0.03643 NDCG@20: 0.04415 
09/05/2026,06:37:25: 	Recall@10: 0.02651 Recall@20: 0.03794 NDCG@10: 0.01482 NDCG@20: 0.01793 
09/05/2026,06:37:25: Epoch [39/1000]
09/05/2026,06:37:25: Negative sampling...
09/05/2026,06:37:27: Model's personal time...
09/05/2026,06:37:27: Model diagnostics: arce_anchor_count_mean=28.615635, arce_blocker_budget_mean=21.384365, arce_blocker_entropy_mean=5.001653, arce_closure_difficulty_mean=0.711252, arce_closure_difficulty_std=0.282097, arce_gamma_effective_beta=3.000000, arce_gamma_max=0.941765, arce_gamma_mean=0.206444, arce_gamma_min=0.056135, arce_gamma_mode=closure_quantile, arce_gamma_reassignment_l1_mean=0.053666, arce_gamma_std=0.120505, arce_sample_gamma_mean=0.206444, arce_sampled_teacher_overlap_mean=0.572313, arce_teacher_missing_mass_mean=0.257043, arce_teacher_missing_mass_std=0.132028
09/05/2026,06:37:27: Training...
09/05/2026,06:37:28: Evaluating...
09/05/2026,06:37:28: 	Train Loss: 3442582.7500 (base: 464.1029, kd: 6884.2373), Elapsed: train 2.67 test 0.26 *
09/05/2026,06:37:28: 	Recall@10: 0.06208 Recall@20: 0.09000 NDCG@10: 0.03691 NDCG@20: 0.04456 
09/05/2026,06:37:28: 	Recall@10: 0.02676 Recall@20: 0.03788 NDCG@10: 0.01490 NDCG@20: 0.01792 
09/05/2026,06:37:28: Epoch [40/1000]
09/05/2026,06:37:28: Negative sampling...
09/05/2026,06:37:30: Model's personal time...
09/05/2026,06:37:30: Model diagnostics: arce_anchor_count_mean=28.760298, arce_blocker_budget_mean=21.239700, arce_blocker_entropy_mean=4.998169, arce_closure_difficulty_mean=0.707100, arce_closure_difficulty_std=0.281275, arce_gamma_effective_beta=3.000000, arce_gamma_max=0.835270, arce_gamma_mean=0.204635, arce_gamma_min=0.052866, arce_gamma_mode=closure_quantile, arce_gamma_reassignment_l1_mean=0.052843, arce_gamma_std=0.119216, arce_sample_gamma_mean=0.204635, arce_sampled_teacher_overlap_mean=0.575206, arce_teacher_missing_mass_mean=0.254233, arce_teacher_missing_mass_std=0.130704
09/05/2026,06:37:30: Training...
09/05/2026,06:37:31: Evaluating...
09/05/2026,06:37:31: 	Train Loss: 3441870.2500 (base: 455.9302, kd: 6882.8281), Elapsed: train 2.54 test 0.26 *
09/05/2026,06:37:31: 	Recall@10: 0.06204 Recall@20: 0.09026 NDCG@10: 0.03703 NDCG@20: 0.04480 
09/05/2026,06:37:31: 	Recall@10: 0.02660 Recall@20: 0.03811 NDCG@10: 0.01465 NDCG@20: 0.01778 
09/05/2026,06:37:31: Epoch [41/1000]
09/05/2026,06:37:31: Negative sampling...
09/05/2026,06:37:33: Model's personal time...
09/05/2026,06:37:33: Model diagnostics: arce_anchor_count_mean=28.880436, arce_blocker_budget_mean=21.119562, arce_blocker_entropy_mean=4.994715, arce_closure_difficulty_mean=0.703746, arce_closure_difficulty_std=0.280910, arce_gamma_effective_beta=3.000000, arce_gamma_max=1.000000, arce_gamma_mean=0.203172, arce_gamma_min=0.056135, arce_gamma_mode=closure_quantile, arce_gamma_reassignment_l1_mean=0.052496, arce_gamma_std=0.118776, arce_sample_gamma_mean=0.203172, arce_sampled_teacher_overlap_mean=0.577609, arce_teacher_missing_mass_mean=0.251730, arce_teacher_missing_mass_std=0.129779
09/05/2026,06:37:33: Training...
09/05/2026,06:37:34: Evaluating...
09/05/2026,06:37:34: 	Train Loss: 3440635.0000 (base: 446.4169, kd: 6880.3770), Elapsed: train 2.53 test 0.26 *
09/05/2026,06:37:34: 	Recall@10: 0.06303 Recall@20: 0.09051 NDCG@10: 0.03740 NDCG@20: 0.04494 
09/05/2026,06:37:34: 	Recall@10: 0.02678 Recall@20: 0.03844 NDCG@10: 0.01472 NDCG@20: 0.01792 
09/05/2026,06:37:34: Epoch [42/1000]
09/05/2026,06:37:34: Negative sampling...
09/05/2026,06:37:35: Model's personal time...
09/05/2026,06:37:35: Model diagnostics: arce_anchor_count_mean=29.018202, arce_blocker_budget_mean=20.981796, arce_blocker_entropy_mean=4.991425, arce_closure_difficulty_mean=0.699777, arce_closure_difficulty_std=0.280502, arce_gamma_effective_beta=3.000000, arce_gamma_max=1.000000, arce_gamma_mean=0.201489, arce_gamma_min=0.052866, arce_gamma_mode=closure_quantile, arce_gamma_reassignment_l1_mean=0.051783, arce_gamma_std=0.117748, arce_sample_gamma_mean=0.201489, arce_sampled_teacher_overlap_mean=0.580364, arce_teacher_missing_mass_mean=0.249119, arce_teacher_missing_mass_std=0.128746
09/05/2026,06:37:35: Training...
09/05/2026,06:37:37: Evaluating...
09/05/2026,06:37:37: 	Train Loss: 3439976.5000 (base: 441.1052, kd: 6879.0708), Elapsed: train 2.59 test 0.29
09/05/2026,06:37:37: 	Recall@10: 0.06344 Recall@20: 0.09027 NDCG@10: 0.03753 NDCG@20: 0.04489 
09/05/2026,06:37:37: 	Recall@10: 0.02664 Recall@20: 0.03922 NDCG@10: 0.01461 NDCG@20: 0.01802 
09/05/2026,06:37:37: Epoch [43/1000]
09/05/2026,06:37:37: Negative sampling...
09/05/2026,06:37:38: Model's personal time...
09/05/2026,06:37:38: Model diagnostics: arce_anchor_count_mean=29.138149, arce_blocker_budget_mean=20.861851, arce_blocker_entropy_mean=4.988898, arce_closure_difficulty_mean=0.696691, arce_closure_difficulty_std=0.280188, arce_gamma_effective_beta=3.000000, arce_gamma_max=0.835270, arce_gamma_mean=0.199970, arce_gamma_min=0.056135, arce_gamma_mode=closure_quantile, arce_gamma_reassignment_l1_mean=0.051618, arce_gamma_std=0.116650, arce_sample_gamma_mean=0.199970, arce_sampled_teacher_overlap_mean=0.582763, arce_teacher_missing_mass_mean=0.246795, arce_teacher_missing_mass_std=0.127846
09/05/2026,06:37:38: Training...
09/05/2026,06:37:39: Evaluating...
09/05/2026,06:37:40: 	Train Loss: 3439062.2500 (base: 433.2440, kd: 6877.2573), Elapsed: train 2.54 test 0.29 *
09/05/2026,06:37:40: 	Recall@10: 0.06329 Recall@20: 0.09073 NDCG@10: 0.03754 NDCG@20: 0.04499 
09/05/2026,06:37:40: 	Recall@10: 0.02636 Recall@20: 0.03907 NDCG@10: 0.01456 NDCG@20: 0.01799 
09/05/2026,06:37:40: Epoch [44/1000]
09/05/2026,06:37:40: Negative sampling...
09/05/2026,06:37:41: Model's personal time...
09/05/2026,06:37:41: Model diagnostics: arce_anchor_count_mean=29.265951, arce_blocker_budget_mean=20.734049, arce_blocker_entropy_mean=4.985856, arce_closure_difficulty_mean=0.692793, arce_closure_difficulty_std=0.279446, arce_gamma_effective_beta=3.000000, arce_gamma_max=0.835270, arce_gamma_mean=0.198375, arce_gamma_min=0.052866, arce_gamma_mode=closure_quantile, arce_gamma_reassignment_l1_mean=0.050713, arce_gamma_std=0.115657, arce_sample_gamma_mean=0.198375, arce_sampled_teacher_overlap_mean=0.585319, arce_teacher_missing_mass_mean=0.244335, arce_teacher_missing_mass_std=0.126901
09/05/2026,06:37:41: Training...
09/05/2026,06:37:42: Evaluating...
09/05/2026,06:37:42: 	Train Loss: 3438844.7500 (base: 426.0627, kd: 6876.8374), Elapsed: train 2.59 test 0.26 *
09/05/2026,06:37:42: 	Recall@10: 0.06324 Recall@20: 0.09094 NDCG@10: 0.03754 NDCG@20: 0.04509 
09/05/2026,06:37:42: 	Recall@10: 0.02655 Recall@20: 0.03920 NDCG@10: 0.01460 NDCG@20: 0.01804 
09/05/2026,06:37:42: Epoch [45/1000]
09/05/2026,06:37:42: Negative sampling...
09/05/2026,06:37:44: Model's personal time...
09/05/2026,06:37:44: Model diagnostics: arce_anchor_count_mean=29.372101, arce_blocker_budget_mean=20.627897, arce_blocker_entropy_mean=4.983281, arce_closure_difficulty_mean=0.689288, arce_closure_difficulty_std=0.278302, arce_gamma_effective_beta=3.000000, arce_gamma_max=0.835270, arce_gamma_mean=0.196984, arce_gamma_min=0.056135, arce_gamma_mode=closure_quantile, arce_gamma_reassignment_l1_mean=0.050151, arce_gamma_std=0.114629, arce_sample_gamma_mean=0.196984, arce_sampled_teacher_overlap_mean=0.587442, arce_teacher_missing_mass_mean=0.241946, arce_teacher_missing_mass_std=0.125304
09/05/2026,06:37:44: Training...
09/05/2026,06:37:45: Evaluating...
09/05/2026,06:37:45: 	Train Loss: 3437780.7500 (base: 419.3999, kd: 6874.7231), Elapsed: train 2.47 test 0.27 *
09/05/2026,06:37:45: 	Recall@10: 0.06333 Recall@20: 0.09087 NDCG@10: 0.03775 NDCG@20: 0.04527 
09/05/2026,06:37:45: 	Recall@10: 0.02622 Recall@20: 0.03891 NDCG@10: 0.01452 NDCG@20: 0.01798 
09/05/2026,06:37:45: Epoch [46/1000]
09/05/2026,06:37:45: Negative sampling...
09/05/2026,06:37:47: Model's personal time...
09/05/2026,06:37:47: Model diagnostics: arce_anchor_count_mean=29.487833, arce_blocker_budget_mean=20.512167, arce_blocker_entropy_mean=4.980377, arce_closure_difficulty_mean=0.685785, arce_closure_difficulty_std=0.277552, arce_gamma_effective_beta=3.000000, arce_gamma_max=0.835270, arce_gamma_mean=0.195497, arce_gamma_min=0.052866, arce_gamma_mode=closure_quantile, arce_gamma_reassignment_l1_mean=0.049806, arce_gamma_std=0.113703, arce_sample_gamma_mean=0.195497, arce_sampled_teacher_overlap_mean=0.589757, arce_teacher_missing_mass_mean=0.239567, arce_teacher_missing_mass_std=0.124038
09/05/2026,06:37:47: Training...
09/05/2026,06:37:48: Evaluating...
09/05/2026,06:37:48: 	Train Loss: 3436487.7500 (base: 410.4034, kd: 6872.1548), Elapsed: train 2.72 test 0.27
09/05/2026,06:37:48: 	Recall@10: 0.06366 Recall@20: 0.09085 NDCG@10: 0.03772 NDCG@20: 0.04525 
09/05/2026,06:37:48: 	Recall@10: 0.02630 Recall@20: 0.03915 NDCG@10: 0.01451 NDCG@20: 0.01803 
09/05/2026,06:37:48: Epoch [47/1000]
09/05/2026,06:37:48: Negative sampling...
09/05/2026,06:37:50: Model's personal time...
09/05/2026,06:37:50: Model diagnostics: arce_anchor_count_mean=29.599541, arce_blocker_budget_mean=20.400459, arce_blocker_entropy_mean=4.977282, arce_closure_difficulty_mean=0.682463, arce_closure_difficulty_std=0.277281, arce_gamma_effective_beta=3.000000, arce_gamma_max=0.835270, arce_gamma_mean=0.194134, arce_gamma_min=0.056135, arce_gamma_mode=closure_quantile, arce_gamma_reassignment_l1_mean=0.049092, arce_gamma_std=0.112711, arce_sample_gamma_mean=0.194134, arce_sampled_teacher_overlap_mean=0.591991, arce_teacher_missing_mass_mean=0.237486, arce_teacher_missing_mass_std=0.123368
09/05/2026,06:37:50: Training...
09/05/2026,06:37:51: Evaluating...
09/05/2026,06:37:51: 	Train Loss: 3436710.2500 (base: 404.2623, kd: 6872.6123), Elapsed: train 2.61 test 0.26 *
09/05/2026,06:37:51: 	Recall@10: 0.06404 Recall@20: 0.09115 NDCG@10: 0.03825 NDCG@20: 0.04569 
09/05/2026,06:37:51: 	Recall@10: 0.02604 Recall@20: 0.03888 NDCG@10: 0.01453 NDCG@20: 0.01807 
09/05/2026,06:37:51: Epoch [48/1000]
09/05/2026,06:37:51: Negative sampling...
09/05/2026,06:37:52: Model's personal time...
09/05/2026,06:37:52: Model diagnostics: arce_anchor_count_mean=29.708565, arce_blocker_budget_mean=20.291435, arce_blocker_entropy_mean=4.974900, arce_closure_difficulty_mean=0.679323, arce_closure_difficulty_std=0.277119, arce_gamma_effective_beta=3.000000, arce_gamma_max=0.941765, arce_gamma_mean=0.192962, arce_gamma_min=0.052866, arce_gamma_mode=closure_quantile, arce_gamma_reassignment_l1_mean=0.048654, arce_gamma_std=0.112586, arce_sample_gamma_mean=0.192962, arce_sampled_teacher_overlap_mean=0.594171, arce_teacher_missing_mass_mean=0.235397, arce_teacher_missing_mass_std=0.122853
09/05/2026,06:37:52: Training...
09/05/2026,06:37:54: Evaluating...
09/05/2026,06:37:54: 	Train Loss: 3435676.2500 (base: 399.7924, kd: 6870.5527), Elapsed: train 2.50 test 0.26
09/05/2026,06:37:54: 	Recall@10: 0.06421 Recall@20: 0.09135 NDCG@10: 0.03807 NDCG@20: 0.04552 
09/05/2026,06:37:54: 	Recall@10: 0.02584 Recall@20: 0.03857 NDCG@10: 0.01447 NDCG@20: 0.01793 
09/05/2026,06:37:54: Epoch [49/1000]
09/05/2026,06:37:54: Negative sampling...
09/05/2026,06:37:55: Model's personal time...
09/05/2026,06:37:55: Model diagnostics: arce_anchor_count_mean=29.841349, arce_blocker_budget_mean=20.158651, arce_blocker_entropy_mean=4.972287, arce_closure_difficulty_mean=0.675836, arce_closure_difficulty_std=0.276793, arce_gamma_effective_beta=3.000000, arce_gamma_max=0.835270, arce_gamma_mean=0.191356, arce_gamma_min=0.052866, arce_gamma_mode=closure_quantile, arce_gamma_reassignment_l1_mean=0.048130, arce_gamma_std=0.111461, arce_sample_gamma_mean=0.191356, arce_sampled_teacher_overlap_mean=0.596827, arce_teacher_missing_mass_mean=0.233035, arce_teacher_missing_mass_std=0.121825
09/05/2026,06:37:55: Training...
09/05/2026,06:37:56: Evaluating...
09/05/2026,06:37:57: 	Train Loss: 3435708.0000 (base: 393.3066, kd: 6870.6294), Elapsed: train 2.39 test 0.28 *
09/05/2026,06:37:57: 	Recall@10: 0.06425 Recall@20: 0.09181 NDCG@10: 0.03836 NDCG@20: 0.04587 
09/05/2026,06:37:57: 	Recall@10: 0.02623 Recall@20: 0.03878 NDCG@10: 0.01451 NDCG@20: 0.01795 
09/05/2026,06:37:57: Epoch [50/1000]
09/05/2026,06:37:57: Negative sampling...
09/05/2026,06:37:58: Model's personal time...
09/05/2026,06:37:58: Model diagnostics: arce_anchor_count_mean=29.950565, arce_blocker_budget_mean=20.049435, arce_blocker_entropy_mean=4.970136, arce_closure_difficulty_mean=0.672623, arce_closure_difficulty_std=0.276383, arce_gamma_effective_beta=3.000000, arce_gamma_max=0.835270, arce_gamma_mean=0.190067, arce_gamma_min=0.052866, arce_gamma_mode=closure_quantile, arce_gamma_reassignment_l1_mean=0.047785, arce_gamma_std=0.110840, arce_sample_gamma_mean=0.190067, arce_sampled_teacher_overlap_mean=0.599011, arce_teacher_missing_mass_mean=0.230979, arce_teacher_missing_mass_std=0.121215
09/05/2026,06:37:58: Training...
09/05/2026,06:37:59: Evaluating...
09/05/2026,06:37:59: 	Train Loss: 3434892.2500 (base: 389.4041, kd: 6869.0063), Elapsed: train 2.52 test 0.26
09/05/2026,06:37:59: 	Recall@10: 0.06465 Recall@20: 0.09112 NDCG@10: 0.03847 NDCG@20: 0.04574 
09/05/2026,06:37:59: 	Recall@10: 0.02642 Recall@20: 0.03831 NDCG@10: 0.01466 NDCG@20: 0.01790 
09/05/2026,06:37:59: Epoch [51/1000]
09/05/2026,06:37:59: Negative sampling...
09/05/2026,06:38:01: Model's personal time...
09/05/2026,06:38:01: Model diagnostics: arce_anchor_count_mean=30.051542, arce_blocker_budget_mean=19.948458, arce_blocker_entropy_mean=4.967597, arce_closure_difficulty_mean=0.669661, arce_closure_difficulty_std=0.276097, arce_gamma_effective_beta=3.000000, arce_gamma_max=1.000000, arce_gamma_mean=0.188866, arce_gamma_min=0.052866, arce_gamma_mode=closure_quantile, arce_gamma_reassignment_l1_mean=0.047003, arce_gamma_std=0.110221, arce_sample_gamma_mean=0.188866, arce_sampled_teacher_overlap_mean=0.601031, arce_teacher_missing_mass_mean=0.229082, arce_teacher_missing_mass_std=0.120628
09/05/2026,06:38:01: Training...
09/05/2026,06:38:02: Evaluating...
09/05/2026,06:38:02: 	Train Loss: 3434273.5000 (base: 381.7842, kd: 6867.7842), Elapsed: train 2.49 test 0.26
09/05/2026,06:38:02: 	Recall@10: 0.06405 Recall@20: 0.09155 NDCG@10: 0.03827 NDCG@20: 0.04580 
09/05/2026,06:38:02: 	Recall@10: 0.02643 Recall@20: 0.03946 NDCG@10: 0.01460 NDCG@20: 0.01814 
09/05/2026,06:38:02: Epoch [52/1000]
09/05/2026,06:38:02: Negative sampling...
09/05/2026,06:38:03: Model's personal time...
09/05/2026,06:38:03: Model diagnostics: arce_anchor_count_mean=30.160183, arce_blocker_budget_mean=19.839815, arce_blocker_entropy_mean=4.964833, arce_closure_difficulty_mean=0.666915, arce_closure_difficulty_std=0.275779, arce_gamma_effective_beta=3.000000, arce_gamma_max=0.835270, arce_gamma_mean=0.187594, arce_gamma_min=0.052866, arce_gamma_mode=closure_quantile, arce_gamma_reassignment_l1_mean=0.046732, arce_gamma_std=0.109393, arce_sample_gamma_mean=0.187595, arce_sampled_teacher_overlap_mean=0.603204, arce_teacher_missing_mass_mean=0.227299, arce_teacher_missing_mass_std=0.120004
09/05/2026,06:38:03: Training...
09/05/2026,06:38:04: Evaluating...
09/05/2026,06:38:05: 	Train Loss: 3434183.5000 (base: 376.0668, kd: 6867.6147), Elapsed: train 2.42 test 0.26 *
09/05/2026,06:38:05: 	Recall@10: 0.06409 Recall@20: 0.09160 NDCG@10: 0.03845 NDCG@20: 0.04595 
09/05/2026,06:38:05: 	Recall@10: 0.02651 Recall@20: 0.03927 NDCG@10: 0.01459 NDCG@20: 0.01809 
09/05/2026,06:38:05: Epoch [53/1000]
09/05/2026,06:38:05: Negative sampling...
09/05/2026,06:38:06: Model's personal time...
09/05/2026,06:38:06: Model diagnostics: arce_anchor_count_mean=30.270550, arce_blocker_budget_mean=19.729450, arce_blocker_entropy_mean=4.962039, arce_closure_difficulty_mean=0.663600, arce_closure_difficulty_std=0.275426, arce_gamma_effective_beta=3.000000, arce_gamma_max=0.835270, arce_gamma_mean=0.186266, arce_gamma_min=0.052866, arce_gamma_mode=closure_quantile, arce_gamma_reassignment_l1_mean=0.045979, arce_gamma_std=0.108396, arce_sample_gamma_mean=0.186266, arce_sampled_teacher_overlap_mean=0.605411, arce_teacher_missing_mass_mean=0.225292, arce_teacher_missing_mass_std=0.119314
09/05/2026,06:38:06: Training...
09/05/2026,06:38:07: Evaluating...
09/05/2026,06:38:07: 	Train Loss: 3433226.5000 (base: 371.6638, kd: 6865.7090), Elapsed: train 2.41 test 0.30 *
09/05/2026,06:38:07: 	Recall@10: 0.06360 Recall@20: 0.09132 NDCG@10: 0.03856 NDCG@20: 0.04610 
09/05/2026,06:38:07: 	Recall@10: 0.02603 Recall@20: 0.03912 NDCG@10: 0.01448 NDCG@20: 0.01808 
09/05/2026,06:38:07: Epoch [54/1000]
09/05/2026,06:38:07: Negative sampling...
09/05/2026,06:38:09: Model's personal time...
09/05/2026,06:38:09: Model diagnostics: arce_anchor_count_mean=30.369228, arce_blocker_budget_mean=19.630772, arce_blocker_entropy_mean=4.959679, arce_closure_difficulty_mean=0.660844, arce_closure_difficulty_std=0.275073, arce_gamma_effective_beta=3.000000, arce_gamma_max=0.835270, arce_gamma_mean=0.185137, arce_gamma_min=0.052866, arce_gamma_mode=closure_quantile, arce_gamma_reassignment_l1_mean=0.045727, arce_gamma_std=0.107888, arce_sample_gamma_mean=0.185137, arce_sampled_teacher_overlap_mean=0.607385, arce_teacher_missing_mass_mean=0.223563, arce_teacher_missing_mass_std=0.118653
09/05/2026,06:38:09: Training...
09/05/2026,06:38:10: Evaluating...
09/05/2026,06:38:10: 	Train Loss: 3432662.2500 (base: 368.1342, kd: 6864.5879), Elapsed: train 2.50 test 0.26
09/05/2026,06:38:10: 	Recall@10: 0.06386 Recall@20: 0.09066 NDCG@10: 0.03854 NDCG@20: 0.04591 
09/05/2026,06:38:10: 	Recall@10: 0.02603 Recall@20: 0.03938 NDCG@10: 0.01453 NDCG@20: 0.01821 
09/05/2026,06:38:10: Epoch [55/1000]
09/05/2026,06:38:10: Negative sampling...
09/05/2026,06:38:12: Model's personal time...
09/05/2026,06:38:12: Model diagnostics: arce_anchor_count_mean=30.486109, arce_blocker_budget_mean=19.513891, arce_blocker_entropy_mean=4.957784, arce_closure_difficulty_mean=0.657457, arce_closure_difficulty_std=0.274721, arce_gamma_effective_beta=3.000000, arce_gamma_max=0.786628, arce_gamma_mean=0.183763, arce_gamma_min=0.049787, arce_gamma_mode=closure_quantile, arce_gamma_reassignment_l1_mean=0.045364, arce_gamma_std=0.106733, arce_sample_gamma_mean=0.183763, arce_sampled_teacher_overlap_mean=0.609722, arce_teacher_missing_mass_mean=0.221422, arce_teacher_missing_mass_std=0.117702
09/05/2026,06:38:12: Training...
09/05/2026,06:38:13: Evaluating...
09/05/2026,06:38:13: 	Train Loss: 3432915.5000 (base: 364.4695, kd: 6865.1021), Elapsed: train 2.52 test 0.27 *
09/05/2026,06:38:13: 	Recall@10: 0.06411 Recall@20: 0.09150 NDCG@10: 0.03897 NDCG@20: 0.04646 
09/05/2026,06:38:13: 	Recall@10: 0.02551 Recall@20: 0.03921 NDCG@10: 0.01445 NDCG@20: 0.01823 
09/05/2026,06:38:13: Epoch [56/1000]
09/05/2026,06:38:13: Negative sampling...
09/05/2026,06:38:14: Model's personal time...
09/05/2026,06:38:14: Model diagnostics: arce_anchor_count_mean=30.566774, arce_blocker_budget_mean=19.433224, arce_blocker_entropy_mean=4.955086, arce_closure_difficulty_mean=0.655031, arce_closure_difficulty_std=0.274432, arce_gamma_effective_beta=3.000000, arce_gamma_max=0.786628, arce_gamma_mean=0.182801, arce_gamma_min=0.049787, arce_gamma_mode=closure_quantile, arce_gamma_reassignment_l1_mean=0.044810, arce_gamma_std=0.106065, arce_sample_gamma_mean=0.182801, arce_sampled_teacher_overlap_mean=0.611335, arce_teacher_missing_mass_mean=0.219999, arce_teacher_missing_mass_std=0.117306
09/05/2026,06:38:14: Training...
09/05/2026,06:38:16: Evaluating...
09/05/2026,06:38:16: 	Train Loss: 3432064.0000 (base: 357.3382, kd: 6863.4131), Elapsed: train 2.56 test 0.29 *
09/05/2026,06:38:16: 	Recall@10: 0.06376 Recall@20: 0.09184 NDCG@10: 0.03880 NDCG@20: 0.04651 
09/05/2026,06:38:16: 	Recall@10: 0.02639 Recall@20: 0.03944 NDCG@10: 0.01460 NDCG@20: 0.01820 
09/05/2026,06:38:16: Epoch [57/1000]
09/05/2026,06:38:16: Negative sampling...
09/05/2026,06:38:17: Model's personal time...
09/05/2026,06:38:17: Model diagnostics: arce_anchor_count_mean=30.659704, arce_blocker_budget_mean=19.340294, arce_blocker_entropy_mean=4.951626, arce_closure_difficulty_mean=0.652281, arce_closure_difficulty_std=0.273749, arce_gamma_effective_beta=3.000000, arce_gamma_max=0.786628, arce_gamma_mean=0.181714, arce_gamma_min=0.052866, arce_gamma_mode=closure_quantile, arce_gamma_reassignment_l1_mean=0.044257, arce_gamma_std=0.105394, arce_sample_gamma_mean=0.181714, arce_sampled_teacher_overlap_mean=0.613194, arce_teacher_missing_mass_mean=0.218354, arce_teacher_missing_mass_std=0.116619
09/05/2026,06:38:17: Training...
09/05/2026,06:38:18: Evaluating...
09/05/2026,06:38:19: 	Train Loss: 3432048.2500 (base: 353.9888, kd: 6863.3887), Elapsed: train 2.48 test 0.27
09/05/2026,06:38:19: 	Recall@10: 0.06422 Recall@20: 0.09133 NDCG@10: 0.03895 NDCG@20: 0.04639 
09/05/2026,06:38:19: 	Recall@10: 0.02705 Recall@20: 0.03944 NDCG@10: 0.01470 NDCG@20: 0.01813 
09/05/2026,06:38:19: Epoch [58/1000]
09/05/2026,06:38:19: Negative sampling...
09/05/2026,06:38:20: Model's personal time...
09/05/2026,06:38:20: Model diagnostics: arce_anchor_count_mean=30.764132, arce_blocker_budget_mean=19.235868, arce_blocker_entropy_mean=4.948785, arce_closure_difficulty_mean=0.649331, arce_closure_difficulty_std=0.273483, arce_gamma_effective_beta=3.000000, arce_gamma_max=0.786628, arce_gamma_mean=0.180598, arce_gamma_min=0.052866, arce_gamma_mode=closure_quantile, arce_gamma_reassignment_l1_mean=0.043721, arce_gamma_std=0.104749, arce_sample_gamma_mean=0.180598, arce_sampled_teacher_overlap_mean=0.615283, arce_teacher_missing_mass_mean=0.216658, arce_teacher_missing_mass_std=0.116038
09/05/2026,06:38:20: Training...
09/05/2026,06:38:21: Evaluating...
09/05/2026,06:38:21: 	Train Loss: 3431164.0000 (base: 349.4761, kd: 6861.6294), Elapsed: train 2.50 test 0.33
09/05/2026,06:38:21: 	Recall@10: 0.06432 Recall@20: 0.09120 NDCG@10: 0.03906 NDCG@20: 0.04637 
09/05/2026,06:38:21: 	Recall@10: 0.02676 Recall@20: 0.04018 NDCG@10: 0.01472 NDCG@20: 0.01842 
09/05/2026,06:38:21: Epoch [59/1000]
09/05/2026,06:38:21: Negative sampling...
09/05/2026,06:38:23: Model's personal time...
09/05/2026,06:38:23: Model diagnostics: arce_anchor_count_mean=30.868364, arce_blocker_budget_mean=19.131634, arce_blocker_entropy_mean=4.946782, arce_closure_difficulty_mean=0.646636, arce_closure_difficulty_std=0.272976, arce_gamma_effective_beta=3.000000, arce_gamma_max=0.786628, arce_gamma_mean=0.179399, arce_gamma_min=0.049787, arce_gamma_mode=closure_quantile, arce_gamma_reassignment_l1_mean=0.043492, arce_gamma_std=0.104105, arce_sample_gamma_mean=0.179399, arce_sampled_teacher_overlap_mean=0.617367, arce_teacher_missing_mass_mean=0.214884, arce_teacher_missing_mass_std=0.115146
09/05/2026,06:38:23: Training...
09/05/2026,06:38:24: Evaluating...
09/05/2026,06:38:25: 	Train Loss: 3431467.2500 (base: 345.6368, kd: 6862.2437), Elapsed: train 2.87 test 0.30 *
09/05/2026,06:38:25: 	Recall@10: 0.06392 Recall@20: 0.09249 NDCG@10: 0.03906 NDCG@20: 0.04685 
09/05/2026,06:38:25: 	Recall@10: 0.02705 Recall@20: 0.04000 NDCG@10: 0.01475 NDCG@20: 0.01831 
09/05/2026,06:38:25: Epoch [60/1000]
09/05/2026,06:38:25: Negative sampling...
09/05/2026,06:38:26: Model's personal time...
09/05/2026,06:38:26: Model diagnostics: arce_anchor_count_mean=30.954971, arce_blocker_budget_mean=19.045027, arce_blocker_entropy_mean=4.943282, arce_closure_difficulty_mean=0.644354, arce_closure_difficulty_std=0.272950, arce_gamma_effective_beta=3.000000, arce_gamma_max=0.786628, arce_gamma_mean=0.178423, arce_gamma_min=0.052866, arce_gamma_mode=closure_quantile, arce_gamma_reassignment_l1_mean=0.043037, arce_gamma_std=0.103408, arce_sample_gamma_mean=0.178423, arce_sampled_teacher_overlap_mean=0.619099, arce_teacher_missing_mass_mean=0.213545, arce_teacher_missing_mass_std=0.114784
09/05/2026,06:38:26: Training...
09/05/2026,06:38:27: Evaluating...
09/05/2026,06:38:27: 	Train Loss: 3431682.0000 (base: 342.1666, kd: 6862.6792), Elapsed: train 2.56 test 0.27
09/05/2026,06:38:27: 	Recall@10: 0.06504 Recall@20: 0.09191 NDCG@10: 0.03916 NDCG@20: 0.04654 
09/05/2026,06:38:27: 	Recall@10: 0.02628 Recall@20: 0.03998 NDCG@10: 0.01469 NDCG@20: 0.01848 
09/05/2026,06:38:27: Epoch [61/1000]
09/05/2026,06:38:27: Negative sampling...
09/05/2026,06:38:29: Model's personal time...
09/05/2026,06:38:29: Model diagnostics: arce_anchor_count_mean=31.036596, arce_blocker_budget_mean=18.963402, arce_blocker_entropy_mean=4.940878, arce_closure_difficulty_mean=0.641569, arce_closure_difficulty_std=0.272117, arce_gamma_effective_beta=3.000000, arce_gamma_max=0.786628, arce_gamma_mean=0.177532, arce_gamma_min=0.052866, arce_gamma_mode=closure_quantile, arce_gamma_reassignment_l1_mean=0.042832, arce_gamma_std=0.103066, arce_sample_gamma_mean=0.177532, arce_sampled_teacher_overlap_mean=0.620732, arce_teacher_missing_mass_mean=0.211984, arce_teacher_missing_mass_std=0.114178
09/05/2026,06:38:29: Training...
09/05/2026,06:38:30: Evaluating...
09/05/2026,06:38:30: 	Train Loss: 3431470.2500 (base: 337.7799, kd: 6862.2651), Elapsed: train 2.73 test 0.29
09/05/2026,06:38:30: 	Recall@10: 0.06419 Recall@20: 0.09246 NDCG@10: 0.03905 NDCG@20: 0.04680 
09/05/2026,06:38:30: 	Recall@10: 0.02686 Recall@20: 0.04026 NDCG@10: 0.01472 NDCG@20: 0.01842 
09/05/2026,06:38:30: Epoch [62/1000]
09/05/2026,06:38:30: Negative sampling...
09/05/2026,06:38:32: Model's personal time...
09/05/2026,06:38:32: Model diagnostics: arce_anchor_count_mean=31.115730, arce_blocker_budget_mean=18.884270, arce_blocker_entropy_mean=4.937642, arce_closure_difficulty_mean=0.638692, arce_closure_difficulty_std=0.271463, arce_gamma_effective_beta=3.000000, arce_gamma_max=0.786628, arce_gamma_mean=0.176684, arce_gamma_min=0.052866, arce_gamma_mode=closure_quantile, arce_gamma_reassignment_l1_mean=0.042333, arce_gamma_std=0.102641, arce_sample_gamma_mean=0.176684, arce_sampled_teacher_overlap_mean=0.622315, arce_teacher_missing_mass_mean=0.210557, arce_teacher_missing_mass_std=0.113719
09/05/2026,06:38:32: Training...
09/05/2026,06:38:33: Evaluating...
09/05/2026,06:38:33: 	Train Loss: 3430859.2500 (base: 331.8979, kd: 6861.0547), Elapsed: train 2.47 test 0.26 *
09/05/2026,06:38:33: 	Recall@10: 0.06484 Recall@20: 0.09294 NDCG@10: 0.03934 NDCG@20: 0.04707 
09/05/2026,06:38:33: 	Recall@10: 0.02697 Recall@20: 0.04015 NDCG@10: 0.01484 NDCG@20: 0.01850 
09/05/2026,06:38:33: Epoch [63/1000]
09/05/2026,06:38:33: Negative sampling...
09/05/2026,06:38:35: Model's personal time...
09/05/2026,06:38:35: Model diagnostics: arce_anchor_count_mean=31.208660, arce_blocker_budget_mean=18.791340, arce_blocker_entropy_mean=4.935115, arce_closure_difficulty_mean=0.636123, arce_closure_difficulty_std=0.270803, arce_gamma_effective_beta=3.000000, arce_gamma_max=0.786628, arce_gamma_mean=0.175546, arce_gamma_min=0.052866, arce_gamma_mode=closure_quantile, arce_gamma_reassignment_l1_mean=0.041991, arce_gamma_std=0.101640, arce_sample_gamma_mean=0.175546, arce_sampled_teacher_overlap_mean=0.624173, arce_teacher_missing_mass_mean=0.209032, arce_teacher_missing_mass_std=0.112945
09/05/2026,06:38:35: Training...
09/05/2026,06:38:36: Evaluating...
09/05/2026,06:38:36: 	Train Loss: 3431026.2500 (base: 329.2782, kd: 6861.3940), Elapsed: train 2.43 test 0.25 *
09/05/2026,06:38:36: 	Recall@10: 0.06498 Recall@20: 0.09380 NDCG@10: 0.03955 NDCG@20: 0.04737 
09/05/2026,06:38:36: 	Recall@10: 0.02688 Recall@20: 0.04050 NDCG@10: 0.01483 NDCG@20: 0.01859 
09/05/2026,06:38:36: Epoch [64/1000]
09/05/2026,06:38:36: Negative sampling...
09/05/2026,06:38:37: Model's personal time...
09/05/2026,06:38:37: Model diagnostics: arce_anchor_count_mean=31.290668, arce_blocker_budget_mean=18.709332, arce_blocker_entropy_mean=4.933175, arce_closure_difficulty_mean=0.633465, arce_closure_difficulty_std=0.270190, arce_gamma_effective_beta=3.000000, arce_gamma_max=0.786628, arce_gamma_mean=0.174604, arce_gamma_min=0.052866, arce_gamma_mode=closure_quantile, arce_gamma_reassignment_l1_mean=0.041754, arce_gamma_std=0.100863, arce_sample_gamma_mean=0.174604, arce_sampled_teacher_overlap_mean=0.625813, arce_teacher_missing_mass_mean=0.207586, arce_teacher_missing_mass_std=0.112262
09/05/2026,06:38:37: Training...
09/05/2026,06:38:38: Evaluating...
09/05/2026,06:38:39: 	Train Loss: 3431075.7500 (base: 322.0574, kd: 6861.5073), Elapsed: train 2.58 test 0.27
09/05/2026,06:38:39: 	Recall@10: 0.06476 Recall@20: 0.09241 NDCG@10: 0.03951 NDCG@20: 0.04713 
09/05/2026,06:38:39: 	Recall@10: 0.02676 Recall@20: 0.04047 NDCG@10: 0.01481 NDCG@20: 0.01859 
09/05/2026,06:38:39: Epoch [65/1000]
09/05/2026,06:38:39: Negative sampling...
09/05/2026,06:38:40: Model's personal time...
09/05/2026,06:38:40: Model diagnostics: arce_anchor_count_mean=31.386089, arce_blocker_budget_mean=18.613911, arce_blocker_entropy_mean=4.930686, arce_closure_difficulty_mean=0.631006, arce_closure_difficulty_std=0.269693, arce_gamma_effective_beta=3.000000, arce_gamma_max=0.786628, arce_gamma_mean=0.173557, arce_gamma_min=0.052866, arce_gamma_mode=closure_quantile, arce_gamma_reassignment_l1_mean=0.041611, arce_gamma_std=0.100287, arce_sample_gamma_mean=0.173557, arce_sampled_teacher_overlap_mean=0.627722, arce_teacher_missing_mass_mean=0.206087, arce_teacher_missing_mass_std=0.111635
09/05/2026,06:38:40: Training...
09/05/2026,06:38:41: Evaluating...
09/05/2026,06:38:41: 	Train Loss: 3431415.7500 (base: 322.1978, kd: 6862.1865), Elapsed: train 2.40 test 0.26
09/05/2026,06:38:41: 	Recall@10: 0.06479 Recall@20: 0.09293 NDCG@10: 0.03939 NDCG@20: 0.04710 
09/05/2026,06:38:41: 	Recall@10: 0.02658 Recall@20: 0.04124 NDCG@10: 0.01480 NDCG@20: 0.01880 
09/05/2026,06:38:41: Epoch [66/1000]
09/05/2026,06:38:41: Negative sampling...
09/05/2026,06:38:43: Model's personal time...
09/05/2026,06:38:43: Model diagnostics: arce_anchor_count_mean=31.471354, arce_blocker_budget_mean=18.528645, arce_blocker_entropy_mean=4.927676, arce_closure_difficulty_mean=0.628604, arce_closure_difficulty_std=0.269068, arce_gamma_effective_beta=3.000000, arce_gamma_max=0.786628, arce_gamma_mean=0.172457, arce_gamma_min=0.052866, arce_gamma_mode=closure_quantile, arce_gamma_reassignment_l1_mean=0.041076, arce_gamma_std=0.099254, arce_sample_gamma_mean=0.172457, arce_sampled_teacher_overlap_mean=0.629427, arce_teacher_missing_mass_mean=0.204707, arce_teacher_missing_mass_std=0.110822
09/05/2026,06:38:43: Training...
09/05/2026,06:38:44: Evaluating...
09/05/2026,06:38:44: 	Train Loss: 3431328.0000 (base: 316.6089, kd: 6862.0229), Elapsed: train 2.43 test 0.26
09/05/2026,06:38:44: 	Recall@10: 0.06483 Recall@20: 0.09233 NDCG@10: 0.03965 NDCG@20: 0.04725 
09/05/2026,06:38:44: 	Recall@10: 0.02704 Recall@20: 0.04095 NDCG@10: 0.01489 NDCG@20: 0.01868 
09/05/2026,06:38:44: Epoch [67/1000]
09/05/2026,06:38:44: Negative sampling...
09/05/2026,06:38:45: Model's personal time...
09/05/2026,06:38:45: Model diagnostics: arce_anchor_count_mean=31.556236, arce_blocker_budget_mean=18.443764, arce_blocker_entropy_mean=4.925608, arce_closure_difficulty_mean=0.626236, arce_closure_difficulty_std=0.268986, arce_gamma_effective_beta=3.000000, arce_gamma_max=0.786628, arce_gamma_mean=0.171616, arce_gamma_min=0.052866, arce_gamma_mode=closure_quantile, arce_gamma_reassignment_l1_mean=0.040553, arce_gamma_std=0.098732, arce_sample_gamma_mean=0.171616, arce_sampled_teacher_overlap_mean=0.631125, arce_teacher_missing_mass_mean=0.203478, arce_teacher_missing_mass_std=0.110748
09/05/2026,06:38:45: Training...
09/05/2026,06:38:47: Evaluating...
09/05/2026,06:38:47: 	Train Loss: 3430962.2500 (base: 315.4615, kd: 6861.2935), Elapsed: train 2.50 test 0.27
09/05/2026,06:38:47: 	Recall@10: 0.06505 Recall@20: 0.09325 NDCG@10: 0.03956 NDCG@20: 0.04732 
09/05/2026,06:38:47: 	Recall@10: 0.02721 Recall@20: 0.04113 NDCG@10: 0.01499 NDCG@20: 0.01880 
09/05/2026,06:38:47: Epoch [68/1000]
09/05/2026,06:38:47: Negative sampling...
09/05/2026,06:38:48: Model's personal time...
09/05/2026,06:38:48: Model diagnostics: arce_anchor_count_mean=31.634413, arce_blocker_budget_mean=18.365587, arce_blocker_entropy_mean=4.923023, arce_closure_difficulty_mean=0.624109, arce_closure_difficulty_std=0.268378, arce_gamma_effective_beta=3.000000, arce_gamma_max=0.835270, arce_gamma_mean=0.170687, arce_gamma_min=0.052866, arce_gamma_mode=closure_quantile, arce_gamma_reassignment_l1_mean=0.040079, arce_gamma_std=0.098093, arce_sample_gamma_mean=0.170687, arce_sampled_teacher_overlap_mean=0.632688, arce_teacher_missing_mass_mean=0.202280, arce_teacher_missing_mass_std=0.110166
09/05/2026,06:38:48: Training...
09/05/2026,06:38:49: Evaluating...
09/05/2026,06:38:50: 	Train Loss: 3430897.0000 (base: 310.7516, kd: 6861.1729), Elapsed: train 2.45 test 0.28 *
09/05/2026,06:38:50: 	Recall@10: 0.06550 Recall@20: 0.09402 NDCG@10: 0.03980 NDCG@20: 0.04758 
09/05/2026,06:38:50: 	Recall@10: 0.02692 Recall@20: 0.04099 NDCG@10: 0.01502 NDCG@20: 0.01886 
09/05/2026,06:38:50: Epoch [69/1000]
09/05/2026,06:38:50: Negative sampling...
09/05/2026,06:38:51: Model's personal time...
09/05/2026,06:38:51: Model diagnostics: arce_anchor_count_mean=31.697451, arce_blocker_budget_mean=18.302547, arce_blocker_entropy_mean=4.920265, arce_closure_difficulty_mean=0.621812, arce_closure_difficulty_std=0.267925, arce_gamma_effective_beta=3.000000, arce_gamma_max=0.786628, arce_gamma_mean=0.170009, arce_gamma_min=0.052866, arce_gamma_mode=closure_quantile, arce_gamma_reassignment_l1_mean=0.039877, arce_gamma_std=0.097595, arce_sample_gamma_mean=0.170009, arce_sampled_teacher_overlap_mean=0.633949, arce_teacher_missing_mass_mean=0.201183, arce_teacher_missing_mass_std=0.109783
09/05/2026,06:38:51: Training...
09/05/2026,06:38:52: Evaluating...
09/05/2026,06:38:52: 	Train Loss: 3430656.5000 (base: 306.7858, kd: 6860.6997), Elapsed: train 2.52 test 0.26
09/05/2026,06:38:52: 	Recall@10: 0.06512 Recall@20: 0.09327 NDCG@10: 0.03974 NDCG@20: 0.04747 
09/05/2026,06:38:52: 	Recall@10: 0.02676 Recall@20: 0.04151 NDCG@10: 0.01485 NDCG@20: 0.01889 
09/05/2026,06:38:52: Epoch [70/1000]
09/05/2026,06:38:52: Negative sampling...
09/05/2026,06:38:54: Model's personal time...
09/05/2026,06:38:54: Model diagnostics: arce_anchor_count_mean=31.789614, arce_blocker_budget_mean=18.210384, arce_blocker_entropy_mean=4.917574, arce_closure_difficulty_mean=0.619213, arce_closure_difficulty_std=0.267505, arce_gamma_effective_beta=3.000000, arce_gamma_max=0.835270, arce_gamma_mean=0.168931, arce_gamma_min=0.052866, arce_gamma_mode=closure_quantile, arce_gamma_reassignment_l1_mean=0.039437, arce_gamma_std=0.096616, arce_sample_gamma_mean=0.168931, arce_sampled_teacher_overlap_mean=0.635792, arce_teacher_missing_mass_mean=0.199784, arce_teacher_missing_mass_std=0.109255
09/05/2026,06:38:54: Training...
09/05/2026,06:38:55: Evaluating...
09/05/2026,06:38:55: 	Train Loss: 3430899.2500 (base: 302.5818, kd: 6861.1929), Elapsed: train 2.45 test 0.27 *
09/05/2026,06:38:55: 	Recall@10: 0.06557 Recall@20: 0.09363 NDCG@10: 0.03997 NDCG@20: 0.04765 
09/05/2026,06:38:55: 	Recall@10: 0.02692 Recall@20: 0.04147 NDCG@10: 0.01496 NDCG@20: 0.01895 
09/05/2026,06:38:55: Epoch [71/1000]
09/05/2026,06:38:55: Negative sampling...
09/05/2026,06:38:56: Model's personal time...
09/05/2026,06:38:56: Model diagnostics: arce_anchor_count_mean=31.860510, arce_blocker_budget_mean=18.139490, arce_blocker_entropy_mean=4.915336, arce_closure_difficulty_mean=0.616872, arce_closure_difficulty_std=0.266653, arce_gamma_effective_beta=3.000000, arce_gamma_max=0.786628, arce_gamma_mean=0.168150, arce_gamma_min=0.052866, arce_gamma_mode=closure_quantile, arce_gamma_reassignment_l1_mean=0.039237, arce_gamma_std=0.096151, arce_sample_gamma_mean=0.168150, arce_sampled_teacher_overlap_mean=0.637210, arce_teacher_missing_mass_mean=0.198524, arce_teacher_missing_mass_std=0.108464
09/05/2026,06:38:56: Training...
09/05/2026,06:38:58: Evaluating...
09/05/2026,06:38:58: 	Train Loss: 3430500.2500 (base: 302.8677, kd: 6860.3945), Elapsed: train 2.59 test 0.33 *
09/05/2026,06:38:58: 	Recall@10: 0.06510 Recall@20: 0.09339 NDCG@10: 0.03994 NDCG@20: 0.04770 
09/05/2026,06:38:58: 	Recall@10: 0.02683 Recall@20: 0.04152 NDCG@10: 0.01487 NDCG@20: 0.01890 
09/05/2026,06:38:58: Epoch [72/1000]
09/05/2026,06:38:58: Negative sampling...
09/05/2026,06:38:59: Model's personal time...
09/05/2026,06:38:59: Model diagnostics: arce_anchor_count_mean=31.946350, arce_blocker_budget_mean=18.053650, arce_blocker_entropy_mean=4.912704, arce_closure_difficulty_mean=0.614404, arce_closure_difficulty_std=0.266199, arce_gamma_effective_beta=3.000000, arce_gamma_max=0.786628, arce_gamma_mean=0.167252, arce_gamma_min=0.052866, arce_gamma_mode=closure_quantile, arce_gamma_reassignment_l1_mean=0.039020, arce_gamma_std=0.095770, arce_sample_gamma_mean=0.167252, arce_sampled_teacher_overlap_mean=0.638927, arce_teacher_missing_mass_mean=0.197210, arce_teacher_missing_mass_std=0.107872
09/05/2026,06:38:59: Training...
09/05/2026,06:39:01: Evaluating...
09/05/2026,06:39:01: 	Train Loss: 3430491.2500 (base: 299.9999, kd: 6860.3823), Elapsed: train 2.70 test 0.28 *
09/05/2026,06:39:01: 	Recall@10: 0.06488 Recall@20: 0.09415 NDCG@10: 0.03999 NDCG@20: 0.04795 
09/05/2026,06:39:01: 	Recall@10: 0.02741 Recall@20: 0.04164 NDCG@10: 0.01508 NDCG@20: 0.01899 
09/05/2026,06:39:01: Epoch [73/1000]
09/05/2026,06:39:01: Negative sampling...
09/05/2026,06:39:02: Model's personal time...
09/05/2026,06:39:02: Model diagnostics: arce_anchor_count_mean=32.023758, arce_blocker_budget_mean=17.976240, arce_blocker_entropy_mean=4.909813, arce_closure_difficulty_mean=0.612131, arce_closure_difficulty_std=0.265793, arce_gamma_effective_beta=3.000000, arce_gamma_max=0.786628, arce_gamma_mean=0.166339, arce_gamma_min=0.052866, arce_gamma_mode=closure_quantile, arce_gamma_reassignment_l1_mean=0.038538, arce_gamma_std=0.094916, arce_sample_gamma_mean=0.166339, arce_sampled_teacher_overlap_mean=0.640475, arce_teacher_missing_mass_mean=0.195998, arce_teacher_missing_mass_std=0.107467
09/05/2026,06:39:02: Training...
09/05/2026,06:39:03: Evaluating...
09/05/2026,06:39:04: 	Train Loss: 3430523.0000 (base: 295.5431, kd: 6860.4551), Elapsed: train 2.48 test 0.29
09/05/2026,06:39:04: 	Recall@10: 0.06493 Recall@20: 0.09389 NDCG@10: 0.03998 NDCG@20: 0.04787 
09/05/2026,06:39:04: 	Recall@10: 0.02684 Recall@20: 0.04155 NDCG@10: 0.01496 NDCG@20: 0.01901 
09/05/2026,06:39:04: Epoch [74/1000]
09/05/2026,06:39:04: Negative sampling...
09/05/2026,06:39:05: Model's personal time...
09/05/2026,06:39:05: Model diagnostics: arce_anchor_count_mean=32.086224, arce_blocker_budget_mean=17.913776, arce_blocker_entropy_mean=4.907360, arce_closure_difficulty_mean=0.610087, arce_closure_difficulty_std=0.265402, arce_gamma_effective_beta=3.000000, arce_gamma_max=0.786628, arce_gamma_mean=0.165606, arce_gamma_min=0.052866, arce_gamma_mode=closure_quantile, arce_gamma_reassignment_l1_mean=0.038285, arce_gamma_std=0.094191, arce_sample_gamma_mean=0.165606, arce_sampled_teacher_overlap_mean=0.641724, arce_teacher_missing_mass_mean=0.194940, arce_teacher_missing_mass_std=0.106905
09/05/2026,06:39:05: Training...
09/05/2026,06:39:06: Evaluating...
09/05/2026,06:39:07: 	Train Loss: 3430546.2500 (base: 294.9579, kd: 6860.5024), Elapsed: train 2.53 test 0.27 *
09/05/2026,06:39:07: 	Recall@10: 0.06456 Recall@20: 0.09455 NDCG@10: 0.03981 NDCG@20: 0.04800 
09/05/2026,06:39:07: 	Recall@10: 0.02674 Recall@20: 0.04170 NDCG@10: 0.01492 NDCG@20: 0.01903 
09/05/2026,06:39:07: Epoch [75/1000]
09/05/2026,06:39:07: Negative sampling...
09/05/2026,06:39:08: Model's personal time...
09/05/2026,06:39:08: Model diagnostics: arce_anchor_count_mean=32.159801, arce_blocker_budget_mean=17.840199, arce_blocker_entropy_mean=4.905627, arce_closure_difficulty_mean=0.607870, arce_closure_difficulty_std=0.264679, arce_gamma_effective_beta=3.000000, arce_gamma_max=0.786628, arce_gamma_mean=0.164869, arce_gamma_min=0.052866, arce_gamma_mode=closure_quantile, arce_gamma_reassignment_l1_mean=0.037815, arce_gamma_std=0.093971, arce_sample_gamma_mean=0.164869, arce_sampled_teacher_overlap_mean=0.643196, arce_teacher_missing_mass_mean=0.193826, arce_teacher_missing_mass_std=0.106452
09/05/2026,06:39:08: Training...
09/05/2026,06:39:09: Evaluating...
09/05/2026,06:39:09: 	Train Loss: 3430647.7500 (base: 290.9169, kd: 6860.7134), Elapsed: train 2.54 test 0.26 *
09/05/2026,06:39:09: 	Recall@10: 0.06580 Recall@20: 0.09511 NDCG@10: 0.04033 NDCG@20: 0.04835 
09/05/2026,06:39:09: 	Recall@10: 0.02695 Recall@20: 0.04170 NDCG@10: 0.01502 NDCG@20: 0.01907 
09/05/2026,06:39:09: Epoch [76/1000]
09/05/2026,06:39:09: Negative sampling...
09/05/2026,06:39:11: Model's personal time...
09/05/2026,06:39:11: Model diagnostics: arce_anchor_count_mean=32.242001, arce_blocker_budget_mean=17.757999, arce_blocker_entropy_mean=4.902784, arce_closure_difficulty_mean=0.605428, arce_closure_difficulty_std=0.264170, arce_gamma_effective_beta=3.000000, arce_gamma_max=0.786628, arce_gamma_mean=0.163973, arce_gamma_min=0.052866, arce_gamma_mode=closure_quantile, arce_gamma_reassignment_l1_mean=0.037503, arce_gamma_std=0.093290, arce_sample_gamma_mean=0.163973, arce_sampled_teacher_overlap_mean=0.644840, arce_teacher_missing_mass_mean=0.192570, arce_teacher_missing_mass_std=0.105992
09/05/2026,06:39:11: Training...
09/05/2026,06:39:12: Evaluating...
09/05/2026,06:39:12: 	Train Loss: 3430576.2500 (base: 288.2962, kd: 6860.5752), Elapsed: train 2.48 test 0.27
09/05/2026,06:39:12: 	Recall@10: 0.06593 Recall@20: 0.09526 NDCG@10: 0.04037 NDCG@20: 0.04835 
09/05/2026,06:39:12: 	Recall@10: 0.02702 Recall@20: 0.04167 NDCG@10: 0.01501 NDCG@20: 0.01904 
09/05/2026,06:39:12: Epoch [77/1000]
09/05/2026,06:39:12: Negative sampling...
09/05/2026,06:39:13: Model's personal time...
09/05/2026,06:39:13: Model diagnostics: arce_anchor_count_mean=32.312702, arce_blocker_budget_mean=17.687296, arce_blocker_entropy_mean=4.900139, arce_closure_difficulty_mean=0.603435, arce_closure_difficulty_std=0.263631, arce_gamma_effective_beta=3.000000, arce_gamma_max=0.786628, arce_gamma_mean=0.163165, arce_gamma_min=0.052866, arce_gamma_mode=closure_quantile, arce_gamma_reassignment_l1_mean=0.037113, arce_gamma_std=0.092590, arce_sample_gamma_mean=0.163165, arce_sampled_teacher_overlap_mean=0.646254, arce_teacher_missing_mass_mean=0.191493, arce_teacher_missing_mass_std=0.105359
09/05/2026,06:39:13: Training...
09/05/2026,06:39:14: Evaluating...
09/05/2026,06:39:15: 	Train Loss: 3430556.2500 (base: 285.9823, kd: 6860.5405), Elapsed: train 2.40 test 0.26
09/05/2026,06:39:15: 	Recall@10: 0.06585 Recall@20: 0.09549 NDCG@10: 0.04020 NDCG@20: 0.04833 
09/05/2026,06:39:15: 	Recall@10: 0.02702 Recall@20: 0.04136 NDCG@10: 0.01504 NDCG@20: 0.01899 
09/05/2026,06:39:15: Epoch [78/1000]
09/05/2026,06:39:15: Negative sampling...
09/05/2026,06:39:16: Model's personal time...
09/05/2026,06:39:16: Model diagnostics: arce_anchor_count_mean=32.394135, arce_blocker_budget_mean=17.605864, arce_blocker_entropy_mean=4.897554, arce_closure_difficulty_mean=0.601086, arce_closure_difficulty_std=0.263103, arce_gamma_effective_beta=3.000000, arce_gamma_max=0.786628, arce_gamma_mean=0.162316, arce_gamma_min=0.052866, arce_gamma_mode=closure_quantile, arce_gamma_reassignment_l1_mean=0.036738, arce_gamma_std=0.092115, arce_sample_gamma_mean=0.162316, arce_sampled_teacher_overlap_mean=0.647883, arce_teacher_missing_mass_mean=0.190283, arce_teacher_missing_mass_std=0.104835
09/05/2026,06:39:16: Training...
09/05/2026,06:39:17: Evaluating...
09/05/2026,06:39:17: 	Train Loss: 3430736.0000 (base: 285.7451, kd: 6860.9004), Elapsed: train 2.38 test 0.27 *
09/05/2026,06:39:17: 	Recall@10: 0.06631 Recall@20: 0.09523 NDCG@10: 0.04053 NDCG@20: 0.04848 
09/05/2026,06:39:17: 	Recall@10: 0.02709 Recall@20: 0.04161 NDCG@10: 0.01504 NDCG@20: 0.01903 
09/05/2026,06:39:17: Epoch [79/1000]
09/05/2026,06:39:17: Negative sampling...
09/05/2026,06:39:19: Model's personal time...
09/05/2026,06:39:19: Model diagnostics: arce_anchor_count_mean=32.462730, arce_blocker_budget_mean=17.537268, arce_blocker_entropy_mean=4.895252, arce_closure_difficulty_mean=0.599174, arce_closure_difficulty_std=0.263167, arce_gamma_effective_beta=3.000000, arce_gamma_max=0.786628, arce_gamma_mean=0.161574, arce_gamma_min=0.052866, arce_gamma_mode=closure_quantile, arce_gamma_reassignment_l1_mean=0.036301, arce_gamma_std=0.091446, arce_sample_gamma_mean=0.161574, arce_sampled_teacher_overlap_mean=0.649255, arce_teacher_missing_mass_mean=0.189329, arce_teacher_missing_mass_std=0.104660
09/05/2026,06:39:19: Training...
09/05/2026,06:39:20: Evaluating...
09/05/2026,06:39:20: 	Train Loss: 3430924.2500 (base: 278.9724, kd: 6861.2905), Elapsed: train 2.43 test 0.28
09/05/2026,06:39:20: 	Recall@10: 0.06633 Recall@20: 0.09504 NDCG@10: 0.04042 NDCG@20: 0.04828 
09/05/2026,06:39:20: 	Recall@10: 0.02699 Recall@20: 0.04143 NDCG@10: 0.01509 NDCG@20: 0.01907 
09/05/2026,06:39:20: Epoch [80/1000]
09/05/2026,06:39:20: Negative sampling...
09/05/2026,06:39:22: Model's personal time...
09/05/2026,06:39:22: Model diagnostics: arce_anchor_count_mean=32.535736, arce_blocker_budget_mean=17.464266, arce_blocker_entropy_mean=4.893592, arce_closure_difficulty_mean=0.596652, arce_closure_difficulty_std=0.262562, arce_gamma_effective_beta=3.000000, arce_gamma_max=0.786628, arce_gamma_mean=0.160801, arce_gamma_min=0.052866, arce_gamma_mode=closure_quantile, arce_gamma_reassignment_l1_mean=0.035958, arce_gamma_std=0.090877, arce_sample_gamma_mean=0.160801, arce_sampled_teacher_overlap_mean=0.650715, arce_teacher_missing_mass_mean=0.188092, arce_teacher_missing_mass_std=0.104096
09/05/2026,06:39:22: Training...
09/05/2026,06:39:23: Evaluating...
09/05/2026,06:39:23: 	Train Loss: 3430964.5000 (base: 279.6657, kd: 6861.3696), Elapsed: train 2.53 test 0.26 *
09/05/2026,06:39:23: 	Recall@10: 0.06649 Recall@20: 0.09579 NDCG@10: 0.04070 NDCG@20: 0.04868 
09/05/2026,06:39:23: 	Recall@10: 0.02709 Recall@20: 0.04155 NDCG@10: 0.01512 NDCG@20: 0.01909 
09/05/2026,06:39:23: Epoch [81/1000]
09/05/2026,06:39:23: Negative sampling...
09/05/2026,06:39:24: Model's personal time...
09/05/2026,06:39:24: Model diagnostics: arce_anchor_count_mean=32.591877, arce_blocker_budget_mean=17.408123, arce_blocker_entropy_mean=4.891284, arce_closure_difficulty_mean=0.594561, arce_closure_difficulty_std=0.262137, arce_gamma_effective_beta=3.000000, arce_gamma_max=0.786628, arce_gamma_mean=0.160197, arce_gamma_min=0.052866, arce_gamma_mode=closure_quantile, arce_gamma_reassignment_l1_mean=0.035857, arce_gamma_std=0.090381, arce_sample_gamma_mean=0.160197, arce_sampled_teacher_overlap_mean=0.651837, arce_teacher_missing_mass_mean=0.187174, arce_teacher_missing_mass_std=0.103849
09/05/2026,06:39:24: Training...
09/05/2026,06:39:25: Evaluating...
09/05/2026,06:39:26: 	Train Loss: 3431301.7500 (base: 275.9969, kd: 6862.0522), Elapsed: train 2.49 test 0.26
09/05/2026,06:39:26: 	Recall@10: 0.06647 Recall@20: 0.09545 NDCG@10: 0.04045 NDCG@20: 0.04836 
09/05/2026,06:39:26: 	Recall@10: 0.02728 Recall@20: 0.04205 NDCG@10: 0.01507 NDCG@20: 0.01909 
09/05/2026,06:39:26: Epoch [82/1000]
09/05/2026,06:39:26: Negative sampling...
09/05/2026,06:39:27: Model's personal time...
09/05/2026,06:39:27: Model diagnostics: arce_anchor_count_mean=32.652039, arce_blocker_budget_mean=17.347960, arce_blocker_entropy_mean=4.888695, arce_closure_difficulty_mean=0.592670, arce_closure_difficulty_std=0.261746, arce_gamma_effective_beta=3.000000, arce_gamma_max=0.786628, arce_gamma_mean=0.159522, arce_gamma_min=0.052866, arce_gamma_mode=closure_quantile, arce_gamma_reassignment_l1_mean=0.035386, arce_gamma_std=0.089794, arce_sample_gamma_mean=0.159522, arce_sampled_teacher_overlap_mean=0.653041, arce_teacher_missing_mass_mean=0.186314, arce_teacher_missing_mass_std=0.103558
09/05/2026,06:39:27: Training...
09/05/2026,06:39:28: Evaluating...
09/05/2026,06:39:28: 	Train Loss: 3430857.0000 (base: 273.0993, kd: 6861.1670), Elapsed: train 2.41 test 0.26 *
09/05/2026,06:39:28: 	Recall@10: 0.06663 Recall@20: 0.09700 NDCG@10: 0.04076 NDCG@20: 0.04906 
09/05/2026,06:39:28: 	Recall@10: 0.02693 Recall@20: 0.04229 NDCG@10: 0.01501 NDCG@20: 0.01921 
09/05/2026,06:39:28: Epoch [83/1000]
09/05/2026,06:39:28: Negative sampling...
09/05/2026,06:39:30: Model's personal time...
09/05/2026,06:39:30: Model diagnostics: arce_anchor_count_mean=32.714695, arce_blocker_budget_mean=17.285303, arce_blocker_entropy_mean=4.887291, arce_closure_difficulty_mean=0.590669, arce_closure_difficulty_std=0.261146, arce_gamma_effective_beta=3.000000, arce_gamma_max=0.786628, arce_gamma_mean=0.158946, arce_gamma_min=0.052866, arce_gamma_mode=closure_quantile, arce_gamma_reassignment_l1_mean=0.035080, arce_gamma_std=0.089587, arce_sample_gamma_mean=0.158946, arce_sampled_teacher_overlap_mean=0.654294, arce_teacher_missing_mass_mean=0.185350, arce_teacher_missing_mass_std=0.103353
09/05/2026,06:39:30: Training...
09/05/2026,06:39:31: Evaluating...
09/05/2026,06:39:31: 	Train Loss: 3431007.2500 (base: 269.7973, kd: 6861.4751), Elapsed: train 2.39 test 0.26
09/05/2026,06:39:31: 	Recall@10: 0.06630 Recall@20: 0.09689 NDCG@10: 0.04054 NDCG@20: 0.04885 
09/05/2026,06:39:31: 	Recall@10: 0.02714 Recall@20: 0.04208 NDCG@10: 0.01508 NDCG@20: 0.01916 
09/05/2026,06:39:31: Epoch [84/1000]
09/05/2026,06:39:31: Negative sampling...
09/05/2026,06:39:32: Model's personal time...
09/05/2026,06:39:32: Model diagnostics: arce_anchor_count_mean=32.781376, arce_blocker_budget_mean=17.218624, arce_blocker_entropy_mean=4.884939, arce_closure_difficulty_mean=0.588537, arce_closure_difficulty_std=0.260886, arce_gamma_effective_beta=3.000000, arce_gamma_max=0.786628, arce_gamma_mean=0.158221, arce_gamma_min=0.052866, arce_gamma_mode=closure_quantile, arce_gamma_reassignment_l1_mean=0.034921, arce_gamma_std=0.089022, arce_sample_gamma_mean=0.158221, arce_sampled_teacher_overlap_mean=0.655627, arce_teacher_missing_mass_mean=0.184299, arce_teacher_missing_mass_std=0.102855
09/05/2026,06:39:32: Training...
09/05/2026,06:39:33: Evaluating...
09/05/2026,06:39:34: 	Train Loss: 3431458.5000 (base: 267.0117, kd: 6862.3838), Elapsed: train 2.44 test 0.26
09/05/2026,06:39:34: 	Recall@10: 0.06655 Recall@20: 0.09689 NDCG@10: 0.04057 NDCG@20: 0.04886 
09/05/2026,06:39:34: 	Recall@10: 0.02728 Recall@20: 0.04176 NDCG@10: 0.01509 NDCG@20: 0.01901 
09/05/2026,06:39:34: Epoch [85/1000]
09/05/2026,06:39:34: Negative sampling...
09/05/2026,06:39:35: Model's personal time...
09/05/2026,06:39:35: Model diagnostics: arce_anchor_count_mean=32.842499, arce_blocker_budget_mean=17.157501, arce_blocker_entropy_mean=4.883964, arce_closure_difficulty_mean=0.586662, arce_closure_difficulty_std=0.260015, arce_gamma_effective_beta=3.000000, arce_gamma_max=0.786628, arce_gamma_mean=0.157499, arce_gamma_min=0.052866, arce_gamma_mode=closure_quantile, arce_gamma_reassignment_l1_mean=0.034616, arce_gamma_std=0.088264, arce_sample_gamma_mean=0.157499, arce_sampled_teacher_overlap_mean=0.656850, arce_teacher_missing_mass_mean=0.183288, arce_teacher_missing_mass_std=0.102121
09/05/2026,06:39:35: Training...
09/05/2026,06:39:36: Evaluating...
09/05/2026,06:39:36: 	Train Loss: 3430969.5000 (base: 265.3590, kd: 6861.4082), Elapsed: train 2.48 test 0.27
09/05/2026,06:39:36: 	Recall@10: 0.06704 Recall@20: 0.09563 NDCG@10: 0.04060 NDCG@20: 0.04833 
09/05/2026,06:39:36: 	Recall@10: 0.02723 Recall@20: 0.04075 NDCG@10: 0.01517 NDCG@20: 0.01885 
09/05/2026,06:39:36: Epoch [86/1000]
09/05/2026,06:39:36: Negative sampling...
09/05/2026,06:39:38: Model's personal time...
09/05/2026,06:39:38: Model diagnostics: arce_anchor_count_mean=32.908604, arce_blocker_budget_mean=17.091396, arce_blocker_entropy_mean=4.880893, arce_closure_difficulty_mean=0.584479, arce_closure_difficulty_std=0.259396, arce_gamma_effective_beta=3.000000, arce_gamma_max=0.786628, arce_gamma_mean=0.156817, arce_gamma_min=0.052866, arce_gamma_mode=closure_quantile, arce_gamma_reassignment_l1_mean=0.034254, arce_gamma_std=0.087843, arce_sample_gamma_mean=0.156817, arce_sampled_teacher_overlap_mean=0.658172, arce_teacher_missing_mass_mean=0.182327, arce_teacher_missing_mass_std=0.101761
09/05/2026,06:39:38: Training...
09/05/2026,06:39:39: Evaluating...
09/05/2026,06:39:39: 	Train Loss: 3431087.2500 (base: 264.9264, kd: 6861.6455), Elapsed: train 2.48 test 0.27
09/05/2026,06:39:39: 	Recall@10: 0.06632 Recall@20: 0.09613 NDCG@10: 0.04060 NDCG@20: 0.04870 
09/05/2026,06:39:39: 	Recall@10: 0.02694 Recall@20: 0.04146 NDCG@10: 0.01503 NDCG@20: 0.01896 
09/05/2026,06:39:39: Epoch [87/1000]
09/05/2026,06:39:39: Negative sampling...
09/05/2026,06:39:41: Model's personal time...
09/05/2026,06:39:41: Model diagnostics: arce_anchor_count_mean=32.971642, arce_blocker_budget_mean=17.028358, arce_blocker_entropy_mean=4.879499, arce_closure_difficulty_mean=0.582368, arce_closure_difficulty_std=0.258928, arce_gamma_effective_beta=3.000000, arce_gamma_max=0.786628, arce_gamma_mean=0.156123, arce_gamma_min=0.052866, arce_gamma_mode=closure_quantile, arce_gamma_reassignment_l1_mean=0.034205, arce_gamma_std=0.087220, arce_sample_gamma_mean=0.156123, arce_sampled_teacher_overlap_mean=0.659433, arce_teacher_missing_mass_mean=0.181286, arce_teacher_missing_mass_std=0.101232
09/05/2026,06:39:41: Training...
09/05/2026,06:39:42: Evaluating...
09/05/2026,06:39:42: 	Train Loss: 3431731.5000 (base: 262.2311, kd: 6862.9385), Elapsed: train 2.55 test 0.27
09/05/2026,06:39:42: 	Recall@10: 0.06689 Recall@20: 0.09532 NDCG@10: 0.04048 NDCG@20: 0.04829 
09/05/2026,06:39:42: 	Recall@10: 0.02675 Recall@20: 0.04129 NDCG@10: 0.01489 NDCG@20: 0.01883 
09/05/2026,06:39:42: Epoch [88/1000]
09/05/2026,06:39:42: Negative sampling...
09/05/2026,06:39:43: Model's personal time...
09/05/2026,06:39:43: Model diagnostics: arce_anchor_count_mean=33.034298, arce_blocker_budget_mean=16.965702, arce_blocker_entropy_mean=4.877186, arce_closure_difficulty_mean=0.580188, arce_closure_difficulty_std=0.258122, arce_gamma_effective_beta=3.000000, arce_gamma_max=0.786628, arce_gamma_mean=0.155454, arce_gamma_min=0.052866, arce_gamma_mode=closure_quantile, arce_gamma_reassignment_l1_mean=0.033939, arce_gamma_std=0.086666, arce_sample_gamma_mean=0.155454, arce_sampled_teacher_overlap_mean=0.660686, arce_teacher_missing_mass_mean=0.180318, arce_teacher_missing_mass_std=0.100856
09/05/2026,06:39:43: Training...
09/05/2026,06:39:45: Evaluating...
09/05/2026,06:39:45: 	Train Loss: 3431646.0000 (base: 262.0672, kd: 6862.7676), Elapsed: train 2.61 test 0.27
09/05/2026,06:39:45: 	Recall@10: 0.06707 Recall@20: 0.09582 NDCG@10: 0.04067 NDCG@20: 0.04853 
09/05/2026,06:39:45: 	Recall@10: 0.02541 Recall@20: 0.04147 NDCG@10: 0.01458 NDCG@20: 0.01894 
09/05/2026,06:39:45: Epoch [89/1000]
09/05/2026,06:39:45: Negative sampling...
09/05/2026,06:39:46: Model's personal time...
09/05/2026,06:39:46: Model diagnostics: arce_anchor_count_mean=33.091778, arce_blocker_budget_mean=16.908220, arce_blocker_entropy_mean=4.875510, arce_closure_difficulty_mean=0.578526, arce_closure_difficulty_std=0.257825, arce_gamma_effective_beta=3.000000, arce_gamma_max=0.786628, arce_gamma_mean=0.154852, arce_gamma_min=0.052866, arce_gamma_mode=closure_quantile, arce_gamma_reassignment_l1_mean=0.033850, arce_gamma_std=0.086239, arce_sample_gamma_mean=0.154852, arce_sampled_teacher_overlap_mean=0.661836, arce_teacher_missing_mass_mean=0.179470, arce_teacher_missing_mass_std=0.100442
09/05/2026,06:39:46: Training...
09/05/2026,06:39:47: Evaluating...
09/05/2026,06:39:48: 	Train Loss: 3431969.2500 (base: 256.4276, kd: 6863.4248), Elapsed: train 2.49 test 0.32
09/05/2026,06:39:48: 	Recall@10: 0.06687 Recall@20: 0.09559 NDCG@10: 0.04062 NDCG@20: 0.04848 
09/05/2026,06:39:48: 	Recall@10: 0.02551 Recall@20: 0.04198 NDCG@10: 0.01459 NDCG@20: 0.01908 
09/05/2026,06:39:48: Epoch [90/1000]
09/05/2026,06:39:48: Negative sampling...
09/05/2026,06:39:49: Model's personal time...
09/05/2026,06:39:49: Model diagnostics: arce_anchor_count_mean=33.151752, arce_blocker_budget_mean=16.848248, arce_blocker_entropy_mean=4.873230, arce_closure_difficulty_mean=0.576463, arce_closure_difficulty_std=0.257345, arce_gamma_effective_beta=3.000000, arce_gamma_max=0.786628, arce_gamma_mean=0.154237, arce_gamma_min=0.052866, arce_gamma_mode=closure_quantile, arce_gamma_reassignment_l1_mean=0.033483, arce_gamma_std=0.085784, arce_sample_gamma_mean=0.154237, arce_sampled_teacher_overlap_mean=0.663035, arce_teacher_missing_mass_mean=0.178600, arce_teacher_missing_mass_std=0.100222
09/05/2026,06:39:49: Training...
09/05/2026,06:39:51: Evaluating...
09/05/2026,06:39:51: 	Train Loss: 3431578.0000 (base: 257.0847, kd: 6862.6416), Elapsed: train 2.88 test 0.26
09/05/2026,06:39:51: 	Recall@10: 0.06760 Recall@20: 0.09552 NDCG@10: 0.04077 NDCG@20: 0.04835 
09/05/2026,06:39:51: 	Recall@10: 0.02597 Recall@20: 0.04136 NDCG@10: 0.01484 NDCG@20: 0.01906 
09/05/2026,06:39:51: Epoch [91/1000]
09/05/2026,06:39:51: Negative sampling...
09/05/2026,06:39:52: Model's personal time...
09/05/2026,06:39:52: Model diagnostics: arce_anchor_count_mean=33.208660, arce_blocker_budget_mean=16.791340, arce_blocker_entropy_mean=4.871135, arce_closure_difficulty_mean=0.574680, arce_closure_difficulty_std=0.256739, arce_gamma_effective_beta=3.000000, arce_gamma_max=0.786628, arce_gamma_mean=0.153574, arce_gamma_min=0.052866, arce_gamma_mode=closure_quantile, arce_gamma_reassignment_l1_mean=0.033158, arce_gamma_std=0.085007, arce_sample_gamma_mean=0.153574, arce_sampled_teacher_overlap_mean=0.664173, arce_teacher_missing_mass_mean=0.177739, arce_teacher_missing_mass_std=0.099689
09/05/2026,06:39:52: Training...
09/05/2026,06:39:53: Evaluating...
09/05/2026,06:39:54: 	Train Loss: 3432144.2500 (base: 255.2927, kd: 6863.7773), Elapsed: train 2.49 test 0.26
09/05/2026,06:39:54: 	Recall@10: 0.06733 Recall@20: 0.09587 NDCG@10: 0.04057 NDCG@20: 0.04834 
09/05/2026,06:39:54: 	Recall@10: 0.02544 Recall@20: 0.04173 NDCG@10: 0.01472 NDCG@20: 0.01915 
09/05/2026,06:39:54: Epoch [92/1000]
09/05/2026,06:39:54: Negative sampling...
09/05/2026,06:39:55: Model's personal time...
09/05/2026,06:39:55: Model diagnostics: arce_anchor_count_mean=33.271507, arce_blocker_budget_mean=16.728493, arce_blocker_entropy_mean=4.868934, arce_closure_difficulty_mean=0.572768, arce_closure_difficulty_std=0.256576, arce_gamma_effective_beta=3.000000, arce_gamma_max=0.786628, arce_gamma_mean=0.152942, arce_gamma_min=0.052866, arce_gamma_mode=closure_quantile, arce_gamma_reassignment_l1_mean=0.033001, arce_gamma_std=0.084505, arce_sample_gamma_mean=0.152942, arce_sampled_teacher_overlap_mean=0.665430, arce_teacher_missing_mass_mean=0.176883, arce_teacher_missing_mass_std=0.099505
09/05/2026,06:39:55: Training...
09/05/2026,06:39:56: Evaluating...
09/05/2026,06:39:56: 	Train Loss: 3432005.7500 (base: 253.8742, kd: 6863.5039), Elapsed: train 2.47 test 0.26
09/05/2026,06:39:56: 	Recall@10: 0.06765 Recall@20: 0.09609 NDCG@10: 0.04054 NDCG@20: 0.04833 
09/05/2026,06:39:56: 	Recall@10: 0.02499 Recall@20: 0.04197 NDCG@10: 0.01461 NDCG@20: 0.01927 
09/05/2026,06:39:56: Epoch [93/1000]
09/05/2026,06:39:56: Negative sampling...
09/05/2026,06:39:58: Model's personal time...
09/05/2026,06:39:58: Model diagnostics: arce_anchor_count_mean=33.329182, arce_blocker_budget_mean=16.670818, arce_blocker_entropy_mean=4.866757, arce_closure_difficulty_mean=0.570975, arce_closure_difficulty_std=0.256259, arce_gamma_effective_beta=3.000000, arce_gamma_max=0.786628, arce_gamma_mean=0.152377, arce_gamma_min=0.052866, arce_gamma_mode=closure_quantile, arce_gamma_reassignment_l1_mean=0.032939, arce_gamma_std=0.084218, arce_sample_gamma_mean=0.152377, arce_sampled_teacher_overlap_mean=0.666584, arce_teacher_missing_mass_mean=0.176037, arce_teacher_missing_mass_std=0.099167
09/05/2026,06:39:58: Training...
09/05/2026,06:39:59: Evaluating...
09/05/2026,06:39:59: 	Train Loss: 3432233.7500 (base: 247.3682, kd: 6863.9727), Elapsed: train 2.47 test 0.28
09/05/2026,06:39:59: 	Recall@10: 0.06798 Recall@20: 0.09651 NDCG@10: 0.04049 NDCG@20: 0.04828 
09/05/2026,06:39:59: 	Recall@10: 0.02575 Recall@20: 0.04245 NDCG@10: 0.01483 NDCG@20: 0.01940 
09/05/2026,06:39:59: Epoch [94/1000]
09/05/2026,06:39:59: Negative sampling...
09/05/2026,06:40:00: Model's personal time...
09/05/2026,06:40:01: Model diagnostics: arce_anchor_count_mean=33.379192, arce_blocker_budget_mean=16.620808, arce_blocker_entropy_mean=4.863607, arce_closure_difficulty_mean=0.569242, arce_closure_difficulty_std=0.255721, arce_gamma_effective_beta=3.000000, arce_gamma_max=0.786628, arce_gamma_mean=0.151838, arce_gamma_min=0.052866, arce_gamma_mode=closure_quantile, arce_gamma_reassignment_l1_mean=0.032617, arce_gamma_std=0.083747, arce_sample_gamma_mean=0.151838, arce_sampled_teacher_overlap_mean=0.667584, arce_teacher_missing_mass_mean=0.175278, arce_teacher_missing_mass_std=0.098911
09/05/2026,06:40:01: Training...
09/05/2026,06:40:02: Evaluating...
09/05/2026,06:40:02: 	Train Loss: 3432645.5000 (base: 249.4707, kd: 6864.7920), Elapsed: train 2.58 test 0.30
09/05/2026,06:40:02: 	Recall@10: 0.06759 Recall@20: 0.09567 NDCG@10: 0.04040 NDCG@20: 0.04815 
09/05/2026,06:40:02: 	Recall@10: 0.02569 Recall@20: 0.04194 NDCG@10: 0.01476 NDCG@20: 0.01918 
09/05/2026,06:40:02: Epoch [95/1000]
09/05/2026,06:40:02: Negative sampling...
09/05/2026,06:40:03: Model's personal time...
09/05/2026,06:40:03: Model diagnostics: arce_anchor_count_mean=33.440315, arce_blocker_budget_mean=16.559685, arce_blocker_entropy_mean=4.862092, arce_closure_difficulty_mean=0.567817, arce_closure_difficulty_std=0.255365, arce_gamma_effective_beta=3.000000, arce_gamma_max=0.786628, arce_gamma_mean=0.151166, arce_gamma_min=0.052866, arce_gamma_mode=closure_quantile, arce_gamma_reassignment_l1_mean=0.032285, arce_gamma_std=0.083137, arce_sample_gamma_mean=0.151166, arce_sampled_teacher_overlap_mean=0.668806, arce_teacher_missing_mass_mean=0.174570, arce_teacher_missing_mass_std=0.098558
09/05/2026,06:40:03: Training...
09/05/2026,06:40:04: Evaluating...
09/05/2026,06:40:05: 	Train Loss: 3432563.5000 (base: 244.9695, kd: 6864.6372), Elapsed: train 2.55 test 0.28
09/05/2026,06:40:05: 	Recall@10: 0.06735 Recall@20: 0.09565 NDCG@10: 0.04053 NDCG@20: 0.04830 
09/05/2026,06:40:05: 	Recall@10: 0.02613 Recall@20: 0.04248 NDCG@10: 0.01491 NDCG@20: 0.01937 
09/05/2026,06:40:05: Epoch [96/1000]
09/05/2026,06:40:05: Negative sampling...
09/05/2026,06:40:06: Model's personal time...
09/05/2026,06:40:06: Model diagnostics: arce_anchor_count_mean=33.490517, arce_blocker_budget_mean=16.509485, arce_blocker_entropy_mean=4.860043, arce_closure_difficulty_mean=0.565913, arce_closure_difficulty_std=0.254890, arce_gamma_effective_beta=3.000000, arce_gamma_max=0.786628, arce_gamma_mean=0.150648, arce_gamma_min=0.052866, arce_gamma_mode=closure_quantile, arce_gamma_reassignment_l1_mean=0.032095, arce_gamma_std=0.082695, arce_sample_gamma_mean=0.150648, arce_sampled_teacher_overlap_mean=0.669810, arce_teacher_missing_mass_mean=0.173779, arce_teacher_missing_mass_std=0.098381
09/05/2026,06:40:06: Training...
09/05/2026,06:40:07: Evaluating...
09/05/2026,06:40:08: 	Train Loss: 3432824.0000 (base: 244.6348, kd: 6865.1592), Elapsed: train 2.51 test 0.26
09/05/2026,06:40:08: 	Recall@10: 0.06816 Recall@20: 0.09628 NDCG@10: 0.04074 NDCG@20: 0.04849 
09/05/2026,06:40:08: 	Recall@10: 0.02576 Recall@20: 0.04184 NDCG@10: 0.01493 NDCG@20: 0.01930 
09/05/2026,06:40:08: Epoch [97/1000]
09/05/2026,06:40:08: Negative sampling...
09/05/2026,06:40:09: Model's personal time...
09/05/2026,06:40:09: Model diagnostics: arce_anchor_count_mean=33.543781, arce_blocker_budget_mean=16.456217, arce_blocker_entropy_mean=4.857628, arce_closure_difficulty_mean=0.564071, arce_closure_difficulty_std=0.254388, arce_gamma_effective_beta=3.000000, arce_gamma_max=0.786628, arce_gamma_mean=0.150034, arce_gamma_min=0.052866, arce_gamma_mode=closure_quantile, arce_gamma_reassignment_l1_mean=0.031684, arce_gamma_std=0.082025, arce_sample_gamma_mean=0.150034, arce_sampled_teacher_overlap_mean=0.670876, arce_teacher_missing_mass_mean=0.172954, arce_teacher_missing_mass_std=0.097893
09/05/2026,06:40:09: Training...
09/05/2026,06:40:10: Evaluating...
09/05/2026,06:40:10: 	Train Loss: 3433505.2500 (base: 241.9280, kd: 6866.5269), Elapsed: train 2.36 test 0.26
09/05/2026,06:40:10: 	Recall@10: 0.06805 Recall@20: 0.09684 NDCG@10: 0.04074 NDCG@20: 0.04860 
09/05/2026,06:40:10: 	Recall@10: 0.02595 Recall@20: 0.04246 NDCG@10: 0.01475 NDCG@20: 0.01921 
09/05/2026,06:40:10: Epoch [98/1000]
09/05/2026,06:40:10: Negative sampling...
09/05/2026,06:40:12: Model's personal time...
09/05/2026,06:40:12: Model diagnostics: arce_anchor_count_mean=33.607395, arce_blocker_budget_mean=16.392603, arce_blocker_entropy_mean=4.856097, arce_closure_difficulty_mean=0.561902, arce_closure_difficulty_std=0.254027, arce_gamma_effective_beta=3.000000, arce_gamma_max=0.786628, arce_gamma_mean=0.149386, arce_gamma_min=0.052866, arce_gamma_mode=closure_quantile, arce_gamma_reassignment_l1_mean=0.031524, arce_gamma_std=0.081553, arce_sample_gamma_mean=0.149386, arce_sampled_teacher_overlap_mean=0.672148, arce_teacher_missing_mass_mean=0.171951, arce_teacher_missing_mass_std=0.097498
09/05/2026,06:40:12: Training...
09/05/2026,06:40:13: Evaluating...
09/05/2026,06:40:13: 	Train Loss: 3433432.7500 (base: 242.6792, kd: 6866.3799), Elapsed: train 2.60 test 0.30
09/05/2026,06:40:13: 	Recall@10: 0.06700 Recall@20: 0.09696 NDCG@10: 0.04038 NDCG@20: 0.04860 
09/05/2026,06:40:13: 	Recall@10: 0.02625 Recall@20: 0.04241 NDCG@10: 0.01486 NDCG@20: 0.01921 
09/05/2026,06:40:13: Epoch [99/1000]
09/05/2026,06:40:13: Negative sampling...
09/05/2026,06:40:14: Model's personal time...
09/05/2026,06:40:14: Model diagnostics: arce_anchor_count_mean=33.663536, arce_blocker_budget_mean=16.336462, arce_blocker_entropy_mean=4.854497, arce_closure_difficulty_mean=0.560073, arce_closure_difficulty_std=0.253534, arce_gamma_effective_beta=3.000000, arce_gamma_max=0.786628, arce_gamma_mean=0.148765, arce_gamma_min=0.052866, arce_gamma_mode=closure_quantile, arce_gamma_reassignment_l1_mean=0.030986, arce_gamma_std=0.080873, arce_sample_gamma_mean=0.148765, arce_sampled_teacher_overlap_mean=0.673271, arce_teacher_missing_mass_mean=0.171147, arce_teacher_missing_mass_std=0.097189
09/05/2026,06:40:14: Training...
09/05/2026,06:40:16: Evaluating...
09/05/2026,06:40:16: 	Train Loss: 3433183.5000 (base: 237.8534, kd: 6865.8921), Elapsed: train 2.60 test 0.34
09/05/2026,06:40:16: 	Recall@10: 0.06744 Recall@20: 0.09640 NDCG@10: 0.04043 NDCG@20: 0.04826 
09/05/2026,06:40:16: 	Recall@10: 0.02576 Recall@20: 0.04216 NDCG@10: 0.01478 NDCG@20: 0.01922 
09/05/2026,06:40:16: Epoch [100/1000]
09/05/2026,06:40:16: Negative sampling...
09/05/2026,06:40:17: Model's personal time...
09/05/2026,06:40:17: Model diagnostics: arce_anchor_count_mean=33.709332, arce_blocker_budget_mean=16.290668, arce_blocker_entropy_mean=4.851744, arce_closure_difficulty_mean=0.558371, arce_closure_difficulty_std=0.253103, arce_gamma_effective_beta=3.000000, arce_gamma_max=0.786628, arce_gamma_mean=0.148305, arce_gamma_min=0.052866, arce_gamma_mode=closure_quantile, arce_gamma_reassignment_l1_mean=0.030798, arce_gamma_std=0.080536, arce_sample_gamma_mean=0.148305, arce_sampled_teacher_overlap_mean=0.674187, arce_teacher_missing_mass_mean=0.170445, arce_teacher_missing_mass_std=0.096989
09/05/2026,06:40:17: Training...
09/05/2026,06:40:19: Evaluating...
09/05/2026,06:40:19: 	Train Loss: 3433143.0000 (base: 235.7941, kd: 6865.8149), Elapsed: train 2.56 test 0.30
09/05/2026,06:40:19: 	Recall@10: 0.06786 Recall@20: 0.09633 NDCG@10: 0.04070 NDCG@20: 0.04846 
09/05/2026,06:40:19: 	Recall@10: 0.02632 Recall@20: 0.04160 NDCG@10: 0.01487 NDCG@20: 0.01902 
09/05/2026,06:40:19: Epoch [101/1000]
09/05/2026,06:40:19: Negative sampling...
09/05/2026,06:40:20: Model's personal time...
09/05/2026,06:40:20: Model diagnostics: arce_anchor_count_mean=33.767963, arce_blocker_budget_mean=16.232037, arce_blocker_entropy_mean=4.850351, arce_closure_difficulty_mean=0.556618, arce_closure_difficulty_std=0.252921, arce_gamma_effective_beta=3.000000, arce_gamma_max=0.786628, arce_gamma_mean=0.147704, arce_gamma_min=0.052866, arce_gamma_mode=closure_quantile, arce_gamma_reassignment_l1_mean=0.030676, arce_gamma_std=0.079987, arce_sample_gamma_mean=0.147704, arce_sampled_teacher_overlap_mean=0.675359, arce_teacher_missing_mass_mean=0.169666, arce_teacher_missing_mass_std=0.096711
09/05/2026,06:40:20: Training...
09/05/2026,06:40:21: Evaluating...
09/05/2026,06:40:22: 	Train Loss: 3433591.5000 (base: 232.3173, kd: 6866.7178), Elapsed: train 2.59 test 0.29
09/05/2026,06:40:22: 	Recall@10: 0.06758 Recall@20: 0.09688 NDCG@10: 0.04057 NDCG@20: 0.04851 
09/05/2026,06:40:22: 	Recall@10: 0.02577 Recall@20: 0.04231 NDCG@10: 0.01486 NDCG@20: 0.01931 
09/05/2026,06:40:22: Epoch [102/1000]
09/05/2026,06:40:22: Negative sampling...
09/05/2026,06:40:23: Model's personal time...
09/05/2026,06:40:23: Model diagnostics: arce_anchor_count_mean=33.806858, arce_blocker_budget_mean=16.193140, arce_blocker_entropy_mean=4.848017, arce_closure_difficulty_mean=0.555147, arce_closure_difficulty_std=0.252506, arce_gamma_effective_beta=3.000000, arce_gamma_max=0.786628, arce_gamma_mean=0.147246, arce_gamma_min=0.052866, arce_gamma_mode=closure_quantile, arce_gamma_reassignment_l1_mean=0.030400, arce_gamma_std=0.079394, arce_sample_gamma_mean=0.147246, arce_sampled_teacher_overlap_mean=0.676137, arce_teacher_missing_mass_mean=0.169030, arce_teacher_missing_mass_std=0.096373
09/05/2026,06:40:23: Training...
09/05/2026,06:40:24: Evaluating...
09/05/2026,06:40:25: 	Train Loss: 3433020.7500 (base: 233.4578, kd: 6865.5752), Elapsed: train 2.55 test 0.27
09/05/2026,06:40:25: 	Recall@10: 0.06718 Recall@20: 0.09698 NDCG@10: 0.04041 NDCG@20: 0.04850 
09/05/2026,06:40:25: 	Recall@10: 0.02598 Recall@20: 0.04258 NDCG@10: 0.01484 NDCG@20: 0.01934 
09/05/2026,06:40:25: Epoch [103/1000]
09/05/2026,06:40:25: Negative sampling...
09/05/2026,06:40:26: Model's personal time...
09/05/2026,06:40:26: Model diagnostics: arce_anchor_count_mean=33.866257, arce_blocker_budget_mean=16.133741, arce_blocker_entropy_mean=4.846907, arce_closure_difficulty_mean=0.553323, arce_closure_difficulty_std=0.252270, arce_gamma_effective_beta=3.000000, arce_gamma_max=0.786628, arce_gamma_mean=0.146661, arce_gamma_min=0.052866, arce_gamma_mode=closure_quantile, arce_gamma_reassignment_l1_mean=0.030322, arce_gamma_std=0.078946, arce_sample_gamma_mean=0.146661, arce_sampled_teacher_overlap_mean=0.677325, arce_teacher_missing_mass_mean=0.168172, arce_teacher_missing_mass_std=0.096026
09/05/2026,06:40:26: Training...
09/05/2026,06:40:27: Evaluating...
09/05/2026,06:40:27: 	Train Loss: 3433798.5000 (base: 233.9640, kd: 6867.1299), Elapsed: train 2.48 test 0.31
09/05/2026,06:40:27: 	Recall@10: 0.06733 Recall@20: 0.09787 NDCG@10: 0.04057 NDCG@20: 0.04885 
09/05/2026,06:40:27: 	Recall@10: 0.02635 Recall@20: 0.04275 NDCG@10: 0.01502 NDCG@20: 0.01946 
09/05/2026,06:40:27: Epoch [104/1000]
09/05/2026,06:40:27: Negative sampling...
09/05/2026,06:40:29: Model's personal time...
09/05/2026,06:40:29: Model diagnostics: arce_anchor_count_mean=33.918949, arce_blocker_budget_mean=16.081049, arce_blocker_entropy_mean=4.844769, arce_closure_difficulty_mean=0.551818, arce_closure_difficulty_std=0.251674, arce_gamma_effective_beta=3.000000, arce_gamma_max=0.786628, arce_gamma_mean=0.146111, arce_gamma_min=0.052866, arce_gamma_mode=closure_quantile, arce_gamma_reassignment_l1_mean=0.030007, arce_gamma_std=0.078421, arce_sample_gamma_mean=0.146111, arce_sampled_teacher_overlap_mean=0.678379, arce_teacher_missing_mass_mean=0.167505, arce_teacher_missing_mass_std=0.095790
09/05/2026,06:40:29: Training...
09/05/2026,06:40:30: Evaluating...
09/05/2026,06:40:30: 	Train Loss: 3434340.7500 (base: 232.6492, kd: 6868.2168), Elapsed: train 2.62 test 0.26
09/05/2026,06:40:30: 	Recall@10: 0.06748 Recall@20: 0.09647 NDCG@10: 0.04034 NDCG@20: 0.04830 
09/05/2026,06:40:30: 	Recall@10: 0.02574 Recall@20: 0.04294 NDCG@10: 0.01473 NDCG@20: 0.01937 
09/05/2026,06:40:30: Epoch [105/1000]
09/05/2026,06:40:30: Negative sampling...
09/05/2026,06:40:32: Model's personal time...
09/05/2026,06:40:32: Model diagnostics: arce_anchor_count_mean=33.960144, arce_blocker_budget_mean=16.039854, arce_blocker_entropy_mean=4.842444, arce_closure_difficulty_mean=0.550214, arce_closure_difficulty_std=0.251377, arce_gamma_effective_beta=3.000000, arce_gamma_max=0.786628, arce_gamma_mean=0.145722, arce_gamma_min=0.052866, arce_gamma_mode=closure_quantile, arce_gamma_reassignment_l1_mean=0.029914, arce_gamma_std=0.078137, arce_sample_gamma_mean=0.145722, arce_sampled_teacher_overlap_mean=0.679203, arce_teacher_missing_mass_mean=0.166923, arce_teacher_missing_mass_std=0.095644
09/05/2026,06:40:32: Training...
09/05/2026,06:40:33: Evaluating...
09/05/2026,06:40:33: 	Train Loss: 3434193.5000 (base: 230.4338, kd: 6867.9258), Elapsed: train 2.39 test 0.27
09/05/2026,06:40:33: 	Recall@10: 0.06833 Recall@20: 0.09743 NDCG@10: 0.04064 NDCG@20: 0.04861 
09/05/2026,06:40:33: 	Recall@10: 0.02606 Recall@20: 0.04289 NDCG@10: 0.01487 NDCG@20: 0.01944 
09/05/2026,06:40:33: Epoch [106/1000]
09/05/2026,06:40:33: Negative sampling...
09/05/2026,06:40:34: Model's personal time...
09/05/2026,06:40:34: Model diagnostics: arce_anchor_count_mean=34.011303, arce_blocker_budget_mean=15.988695, arce_blocker_entropy_mean=4.839363, arce_closure_difficulty_mean=0.548714, arce_closure_difficulty_std=0.250894, arce_gamma_effective_beta=3.000000, arce_gamma_max=0.786628, arce_gamma_mean=0.145200, arce_gamma_min=0.052866, arce_gamma_mode=closure_quantile, arce_gamma_reassignment_l1_mean=0.029783, arce_gamma_std=0.077725, arce_sample_gamma_mean=0.145200, arce_sampled_teacher_overlap_mean=0.680226, arce_teacher_missing_mass_mean=0.166226, arce_teacher_missing_mass_std=0.095325
09/05/2026,06:40:34: Training...
09/05/2026,06:40:36: Evaluating...
09/05/2026,06:40:36: 	Train Loss: 3434368.2500 (base: 225.7598, kd: 6868.2852), Elapsed: train 2.75 test 0.28
09/05/2026,06:40:36: 	Recall@10: 0.06705 Recall@20: 0.09715 NDCG@10: 0.04030 NDCG@20: 0.04859 
09/05/2026,06:40:36: 	Recall@10: 0.02635 Recall@20: 0.04284 NDCG@10: 0.01487 NDCG@20: 0.01933 
09/05/2026,06:40:36: Epoch [107/1000]
09/05/2026,06:40:36: Negative sampling...
09/05/2026,06:40:37: Model's personal time...
09/05/2026,06:40:37: Model diagnostics: arce_anchor_count_mean=34.058441, arce_blocker_budget_mean=15.941560, arce_blocker_entropy_mean=4.838556, arce_closure_difficulty_mean=0.547460, arce_closure_difficulty_std=0.250700, arce_gamma_effective_beta=3.000000, arce_gamma_max=0.786628, arce_gamma_mean=0.144741, arce_gamma_min=0.049787, arce_gamma_mode=closure_quantile, arce_gamma_reassignment_l1_mean=0.029577, arce_gamma_std=0.077301, arce_sample_gamma_mean=0.144741, arce_sampled_teacher_overlap_mean=0.681169, arce_teacher_missing_mass_mean=0.165701, arce_teacher_missing_mass_std=0.095272
09/05/2026,06:40:37: Training...
09/05/2026,06:40:39: Evaluating...
09/05/2026,06:40:39: 	Train Loss: 3435038.2500 (base: 225.0565, kd: 6869.6270), Elapsed: train 2.60 test 0.29
09/05/2026,06:40:39: 	Recall@10: 0.06644 Recall@20: 0.09685 NDCG@10: 0.04005 NDCG@20: 0.04837 
09/05/2026,06:40:39: 	Recall@10: 0.02652 Recall@20: 0.04255 NDCG@10: 0.01498 NDCG@20: 0.01933 
09/05/2026,06:40:39: Epoch [108/1000]
09/05/2026,06:40:39: Negative sampling...
09/05/2026,06:40:40: Model's personal time...
09/05/2026,06:40:40: Model diagnostics: arce_anchor_count_mean=34.104233, arce_blocker_budget_mean=15.895765, arce_blocker_entropy_mean=4.836417, arce_closure_difficulty_mean=0.545881, arce_closure_difficulty_std=0.250044, arce_gamma_effective_beta=3.000000, arce_gamma_max=0.786628, arce_gamma_mean=0.144244, arce_gamma_min=0.052866, arce_gamma_mode=closure_quantile, arce_gamma_reassignment_l1_mean=0.029500, arce_gamma_std=0.076709, arce_sample_gamma_mean=0.144244, arce_sampled_teacher_overlap_mean=0.682085, arce_teacher_missing_mass_mean=0.164951, arce_teacher_missing_mass_std=0.094792
09/05/2026,06:40:40: Training...
09/05/2026,06:40:41: Evaluating...
09/05/2026,06:40:42: 	Train Loss: 3434771.5000 (base: 227.1454, kd: 6869.0894), Elapsed: train 2.58 test 0.26
09/05/2026,06:40:42: 	Recall@10: 0.06762 Recall@20: 0.09677 NDCG@10: 0.04042 NDCG@20: 0.04840 
09/05/2026,06:40:42: 	Recall@10: 0.02629 Recall@20: 0.04272 NDCG@10: 0.01483 NDCG@20: 0.01927 
09/05/2026,06:40:42: Epoch [109/1000]
09/05/2026,06:40:42: Negative sampling...
09/05/2026,06:40:43: Model's personal time...
09/05/2026,06:40:43: Model diagnostics: arce_anchor_count_mean=34.155777, arce_blocker_budget_mean=15.844223, arce_blocker_entropy_mean=4.835687, arce_closure_difficulty_mean=0.544294, arce_closure_difficulty_std=0.249688, arce_gamma_effective_beta=3.000000, arce_gamma_max=0.786628, arce_gamma_mean=0.143692, arce_gamma_min=0.049787, arce_gamma_mode=closure_quantile, arce_gamma_reassignment_l1_mean=0.029335, arce_gamma_std=0.076178, arce_sample_gamma_mean=0.143692, arce_sampled_teacher_overlap_mean=0.683116, arce_teacher_missing_mass_mean=0.164238, arce_teacher_missing_mass_std=0.094383
09/05/2026,06:40:43: Training...
09/05/2026,06:40:44: Evaluating...
09/05/2026,06:40:44: 	Train Loss: 3435314.7500 (base: 223.0332, kd: 6870.1841), Elapsed: train 2.53 test 0.26
09/05/2026,06:40:44: 	Recall@10: 0.06744 Recall@20: 0.09751 NDCG@10: 0.04049 NDCG@20: 0.04867 
09/05/2026,06:40:44: 	Recall@10: 0.02651 Recall@20: 0.04236 NDCG@10: 0.01481 NDCG@20: 0.01913 
09/05/2026,06:40:44: Epoch [110/1000]
09/05/2026,06:40:44: Negative sampling...
09/05/2026,06:40:46: Model's personal time...
09/05/2026,06:40:46: Model diagnostics: arce_anchor_count_mean=34.207703, arce_blocker_budget_mean=15.792297, arce_blocker_entropy_mean=4.832954, arce_closure_difficulty_mean=0.542836, arce_closure_difficulty_std=0.249428, arce_gamma_effective_beta=3.000000, arce_gamma_max=0.786628, arce_gamma_mean=0.143189, arce_gamma_min=0.052866, arce_gamma_mode=closure_quantile, arce_gamma_reassignment_l1_mean=0.029176, arce_gamma_std=0.075742, arce_sample_gamma_mean=0.143189, arce_sampled_teacher_overlap_mean=0.684154, arce_teacher_missing_mass_mean=0.163596, arce_teacher_missing_mass_std=0.094232
09/05/2026,06:40:46: Training...
09/05/2026,06:40:47: Evaluating...
09/05/2026,06:40:47: 	Train Loss: 3435347.5000 (base: 225.8650, kd: 6870.2437), Elapsed: train 2.52 test 0.26
09/05/2026,06:40:47: 	Recall@10: 0.06687 Recall@20: 0.09733 NDCG@10: 0.04037 NDCG@20: 0.04868 
09/05/2026,06:40:47: 	Recall@10: 0.02632 Recall@20: 0.04264 NDCG@10: 0.01480 NDCG@20: 0.01922 
09/05/2026,06:40:47: Epoch [111/1000]
09/05/2026,06:40:47: Negative sampling...
09/05/2026,06:40:49: Model's personal time...
09/05/2026,06:40:49: Model diagnostics: arce_anchor_count_mean=34.247749, arce_blocker_budget_mean=15.752252, arce_blocker_entropy_mean=4.830993, arce_closure_difficulty_mean=0.541228, arce_closure_difficulty_std=0.249032, arce_gamma_effective_beta=3.000000, arce_gamma_max=0.786628, arce_gamma_mean=0.142832, arce_gamma_min=0.052866, arce_gamma_mode=closure_quantile, arce_gamma_reassignment_l1_mean=0.029025, arce_gamma_std=0.075548, arce_sample_gamma_mean=0.142832, arce_sampled_teacher_overlap_mean=0.684955, arce_teacher_missing_mass_mean=0.162968, arce_teacher_missing_mass_std=0.094052
09/05/2026,06:40:49: Training...
09/05/2026,06:40:50: Evaluating...
09/05/2026,06:40:50: 	Train Loss: 3435506.7500 (base: 219.8742, kd: 6870.5737), Elapsed: train 2.50 test 0.29
09/05/2026,06:40:50: 	Recall@10: 0.06712 Recall@20: 0.09701 NDCG@10: 0.04041 NDCG@20: 0.04856 
09/05/2026,06:40:50: 	Recall@10: 0.02699 Recall@20: 0.04269 NDCG@10: 0.01508 NDCG@20: 0.01934 
09/05/2026,06:40:50: Epoch [112/1000]
09/05/2026,06:40:50: Negative sampling...
09/05/2026,06:40:51: Model's personal time...
09/05/2026,06:40:51: Model diagnostics: arce_anchor_count_mean=34.289902, arce_blocker_budget_mean=15.710097, arce_blocker_entropy_mean=4.829102, arce_closure_difficulty_mean=0.539921, arce_closure_difficulty_std=0.248771, arce_gamma_effective_beta=3.000000, arce_gamma_max=0.786628, arce_gamma_mean=0.142343, arce_gamma_min=0.052866, arce_gamma_mode=closure_quantile, arce_gamma_reassignment_l1_mean=0.028748, arce_gamma_std=0.074823, arce_sample_gamma_mean=0.142343, arce_sampled_teacher_overlap_mean=0.685798, arce_teacher_missing_mass_mean=0.162425, arce_teacher_missing_mass_std=0.093799
09/05/2026,06:40:51: Training...
09/05/2026,06:40:53: Evaluating...
09/05/2026,06:40:53: 	Train Loss: 3436035.2500 (base: 221.5397, kd: 6871.6279), Elapsed: train 2.66 test 0.27
09/05/2026,06:40:53: 	Recall@10: 0.06676 Recall@20: 0.09726 NDCG@10: 0.04040 NDCG@20: 0.04871 
09/05/2026,06:40:53: 	Recall@10: 0.02619 Recall@20: 0.04240 NDCG@10: 0.01477 NDCG@20: 0.01920 
09/05/2026,06:40:53: ------------------------------
09/05/2026,06:40:53: valid Recall@10: 0.06663 Recall@20: 0.09700 NDCG@10: 0.04076 NDCG@20: 0.04906
09/05/2026,06:40:53: test Recall@10: 0.02693 Recall@20: 0.04229 NDCG@10: 0.01501 NDCG@20: 0.01921
