----------------------------------------TEACHER----------------------------------------
init_std                                 0.01
embedding_dim                            400
----------------------------------------TEACHER----------------------------------------
----------------------------------------STUDENT----------------------------------------
init_std                                 0.01
embedding_dim                            20
----------------------------------------STUDENT----------------------------------------
----------------------------------------ARGUMENTS----------------------------------------
run_all                                  False
seed                                     0
gpu_id                                   0
no_log                                   False
no_save                                  False
suffix                                   anchor_marginal_topl_es20
verbose                                  False
ablation                                 False
task                                     rec
dataset                                  citeulike
batch_size                               2048
num_ns                                   1
neg_sampling_on_all                      False
T_backbone                               bpr
S_backbone                               bpr
model                                    arcekd
preload                                  False
postsave                                 False
train_teacher                            False
ckpt_interval                            -1
epochs                                   1000
lr                                       0.001
wd                                       1e-05
lmbda                                    500
srce_alpha                               1.0
srce_s                                   20.0
srce_eta                                 1.0
srce_Lu                                  20
srce_mode                                union
srce_kappa                               0.0
eval_period                              1
K_list                                   [10, 20]
early_stop_metric                        NDCG
early_stop_K                             20
early_stop_patience                      30
LOG_DIR                                  logs/
CONFIG_DIR                               configs/
DATA_DIR                                 data/
CKPT_DIR                                 checkpoints/
CRAFT_DIR                                crafts/
mkd_tau                                  1
mkd_K                                    50
mkd_L                                    50
mkd_T                                    10
mkd_mxK                                  200
mkd_beta                                 3
sample_rank                              False
arce_sampler                             marginal_topl
arce_mix_alpha                           0.9
arce_gamma_mode                          sample_overlap
----------------------------------------ARGUMENTS----------------------------------------
Generating Top-K dict...
----------------------------------------Teacher----------------------------------------
09/05/2026,07:06:55: ------------------------------
09/05/2026,07:06:55: valid Recall@10: 0.06778 Recall@20: 0.10315 NDCG@10: 0.04052 NDCG@20: 0.05027
09/05/2026,07:06:55: test Recall@10: 0.02747 Recall@20: 0.04385 NDCG@10: 0.01551 NDCG@20: 0.02003
----------------------------------------------------------------------------------------
09/05/2026,07:06:55: Epoch [1/1000]
09/05/2026,07:06:55: Negative sampling...
09/05/2026,07:06:57: Model's personal time...
09/05/2026,07:06:57: Model diagnostics: arce_anchor_count_mean=0.112665, arce_blocker_budget_mean=49.887333, arce_blocker_entropy_mean=5.296090, arce_closure_difficulty_mean=1.604772, arce_closure_difficulty_std=0.018529, arce_gamma_effective_beta=3.000000, arce_gamma_max=1.000000, arce_gamma_mean=0.993461, arce_gamma_min=0.835270, arce_gamma_mode=sample_overlap, arce_gamma_reassignment_l1_mean=0.000000, arce_gamma_std=0.019448, arce_sample_gamma_mean=0.993461, arce_sampled_teacher_overlap_mean=0.002253, arce_sampler=marginal_topl, arce_teacher_missing_mass_mean=0.997778, arce_teacher_missing_mass_std=0.011310
09/05/2026,07:06:57: Training...
09/05/2026,07:06:58: Evaluating...
09/05/2026,07:06:58: 	Train Loss: 4616127.0000 (base: 1391.0168, kd: 9229.4717), Elapsed: train 2.55 test 0.27 *
09/05/2026,07:06:58: 	Recall@10: 0.01909 Recall@20: 0.02598 NDCG@10: 0.01179 NDCG@20: 0.01361 
09/05/2026,07:06:58: 	Recall@10: 0.00773 Recall@20: 0.01083 NDCG@10: 0.00450 NDCG@20: 0.00537 
09/05/2026,07:06:58: Epoch [2/1000]
09/05/2026,07:06:58: Negative sampling...
09/05/2026,07:07:00: Model's personal time...
09/05/2026,07:07:00: Model diagnostics: arce_anchor_count_mean=6.895191, arce_blocker_budget_mean=43.104809, arce_blocker_entropy_mean=5.231475, arce_closure_difficulty_mean=1.151587, arce_closure_difficulty_std=0.284573, arce_gamma_effective_beta=3.000000, arce_gamma_max=1.000000, arce_gamma_mean=0.698502, arce_gamma_min=0.165299, arce_gamma_mode=sample_overlap, arce_gamma_reassignment_l1_mean=0.000000, arce_gamma_std=0.211192, arce_sample_gamma_mean=0.698502, arce_sampled_teacher_overlap_mean=0.137904, arce_sampler=marginal_topl, arce_teacher_missing_mass_mean=0.708444, arce_teacher_missing_mass_std=0.199482
09/05/2026,07:07:00: Training...
09/05/2026,07:07:01: Evaluating...
09/05/2026,07:07:01: 	Train Loss: 4254570.5000 (base: 1382.1465, kd: 8506.3770), Elapsed: train 2.44 test 0.27 *
09/05/2026,07:07:01: 	Recall@10: 0.03323 Recall@20: 0.04855 NDCG@10: 0.02167 NDCG@20: 0.02578 
09/05/2026,07:07:01: 	Recall@10: 0.01242 Recall@20: 0.02136 NDCG@10: 0.00782 NDCG@20: 0.01030 
09/05/2026,07:07:01: Epoch [3/1000]
09/05/2026,07:07:01: Negative sampling...
09/05/2026,07:07:02: Model's personal time...
09/05/2026,07:07:02: Model diagnostics: arce_anchor_count_mean=11.327457, arce_blocker_budget_mean=38.672543, arce_blocker_entropy_mean=5.203610, arce_closure_difficulty_mean=1.044356, arce_closure_difficulty_std=0.279618, arce_gamma_effective_beta=3.000000, arce_gamma_max=1.000000, arce_gamma_mean=0.547913, arce_gamma_min=0.138069, arce_gamma_mode=sample_overlap, arce_gamma_reassignment_l1_mean=0.000000, arce_gamma_std=0.209001, arce_sample_gamma_mean=0.547913, arce_sampled_teacher_overlap_mean=0.226549, arce_sampler=marginal_topl, arce_teacher_missing_mass_mean=0.609422, arce_teacher_missing_mass_std=0.194623
09/05/2026,07:07:02: Training...
09/05/2026,07:07:03: Evaluating...
09/05/2026,07:07:04: 	Train Loss: 4162365.2500 (base: 1365.1963, kd: 8322.0000), Elapsed: train 2.45 test 0.26
09/05/2026,07:07:04: 	Recall@10: 0.03628 Recall@20: 0.04849 NDCG@10: 0.02242 NDCG@20: 0.02572 
09/05/2026,07:07:04: 	Recall@10: 0.01563 Recall@20: 0.02372 NDCG@10: 0.00894 NDCG@20: 0.01120 
09/05/2026,07:07:04: Epoch [4/1000]
09/05/2026,07:07:04: Negative sampling...
09/05/2026,07:07:05: Model's personal time...
09/05/2026,07:07:05: Model diagnostics: arce_anchor_count_mean=11.724852, arce_blocker_budget_mean=38.275146, arce_blocker_entropy_mean=5.201352, arce_closure_difficulty_mean=1.044992, arce_closure_difficulty_std=0.259560, arce_gamma_effective_beta=3.000000, arce_gamma_max=1.000000, arce_gamma_mean=0.526518, arce_gamma_min=0.146607, arce_gamma_mode=sample_overlap, arce_gamma_reassignment_l1_mean=0.000000, arce_gamma_std=0.185416, arce_sample_gamma_mean=0.526518, arce_sampled_teacher_overlap_mean=0.234497, arce_sampler=marginal_topl, arce_teacher_missing_mass_mean=0.597065, arce_teacher_missing_mass_std=0.177496
09/05/2026,07:07:05: Training...
09/05/2026,07:07:06: Evaluating...
09/05/2026,07:07:06: 	Train Loss: 4085582.2500 (base: 1342.2372, kd: 8168.4795), Elapsed: train 2.30 test 0.26 *
09/05/2026,07:07:06: 	Recall@10: 0.03968 Recall@20: 0.05379 NDCG@10: 0.02489 NDCG@20: 0.02878 
09/05/2026,07:07:06: 	Recall@10: 0.01649 Recall@20: 0.02326 NDCG@10: 0.00961 NDCG@20: 0.01151 
09/05/2026,07:07:06: Epoch [5/1000]
09/05/2026,07:07:06: Negative sampling...
09/05/2026,07:07:08: Model's personal time...
09/05/2026,07:07:08: Model diagnostics: arce_anchor_count_mean=13.023567, arce_blocker_budget_mean=36.976433, arce_blocker_entropy_mean=5.194304, arce_closure_difficulty_mean=1.035483, arce_closure_difficulty_std=0.264345, arce_gamma_effective_beta=3.000000, arce_gamma_max=1.000000, arce_gamma_mean=0.491951, arce_gamma_min=0.146607, arce_gamma_mode=sample_overlap, arce_gamma_reassignment_l1_mean=0.000000, arce_gamma_std=0.187649, arce_sample_gamma_mean=0.491951, arce_sampled_teacher_overlap_mean=0.260471, arce_sampler=marginal_topl, arce_teacher_missing_mass_mean=0.573024, arce_teacher_missing_mass_std=0.179676
09/05/2026,07:07:08: Training...
09/05/2026,07:07:09: Evaluating...
09/05/2026,07:07:09: 	Train Loss: 3988932.5000 (base: 1311.0729, kd: 7975.2427), Elapsed: train 2.52 test 0.32 *
09/05/2026,07:07:09: 	Recall@10: 0.04068 Recall@20: 0.05372 NDCG@10: 0.02533 NDCG@20: 0.02894 
09/05/2026,07:07:09: 	Recall@10: 0.01722 Recall@20: 0.02439 NDCG@10: 0.00981 NDCG@20: 0.01180 
09/05/2026,07:07:09: Epoch [6/1000]
09/05/2026,07:07:09: Negative sampling...
09/05/2026,07:07:10: Model's personal time...
09/05/2026,07:07:10: Model diagnostics: arce_anchor_count_mean=13.914160, arce_blocker_budget_mean=36.085838, arce_blocker_entropy_mean=5.187278, arce_closure_difficulty_mean=1.027373, arce_closure_difficulty_std=0.266998, arce_gamma_effective_beta=3.000000, arce_gamma_max=1.000000, arce_gamma_mean=0.468156, arce_gamma_min=0.146607, arce_gamma_mode=sample_overlap, arce_gamma_reassignment_l1_mean=0.000000, arce_gamma_std=0.185421, arce_sample_gamma_mean=0.468156, arce_sampled_teacher_overlap_mean=0.278283, arce_sampler=marginal_topl, arce_teacher_missing_mass_mean=0.554036, arce_teacher_missing_mass_std=0.178960
09/05/2026,07:07:10: Training...
09/05/2026,07:07:12: Evaluating...
09/05/2026,07:07:12: 	Train Loss: 3897107.5000 (base: 1274.3384, kd: 7791.6665), Elapsed: train 2.51 test 0.26 *
09/05/2026,07:07:12: 	Recall@10: 0.04200 Recall@20: 0.05730 NDCG@10: 0.02538 NDCG@20: 0.02955 
09/05/2026,07:07:12: 	Recall@10: 0.01802 Recall@20: 0.02584 NDCG@10: 0.01012 NDCG@20: 0.01229 
09/05/2026,07:07:12: Epoch [7/1000]
09/05/2026,07:07:12: Negative sampling...
09/05/2026,07:07:13: Model's personal time...
09/05/2026,07:07:13: Model diagnostics: arce_anchor_count_mean=14.958804, arce_blocker_budget_mean=35.041195, arce_blocker_entropy_mean=5.180883, arce_closure_difficulty_mean=1.018367, arce_closure_difficulty_std=0.274237, arce_gamma_effective_beta=3.000000, arce_gamma_max=1.000000, arce_gamma_mean=0.443170, arce_gamma_min=0.138069, arce_gamma_mode=sample_overlap, arce_gamma_reassignment_l1_mean=0.000000, arce_gamma_std=0.185169, arce_sample_gamma_mean=0.443170, arce_sampled_teacher_overlap_mean=0.299176, arce_sampler=marginal_topl, arce_teacher_missing_mass_mean=0.533674, arce_teacher_missing_mass_std=0.181130
09/05/2026,07:07:13: Training...
09/05/2026,07:07:15: Evaluating...
09/05/2026,07:07:15: 	Train Loss: 3813148.2500 (base: 1232.4766, kd: 7623.8315), Elapsed: train 2.71 test 0.28 *
09/05/2026,07:07:15: 	Recall@10: 0.04345 Recall@20: 0.06010 NDCG@10: 0.02606 NDCG@20: 0.03062 
09/05/2026,07:07:15: 	Recall@10: 0.01848 Recall@20: 0.02745 NDCG@10: 0.01015 NDCG@20: 0.01258 
09/05/2026,07:07:15: Epoch [8/1000]
09/05/2026,07:07:15: Negative sampling...
09/05/2026,07:07:16: Model's personal time...
09/05/2026,07:07:16: Model diagnostics: arce_anchor_count_mean=15.909178, arce_blocker_budget_mean=34.090820, arce_blocker_entropy_mean=5.173698, arce_closure_difficulty_mean=1.011547, arce_closure_difficulty_std=0.280878, arce_gamma_effective_beta=3.000000, arce_gamma_max=1.000000, arce_gamma_mean=0.421526, arce_gamma_min=0.130029, arce_gamma_mode=sample_overlap, arce_gamma_reassignment_l1_mean=0.000000, arce_gamma_std=0.184381, arce_sample_gamma_mean=0.421526, arce_sampled_teacher_overlap_mean=0.318184, arce_sampler=marginal_topl, arce_teacher_missing_mass_mean=0.516020, arce_teacher_missing_mass_std=0.182137
09/05/2026,07:07:16: Training...
09/05/2026,07:07:17: Evaluating...
09/05/2026,07:07:18: 	Train Loss: 3742885.2500 (base: 1189.0129, kd: 7483.3921), Elapsed: train 2.54 test 0.26 *
09/05/2026,07:07:18: 	Recall@10: 0.04462 Recall@20: 0.06044 NDCG@10: 0.02694 NDCG@20: 0.03132 
09/05/2026,07:07:18: 	Recall@10: 0.01952 Recall@20: 0.02708 NDCG@10: 0.01052 NDCG@20: 0.01253 
09/05/2026,07:07:18: Epoch [9/1000]
09/05/2026,07:07:18: Negative sampling...
09/05/2026,07:07:19: Model's personal time...
09/05/2026,07:07:19: Model diagnostics: arce_anchor_count_mean=16.643610, arce_blocker_budget_mean=33.356388, arce_blocker_entropy_mean=5.164892, arce_closure_difficulty_mean=1.005659, arce_closure_difficulty_std=0.287341, arce_gamma_effective_beta=3.000000, arce_gamma_max=1.000000, arce_gamma_mean=0.405916, arce_gamma_min=0.122456, arce_gamma_mode=sample_overlap, arce_gamma_reassignment_l1_mean=0.000000, arce_gamma_std=0.184065, arce_sample_gamma_mean=0.405916, arce_sampled_teacher_overlap_mean=0.332872, arce_sampler=marginal_topl, arce_teacher_missing_mass_mean=0.502738, arce_teacher_missing_mass_std=0.182974
09/05/2026,07:07:19: Training...
09/05/2026,07:07:20: Evaluating...
09/05/2026,07:07:20: 	Train Loss: 3690545.0000 (base: 1146.5377, kd: 7378.7969), Elapsed: train 2.42 test 0.26 *
09/05/2026,07:07:20: 	Recall@10: 0.04552 Recall@20: 0.06223 NDCG@10: 0.02755 NDCG@20: 0.03224 
09/05/2026,07:07:20: 	Recall@10: 0.02011 Recall@20: 0.02763 NDCG@10: 0.01100 NDCG@20: 0.01303 
09/05/2026,07:07:20: Epoch [10/1000]
09/05/2026,07:07:20: Negative sampling...
09/05/2026,07:07:22: Model's personal time...
09/05/2026,07:07:22: Model diagnostics: arce_anchor_count_mean=17.574440, arce_blocker_budget_mean=32.425560, arce_blocker_entropy_mean=5.156441, arce_closure_difficulty_mean=0.995477, arce_closure_difficulty_std=0.294856, arce_gamma_effective_beta=3.000000, arce_gamma_max=1.000000, arce_gamma_mean=0.386419, arce_gamma_min=0.102284, arce_gamma_mode=sample_overlap, arce_gamma_reassignment_l1_mean=0.000000, arce_gamma_std=0.182718, arce_sample_gamma_mean=0.386419, arce_sampled_teacher_overlap_mean=0.351489, arce_sampler=marginal_topl, arce_teacher_missing_mass_mean=0.486404, arce_teacher_missing_mass_std=0.184688
09/05/2026,07:07:22: Training...
09/05/2026,07:07:23: Evaluating...
09/05/2026,07:07:23: 	Train Loss: 3650708.7500 (base: 1103.2797, kd: 7299.2114), Elapsed: train 2.41 test 0.26 *
09/05/2026,07:07:23: 	Recall@10: 0.04719 Recall@20: 0.06537 NDCG@10: 0.02815 NDCG@20: 0.03307 
09/05/2026,07:07:23: 	Recall@10: 0.02019 Recall@20: 0.02907 NDCG@10: 0.01126 NDCG@20: 0.01364 
09/05/2026,07:07:23: Epoch [11/1000]
09/05/2026,07:07:23: Negative sampling...
09/05/2026,07:07:24: Model's personal time...
09/05/2026,07:07:24: Model diagnostics: arce_anchor_count_mean=18.525770, arce_blocker_budget_mean=31.474228, arce_blocker_entropy_mean=5.149461, arce_closure_difficulty_mean=0.984373, arce_closure_difficulty_std=0.303029, arce_gamma_effective_beta=3.000000, arce_gamma_max=1.000000, arce_gamma_mean=0.368600, arce_gamma_min=0.096328, arce_gamma_mode=sample_overlap, arce_gamma_reassignment_l1_mean=0.000000, arce_gamma_std=0.183507, arce_sample_gamma_mean=0.368600, arce_sampled_teacher_overlap_mean=0.370515, arce_sampler=marginal_topl, arce_teacher_missing_mass_mean=0.469781, arce_teacher_missing_mass_std=0.187023
09/05/2026,07:07:24: Training...
09/05/2026,07:07:26: Evaluating...
09/05/2026,07:07:26: 	Train Loss: 3620480.5000 (base: 1062.1354, kd: 7238.8374), Elapsed: train 2.82 test 0.33 *
09/05/2026,07:07:26: 	Recall@10: 0.04919 Recall@20: 0.06776 NDCG@10: 0.02944 NDCG@20: 0.03452 
09/05/2026,07:07:26: 	Recall@10: 0.02027 Recall@20: 0.02968 NDCG@10: 0.01146 NDCG@20: 0.01400 
09/05/2026,07:07:26: Epoch [12/1000]
09/05/2026,07:07:26: Negative sampling...
09/05/2026,07:07:27: Model's personal time...
09/05/2026,07:07:27: Model diagnostics: arce_anchor_count_mean=19.382641, arce_blocker_budget_mean=30.617359, arce_blocker_entropy_mean=5.141267, arce_closure_difficulty_mean=0.971725, arce_closure_difficulty_std=0.309270, arce_gamma_effective_beta=3.000000, arce_gamma_max=1.000000, arce_gamma_mean=0.351794, arce_gamma_min=0.090718, arce_gamma_mode=sample_overlap, arce_gamma_reassignment_l1_mean=0.000000, arce_gamma_std=0.179896, arce_sample_gamma_mean=0.351794, arce_sampled_teacher_overlap_mean=0.387653, arce_sampler=marginal_topl, arce_teacher_missing_mass_mean=0.454611, arce_teacher_missing_mass_std=0.187852
09/05/2026,07:07:27: Training...
09/05/2026,07:07:29: Evaluating...
09/05/2026,07:07:29: 	Train Loss: 3596377.5000 (base: 1022.5347, kd: 7190.7090), Elapsed: train 2.45 test 0.27 *
09/05/2026,07:07:29: 	Recall@10: 0.05037 Recall@20: 0.06766 NDCG@10: 0.03042 NDCG@20: 0.03514 
09/05/2026,07:07:29: 	Recall@10: 0.02107 Recall@20: 0.02956 NDCG@10: 0.01171 NDCG@20: 0.01402 
09/05/2026,07:07:29: Epoch [13/1000]
09/05/2026,07:07:29: Negative sampling...
09/05/2026,07:07:30: Model's personal time...
09/05/2026,07:07:30: Model diagnostics: arce_anchor_count_mean=20.099636, arce_blocker_budget_mean=29.900364, arce_blocker_entropy_mean=5.132312, arce_closure_difficulty_mean=0.960046, arce_closure_difficulty_std=0.314761, arce_gamma_effective_beta=3.000000, arce_gamma_max=1.000000, arce_gamma_mean=0.339385, arce_gamma_min=0.085435, arce_gamma_mode=sample_overlap, arce_gamma_reassignment_l1_mean=0.000000, arce_gamma_std=0.178997, arce_sample_gamma_mean=0.339385, arce_sampled_teacher_overlap_mean=0.401993, arce_sampler=marginal_topl, arce_teacher_missing_mass_mean=0.441750, arce_teacher_missing_mass_std=0.188342
09/05/2026,07:07:30: Training...
09/05/2026,07:07:31: Evaluating...
09/05/2026,07:07:32: 	Train Loss: 3577960.5000 (base: 988.7672, kd: 7153.9429), Elapsed: train 2.53 test 0.27 *
09/05/2026,07:07:32: 	Recall@10: 0.05102 Recall@20: 0.07042 NDCG@10: 0.03071 NDCG@20: 0.03604 
09/05/2026,07:07:32: 	Recall@10: 0.02220 Recall@20: 0.03122 NDCG@10: 0.01207 NDCG@20: 0.01451 
09/05/2026,07:07:32: Epoch [14/1000]
09/05/2026,07:07:32: Negative sampling...
09/05/2026,07:07:33: Model's personal time...
09/05/2026,07:07:33: Model diagnostics: arce_anchor_count_mean=20.892891, arce_blocker_budget_mean=29.107109, arce_blocker_entropy_mean=5.125634, arce_closure_difficulty_mean=0.946996, arce_closure_difficulty_std=0.319015, arce_gamma_effective_beta=3.000000, arce_gamma_max=1.000000, arce_gamma_mean=0.324926, arce_gamma_min=0.075774, arce_gamma_mode=sample_overlap, arce_gamma_reassignment_l1_mean=0.000000, arce_gamma_std=0.175076, arce_sample_gamma_mean=0.324926, arce_sampled_teacher_overlap_mean=0.417858, arce_sampler=marginal_topl, arce_teacher_missing_mass_mean=0.428284, arce_teacher_missing_mass_std=0.188330
09/05/2026,07:07:33: Training...
09/05/2026,07:07:34: Evaluating...
09/05/2026,07:07:34: 	Train Loss: 3563452.0000 (base: 954.6053, kd: 7124.9946), Elapsed: train 2.51 test 0.27 *
09/05/2026,07:07:34: 	Recall@10: 0.05217 Recall@20: 0.07240 NDCG@10: 0.03162 NDCG@20: 0.03706 
09/05/2026,07:07:34: 	Recall@10: 0.02168 Recall@20: 0.03215 NDCG@10: 0.01208 NDCG@20: 0.01489 
09/05/2026,07:07:34: Epoch [15/1000]
09/05/2026,07:07:34: Negative sampling...
09/05/2026,07:07:36: Model's personal time...
09/05/2026,07:07:36: Model diagnostics: arce_anchor_count_mean=21.519831, arce_blocker_budget_mean=28.480167, arce_blocker_entropy_mean=5.119399, arce_closure_difficulty_mean=0.935942, arce_closure_difficulty_std=0.322048, arce_gamma_effective_beta=3.000000, arce_gamma_max=1.000000, arce_gamma_mean=0.314244, arce_gamma_min=0.075774, arce_gamma_mode=sample_overlap, arce_gamma_reassignment_l1_mean=0.000000, arce_gamma_std=0.172720, arce_sample_gamma_mean=0.314244, arce_sampled_teacher_overlap_mean=0.430397, arce_sampler=marginal_topl, arce_teacher_missing_mass_mean=0.416464, arce_teacher_missing_mass_std=0.187477
09/05/2026,07:07:36: Training...
09/05/2026,07:07:37: Evaluating...
09/05/2026,07:07:37: 	Train Loss: 3550442.7500 (base: 922.1606, kd: 7099.0405), Elapsed: train 2.45 test 0.27 *
09/05/2026,07:07:37: 	Recall@10: 0.05225 Recall@20: 0.07368 NDCG@10: 0.03159 NDCG@20: 0.03745 
09/05/2026,07:07:37: 	Recall@10: 0.02192 Recall@20: 0.03309 NDCG@10: 0.01220 NDCG@20: 0.01520 
09/05/2026,07:07:37: Epoch [16/1000]
09/05/2026,07:07:37: Negative sampling...
09/05/2026,07:07:39: Model's personal time...
09/05/2026,07:07:39: Model diagnostics: arce_anchor_count_mean=22.146387, arce_blocker_budget_mean=27.853611, arce_blocker_entropy_mean=5.114323, arce_closure_difficulty_mean=0.924006, arce_closure_difficulty_std=0.326114, arce_gamma_effective_beta=3.000000, arce_gamma_max=1.000000, arce_gamma_mean=0.303969, arce_gamma_min=0.075774, arce_gamma_mode=sample_overlap, arce_gamma_reassignment_l1_mean=0.000000, arce_gamma_std=0.170492, arce_sample_gamma_mean=0.303969, arce_sampled_teacher_overlap_mean=0.442928, arce_sampler=marginal_topl, arce_teacher_missing_mass_mean=0.404665, arce_teacher_missing_mass_std=0.186949
09/05/2026,07:07:39: Training...
09/05/2026,07:07:40: Evaluating...
09/05/2026,07:07:40: 	Train Loss: 3539581.7500 (base: 892.0287, kd: 7077.3794), Elapsed: train 2.66 test 0.27 *
09/05/2026,07:07:40: 	Recall@10: 0.05394 Recall@20: 0.07461 NDCG@10: 0.03253 NDCG@20: 0.03813 
09/05/2026,07:07:40: 	Recall@10: 0.02229 Recall@20: 0.03315 NDCG@10: 0.01222 NDCG@20: 0.01517 
09/05/2026,07:07:40: Epoch [17/1000]
09/05/2026,07:07:40: Negative sampling...
09/05/2026,07:07:41: Model's personal time...
09/05/2026,07:07:41: Model diagnostics: arce_anchor_count_mean=22.650700, arce_blocker_budget_mean=27.349300, arce_blocker_entropy_mean=5.107868, arce_closure_difficulty_mean=0.913824, arce_closure_difficulty_std=0.329343, arce_gamma_effective_beta=3.000000, arce_gamma_max=1.000000, arce_gamma_mean=0.295503, arce_gamma_min=0.063292, arce_gamma_mode=sample_overlap, arce_gamma_reassignment_l1_mean=0.000000, arce_gamma_std=0.167271, arce_sample_gamma_mean=0.295503, arce_sampled_teacher_overlap_mean=0.453014, arce_sampler=marginal_topl, arce_teacher_missing_mass_mean=0.395368, arce_teacher_missing_mass_std=0.186696
09/05/2026,07:07:41: Training...
09/05/2026,07:07:42: Evaluating...
09/05/2026,07:07:43: 	Train Loss: 3530690.2500 (base: 865.1525, kd: 7059.6499), Elapsed: train 2.38 test 0.29 *
09/05/2026,07:07:43: 	Recall@10: 0.05498 Recall@20: 0.07791 NDCG@10: 0.03278 NDCG@20: 0.03897 
09/05/2026,07:07:43: 	Recall@10: 0.02299 Recall@20: 0.03390 NDCG@10: 0.01258 NDCG@20: 0.01550 
09/05/2026,07:07:43: Epoch [18/1000]
09/05/2026,07:07:43: Negative sampling...
09/05/2026,07:07:44: Model's personal time...
09/05/2026,07:07:44: Model diagnostics: arce_anchor_count_mean=23.069170, arce_blocker_budget_mean=26.930830, arce_blocker_entropy_mean=5.101243, arce_closure_difficulty_mean=0.904580, arce_closure_difficulty_std=0.330690, arce_gamma_effective_beta=3.000000, arce_gamma_max=1.000000, arce_gamma_mean=0.288372, arce_gamma_min=0.067206, arce_gamma_mode=sample_overlap, arce_gamma_reassignment_l1_mean=0.000000, arce_gamma_std=0.164946, arce_sample_gamma_mean=0.288372, arce_sampled_teacher_overlap_mean=0.461383, arce_sampler=marginal_topl, arce_teacher_missing_mass_mean=0.387239, arce_teacher_missing_mass_std=0.185631
09/05/2026,07:07:44: Training...
09/05/2026,07:07:45: Evaluating...
09/05/2026,07:07:46: 	Train Loss: 3521410.0000 (base: 841.4628, kd: 7041.1362), Elapsed: train 2.62 test 0.28 *
09/05/2026,07:07:46: 	Recall@10: 0.05556 Recall@20: 0.07787 NDCG@10: 0.03326 NDCG@20: 0.03925 
09/05/2026,07:07:46: 	Recall@10: 0.02322 Recall@20: 0.03414 NDCG@10: 0.01281 NDCG@20: 0.01574 
09/05/2026,07:07:46: Epoch [19/1000]
09/05/2026,07:07:46: Negative sampling...
09/05/2026,07:07:47: Model's personal time...
09/05/2026,07:07:47: Model diagnostics: arce_anchor_count_mean=23.544548, arce_blocker_budget_mean=26.455450, arce_blocker_entropy_mean=5.096121, arce_closure_difficulty_mean=0.894211, arce_closure_difficulty_std=0.333185, arce_gamma_effective_beta=3.000000, arce_gamma_max=1.000000, arce_gamma_mean=0.281102, arce_gamma_min=0.063292, arce_gamma_mode=sample_overlap, arce_gamma_reassignment_l1_mean=0.000000, arce_gamma_std=0.162883, arce_sample_gamma_mean=0.281102, arce_sampled_teacher_overlap_mean=0.470891, arce_sampler=marginal_topl, arce_teacher_missing_mass_mean=0.378138, arce_teacher_missing_mass_std=0.184931
09/05/2026,07:07:47: Training...
09/05/2026,07:07:48: Evaluating...
09/05/2026,07:07:48: 	Train Loss: 3515266.0000 (base: 814.3961, kd: 7028.9028), Elapsed: train 2.58 test 0.27 *
09/05/2026,07:07:48: 	Recall@10: 0.05615 Recall@20: 0.08045 NDCG@10: 0.03382 NDCG@20: 0.04045 
09/05/2026,07:07:48: 	Recall@10: 0.02360 Recall@20: 0.03522 NDCG@10: 0.01299 NDCG@20: 0.01610 
09/05/2026,07:07:48: Epoch [20/1000]
09/05/2026,07:07:48: Negative sampling...
09/05/2026,07:07:50: Model's personal time...
09/05/2026,07:07:50: Model diagnostics: arce_anchor_count_mean=23.901131, arce_blocker_budget_mean=26.098869, arce_blocker_entropy_mean=5.090723, arce_closure_difficulty_mean=0.885907, arce_closure_difficulty_std=0.333643, arce_gamma_effective_beta=3.000000, arce_gamma_max=1.000000, arce_gamma_mean=0.274789, arce_gamma_min=0.059606, arce_gamma_mode=sample_overlap, arce_gamma_reassignment_l1_mean=0.000000, arce_gamma_std=0.158140, arce_sample_gamma_mean=0.274789, arce_sampled_teacher_overlap_mean=0.478023, arce_sampler=marginal_topl, arce_teacher_missing_mass_mean=0.370920, arce_teacher_missing_mass_std=0.182935
09/05/2026,07:07:50: Training...
09/05/2026,07:07:51: Evaluating...
09/05/2026,07:07:51: 	Train Loss: 3507866.0000 (base: 791.6126, kd: 7014.1484), Elapsed: train 2.62 test 0.26 *
09/05/2026,07:07:51: 	Recall@10: 0.05760 Recall@20: 0.08186 NDCG@10: 0.03454 NDCG@20: 0.04115 
09/05/2026,07:07:51: 	Recall@10: 0.02408 Recall@20: 0.03594 NDCG@10: 0.01313 NDCG@20: 0.01632 
09/05/2026,07:07:51: Epoch [21/1000]
09/05/2026,07:07:51: Negative sampling...
09/05/2026,07:07:53: Model's personal time...
09/05/2026,07:07:53: Model diagnostics: arce_anchor_count_mean=24.278023, arce_blocker_budget_mean=25.721977, arce_blocker_entropy_mean=5.086938, arce_closure_difficulty_mean=0.876969, arce_closure_difficulty_std=0.334563, arce_gamma_effective_beta=3.000000, arce_gamma_max=1.000000, arce_gamma_mean=0.269143, arce_gamma_min=0.059606, arce_gamma_mode=sample_overlap, arce_gamma_reassignment_l1_mean=0.000000, arce_gamma_std=0.156272, arce_sample_gamma_mean=0.269143, arce_sampled_teacher_overlap_mean=0.485560, arce_sampler=marginal_topl, arce_teacher_missing_mass_mean=0.363353, arce_teacher_missing_mass_std=0.181564
09/05/2026,07:07:53: Training...
09/05/2026,07:07:54: Evaluating...
09/05/2026,07:07:54: 	Train Loss: 3501514.0000 (base: 768.8125, kd: 7001.4902), Elapsed: train 2.63 test 0.27 *
09/05/2026,07:07:54: 	Recall@10: 0.05813 Recall@20: 0.08305 NDCG@10: 0.03469 NDCG@20: 0.04154 
09/05/2026,07:07:54: 	Recall@10: 0.02435 Recall@20: 0.03599 NDCG@10: 0.01324 NDCG@20: 0.01641 
09/05/2026,07:07:54: Epoch [22/1000]
09/05/2026,07:07:54: Negative sampling...
09/05/2026,07:07:56: Model's personal time...
09/05/2026,07:07:56: Model diagnostics: arce_anchor_count_mean=24.584211, arce_blocker_budget_mean=25.415789, arce_blocker_entropy_mean=5.083030, arce_closure_difficulty_mean=0.869013, arce_closure_difficulty_std=0.334963, arce_gamma_effective_beta=3.000000, arce_gamma_max=1.000000, arce_gamma_mean=0.264314, arce_gamma_min=0.059606, arce_gamma_mode=sample_overlap, arce_gamma_reassignment_l1_mean=0.000000, arce_gamma_std=0.153771, arce_sample_gamma_mean=0.264314, arce_sampled_teacher_overlap_mean=0.491684, arce_sampler=marginal_topl, arce_teacher_missing_mass_mean=0.356768, arce_teacher_missing_mass_std=0.180229
09/05/2026,07:07:56: Training...
09/05/2026,07:07:57: Evaluating...
09/05/2026,07:07:57: 	Train Loss: 3496148.2500 (base: 748.6481, kd: 6990.7988), Elapsed: train 2.49 test 0.29 *
09/05/2026,07:07:57: 	Recall@10: 0.05869 Recall@20: 0.08270 NDCG@10: 0.03517 NDCG@20: 0.04173 
09/05/2026,07:07:57: 	Recall@10: 0.02487 Recall@20: 0.03582 NDCG@10: 0.01337 NDCG@20: 0.01637 
09/05/2026,07:07:57: Epoch [23/1000]
09/05/2026,07:07:57: Negative sampling...
09/05/2026,07:07:58: Model's personal time...
09/05/2026,07:07:58: Model diagnostics: arce_anchor_count_mean=24.919716, arce_blocker_budget_mean=25.080284, arce_blocker_entropy_mean=5.080079, arce_closure_difficulty_mean=0.861697, arce_closure_difficulty_std=0.335958, arce_gamma_effective_beta=3.000000, arce_gamma_max=1.000000, arce_gamma_mean=0.259255, arce_gamma_min=0.056135, arce_gamma_mode=sample_overlap, arce_gamma_reassignment_l1_mean=0.000000, arce_gamma_std=0.151366, arce_sample_gamma_mean=0.259255, arce_sampled_teacher_overlap_mean=0.498394, arce_sampler=marginal_topl, arce_teacher_missing_mass_mean=0.350292, arce_teacher_missing_mass_std=0.178911
09/05/2026,07:07:58: Training...
09/05/2026,07:08:00: Evaluating...
09/05/2026,07:08:00: 	Train Loss: 3491377.5000 (base: 729.1365, kd: 6981.2964), Elapsed: train 2.60 test 0.27 *
09/05/2026,07:08:00: 	Recall@10: 0.05961 Recall@20: 0.08438 NDCG@10: 0.03542 NDCG@20: 0.04225 
09/05/2026,07:08:00: 	Recall@10: 0.02483 Recall@20: 0.03688 NDCG@10: 0.01346 NDCG@20: 0.01673 
09/05/2026,07:08:00: Epoch [24/1000]
09/05/2026,07:08:00: Negative sampling...
09/05/2026,07:08:01: Model's personal time...
09/05/2026,07:08:01: Model diagnostics: arce_anchor_count_mean=25.171104, arce_blocker_budget_mean=24.828894, arce_blocker_entropy_mean=5.076355, arce_closure_difficulty_mean=0.854303, arce_closure_difficulty_std=0.335120, arce_gamma_effective_beta=3.000000, arce_gamma_max=1.000000, arce_gamma_mean=0.254984, arce_gamma_min=0.059606, arce_gamma_mode=sample_overlap, arce_gamma_reassignment_l1_mean=0.000000, arce_gamma_std=0.148626, arce_sample_gamma_mean=0.254984, arce_sampled_teacher_overlap_mean=0.503422, arce_sampler=marginal_topl, arce_teacher_missing_mass_mean=0.344165, arce_teacher_missing_mass_std=0.176559
09/05/2026,07:08:01: Training...
09/05/2026,07:08:02: Evaluating...
09/05/2026,07:08:03: 	Train Loss: 3487022.2500 (base: 709.9405, kd: 6972.6250), Elapsed: train 2.56 test 0.26
09/05/2026,07:08:03: 	Recall@10: 0.06039 Recall@20: 0.08382 NDCG@10: 0.03573 NDCG@20: 0.04222 
09/05/2026,07:08:03: 	Recall@10: 0.02454 Recall@20: 0.03719 NDCG@10: 0.01338 NDCG@20: 0.01683 
09/05/2026,07:08:03: Epoch [25/1000]
09/05/2026,07:08:03: Negative sampling...
09/05/2026,07:08:04: Model's personal time...
09/05/2026,07:08:04: Model diagnostics: arce_anchor_count_mean=25.449320, arce_blocker_budget_mean=24.550680, arce_blocker_entropy_mean=5.072903, arce_closure_difficulty_mean=0.846539, arce_closure_difficulty_std=0.335464, arce_gamma_effective_beta=3.000000, arce_gamma_max=1.000000, arce_gamma_mean=0.250910, arce_gamma_min=0.059606, arce_gamma_mode=sample_overlap, arce_gamma_reassignment_l1_mean=0.000000, arce_gamma_std=0.146452, arce_sample_gamma_mean=0.250910, arce_sampled_teacher_overlap_mean=0.508986, arce_sampler=marginal_topl, arce_teacher_missing_mass_mean=0.338045, arce_teacher_missing_mass_std=0.175265
09/05/2026,07:08:04: Training...
09/05/2026,07:08:05: Evaluating...
09/05/2026,07:08:05: 	Train Loss: 3482365.0000 (base: 690.1682, kd: 6963.3491), Elapsed: train 2.40 test 0.27 *
09/05/2026,07:08:05: 	Recall@10: 0.06044 Recall@20: 0.08552 NDCG@10: 0.03571 NDCG@20: 0.04263 
09/05/2026,07:08:05: 	Recall@10: 0.02473 Recall@20: 0.03676 NDCG@10: 0.01367 NDCG@20: 0.01694 
09/05/2026,07:08:05: Epoch [26/1000]
09/05/2026,07:08:05: Negative sampling...
09/05/2026,07:08:07: Model's personal time...
09/05/2026,07:08:07: Model diagnostics: arce_anchor_count_mean=25.666986, arce_blocker_budget_mean=24.333014, arce_blocker_entropy_mean=5.069035, arce_closure_difficulty_mean=0.840254, arce_closure_difficulty_std=0.335141, arce_gamma_effective_beta=3.000000, arce_gamma_max=1.000000, arce_gamma_mean=0.247499, arce_gamma_min=0.056135, arce_gamma_mode=sample_overlap, arce_gamma_reassignment_l1_mean=0.000000, arce_gamma_std=0.144381, arce_sample_gamma_mean=0.247499, arce_sampled_teacher_overlap_mean=0.513340, arce_sampler=marginal_topl, arce_teacher_missing_mass_mean=0.333192, arce_teacher_missing_mass_std=0.173613
09/05/2026,07:08:07: Training...
09/05/2026,07:08:08: Evaluating...
09/05/2026,07:08:08: 	Train Loss: 3478360.7500 (base: 674.3810, kd: 6955.3721), Elapsed: train 2.50 test 0.26 *
09/05/2026,07:08:08: 	Recall@10: 0.06104 Recall@20: 0.08542 NDCG@10: 0.03593 NDCG@20: 0.04263 
09/05/2026,07:08:08: 	Recall@10: 0.02463 Recall@20: 0.03660 NDCG@10: 0.01367 NDCG@20: 0.01696 
09/05/2026,07:08:08: Epoch [27/1000]
09/05/2026,07:08:08: Negative sampling...
09/05/2026,07:08:10: Model's personal time...
09/05/2026,07:08:10: Model diagnostics: arce_anchor_count_mean=25.894615, arce_blocker_budget_mean=24.105385, arce_blocker_entropy_mean=5.065739, arce_closure_difficulty_mean=0.833589, arce_closure_difficulty_std=0.334917, arce_gamma_effective_beta=3.000000, arce_gamma_max=1.000000, arce_gamma_mean=0.244201, arce_gamma_min=0.056135, arce_gamma_mode=sample_overlap, arce_gamma_reassignment_l1_mean=0.000000, arce_gamma_std=0.142722, arce_sample_gamma_mean=0.244201, arce_sampled_teacher_overlap_mean=0.517892, arce_sampler=marginal_topl, arce_teacher_missing_mass_mean=0.328033, arce_teacher_missing_mass_std=0.171947
09/05/2026,07:08:10: Training...
09/05/2026,07:08:11: Evaluating...
09/05/2026,07:08:11: 	Train Loss: 3474387.7500 (base: 658.3248, kd: 6947.4590), Elapsed: train 2.49 test 0.30 *
09/05/2026,07:08:11: 	Recall@10: 0.06228 Recall@20: 0.08698 NDCG@10: 0.03648 NDCG@20: 0.04332 
09/05/2026,07:08:11: 	Recall@10: 0.02467 Recall@20: 0.03720 NDCG@10: 0.01395 NDCG@20: 0.01741 
09/05/2026,07:08:11: Epoch [28/1000]
09/05/2026,07:08:11: Negative sampling...
09/05/2026,07:08:12: Model's personal time...
09/05/2026,07:08:12: Model diagnostics: arce_anchor_count_mean=26.141788, arce_blocker_budget_mean=23.858210, arce_blocker_entropy_mean=5.062596, arce_closure_difficulty_mean=0.826335, arce_closure_difficulty_std=0.333815, arce_gamma_effective_beta=3.000000, arce_gamma_max=1.000000, arce_gamma_mean=0.240434, arce_gamma_min=0.056135, arce_gamma_mode=sample_overlap, arce_gamma_reassignment_l1_mean=0.000000, arce_gamma_std=0.140259, arce_sample_gamma_mean=0.240434, arce_sampled_teacher_overlap_mean=0.522836, arce_sampler=marginal_topl, arce_teacher_missing_mass_mean=0.322358, arce_teacher_missing_mass_std=0.169572
09/05/2026,07:08:12: Training...
09/05/2026,07:08:13: Evaluating...
09/05/2026,07:08:14: 	Train Loss: 3472187.7500 (base: 640.5254, kd: 6943.0942), Elapsed: train 2.45 test 0.26
09/05/2026,07:08:14: 	Recall@10: 0.06220 Recall@20: 0.08684 NDCG@10: 0.03645 NDCG@20: 0.04319 
09/05/2026,07:08:14: 	Recall@10: 0.02515 Recall@20: 0.03696 NDCG@10: 0.01415 NDCG@20: 0.01743 
09/05/2026,07:08:14: Epoch [29/1000]
09/05/2026,07:08:14: Negative sampling...
09/05/2026,07:08:15: Model's personal time...
09/05/2026,07:08:15: Model diagnostics: arce_anchor_count_mean=26.356197, arce_blocker_budget_mean=23.643801, arce_blocker_entropy_mean=5.060436, arce_closure_difficulty_mean=0.820468, arce_closure_difficulty_std=0.333745, arce_gamma_effective_beta=3.000000, arce_gamma_max=1.000000, arce_gamma_mean=0.237420, arce_gamma_min=0.059606, arce_gamma_mode=sample_overlap, arce_gamma_reassignment_l1_mean=0.000000, arce_gamma_std=0.139171, arce_sample_gamma_mean=0.237420, arce_sampled_teacher_overlap_mean=0.527124, arce_sampler=marginal_topl, arce_teacher_missing_mass_mean=0.317541, arce_teacher_missing_mass_std=0.168433
09/05/2026,07:08:15: Training...
09/05/2026,07:08:16: Evaluating...
09/05/2026,07:08:17: 	Train Loss: 3468358.2500 (base: 627.8060, kd: 6935.4604), Elapsed: train 2.65 test 0.26 *
09/05/2026,07:08:17: 	Recall@10: 0.06215 Recall@20: 0.08807 NDCG@10: 0.03624 NDCG@20: 0.04335 
09/05/2026,07:08:17: 	Recall@10: 0.02464 Recall@20: 0.03770 NDCG@10: 0.01385 NDCG@20: 0.01743 
09/05/2026,07:08:17: Epoch [30/1000]
09/05/2026,07:08:17: Negative sampling...
09/05/2026,07:08:18: Model's personal time...
09/05/2026,07:08:18: Model diagnostics: arce_anchor_count_mean=26.556810, arce_blocker_budget_mean=23.443188, arce_blocker_entropy_mean=5.057509, arce_closure_difficulty_mean=0.814020, arce_closure_difficulty_std=0.332929, arce_gamma_effective_beta=3.000000, arce_gamma_max=1.000000, arce_gamma_mean=0.234545, arce_gamma_min=0.056135, arce_gamma_mode=sample_overlap, arce_gamma_reassignment_l1_mean=0.000000, arce_gamma_std=0.137200, arce_sample_gamma_mean=0.234545, arce_sampled_teacher_overlap_mean=0.531136, arce_sampler=marginal_topl, arce_teacher_missing_mass_mean=0.313008, arce_teacher_missing_mass_std=0.166623
09/05/2026,07:08:18: Training...
09/05/2026,07:08:19: Evaluating...
09/05/2026,07:08:19: 	Train Loss: 3465894.5000 (base: 613.0467, kd: 6930.5625), Elapsed: train 2.53 test 0.32 *
09/05/2026,07:08:19: 	Recall@10: 0.06277 Recall@20: 0.08844 NDCG@10: 0.03670 NDCG@20: 0.04377 
09/05/2026,07:08:19: 	Recall@10: 0.02532 Recall@20: 0.03717 NDCG@10: 0.01402 NDCG@20: 0.01727 
09/05/2026,07:08:19: Epoch [31/1000]
09/05/2026,07:08:19: Negative sampling...
09/05/2026,07:08:21: Model's personal time...
09/05/2026,07:08:21: Model diagnostics: arce_anchor_count_mean=26.731365, arce_blocker_budget_mean=23.268633, arce_blocker_entropy_mean=5.054212, arce_closure_difficulty_mean=0.808291, arce_closure_difficulty_std=0.332371, arce_gamma_effective_beta=3.000000, arce_gamma_max=1.000000, arce_gamma_mean=0.231825, arce_gamma_min=0.056135, arce_gamma_mode=sample_overlap, arce_gamma_reassignment_l1_mean=0.000000, arce_gamma_std=0.135000, arce_sample_gamma_mean=0.231825, arce_sampled_teacher_overlap_mean=0.534627, arce_sampler=marginal_topl, arce_teacher_missing_mass_mean=0.308735, arce_teacher_missing_mass_std=0.165062
09/05/2026,07:08:21: Training...
09/05/2026,07:08:22: Evaluating...
09/05/2026,07:08:22: 	Train Loss: 3462695.7500 (base: 598.9160, kd: 6924.1938), Elapsed: train 2.57 test 0.32 *
09/05/2026,07:08:22: 	Recall@10: 0.06300 Recall@20: 0.08939 NDCG@10: 0.03661 NDCG@20: 0.04385 
09/05/2026,07:08:22: 	Recall@10: 0.02493 Recall@20: 0.03761 NDCG@10: 0.01395 NDCG@20: 0.01744 
09/05/2026,07:08:22: Epoch [32/1000]
09/05/2026,07:08:22: Negative sampling...
09/05/2026,07:08:24: Model's personal time...
09/05/2026,07:08:24: Model diagnostics: arce_anchor_count_mean=26.939068, arce_blocker_budget_mean=23.060930, arce_blocker_entropy_mean=5.051144, arce_closure_difficulty_mean=0.802822, arce_closure_difficulty_std=0.332084, arce_gamma_effective_beta=3.000000, arce_gamma_max=1.000000, arce_gamma_mean=0.228884, arce_gamma_min=0.056135, arce_gamma_mode=sample_overlap, arce_gamma_reassignment_l1_mean=0.000000, arce_gamma_std=0.133405, arce_sample_gamma_mean=0.228884, arce_sampled_teacher_overlap_mean=0.538781, arce_sampler=marginal_topl, arce_teacher_missing_mass_mean=0.304430, arce_teacher_missing_mass_std=0.163365
09/05/2026,07:08:24: Training...
09/05/2026,07:08:25: Evaluating...
09/05/2026,07:08:25: 	Train Loss: 3459895.5000 (base: 587.3294, kd: 6918.6167), Elapsed: train 2.50 test 0.31 *
09/05/2026,07:08:25: 	Recall@10: 0.06325 Recall@20: 0.09050 NDCG@10: 0.03671 NDCG@20: 0.04420 
09/05/2026,07:08:25: 	Recall@10: 0.02502 Recall@20: 0.03752 NDCG@10: 0.01402 NDCG@20: 0.01745 
09/05/2026,07:08:25: Epoch [33/1000]
09/05/2026,07:08:25: Negative sampling...
09/05/2026,07:08:27: Model's personal time...
09/05/2026,07:08:27: Model diagnostics: arce_anchor_count_mean=27.095421, arce_blocker_budget_mean=22.904579, arce_blocker_entropy_mean=5.047720, arce_closure_difficulty_mean=0.797655, arce_closure_difficulty_std=0.331178, arce_gamma_effective_beta=3.000000, arce_gamma_max=1.000000, arce_gamma_mean=0.226597, arce_gamma_min=0.056135, arce_gamma_mode=sample_overlap, arce_gamma_reassignment_l1_mean=0.000000, arce_gamma_std=0.131701, arce_sample_gamma_mean=0.226597, arce_sampled_teacher_overlap_mean=0.541908, arce_sampler=marginal_topl, arce_teacher_missing_mass_mean=0.300729, arce_teacher_missing_mass_std=0.161679
09/05/2026,07:08:27: Training...
09/05/2026,07:08:28: Evaluating...
09/05/2026,07:08:28: 	Train Loss: 3457455.5000 (base: 573.4313, kd: 6913.7637), Elapsed: train 2.36 test 0.33 *
09/05/2026,07:08:28: 	Recall@10: 0.06401 Recall@20: 0.09006 NDCG@10: 0.03715 NDCG@20: 0.04434 
09/05/2026,07:08:28: 	Recall@10: 0.02509 Recall@20: 0.03810 NDCG@10: 0.01408 NDCG@20: 0.01764 
09/05/2026,07:08:28: Epoch [34/1000]
09/05/2026,07:08:28: Negative sampling...
09/05/2026,07:08:29: Model's personal time...
09/05/2026,07:08:29: Model diagnostics: arce_anchor_count_mean=27.277063, arce_blocker_budget_mean=22.722935, arce_blocker_entropy_mean=5.045381, arce_closure_difficulty_mean=0.792308, arce_closure_difficulty_std=0.330373, arce_gamma_effective_beta=3.000000, arce_gamma_max=1.000000, arce_gamma_mean=0.224127, arce_gamma_min=0.052866, arce_gamma_mode=sample_overlap, arce_gamma_reassignment_l1_mean=0.000000, arce_gamma_std=0.130098, arce_sample_gamma_mean=0.224127, arce_sampled_teacher_overlap_mean=0.545541, arce_sampler=marginal_topl, arce_teacher_missing_mass_mean=0.296768, arce_teacher_missing_mass_std=0.160090
09/05/2026,07:08:29: Training...
09/05/2026,07:08:30: Evaluating...
09/05/2026,07:08:31: 	Train Loss: 3455802.7500 (base: 562.8651, kd: 6910.4800), Elapsed: train 2.55 test 0.26 *
09/05/2026,07:08:31: 	Recall@10: 0.06402 Recall@20: 0.09038 NDCG@10: 0.03714 NDCG@20: 0.04440 
09/05/2026,07:08:31: 	Recall@10: 0.02540 Recall@20: 0.03767 NDCG@10: 0.01434 NDCG@20: 0.01768 
09/05/2026,07:08:31: Epoch [35/1000]
09/05/2026,07:08:31: Negative sampling...
09/05/2026,07:08:32: Model's personal time...
09/05/2026,07:08:32: Model diagnostics: arce_anchor_count_mean=27.446636, arce_blocker_budget_mean=22.553362, arce_blocker_entropy_mean=5.042730, arce_closure_difficulty_mean=0.788046, arce_closure_difficulty_std=0.330233, arce_gamma_effective_beta=3.000000, arce_gamma_max=1.000000, arce_gamma_mean=0.221841, arce_gamma_min=0.052866, arce_gamma_mode=sample_overlap, arce_gamma_reassignment_l1_mean=0.000000, arce_gamma_std=0.129054, arce_sample_gamma_mean=0.221841, arce_sampled_teacher_overlap_mean=0.548933, arce_sampler=marginal_topl, arce_teacher_missing_mass_mean=0.293229, arce_teacher_missing_mass_std=0.158945
09/05/2026,07:08:32: Training...
09/05/2026,07:08:33: Evaluating...
09/05/2026,07:08:33: 	Train Loss: 3454029.7500 (base: 551.3209, kd: 6906.9565), Elapsed: train 2.52 test 0.26 *
09/05/2026,07:08:33: 	Recall@10: 0.06400 Recall@20: 0.09052 NDCG@10: 0.03728 NDCG@20: 0.04466 
09/05/2026,07:08:33: 	Recall@10: 0.02503 Recall@20: 0.03771 NDCG@10: 0.01427 NDCG@20: 0.01777 
09/05/2026,07:08:33: Epoch [36/1000]
09/05/2026,07:08:33: Negative sampling...
09/05/2026,07:08:35: Model's personal time...
09/05/2026,07:08:35: Model diagnostics: arce_anchor_count_mean=27.602797, arce_blocker_budget_mean=22.397202, arce_blocker_entropy_mean=5.040284, arce_closure_difficulty_mean=0.782620, arce_closure_difficulty_std=0.328752, arce_gamma_effective_beta=3.000000, arce_gamma_max=1.000000, arce_gamma_mean=0.219721, arce_gamma_min=0.052866, arce_gamma_mode=sample_overlap, arce_gamma_reassignment_l1_mean=0.000000, arce_gamma_std=0.128001, arce_sample_gamma_mean=0.219721, arce_sampled_teacher_overlap_mean=0.552056, arce_sampler=marginal_topl, arce_teacher_missing_mass_mean=0.289601, arce_teacher_missing_mass_std=0.157477
09/05/2026,07:08:35: Training...
09/05/2026,07:08:36: Evaluating...
09/05/2026,07:08:36: 	Train Loss: 3451830.2500 (base: 540.3981, kd: 6902.5801), Elapsed: train 2.49 test 0.26 *
09/05/2026,07:08:36: 	Recall@10: 0.06401 Recall@20: 0.09106 NDCG@10: 0.03732 NDCG@20: 0.04478 
09/05/2026,07:08:36: 	Recall@10: 0.02524 Recall@20: 0.03763 NDCG@10: 0.01442 NDCG@20: 0.01778 
09/05/2026,07:08:36: Epoch [37/1000]
09/05/2026,07:08:36: Negative sampling...
09/05/2026,07:08:38: Model's personal time...
09/05/2026,07:08:38: Model diagnostics: arce_anchor_count_mean=27.758766, arce_blocker_budget_mean=22.241234, arce_blocker_entropy_mean=5.037248, arce_closure_difficulty_mean=0.777995, arce_closure_difficulty_std=0.327890, arce_gamma_effective_beta=3.000000, arce_gamma_max=1.000000, arce_gamma_mean=0.217616, arce_gamma_min=0.052866, arce_gamma_mode=sample_overlap, arce_gamma_reassignment_l1_mean=0.000000, arce_gamma_std=0.126870, arce_sample_gamma_mean=0.217616, arce_sampled_teacher_overlap_mean=0.555175, arce_sampler=marginal_topl, arce_teacher_missing_mass_mean=0.286100, arce_teacher_missing_mass_std=0.155853
09/05/2026,07:08:38: Training...
09/05/2026,07:08:39: Evaluating...
09/05/2026,07:08:39: 	Train Loss: 3449525.5000 (base: 527.9612, kd: 6897.9956), Elapsed: train 2.44 test 0.26
09/05/2026,07:08:39: 	Recall@10: 0.06444 Recall@20: 0.08962 NDCG@10: 0.03772 NDCG@20: 0.04473 
09/05/2026,07:08:39: 	Recall@10: 0.02580 Recall@20: 0.03816 NDCG@10: 0.01459 NDCG@20: 0.01797 
09/05/2026,07:08:39: Epoch [38/1000]
09/05/2026,07:08:39: Negative sampling...
09/05/2026,07:08:40: Model's personal time...
09/05/2026,07:08:40: Model diagnostics: arce_anchor_count_mean=27.916842, arce_blocker_budget_mean=22.083157, arce_blocker_entropy_mean=5.034536, arce_closure_difficulty_mean=0.773117, arce_closure_difficulty_std=0.326874, arce_gamma_effective_beta=3.000000, arce_gamma_max=1.000000, arce_gamma_mean=0.215341, arce_gamma_min=0.052866, arce_gamma_mode=sample_overlap, arce_gamma_reassignment_l1_mean=0.000000, arce_gamma_std=0.125007, arce_sample_gamma_mean=0.215341, arce_sampled_teacher_overlap_mean=0.558337, arce_sampler=marginal_topl, arce_teacher_missing_mass_mean=0.282513, arce_teacher_missing_mass_std=0.153904
09/05/2026,07:08:40: Training...
09/05/2026,07:08:41: Evaluating...
09/05/2026,07:08:42: 	Train Loss: 3449380.5000 (base: 521.1833, kd: 6897.7192), Elapsed: train 2.52 test 0.27 *
09/05/2026,07:08:42: 	Recall@10: 0.06472 Recall@20: 0.08998 NDCG@10: 0.03800 NDCG@20: 0.04495 
09/05/2026,07:08:42: 	Recall@10: 0.02556 Recall@20: 0.03783 NDCG@10: 0.01462 NDCG@20: 0.01796 
09/05/2026,07:08:42: Epoch [39/1000]
09/05/2026,07:08:42: Negative sampling...
09/05/2026,07:08:43: Model's personal time...
09/05/2026,07:08:43: Model diagnostics: arce_anchor_count_mean=28.067062, arce_blocker_budget_mean=21.932938, arce_blocker_entropy_mean=5.031850, arce_closure_difficulty_mean=0.768682, arce_closure_difficulty_std=0.326001, arce_gamma_effective_beta=3.000000, arce_gamma_max=1.000000, arce_gamma_mean=0.213214, arce_gamma_min=0.052866, arce_gamma_mode=sample_overlap, arce_gamma_reassignment_l1_mean=0.000000, arce_gamma_std=0.123198, arce_sample_gamma_mean=0.213214, arce_sampled_teacher_overlap_mean=0.561341, arce_sampler=marginal_topl, arce_teacher_missing_mass_mean=0.279326, arce_teacher_missing_mass_std=0.152376
09/05/2026,07:08:43: Training...
09/05/2026,07:08:44: Evaluating...
09/05/2026,07:08:45: 	Train Loss: 3447535.2500 (base: 512.3462, kd: 6894.0459), Elapsed: train 2.68 test 0.34 *
09/05/2026,07:08:45: 	Recall@10: 0.06452 Recall@20: 0.09114 NDCG@10: 0.03796 NDCG@20: 0.04528 
09/05/2026,07:08:45: 	Recall@10: 0.02545 Recall@20: 0.03840 NDCG@10: 0.01468 NDCG@20: 0.01821 
09/05/2026,07:08:45: Epoch [40/1000]
09/05/2026,07:08:45: Negative sampling...
09/05/2026,07:08:46: Model's personal time...
09/05/2026,07:08:46: Model diagnostics: arce_anchor_count_mean=28.207893, arce_blocker_budget_mean=21.792105, arce_blocker_entropy_mean=5.029833, arce_closure_difficulty_mean=0.763855, arce_closure_difficulty_std=0.324954, arce_gamma_effective_beta=3.000000, arce_gamma_max=1.000000, arce_gamma_mean=0.211374, arce_gamma_min=0.052866, arce_gamma_mode=sample_overlap, arce_gamma_reassignment_l1_mean=0.000000, arce_gamma_std=0.122260, arce_sample_gamma_mean=0.211374, arce_sampled_teacher_overlap_mean=0.564158, arce_sampler=marginal_topl, arce_teacher_missing_mass_mean=0.276070, arce_teacher_missing_mass_std=0.150998
09/05/2026,07:08:46: Training...
09/05/2026,07:08:47: Evaluating...
09/05/2026,07:08:47: 	Train Loss: 3447217.5000 (base: 503.1637, kd: 6893.4282), Elapsed: train 2.52 test 0.26
09/05/2026,07:08:47: 	Recall@10: 0.06473 Recall@20: 0.09018 NDCG@10: 0.03802 NDCG@20: 0.04513 
09/05/2026,07:08:47: 	Recall@10: 0.02555 Recall@20: 0.03914 NDCG@10: 0.01469 NDCG@20: 0.01839 
09/05/2026,07:08:47: Epoch [41/1000]
09/05/2026,07:08:47: Negative sampling...
09/05/2026,07:08:49: Model's personal time...
09/05/2026,07:08:49: Model diagnostics: arce_anchor_count_mean=28.335505, arce_blocker_budget_mean=21.664495, arce_blocker_entropy_mean=5.026940, arce_closure_difficulty_mean=0.759448, arce_closure_difficulty_std=0.324227, arce_gamma_effective_beta=3.000000, arce_gamma_max=1.000000, arce_gamma_mean=0.209650, arce_gamma_min=0.052866, arce_gamma_mode=sample_overlap, arce_gamma_reassignment_l1_mean=0.000000, arce_gamma_std=0.121143, arce_sample_gamma_mean=0.209650, arce_sampled_teacher_overlap_mean=0.566710, arce_sampler=marginal_topl, arce_teacher_missing_mass_mean=0.273066, arce_teacher_missing_mass_std=0.149539
09/05/2026,07:08:49: Training...
09/05/2026,07:08:50: Evaluating...
09/05/2026,07:08:50: 	Train Loss: 3444721.5000 (base: 490.5700, kd: 6888.4629), Elapsed: train 2.43 test 0.26 *
09/05/2026,07:08:50: 	Recall@10: 0.06417 Recall@20: 0.09105 NDCG@10: 0.03806 NDCG@20: 0.04547 
09/05/2026,07:08:50: 	Recall@10: 0.02558 Recall@20: 0.03975 NDCG@10: 0.01476 NDCG@20: 0.01857 
09/05/2026,07:08:50: Epoch [42/1000]
09/05/2026,07:08:50: Negative sampling...
09/05/2026,07:08:52: Model's personal time...
09/05/2026,07:08:52: Model diagnostics: arce_anchor_count_mean=28.474037, arce_blocker_budget_mean=21.525963, arce_blocker_entropy_mean=5.024476, arce_closure_difficulty_mean=0.755736, arce_closure_difficulty_std=0.324189, arce_gamma_effective_beta=3.000000, arce_gamma_max=1.000000, arce_gamma_mean=0.207969, arce_gamma_min=0.052866, arce_gamma_mode=sample_overlap, arce_gamma_reassignment_l1_mean=0.000000, arce_gamma_std=0.120766, arce_sample_gamma_mean=0.207969, arce_sampled_teacher_overlap_mean=0.569481, arce_sampler=marginal_topl, arce_teacher_missing_mass_mean=0.270503, arce_teacher_missing_mass_std=0.148783
09/05/2026,07:08:52: Training...
09/05/2026,07:08:53: Evaluating...
09/05/2026,07:08:53: 	Train Loss: 3443935.5000 (base: 485.6877, kd: 6886.8999), Elapsed: train 2.41 test 0.25
09/05/2026,07:08:53: 	Recall@10: 0.06397 Recall@20: 0.09081 NDCG@10: 0.03793 NDCG@20: 0.04542 
09/05/2026,07:08:53: 	Recall@10: 0.02602 Recall@20: 0.04007 NDCG@10: 0.01485 NDCG@20: 0.01864 
09/05/2026,07:08:53: Epoch [43/1000]
09/05/2026,07:08:53: Negative sampling...
09/05/2026,07:08:54: Model's personal time...
09/05/2026,07:08:54: Model diagnostics: arce_anchor_count_mean=28.594942, arce_blocker_budget_mean=21.405058, arce_blocker_entropy_mean=5.021704, arce_closure_difficulty_mean=0.752114, arce_closure_difficulty_std=0.322940, arce_gamma_effective_beta=3.000000, arce_gamma_max=1.000000, arce_gamma_mean=0.206305, arce_gamma_min=0.052866, arce_gamma_mode=sample_overlap, arce_gamma_reassignment_l1_mean=0.000000, arce_gamma_std=0.119432, arce_sample_gamma_mean=0.206305, arce_sampled_teacher_overlap_mean=0.571899, arce_sampler=marginal_topl, arce_teacher_missing_mass_mean=0.267818, arce_teacher_missing_mass_std=0.147264
09/05/2026,07:08:54: Training...
09/05/2026,07:08:55: Evaluating...
09/05/2026,07:08:56: 	Train Loss: 3442588.0000 (base: 477.6659, kd: 6884.2207), Elapsed: train 2.45 test 0.26 *
09/05/2026,07:08:56: 	Recall@10: 0.06492 Recall@20: 0.09202 NDCG@10: 0.03838 NDCG@20: 0.04579 
09/05/2026,07:08:56: 	Recall@10: 0.02580 Recall@20: 0.03981 NDCG@10: 0.01478 NDCG@20: 0.01853 
09/05/2026,07:08:56: Epoch [44/1000]
09/05/2026,07:08:56: Negative sampling...
09/05/2026,07:08:57: Model's personal time...
09/05/2026,07:08:57: Model diagnostics: arce_anchor_count_mean=28.712780, arce_blocker_budget_mean=21.287220, arce_blocker_entropy_mean=5.018939, arce_closure_difficulty_mean=0.748300, arce_closure_difficulty_std=0.322352, arce_gamma_effective_beta=3.000000, arce_gamma_max=1.000000, arce_gamma_mean=0.204712, arce_gamma_min=0.052866, arce_gamma_mode=sample_overlap, arce_gamma_reassignment_l1_mean=0.000000, arce_gamma_std=0.117874, arce_sample_gamma_mean=0.204712, arce_sampled_teacher_overlap_mean=0.574256, arce_sampler=marginal_topl, arce_teacher_missing_mass_mean=0.265312, arce_teacher_missing_mass_std=0.145986
09/05/2026,07:08:57: Training...
09/05/2026,07:08:58: Evaluating...
09/05/2026,07:08:58: 	Train Loss: 3440936.5000 (base: 467.6177, kd: 6880.9380), Elapsed: train 2.51 test 0.26
09/05/2026,07:08:58: 	Recall@10: 0.06500 Recall@20: 0.09154 NDCG@10: 0.03835 NDCG@20: 0.04568 
09/05/2026,07:08:58: 	Recall@10: 0.02617 Recall@20: 0.03969 NDCG@10: 0.01476 NDCG@20: 0.01841 
09/05/2026,07:08:58: Epoch [45/1000]
09/05/2026,07:08:58: Negative sampling...
09/05/2026,07:09:00: Model's personal time...
09/05/2026,07:09:00: Model diagnostics: arce_anchor_count_mean=28.855335, arce_blocker_budget_mean=21.144663, arce_blocker_entropy_mean=5.016486, arce_closure_difficulty_mean=0.744243, arce_closure_difficulty_std=0.322004, arce_gamma_effective_beta=3.000000, arce_gamma_max=1.000000, arce_gamma_mean=0.203077, arce_gamma_min=0.052866, arce_gamma_mode=sample_overlap, arce_gamma_reassignment_l1_mean=0.000000, arce_gamma_std=0.117786, arce_sample_gamma_mean=0.203077, arce_sampled_teacher_overlap_mean=0.577107, arce_sampler=marginal_topl, arce_teacher_missing_mass_mean=0.262502, arce_teacher_missing_mass_std=0.145415
09/05/2026,07:09:00: Training...
09/05/2026,07:09:01: Evaluating...
09/05/2026,07:09:01: 	Train Loss: 3440952.7500 (base: 459.2521, kd: 6880.9873), Elapsed: train 2.50 test 0.26 *
09/05/2026,07:09:01: 	Recall@10: 0.06451 Recall@20: 0.09193 NDCG@10: 0.03834 NDCG@20: 0.04592 
09/05/2026,07:09:01: 	Recall@10: 0.02616 Recall@20: 0.03976 NDCG@10: 0.01478 NDCG@20: 0.01844 
09/05/2026,07:09:01: Epoch [46/1000]
09/05/2026,07:09:01: Negative sampling...
09/05/2026,07:09:02: Model's personal time...
09/05/2026,07:09:02: Model diagnostics: arce_anchor_count_mean=28.974323, arce_blocker_budget_mean=21.025675, arce_blocker_entropy_mean=5.014425, arce_closure_difficulty_mean=0.740843, arce_closure_difficulty_std=0.321439, arce_gamma_effective_beta=3.000000, arce_gamma_max=1.000000, arce_gamma_mean=0.201525, arce_gamma_min=0.052866, arce_gamma_mode=sample_overlap, arce_gamma_reassignment_l1_mean=0.000000, arce_gamma_std=0.116685, arce_sample_gamma_mean=0.201525, arce_sampled_teacher_overlap_mean=0.579486, arce_sampler=marginal_topl, arce_teacher_missing_mass_mean=0.260088, arce_teacher_missing_mass_std=0.144011
09/05/2026,07:09:02: Training...
09/05/2026,07:09:04: Evaluating...
09/05/2026,07:09:04: 	Train Loss: 3439602.0000 (base: 456.3082, kd: 6878.2915), Elapsed: train 2.45 test 0.26 *
09/05/2026,07:09:04: 	Recall@10: 0.06463 Recall@20: 0.09181 NDCG@10: 0.03848 NDCG@20: 0.04603 
09/05/2026,07:09:04: 	Recall@10: 0.02625 Recall@20: 0.03961 NDCG@10: 0.01487 NDCG@20: 0.01847 
09/05/2026,07:09:04: Epoch [47/1000]
09/05/2026,07:09:04: Negative sampling...
09/05/2026,07:09:05: Model's personal time...
09/05/2026,07:09:05: Model diagnostics: arce_anchor_count_mean=29.094845, arce_blocker_budget_mean=20.905153, arce_blocker_entropy_mean=5.011434, arce_closure_difficulty_mean=0.736708, arce_closure_difficulty_std=0.321388, arce_gamma_effective_beta=3.000000, arce_gamma_max=1.000000, arce_gamma_mean=0.200070, arce_gamma_min=0.049787, arce_gamma_mode=sample_overlap, arce_gamma_reassignment_l1_mean=0.000000, arce_gamma_std=0.115819, arce_sample_gamma_mean=0.200070, arce_sampled_teacher_overlap_mean=0.581897, arce_sampler=marginal_topl, arce_teacher_missing_mass_mean=0.257682, arce_teacher_missing_mass_std=0.143382
09/05/2026,07:09:05: Training...
09/05/2026,07:09:06: Evaluating...
09/05/2026,07:09:07: 	Train Loss: 3439449.5000 (base: 447.4810, kd: 6878.0044), Elapsed: train 2.45 test 0.27 *
09/05/2026,07:09:07: 	Recall@10: 0.06523 Recall@20: 0.09180 NDCG@10: 0.03868 NDCG@20: 0.04605 
09/05/2026,07:09:07: 	Recall@10: 0.02587 Recall@20: 0.03998 NDCG@10: 0.01462 NDCG@20: 0.01843 
09/05/2026,07:09:07: Epoch [48/1000]
09/05/2026,07:09:07: Negative sampling...
09/05/2026,07:09:08: Model's personal time...
09/05/2026,07:09:08: Model diagnostics: arce_anchor_count_mean=29.212685, arce_blocker_budget_mean=20.787315, arce_blocker_entropy_mean=5.008981, arce_closure_difficulty_mean=0.732709, arce_closure_difficulty_std=0.319918, arce_gamma_effective_beta=3.000000, arce_gamma_max=1.000000, arce_gamma_mean=0.198646, arce_gamma_min=0.052866, arce_gamma_mode=sample_overlap, arce_gamma_reassignment_l1_mean=0.000000, arce_gamma_std=0.115031, arce_sample_gamma_mean=0.198646, arce_sampled_teacher_overlap_mean=0.584254, arce_sampler=marginal_topl, arce_teacher_missing_mass_mean=0.254965, arce_teacher_missing_mass_std=0.141642
09/05/2026,07:09:08: Training...
09/05/2026,07:09:09: Evaluating...
09/05/2026,07:09:09: 	Train Loss: 3438889.0000 (base: 438.5115, kd: 6876.9009), Elapsed: train 2.56 test 0.27 *
09/05/2026,07:09:09: 	Recall@10: 0.06430 Recall@20: 0.09217 NDCG@10: 0.03839 NDCG@20: 0.04609 
09/05/2026,07:09:09: 	Recall@10: 0.02625 Recall@20: 0.04007 NDCG@10: 0.01480 NDCG@20: 0.01852 
09/05/2026,07:09:09: Epoch [49/1000]
09/05/2026,07:09:09: Negative sampling...
09/05/2026,07:09:11: Model's personal time...
09/05/2026,07:09:11: Model diagnostics: arce_anchor_count_mean=29.336271, arce_blocker_budget_mean=20.663729, arce_blocker_entropy_mean=5.006479, arce_closure_difficulty_mean=0.729671, arce_closure_difficulty_std=0.319724, arce_gamma_effective_beta=3.000000, arce_gamma_max=1.000000, arce_gamma_mean=0.197029, arce_gamma_min=0.052866, arce_gamma_mode=sample_overlap, arce_gamma_reassignment_l1_mean=0.000000, arce_gamma_std=0.113861, arce_sample_gamma_mean=0.197029, arce_sampled_teacher_overlap_mean=0.586725, arce_sampler=marginal_topl, arce_teacher_missing_mass_mean=0.252683, arce_teacher_missing_mass_std=0.140547
09/05/2026,07:09:11: Training...
09/05/2026,07:09:12: Evaluating...
09/05/2026,07:09:12: 	Train Loss: 3437532.2500 (base: 433.9007, kd: 6874.1968), Elapsed: train 2.60 test 0.33
09/05/2026,07:09:12: 	Recall@10: 0.06395 Recall@20: 0.09149 NDCG@10: 0.03830 NDCG@20: 0.04594 
09/05/2026,07:09:12: 	Recall@10: 0.02616 Recall@20: 0.04041 NDCG@10: 0.01461 NDCG@20: 0.01845 
09/05/2026,07:09:12: Epoch [50/1000]
09/05/2026,07:09:12: Negative sampling...
09/05/2026,07:09:14: Model's personal time...
09/05/2026,07:09:14: Model diagnostics: arce_anchor_count_mean=29.426327, arce_blocker_budget_mean=20.573673, arce_blocker_entropy_mean=5.004559, arce_closure_difficulty_mean=0.726541, arce_closure_difficulty_std=0.318948, arce_gamma_effective_beta=3.000000, arce_gamma_max=1.000000, arce_gamma_mean=0.195986, arce_gamma_min=0.052866, arce_gamma_mode=sample_overlap, arce_gamma_reassignment_l1_mean=0.000000, arce_gamma_std=0.113367, arce_sample_gamma_mean=0.195986, arce_sampled_teacher_overlap_mean=0.588526, arce_sampler=marginal_topl, arce_teacher_missing_mass_mean=0.250735, arce_teacher_missing_mass_std=0.139708
09/05/2026,07:09:14: Training...
09/05/2026,07:09:15: Evaluating...
09/05/2026,07:09:15: 	Train Loss: 3437554.7500 (base: 430.1892, kd: 6874.2485), Elapsed: train 2.56 test 0.27 *
09/05/2026,07:09:15: 	Recall@10: 0.06381 Recall@20: 0.09255 NDCG@10: 0.03840 NDCG@20: 0.04636 
09/05/2026,07:09:15: 	Recall@10: 0.02635 Recall@20: 0.04041 NDCG@10: 0.01488 NDCG@20: 0.01866 
09/05/2026,07:09:15: Epoch [51/1000]
09/05/2026,07:09:15: Negative sampling...
09/05/2026,07:09:16: Model's personal time...
09/05/2026,07:09:16: Model diagnostics: arce_anchor_count_mean=29.518681, arce_blocker_budget_mean=20.481318, arce_blocker_entropy_mean=5.002182, arce_closure_difficulty_mean=0.723234, arce_closure_difficulty_std=0.318047, arce_gamma_effective_beta=3.000000, arce_gamma_max=1.000000, arce_gamma_mean=0.194878, arce_gamma_min=0.052866, arce_gamma_mode=sample_overlap, arce_gamma_reassignment_l1_mean=0.000000, arce_gamma_std=0.112674, arce_sample_gamma_mean=0.194878, arce_sampled_teacher_overlap_mean=0.590374, arce_sampler=marginal_topl, arce_teacher_missing_mass_mean=0.248663, arce_teacher_missing_mass_std=0.138577
09/05/2026,07:09:16: Training...
09/05/2026,07:09:18: Evaluating...
09/05/2026,07:09:18: 	Train Loss: 3436834.0000 (base: 421.2546, kd: 6872.8257), Elapsed: train 2.46 test 0.26 *
09/05/2026,07:09:18: 	Recall@10: 0.06400 Recall@20: 0.09296 NDCG@10: 0.03844 NDCG@20: 0.04646 
09/05/2026,07:09:18: 	Recall@10: 0.02654 Recall@20: 0.04011 NDCG@10: 0.01503 NDCG@20: 0.01872 
09/05/2026,07:09:18: Epoch [52/1000]
09/05/2026,07:09:18: Negative sampling...
09/05/2026,07:09:19: Model's personal time...
09/05/2026,07:09:19: Model diagnostics: arce_anchor_count_mean=29.619850, arce_blocker_budget_mean=20.380150, arce_blocker_entropy_mean=5.000133, arce_closure_difficulty_mean=0.719585, arce_closure_difficulty_std=0.316905, arce_gamma_effective_beta=3.000000, arce_gamma_max=1.000000, arce_gamma_mean=0.193722, arce_gamma_min=0.052866, arce_gamma_mode=sample_overlap, arce_gamma_reassignment_l1_mean=0.000000, arce_gamma_std=0.112283, arce_sample_gamma_mean=0.193722, arce_sampled_teacher_overlap_mean=0.592397, arce_sampler=marginal_topl, arce_teacher_missing_mass_mean=0.246612, arce_teacher_missing_mass_std=0.137861
09/05/2026,07:09:19: Training...
09/05/2026,07:09:20: Evaluating...
09/05/2026,07:09:21: 	Train Loss: 3436370.5000 (base: 418.9219, kd: 6871.9028), Elapsed: train 2.58 test 0.26
09/05/2026,07:09:21: 	Recall@10: 0.06382 Recall@20: 0.09259 NDCG@10: 0.03841 NDCG@20: 0.04631 
09/05/2026,07:09:21: 	Recall@10: 0.02651 Recall@20: 0.04072 NDCG@10: 0.01490 NDCG@20: 0.01873 
09/05/2026,07:09:21: Epoch [53/1000]
09/05/2026,07:09:21: Negative sampling...
09/05/2026,07:09:22: Model's personal time...
09/05/2026,07:09:22: Model diagnostics: arce_anchor_count_mean=29.739222, arce_blocker_budget_mean=20.260778, arce_blocker_entropy_mean=4.998068, arce_closure_difficulty_mean=0.716148, arce_closure_difficulty_std=0.316379, arce_gamma_effective_beta=3.000000, arce_gamma_max=1.000000, arce_gamma_mean=0.192313, arce_gamma_min=0.052866, arce_gamma_mode=sample_overlap, arce_gamma_reassignment_l1_mean=0.000000, arce_gamma_std=0.111333, arce_sample_gamma_mean=0.192313, arce_sampled_teacher_overlap_mean=0.594784, arce_sampler=marginal_topl, arce_teacher_missing_mass_mean=0.244401, arce_teacher_missing_mass_std=0.136793
09/05/2026,07:09:22: Training...
09/05/2026,07:09:23: Evaluating...
09/05/2026,07:09:24: 	Train Loss: 3435563.2500 (base: 410.9264, kd: 6870.3047), Elapsed: train 2.63 test 0.27 *
09/05/2026,07:09:24: 	Recall@10: 0.06505 Recall@20: 0.09355 NDCG@10: 0.03883 NDCG@20: 0.04665 
09/05/2026,07:09:24: 	Recall@10: 0.02660 Recall@20: 0.04062 NDCG@10: 0.01518 NDCG@20: 0.01898 
09/05/2026,07:09:24: Epoch [54/1000]
09/05/2026,07:09:24: Negative sampling...
09/05/2026,07:09:25: Model's personal time...
09/05/2026,07:09:25: Model diagnostics: arce_anchor_count_mean=29.834068, arce_blocker_budget_mean=20.165932, arce_blocker_entropy_mean=4.995571, arce_closure_difficulty_mean=0.712934, arce_closure_difficulty_std=0.315153, arce_gamma_effective_beta=3.000000, arce_gamma_max=1.000000, arce_gamma_mean=0.191103, arce_gamma_min=0.052866, arce_gamma_mode=sample_overlap, arce_gamma_reassignment_l1_mean=0.000000, arce_gamma_std=0.110430, arce_sample_gamma_mean=0.191103, arce_sampled_teacher_overlap_mean=0.596681, arce_sampler=marginal_topl, arce_teacher_missing_mass_mean=0.242346, arce_teacher_missing_mass_std=0.135468
09/05/2026,07:09:25: Training...
09/05/2026,07:09:26: Evaluating...
09/05/2026,07:09:26: 	Train Loss: 3434958.2500 (base: 404.9056, kd: 6869.1069), Elapsed: train 2.44 test 0.27
09/05/2026,07:09:26: 	Recall@10: 0.06398 Recall@20: 0.09257 NDCG@10: 0.03838 NDCG@20: 0.04630 
09/05/2026,07:09:26: 	Recall@10: 0.02639 Recall@20: 0.04033 NDCG@10: 0.01515 NDCG@20: 0.01893 
09/05/2026,07:09:26: Epoch [55/1000]
09/05/2026,07:09:26: Negative sampling...
09/05/2026,07:09:28: Model's personal time...
09/05/2026,07:09:28: Model diagnostics: arce_anchor_count_mean=29.909752, arce_blocker_budget_mean=20.090246, arce_blocker_entropy_mean=4.993046, arce_closure_difficulty_mean=0.709794, arce_closure_difficulty_std=0.314333, arce_gamma_effective_beta=3.000000, arce_gamma_max=1.000000, arce_gamma_mean=0.190217, arce_gamma_min=0.052866, arce_gamma_mode=sample_overlap, arce_gamma_reassignment_l1_mean=0.000000, arce_gamma_std=0.110072, arce_sample_gamma_mean=0.190217, arce_sampled_teacher_overlap_mean=0.598195, arce_sampler=marginal_topl, arce_teacher_missing_mass_mean=0.240526, arce_teacher_missing_mass_std=0.134441
09/05/2026,07:09:28: Training...
09/05/2026,07:09:29: Evaluating...
09/05/2026,07:09:29: 	Train Loss: 3434483.5000 (base: 398.9778, kd: 6868.1694), Elapsed: train 2.50 test 0.27
09/05/2026,07:09:29: 	Recall@10: 0.06522 Recall@20: 0.09249 NDCG@10: 0.03870 NDCG@20: 0.04622 
09/05/2026,07:09:29: 	Recall@10: 0.02697 Recall@20: 0.04077 NDCG@10: 0.01521 NDCG@20: 0.01891 
09/05/2026,07:09:29: Epoch [56/1000]
09/05/2026,07:09:29: Negative sampling...
09/05/2026,07:09:30: Model's personal time...
09/05/2026,07:09:30: Model diagnostics: arce_anchor_count_mean=30.017244, arce_blocker_budget_mean=19.982756, arce_blocker_entropy_mean=4.990852, arce_closure_difficulty_mean=0.706321, arce_closure_difficulty_std=0.313292, arce_gamma_effective_beta=3.000000, arce_gamma_max=1.000000, arce_gamma_mean=0.188946, arce_gamma_min=0.052866, arce_gamma_mode=sample_overlap, arce_gamma_reassignment_l1_mean=0.000000, arce_gamma_std=0.109341, arce_sample_gamma_mean=0.188946, arce_sampled_teacher_overlap_mean=0.600345, arce_sampler=marginal_topl, arce_teacher_missing_mass_mean=0.238464, arce_teacher_missing_mass_std=0.133471
09/05/2026,07:09:30: Training...
09/05/2026,07:09:32: Evaluating...
09/05/2026,07:09:32: 	Train Loss: 3434248.7500 (base: 394.8862, kd: 6867.7080), Elapsed: train 2.47 test 0.27
09/05/2026,07:09:32: 	Recall@10: 0.06467 Recall@20: 0.09296 NDCG@10: 0.03855 NDCG@20: 0.04639 
09/05/2026,07:09:32: 	Recall@10: 0.02689 Recall@20: 0.04102 NDCG@10: 0.01518 NDCG@20: 0.01895 
09/05/2026,07:09:32: Epoch [57/1000]
09/05/2026,07:09:32: Negative sampling...
09/05/2026,07:09:33: Model's personal time...
09/05/2026,07:09:33: Model diagnostics: arce_anchor_count_mean=30.101551, arce_blocker_budget_mean=19.898447, arce_blocker_entropy_mean=4.988468, arce_closure_difficulty_mean=0.703811, arce_closure_difficulty_std=0.312730, arce_gamma_effective_beta=3.000000, arce_gamma_max=1.000000, arce_gamma_mean=0.187878, arce_gamma_min=0.052866, arce_gamma_mode=sample_overlap, arce_gamma_reassignment_l1_mean=0.000000, arce_gamma_std=0.108437, arce_sample_gamma_mean=0.187878, arce_sampled_teacher_overlap_mean=0.602031, arce_sampler=marginal_topl, arce_teacher_missing_mass_mean=0.236790, arce_teacher_missing_mass_std=0.132420
09/05/2026,07:09:33: Training...
09/05/2026,07:09:34: Evaluating...
09/05/2026,07:09:34: 	Train Loss: 3433867.0000 (base: 388.4612, kd: 6866.9565), Elapsed: train 2.29 test 0.26
09/05/2026,07:09:34: 	Recall@10: 0.06549 Recall@20: 0.09317 NDCG@10: 0.03895 NDCG@20: 0.04655 
09/05/2026,07:09:34: 	Recall@10: 0.02687 Recall@20: 0.04047 NDCG@10: 0.01521 NDCG@20: 0.01888 
09/05/2026,07:09:34: Epoch [58/1000]
09/05/2026,07:09:34: Negative sampling...
09/05/2026,07:09:36: Model's personal time...
09/05/2026,07:09:36: Model diagnostics: arce_anchor_count_mean=30.199080, arce_blocker_budget_mean=19.800919, arce_blocker_entropy_mean=4.985600, arce_closure_difficulty_mean=0.700825, arce_closure_difficulty_std=0.311799, arce_gamma_effective_beta=3.000000, arce_gamma_max=1.000000, arce_gamma_mean=0.186734, arce_gamma_min=0.052866, arce_gamma_mode=sample_overlap, arce_gamma_reassignment_l1_mean=0.000000, arce_gamma_std=0.107897, arce_sample_gamma_mean=0.186734, arce_sampled_teacher_overlap_mean=0.603982, arce_sampler=marginal_topl, arce_teacher_missing_mass_mean=0.235005, arce_teacher_missing_mass_std=0.131548
09/05/2026,07:09:36: Training...
09/05/2026,07:09:37: Evaluating...
09/05/2026,07:09:37: 	Train Loss: 3432898.0000 (base: 385.5870, kd: 6865.0239), Elapsed: train 2.49 test 0.26
09/05/2026,07:09:37: 	Recall@10: 0.06450 Recall@20: 0.09249 NDCG@10: 0.03864 NDCG@20: 0.04632 
09/05/2026,07:09:37: 	Recall@10: 0.02678 Recall@20: 0.04127 NDCG@10: 0.01512 NDCG@20: 0.01898 
09/05/2026,07:09:37: Epoch [59/1000]
09/05/2026,07:09:37: Negative sampling...
09/05/2026,07:09:38: Model's personal time...
09/05/2026,07:09:38: Model diagnostics: arce_anchor_count_mean=30.292776, arce_blocker_budget_mean=19.707224, arce_blocker_entropy_mean=4.983041, arce_closure_difficulty_mean=0.698113, arce_closure_difficulty_std=0.311327, arce_gamma_effective_beta=3.000000, arce_gamma_max=1.000000, arce_gamma_mean=0.185683, arce_gamma_min=0.052866, arce_gamma_mode=sample_overlap, arce_gamma_reassignment_l1_mean=0.000000, arce_gamma_std=0.107307, arce_sample_gamma_mean=0.185683, arce_sampled_teacher_overlap_mean=0.605856, arce_sampler=marginal_topl, arce_teacher_missing_mass_mean=0.233220, arce_teacher_missing_mass_std=0.130791
09/05/2026,07:09:38: Training...
09/05/2026,07:09:40: Evaluating...
09/05/2026,07:09:40: 	Train Loss: 3432753.5000 (base: 380.0934, kd: 6864.7461), Elapsed: train 2.53 test 0.33
09/05/2026,07:09:40: 	Recall@10: 0.06507 Recall@20: 0.09285 NDCG@10: 0.03883 NDCG@20: 0.04648 
09/05/2026,07:09:40: 	Recall@10: 0.02652 Recall@20: 0.04050 NDCG@10: 0.01504 NDCG@20: 0.01880 
09/05/2026,07:09:40: Epoch [60/1000]
09/05/2026,07:09:40: Negative sampling...
09/05/2026,07:09:41: Model's personal time...
09/05/2026,07:09:41: Model diagnostics: arce_anchor_count_mean=30.396435, arce_blocker_budget_mean=19.603563, arce_blocker_entropy_mean=4.981006, arce_closure_difficulty_mean=0.694835, arce_closure_difficulty_std=0.310811, arce_gamma_effective_beta=3.000000, arce_gamma_max=0.941765, arce_gamma_mean=0.184482, arce_gamma_min=0.052866, arce_gamma_mode=sample_overlap, arce_gamma_reassignment_l1_mean=0.000000, arce_gamma_std=0.106612, arce_sample_gamma_mean=0.184482, arce_sampled_teacher_overlap_mean=0.607929, arce_sampler=marginal_topl, arce_teacher_missing_mass_mean=0.231305, arce_teacher_missing_mass_std=0.129720
09/05/2026,07:09:41: Training...
09/05/2026,07:09:42: Evaluating...
09/05/2026,07:09:43: 	Train Loss: 3433001.0000 (base: 377.9608, kd: 6865.2461), Elapsed: train 2.48 test 0.27 *
09/05/2026,07:09:43: 	Recall@10: 0.06502 Recall@20: 0.09303 NDCG@10: 0.03900 NDCG@20: 0.04665 
09/05/2026,07:09:43: 	Recall@10: 0.02708 Recall@20: 0.04088 NDCG@10: 0.01517 NDCG@20: 0.01889 
09/05/2026,07:09:43: Epoch [61/1000]
09/05/2026,07:09:43: Negative sampling...
09/05/2026,07:09:44: Model's personal time...
09/05/2026,07:09:44: Model diagnostics: arce_anchor_count_mean=30.492239, arce_blocker_budget_mean=19.507759, arce_blocker_entropy_mean=4.979184, arce_closure_difficulty_mean=0.692166, arce_closure_difficulty_std=0.310126, arce_gamma_effective_beta=3.000000, arce_gamma_max=1.000000, arce_gamma_mean=0.183310, arce_gamma_min=0.052866, arce_gamma_mode=sample_overlap, arce_gamma_reassignment_l1_mean=0.000000, arce_gamma_std=0.105793, arce_sample_gamma_mean=0.183310, arce_sampled_teacher_overlap_mean=0.609845, arce_sampler=marginal_topl, arce_teacher_missing_mass_mean=0.229610, arce_teacher_missing_mass_std=0.129030
09/05/2026,07:09:44: Training...
09/05/2026,07:09:45: Evaluating...
09/05/2026,07:09:45: 	Train Loss: 3432271.0000 (base: 370.4078, kd: 6863.8008), Elapsed: train 2.46 test 0.27
09/05/2026,07:09:45: 	Recall@10: 0.06491 Recall@20: 0.09340 NDCG@10: 0.03880 NDCG@20: 0.04662 
09/05/2026,07:09:45: 	Recall@10: 0.02711 Recall@20: 0.04082 NDCG@10: 0.01519 NDCG@20: 0.01886 
09/05/2026,07:09:45: Epoch [62/1000]
09/05/2026,07:09:45: Negative sampling...
09/05/2026,07:09:47: Model's personal time...
09/05/2026,07:09:47: Model diagnostics: arce_anchor_count_mean=30.588617, arce_blocker_budget_mean=19.411381, arce_blocker_entropy_mean=4.977544, arce_closure_difficulty_mean=0.688863, arce_closure_difficulty_std=0.308822, arce_gamma_effective_beta=3.000000, arce_gamma_max=1.000000, arce_gamma_mean=0.182211, arce_gamma_min=0.052866, arce_gamma_mode=sample_overlap, arce_gamma_reassignment_l1_mean=0.000000, arce_gamma_std=0.105140, arce_sample_gamma_mean=0.182211, arce_sampled_teacher_overlap_mean=0.611772, arce_sampler=marginal_topl, arce_teacher_missing_mass_mean=0.227560, arce_teacher_missing_mass_std=0.127601
09/05/2026,07:09:47: Training...
09/05/2026,07:09:48: Evaluating...
09/05/2026,07:09:48: 	Train Loss: 3431839.2500 (base: 365.8806, kd: 6862.9463), Elapsed: train 2.47 test 0.27 *
09/05/2026,07:09:48: 	Recall@10: 0.06535 Recall@20: 0.09404 NDCG@10: 0.03894 NDCG@20: 0.04678 
09/05/2026,07:09:48: 	Recall@10: 0.02711 Recall@20: 0.04081 NDCG@10: 0.01526 NDCG@20: 0.01895 
09/05/2026,07:09:48: Epoch [63/1000]
09/05/2026,07:09:48: Negative sampling...
09/05/2026,07:09:50: Model's personal time...
09/05/2026,07:09:50: Model diagnostics: arce_anchor_count_mean=30.678673, arce_blocker_budget_mean=19.321325, arce_blocker_entropy_mean=4.974781, arce_closure_difficulty_mean=0.685918, arce_closure_difficulty_std=0.307763, arce_gamma_effective_beta=3.000000, arce_gamma_max=1.000000, arce_gamma_mean=0.181195, arce_gamma_min=0.052866, arce_gamma_mode=sample_overlap, arce_gamma_reassignment_l1_mean=0.000000, arce_gamma_std=0.104602, arce_sample_gamma_mean=0.181195, arce_sampled_teacher_overlap_mean=0.613573, arce_sampler=marginal_topl, arce_teacher_missing_mass_mean=0.225869, arce_teacher_missing_mass_std=0.126647
09/05/2026,07:09:50: Training...
09/05/2026,07:09:51: Evaluating...
09/05/2026,07:09:51: 	Train Loss: 3431487.5000 (base: 363.3589, kd: 6862.2480), Elapsed: train 2.63 test 0.26
09/05/2026,07:09:51: 	Recall@10: 0.06476 Recall@20: 0.09315 NDCG@10: 0.03899 NDCG@20: 0.04671 
09/05/2026,07:09:51: 	Recall@10: 0.02708 Recall@20: 0.04060 NDCG@10: 0.01527 NDCG@20: 0.01890 
09/05/2026,07:09:51: Epoch [64/1000]
09/05/2026,07:09:51: Negative sampling...
09/05/2026,07:09:52: Model's personal time...
09/05/2026,07:09:52: Model diagnostics: arce_anchor_count_mean=30.766047, arce_blocker_budget_mean=19.233953, arce_blocker_entropy_mean=4.973547, arce_closure_difficulty_mean=0.683062, arce_closure_difficulty_std=0.307655, arce_gamma_effective_beta=3.000000, arce_gamma_max=1.000000, arce_gamma_mean=0.180249, arce_gamma_min=0.052866, arce_gamma_mode=sample_overlap, arce_gamma_reassignment_l1_mean=0.000000, arce_gamma_std=0.104105, arce_sample_gamma_mean=0.180249, arce_sampled_teacher_overlap_mean=0.615321, arce_sampler=marginal_topl, arce_teacher_missing_mass_mean=0.224346, arce_teacher_missing_mass_std=0.126269
09/05/2026,07:09:52: Training...
09/05/2026,07:09:54: Evaluating...
09/05/2026,07:09:54: 	Train Loss: 3431685.7500 (base: 353.0441, kd: 6862.6655), Elapsed: train 2.65 test 0.32
09/05/2026,07:09:54: 	Recall@10: 0.06542 Recall@20: 0.09310 NDCG@10: 0.03915 NDCG@20: 0.04673 
09/05/2026,07:09:54: 	Recall@10: 0.02716 Recall@20: 0.04042 NDCG@10: 0.01530 NDCG@20: 0.01888 
09/05/2026,07:09:54: Epoch [65/1000]
09/05/2026,07:09:54: Negative sampling...
09/05/2026,07:09:55: Model's personal time...
09/05/2026,07:09:55: Model diagnostics: arce_anchor_count_mean=30.865875, arce_blocker_budget_mean=19.134125, arce_blocker_entropy_mean=4.970898, arce_closure_difficulty_mean=0.679838, arce_closure_difficulty_std=0.307133, arce_gamma_effective_beta=3.000000, arce_gamma_max=1.000000, arce_gamma_mean=0.179183, arce_gamma_min=0.052866, arce_gamma_mode=sample_overlap, arce_gamma_reassignment_l1_mean=0.000000, arce_gamma_std=0.103703, arce_sample_gamma_mean=0.179183, arce_sampled_teacher_overlap_mean=0.617317, arce_sampler=marginal_topl, arce_teacher_missing_mass_mean=0.222554, arce_teacher_missing_mass_std=0.125513
09/05/2026,07:09:55: Training...
09/05/2026,07:09:56: Evaluating...
09/05/2026,07:09:57: 	Train Loss: 3431837.7500 (base: 355.2386, kd: 6862.9648), Elapsed: train 2.43 test 0.27 *
09/05/2026,07:09:57: 	Recall@10: 0.06447 Recall@20: 0.09408 NDCG@10: 0.03886 NDCG@20: 0.04697 
09/05/2026,07:09:57: 	Recall@10: 0.02740 Recall@20: 0.04116 NDCG@10: 0.01527 NDCG@20: 0.01894 
09/05/2026,07:09:57: Epoch [66/1000]
09/05/2026,07:09:57: Negative sampling...
09/05/2026,07:09:58: Model's personal time...
09/05/2026,07:09:58: Model diagnostics: arce_anchor_count_mean=30.948648, arce_blocker_budget_mean=19.051352, arce_blocker_entropy_mean=4.969532, arce_closure_difficulty_mean=0.676967, arce_closure_difficulty_std=0.306367, arce_gamma_effective_beta=3.000000, arce_gamma_max=1.000000, arce_gamma_mean=0.178147, arce_gamma_min=0.052866, arce_gamma_mode=sample_overlap, arce_gamma_reassignment_l1_mean=0.000000, arce_gamma_std=0.102694, arce_sample_gamma_mean=0.178147, arce_sampled_teacher_overlap_mean=0.618973, arce_sampler=marginal_topl, arce_teacher_missing_mass_mean=0.220956, arce_teacher_missing_mass_std=0.124662
09/05/2026,07:09:58: Training...
09/05/2026,07:09:59: Evaluating...
09/05/2026,07:09:59: 	Train Loss: 3430789.2500 (base: 351.0658, kd: 6860.8770), Elapsed: train 2.49 test 0.26 *
09/05/2026,07:09:59: 	Recall@10: 0.06506 Recall@20: 0.09367 NDCG@10: 0.03921 NDCG@20: 0.04706 
09/05/2026,07:09:59: 	Recall@10: 0.02713 Recall@20: 0.04139 NDCG@10: 0.01535 NDCG@20: 0.01917 
09/05/2026,07:09:59: Epoch [67/1000]
09/05/2026,07:09:59: Negative sampling...
09/05/2026,07:10:01: Model's personal time...
09/05/2026,07:10:01: Model diagnostics: arce_anchor_count_mean=31.045219, arce_blocker_budget_mean=18.954781, arce_blocker_entropy_mean=4.966752, arce_closure_difficulty_mean=0.674191, arce_closure_difficulty_std=0.306003, arce_gamma_effective_beta=3.000000, arce_gamma_max=1.000000, arce_gamma_mean=0.177034, arce_gamma_min=0.052866, arce_gamma_mode=sample_overlap, arce_gamma_reassignment_l1_mean=0.000000, arce_gamma_std=0.102065, arce_sample_gamma_mean=0.177034, arce_sampled_teacher_overlap_mean=0.620904, arce_sampler=marginal_topl, arce_teacher_missing_mass_mean=0.219333, arce_teacher_missing_mass_std=0.124010
09/05/2026,07:10:01: Training...
09/05/2026,07:10:02: Evaluating...
09/05/2026,07:10:02: 	Train Loss: 3431157.7500 (base: 347.3715, kd: 6861.6211), Elapsed: train 2.48 test 0.26 *
09/05/2026,07:10:02: 	Recall@10: 0.06581 Recall@20: 0.09430 NDCG@10: 0.03949 NDCG@20: 0.04725 
09/05/2026,07:10:02: 	Recall@10: 0.02702 Recall@20: 0.04109 NDCG@10: 0.01528 NDCG@20: 0.01907 
09/05/2026,07:10:02: Epoch [68/1000]
09/05/2026,07:10:02: Negative sampling...
09/05/2026,07:10:04: Model's personal time...
09/05/2026,07:10:04: Model diagnostics: arce_anchor_count_mean=31.119179, arce_blocker_budget_mean=18.880819, arce_blocker_entropy_mean=4.965844, arce_closure_difficulty_mean=0.671696, arce_closure_difficulty_std=0.305352, arce_gamma_effective_beta=3.000000, arce_gamma_max=0.835270, arce_gamma_mean=0.176189, arce_gamma_min=0.052866, arce_gamma_mode=sample_overlap, arce_gamma_reassignment_l1_mean=0.000000, arce_gamma_std=0.101286, arce_sample_gamma_mean=0.176189, arce_sampled_teacher_overlap_mean=0.622384, arce_sampler=marginal_topl, arce_teacher_missing_mass_mean=0.217926, arce_teacher_missing_mass_std=0.123227
09/05/2026,07:10:04: Training...
09/05/2026,07:10:05: Evaluating...
09/05/2026,07:10:05: 	Train Loss: 3430840.7500 (base: 340.9778, kd: 6860.9990), Elapsed: train 2.59 test 0.27
09/05/2026,07:10:05: 	Recall@10: 0.06558 Recall@20: 0.09322 NDCG@10: 0.03933 NDCG@20: 0.04688 
09/05/2026,07:10:05: 	Recall@10: 0.02732 Recall@20: 0.04117 NDCG@10: 0.01540 NDCG@20: 0.01914 
09/05/2026,07:10:05: Epoch [69/1000]
09/05/2026,07:10:05: Negative sampling...
09/05/2026,07:10:06: Model's personal time...
09/05/2026,07:10:06: Model diagnostics: arce_anchor_count_mean=31.214600, arce_blocker_budget_mean=18.785398, arce_blocker_entropy_mean=4.962299, arce_closure_difficulty_mean=0.668743, arce_closure_difficulty_std=0.304785, arce_gamma_effective_beta=3.000000, arce_gamma_max=1.000000, arce_gamma_mean=0.175027, arce_gamma_min=0.052866, arce_gamma_mode=sample_overlap, arce_gamma_reassignment_l1_mean=0.000000, arce_gamma_std=0.100383, arce_sample_gamma_mean=0.175027, arce_sampled_teacher_overlap_mean=0.624292, arce_sampler=marginal_topl, arce_teacher_missing_mass_mean=0.216269, arce_teacher_missing_mass_std=0.122336
09/05/2026,07:10:06: Training...
09/05/2026,07:10:08: Evaluating...
09/05/2026,07:10:08: 	Train Loss: 3430986.5000 (base: 340.6626, kd: 6861.2905), Elapsed: train 2.47 test 0.26
09/05/2026,07:10:08: 	Recall@10: 0.06576 Recall@20: 0.09348 NDCG@10: 0.03948 NDCG@20: 0.04704 
09/05/2026,07:10:08: 	Recall@10: 0.02740 Recall@20: 0.04125 NDCG@10: 0.01548 NDCG@20: 0.01925 
09/05/2026,07:10:08: Epoch [70/1000]
09/05/2026,07:10:08: Negative sampling...
09/05/2026,07:10:09: Model's personal time...
09/05/2026,07:10:09: Model diagnostics: arce_anchor_count_mean=31.296991, arce_blocker_budget_mean=18.703009, arce_blocker_entropy_mean=4.960969, arce_closure_difficulty_mean=0.665712, arce_closure_difficulty_std=0.304038, arce_gamma_effective_beta=3.000000, arce_gamma_max=1.000000, arce_gamma_mean=0.174139, arce_gamma_min=0.052866, arce_gamma_mode=sample_overlap, arce_gamma_reassignment_l1_mean=0.000000, arce_gamma_std=0.099920, arce_sample_gamma_mean=0.174139, arce_sampled_teacher_overlap_mean=0.625940, arce_sampler=marginal_topl, arce_teacher_missing_mass_mean=0.214645, arce_teacher_missing_mass_std=0.121648
09/05/2026,07:10:09: Training...
09/05/2026,07:10:10: Evaluating...
09/05/2026,07:10:11: 	Train Loss: 3430874.7500 (base: 334.5462, kd: 6861.0801), Elapsed: train 2.44 test 0.25
09/05/2026,07:10:11: 	Recall@10: 0.06582 Recall@20: 0.09371 NDCG@10: 0.03948 NDCG@20: 0.04709 
09/05/2026,07:10:11: 	Recall@10: 0.02716 Recall@20: 0.04215 NDCG@10: 0.01536 NDCG@20: 0.01940 
09/05/2026,07:10:11: Epoch [71/1000]
09/05/2026,07:10:11: Negative sampling...
09/05/2026,07:10:12: Model's personal time...
09/05/2026,07:10:12: Model diagnostics: arce_anchor_count_mean=31.385897, arce_blocker_budget_mean=18.614101, arce_blocker_entropy_mean=4.958147, arce_closure_difficulty_mean=0.662660, arce_closure_difficulty_std=0.303578, arce_gamma_effective_beta=3.000000, arce_gamma_max=0.941765, arce_gamma_mean=0.173122, arce_gamma_min=0.052866, arce_gamma_mode=sample_overlap, arce_gamma_reassignment_l1_mean=0.000000, arce_gamma_std=0.099131, arce_sample_gamma_mean=0.173122, arce_sampled_teacher_overlap_mean=0.627718, arce_sampler=marginal_topl, arce_teacher_missing_mass_mean=0.213120, arce_teacher_missing_mass_std=0.120918
09/05/2026,07:10:12: Training...
09/05/2026,07:10:13: Evaluating...
09/05/2026,07:10:13: 	Train Loss: 3430374.2500 (base: 330.5471, kd: 6860.0874), Elapsed: train 2.59 test 0.33
09/05/2026,07:10:13: 	Recall@10: 0.06574 Recall@20: 0.09423 NDCG@10: 0.03946 NDCG@20: 0.04719 
09/05/2026,07:10:13: 	Recall@10: 0.02772 Recall@20: 0.04246 NDCG@10: 0.01553 NDCG@20: 0.01949 
09/05/2026,07:10:13: Epoch [72/1000]
09/05/2026,07:10:13: Negative sampling...
09/05/2026,07:10:15: Model's personal time...
09/05/2026,07:10:15: Model diagnostics: arce_anchor_count_mean=31.453535, arce_blocker_budget_mean=18.546465, arce_blocker_entropy_mean=4.956445, arce_closure_difficulty_mean=0.660337, arce_closure_difficulty_std=0.303133, arce_gamma_effective_beta=3.000000, arce_gamma_max=1.000000, arce_gamma_mean=0.172426, arce_gamma_min=0.052866, arce_gamma_mode=sample_overlap, arce_gamma_reassignment_l1_mean=0.000000, arce_gamma_std=0.098964, arce_sample_gamma_mean=0.172426, arce_sampled_teacher_overlap_mean=0.629071, arce_sampler=marginal_topl, arce_teacher_missing_mass_mean=0.211852, arce_teacher_missing_mass_std=0.120515
09/05/2026,07:10:15: Training...
09/05/2026,07:10:16: Evaluating...
09/05/2026,07:10:16: 	Train Loss: 3429708.2500 (base: 329.8562, kd: 6858.7573), Elapsed: train 2.60 test 0.30 *
09/05/2026,07:10:16: 	Recall@10: 0.06509 Recall@20: 0.09495 NDCG@10: 0.03919 NDCG@20: 0.04735 
09/05/2026,07:10:16: 	Recall@10: 0.02723 Recall@20: 0.04182 NDCG@10: 0.01541 NDCG@20: 0.01934 
09/05/2026,07:10:16: Epoch [73/1000]
09/05/2026,07:10:16: Negative sampling...
09/05/2026,07:10:18: Model's personal time...
09/05/2026,07:10:18: Model diagnostics: arce_anchor_count_mean=31.521938, arce_blocker_budget_mean=18.478060, arce_blocker_entropy_mean=4.953982, arce_closure_difficulty_mean=0.657844, arce_closure_difficulty_std=0.302749, arce_gamma_effective_beta=3.000000, arce_gamma_max=0.941765, arce_gamma_mean=0.171607, arce_gamma_min=0.052866, arce_gamma_mode=sample_overlap, arce_gamma_reassignment_l1_mean=0.000000, arce_gamma_std=0.098050, arce_sample_gamma_mean=0.171607, arce_sampled_teacher_overlap_mean=0.630439, arce_sampler=marginal_topl, arce_teacher_missing_mass_mean=0.210692, arce_teacher_missing_mass_std=0.120154
09/05/2026,07:10:18: Training...
09/05/2026,07:10:19: Evaluating...
09/05/2026,07:10:19: 	Train Loss: 3430471.5000 (base: 325.0561, kd: 6860.2935), Elapsed: train 2.36 test 0.27
09/05/2026,07:10:19: 	Recall@10: 0.06618 Recall@20: 0.09439 NDCG@10: 0.03953 NDCG@20: 0.04725 
09/05/2026,07:10:19: 	Recall@10: 0.02683 Recall@20: 0.04211 NDCG@10: 0.01533 NDCG@20: 0.01946 
09/05/2026,07:10:19: Epoch [74/1000]
09/05/2026,07:10:19: Negative sampling...
09/05/2026,07:10:20: Model's personal time...
09/05/2026,07:10:20: Model diagnostics: arce_anchor_count_mean=31.602413, arce_blocker_budget_mean=18.397585, arce_blocker_entropy_mean=4.952553, arce_closure_difficulty_mean=0.655303, arce_closure_difficulty_std=0.301907, arce_gamma_effective_beta=3.000000, arce_gamma_max=1.000000, arce_gamma_mean=0.170695, arce_gamma_min=0.052866, arce_gamma_mode=sample_overlap, arce_gamma_reassignment_l1_mean=0.000000, arce_gamma_std=0.097705, arce_sample_gamma_mean=0.170695, arce_sampled_teacher_overlap_mean=0.632048, arce_sampler=marginal_topl, arce_teacher_missing_mass_mean=0.209218, arce_teacher_missing_mass_std=0.119131
09/05/2026,07:10:20: Training...
09/05/2026,07:10:22: Evaluating...
09/05/2026,07:10:22: 	Train Loss: 3429534.5000 (base: 324.2079, kd: 6858.4209), Elapsed: train 2.67 test 0.32 *
09/05/2026,07:10:22: 	Recall@10: 0.06605 Recall@20: 0.09524 NDCG@10: 0.03968 NDCG@20: 0.04765 
09/05/2026,07:10:22: 	Recall@10: 0.02723 Recall@20: 0.04175 NDCG@10: 0.01539 NDCG@20: 0.01930 
09/05/2026,07:10:22: Epoch [75/1000]
09/05/2026,07:10:22: Negative sampling...
09/05/2026,07:10:23: Model's personal time...
09/05/2026,07:10:23: Model diagnostics: arce_anchor_count_mean=31.673309, arce_blocker_budget_mean=18.326691, arce_blocker_entropy_mean=4.949445, arce_closure_difficulty_mean=0.652566, arce_closure_difficulty_std=0.301161, arce_gamma_effective_beta=3.000000, arce_gamma_max=1.000000, arce_gamma_mean=0.169856, arce_gamma_min=0.052866, arce_gamma_mode=sample_overlap, arce_gamma_reassignment_l1_mean=0.000000, arce_gamma_std=0.096890, arce_sample_gamma_mean=0.169856, arce_sampled_teacher_overlap_mean=0.633466, arce_sampler=marginal_topl, arce_teacher_missing_mass_mean=0.207929, arce_teacher_missing_mass_std=0.118489
09/05/2026,07:10:23: Training...
09/05/2026,07:10:25: Evaluating...
09/05/2026,07:10:25: 	Train Loss: 3430553.7500 (base: 318.7253, kd: 6860.4697), Elapsed: train 2.60 test 0.31
09/05/2026,07:10:25: 	Recall@10: 0.06620 Recall@20: 0.09471 NDCG@10: 0.03980 NDCG@20: 0.04755 
09/05/2026,07:10:25: 	Recall@10: 0.02760 Recall@20: 0.04284 NDCG@10: 0.01561 NDCG@20: 0.01971 
09/05/2026,07:10:25: Epoch [76/1000]
09/05/2026,07:10:25: Negative sampling...
09/05/2026,07:10:26: Model's personal time...
09/05/2026,07:10:26: Model diagnostics: arce_anchor_count_mean=31.753017, arce_blocker_budget_mean=18.246983, arce_blocker_entropy_mean=4.948022, arce_closure_difficulty_mean=0.650426, arce_closure_difficulty_std=0.300859, arce_gamma_effective_beta=3.000000, arce_gamma_max=1.000000, arce_gamma_mean=0.169013, arce_gamma_min=0.052866, arce_gamma_mode=sample_overlap, arce_gamma_reassignment_l1_mean=0.000000, arce_gamma_std=0.096521, arce_sample_gamma_mean=0.169013, arce_sampled_teacher_overlap_mean=0.635060, arce_sampler=marginal_topl, arce_teacher_missing_mass_mean=0.206680, arce_teacher_missing_mass_std=0.118090
09/05/2026,07:10:26: Training...
09/05/2026,07:10:28: Evaluating...
09/05/2026,07:10:28: 	Train Loss: 3430052.5000 (base: 317.5743, kd: 6859.4692), Elapsed: train 2.64 test 0.32 *
09/05/2026,07:10:28: 	Recall@10: 0.06624 Recall@20: 0.09555 NDCG@10: 0.03972 NDCG@20: 0.04776 
09/05/2026,07:10:28: 	Recall@10: 0.02783 Recall@20: 0.04178 NDCG@10: 0.01557 NDCG@20: 0.01931 
09/05/2026,07:10:28: Epoch [77/1000]
09/05/2026,07:10:28: Negative sampling...
09/05/2026,07:10:29: Model's personal time...
09/05/2026,07:10:29: Model diagnostics: arce_anchor_count_mean=31.833876, arce_blocker_budget_mean=18.166124, arce_blocker_entropy_mean=4.945066, arce_closure_difficulty_mean=0.647797, arce_closure_difficulty_std=0.300016, arce_gamma_effective_beta=3.000000, arce_gamma_max=1.000000, arce_gamma_mean=0.168064, arce_gamma_min=0.052866, arce_gamma_mode=sample_overlap, arce_gamma_reassignment_l1_mean=0.000000, arce_gamma_std=0.095652, arce_sample_gamma_mean=0.168064, arce_sampled_teacher_overlap_mean=0.636678, arce_sampler=marginal_topl, arce_teacher_missing_mass_mean=0.205416, arce_teacher_missing_mass_std=0.117506
09/05/2026,07:10:29: Training...
09/05/2026,07:10:31: Evaluating...
09/05/2026,07:10:31: 	Train Loss: 3430120.0000 (base: 312.7184, kd: 6859.6147), Elapsed: train 2.73 test 0.27
09/05/2026,07:10:31: 	Recall@10: 0.06709 Recall@20: 0.09545 NDCG@10: 0.04002 NDCG@20: 0.04774 
09/05/2026,07:10:31: 	Recall@10: 0.02772 Recall@20: 0.04242 NDCG@10: 0.01536 NDCG@20: 0.01932 
09/05/2026,07:10:31: Epoch [78/1000]
09/05/2026,07:10:31: Negative sampling...
09/05/2026,07:10:32: Model's personal time...
09/05/2026,07:10:32: Model diagnostics: arce_anchor_count_mean=31.914734, arce_blocker_budget_mean=18.085264, arce_blocker_entropy_mean=4.943213, arce_closure_difficulty_mean=0.645458, arce_closure_difficulty_std=0.299496, arce_gamma_effective_beta=3.000000, arce_gamma_max=1.000000, arce_gamma_mean=0.167145, arce_gamma_min=0.052866, arce_gamma_mode=sample_overlap, arce_gamma_reassignment_l1_mean=0.000000, arce_gamma_std=0.094948, arce_sample_gamma_mean=0.167145, arce_sampled_teacher_overlap_mean=0.638295, arce_sampler=marginal_topl, arce_teacher_missing_mass_mean=0.204152, arce_teacher_missing_mass_std=0.116898
09/05/2026,07:10:32: Training...
09/05/2026,07:10:33: Evaluating...
09/05/2026,07:10:34: 	Train Loss: 3430095.5000 (base: 312.6218, kd: 6859.5649), Elapsed: train 2.59 test 0.26 *
09/05/2026,07:10:34: 	Recall@10: 0.06673 Recall@20: 0.09624 NDCG@10: 0.03979 NDCG@20: 0.04790 
09/05/2026,07:10:34: 	Recall@10: 0.02774 Recall@20: 0.04168 NDCG@10: 0.01552 NDCG@20: 0.01926 
09/05/2026,07:10:34: Epoch [79/1000]
09/05/2026,07:10:34: Negative sampling...
09/05/2026,07:10:35: Model's personal time...
09/05/2026,07:10:35: Model diagnostics: arce_anchor_count_mean=31.992527, arce_blocker_budget_mean=18.007473, arce_blocker_entropy_mean=4.940341, arce_closure_difficulty_mean=0.642856, arce_closure_difficulty_std=0.299124, arce_gamma_effective_beta=3.000000, arce_gamma_max=1.000000, arce_gamma_mean=0.166302, arce_gamma_min=0.052866, arce_gamma_mode=sample_overlap, arce_gamma_reassignment_l1_mean=0.000000, arce_gamma_std=0.094325, arce_sample_gamma_mean=0.166302, arce_sampled_teacher_overlap_mean=0.639850, arce_sampler=marginal_topl, arce_teacher_missing_mass_mean=0.202894, arce_teacher_missing_mass_std=0.116329
09/05/2026,07:10:35: Training...
09/05/2026,07:10:36: Evaluating...
09/05/2026,07:10:36: 	Train Loss: 3430111.2500 (base: 308.6298, kd: 6859.6060), Elapsed: train 2.46 test 0.26
09/05/2026,07:10:36: 	Recall@10: 0.06660 Recall@20: 0.09598 NDCG@10: 0.03951 NDCG@20: 0.04754 
09/05/2026,07:10:36: 	Recall@10: 0.02826 Recall@20: 0.04237 NDCG@10: 0.01565 NDCG@20: 0.01944 
09/05/2026,07:10:36: Epoch [80/1000]
09/05/2026,07:10:36: Negative sampling...
09/05/2026,07:10:38: Model's personal time...
09/05/2026,07:10:38: Model diagnostics: arce_anchor_count_mean=32.068405, arce_blocker_budget_mean=17.931597, arce_blocker_entropy_mean=4.938797, arce_closure_difficulty_mean=0.640145, arce_closure_difficulty_std=0.298721, arce_gamma_effective_beta=3.000000, arce_gamma_max=1.000000, arce_gamma_mean=0.165535, arce_gamma_min=0.052866, arce_gamma_mode=sample_overlap, arce_gamma_reassignment_l1_mean=0.000000, arce_gamma_std=0.094038, arce_sample_gamma_mean=0.165535, arce_sampled_teacher_overlap_mean=0.641368, arce_sampler=marginal_topl, arce_teacher_missing_mass_mean=0.201604, arce_teacher_missing_mass_std=0.116022
09/05/2026,07:10:38: Training...
09/05/2026,07:10:39: Evaluating...
09/05/2026,07:10:39: 	Train Loss: 3430881.0000 (base: 303.8362, kd: 6861.1543), Elapsed: train 2.45 test 0.26
09/05/2026,07:10:39: 	Recall@10: 0.06661 Recall@20: 0.09588 NDCG@10: 0.03949 NDCG@20: 0.04758 
09/05/2026,07:10:39: 	Recall@10: 0.02822 Recall@20: 0.04199 NDCG@10: 0.01547 NDCG@20: 0.01918 
09/05/2026,07:10:39: Epoch [81/1000]
09/05/2026,07:10:39: Negative sampling...
09/05/2026,07:10:40: Model's personal time...
09/05/2026,07:10:40: Model diagnostics: arce_anchor_count_mean=32.137383, arce_blocker_budget_mean=17.862617, arce_blocker_entropy_mean=4.936329, arce_closure_difficulty_mean=0.637434, arce_closure_difficulty_std=0.297798, arce_gamma_effective_beta=3.000000, arce_gamma_max=1.000000, arce_gamma_mean=0.164693, arce_gamma_min=0.052866, arce_gamma_mode=sample_overlap, arce_gamma_reassignment_l1_mean=0.000000, arce_gamma_std=0.093174, arce_sample_gamma_mean=0.164693, arce_sampled_teacher_overlap_mean=0.642748, arce_sampler=marginal_topl, arce_teacher_missing_mass_mean=0.200368, arce_teacher_missing_mass_std=0.115406
09/05/2026,07:10:40: Training...
09/05/2026,07:10:41: Evaluating...
09/05/2026,07:10:42: 	Train Loss: 3429892.5000 (base: 302.4092, kd: 6859.1797), Elapsed: train 2.33 test 0.34
09/05/2026,07:10:42: 	Recall@10: 0.06685 Recall@20: 0.09667 NDCG@10: 0.03968 NDCG@20: 0.04788 
09/05/2026,07:10:42: 	Recall@10: 0.02845 Recall@20: 0.04300 NDCG@10: 0.01555 NDCG@20: 0.01945 
09/05/2026,07:10:42: Epoch [82/1000]
09/05/2026,07:10:42: Negative sampling...
09/05/2026,07:10:43: Model's personal time...
09/05/2026,07:10:43: Model diagnostics: arce_anchor_count_mean=32.203297, arce_blocker_budget_mean=17.796703, arce_blocker_entropy_mean=4.934110, arce_closure_difficulty_mean=0.634630, arce_closure_difficulty_std=0.297048, arce_gamma_effective_beta=3.000000, arce_gamma_max=0.941765, arce_gamma_mean=0.164091, arce_gamma_min=0.052866, arce_gamma_mode=sample_overlap, arce_gamma_reassignment_l1_mean=0.000000, arce_gamma_std=0.093070, arce_sample_gamma_mean=0.164091, arce_sampled_teacher_overlap_mean=0.644066, arce_sampler=marginal_topl, arce_teacher_missing_mass_mean=0.199123, arce_teacher_missing_mass_std=0.114826
09/05/2026,07:10:43: Training...
09/05/2026,07:10:44: Evaluating...
09/05/2026,07:10:45: 	Train Loss: 3430554.0000 (base: 296.8391, kd: 6860.5137), Elapsed: train 2.53 test 0.34 *
09/05/2026,07:10:45: 	Recall@10: 0.06694 Recall@20: 0.09604 NDCG@10: 0.03987 NDCG@20: 0.04791 
09/05/2026,07:10:45: 	Recall@10: 0.02804 Recall@20: 0.04237 NDCG@10: 0.01548 NDCG@20: 0.01933 
09/05/2026,07:10:45: Epoch [83/1000]
09/05/2026,07:10:45: Negative sampling...
09/05/2026,07:10:46: Model's personal time...
09/05/2026,07:10:46: Model diagnostics: arce_anchor_count_mean=32.270164, arce_blocker_budget_mean=17.729834, arce_blocker_entropy_mean=4.932287, arce_closure_difficulty_mean=0.632209, arce_closure_difficulty_std=0.296386, arce_gamma_effective_beta=3.000000, arce_gamma_max=1.000000, arce_gamma_mean=0.163356, arce_gamma_min=0.052866, arce_gamma_mode=sample_overlap, arce_gamma_reassignment_l1_mean=0.000000, arce_gamma_std=0.092498, arce_sample_gamma_mean=0.163356, arce_sampled_teacher_overlap_mean=0.645403, arce_sampler=marginal_topl, arce_teacher_missing_mass_mean=0.197972, arce_teacher_missing_mass_std=0.114283
09/05/2026,07:10:46: Training...
09/05/2026,07:10:47: Evaluating...
09/05/2026,07:10:48: 	Train Loss: 3430989.2500 (base: 296.4895, kd: 6861.3862), Elapsed: train 2.64 test 0.27
09/05/2026,07:10:48: 	Recall@10: 0.06768 Recall@20: 0.09617 NDCG@10: 0.03995 NDCG@20: 0.04780 
09/05/2026,07:10:48: 	Recall@10: 0.02831 Recall@20: 0.04222 NDCG@10: 0.01554 NDCG@20: 0.01932 
09/05/2026,07:10:48: Epoch [84/1000]
09/05/2026,07:10:48: Negative sampling...
09/05/2026,07:10:49: Model's personal time...
09/05/2026,07:10:49: Model diagnostics: arce_anchor_count_mean=32.352367, arce_blocker_budget_mean=17.647633, arce_blocker_entropy_mean=4.930436, arce_closure_difficulty_mean=0.629429, arce_closure_difficulty_std=0.296073, arce_gamma_effective_beta=3.000000, arce_gamma_max=0.886920, arce_gamma_mean=0.162424, arce_gamma_min=0.052866, arce_gamma_mode=sample_overlap, arce_gamma_reassignment_l1_mean=0.000000, arce_gamma_std=0.091567, arce_sample_gamma_mean=0.162424, arce_sampled_teacher_overlap_mean=0.647047, arce_sampler=marginal_topl, arce_teacher_missing_mass_mean=0.196659, arce_teacher_missing_mass_std=0.113768
09/05/2026,07:10:49: Training...
09/05/2026,07:10:50: Evaluating...
09/05/2026,07:10:50: 	Train Loss: 3431558.5000 (base: 294.0905, kd: 6862.5278), Elapsed: train 2.54 test 0.26 *
09/05/2026,07:10:50: 	Recall@10: 0.06689 Recall@20: 0.09692 NDCG@10: 0.03969 NDCG@20: 0.04793 
09/05/2026,07:10:50: 	Recall@10: 0.02857 Recall@20: 0.04281 NDCG@10: 0.01575 NDCG@20: 0.01956 
09/05/2026,07:10:50: Epoch [85/1000]
09/05/2026,07:10:50: Negative sampling...
09/05/2026,07:10:52: Model's personal time...
09/05/2026,07:10:52: Model diagnostics: arce_anchor_count_mean=32.414257, arce_blocker_budget_mean=17.585745, arce_blocker_entropy_mean=4.927705, arce_closure_difficulty_mean=0.627162, arce_closure_difficulty_std=0.295203, arce_gamma_effective_beta=3.000000, arce_gamma_max=1.000000, arce_gamma_mean=0.161689, arce_gamma_min=0.052866, arce_gamma_mode=sample_overlap, arce_gamma_reassignment_l1_mean=0.000000, arce_gamma_std=0.090910, arce_sample_gamma_mean=0.161689, arce_sampled_teacher_overlap_mean=0.648285, arce_sampler=marginal_topl, arce_teacher_missing_mass_mean=0.195525, arce_teacher_missing_mass_std=0.113154
09/05/2026,07:10:52: Training...
09/05/2026,07:10:53: Evaluating...
09/05/2026,07:10:53: 	Train Loss: 3430596.5000 (base: 291.5078, kd: 6860.6104), Elapsed: train 2.64 test 0.27 *
09/05/2026,07:10:53: 	Recall@10: 0.06760 Recall@20: 0.09663 NDCG@10: 0.03992 NDCG@20: 0.04796 
09/05/2026,07:10:53: 	Recall@10: 0.02786 Recall@20: 0.04311 NDCG@10: 0.01543 NDCG@20: 0.01951 
09/05/2026,07:10:53: Epoch [86/1000]
09/05/2026,07:10:53: Negative sampling...
09/05/2026,07:10:55: Model's personal time...
09/05/2026,07:10:55: Model diagnostics: arce_anchor_count_mean=32.499329, arce_blocker_budget_mean=17.500669, arce_blocker_entropy_mean=4.926261, arce_closure_difficulty_mean=0.625007, arce_closure_difficulty_std=0.294963, arce_gamma_effective_beta=3.000000, arce_gamma_max=1.000000, arce_gamma_mean=0.160818, arce_gamma_min=0.052866, arce_gamma_mode=sample_overlap, arce_gamma_reassignment_l1_mean=0.000000, arce_gamma_std=0.090367, arce_sample_gamma_mean=0.160818, arce_sampled_teacher_overlap_mean=0.649987, arce_sampler=marginal_topl, arce_teacher_missing_mass_mean=0.194294, arce_teacher_missing_mass_std=0.112552
09/05/2026,07:10:55: Training...
09/05/2026,07:10:56: Evaluating...
09/05/2026,07:10:56: 	Train Loss: 3430878.5000 (base: 288.9709, kd: 6861.1797), Elapsed: train 2.72 test 0.27 *
09/05/2026,07:10:56: 	Recall@10: 0.06753 Recall@20: 0.09719 NDCG@10: 0.03987 NDCG@20: 0.04802 
09/05/2026,07:10:56: 	Recall@10: 0.02820 Recall@20: 0.04309 NDCG@10: 0.01566 NDCG@20: 0.01964 
09/05/2026,07:10:56: Epoch [87/1000]
09/05/2026,07:10:56: Negative sampling...
09/05/2026,07:10:58: Model's personal time...
09/05/2026,07:10:58: Model diagnostics: arce_anchor_count_mean=32.568306, arce_blocker_budget_mean=17.431692, arce_blocker_entropy_mean=4.924016, arce_closure_difficulty_mean=0.622456, arce_closure_difficulty_std=0.294035, arce_gamma_effective_beta=3.000000, arce_gamma_max=1.000000, arce_gamma_mean=0.160045, arce_gamma_min=0.052866, arce_gamma_mode=sample_overlap, arce_gamma_reassignment_l1_mean=0.000000, arce_gamma_std=0.089676, arce_sample_gamma_mean=0.160045, arce_sampled_teacher_overlap_mean=0.651366, arce_sampler=marginal_topl, arce_teacher_missing_mass_mean=0.193116, arce_teacher_missing_mass_std=0.112016
09/05/2026,07:10:58: Training...
09/05/2026,07:10:59: Evaluating...
09/05/2026,07:10:59: 	Train Loss: 3431313.5000 (base: 285.6347, kd: 6862.0562), Elapsed: train 2.64 test 0.26
09/05/2026,07:10:59: 	Recall@10: 0.06807 Recall@20: 0.09727 NDCG@10: 0.03977 NDCG@20: 0.04788 
09/05/2026,07:10:59: 	Recall@10: 0.02786 Recall@20: 0.04327 NDCG@10: 0.01555 NDCG@20: 0.01965 
09/05/2026,07:10:59: Epoch [88/1000]
09/05/2026,07:10:59: Negative sampling...
09/05/2026,07:11:01: Model's personal time...
09/05/2026,07:11:01: Model diagnostics: arce_anchor_count_mean=32.630005, arce_blocker_budget_mean=17.369993, arce_blocker_entropy_mean=4.922402, arce_closure_difficulty_mean=0.620171, arce_closure_difficulty_std=0.293268, arce_gamma_effective_beta=3.000000, arce_gamma_max=1.000000, arce_gamma_mean=0.159403, arce_gamma_min=0.052866, arce_gamma_mode=sample_overlap, arce_gamma_reassignment_l1_mean=0.000000, arce_gamma_std=0.089232, arce_sample_gamma_mean=0.159403, arce_sampled_teacher_overlap_mean=0.652600, arce_sampler=marginal_topl, arce_teacher_missing_mass_mean=0.192107, arce_teacher_missing_mass_std=0.111549
09/05/2026,07:11:01: Training...
09/05/2026,07:11:02: Evaluating...
09/05/2026,07:11:02: 	Train Loss: 3431870.0000 (base: 284.8486, kd: 6863.1699), Elapsed: train 2.66 test 0.29
09/05/2026,07:11:02: 	Recall@10: 0.06792 Recall@20: 0.09726 NDCG@10: 0.03997 NDCG@20: 0.04800 
09/05/2026,07:11:02: 	Recall@10: 0.02849 Recall@20: 0.04322 NDCG@10: 0.01567 NDCG@20: 0.01957 
09/05/2026,07:11:02: Epoch [89/1000]
09/05/2026,07:11:02: Negative sampling...
09/05/2026,07:11:04: Model's personal time...
09/05/2026,07:11:04: Model diagnostics: arce_anchor_count_mean=32.686913, arce_blocker_budget_mean=17.313087, arce_blocker_entropy_mean=4.920026, arce_closure_difficulty_mean=0.618500, arce_closure_difficulty_std=0.292948, arce_gamma_effective_beta=3.000000, arce_gamma_max=1.000000, arce_gamma_mean=0.158845, arce_gamma_min=0.052866, arce_gamma_mode=sample_overlap, arce_gamma_reassignment_l1_mean=0.000000, arce_gamma_std=0.088953, arce_sample_gamma_mean=0.158845, arce_sampled_teacher_overlap_mean=0.653738, arce_sampler=marginal_topl, arce_teacher_missing_mass_mean=0.191284, arce_teacher_missing_mass_std=0.111306
09/05/2026,07:11:04: Training...
09/05/2026,07:11:05: Evaluating...
09/05/2026,07:11:05: 	Train Loss: 3431646.5000 (base: 282.1057, kd: 6862.7295), Elapsed: train 2.42 test 0.27 *
09/05/2026,07:11:05: 	Recall@10: 0.06841 Recall@20: 0.09773 NDCG@10: 0.03997 NDCG@20: 0.04806 
09/05/2026,07:11:05: 	Recall@10: 0.02801 Recall@20: 0.04352 NDCG@10: 0.01557 NDCG@20: 0.01968 
09/05/2026,07:11:05: Epoch [90/1000]
09/05/2026,07:11:05: Negative sampling...
09/05/2026,07:11:06: Model's personal time...
09/05/2026,07:11:06: Model diagnostics: arce_anchor_count_mean=32.742672, arce_blocker_budget_mean=17.257328, arce_blocker_entropy_mean=4.917825, arce_closure_difficulty_mean=0.616384, arce_closure_difficulty_std=0.292438, arce_gamma_effective_beta=3.000000, arce_gamma_max=1.000000, arce_gamma_mean=0.158223, arce_gamma_min=0.052866, arce_gamma_mode=sample_overlap, arce_gamma_reassignment_l1_mean=0.000000, arce_gamma_std=0.088389, arce_sample_gamma_mean=0.158223, arce_sampled_teacher_overlap_mean=0.654853, arce_sampler=marginal_topl, arce_teacher_missing_mass_mean=0.190361, arce_teacher_missing_mass_std=0.110844
09/05/2026,07:11:06: Training...
09/05/2026,07:11:07: Evaluating...
09/05/2026,07:11:08: 	Train Loss: 3432049.2500 (base: 280.1489, kd: 6863.5381), Elapsed: train 2.58 test 0.26 *
09/05/2026,07:11:08: 	Recall@10: 0.06898 Recall@20: 0.09710 NDCG@10: 0.04037 NDCG@20: 0.04816 
09/05/2026,07:11:08: 	Recall@10: 0.02820 Recall@20: 0.04301 NDCG@10: 0.01560 NDCG@20: 0.01956 
09/05/2026,07:11:08: Epoch [91/1000]
09/05/2026,07:11:08: Negative sampling...
09/05/2026,07:11:09: Model's personal time...
09/05/2026,07:11:09: Model diagnostics: arce_anchor_count_mean=32.809925, arce_blocker_budget_mean=17.190075, arce_blocker_entropy_mean=4.915843, arce_closure_difficulty_mean=0.614268, arce_closure_difficulty_std=0.291653, arce_gamma_effective_beta=3.000000, arce_gamma_max=1.000000, arce_gamma_mean=0.157497, arce_gamma_min=0.052866, arce_gamma_mode=sample_overlap, arce_gamma_reassignment_l1_mean=0.000000, arce_gamma_std=0.087856, arce_sample_gamma_mean=0.157497, arce_sampled_teacher_overlap_mean=0.656198, arce_sampler=marginal_topl, arce_teacher_missing_mass_mean=0.189286, arce_teacher_missing_mass_std=0.110309
09/05/2026,07:11:09: Training...
09/05/2026,07:11:10: Evaluating...
09/05/2026,07:11:10: 	Train Loss: 3431912.5000 (base: 279.8784, kd: 6863.2651), Elapsed: train 2.52 test 0.27
09/05/2026,07:11:10: 	Recall@10: 0.06814 Recall@20: 0.09683 NDCG@10: 0.03999 NDCG@20: 0.04795 
09/05/2026,07:11:10: 	Recall@10: 0.02783 Recall@20: 0.04326 NDCG@10: 0.01529 NDCG@20: 0.01940 
09/05/2026,07:11:10: Epoch [92/1000]
09/05/2026,07:11:10: Negative sampling...
09/05/2026,07:11:12: Model's personal time...
09/05/2026,07:11:12: Model diagnostics: arce_anchor_count_mean=32.870663, arce_blocker_budget_mean=17.129335, arce_blocker_entropy_mean=4.913867, arce_closure_difficulty_mean=0.612064, arce_closure_difficulty_std=0.290977, arce_gamma_effective_beta=3.000000, arce_gamma_max=0.941765, arce_gamma_mean=0.156846, arce_gamma_min=0.052866, arce_gamma_mode=sample_overlap, arce_gamma_reassignment_l1_mean=0.000000, arce_gamma_std=0.087288, arce_sample_gamma_mean=0.156846, arce_sampled_teacher_overlap_mean=0.657413, arce_sampler=marginal_topl, arce_teacher_missing_mass_mean=0.188333, arce_teacher_missing_mass_std=0.109782
09/05/2026,07:11:12: Training...
09/05/2026,07:11:13: Evaluating...
09/05/2026,07:11:13: 	Train Loss: 3431988.5000 (base: 275.8681, kd: 6863.4253), Elapsed: train 2.51 test 0.26
09/05/2026,07:11:13: 	Recall@10: 0.06863 Recall@20: 0.09664 NDCG@10: 0.04040 NDCG@20: 0.04813 
09/05/2026,07:11:13: 	Recall@10: 0.02821 Recall@20: 0.04295 NDCG@10: 0.01544 NDCG@20: 0.01935 
09/05/2026,07:11:13: Epoch [93/1000]
09/05/2026,07:11:13: Negative sampling...
09/05/2026,07:11:15: Model's personal time...
09/05/2026,07:11:15: Model diagnostics: arce_anchor_count_mean=32.933704, arce_blocker_budget_mean=17.066296, arce_blocker_entropy_mean=4.911929, arce_closure_difficulty_mean=0.610059, arce_closure_difficulty_std=0.290517, arce_gamma_effective_beta=3.000000, arce_gamma_max=1.000000, arce_gamma_mean=0.156153, arce_gamma_min=0.052866, arce_gamma_mode=sample_overlap, arce_gamma_reassignment_l1_mean=0.000000, arce_gamma_std=0.086668, arce_sample_gamma_mean=0.156153, arce_sampled_teacher_overlap_mean=0.658674, arce_sampler=marginal_topl, arce_teacher_missing_mass_mean=0.187379, arce_teacher_missing_mass_std=0.109457
09/05/2026,07:11:15: Training...
09/05/2026,07:11:16: Evaluating...
09/05/2026,07:11:16: 	Train Loss: 3432706.5000 (base: 272.2574, kd: 6864.8687), Elapsed: train 2.53 test 0.32 *
09/05/2026,07:11:16: 	Recall@10: 0.06811 Recall@20: 0.09744 NDCG@10: 0.04009 NDCG@20: 0.04817 
09/05/2026,07:11:16: 	Recall@10: 0.02830 Recall@20: 0.04363 NDCG@10: 0.01552 NDCG@20: 0.01958 
09/05/2026,07:11:16: Epoch [94/1000]
09/05/2026,07:11:16: Negative sampling...
09/05/2026,07:11:17: Model's personal time...
09/05/2026,07:11:17: Model diagnostics: arce_anchor_count_mean=32.990803, arce_blocker_budget_mean=17.009197, arce_blocker_entropy_mean=4.910583, arce_closure_difficulty_mean=0.607965, arce_closure_difficulty_std=0.289842, arce_gamma_effective_beta=3.000000, arce_gamma_max=1.000000, arce_gamma_mean=0.155599, arce_gamma_min=0.049787, arce_gamma_mode=sample_overlap, arce_gamma_reassignment_l1_mean=0.000000, arce_gamma_std=0.086401, arce_sample_gamma_mean=0.155599, arce_sampled_teacher_overlap_mean=0.659816, arce_sampler=marginal_topl, arce_teacher_missing_mass_mean=0.186536, arce_teacher_missing_mass_std=0.109066
09/05/2026,07:11:17: Training...
09/05/2026,07:11:19: Evaluating...
09/05/2026,07:11:19: 	Train Loss: 3432689.2500 (base: 272.5037, kd: 6864.8330), Elapsed: train 2.61 test 0.27 *
09/05/2026,07:11:19: 	Recall@10: 0.06875 Recall@20: 0.09751 NDCG@10: 0.04034 NDCG@20: 0.04822 
09/05/2026,07:11:19: 	Recall@10: 0.02860 Recall@20: 0.04310 NDCG@10: 0.01563 NDCG@20: 0.01947 
09/05/2026,07:11:19: Epoch [95/1000]
09/05/2026,07:11:19: Negative sampling...
09/05/2026,07:11:21: Model's personal time...
09/05/2026,07:11:21: Model diagnostics: arce_anchor_count_mean=33.065147, arce_blocker_budget_mean=16.934853, arce_blocker_entropy_mean=4.908073, arce_closure_difficulty_mean=0.605817, arce_closure_difficulty_std=0.289204, arce_gamma_effective_beta=3.000000, arce_gamma_max=1.000000, arce_gamma_mean=0.154830, arce_gamma_min=0.052866, arce_gamma_mode=sample_overlap, arce_gamma_reassignment_l1_mean=0.000000, arce_gamma_std=0.085877, arce_sample_gamma_mean=0.154830, arce_sampled_teacher_overlap_mean=0.661303, arce_sampler=marginal_topl, arce_teacher_missing_mass_mean=0.185430, arce_teacher_missing_mass_std=0.108593
09/05/2026,07:11:21: Training...
09/05/2026,07:11:22: Evaluating...
09/05/2026,07:11:22: 	Train Loss: 3432853.7500 (base: 268.8711, kd: 6865.1699), Elapsed: train 2.80 test 0.30
09/05/2026,07:11:22: 	Recall@10: 0.06901 Recall@20: 0.09702 NDCG@10: 0.04037 NDCG@20: 0.04808 
09/05/2026,07:11:22: 	Recall@10: 0.02839 Recall@20: 0.04335 NDCG@10: 0.01552 NDCG@20: 0.01950 
09/05/2026,07:11:22: Epoch [96/1000]
09/05/2026,07:11:22: Negative sampling...
09/05/2026,07:11:23: Model's personal time...
09/05/2026,07:11:23: Model diagnostics: arce_anchor_count_mean=33.113625, arce_blocker_budget_mean=16.886377, arce_blocker_entropy_mean=4.906148, arce_closure_difficulty_mean=0.603857, arce_closure_difficulty_std=0.288623, arce_gamma_effective_beta=3.000000, arce_gamma_max=1.000000, arce_gamma_mean=0.154250, arce_gamma_min=0.052866, arce_gamma_mode=sample_overlap, arce_gamma_reassignment_l1_mean=0.000000, arce_gamma_std=0.085193, arce_sample_gamma_mean=0.154250, arce_sampled_teacher_overlap_mean=0.662272, arce_sampler=marginal_topl, arce_teacher_missing_mass_mean=0.184606, arce_teacher_missing_mass_std=0.108121
09/05/2026,07:11:23: Training...
09/05/2026,07:11:25: Evaluating...
09/05/2026,07:11:25: 	Train Loss: 3432611.7500 (base: 268.2930, kd: 6864.6875), Elapsed: train 2.59 test 0.33 *
09/05/2026,07:11:25: 	Recall@10: 0.06828 Recall@20: 0.09764 NDCG@10: 0.04017 NDCG@20: 0.04823 
09/05/2026,07:11:25: 	Recall@10: 0.02860 Recall@20: 0.04296 NDCG@10: 0.01552 NDCG@20: 0.01932 
09/05/2026,07:11:25: Epoch [97/1000]
09/05/2026,07:11:25: Negative sampling...
09/05/2026,07:11:26: Model's personal time...
09/05/2026,07:11:26: Model diagnostics: arce_anchor_count_mean=33.180878, arce_blocker_budget_mean=16.819122, arce_blocker_entropy_mean=4.905236, arce_closure_difficulty_mean=0.601934, arce_closure_difficulty_std=0.288034, arce_gamma_effective_beta=3.000000, arce_gamma_max=1.000000, arce_gamma_mean=0.153676, arce_gamma_min=0.052866, arce_gamma_mode=sample_overlap, arce_gamma_reassignment_l1_mean=0.000000, arce_gamma_std=0.085233, arce_sample_gamma_mean=0.153676, arce_sampled_teacher_overlap_mean=0.663617, arce_sampler=marginal_topl, arce_teacher_missing_mass_mean=0.183643, arce_teacher_missing_mass_std=0.107943
09/05/2026,07:11:26: Training...
09/05/2026,07:11:27: Evaluating...
09/05/2026,07:11:28: 	Train Loss: 3433269.5000 (base: 266.9814, kd: 6866.0049), Elapsed: train 2.44 test 0.28 *
09/05/2026,07:11:28: 	Recall@10: 0.06886 Recall@20: 0.09704 NDCG@10: 0.04069 NDCG@20: 0.04846 
09/05/2026,07:11:28: 	Recall@10: 0.02814 Recall@20: 0.04252 NDCG@10: 0.01538 NDCG@20: 0.01924 
09/05/2026,07:11:28: Epoch [98/1000]
09/05/2026,07:11:28: Negative sampling...
09/05/2026,07:11:29: Model's personal time...
09/05/2026,07:11:29: Model diagnostics: arce_anchor_count_mean=33.238934, arce_blocker_budget_mean=16.761065, arce_blocker_entropy_mean=4.903012, arce_closure_difficulty_mean=0.600049, arce_closure_difficulty_std=0.287748, arce_gamma_effective_beta=3.000000, arce_gamma_max=1.000000, arce_gamma_mean=0.152994, arce_gamma_min=0.052866, arce_gamma_mode=sample_overlap, arce_gamma_reassignment_l1_mean=0.000000, arce_gamma_std=0.084411, arce_sample_gamma_mean=0.152994, arce_sampled_teacher_overlap_mean=0.664779, arce_sampler=marginal_topl, arce_teacher_missing_mass_mean=0.182738, arce_teacher_missing_mass_std=0.107454
09/05/2026,07:11:29: Training...
09/05/2026,07:11:30: Evaluating...
09/05/2026,07:11:31: 	Train Loss: 3433301.5000 (base: 265.6585, kd: 6866.0713), Elapsed: train 2.69 test 0.33
09/05/2026,07:11:31: 	Recall@10: 0.06849 Recall@20: 0.09789 NDCG@10: 0.04037 NDCG@20: 0.04843 
09/05/2026,07:11:31: 	Recall@10: 0.02870 Recall@20: 0.04277 NDCG@10: 0.01550 NDCG@20: 0.01927 
09/05/2026,07:11:31: Epoch [99/1000]
09/05/2026,07:11:31: Negative sampling...
09/05/2026,07:11:32: Model's personal time...
09/05/2026,07:11:32: Model diagnostics: arce_anchor_count_mean=33.293159, arce_blocker_budget_mean=16.706841, arce_blocker_entropy_mean=4.901226, arce_closure_difficulty_mean=0.598054, arce_closure_difficulty_std=0.287257, arce_gamma_effective_beta=3.000000, arce_gamma_max=1.000000, arce_gamma_mean=0.152445, arce_gamma_min=0.049787, arce_gamma_mode=sample_overlap, arce_gamma_reassignment_l1_mean=0.000000, arce_gamma_std=0.084095, arce_sample_gamma_mean=0.152445, arce_sampled_teacher_overlap_mean=0.665863, arce_sampler=marginal_topl, arce_teacher_missing_mass_mean=0.181942, arce_teacher_missing_mass_std=0.107110
09/05/2026,07:11:32: Training...
09/05/2026,07:11:33: Evaluating...
09/05/2026,07:11:34: 	Train Loss: 3432707.7500 (base: 260.2526, kd: 6864.8955), Elapsed: train 2.57 test 0.27
09/05/2026,07:11:34: 	Recall@10: 0.06900 Recall@20: 0.09720 NDCG@10: 0.04062 NDCG@20: 0.04843 
09/05/2026,07:11:34: 	Recall@10: 0.02839 Recall@20: 0.04270 NDCG@10: 0.01545 NDCG@20: 0.01927 
09/05/2026,07:11:34: Epoch [100/1000]
09/05/2026,07:11:34: Negative sampling...
09/05/2026,07:11:35: Model's personal time...
09/05/2026,07:11:35: Model diagnostics: arce_anchor_count_mean=33.336269, arce_blocker_budget_mean=16.663729, arce_blocker_entropy_mean=4.899026, arce_closure_difficulty_mean=0.595778, arce_closure_difficulty_std=0.285711, arce_gamma_effective_beta=3.000000, arce_gamma_max=1.000000, arce_gamma_mean=0.151947, arce_gamma_min=0.049787, arce_gamma_mode=sample_overlap, arce_gamma_reassignment_l1_mean=0.000000, arce_gamma_std=0.083468, arce_sample_gamma_mean=0.151947, arce_sampled_teacher_overlap_mean=0.666725, arce_sampler=marginal_topl, arce_teacher_missing_mass_mean=0.181023, arce_teacher_missing_mass_std=0.106356
09/05/2026,07:11:35: Training...
09/05/2026,07:11:36: Evaluating...
09/05/2026,07:11:36: 	Train Loss: 3433137.0000 (base: 258.7542, kd: 6865.7563), Elapsed: train 2.45 test 0.26
09/05/2026,07:11:36: 	Recall@10: 0.06783 Recall@20: 0.09720 NDCG@10: 0.03998 NDCG@20: 0.04811 
09/05/2026,07:11:36: 	Recall@10: 0.02854 Recall@20: 0.04335 NDCG@10: 0.01542 NDCG@20: 0.01937 
09/05/2026,07:11:36: Epoch [101/1000]
09/05/2026,07:11:36: Negative sampling...
09/05/2026,07:11:38: Model's personal time...
09/05/2026,07:11:38: Model diagnostics: arce_anchor_count_mean=33.393944, arce_blocker_budget_mean=16.606054, arce_blocker_entropy_mean=4.897126, arce_closure_difficulty_mean=0.594103, arce_closure_difficulty_std=0.285330, arce_gamma_effective_beta=3.000000, arce_gamma_max=1.000000, arce_gamma_mean=0.151323, arce_gamma_min=0.049787, arce_gamma_mode=sample_overlap, arce_gamma_reassignment_l1_mean=0.000000, arce_gamma_std=0.082883, arce_sample_gamma_mean=0.151323, arce_sampled_teacher_overlap_mean=0.667879, arce_sampler=marginal_topl, arce_teacher_missing_mass_mean=0.180248, arce_teacher_missing_mass_std=0.105975
09/05/2026,07:11:38: Training...
09/05/2026,07:11:39: Evaluating...
09/05/2026,07:11:39: 	Train Loss: 3432920.7500 (base: 255.8687, kd: 6865.3301), Elapsed: train 2.48 test 0.30
09/05/2026,07:11:39: 	Recall@10: 0.06807 Recall@20: 0.09652 NDCG@10: 0.04017 NDCG@20: 0.04801 
09/05/2026,07:11:39: 	Recall@10: 0.02851 Recall@20: 0.04240 NDCG@10: 0.01554 NDCG@20: 0.01927 
09/05/2026,07:11:39: Epoch [102/1000]
09/05/2026,07:11:39: Negative sampling...
09/05/2026,07:11:41: Model's personal time...
09/05/2026,07:11:41: Model diagnostics: arce_anchor_count_mean=33.455067, arce_blocker_budget_mean=16.544931, arce_blocker_entropy_mean=4.895275, arce_closure_difficulty_mean=0.592124, arce_closure_difficulty_std=0.284648, arce_gamma_effective_beta=3.000000, arce_gamma_max=1.000000, arce_gamma_mean=0.150734, arce_gamma_min=0.049787, arce_gamma_mode=sample_overlap, arce_gamma_reassignment_l1_mean=0.000000, arce_gamma_std=0.082538, arce_sample_gamma_mean=0.150734, arce_sampled_teacher_overlap_mean=0.669101, arce_sampler=marginal_topl, arce_teacher_missing_mass_mean=0.179400, arce_teacher_missing_mass_std=0.105751
09/05/2026,07:11:41: Training...
09/05/2026,07:11:42: Evaluating...
09/05/2026,07:11:42: 	Train Loss: 3433346.7500 (base: 255.9820, kd: 6866.1816), Elapsed: train 2.54 test 0.25
09/05/2026,07:11:42: 	Recall@10: 0.06818 Recall@20: 0.09760 NDCG@10: 0.04031 NDCG@20: 0.04834 
09/05/2026,07:11:42: 	Recall@10: 0.02852 Recall@20: 0.04273 NDCG@10: 0.01554 NDCG@20: 0.01939 
09/05/2026,07:11:42: Epoch [103/1000]
09/05/2026,07:11:42: Negative sampling...
09/05/2026,07:11:43: Model's personal time...
09/05/2026,07:11:43: Model diagnostics: arce_anchor_count_mean=33.496838, arce_blocker_budget_mean=16.503160, arce_blocker_entropy_mean=4.893680, arce_closure_difficulty_mean=0.590350, arce_closure_difficulty_std=0.283752, arce_gamma_effective_beta=3.000000, arce_gamma_max=1.000000, arce_gamma_mean=0.150256, arce_gamma_min=0.049787, arce_gamma_mode=sample_overlap, arce_gamma_reassignment_l1_mean=0.000000, arce_gamma_std=0.082158, arce_sample_gamma_mean=0.150256, arce_sampled_teacher_overlap_mean=0.669937, arce_sampler=marginal_topl, arce_teacher_missing_mass_mean=0.178641, arce_teacher_missing_mass_std=0.105146
09/05/2026,07:11:43: Training...
09/05/2026,07:11:44: Evaluating...
09/05/2026,07:11:45: 	Train Loss: 3433296.2500 (base: 255.3903, kd: 6866.0815), Elapsed: train 2.53 test 0.27
09/05/2026,07:11:45: 	Recall@10: 0.06865 Recall@20: 0.09718 NDCG@10: 0.04027 NDCG@20: 0.04816 
09/05/2026,07:11:45: 	Recall@10: 0.02825 Recall@20: 0.04285 NDCG@10: 0.01545 NDCG@20: 0.01941 
09/05/2026,07:11:45: Epoch [104/1000]
09/05/2026,07:11:45: Negative sampling...
09/05/2026,07:11:46: Model's personal time...
09/05/2026,07:11:46: Model diagnostics: arce_anchor_count_mean=33.553364, arce_blocker_budget_mean=16.446636, arce_blocker_entropy_mean=4.890864, arce_closure_difficulty_mean=0.588457, arce_closure_difficulty_std=0.283099, arce_gamma_effective_beta=3.000000, arce_gamma_max=1.000000, arce_gamma_mean=0.149642, arce_gamma_min=0.052866, arce_gamma_mode=sample_overlap, arce_gamma_reassignment_l1_mean=0.000000, arce_gamma_std=0.081432, arce_sample_gamma_mean=0.149642, arce_sampled_teacher_overlap_mean=0.671067, arce_sampler=marginal_topl, arce_teacher_missing_mass_mean=0.177768, arce_teacher_missing_mass_std=0.104661
09/05/2026,07:11:46: Training...
09/05/2026,07:11:47: Evaluating...
09/05/2026,07:11:48: 	Train Loss: 3433256.5000 (base: 252.6354, kd: 6866.0073), Elapsed: train 2.67 test 0.27
09/05/2026,07:11:48: 	Recall@10: 0.06850 Recall@20: 0.09729 NDCG@10: 0.04038 NDCG@20: 0.04831 
09/05/2026,07:11:48: 	Recall@10: 0.02852 Recall@20: 0.04282 NDCG@10: 0.01543 NDCG@20: 0.01929 
09/05/2026,07:11:48: Epoch [105/1000]
09/05/2026,07:11:48: Negative sampling...
09/05/2026,07:11:49: Model's personal time...
09/05/2026,07:11:49: Model diagnostics: arce_anchor_count_mean=33.600880, arce_blocker_budget_mean=16.399118, arce_blocker_entropy_mean=4.890101, arce_closure_difficulty_mean=0.586665, arce_closure_difficulty_std=0.282645, arce_gamma_effective_beta=3.000000, arce_gamma_max=1.000000, arce_gamma_mean=0.149189, arce_gamma_min=0.049787, arce_gamma_mode=sample_overlap, arce_gamma_reassignment_l1_mean=0.000000, arce_gamma_std=0.081210, arce_sample_gamma_mean=0.149189, arce_sampled_teacher_overlap_mean=0.672018, arce_sampler=marginal_topl, arce_teacher_missing_mass_mean=0.177045, arce_teacher_missing_mass_std=0.104381
09/05/2026,07:11:49: Training...
09/05/2026,07:11:50: Evaluating...
09/05/2026,07:11:50: 	Train Loss: 3433145.5000 (base: 249.5213, kd: 6865.7920), Elapsed: train 2.44 test 0.27 *
09/05/2026,07:11:50: 	Recall@10: 0.06882 Recall@20: 0.09830 NDCG@10: 0.04034 NDCG@20: 0.04847 
09/05/2026,07:11:50: 	Recall@10: 0.02881 Recall@20: 0.04321 NDCG@10: 0.01556 NDCG@20: 0.01947 
09/05/2026,07:11:50: Epoch [106/1000]
09/05/2026,07:11:50: Negative sampling...
09/05/2026,07:11:52: Model's personal time...
09/05/2026,07:11:52: Model diagnostics: arce_anchor_count_mean=33.665646, arce_blocker_budget_mean=16.334354, arce_blocker_entropy_mean=4.887751, arce_closure_difficulty_mean=0.585030, arce_closure_difficulty_std=0.281866, arce_gamma_effective_beta=3.000000, arce_gamma_max=1.000000, arce_gamma_mean=0.148492, arce_gamma_min=0.052866, arce_gamma_mode=sample_overlap, arce_gamma_reassignment_l1_mean=0.000000, arce_gamma_std=0.080609, arce_sample_gamma_mean=0.148492, arce_sampled_teacher_overlap_mean=0.673313, arce_sampler=marginal_topl, arce_teacher_missing_mass_mean=0.176220, arce_teacher_missing_mass_std=0.103959
09/05/2026,07:11:52: Training...
09/05/2026,07:11:53: Evaluating...
09/05/2026,07:11:53: 	Train Loss: 3433824.0000 (base: 248.8684, kd: 6867.1504), Elapsed: train 2.60 test 0.28 *
09/05/2026,07:11:53: 	Recall@10: 0.06900 Recall@20: 0.09786 NDCG@10: 0.04070 NDCG@20: 0.04858 
09/05/2026,07:11:53: 	Recall@10: 0.02875 Recall@20: 0.04302 NDCG@10: 0.01557 NDCG@20: 0.01946 
09/05/2026,07:11:53: Epoch [107/1000]
09/05/2026,07:11:53: Negative sampling...
09/05/2026,07:11:55: Model's personal time...
09/05/2026,07:11:55: Model diagnostics: arce_anchor_count_mean=33.713547, arce_blocker_budget_mean=16.286453, arce_blocker_entropy_mean=4.885504, arce_closure_difficulty_mean=0.583185, arce_closure_difficulty_std=0.280947, arce_gamma_effective_beta=3.000000, arce_gamma_max=1.000000, arce_gamma_mean=0.148010, arce_gamma_min=0.052866, arce_gamma_mode=sample_overlap, arce_gamma_reassignment_l1_mean=0.000000, arce_gamma_std=0.080151, arce_sample_gamma_mean=0.148010, arce_sampled_teacher_overlap_mean=0.674271, arce_sampler=marginal_topl, arce_teacher_missing_mass_mean=0.175475, arce_teacher_missing_mass_std=0.103535
09/05/2026,07:11:55: Training...
09/05/2026,07:11:56: Evaluating...
09/05/2026,07:11:56: 	Train Loss: 3434575.5000 (base: 247.7143, kd: 6868.6553), Elapsed: train 2.65 test 0.34 *
09/05/2026,07:11:56: 	Recall@10: 0.06912 Recall@20: 0.09752 NDCG@10: 0.04080 NDCG@20: 0.04862 
09/05/2026,07:11:56: 	Recall@10: 0.02834 Recall@20: 0.04241 NDCG@10: 0.01545 NDCG@20: 0.01928 
09/05/2026,07:11:56: Epoch [108/1000]
09/05/2026,07:11:56: Negative sampling...
09/05/2026,07:11:58: Model's personal time...
09/05/2026,07:11:58: Model diagnostics: arce_anchor_count_mean=33.763363, arce_blocker_budget_mean=16.236635, arce_blocker_entropy_mean=4.883301, arce_closure_difficulty_mean=0.581155, arce_closure_difficulty_std=0.280185, arce_gamma_effective_beta=3.000000, arce_gamma_max=1.000000, arce_gamma_mean=0.147527, arce_gamma_min=0.052866, arce_gamma_mode=sample_overlap, arce_gamma_reassignment_l1_mean=0.000000, arce_gamma_std=0.079787, arce_sample_gamma_mean=0.147527, arce_sampled_teacher_overlap_mean=0.675267, arce_sampler=marginal_topl, arce_teacher_missing_mass_mean=0.174764, arce_teacher_missing_mass_std=0.103275
09/05/2026,07:11:58: Training...
09/05/2026,07:11:59: Evaluating...
09/05/2026,07:11:59: 	Train Loss: 3434096.0000 (base: 244.8242, kd: 6867.7021), Elapsed: train 2.71 test 0.28 *
09/05/2026,07:11:59: 	Recall@10: 0.06878 Recall@20: 0.09761 NDCG@10: 0.04080 NDCG@20: 0.04867 
09/05/2026,07:11:59: 	Recall@10: 0.02852 Recall@20: 0.04229 NDCG@10: 0.01560 NDCG@20: 0.01939 
09/05/2026,07:11:59: Epoch [109/1000]
09/05/2026,07:11:59: Negative sampling...
09/05/2026,07:12:01: Model's personal time...
09/05/2026,07:12:01: Model diagnostics: arce_anchor_count_mean=33.805134, arce_blocker_budget_mean=16.194864, arce_blocker_entropy_mean=4.881348, arce_closure_difficulty_mean=0.579502, arce_closure_difficulty_std=0.279497, arce_gamma_effective_beta=3.000000, arce_gamma_max=1.000000, arce_gamma_mean=0.147078, arce_gamma_min=0.052866, arce_gamma_mode=sample_overlap, arce_gamma_reassignment_l1_mean=0.000000, arce_gamma_std=0.079409, arce_sample_gamma_mean=0.147078, arce_sampled_teacher_overlap_mean=0.676103, arce_sampler=marginal_topl, arce_teacher_missing_mass_mean=0.174077, arce_teacher_missing_mass_std=0.102890
09/05/2026,07:12:01: Training...
09/05/2026,07:12:02: Evaluating...
09/05/2026,07:12:02: 	Train Loss: 3434794.0000 (base: 244.1406, kd: 6869.0991), Elapsed: train 2.61 test 0.29 *
09/05/2026,07:12:02: 	Recall@10: 0.06807 Recall@20: 0.09803 NDCG@10: 0.04051 NDCG@20: 0.04880 
09/05/2026,07:12:02: 	Recall@10: 0.02816 Recall@20: 0.04312 NDCG@10: 0.01535 NDCG@20: 0.01942 
09/05/2026,07:12:02: Epoch [110/1000]
09/05/2026,07:12:02: Negative sampling...
09/05/2026,07:12:03: Model's personal time...
09/05/2026,07:12:03: Model diagnostics: arce_anchor_count_mean=33.871048, arce_blocker_budget_mean=16.128952, arce_blocker_entropy_mean=4.880926, arce_closure_difficulty_mean=0.577424, arce_closure_difficulty_std=0.279138, arce_gamma_effective_beta=3.000000, arce_gamma_max=1.000000, arce_gamma_mean=0.146418, arce_gamma_min=0.049787, arce_gamma_mode=sample_overlap, arce_gamma_reassignment_l1_mean=0.000000, arce_gamma_std=0.078857, arce_sample_gamma_mean=0.146418, arce_sampled_teacher_overlap_mean=0.677421, arce_sampler=marginal_topl, arce_teacher_missing_mass_mean=0.173117, arce_teacher_missing_mass_std=0.102463
09/05/2026,07:12:03: Training...
09/05/2026,07:12:05: Evaluating...
09/05/2026,07:12:05: 	Train Loss: 3434445.2500 (base: 243.5182, kd: 6868.4033), Elapsed: train 2.70 test 0.26
09/05/2026,07:12:05: 	Recall@10: 0.06825 Recall@20: 0.09753 NDCG@10: 0.04073 NDCG@20: 0.04877 
09/05/2026,07:12:05: 	Recall@10: 0.02852 Recall@20: 0.04288 NDCG@10: 0.01548 NDCG@20: 0.01939 
09/05/2026,07:12:05: Epoch [111/1000]
09/05/2026,07:12:05: Negative sampling...
09/05/2026,07:12:06: Model's personal time...
09/05/2026,07:12:06: Model diagnostics: arce_anchor_count_mean=33.921825, arce_blocker_budget_mean=16.078176, arce_blocker_entropy_mean=4.879077, arce_closure_difficulty_mean=0.575599, arce_closure_difficulty_std=0.278367, arce_gamma_effective_beta=3.000000, arce_gamma_max=0.941765, arce_gamma_mean=0.145934, arce_gamma_min=0.049787, arce_gamma_mode=sample_overlap, arce_gamma_reassignment_l1_mean=0.000000, arce_gamma_std=0.078535, arce_sample_gamma_mean=0.145934, arce_sampled_teacher_overlap_mean=0.678436, arce_sampler=marginal_topl, arce_teacher_missing_mass_mean=0.172380, arce_teacher_missing_mass_std=0.102139
09/05/2026,07:12:06: Training...
09/05/2026,07:12:08: Evaluating...
09/05/2026,07:12:08: 	Train Loss: 3435051.0000 (base: 240.0971, kd: 6869.6216), Elapsed: train 2.48 test 0.26
09/05/2026,07:12:08: 	Recall@10: 0.06923 Recall@20: 0.09730 NDCG@10: 0.04104 NDCG@20: 0.04880 
09/05/2026,07:12:08: 	Recall@10: 0.02874 Recall@20: 0.04309 NDCG@10: 0.01565 NDCG@20: 0.01956 
09/05/2026,07:12:08: Epoch [112/1000]
09/05/2026,07:12:08: Negative sampling...
09/05/2026,07:12:09: Model's personal time...
09/05/2026,07:12:09: Model diagnostics: arce_anchor_count_mean=33.962254, arce_blocker_budget_mean=16.037746, arce_blocker_entropy_mean=4.877480, arce_closure_difficulty_mean=0.573883, arce_closure_difficulty_std=0.277844, arce_gamma_effective_beta=3.000000, arce_gamma_max=1.000000, arce_gamma_mean=0.145535, arce_gamma_min=0.049787, arce_gamma_mode=sample_overlap, arce_gamma_reassignment_l1_mean=0.000000, arce_gamma_std=0.078234, arce_sample_gamma_mean=0.145535, arce_sampled_teacher_overlap_mean=0.679245, arce_sampler=marginal_topl, arce_teacher_missing_mass_mean=0.171759, arce_teacher_missing_mass_std=0.102021
09/05/2026,07:12:09: Training...
09/05/2026,07:12:10: Evaluating...
09/05/2026,07:12:11: 	Train Loss: 3434452.2500 (base: 239.4804, kd: 6868.4258), Elapsed: train 2.54 test 0.26
09/05/2026,07:12:11: 	Recall@10: 0.06865 Recall@20: 0.09772 NDCG@10: 0.04068 NDCG@20: 0.04860 
09/05/2026,07:12:11: 	Recall@10: 0.02823 Recall@20: 0.04275 NDCG@10: 0.01545 NDCG@20: 0.01944 
09/05/2026,07:12:11: Epoch [113/1000]
09/05/2026,07:12:11: Negative sampling...
09/05/2026,07:12:12: Model's personal time...
09/05/2026,07:12:12: Model diagnostics: arce_anchor_count_mean=34.022224, arce_blocker_budget_mean=15.977774, arce_blocker_entropy_mean=4.875016, arce_closure_difficulty_mean=0.572208, arce_closure_difficulty_std=0.277405, arce_gamma_effective_beta=3.000000, arce_gamma_max=1.000000, arce_gamma_mean=0.144922, arce_gamma_min=0.049787, arce_gamma_mode=sample_overlap, arce_gamma_reassignment_l1_mean=0.000000, arce_gamma_std=0.077763, arce_sample_gamma_mean=0.144922, arce_sampled_teacher_overlap_mean=0.680445, arce_sampler=marginal_topl, arce_teacher_missing_mass_mean=0.170957, arce_teacher_missing_mass_std=0.101561
09/05/2026,07:12:12: Training...
09/05/2026,07:12:13: Evaluating...
09/05/2026,07:12:13: 	Train Loss: 3435073.2500 (base: 237.6450, kd: 6869.6709), Elapsed: train 2.46 test 0.33 *
09/05/2026,07:12:13: 	Recall@10: 0.06917 Recall@20: 0.09786 NDCG@10: 0.04103 NDCG@20: 0.04893 
09/05/2026,07:12:13: 	Recall@10: 0.02877 Recall@20: 0.04340 NDCG@10: 0.01558 NDCG@20: 0.01958 
09/05/2026,07:12:13: Epoch [114/1000]
09/05/2026,07:12:13: Negative sampling...
09/05/2026,07:12:15: Model's personal time...
09/05/2026,07:12:15: Model diagnostics: arce_anchor_count_mean=34.069744, arce_blocker_budget_mean=15.930255, arce_blocker_entropy_mean=4.873303, arce_closure_difficulty_mean=0.570240, arce_closure_difficulty_std=0.276260, arce_gamma_effective_beta=3.000000, arce_gamma_max=1.000000, arce_gamma_mean=0.144451, arce_gamma_min=0.052866, arce_gamma_mode=sample_overlap, arce_gamma_reassignment_l1_mean=0.000000, arce_gamma_std=0.077313, arce_sample_gamma_mean=0.144451, arce_sampled_teacher_overlap_mean=0.681395, arce_sampler=marginal_topl, arce_teacher_missing_mass_mean=0.170103, arce_teacher_missing_mass_std=0.100921
09/05/2026,07:12:15: Training...
09/05/2026,07:12:16: Evaluating...
09/05/2026,07:12:16: 	Train Loss: 3435566.2500 (base: 240.0773, kd: 6870.6528), Elapsed: train 2.77 test 0.27 *
09/05/2026,07:12:16: 	Recall@10: 0.06850 Recall@20: 0.09745 NDCG@10: 0.04098 NDCG@20: 0.04895 
09/05/2026,07:12:16: 	Recall@10: 0.02826 Recall@20: 0.04295 NDCG@10: 0.01546 NDCG@20: 0.01948 
09/05/2026,07:12:16: Epoch [115/1000]
09/05/2026,07:12:16: Negative sampling...
09/05/2026,07:12:18: Model's personal time...
09/05/2026,07:12:18: Model diagnostics: arce_anchor_count_mean=34.111897, arce_blocker_budget_mean=15.888101, arce_blocker_entropy_mean=4.872144, arce_closure_difficulty_mean=0.568588, arce_closure_difficulty_std=0.276019, arce_gamma_effective_beta=3.000000, arce_gamma_max=1.000000, arce_gamma_mean=0.144083, arce_gamma_min=0.049787, arce_gamma_mode=sample_overlap, arce_gamma_reassignment_l1_mean=0.000000, arce_gamma_std=0.077129, arce_sample_gamma_mean=0.144083, arce_sampled_teacher_overlap_mean=0.682238, arce_sampler=marginal_topl, arce_teacher_missing_mass_mean=0.169482, arce_teacher_missing_mass_std=0.100765
09/05/2026,07:12:18: Training...
09/05/2026,07:12:19: Evaluating...
09/05/2026,07:12:19: 	Train Loss: 3435435.7500 (base: 236.3732, kd: 6870.3989), Elapsed: train 2.51 test 0.26
09/05/2026,07:12:19: 	Recall@10: 0.06924 Recall@20: 0.09738 NDCG@10: 0.04091 NDCG@20: 0.04866 
09/05/2026,07:12:19: 	Recall@10: 0.02821 Recall@20: 0.04256 NDCG@10: 0.01539 NDCG@20: 0.01931 
09/05/2026,07:12:19: Epoch [116/1000]
09/05/2026,07:12:19: Negative sampling...
09/05/2026,07:12:21: Model's personal time...
09/05/2026,07:12:21: Model diagnostics: arce_anchor_count_mean=34.159992, arce_blocker_budget_mean=15.840008, arce_blocker_entropy_mean=4.870400, arce_closure_difficulty_mean=0.566671, arce_closure_difficulty_std=0.275292, arce_gamma_effective_beta=3.000000, arce_gamma_max=0.941765, arce_gamma_mean=0.143498, arce_gamma_min=0.049787, arce_gamma_mode=sample_overlap, arce_gamma_reassignment_l1_mean=0.000000, arce_gamma_std=0.076129, arce_sample_gamma_mean=0.143498, arce_sampled_teacher_overlap_mean=0.683200, arce_sampler=marginal_topl, arce_teacher_missing_mass_mean=0.168684, arce_teacher_missing_mass_std=0.100171
09/05/2026,07:12:21: Training...
09/05/2026,07:12:22: Evaluating...
09/05/2026,07:12:22: 	Train Loss: 3435142.2500 (base: 232.6183, kd: 6869.8193), Elapsed: train 2.50 test 0.26
09/05/2026,07:12:22: 	Recall@10: 0.06845 Recall@20: 0.09695 NDCG@10: 0.04081 NDCG@20: 0.04866 
09/05/2026,07:12:22: 	Recall@10: 0.02827 Recall@20: 0.04290 NDCG@10: 0.01551 NDCG@20: 0.01947 
09/05/2026,07:12:22: Epoch [117/1000]
09/05/2026,07:12:22: Negative sampling...
09/05/2026,07:12:23: Model's personal time...
09/05/2026,07:12:23: Model diagnostics: arce_anchor_count_mean=34.206360, arce_blocker_budget_mean=15.793638, arce_blocker_entropy_mean=4.869693, arce_closure_difficulty_mean=0.565031, arce_closure_difficulty_std=0.274771, arce_gamma_effective_beta=3.000000, arce_gamma_max=1.000000, arce_gamma_mean=0.143081, arce_gamma_min=0.049787, arce_gamma_mode=sample_overlap, arce_gamma_reassignment_l1_mean=0.000000, arce_gamma_std=0.076045, arce_sample_gamma_mean=0.143081, arce_sampled_teacher_overlap_mean=0.684127, arce_sampler=marginal_topl, arce_teacher_missing_mass_mean=0.168042, arce_teacher_missing_mass_std=0.100015
09/05/2026,07:12:23: Training...
09/05/2026,07:12:24: Evaluating...
09/05/2026,07:12:25: 	Train Loss: 3435807.0000 (base: 229.2773, kd: 6871.1553), Elapsed: train 2.52 test 0.34
09/05/2026,07:12:25: 	Recall@10: 0.06916 Recall@20: 0.09811 NDCG@10: 0.04085 NDCG@20: 0.04885 
09/05/2026,07:12:25: 	Recall@10: 0.02878 Recall@20: 0.04278 NDCG@10: 0.01573 NDCG@20: 0.01953 
09/05/2026,07:12:25: Epoch [118/1000]
09/05/2026,07:12:25: Negative sampling...
09/05/2026,07:12:26: Model's personal time...
09/05/2026,07:12:26: Model diagnostics: arce_anchor_count_mean=34.244492, arce_blocker_budget_mean=15.755508, arce_blocker_entropy_mean=4.868063, arce_closure_difficulty_mean=0.563407, arce_closure_difficulty_std=0.273952, arce_gamma_effective_beta=3.000000, arce_gamma_max=1.000000, arce_gamma_mean=0.142691, arce_gamma_min=0.049787, arce_gamma_mode=sample_overlap, arce_gamma_reassignment_l1_mean=0.000000, arce_gamma_std=0.075636, arce_sample_gamma_mean=0.142691, arce_sampled_teacher_overlap_mean=0.684890, arce_sampler=marginal_topl, arce_teacher_missing_mass_mean=0.167414, arce_teacher_missing_mass_std=0.099627
09/05/2026,07:12:26: Training...
09/05/2026,07:12:27: Evaluating...
09/05/2026,07:12:28: 	Train Loss: 3435563.0000 (base: 230.7080, kd: 6870.6646), Elapsed: train 2.66 test 0.27
09/05/2026,07:12:28: 	Recall@10: 0.06850 Recall@20: 0.09758 NDCG@10: 0.04079 NDCG@20: 0.04882 
09/05/2026,07:12:28: 	Recall@10: 0.02827 Recall@20: 0.04270 NDCG@10: 0.01550 NDCG@20: 0.01944 
09/05/2026,07:12:28: Epoch [119/1000]
09/05/2026,07:12:28: Negative sampling...
09/05/2026,07:12:29: Model's personal time...
09/05/2026,07:12:29: Model diagnostics: arce_anchor_count_mean=34.292202, arce_blocker_budget_mean=15.707798, arce_blocker_entropy_mean=4.865594, arce_closure_difficulty_mean=0.561930, arce_closure_difficulty_std=0.273583, arce_gamma_effective_beta=3.000000, arce_gamma_max=0.886920, arce_gamma_mean=0.142241, arce_gamma_min=0.049787, arce_gamma_mode=sample_overlap, arce_gamma_reassignment_l1_mean=0.000000, arce_gamma_std=0.075230, arce_sample_gamma_mean=0.142241, arce_sampled_teacher_overlap_mean=0.685844, arce_sampler=marginal_topl, arce_teacher_missing_mass_mean=0.166801, arce_teacher_missing_mass_std=0.099363
09/05/2026,07:12:29: Training...
09/05/2026,07:12:30: Evaluating...
09/05/2026,07:12:31: 	Train Loss: 3435333.7500 (base: 229.0585, kd: 6870.2104), Elapsed: train 2.56 test 0.27
09/05/2026,07:12:31: 	Recall@10: 0.06903 Recall@20: 0.09772 NDCG@10: 0.04070 NDCG@20: 0.04862 
09/05/2026,07:12:31: 	Recall@10: 0.02864 Recall@20: 0.04299 NDCG@10: 0.01547 NDCG@20: 0.01939 
09/05/2026,07:12:31: Epoch [120/1000]
09/05/2026,07:12:31: Negative sampling...
09/05/2026,07:12:32: Model's personal time...
09/05/2026,07:12:32: Model diagnostics: arce_anchor_count_mean=34.339527, arce_blocker_budget_mean=15.660471, arce_blocker_entropy_mean=4.864453, arce_closure_difficulty_mean=0.560394, arce_closure_difficulty_std=0.272741, arce_gamma_effective_beta=3.000000, arce_gamma_max=1.000000, arce_gamma_mean=0.141762, arce_gamma_min=0.049787, arce_gamma_mode=sample_overlap, arce_gamma_reassignment_l1_mean=0.000000, arce_gamma_std=0.075039, arce_sample_gamma_mean=0.141762, arce_sampled_teacher_overlap_mean=0.686791, arce_sampler=marginal_topl, arce_teacher_missing_mass_mean=0.166093, arce_teacher_missing_mass_std=0.098961
09/05/2026,07:12:32: Training...
09/05/2026,07:12:33: Evaluating...
09/05/2026,07:12:33: 	Train Loss: 3435627.7500 (base: 225.5991, kd: 6870.8042), Elapsed: train 2.58 test 0.28 *
09/05/2026,07:12:33: 	Recall@10: 0.06929 Recall@20: 0.09786 NDCG@10: 0.04112 NDCG@20: 0.04901 
09/05/2026,07:12:33: 	Recall@10: 0.02828 Recall@20: 0.04301 NDCG@10: 0.01541 NDCG@20: 0.01944 
09/05/2026,07:12:33: Epoch [121/1000]
09/05/2026,07:12:33: Negative sampling...
09/05/2026,07:12:35: Model's personal time...
09/05/2026,07:12:35: Model diagnostics: arce_anchor_count_mean=34.389729, arce_blocker_budget_mean=15.610270, arce_blocker_entropy_mean=4.864200, arce_closure_difficulty_mean=0.558829, arce_closure_difficulty_std=0.272623, arce_gamma_effective_beta=3.000000, arce_gamma_max=1.000000, arce_gamma_mean=0.141209, arce_gamma_min=0.049787, arce_gamma_mode=sample_overlap, arce_gamma_reassignment_l1_mean=0.000000, arce_gamma_std=0.074269, arce_sample_gamma_mean=0.141209, arce_sampled_teacher_overlap_mean=0.687795, arce_sampler=marginal_topl, arce_teacher_missing_mass_mean=0.165425, arce_teacher_missing_mass_std=0.098535
09/05/2026,07:12:35: Training...
09/05/2026,07:12:36: Evaluating...
09/05/2026,07:12:36: 	Train Loss: 3435628.7500 (base: 228.4864, kd: 6870.8008), Elapsed: train 2.41 test 0.27
09/05/2026,07:12:36: 	Recall@10: 0.06905 Recall@20: 0.09798 NDCG@10: 0.04081 NDCG@20: 0.04878 
09/05/2026,07:12:36: 	Recall@10: 0.02874 Recall@20: 0.04301 NDCG@10: 0.01546 NDCG@20: 0.01933 
09/05/2026,07:12:36: Epoch [122/1000]
09/05/2026,07:12:36: Negative sampling...
09/05/2026,07:12:37: Model's personal time...
09/05/2026,07:12:37: Model diagnostics: arce_anchor_count_mean=34.425369, arce_blocker_budget_mean=15.574631, arce_blocker_entropy_mean=4.861612, arce_closure_difficulty_mean=0.557522, arce_closure_difficulty_std=0.271633, arce_gamma_effective_beta=3.000000, arce_gamma_max=0.786628, arce_gamma_mean=0.140804, arce_gamma_min=0.049787, arce_gamma_mode=sample_overlap, arce_gamma_reassignment_l1_mean=0.000000, arce_gamma_std=0.073437, arce_sample_gamma_mean=0.140804, arce_sampled_teacher_overlap_mean=0.688507, arce_sampler=marginal_topl, arce_teacher_missing_mass_mean=0.164886, arce_teacher_missing_mass_std=0.098041
09/05/2026,07:12:37: Training...
09/05/2026,07:12:39: Evaluating...
09/05/2026,07:12:39: 	Train Loss: 3435803.2500 (base: 225.6768, kd: 6871.1553), Elapsed: train 2.48 test 0.26 *
09/05/2026,07:12:39: 	Recall@10: 0.06945 Recall@20: 0.09873 NDCG@10: 0.04100 NDCG@20: 0.04903 
09/05/2026,07:12:39: 	Recall@10: 0.02867 Recall@20: 0.04254 NDCG@10: 0.01549 NDCG@20: 0.01926 
09/05/2026,07:12:39: Epoch [123/1000]
09/05/2026,07:12:39: Negative sampling...
09/05/2026,07:12:40: Model's personal time...
09/05/2026,07:12:40: Model diagnostics: arce_anchor_count_mean=34.484383, arce_blocker_budget_mean=15.515615, arce_blocker_entropy_mean=4.860765, arce_closure_difficulty_mean=0.555808, arce_closure_difficulty_std=0.271434, arce_gamma_effective_beta=3.000000, arce_gamma_max=0.740818, arce_gamma_mean=0.140223, arce_gamma_min=0.049787, arce_gamma_mode=sample_overlap, arce_gamma_reassignment_l1_mean=0.000000, arce_gamma_std=0.072734, arce_sample_gamma_mean=0.140223, arce_sampled_teacher_overlap_mean=0.689688, arce_sampler=marginal_topl, arce_teacher_missing_mass_mean=0.164109, arce_teacher_missing_mass_std=0.097659
09/05/2026,07:12:40: Training...
09/05/2026,07:12:41: Evaluating...
09/05/2026,07:12:42: 	Train Loss: 3436049.0000 (base: 221.8279, kd: 6871.6543), Elapsed: train 2.48 test 0.26
09/05/2026,07:12:42: 	Recall@10: 0.06937 Recall@20: 0.09777 NDCG@10: 0.04127 NDCG@20: 0.04902 
09/05/2026,07:12:42: 	Recall@10: 0.02837 Recall@20: 0.04295 NDCG@10: 0.01527 NDCG@20: 0.01926 
09/05/2026,07:12:42: Epoch [124/1000]
09/05/2026,07:12:42: Negative sampling...
09/05/2026,07:12:43: Model's personal time...
09/05/2026,07:12:43: Model diagnostics: arce_anchor_count_mean=34.529411, arce_blocker_budget_mean=15.470588, arce_blocker_entropy_mean=4.858313, arce_closure_difficulty_mean=0.554334, arce_closure_difficulty_std=0.271120, arce_gamma_effective_beta=3.000000, arce_gamma_max=0.740818, arce_gamma_mean=0.139767, arce_gamma_min=0.049787, arce_gamma_mode=sample_overlap, arce_gamma_reassignment_l1_mean=0.000000, arce_gamma_std=0.072354, arce_sample_gamma_mean=0.139767, arce_sampled_teacher_overlap_mean=0.690588, arce_sampler=marginal_topl, arce_teacher_missing_mass_mean=0.163485, arce_teacher_missing_mass_std=0.097402
09/05/2026,07:12:43: Training...
09/05/2026,07:12:44: Evaluating...
09/05/2026,07:12:44: 	Train Loss: 3436538.0000 (base: 218.8555, kd: 6872.6382), Elapsed: train 2.53 test 0.25
09/05/2026,07:12:44: 	Recall@10: 0.06902 Recall@20: 0.09782 NDCG@10: 0.04103 NDCG@20: 0.04892 
09/05/2026,07:12:44: 	Recall@10: 0.02868 Recall@20: 0.04254 NDCG@10: 0.01555 NDCG@20: 0.01935 
09/05/2026,07:12:44: Epoch [125/1000]
09/05/2026,07:12:44: Negative sampling...
09/05/2026,07:12:46: Model's personal time...
09/05/2026,07:12:46: Model diagnostics: arce_anchor_count_mean=34.567543, arce_blocker_budget_mean=15.432458, arce_blocker_entropy_mean=4.858097, arce_closure_difficulty_mean=0.552806, arce_closure_difficulty_std=0.270470, arce_gamma_effective_beta=3.000000, arce_gamma_max=0.886920, arce_gamma_mean=0.139431, arce_gamma_min=0.049787, arce_gamma_mode=sample_overlap, arce_gamma_reassignment_l1_mean=0.000000, arce_gamma_std=0.072373, arce_sample_gamma_mean=0.139431, arce_sampled_teacher_overlap_mean=0.691351, arce_sampler=marginal_topl, arce_teacher_missing_mass_mean=0.162932, arce_teacher_missing_mass_std=0.097189
09/05/2026,07:12:46: Training...
09/05/2026,07:12:47: Evaluating...
09/05/2026,07:12:47: 	Train Loss: 3435871.2500 (base: 219.1313, kd: 6871.3042), Elapsed: train 2.41 test 0.26
09/05/2026,07:12:47: 	Recall@10: 0.06915 Recall@20: 0.09717 NDCG@10: 0.04095 NDCG@20: 0.04869 
09/05/2026,07:12:47: 	Recall@10: 0.02849 Recall@20: 0.04290 NDCG@10: 0.01544 NDCG@20: 0.01935 
09/05/2026,07:12:47: Epoch [126/1000]
09/05/2026,07:12:47: Negative sampling...
09/05/2026,07:12:48: Model's personal time...
09/05/2026,07:12:48: Model diagnostics: arce_anchor_count_mean=34.618893, arce_blocker_budget_mean=15.381107, arce_blocker_entropy_mean=4.854887, arce_closure_difficulty_mean=0.551499, arce_closure_difficulty_std=0.270176, arce_gamma_effective_beta=3.000000, arce_gamma_max=0.740818, arce_gamma_mean=0.138933, arce_gamma_min=0.049787, arce_gamma_mode=sample_overlap, arce_gamma_reassignment_l1_mean=0.000000, arce_gamma_std=0.071665, arce_sample_gamma_mean=0.138933, arce_sampled_teacher_overlap_mean=0.692378, arce_sampler=marginal_topl, arce_teacher_missing_mass_mean=0.162320, arce_teacher_missing_mass_std=0.096963
09/05/2026,07:12:48: Training...
09/05/2026,07:12:49: Evaluating...
09/05/2026,07:12:50: 	Train Loss: 3436867.7500 (base: 221.6607, kd: 6873.2920), Elapsed: train 2.41 test 0.26 *
09/05/2026,07:12:50: 	Recall@10: 0.06905 Recall@20: 0.09955 NDCG@10: 0.04081 NDCG@20: 0.04913 
09/05/2026,07:12:50: 	Recall@10: 0.02863 Recall@20: 0.04261 NDCG@10: 0.01548 NDCG@20: 0.01928 
09/05/2026,07:12:50: Epoch [127/1000]
09/05/2026,07:12:50: Negative sampling...
09/05/2026,07:12:51: Model's personal time...
09/05/2026,07:12:51: Model diagnostics: arce_anchor_count_mean=34.659512, arce_blocker_budget_mean=15.340487, arce_blocker_entropy_mean=4.854614, arce_closure_difficulty_mean=0.550186, arce_closure_difficulty_std=0.269705, arce_gamma_effective_beta=3.000000, arce_gamma_max=0.786628, arce_gamma_mean=0.138535, arce_gamma_min=0.049787, arce_gamma_mode=sample_overlap, arce_gamma_reassignment_l1_mean=0.000000, arce_gamma_std=0.071424, arce_sample_gamma_mean=0.138535, arce_sampled_teacher_overlap_mean=0.693190, arce_sampler=marginal_topl, arce_teacher_missing_mass_mean=0.161773, arce_teacher_missing_mass_std=0.096664
09/05/2026,07:12:51: Training...
09/05/2026,07:12:52: Evaluating...
09/05/2026,07:12:52: 	Train Loss: 3436074.0000 (base: 222.5565, kd: 6871.7026), Elapsed: train 2.44 test 0.27
09/05/2026,07:12:52: 	Recall@10: 0.06930 Recall@20: 0.09867 NDCG@10: 0.04083 NDCG@20: 0.04892 
09/05/2026,07:12:52: 	Recall@10: 0.02874 Recall@20: 0.04292 NDCG@10: 0.01553 NDCG@20: 0.01939 
09/05/2026,07:12:52: Epoch [128/1000]
09/05/2026,07:12:52: Negative sampling...
09/05/2026,07:12:54: Model's personal time...
09/05/2026,07:12:54: Model diagnostics: arce_anchor_count_mean=34.703201, arce_blocker_budget_mean=15.296800, arce_blocker_entropy_mean=4.854548, arce_closure_difficulty_mean=0.548660, arce_closure_difficulty_std=0.269051, arce_gamma_effective_beta=3.000000, arce_gamma_max=0.786628, arce_gamma_mean=0.138092, arce_gamma_min=0.049787, arce_gamma_mode=sample_overlap, arce_gamma_reassignment_l1_mean=0.000000, arce_gamma_std=0.070895, arce_sample_gamma_mean=0.138092, arce_sampled_teacher_overlap_mean=0.694064, arce_sampler=marginal_topl, arce_teacher_missing_mass_mean=0.161148, arce_teacher_missing_mass_std=0.096278
09/05/2026,07:12:54: Training...
09/05/2026,07:12:55: Evaluating...
09/05/2026,07:12:55: 	Train Loss: 3436636.0000 (base: 219.8247, kd: 6872.8320), Elapsed: train 2.55 test 0.34
09/05/2026,07:12:55: 	Recall@10: 0.06823 Recall@20: 0.09794 NDCG@10: 0.04057 NDCG@20: 0.04874 
09/05/2026,07:12:55: 	Recall@10: 0.02838 Recall@20: 0.04270 NDCG@10: 0.01538 NDCG@20: 0.01927 
09/05/2026,07:12:55: Epoch [129/1000]
09/05/2026,07:12:55: Negative sampling...
09/05/2026,07:12:57: Model's personal time...
09/05/2026,07:12:57: Model diagnostics: arce_anchor_count_mean=34.740372, arce_blocker_budget_mean=15.259628, arce_blocker_entropy_mean=4.853640, arce_closure_difficulty_mean=0.547021, arce_closure_difficulty_std=0.268276, arce_gamma_effective_beta=3.000000, arce_gamma_max=0.740818, arce_gamma_mean=0.137725, arce_gamma_min=0.049787, arce_gamma_mode=sample_overlap, arce_gamma_reassignment_l1_mean=0.000000, arce_gamma_std=0.070478, arce_sample_gamma_mean=0.137725, arce_sampled_teacher_overlap_mean=0.694807, arce_sampler=marginal_topl, arce_teacher_missing_mass_mean=0.160520, arce_teacher_missing_mass_std=0.095820
09/05/2026,07:12:57: Training...
09/05/2026,07:12:58: Evaluating...
09/05/2026,07:12:58: 	Train Loss: 3436512.5000 (base: 217.0544, kd: 6872.5918), Elapsed: train 2.37 test 0.26
09/05/2026,07:12:58: 	Recall@10: 0.06960 Recall@20: 0.09791 NDCG@10: 0.04110 NDCG@20: 0.04886 
09/05/2026,07:12:58: 	Recall@10: 0.02881 Recall@20: 0.04235 NDCG@10: 0.01543 NDCG@20: 0.01912 
09/05/2026,07:12:58: Epoch [130/1000]
09/05/2026,07:12:58: Negative sampling...
09/05/2026,07:12:59: Model's personal time...
09/05/2026,07:12:59: Model diagnostics: arce_anchor_count_mean=34.788464, arce_blocker_budget_mean=15.211535, arce_blocker_entropy_mean=4.850734, arce_closure_difficulty_mean=0.545649, arce_closure_difficulty_std=0.268008, arce_gamma_effective_beta=3.000000, arce_gamma_max=0.740818, arce_gamma_mean=0.137285, arce_gamma_min=0.049787, arce_gamma_mode=sample_overlap, arce_gamma_reassignment_l1_mean=0.000000, arce_gamma_std=0.070197, arce_sample_gamma_mean=0.137285, arce_sampled_teacher_overlap_mean=0.695769, arce_sampler=marginal_topl, arce_teacher_missing_mass_mean=0.159887, arce_teacher_missing_mass_std=0.095494
09/05/2026,07:12:59: Training...
09/05/2026,07:13:01: Evaluating...
09/05/2026,07:13:01: 	Train Loss: 3436707.7500 (base: 214.1808, kd: 6872.9873), Elapsed: train 2.70 test 0.26
09/05/2026,07:13:01: 	Recall@10: 0.06889 Recall@20: 0.09829 NDCG@10: 0.04076 NDCG@20: 0.04886 
09/05/2026,07:13:01: 	Recall@10: 0.02855 Recall@20: 0.04269 NDCG@10: 0.01547 NDCG@20: 0.01933 
09/05/2026,07:13:01: Epoch [131/1000]
09/05/2026,07:13:01: Negative sampling...
09/05/2026,07:13:02: Model's personal time...
09/05/2026,07:13:02: Model diagnostics: arce_anchor_count_mean=34.819122, arce_blocker_budget_mean=15.180878, arce_blocker_entropy_mean=4.849031, arce_closure_difficulty_mean=0.544409, arce_closure_difficulty_std=0.267513, arce_gamma_effective_beta=3.000000, arce_gamma_max=0.740818, arce_gamma_mean=0.136906, arce_gamma_min=0.049787, arce_gamma_mode=sample_overlap, arce_gamma_reassignment_l1_mean=0.000000, arce_gamma_std=0.069484, arce_sample_gamma_mean=0.136906, arce_sampled_teacher_overlap_mean=0.696382, arce_sampler=marginal_topl, arce_teacher_missing_mass_mean=0.159430, arce_teacher_missing_mass_std=0.095097
09/05/2026,07:13:02: Training...
09/05/2026,07:13:03: Evaluating...
09/05/2026,07:13:04: 	Train Loss: 3436714.5000 (base: 212.2436, kd: 6873.0044), Elapsed: train 2.45 test 0.26
09/05/2026,07:13:04: 	Recall@10: 0.06884 Recall@20: 0.09823 NDCG@10: 0.04089 NDCG@20: 0.04902 
09/05/2026,07:13:04: 	Recall@10: 0.02864 Recall@20: 0.04305 NDCG@10: 0.01540 NDCG@20: 0.01933 
09/05/2026,07:13:04: Epoch [132/1000]
09/05/2026,07:13:04: Negative sampling...
09/05/2026,07:13:05: Model's personal time...
09/05/2026,07:13:05: Model diagnostics: arce_anchor_count_mean=34.855721, arce_blocker_budget_mean=15.144280, arce_blocker_entropy_mean=4.846738, arce_closure_difficulty_mean=0.543008, arce_closure_difficulty_std=0.267034, arce_gamma_effective_beta=3.000000, arce_gamma_max=0.740818, arce_gamma_mean=0.136628, arce_gamma_min=0.049787, arce_gamma_mode=sample_overlap, arce_gamma_reassignment_l1_mean=0.000000, arce_gamma_std=0.069558, arce_sample_gamma_mean=0.136628, arce_sampled_teacher_overlap_mean=0.697114, arce_sampler=marginal_topl, arce_teacher_missing_mass_mean=0.158924, arce_teacher_missing_mass_std=0.095046
09/05/2026,07:13:05: Training...
09/05/2026,07:13:06: Evaluating...
09/05/2026,07:13:06: 	Train Loss: 3437324.7500 (base: 210.8307, kd: 6874.2275), Elapsed: train 2.55 test 0.26 *
09/05/2026,07:13:06: 	Recall@10: 0.06911 Recall@20: 0.09914 NDCG@10: 0.04089 NDCG@20: 0.04919 
09/05/2026,07:13:06: 	Recall@10: 0.02878 Recall@20: 0.04257 NDCG@10: 0.01563 NDCG@20: 0.01937 
09/05/2026,07:13:06: Epoch [133/1000]
09/05/2026,07:13:06: Negative sampling...
09/05/2026,07:13:08: Model's personal time...
09/05/2026,07:13:08: Model diagnostics: arce_anchor_count_mean=34.897106, arce_blocker_budget_mean=15.102893, arce_blocker_entropy_mean=4.847155, arce_closure_difficulty_mean=0.542001, arce_closure_difficulty_std=0.266887, arce_gamma_effective_beta=3.000000, arce_gamma_max=0.740818, arce_gamma_mean=0.136240, arce_gamma_min=0.049787, arce_gamma_mode=sample_overlap, arce_gamma_reassignment_l1_mean=0.000000, arce_gamma_std=0.069224, arce_sample_gamma_mean=0.136240, arce_sampled_teacher_overlap_mean=0.697942, arce_sampler=marginal_topl, arce_teacher_missing_mass_mean=0.158450, arce_teacher_missing_mass_std=0.094859
09/05/2026,07:13:08: Training...
09/05/2026,07:13:09: Evaluating...
09/05/2026,07:13:09: 	Train Loss: 3437529.5000 (base: 209.9761, kd: 6874.6387), Elapsed: train 2.52 test 0.27
09/05/2026,07:13:09: 	Recall@10: 0.06889 Recall@20: 0.09946 NDCG@10: 0.04082 NDCG@20: 0.04917 
09/05/2026,07:13:09: 	Recall@10: 0.02900 Recall@20: 0.04204 NDCG@10: 0.01561 NDCG@20: 0.01920 
09/05/2026,07:13:09: Epoch [134/1000]
09/05/2026,07:13:09: Negative sampling...
09/05/2026,07:13:11: Model's personal time...
09/05/2026,07:13:11: Model diagnostics: arce_anchor_count_mean=34.939644, arce_blocker_budget_mean=15.060356, arce_blocker_entropy_mean=4.844076, arce_closure_difficulty_mean=0.540534, arce_closure_difficulty_std=0.266693, arce_gamma_effective_beta=3.000000, arce_gamma_max=0.740818, arce_gamma_mean=0.135837, arce_gamma_min=0.049787, arce_gamma_mode=sample_overlap, arce_gamma_reassignment_l1_mean=0.000000, arce_gamma_std=0.068862, arce_sample_gamma_mean=0.135837, arce_sampled_teacher_overlap_mean=0.698793, arce_sampler=marginal_topl, arce_teacher_missing_mass_mean=0.157885, arce_teacher_missing_mass_std=0.094691
09/05/2026,07:13:11: Training...
09/05/2026,07:13:12: Evaluating...
09/05/2026,07:13:12: 	Train Loss: 3437919.2500 (base: 211.7736, kd: 6875.4146), Elapsed: train 2.48 test 0.30 *
09/05/2026,07:13:12: 	Recall@10: 0.06956 Recall@20: 0.09944 NDCG@10: 0.04123 NDCG@20: 0.04940 
09/05/2026,07:13:12: 	Recall@10: 0.02894 Recall@20: 0.04276 NDCG@10: 0.01567 NDCG@20: 0.01943 
09/05/2026,07:13:12: Epoch [135/1000]
09/05/2026,07:13:12: Negative sampling...
09/05/2026,07:13:13: Model's personal time...
09/05/2026,07:13:13: Model diagnostics: arce_anchor_count_mean=34.989460, arce_blocker_budget_mean=15.010538, arce_blocker_entropy_mean=4.843494, arce_closure_difficulty_mean=0.539396, arce_closure_difficulty_std=0.266424, arce_gamma_effective_beta=3.000000, arce_gamma_max=0.740818, arce_gamma_mean=0.135360, arce_gamma_min=0.049787, arce_gamma_mode=sample_overlap, arce_gamma_reassignment_l1_mean=0.000000, arce_gamma_std=0.068393, arce_sample_gamma_mean=0.135360, arce_sampled_teacher_overlap_mean=0.699789, arce_sampler=marginal_topl, arce_teacher_missing_mass_mean=0.157325, arce_teacher_missing_mass_std=0.094434
09/05/2026,07:13:13: Training...
09/05/2026,07:13:14: Evaluating...
09/05/2026,07:13:15: 	Train Loss: 3437389.0000 (base: 210.1944, kd: 6874.3574), Elapsed: train 2.46 test 0.27
09/05/2026,07:13:15: 	Recall@10: 0.06974 Recall@20: 0.09915 NDCG@10: 0.04136 NDCG@20: 0.04938 
09/05/2026,07:13:15: 	Recall@10: 0.02838 Recall@20: 0.04186 NDCG@10: 0.01554 NDCG@20: 0.01922 
09/05/2026,07:13:15: Epoch [136/1000]
09/05/2026,07:13:15: Negative sampling...
09/05/2026,07:13:16: Model's personal time...
09/05/2026,07:13:16: Model diagnostics: arce_anchor_count_mean=35.026825, arce_blocker_budget_mean=14.973175, arce_blocker_entropy_mean=4.841594, arce_closure_difficulty_mean=0.538010, arce_closure_difficulty_std=0.265976, arce_gamma_effective_beta=3.000000, arce_gamma_max=0.786628, arce_gamma_mean=0.134988, arce_gamma_min=0.049787, arce_gamma_mode=sample_overlap, arce_gamma_reassignment_l1_mean=0.000000, arce_gamma_std=0.067988, arce_sample_gamma_mean=0.134988, arce_sampled_teacher_overlap_mean=0.700536, arce_sampler=marginal_topl, arce_teacher_missing_mass_mean=0.156795, arce_teacher_missing_mass_std=0.094126
09/05/2026,07:13:16: Training...
09/05/2026,07:13:17: Evaluating...
09/05/2026,07:13:18: 	Train Loss: 3437944.7500 (base: 206.3335, kd: 6875.4771), Elapsed: train 2.54 test 0.33
09/05/2026,07:13:18: 	Recall@10: 0.06968 Recall@20: 0.09929 NDCG@10: 0.04119 NDCG@20: 0.04934 
09/05/2026,07:13:18: 	Recall@10: 0.02883 Recall@20: 0.04210 NDCG@10: 0.01567 NDCG@20: 0.01930 
09/05/2026,07:13:18: Epoch [137/1000]
09/05/2026,07:13:18: Negative sampling...
09/05/2026,07:13:19: Model's personal time...
09/05/2026,07:13:19: Model diagnostics: arce_anchor_count_mean=35.060932, arce_blocker_budget_mean=14.939069, arce_blocker_entropy_mean=4.840084, arce_closure_difficulty_mean=0.536689, arce_closure_difficulty_std=0.265504, arce_gamma_effective_beta=3.000000, arce_gamma_max=0.786628, arce_gamma_mean=0.134646, arce_gamma_min=0.049787, arce_gamma_mode=sample_overlap, arce_gamma_reassignment_l1_mean=0.000000, arce_gamma_std=0.067646, arce_sample_gamma_mean=0.134646, arce_sampled_teacher_overlap_mean=0.701219, arce_sampler=marginal_topl, arce_teacher_missing_mass_mean=0.156270, arce_teacher_missing_mass_std=0.093886
09/05/2026,07:13:19: Training...
09/05/2026,07:13:20: Evaluating...
09/05/2026,07:13:20: 	Train Loss: 3437707.7500 (base: 206.9165, kd: 6875.0024), Elapsed: train 2.46 test 0.33
09/05/2026,07:13:20: 	Recall@10: 0.06969 Recall@20: 0.09925 NDCG@10: 0.04128 NDCG@20: 0.04937 
09/05/2026,07:13:20: 	Recall@10: 0.02858 Recall@20: 0.04275 NDCG@10: 0.01569 NDCG@20: 0.01957 
09/05/2026,07:13:20: Epoch [138/1000]
09/05/2026,07:13:20: Negative sampling...
09/05/2026,07:13:22: Model's personal time...
09/05/2026,07:13:22: Model diagnostics: arce_anchor_count_mean=35.095230, arce_blocker_budget_mean=14.904771, arce_blocker_entropy_mean=4.838648, arce_closure_difficulty_mean=0.535287, arce_closure_difficulty_std=0.265026, arce_gamma_effective_beta=3.000000, arce_gamma_max=0.786628, arce_gamma_mean=0.134257, arce_gamma_min=0.049787, arce_gamma_mode=sample_overlap, arce_gamma_reassignment_l1_mean=0.000000, arce_gamma_std=0.067061, arce_sample_gamma_mean=0.134257, arce_sampled_teacher_overlap_mean=0.701905, arce_sampler=marginal_topl, arce_teacher_missing_mass_mean=0.155788, arce_teacher_missing_mass_std=0.093668
09/05/2026,07:13:22: Training...
09/05/2026,07:13:23: Evaluating...
09/05/2026,07:13:23: 	Train Loss: 3437945.0000 (base: 203.7545, kd: 6875.4824), Elapsed: train 2.54 test 0.33 *
09/05/2026,07:13:23: 	Recall@10: 0.06992 Recall@20: 0.09948 NDCG@10: 0.04133 NDCG@20: 0.04942 
09/05/2026,07:13:23: 	Recall@10: 0.02840 Recall@20: 0.04300 NDCG@10: 0.01572 NDCG@20: 0.01972 
09/05/2026,07:13:23: Epoch [139/1000]
09/05/2026,07:13:23: Negative sampling...
09/05/2026,07:13:25: Model's personal time...
09/05/2026,07:13:25: Model diagnostics: arce_anchor_count_mean=35.131824, arce_blocker_budget_mean=14.868174, arce_blocker_entropy_mean=4.836310, arce_closure_difficulty_mean=0.534077, arce_closure_difficulty_std=0.264424, arce_gamma_effective_beta=3.000000, arce_gamma_max=0.786628, arce_gamma_mean=0.133936, arce_gamma_min=0.049787, arce_gamma_mode=sample_overlap, arce_gamma_reassignment_l1_mean=0.000000, arce_gamma_std=0.066928, arce_sample_gamma_mean=0.133936, arce_sampled_teacher_overlap_mean=0.702636, arce_sampler=marginal_topl, arce_teacher_missing_mass_mean=0.155236, arce_teacher_missing_mass_std=0.093271
09/05/2026,07:13:25: Training...
09/05/2026,07:13:26: Evaluating...
09/05/2026,07:13:26: 	Train Loss: 3438148.2500 (base: 206.0860, kd: 6875.8838), Elapsed: train 2.50 test 0.27 *
09/05/2026,07:13:26: 	Recall@10: 0.06944 Recall@20: 0.09956 NDCG@10: 0.04127 NDCG@20: 0.04952 
09/05/2026,07:13:26: 	Recall@10: 0.02846 Recall@20: 0.04273 NDCG@10: 0.01554 NDCG@20: 0.01943 
09/05/2026,07:13:26: Epoch [140/1000]
09/05/2026,07:13:26: Negative sampling...
09/05/2026,07:13:27: Model's personal time...
09/05/2026,07:13:27: Model diagnostics: arce_anchor_count_mean=35.175510, arce_blocker_budget_mean=14.824488, arce_blocker_entropy_mean=4.835099, arce_closure_difficulty_mean=0.532965, arce_closure_difficulty_std=0.264146, arce_gamma_effective_beta=3.000000, arce_gamma_max=0.786628, arce_gamma_mean=0.133501, arce_gamma_min=0.049787, arce_gamma_mode=sample_overlap, arce_gamma_reassignment_l1_mean=0.000000, arce_gamma_std=0.066462, arce_sample_gamma_mean=0.133501, arce_sampled_teacher_overlap_mean=0.703510, arce_sampler=marginal_topl, arce_teacher_missing_mass_mean=0.154717, arce_teacher_missing_mass_std=0.093047
09/05/2026,07:13:27: Training...
09/05/2026,07:13:28: Evaluating...
09/05/2026,07:13:29: 	Train Loss: 3438393.7500 (base: 204.4923, kd: 6876.3789), Elapsed: train 2.42 test 0.29 *
09/05/2026,07:13:29: 	Recall@10: 0.06941 Recall@20: 0.09961 NDCG@10: 0.04137 NDCG@20: 0.04958 
09/05/2026,07:13:29: 	Recall@10: 0.02838 Recall@20: 0.04229 NDCG@10: 0.01558 NDCG@20: 0.01940 
09/05/2026,07:13:29: Epoch [141/1000]
09/05/2026,07:13:29: Negative sampling...
09/05/2026,07:13:30: Model's personal time...
09/05/2026,07:13:30: Model diagnostics: arce_anchor_count_mean=35.203869, arce_blocker_budget_mean=14.796129, arce_blocker_entropy_mean=4.835771, arce_closure_difficulty_mean=0.531542, arce_closure_difficulty_std=0.263730, arce_gamma_effective_beta=3.000000, arce_gamma_max=0.786628, arce_gamma_mean=0.133253, arce_gamma_min=0.049787, arce_gamma_mode=sample_overlap, arce_gamma_reassignment_l1_mean=0.000000, arce_gamma_std=0.066209, arce_sample_gamma_mean=0.133253, arce_sampled_teacher_overlap_mean=0.704077, arce_sampler=marginal_topl, arce_teacher_missing_mass_mean=0.154236, arce_teacher_missing_mass_std=0.092895
09/05/2026,07:13:30: Training...
09/05/2026,07:13:31: Evaluating...
09/05/2026,07:13:31: 	Train Loss: 3438354.0000 (base: 201.8701, kd: 6876.3032), Elapsed: train 2.39 test 0.26
09/05/2026,07:13:31: 	Recall@10: 0.06879 Recall@20: 0.09871 NDCG@10: 0.04119 NDCG@20: 0.04937 
09/05/2026,07:13:31: 	Recall@10: 0.02782 Recall@20: 0.04210 NDCG@10: 0.01535 NDCG@20: 0.01929 
09/05/2026,07:13:31: Epoch [142/1000]
09/05/2026,07:13:31: Negative sampling...
09/05/2026,07:13:33: Model's personal time...
09/05/2026,07:13:33: Model diagnostics: arce_anchor_count_mean=35.239510, arce_blocker_budget_mean=14.760490, arce_blocker_entropy_mean=4.833431, arce_closure_difficulty_mean=0.530392, arce_closure_difficulty_std=0.263088, arce_gamma_effective_beta=3.000000, arce_gamma_max=0.786628, arce_gamma_mean=0.132907, arce_gamma_min=0.049787, arce_gamma_mode=sample_overlap, arce_gamma_reassignment_l1_mean=0.000000, arce_gamma_std=0.065928, arce_sample_gamma_mean=0.132907, arce_sampled_teacher_overlap_mean=0.704790, arce_sampler=marginal_topl, arce_teacher_missing_mass_mean=0.153752, arce_teacher_missing_mass_std=0.092600
09/05/2026,07:13:33: Training...
09/05/2026,07:13:34: Evaluating...
09/05/2026,07:13:34: 	Train Loss: 3438665.0000 (base: 198.0217, kd: 6876.9341), Elapsed: train 2.60 test 0.27 *
09/05/2026,07:13:34: 	Recall@10: 0.07026 Recall@20: 0.09948 NDCG@10: 0.04165 NDCG@20: 0.04960 
09/05/2026,07:13:34: 	Recall@10: 0.02817 Recall@20: 0.04201 NDCG@10: 0.01558 NDCG@20: 0.01937 
09/05/2026,07:13:34: Epoch [143/1000]
09/05/2026,07:13:34: Negative sampling...
09/05/2026,07:13:36: Model's personal time...
09/05/2026,07:13:36: Model diagnostics: arce_anchor_count_mean=35.259628, arce_blocker_budget_mean=14.740372, arce_blocker_entropy_mean=4.831945, arce_closure_difficulty_mean=0.529280, arce_closure_difficulty_std=0.262601, arce_gamma_effective_beta=3.000000, arce_gamma_max=0.786628, arce_gamma_mean=0.132708, arce_gamma_min=0.049787, arce_gamma_mode=sample_overlap, arce_gamma_reassignment_l1_mean=0.000000, arce_gamma_std=0.065735, arce_sample_gamma_mean=0.132708, arce_sampled_teacher_overlap_mean=0.705193, arce_sampler=marginal_topl, arce_teacher_missing_mass_mean=0.153441, arce_teacher_missing_mass_std=0.092382
09/05/2026,07:13:36: Training...
09/05/2026,07:13:37: Evaluating...
09/05/2026,07:13:37: 	Train Loss: 3438347.2500 (base: 200.5957, kd: 6876.2935), Elapsed: train 2.76 test 0.29
09/05/2026,07:13:37: 	Recall@10: 0.06892 Recall@20: 0.09905 NDCG@10: 0.04116 NDCG@20: 0.04939 
09/05/2026,07:13:37: 	Recall@10: 0.02807 Recall@20: 0.04201 NDCG@10: 0.01560 NDCG@20: 0.01942 
09/05/2026,07:13:37: Epoch [144/1000]
09/05/2026,07:13:37: Negative sampling...
09/05/2026,07:13:39: Model's personal time...
09/05/2026,07:13:39: Model diagnostics: arce_anchor_count_mean=35.297184, arce_blocker_budget_mean=14.702816, arce_blocker_entropy_mean=4.831498, arce_closure_difficulty_mean=0.528042, arce_closure_difficulty_std=0.262261, arce_gamma_effective_beta=3.000000, arce_gamma_max=0.740818, arce_gamma_mean=0.132367, arce_gamma_min=0.049787, arce_gamma_mode=sample_overlap, arce_gamma_reassignment_l1_mean=0.000000, arce_gamma_std=0.065318, arce_sample_gamma_mean=0.132367, arce_sampled_teacher_overlap_mean=0.705944, arce_sampler=marginal_topl, arce_teacher_missing_mass_mean=0.152892, arce_teacher_missing_mass_std=0.092213
09/05/2026,07:13:39: Training...
09/05/2026,07:13:40: Evaluating...
09/05/2026,07:13:40: 	Train Loss: 3438776.0000 (base: 198.6557, kd: 6877.1548), Elapsed: train 2.60 test 0.26
09/05/2026,07:13:40: 	Recall@10: 0.06894 Recall@20: 0.09893 NDCG@10: 0.04124 NDCG@20: 0.04947 
09/05/2026,07:13:40: 	Recall@10: 0.02801 Recall@20: 0.04296 NDCG@10: 0.01563 NDCG@20: 0.01973 
09/05/2026,07:13:40: Epoch [145/1000]
09/05/2026,07:13:40: Negative sampling...
09/05/2026,07:13:42: Model's personal time...
09/05/2026,07:13:42: Model diagnostics: arce_anchor_count_mean=35.331673, arce_blocker_budget_mean=14.668327, arce_blocker_entropy_mean=4.829192, arce_closure_difficulty_mean=0.526647, arce_closure_difficulty_std=0.261666, arce_gamma_effective_beta=3.000000, arce_gamma_max=0.786628, arce_gamma_mean=0.132041, arce_gamma_min=0.049787, arce_gamma_mode=sample_overlap, arce_gamma_reassignment_l1_mean=0.000000, arce_gamma_std=0.065100, arce_sample_gamma_mean=0.132041, arce_sampled_teacher_overlap_mean=0.706633, arce_sampler=marginal_topl, arce_teacher_missing_mass_mean=0.152368, arce_teacher_missing_mass_std=0.091916
09/05/2026,07:13:42: Training...
09/05/2026,07:13:42: Evaluating...
09/05/2026,07:13:43: 	Train Loss: 3439358.2500 (base: 196.3682, kd: 6878.3237), Elapsed: train 2.33 test 0.32 *
09/05/2026,07:13:43: 	Recall@10: 0.06897 Recall@20: 0.09980 NDCG@10: 0.04151 NDCG@20: 0.04982 
09/05/2026,07:13:43: 	Recall@10: 0.02814 Recall@20: 0.04233 NDCG@10: 0.01555 NDCG@20: 0.01946 
09/05/2026,07:13:43: Epoch [146/1000]
09/05/2026,07:13:43: Negative sampling...
09/05/2026,07:13:44: Model's personal time...
09/05/2026,07:13:44: Model diagnostics: arce_anchor_count_mean=35.363289, arce_blocker_budget_mean=14.636712, arce_blocker_entropy_mean=4.827505, arce_closure_difficulty_mean=0.525696, arce_closure_difficulty_std=0.261417, arce_gamma_effective_beta=3.000000, arce_gamma_max=0.786628, arce_gamma_mean=0.131764, arce_gamma_min=0.049787, arce_gamma_mode=sample_overlap, arce_gamma_reassignment_l1_mean=0.000000, arce_gamma_std=0.064911, arce_sample_gamma_mean=0.131764, arce_sampled_teacher_overlap_mean=0.707266, arce_sampler=marginal_topl, arce_teacher_missing_mass_mean=0.151937, arce_teacher_missing_mass_std=0.091747
09/05/2026,07:13:44: Training...
09/05/2026,07:13:45: Evaluating...
09/05/2026,07:13:46: 	Train Loss: 3439189.7500 (base: 192.3244, kd: 6877.9956), Elapsed: train 2.48 test 0.25
09/05/2026,07:13:46: 	Recall@10: 0.06930 Recall@20: 0.09911 NDCG@10: 0.04141 NDCG@20: 0.04959 
09/05/2026,07:13:46: 	Recall@10: 0.02763 Recall@20: 0.04236 NDCG@10: 0.01557 NDCG@20: 0.01963 
09/05/2026,07:13:46: Epoch [147/1000]
09/05/2026,07:13:46: Negative sampling...
09/05/2026,07:13:47: Model's personal time...
09/05/2026,07:13:47: Model diagnostics: arce_anchor_count_mean=35.401226, arce_blocker_budget_mean=14.598774, arce_blocker_entropy_mean=4.826767, arce_closure_difficulty_mean=0.524165, arce_closure_difficulty_std=0.261056, arce_gamma_effective_beta=3.000000, arce_gamma_max=0.786628, arce_gamma_mean=0.131424, arce_gamma_min=0.049787, arce_gamma_mode=sample_overlap, arce_gamma_reassignment_l1_mean=0.000000, arce_gamma_std=0.064662, arce_sample_gamma_mean=0.131424, arce_sampled_teacher_overlap_mean=0.708025, arce_sampler=marginal_topl, arce_teacher_missing_mass_mean=0.151386, arce_teacher_missing_mass_std=0.091493
09/05/2026,07:13:47: Training...
09/05/2026,07:13:48: Evaluating...
09/05/2026,07:13:48: 	Train Loss: 3439449.0000 (base: 196.8053, kd: 6878.5049), Elapsed: train 2.45 test 0.27 *
09/05/2026,07:13:48: 	Recall@10: 0.06847 Recall@20: 0.09986 NDCG@10: 0.04129 NDCG@20: 0.04987 
09/05/2026,07:13:48: 	Recall@10: 0.02788 Recall@20: 0.04261 NDCG@10: 0.01559 NDCG@20: 0.01962 
09/05/2026,07:13:48: Epoch [148/1000]
09/05/2026,07:13:48: Negative sampling...
09/05/2026,07:13:50: Model's personal time...
09/05/2026,07:13:50: Model diagnostics: arce_anchor_count_mean=35.432457, arce_blocker_budget_mean=14.567541, arce_blocker_entropy_mean=4.825061, arce_closure_difficulty_mean=0.523116, arce_closure_difficulty_std=0.260823, arce_gamma_effective_beta=3.000000, arce_gamma_max=0.740818, arce_gamma_mean=0.131134, arce_gamma_min=0.049787, arce_gamma_mode=sample_overlap, arce_gamma_reassignment_l1_mean=0.000000, arce_gamma_std=0.064346, arce_sample_gamma_mean=0.131134, arce_sampled_teacher_overlap_mean=0.708649, arce_sampler=marginal_topl, arce_teacher_missing_mass_mean=0.150953, arce_teacher_missing_mass_std=0.091306
09/05/2026,07:13:50: Training...
09/05/2026,07:13:51: Evaluating...
09/05/2026,07:13:51: 	Train Loss: 3439351.7500 (base: 197.0753, kd: 6878.3096), Elapsed: train 2.51 test 0.25
09/05/2026,07:13:51: 	Recall@10: 0.06910 Recall@20: 0.09975 NDCG@10: 0.04136 NDCG@20: 0.04974 
09/05/2026,07:13:51: 	Recall@10: 0.02755 Recall@20: 0.04254 NDCG@10: 0.01534 NDCG@20: 0.01946 
09/05/2026,07:13:51: Epoch [149/1000]
09/05/2026,07:13:51: Negative sampling...
09/05/2026,07:13:52: Model's personal time...
09/05/2026,07:13:52: Model diagnostics: arce_anchor_count_mean=35.453533, arce_blocker_budget_mean=14.546465, arce_blocker_entropy_mean=4.824315, arce_closure_difficulty_mean=0.522006, arce_closure_difficulty_std=0.260502, arce_gamma_effective_beta=3.000000, arce_gamma_max=0.740818, arce_gamma_mean=0.130955, arce_gamma_min=0.049787, arce_gamma_mode=sample_overlap, arce_gamma_reassignment_l1_mean=0.000000, arce_gamma_std=0.064261, arce_sample_gamma_mean=0.130955, arce_sampled_teacher_overlap_mean=0.709071, arce_sampler=marginal_topl, arce_teacher_missing_mass_mean=0.150623, arce_teacher_missing_mass_std=0.091277
09/05/2026,07:13:52: Training...
09/05/2026,07:13:54: Evaluating...
09/05/2026,07:13:54: 	Train Loss: 3439627.0000 (base: 191.9010, kd: 6878.8706), Elapsed: train 2.47 test 0.26
09/05/2026,07:13:54: 	Recall@10: 0.06908 Recall@20: 0.09972 NDCG@10: 0.04127 NDCG@20: 0.04964 
09/05/2026,07:13:54: 	Recall@10: 0.02782 Recall@20: 0.04232 NDCG@10: 0.01559 NDCG@20: 0.01957 
09/05/2026,07:13:54: Epoch [150/1000]
09/05/2026,07:13:54: Negative sampling...
09/05/2026,07:13:55: Model's personal time...
09/05/2026,07:13:55: Model diagnostics: arce_anchor_count_mean=35.486107, arce_blocker_budget_mean=14.513891, arce_blocker_entropy_mean=4.822327, arce_closure_difficulty_mean=0.520800, arce_closure_difficulty_std=0.260101, arce_gamma_effective_beta=3.000000, arce_gamma_max=0.740818, arce_gamma_mean=0.130645, arce_gamma_min=0.049787, arce_gamma_mode=sample_overlap, arce_gamma_reassignment_l1_mean=0.000000, arce_gamma_std=0.063851, arce_sample_gamma_mean=0.130645, arce_sampled_teacher_overlap_mean=0.709722, arce_sampler=marginal_topl, arce_teacher_missing_mass_mean=0.150169, arce_teacher_missing_mass_std=0.091092
09/05/2026,07:13:55: Training...
09/05/2026,07:13:56: Evaluating...
09/05/2026,07:13:56: 	Train Loss: 3439322.0000 (base: 188.3475, kd: 6878.2676), Elapsed: train 2.43 test 0.27
09/05/2026,07:13:56: 	Recall@10: 0.06821 Recall@20: 0.09919 NDCG@10: 0.04093 NDCG@20: 0.04944 
09/05/2026,07:13:56: 	Recall@10: 0.02724 Recall@20: 0.04291 NDCG@10: 0.01510 NDCG@20: 0.01938 
09/05/2026,07:13:56: Epoch [151/1000]
09/05/2026,07:13:56: Negative sampling...
09/05/2026,07:13:58: Model's personal time...
09/05/2026,07:13:58: Model diagnostics: arce_anchor_count_mean=35.523087, arce_blocker_budget_mean=14.476912, arce_blocker_entropy_mean=4.821692, arce_closure_difficulty_mean=0.519425, arce_closure_difficulty_std=0.259770, arce_gamma_effective_beta=3.000000, arce_gamma_max=0.740818, arce_gamma_mean=0.130308, arce_gamma_min=0.049787, arce_gamma_mode=sample_overlap, arce_gamma_reassignment_l1_mean=0.000000, arce_gamma_std=0.063583, arce_sample_gamma_mean=0.130308, arce_sampled_teacher_overlap_mean=0.710462, arce_sampler=marginal_topl, arce_teacher_missing_mass_mean=0.149609, arce_teacher_missing_mass_std=0.090874
09/05/2026,07:13:58: Training...
09/05/2026,07:13:59: Evaluating...
09/05/2026,07:13:59: 	Train Loss: 3439344.2500 (base: 189.7968, kd: 6878.3086), Elapsed: train 2.40 test 0.25 *
09/05/2026,07:13:59: 	Recall@10: 0.06838 Recall@20: 0.10013 NDCG@10: 0.04122 NDCG@20: 0.04993 
09/05/2026,07:13:59: 	Recall@10: 0.02676 Recall@20: 0.04221 NDCG@10: 0.01526 NDCG@20: 0.01954 
09/05/2026,07:13:59: Epoch [152/1000]
09/05/2026,07:13:59: Negative sampling...
09/05/2026,07:14:00: Model's personal time...
09/05/2026,07:14:00: Model diagnostics: arce_anchor_count_mean=35.555855, arce_blocker_budget_mean=14.444146, arce_blocker_entropy_mean=4.820063, arce_closure_difficulty_mean=0.518552, arce_closure_difficulty_std=0.259658, arce_gamma_effective_beta=3.000000, arce_gamma_max=0.697676, arce_gamma_mean=0.130013, arce_gamma_min=0.049787, arce_gamma_mode=sample_overlap, arce_gamma_reassignment_l1_mean=0.000000, arce_gamma_std=0.063242, arce_sample_gamma_mean=0.130013, arce_sampled_teacher_overlap_mean=0.711117, arce_sampler=marginal_topl, arce_teacher_missing_mass_mean=0.149204, arce_teacher_missing_mass_std=0.090742
09/05/2026,07:14:00: Training...
09/05/2026,07:14:02: Evaluating...
09/05/2026,07:14:02: 	Train Loss: 3439950.5000 (base: 184.8629, kd: 6879.5317), Elapsed: train 2.41 test 0.26
09/05/2026,07:14:02: 	Recall@10: 0.06905 Recall@20: 0.10021 NDCG@10: 0.04131 NDCG@20: 0.04983 
09/05/2026,07:14:02: 	Recall@10: 0.02730 Recall@20: 0.04279 NDCG@10: 0.01540 NDCG@20: 0.01966 
09/05/2026,07:14:02: Epoch [153/1000]
09/05/2026,07:14:02: Negative sampling...
09/05/2026,07:14:03: Model's personal time...
09/05/2026,07:14:03: Model diagnostics: arce_anchor_count_mean=35.586510, arce_blocker_budget_mean=14.413489, arce_blocker_entropy_mean=4.818301, arce_closure_difficulty_mean=0.517188, arce_closure_difficulty_std=0.259134, arce_gamma_effective_beta=3.000000, arce_gamma_max=0.740818, arce_gamma_mean=0.129761, arce_gamma_min=0.049787, arce_gamma_mode=sample_overlap, arce_gamma_reassignment_l1_mean=0.000000, arce_gamma_std=0.063079, arce_sample_gamma_mean=0.129761, arce_sampled_teacher_overlap_mean=0.711730, arce_sampler=marginal_topl, arce_teacher_missing_mass_mean=0.148806, arce_teacher_missing_mass_std=0.090645
09/05/2026,07:14:03: Training...
09/05/2026,07:14:04: Evaluating...
09/05/2026,07:14:04: 	Train Loss: 3440239.0000 (base: 187.8528, kd: 6880.1021), Elapsed: train 2.35 test 0.26 *
09/05/2026,07:14:04: 	Recall@10: 0.06844 Recall@20: 0.10069 NDCG@10: 0.04111 NDCG@20: 0.04993 
09/05/2026,07:14:04: 	Recall@10: 0.02720 Recall@20: 0.04243 NDCG@10: 0.01539 NDCG@20: 0.01958 
09/05/2026,07:14:04: Epoch [154/1000]
09/05/2026,07:14:04: Negative sampling...
09/05/2026,07:14:06: Model's personal time...
09/05/2026,07:14:06: Model diagnostics: arce_anchor_count_mean=35.615250, arce_blocker_budget_mean=14.384748, arce_blocker_entropy_mean=4.816831, arce_closure_difficulty_mean=0.516306, arce_closure_difficulty_std=0.259136, arce_gamma_effective_beta=3.000000, arce_gamma_max=0.740818, arce_gamma_mean=0.129522, arce_gamma_min=0.049787, arce_gamma_mode=sample_overlap, arce_gamma_reassignment_l1_mean=0.000000, arce_gamma_std=0.062993, arce_sample_gamma_mean=0.129522, arce_sampled_teacher_overlap_mean=0.712305, arce_sampler=marginal_topl, arce_teacher_missing_mass_mean=0.148427, arce_teacher_missing_mass_std=0.090546
09/05/2026,07:14:06: Training...
09/05/2026,07:14:07: Evaluating...
09/05/2026,07:14:07: 	Train Loss: 3439892.2500 (base: 194.2157, kd: 6879.3955), Elapsed: train 2.57 test 0.30
09/05/2026,07:14:07: 	Recall@10: 0.06808 Recall@20: 0.10045 NDCG@10: 0.04099 NDCG@20: 0.04983 
09/05/2026,07:14:07: 	Recall@10: 0.02727 Recall@20: 0.04257 NDCG@10: 0.01526 NDCG@20: 0.01947 
09/05/2026,07:14:07: Epoch [155/1000]
09/05/2026,07:14:07: Negative sampling...
09/05/2026,07:14:09: Model's personal time...
09/05/2026,07:14:09: Model diagnostics: arce_anchor_count_mean=35.632114, arce_blocker_budget_mean=14.367887, arce_blocker_entropy_mean=4.816389, arce_closure_difficulty_mean=0.515314, arce_closure_difficulty_std=0.258650, arce_gamma_effective_beta=3.000000, arce_gamma_max=0.697676, arce_gamma_mean=0.129348, arce_gamma_min=0.049787, arce_gamma_mode=sample_overlap, arce_gamma_reassignment_l1_mean=0.000000, arce_gamma_std=0.062678, arce_sample_gamma_mean=0.129348, arce_sampled_teacher_overlap_mean=0.712642, arce_sampler=marginal_topl, arce_teacher_missing_mass_mean=0.148164, arce_teacher_missing_mass_std=0.090458
09/05/2026,07:14:09: Training...
09/05/2026,07:14:10: Evaluating...
09/05/2026,07:14:10: 	Train Loss: 3439936.0000 (base: 192.8475, kd: 6879.4858), Elapsed: train 2.46 test 0.26
09/05/2026,07:14:10: 	Recall@10: 0.06843 Recall@20: 0.10098 NDCG@10: 0.04112 NDCG@20: 0.04988 
09/05/2026,07:14:10: 	Recall@10: 0.02701 Recall@20: 0.04267 NDCG@10: 0.01510 NDCG@20: 0.01942 
09/05/2026,07:14:10: Epoch [156/1000]
09/05/2026,07:14:10: Negative sampling...
09/05/2026,07:14:11: Model's personal time...
09/05/2026,07:14:11: Model diagnostics: arce_anchor_count_mean=35.657787, arce_blocker_budget_mean=14.342211, arce_blocker_entropy_mean=4.812766, arce_closure_difficulty_mean=0.514365, arce_closure_difficulty_std=0.258314, arce_gamma_effective_beta=3.000000, arce_gamma_max=0.697676, arce_gamma_mean=0.129151, arce_gamma_min=0.049787, arce_gamma_mode=sample_overlap, arce_gamma_reassignment_l1_mean=0.000000, arce_gamma_std=0.062748, arce_sample_gamma_mean=0.129151, arce_sampled_teacher_overlap_mean=0.713156, arce_sampler=marginal_topl, arce_teacher_missing_mass_mean=0.147798, arce_teacher_missing_mass_std=0.090334
09/05/2026,07:14:11: Training...
09/05/2026,07:14:13: Evaluating...
09/05/2026,07:14:13: 	Train Loss: 3440222.5000 (base: 194.2537, kd: 6880.0566), Elapsed: train 2.60 test 0.26 *
09/05/2026,07:14:13: 	Recall@10: 0.06873 Recall@20: 0.10047 NDCG@10: 0.04132 NDCG@20: 0.04998 
09/05/2026,07:14:13: 	Recall@10: 0.02714 Recall@20: 0.04259 NDCG@10: 0.01514 NDCG@20: 0.01943 
09/05/2026,07:14:13: Epoch [157/1000]
09/05/2026,07:14:13: Negative sampling...
09/05/2026,07:14:14: Model's personal time...
09/05/2026,07:14:14: Model diagnostics: arce_anchor_count_mean=35.688637, arce_blocker_budget_mean=14.311362, arce_blocker_entropy_mean=4.812951, arce_closure_difficulty_mean=0.513192, arce_closure_difficulty_std=0.257907, arce_gamma_effective_beta=3.000000, arce_gamma_max=0.740818, arce_gamma_mean=0.128873, arce_gamma_min=0.049787, arce_gamma_mode=sample_overlap, arce_gamma_reassignment_l1_mean=0.000000, arce_gamma_std=0.062505, arce_sample_gamma_mean=0.128873, arce_sampled_teacher_overlap_mean=0.713773, arce_sampler=marginal_topl, arce_teacher_missing_mass_mean=0.147361, arce_teacher_missing_mass_std=0.090170
09/05/2026,07:14:14: Training...
09/05/2026,07:14:15: Evaluating...
09/05/2026,07:14:16: 	Train Loss: 3440978.7500 (base: 195.7100, kd: 6881.5664), Elapsed: train 2.61 test 0.26
09/05/2026,07:14:16: 	Recall@10: 0.06772 Recall@20: 0.10040 NDCG@10: 0.04096 NDCG@20: 0.04989 
09/05/2026,07:14:16: 	Recall@10: 0.02735 Recall@20: 0.04254 NDCG@10: 0.01517 NDCG@20: 0.01936 
09/05/2026,07:14:16: Epoch [158/1000]
09/05/2026,07:14:16: Negative sampling...
09/05/2026,07:14:17: Model's personal time...
09/05/2026,07:14:17: Model diagnostics: arce_anchor_count_mean=35.724277, arce_blocker_budget_mean=14.275723, arce_blocker_entropy_mean=4.814574, arce_closure_difficulty_mean=0.512112, arce_closure_difficulty_std=0.257718, arce_gamma_effective_beta=3.000000, arce_gamma_max=0.697676, arce_gamma_mean=0.128554, arce_gamma_min=0.049787, arce_gamma_mode=sample_overlap, arce_gamma_reassignment_l1_mean=0.000000, arce_gamma_std=0.062109, arce_sample_gamma_mean=0.128554, arce_sampled_teacher_overlap_mean=0.714486, arce_sampler=marginal_topl, arce_teacher_missing_mass_mean=0.146916, arce_teacher_missing_mass_std=0.090024
09/05/2026,07:14:17: Training...
09/05/2026,07:14:18: Evaluating...
09/05/2026,07:14:19: 	Train Loss: 3441005.0000 (base: 190.5762, kd: 6881.6289), Elapsed: train 2.52 test 0.33
09/05/2026,07:14:19: 	Recall@10: 0.06846 Recall@20: 0.10104 NDCG@10: 0.04110 NDCG@20: 0.04994 
09/05/2026,07:14:19: 	Recall@10: 0.02739 Recall@20: 0.04261 NDCG@10: 0.01519 NDCG@20: 0.01938 
09/05/2026,07:14:19: Epoch [159/1000]
09/05/2026,07:14:19: Negative sampling...
09/05/2026,07:14:20: Model's personal time...
09/05/2026,07:14:20: Model diagnostics: arce_anchor_count_mean=35.760872, arce_blocker_budget_mean=14.239126, arce_blocker_entropy_mean=4.812412, arce_closure_difficulty_mean=0.510769, arce_closure_difficulty_std=0.257313, arce_gamma_effective_beta=3.000000, arce_gamma_max=0.697676, arce_gamma_mean=0.128233, arce_gamma_min=0.049787, arce_gamma_mode=sample_overlap, arce_gamma_reassignment_l1_mean=0.000000, arce_gamma_std=0.061733, arce_sample_gamma_mean=0.128233, arce_sampled_teacher_overlap_mean=0.715217, arce_sampler=marginal_topl, arce_teacher_missing_mass_mean=0.146410, arce_teacher_missing_mass_std=0.089721
09/05/2026,07:14:20: Training...
09/05/2026,07:14:21: Evaluating...
09/05/2026,07:14:22: 	Train Loss: 3440557.7500 (base: 196.0434, kd: 6880.7231), Elapsed: train 2.69 test 0.25
09/05/2026,07:14:22: 	Recall@10: 0.06771 Recall@20: 0.10043 NDCG@10: 0.04084 NDCG@20: 0.04981 
09/05/2026,07:14:22: 	Recall@10: 0.02770 Recall@20: 0.04215 NDCG@10: 0.01530 NDCG@20: 0.01932 
09/05/2026,07:14:22: Epoch [160/1000]
09/05/2026,07:14:22: Negative sampling...
09/05/2026,07:14:23: Model's personal time...
09/05/2026,07:14:23: Model diagnostics: arce_anchor_count_mean=35.789230, arce_blocker_budget_mean=14.210768, arce_blocker_entropy_mean=4.810869, arce_closure_difficulty_mean=0.509984, arce_closure_difficulty_std=0.257083, arce_gamma_effective_beta=3.000000, arce_gamma_max=0.697676, arce_gamma_mean=0.127983, arce_gamma_min=0.049787, arce_gamma_mode=sample_overlap, arce_gamma_reassignment_l1_mean=0.000000, arce_gamma_std=0.061560, arce_sample_gamma_mean=0.127983, arce_sampled_teacher_overlap_mean=0.715785, arce_sampler=marginal_topl, arce_teacher_missing_mass_mean=0.146020, arce_teacher_missing_mass_std=0.089546
09/05/2026,07:14:23: Training...
09/05/2026,07:14:24: Evaluating...
09/05/2026,07:14:24: 	Train Loss: 3440840.5000 (base: 191.8791, kd: 6881.2969), Elapsed: train 2.46 test 0.25 *
09/05/2026,07:14:24: 	Recall@10: 0.06837 Recall@20: 0.10172 NDCG@10: 0.04097 NDCG@20: 0.05000 
09/05/2026,07:14:24: 	Recall@10: 0.02804 Recall@20: 0.04262 NDCG@10: 0.01560 NDCG@20: 0.01961 
09/05/2026,07:14:24: Epoch [161/1000]
09/05/2026,07:14:24: Negative sampling...
09/05/2026,07:14:26: Model's personal time...
09/05/2026,07:14:26: Model diagnostics: arce_anchor_count_mean=35.809925, arce_blocker_budget_mean=14.190075, arce_blocker_entropy_mean=4.811103, arce_closure_difficulty_mean=0.508905, arce_closure_difficulty_std=0.256591, arce_gamma_effective_beta=3.000000, arce_gamma_max=0.697676, arce_gamma_mean=0.127753, arce_gamma_min=0.049787, arce_gamma_mode=sample_overlap, arce_gamma_reassignment_l1_mean=0.000000, arce_gamma_std=0.061242, arce_sample_gamma_mean=0.127753, arce_sampled_teacher_overlap_mean=0.716198, arce_sampler=marginal_topl, arce_teacher_missing_mass_mean=0.145661, arce_teacher_missing_mass_std=0.089235
09/05/2026,07:14:26: Training...
09/05/2026,07:14:27: Evaluating...
09/05/2026,07:14:27: 	Train Loss: 3441143.7500 (base: 192.7412, kd: 6881.9023), Elapsed: train 2.40 test 0.26
09/05/2026,07:14:27: 	Recall@10: 0.06757 Recall@20: 0.10092 NDCG@10: 0.04064 NDCG@20: 0.04968 
09/05/2026,07:14:27: 	Recall@10: 0.02751 Recall@20: 0.04257 NDCG@10: 0.01531 NDCG@20: 0.01949 
09/05/2026,07:14:27: Epoch [162/1000]
09/05/2026,07:14:27: Negative sampling...
09/05/2026,07:14:28: Model's personal time...
09/05/2026,07:14:28: Model diagnostics: arce_anchor_count_mean=35.838093, arce_blocker_budget_mean=14.161908, arce_blocker_entropy_mean=4.809251, arce_closure_difficulty_mean=0.508022, arce_closure_difficulty_std=0.256360, arce_gamma_effective_beta=3.000000, arce_gamma_max=0.697676, arce_gamma_mean=0.127536, arce_gamma_min=0.049787, arce_gamma_mode=sample_overlap, arce_gamma_reassignment_l1_mean=0.000000, arce_gamma_std=0.061145, arce_sample_gamma_mean=0.127536, arce_sampled_teacher_overlap_mean=0.716762, arce_sampler=marginal_topl, arce_teacher_missing_mass_mean=0.145335, arce_teacher_missing_mass_std=0.089181
09/05/2026,07:14:28: Training...
09/05/2026,07:14:29: Evaluating...
09/05/2026,07:14:30: 	Train Loss: 3441014.7500 (base: 187.8593, kd: 6881.6543), Elapsed: train 2.46 test 0.27
09/05/2026,07:14:30: 	Recall@10: 0.06822 Recall@20: 0.10112 NDCG@10: 0.04082 NDCG@20: 0.04977 
09/05/2026,07:14:30: 	Recall@10: 0.02766 Recall@20: 0.04252 NDCG@10: 0.01547 NDCG@20: 0.01959 
09/05/2026,07:14:30: Epoch [163/1000]
09/05/2026,07:14:30: Negative sampling...
09/05/2026,07:14:31: Model's personal time...
09/05/2026,07:14:31: Model diagnostics: arce_anchor_count_mean=35.875645, arce_blocker_budget_mean=14.124353, arce_blocker_entropy_mean=4.808344, arce_closure_difficulty_mean=0.506801, arce_closure_difficulty_std=0.255917, arce_gamma_effective_beta=3.000000, arce_gamma_max=0.740818, arce_gamma_mean=0.127187, arce_gamma_min=0.049787, arce_gamma_mode=sample_overlap, arce_gamma_reassignment_l1_mean=0.000000, arce_gamma_std=0.060933, arce_sample_gamma_mean=0.127187, arce_sampled_teacher_overlap_mean=0.717513, arce_sampler=marginal_topl, arce_teacher_missing_mass_mean=0.144785, arce_teacher_missing_mass_std=0.088835
09/05/2026,07:14:31: Training...
09/05/2026,07:14:32: Evaluating...
09/05/2026,07:14:32: 	Train Loss: 3441269.5000 (base: 187.6827, kd: 6882.1631), Elapsed: train 2.45 test 0.26
09/05/2026,07:14:32: 	Recall@10: 0.06801 Recall@20: 0.10087 NDCG@10: 0.04087 NDCG@20: 0.04983 
09/05/2026,07:14:32: 	Recall@10: 0.02723 Recall@20: 0.04256 NDCG@10: 0.01536 NDCG@20: 0.01958 
09/05/2026,07:14:32: Epoch [164/1000]
09/05/2026,07:14:32: Negative sampling...
09/05/2026,07:14:34: Model's personal time...
09/05/2026,07:14:34: Model diagnostics: arce_anchor_count_mean=35.898449, arce_blocker_budget_mean=14.101552, arce_blocker_entropy_mean=4.807635, arce_closure_difficulty_mean=0.505750, arce_closure_difficulty_std=0.255650, arce_gamma_effective_beta=3.000000, arce_gamma_max=0.740818, arce_gamma_mean=0.126964, arce_gamma_min=0.049787, arce_gamma_mode=sample_overlap, arce_gamma_reassignment_l1_mean=0.000000, arce_gamma_std=0.060659, arce_sample_gamma_mean=0.126964, arce_sampled_teacher_overlap_mean=0.717969, arce_sampler=marginal_topl, arce_teacher_missing_mass_mean=0.144396, arce_teacher_missing_mass_std=0.088655
09/05/2026,07:14:34: Training...
09/05/2026,07:14:35: Evaluating...
09/05/2026,07:14:35: 	Train Loss: 3441243.2500 (base: 187.1550, kd: 6882.1128), Elapsed: train 2.48 test 0.26
09/05/2026,07:14:35: 	Recall@10: 0.06861 Recall@20: 0.10149 NDCG@10: 0.04096 NDCG@20: 0.04992 
09/05/2026,07:14:35: 	Recall@10: 0.02725 Recall@20: 0.04251 NDCG@10: 0.01549 NDCG@20: 0.01974 
09/05/2026,07:14:35: Epoch [165/1000]
09/05/2026,07:14:35: Negative sampling...
09/05/2026,07:14:36: Model's personal time...
09/05/2026,07:14:36: Model diagnostics: arce_anchor_count_mean=35.925274, arce_blocker_budget_mean=14.074727, arce_blocker_entropy_mean=4.806845, arce_closure_difficulty_mean=0.504775, arce_closure_difficulty_std=0.255423, arce_gamma_effective_beta=3.000000, arce_gamma_max=0.740818, arce_gamma_mean=0.126729, arce_gamma_min=0.049787, arce_gamma_mode=sample_overlap, arce_gamma_reassignment_l1_mean=0.000000, arce_gamma_std=0.060467, arce_sample_gamma_mean=0.126729, arce_sampled_teacher_overlap_mean=0.718505, arce_sampler=marginal_topl, arce_teacher_missing_mass_mean=0.144059, arce_teacher_missing_mass_std=0.088574
09/05/2026,07:14:36: Training...
09/05/2026,07:14:38: Evaluating...
09/05/2026,07:14:38: 	Train Loss: 3441615.5000 (base: 190.8992, kd: 6882.8501), Elapsed: train 2.51 test 0.26
09/05/2026,07:14:38: 	Recall@10: 0.06812 Recall@20: 0.10129 NDCG@10: 0.04089 NDCG@20: 0.04996 
09/05/2026,07:14:38: 	Recall@10: 0.02778 Recall@20: 0.04309 NDCG@10: 0.01553 NDCG@20: 0.01976 
09/05/2026,07:14:38: Epoch [166/1000]
09/05/2026,07:14:38: Negative sampling...
09/05/2026,07:14:39: Model's personal time...
09/05/2026,07:14:39: Model diagnostics: arce_anchor_count_mean=35.950756, arce_blocker_budget_mean=14.049243, arce_blocker_entropy_mean=4.805229, arce_closure_difficulty_mean=0.503860, arce_closure_difficulty_std=0.255345, arce_gamma_effective_beta=3.000000, arce_gamma_max=0.740818, arce_gamma_mean=0.126500, arce_gamma_min=0.049787, arce_gamma_mode=sample_overlap, arce_gamma_reassignment_l1_mean=0.000000, arce_gamma_std=0.060194, arce_sample_gamma_mean=0.126500, arce_sampled_teacher_overlap_mean=0.719015, arce_sampler=marginal_topl, arce_teacher_missing_mass_mean=0.143706, arce_teacher_missing_mass_std=0.088416
09/05/2026,07:14:39: Training...
09/05/2026,07:14:40: Evaluating...
09/05/2026,07:14:41: 	Train Loss: 3442221.7500 (base: 189.9156, kd: 6884.0635), Elapsed: train 2.50 test 0.28
09/05/2026,07:14:41: 	Recall@10: 0.06802 Recall@20: 0.10114 NDCG@10: 0.04091 NDCG@20: 0.04995 
09/05/2026,07:14:41: 	Recall@10: 0.02732 Recall@20: 0.04281 NDCG@10: 0.01546 NDCG@20: 0.01974 
09/05/2026,07:14:41: Epoch [167/1000]
09/05/2026,07:14:41: Negative sampling...
09/05/2026,07:14:42: Model's personal time...
09/05/2026,07:14:42: Model diagnostics: arce_anchor_count_mean=35.971642, arce_blocker_budget_mean=14.028358, arce_blocker_entropy_mean=4.802213, arce_closure_difficulty_mean=0.502961, arce_closure_difficulty_std=0.254861, arce_gamma_effective_beta=3.000000, arce_gamma_max=0.740818, arce_gamma_mean=0.126332, arce_gamma_min=0.049787, arce_gamma_mode=sample_overlap, arce_gamma_reassignment_l1_mean=0.000000, arce_gamma_std=0.060183, arce_sample_gamma_mean=0.126332, arce_sampled_teacher_overlap_mean=0.719433, arce_sampler=marginal_topl, arce_teacher_missing_mass_mean=0.143374, arce_teacher_missing_mass_std=0.088200
09/05/2026,07:14:42: Training...
09/05/2026,07:14:43: Evaluating...
09/05/2026,07:14:43: 	Train Loss: 3441772.2500 (base: 185.9568, kd: 6883.1733), Elapsed: train 2.52 test 0.26
09/05/2026,07:14:43: 	Recall@10: 0.06806 Recall@20: 0.10104 NDCG@10: 0.04060 NDCG@20: 0.04965 
09/05/2026,07:14:43: 	Recall@10: 0.02776 Recall@20: 0.04270 NDCG@10: 0.01556 NDCG@20: 0.01970 
09/05/2026,07:14:43: Epoch [168/1000]
09/05/2026,07:14:43: Negative sampling...
09/05/2026,07:14:45: Model's personal time...
09/05/2026,07:14:45: Model diagnostics: arce_anchor_count_mean=36.001339, arce_blocker_budget_mean=13.998658, arce_blocker_entropy_mean=4.802420, arce_closure_difficulty_mean=0.501991, arce_closure_difficulty_std=0.254401, arce_gamma_effective_beta=3.000000, arce_gamma_max=0.740818, arce_gamma_mean=0.126081, arce_gamma_min=0.049787, arce_gamma_mode=sample_overlap, arce_gamma_reassignment_l1_mean=0.000000, arce_gamma_std=0.059994, arce_sample_gamma_mean=0.126081, arce_sampled_teacher_overlap_mean=0.720027, arce_sampler=marginal_topl, arce_teacher_missing_mass_mean=0.143005, arce_teacher_missing_mass_std=0.088036
09/05/2026,07:14:45: Training...
09/05/2026,07:14:46: Evaluating...
09/05/2026,07:14:46: 	Train Loss: 3442057.0000 (base: 183.0021, kd: 6883.7480), Elapsed: train 2.48 test 0.32 *
09/05/2026,07:14:46: 	Recall@10: 0.06868 Recall@20: 0.10197 NDCG@10: 0.04113 NDCG@20: 0.05024 
09/05/2026,07:14:46: 	Recall@10: 0.02796 Recall@20: 0.04256 NDCG@10: 0.01562 NDCG@20: 0.01966 
09/05/2026,07:14:46: Epoch [169/1000]
09/05/2026,07:14:46: Negative sampling...
09/05/2026,07:14:48: Model's personal time...
09/05/2026,07:14:48: Model diagnostics: arce_anchor_count_mean=36.025101, arce_blocker_budget_mean=13.974899, arce_blocker_entropy_mean=4.800468, arce_closure_difficulty_mean=0.501220, arce_closure_difficulty_std=0.254179, arce_gamma_effective_beta=3.000000, arce_gamma_max=0.740818, arce_gamma_mean=0.125861, arce_gamma_min=0.049787, arce_gamma_mode=sample_overlap, arce_gamma_reassignment_l1_mean=0.000000, arce_gamma_std=0.059662, arce_sample_gamma_mean=0.125861, arce_sampled_teacher_overlap_mean=0.720502, arce_sampler=marginal_topl, arce_teacher_missing_mass_mean=0.142680, arce_teacher_missing_mass_std=0.087900
09/05/2026,07:14:48: Training...
09/05/2026,07:14:49: Evaluating...
09/05/2026,07:14:49: 	Train Loss: 3441853.2500 (base: 182.3262, kd: 6883.3418), Elapsed: train 2.45 test 0.29
09/05/2026,07:14:49: 	Recall@10: 0.06789 Recall@20: 0.10128 NDCG@10: 0.04086 NDCG@20: 0.04998 
09/05/2026,07:14:49: 	Recall@10: 0.02805 Recall@20: 0.04303 NDCG@10: 0.01551 NDCG@20: 0.01965 
09/05/2026,07:14:49: Epoch [170/1000]
09/05/2026,07:14:49: Negative sampling...
09/05/2026,07:14:50: Model's personal time...
09/05/2026,07:14:50: Model diagnostics: arce_anchor_count_mean=36.074150, arce_blocker_budget_mean=13.925848, arce_blocker_entropy_mean=4.801667, arce_closure_difficulty_mean=0.500075, arce_closure_difficulty_std=0.253875, arce_gamma_effective_beta=3.000000, arce_gamma_max=0.740818, arce_gamma_mean=0.125451, arce_gamma_min=0.049787, arce_gamma_mode=sample_overlap, arce_gamma_reassignment_l1_mean=0.000000, arce_gamma_std=0.059328, arce_sample_gamma_mean=0.125451, arce_sampled_teacher_overlap_mean=0.721483, arce_sampler=marginal_topl, arce_teacher_missing_mass_mean=0.142145, arce_teacher_missing_mass_std=0.087742
09/05/2026,07:14:50: Training...
09/05/2026,07:14:52: Evaluating...
09/05/2026,07:14:52: 	Train Loss: 3441950.0000 (base: 187.7940, kd: 6883.5239), Elapsed: train 2.64 test 0.28
09/05/2026,07:14:52: 	Recall@10: 0.06896 Recall@20: 0.10130 NDCG@10: 0.04110 NDCG@20: 0.04991 
09/05/2026,07:14:52: 	Recall@10: 0.02794 Recall@20: 0.04280 NDCG@10: 0.01556 NDCG@20: 0.01965 
09/05/2026,07:14:52: Epoch [171/1000]
09/05/2026,07:14:52: Negative sampling...
09/05/2026,07:14:53: Model's personal time...
09/05/2026,07:14:53: Model diagnostics: arce_anchor_count_mean=36.091015, arce_blocker_budget_mean=13.908986, arce_blocker_entropy_mean=4.797022, arce_closure_difficulty_mean=0.499136, arce_closure_difficulty_std=0.253542, arce_gamma_effective_beta=3.000000, arce_gamma_max=0.740818, arce_gamma_mean=0.125286, arce_gamma_min=0.049787, arce_gamma_mode=sample_overlap, arce_gamma_reassignment_l1_mean=0.000000, arce_gamma_std=0.059208, arce_sample_gamma_mean=0.125286, arce_sampled_teacher_overlap_mean=0.721820, arce_sampler=marginal_topl, arce_teacher_missing_mass_mean=0.141865, arce_teacher_missing_mass_std=0.087476
09/05/2026,07:14:53: Training...
09/05/2026,07:14:55: Evaluating...
09/05/2026,07:14:55: 	Train Loss: 3442093.2500 (base: 184.7910, kd: 6883.8174), Elapsed: train 2.71 test 0.29
09/05/2026,07:14:55: 	Recall@10: 0.06894 Recall@20: 0.10161 NDCG@10: 0.04092 NDCG@20: 0.04985 
09/05/2026,07:14:55: 	Recall@10: 0.02766 Recall@20: 0.04277 NDCG@10: 0.01523 NDCG@20: 0.01942 
09/05/2026,07:14:55: Epoch [172/1000]
09/05/2026,07:14:55: Negative sampling...
09/05/2026,07:14:56: Model's personal time...
09/05/2026,07:14:56: Model diagnostics: arce_anchor_count_mean=36.113815, arce_blocker_budget_mean=13.886185, arce_blocker_entropy_mean=4.795629, arce_closure_difficulty_mean=0.498549, arce_closure_difficulty_std=0.253503, arce_gamma_effective_beta=3.000000, arce_gamma_max=0.740818, arce_gamma_mean=0.125090, arce_gamma_min=0.049787, arce_gamma_mode=sample_overlap, arce_gamma_reassignment_l1_mean=0.000000, arce_gamma_std=0.058951, arce_sample_gamma_mean=0.125090, arce_sampled_teacher_overlap_mean=0.722276, arce_sampler=marginal_topl, arce_teacher_missing_mass_mean=0.141564, arce_teacher_missing_mass_std=0.087369
09/05/2026,07:14:56: Training...
09/05/2026,07:14:57: Evaluating...
09/05/2026,07:14:58: 	Train Loss: 3442201.5000 (base: 186.0461, kd: 6884.0303), Elapsed: train 2.55 test 0.26
09/05/2026,07:14:58: 	Recall@10: 0.06918 Recall@20: 0.10138 NDCG@10: 0.04115 NDCG@20: 0.04997 
09/05/2026,07:14:58: 	Recall@10: 0.02771 Recall@20: 0.04328 NDCG@10: 0.01538 NDCG@20: 0.01971 
09/05/2026,07:14:58: Epoch [173/1000]
09/05/2026,07:14:58: Negative sampling...
09/05/2026,07:14:59: Model's personal time...
09/05/2026,07:14:59: Model diagnostics: arce_anchor_count_mean=36.125694, arce_blocker_budget_mean=13.874306, arce_blocker_entropy_mean=4.794333, arce_closure_difficulty_mean=0.497618, arce_closure_difficulty_std=0.252928, arce_gamma_effective_beta=3.000000, arce_gamma_max=0.740818, arce_gamma_mean=0.124948, arce_gamma_min=0.049787, arce_gamma_mode=sample_overlap, arce_gamma_reassignment_l1_mean=0.000000, arce_gamma_std=0.058617, arce_sample_gamma_mean=0.124948, arce_sampled_teacher_overlap_mean=0.722514, arce_sampler=marginal_topl, arce_teacher_missing_mass_mean=0.141350, arce_teacher_missing_mass_std=0.087205
09/05/2026,07:14:59: Training...
09/05/2026,07:15:00: Evaluating...
09/05/2026,07:15:01: 	Train Loss: 3442687.5000 (base: 181.7979, kd: 6885.0112), Elapsed: train 2.56 test 0.28
09/05/2026,07:15:01: 	Recall@10: 0.06917 Recall@20: 0.10156 NDCG@10: 0.04101 NDCG@20: 0.04990 
09/05/2026,07:15:01: 	Recall@10: 0.02753 Recall@20: 0.04337 NDCG@10: 0.01537 NDCG@20: 0.01970 
09/05/2026,07:15:01: Epoch [174/1000]
09/05/2026,07:15:01: Negative sampling...
09/05/2026,07:15:02: Model's personal time...
09/05/2026,07:15:02: Model diagnostics: arce_anchor_count_mean=36.145237, arce_blocker_budget_mean=13.854761, arce_blocker_entropy_mean=4.794238, arce_closure_difficulty_mean=0.496673, arce_closure_difficulty_std=0.252500, arce_gamma_effective_beta=3.000000, arce_gamma_max=0.740818, arce_gamma_mean=0.124823, arce_gamma_min=0.049787, arce_gamma_mode=sample_overlap, arce_gamma_reassignment_l1_mean=0.000000, arce_gamma_std=0.058791, arce_sample_gamma_mean=0.124823, arce_sampled_teacher_overlap_mean=0.722905, arce_sampler=marginal_topl, arce_teacher_missing_mass_mean=0.141036, arce_teacher_missing_mass_std=0.087139
09/05/2026,07:15:02: Training...
09/05/2026,07:15:03: Evaluating...
09/05/2026,07:15:03: 	Train Loss: 3442289.0000 (base: 179.5578, kd: 6884.2188), Elapsed: train 2.46 test 0.25
09/05/2026,07:15:03: 	Recall@10: 0.06881 Recall@20: 0.10122 NDCG@10: 0.04123 NDCG@20: 0.05004 
09/05/2026,07:15:03: 	Recall@10: 0.02794 Recall@20: 0.04318 NDCG@10: 0.01543 NDCG@20: 0.01960 
09/05/2026,07:15:03: Epoch [175/1000]
09/05/2026,07:15:03: Negative sampling...
09/05/2026,07:15:05: Model's personal time...
09/05/2026,07:15:05: Model diagnostics: arce_anchor_count_mean=36.175705, arce_blocker_budget_mean=13.824296, arce_blocker_entropy_mean=4.793798, arce_closure_difficulty_mean=0.495729, arce_closure_difficulty_std=0.252226, arce_gamma_effective_beta=3.000000, arce_gamma_max=0.740818, arce_gamma_mean=0.124522, arce_gamma_min=0.049787, arce_gamma_mode=sample_overlap, arce_gamma_reassignment_l1_mean=0.000000, arce_gamma_std=0.058354, arce_sample_gamma_mean=0.124522, arce_sampled_teacher_overlap_mean=0.723514, arce_sampler=marginal_topl, arce_teacher_missing_mass_mean=0.140627, arce_teacher_missing_mass_std=0.086854
09/05/2026,07:15:05: Training...
09/05/2026,07:15:06: Evaluating...
09/05/2026,07:15:06: 	Train Loss: 3442648.0000 (base: 178.2210, kd: 6884.9399), Elapsed: train 2.44 test 0.26
09/05/2026,07:15:06: 	Recall@10: 0.06880 Recall@20: 0.10144 NDCG@10: 0.04121 NDCG@20: 0.05019 
09/05/2026,07:15:06: 	Recall@10: 0.02780 Recall@20: 0.04271 NDCG@10: 0.01539 NDCG@20: 0.01952 
09/05/2026,07:15:06: Epoch [176/1000]
09/05/2026,07:15:06: Negative sampling...
09/05/2026,07:15:07: Model's personal time...
09/05/2026,07:15:07: Model diagnostics: arce_anchor_count_mean=36.199272, arce_blocker_budget_mean=13.800728, arce_blocker_entropy_mean=4.793140, arce_closure_difficulty_mean=0.494986, arce_closure_difficulty_std=0.252077, arce_gamma_effective_beta=3.000000, arce_gamma_max=0.697676, arce_gamma_mean=0.124344, arce_gamma_min=0.049787, arce_gamma_mode=sample_overlap, arce_gamma_reassignment_l1_mean=0.000000, arce_gamma_std=0.058195, arce_sample_gamma_mean=0.124344, arce_sampled_teacher_overlap_mean=0.723985, arce_sampler=marginal_topl, arce_teacher_missing_mass_mean=0.140354, arce_teacher_missing_mass_std=0.086805
09/05/2026,07:15:07: Training...
09/05/2026,07:15:08: Evaluating...
09/05/2026,07:15:09: 	Train Loss: 3442843.2500 (base: 181.3540, kd: 6885.3237), Elapsed: train 2.42 test 0.26
09/05/2026,07:15:09: 	Recall@10: 0.06889 Recall@20: 0.10209 NDCG@10: 0.04110 NDCG@20: 0.05017 
09/05/2026,07:15:09: 	Recall@10: 0.02799 Recall@20: 0.04325 NDCG@10: 0.01538 NDCG@20: 0.01955 
09/05/2026,07:15:09: Epoch [177/1000]
09/05/2026,07:15:09: Negative sampling...
09/05/2026,07:15:10: Model's personal time...
09/05/2026,07:15:10: Model diagnostics: arce_anchor_count_mean=36.223415, arce_blocker_budget_mean=13.776586, arce_blocker_entropy_mean=4.792747, arce_closure_difficulty_mean=0.494182, arce_closure_difficulty_std=0.251832, arce_gamma_effective_beta=3.000000, arce_gamma_max=0.697676, arce_gamma_mean=0.124135, arce_gamma_min=0.049787, arce_gamma_mode=sample_overlap, arce_gamma_reassignment_l1_mean=0.000000, arce_gamma_std=0.057993, arce_sample_gamma_mean=0.124135, arce_sampled_teacher_overlap_mean=0.724468, arce_sampler=marginal_topl, arce_teacher_missing_mass_mean=0.140049, arce_teacher_missing_mass_std=0.086603
09/05/2026,07:15:10: Training...
09/05/2026,07:15:11: Evaluating...
09/05/2026,07:15:11: 	Train Loss: 3442355.5000 (base: 179.5656, kd: 6884.3521), Elapsed: train 2.40 test 0.34
09/05/2026,07:15:11: 	Recall@10: 0.06845 Recall@20: 0.10112 NDCG@10: 0.04107 NDCG@20: 0.04993 
09/05/2026,07:15:11: 	Recall@10: 0.02776 Recall@20: 0.04347 NDCG@10: 0.01536 NDCG@20: 0.01965 
09/05/2026,07:15:11: Epoch [178/1000]
09/05/2026,07:15:11: Negative sampling...
09/05/2026,07:15:13: Model's personal time...
09/05/2026,07:15:13: Model diagnostics: arce_anchor_count_mean=36.238743, arce_blocker_budget_mean=13.761257, arce_blocker_entropy_mean=4.788296, arce_closure_difficulty_mean=0.493677, arce_closure_difficulty_std=0.251586, arce_gamma_effective_beta=3.000000, arce_gamma_max=0.697676, arce_gamma_mean=0.124025, arce_gamma_min=0.049787, arce_gamma_mode=sample_overlap, arce_gamma_reassignment_l1_mean=0.000000, arce_gamma_std=0.058012, arce_sample_gamma_mean=0.124025, arce_sampled_teacher_overlap_mean=0.724775, arce_sampler=marginal_topl, arce_teacher_missing_mass_mean=0.139877, arce_teacher_missing_mass_std=0.086627
09/05/2026,07:15:13: Training...
09/05/2026,07:15:14: Evaluating...
09/05/2026,07:15:15: 	Train Loss: 3442715.0000 (base: 177.8627, kd: 6885.0747), Elapsed: train 2.90 test 0.34
09/05/2026,07:15:15: 	Recall@10: 0.06892 Recall@20: 0.10043 NDCG@10: 0.04120 NDCG@20: 0.04986 
09/05/2026,07:15:15: 	Recall@10: 0.02821 Recall@20: 0.04270 NDCG@10: 0.01562 NDCG@20: 0.01959 
09/05/2026,07:15:15: Epoch [179/1000]
09/05/2026,07:15:15: Negative sampling...
09/05/2026,07:15:16: Model's personal time...
09/05/2026,07:15:16: Model diagnostics: arce_anchor_count_mean=36.268059, arce_blocker_budget_mean=13.731941, arce_blocker_entropy_mean=4.788451, arce_closure_difficulty_mean=0.492736, arce_closure_difficulty_std=0.251253, arce_gamma_effective_beta=3.000000, arce_gamma_max=0.740818, arce_gamma_mean=0.123763, arce_gamma_min=0.049787, arce_gamma_mode=sample_overlap, arce_gamma_reassignment_l1_mean=0.000000, arce_gamma_std=0.057782, arce_sample_gamma_mean=0.123763, arce_sampled_teacher_overlap_mean=0.725361, arce_sampler=marginal_topl, arce_teacher_missing_mass_mean=0.139546, arce_teacher_missing_mass_std=0.086467
09/05/2026,07:15:16: Training...
09/05/2026,07:15:17: Evaluating...
09/05/2026,07:15:17: 	Train Loss: 3442945.5000 (base: 179.2709, kd: 6885.5322), Elapsed: train 2.52 test 0.26
09/05/2026,07:15:17: 	Recall@10: 0.06908 Recall@20: 0.10128 NDCG@10: 0.04082 NDCG@20: 0.04964 
09/05/2026,07:15:17: 	Recall@10: 0.02817 Recall@20: 0.04322 NDCG@10: 0.01564 NDCG@20: 0.01971 
09/05/2026,07:15:17: Epoch [180/1000]
09/05/2026,07:15:17: Negative sampling...
09/05/2026,07:15:19: Model's personal time...
09/05/2026,07:15:19: Model diagnostics: arce_anchor_count_mean=36.291626, arce_blocker_budget_mean=13.708373, arce_blocker_entropy_mean=4.787890, arce_closure_difficulty_mean=0.491936, arce_closure_difficulty_std=0.251232, arce_gamma_effective_beta=3.000000, arce_gamma_max=0.740818, arce_gamma_mean=0.123559, arce_gamma_min=0.049787, arce_gamma_mode=sample_overlap, arce_gamma_reassignment_l1_mean=0.000000, arce_gamma_std=0.057567, arce_sample_gamma_mean=0.123559, arce_sampled_teacher_overlap_mean=0.725833, arce_sampler=marginal_topl, arce_teacher_missing_mass_mean=0.139209, arce_teacher_missing_mass_std=0.086296
09/05/2026,07:15:19: Training...
09/05/2026,07:15:20: Evaluating...
09/05/2026,07:15:20: 	Train Loss: 3443127.0000 (base: 175.0993, kd: 6885.9043), Elapsed: train 2.46 test 0.26
09/05/2026,07:15:20: 	Recall@10: 0.06871 Recall@20: 0.10092 NDCG@10: 0.04088 NDCG@20: 0.04962 
09/05/2026,07:15:20: 	Recall@10: 0.02779 Recall@20: 0.04377 NDCG@10: 0.01540 NDCG@20: 0.01971 
09/05/2026,07:15:20: Epoch [181/1000]
09/05/2026,07:15:20: Negative sampling...
09/05/2026,07:15:21: Model's personal time...
09/05/2026,07:15:21: Model diagnostics: arce_anchor_count_mean=36.313087, arce_blocker_budget_mean=13.686913, arce_blocker_entropy_mean=4.785553, arce_closure_difficulty_mean=0.491168, arce_closure_difficulty_std=0.251051, arce_gamma_effective_beta=3.000000, arce_gamma_max=0.697676, arce_gamma_mean=0.123387, arce_gamma_min=0.049787, arce_gamma_mode=sample_overlap, arce_gamma_reassignment_l1_mean=0.000000, arce_gamma_std=0.057291, arce_sample_gamma_mean=0.123387, arce_sampled_teacher_overlap_mean=0.726262, arce_sampler=marginal_topl, arce_teacher_missing_mass_mean=0.138942, arce_teacher_missing_mass_std=0.086304
09/05/2026,07:15:21: Training...
09/05/2026,07:15:23: Evaluating...
09/05/2026,07:15:23: 	Train Loss: 3443526.5000 (base: 174.4391, kd: 6886.7041), Elapsed: train 2.54 test 0.35
09/05/2026,07:15:23: 	Recall@10: 0.06828 Recall@20: 0.10163 NDCG@10: 0.04063 NDCG@20: 0.04968 
09/05/2026,07:15:23: 	Recall@10: 0.02730 Recall@20: 0.04336 NDCG@10: 0.01529 NDCG@20: 0.01967 
09/05/2026,07:15:23: Epoch [182/1000]
09/05/2026,07:15:23: Negative sampling...
09/05/2026,07:15:24: Model's personal time...
09/05/2026,07:15:24: Model diagnostics: arce_anchor_count_mean=36.328796, arce_blocker_budget_mean=13.671201, arce_blocker_entropy_mean=4.786938, arce_closure_difficulty_mean=0.490507, arce_closure_difficulty_std=0.250709, arce_gamma_effective_beta=3.000000, arce_gamma_max=0.697676, arce_gamma_mean=0.123242, arce_gamma_min=0.049787, arce_gamma_mode=sample_overlap, arce_gamma_reassignment_l1_mean=0.000000, arce_gamma_std=0.057277, arce_sample_gamma_mean=0.123242, arce_sampled_teacher_overlap_mean=0.726576, arce_sampler=marginal_topl, arce_teacher_missing_mass_mean=0.138705, arce_teacher_missing_mass_std=0.086060
09/05/2026,07:15:24: Training...
09/05/2026,07:15:26: Evaluating...
09/05/2026,07:15:26: 	Train Loss: 3442429.0000 (base: 177.0001, kd: 6884.5044), Elapsed: train 2.59 test 0.26
09/05/2026,07:15:26: 	Recall@10: 0.06958 Recall@20: 0.10049 NDCG@10: 0.04131 NDCG@20: 0.04969 
09/05/2026,07:15:26: 	Recall@10: 0.02736 Recall@20: 0.04348 NDCG@10: 0.01527 NDCG@20: 0.01963 
09/05/2026,07:15:26: Epoch [183/1000]
09/05/2026,07:15:26: Negative sampling...
09/05/2026,07:15:27: Model's personal time...
09/05/2026,07:15:27: Model diagnostics: arce_anchor_count_mean=36.353897, arce_blocker_budget_mean=13.646101, arce_blocker_entropy_mean=4.782613, arce_closure_difficulty_mean=0.489645, arce_closure_difficulty_std=0.250594, arce_gamma_effective_beta=3.000000, arce_gamma_max=0.697676, arce_gamma_mean=0.123064, arce_gamma_min=0.049787, arce_gamma_mode=sample_overlap, arce_gamma_reassignment_l1_mean=0.000000, arce_gamma_std=0.057169, arce_sample_gamma_mean=0.123064, arce_sampled_teacher_overlap_mean=0.727078, arce_sampler=marginal_topl, arce_teacher_missing_mass_mean=0.138397, arce_teacher_missing_mass_std=0.086010
09/05/2026,07:15:27: Training...
09/05/2026,07:15:29: Evaluating...
09/05/2026,07:15:29: 	Train Loss: 3443342.2500 (base: 177.5532, kd: 6886.3291), Elapsed: train 2.69 test 0.26
09/05/2026,07:15:29: 	Recall@10: 0.06911 Recall@20: 0.10110 NDCG@10: 0.04098 NDCG@20: 0.04979 
09/05/2026,07:15:29: 	Recall@10: 0.02822 Recall@20: 0.04416 NDCG@10: 0.01548 NDCG@20: 0.01979 
09/05/2026,07:15:29: Epoch [184/1000]
09/05/2026,07:15:29: Negative sampling...
09/05/2026,07:15:30: Model's personal time...
09/05/2026,07:15:30: Model diagnostics: arce_anchor_count_mean=36.379574, arce_blocker_budget_mean=13.620425, arce_blocker_entropy_mean=4.784268, arce_closure_difficulty_mean=0.488832, arce_closure_difficulty_std=0.250383, arce_gamma_effective_beta=3.000000, arce_gamma_max=0.697676, arce_gamma_mean=0.122838, arce_gamma_min=0.049787, arce_gamma_mode=sample_overlap, arce_gamma_reassignment_l1_mean=0.000000, arce_gamma_std=0.056861, arce_sample_gamma_mean=0.122838, arce_sampled_teacher_overlap_mean=0.727591, arce_sampler=marginal_topl, arce_teacher_missing_mass_mean=0.138056, arce_teacher_missing_mass_std=0.085918
09/05/2026,07:15:30: Training...
09/05/2026,07:15:31: Evaluating...
09/05/2026,07:15:31: 	Train Loss: 3443278.0000 (base: 176.3315, kd: 6886.2026), Elapsed: train 2.45 test 0.26
09/05/2026,07:15:31: 	Recall@10: 0.06814 Recall@20: 0.10270 NDCG@10: 0.04070 NDCG@20: 0.05008 
09/05/2026,07:15:31: 	Recall@10: 0.02743 Recall@20: 0.04416 NDCG@10: 0.01525 NDCG@20: 0.01977 
09/05/2026,07:15:31: Epoch [185/1000]
09/05/2026,07:15:31: Negative sampling...
09/05/2026,07:15:33: Model's personal time...
09/05/2026,07:15:33: Model diagnostics: arce_anchor_count_mean=36.392605, arce_blocker_budget_mean=13.607396, arce_blocker_entropy_mean=4.782322, arce_closure_difficulty_mean=0.488105, arce_closure_difficulty_std=0.250229, arce_gamma_effective_beta=3.000000, arce_gamma_max=0.697676, arce_gamma_mean=0.122744, arce_gamma_min=0.049787, arce_gamma_mode=sample_overlap, arce_gamma_reassignment_l1_mean=0.000000, arce_gamma_std=0.056945, arce_sample_gamma_mean=0.122744, arce_sampled_teacher_overlap_mean=0.727852, arce_sampler=marginal_topl, arce_teacher_missing_mass_mean=0.137855, arce_teacher_missing_mass_std=0.085847
09/05/2026,07:15:33: Training...
09/05/2026,07:15:34: Evaluating...
09/05/2026,07:15:34: 	Train Loss: 3443136.2500 (base: 177.3895, kd: 6885.9185), Elapsed: train 2.40 test 0.25
09/05/2026,07:15:34: 	Recall@10: 0.06774 Recall@20: 0.10217 NDCG@10: 0.04040 NDCG@20: 0.04979 
09/05/2026,07:15:34: 	Recall@10: 0.02749 Recall@20: 0.04306 NDCG@10: 0.01525 NDCG@20: 0.01952 
09/05/2026,07:15:34: Epoch [186/1000]
09/05/2026,07:15:34: Negative sampling...
09/05/2026,07:15:36: Model's personal time...
09/05/2026,07:15:36: Model diagnostics: arce_anchor_count_mean=36.415215, arce_blocker_budget_mean=13.584786, arce_blocker_entropy_mean=4.780036, arce_closure_difficulty_mean=0.487299, arce_closure_difficulty_std=0.249981, arce_gamma_effective_beta=3.000000, arce_gamma_max=0.697676, arce_gamma_mean=0.122535, arce_gamma_min=0.049787, arce_gamma_mode=sample_overlap, arce_gamma_reassignment_l1_mean=0.000000, arce_gamma_std=0.056686, arce_sample_gamma_mean=0.122535, arce_sampled_teacher_overlap_mean=0.728304, arce_sampler=marginal_topl, arce_teacher_missing_mass_mean=0.137552, arce_teacher_missing_mass_std=0.085714
09/05/2026,07:15:36: Training...
09/05/2026,07:15:37: Evaluating...
09/05/2026,07:15:37: 	Train Loss: 3443524.5000 (base: 176.3015, kd: 6886.6963), Elapsed: train 2.52 test 0.29
09/05/2026,07:15:37: 	Recall@10: 0.06845 Recall@20: 0.10121 NDCG@10: 0.04081 NDCG@20: 0.04972 
09/05/2026,07:15:37: 	Recall@10: 0.02814 Recall@20: 0.04411 NDCG@10: 0.01552 NDCG@20: 0.01983 
09/05/2026,07:15:37: Epoch [187/1000]
09/05/2026,07:15:37: Negative sampling...
09/05/2026,07:15:38: Model's personal time...
09/05/2026,07:15:38: Model diagnostics: arce_anchor_count_mean=36.446636, arce_blocker_budget_mean=13.553363, arce_blocker_entropy_mean=4.780778, arce_closure_difficulty_mean=0.486284, arce_closure_difficulty_std=0.249793, arce_gamma_effective_beta=3.000000, arce_gamma_max=0.697676, arce_gamma_mean=0.122265, arce_gamma_min=0.049787, arce_gamma_mode=sample_overlap, arce_gamma_reassignment_l1_mean=0.000000, arce_gamma_std=0.056338, arce_sample_gamma_mean=0.122265, arce_sampled_teacher_overlap_mean=0.728933, arce_sampler=marginal_topl, arce_teacher_missing_mass_mean=0.137166, arce_teacher_missing_mass_std=0.085607
09/05/2026,07:15:38: Training...
09/05/2026,07:15:39: Evaluating...
09/05/2026,07:15:40: 	Train Loss: 3444056.0000 (base: 176.5116, kd: 6887.7588), Elapsed: train 2.42 test 0.26
09/05/2026,07:15:40: 	Recall@10: 0.06819 Recall@20: 0.10167 NDCG@10: 0.04054 NDCG@20: 0.04967 
09/05/2026,07:15:40: 	Recall@10: 0.02739 Recall@20: 0.04427 NDCG@10: 0.01540 NDCG@20: 0.01997 
09/05/2026,07:15:40: Epoch [188/1000]
09/05/2026,07:15:40: Negative sampling...
09/05/2026,07:15:41: Model's personal time...
09/05/2026,07:15:41: Model diagnostics: arce_anchor_count_mean=36.457176, arce_blocker_budget_mean=13.542824, arce_blocker_entropy_mean=4.780304, arce_closure_difficulty_mean=0.485334, arce_closure_difficulty_std=0.249587, arce_gamma_effective_beta=3.000000, arce_gamma_max=0.657047, arce_gamma_mean=0.122196, arce_gamma_min=0.049787, arce_gamma_mode=sample_overlap, arce_gamma_reassignment_l1_mean=0.000000, arce_gamma_std=0.056272, arce_sample_gamma_mean=0.122196, arce_sampled_teacher_overlap_mean=0.729144, arce_sampler=marginal_topl, arce_teacher_missing_mass_mean=0.136904, arce_teacher_missing_mass_std=0.085550
09/05/2026,07:15:41: Training...
09/05/2026,07:15:42: Evaluating...
09/05/2026,07:15:42: 	Train Loss: 3443173.7500 (base: 174.1231, kd: 6885.9990), Elapsed: train 2.40 test 0.26
09/05/2026,07:15:42: 	Recall@10: 0.06895 Recall@20: 0.10190 NDCG@10: 0.04079 NDCG@20: 0.04971 
09/05/2026,07:15:42: 	Recall@10: 0.02749 Recall@20: 0.04397 NDCG@10: 0.01541 NDCG@20: 0.01989 
09/05/2026,07:15:42: Epoch [189/1000]
09/05/2026,07:15:42: Negative sampling...
09/05/2026,07:15:44: Model's personal time...
09/05/2026,07:15:44: Model diagnostics: arce_anchor_count_mean=36.473270, arce_blocker_budget_mean=13.526729, arce_blocker_entropy_mean=4.777771, arce_closure_difficulty_mean=0.484648, arce_closure_difficulty_std=0.249309, arce_gamma_effective_beta=3.000000, arce_gamma_max=0.657047, arce_gamma_mean=0.122058, arce_gamma_min=0.049787, arce_gamma_mode=sample_overlap, arce_gamma_reassignment_l1_mean=0.000000, arce_gamma_std=0.056137, arce_sample_gamma_mean=0.122058, arce_sampled_teacher_overlap_mean=0.729465, arce_sampler=marginal_topl, arce_teacher_missing_mass_mean=0.136693, arce_teacher_missing_mass_std=0.085476
09/05/2026,07:15:44: Training...
09/05/2026,07:15:45: Evaluating...
09/05/2026,07:15:45: 	Train Loss: 3444640.5000 (base: 173.4195, kd: 6888.9336), Elapsed: train 2.51 test 0.28
09/05/2026,07:15:45: 	Recall@10: 0.06864 Recall@20: 0.10176 NDCG@10: 0.04078 NDCG@20: 0.04989 
09/05/2026,07:15:45: 	Recall@10: 0.02795 Recall@20: 0.04340 NDCG@10: 0.01554 NDCG@20: 0.01975 
09/05/2026,07:15:45: Epoch [190/1000]
09/05/2026,07:15:45: Negative sampling...
09/05/2026,07:15:46: Model's personal time...
09/05/2026,07:15:46: Model diagnostics: arce_anchor_count_mean=36.498562, arce_blocker_budget_mean=13.501437, arce_blocker_entropy_mean=4.775348, arce_closure_difficulty_mean=0.483985, arce_closure_difficulty_std=0.249363, arce_gamma_effective_beta=3.000000, arce_gamma_max=0.657047, arce_gamma_mean=0.121834, arce_gamma_min=0.049787, arce_gamma_mode=sample_overlap, arce_gamma_reassignment_l1_mean=0.000000, arce_gamma_std=0.055856, arce_sample_gamma_mean=0.121834, arce_sampled_teacher_overlap_mean=0.729971, arce_sampler=marginal_topl, arce_teacher_missing_mass_mean=0.136428, arce_teacher_missing_mass_std=0.085349
09/05/2026,07:15:46: Training...
09/05/2026,07:15:48: Evaluating...
09/05/2026,07:15:48: 	Train Loss: 3444079.5000 (base: 176.0110, kd: 6887.8071), Elapsed: train 2.47 test 0.26
09/05/2026,07:15:48: 	Recall@10: 0.06870 Recall@20: 0.10202 NDCG@10: 0.04077 NDCG@20: 0.04980 
09/05/2026,07:15:48: 	Recall@10: 0.02784 Recall@20: 0.04428 NDCG@10: 0.01534 NDCG@20: 0.01976 
09/05/2026,07:15:48: Epoch [191/1000]
09/05/2026,07:15:48: Negative sampling...
09/05/2026,07:15:49: Model's personal time...
09/05/2026,07:15:49: Model diagnostics: arce_anchor_count_mean=36.514851, arce_blocker_budget_mean=13.485150, arce_blocker_entropy_mean=4.778115, arce_closure_difficulty_mean=0.483112, arce_closure_difficulty_std=0.249104, arce_gamma_effective_beta=3.000000, arce_gamma_max=0.657047, arce_gamma_mean=0.121732, arce_gamma_min=0.049787, arce_gamma_mode=sample_overlap, arce_gamma_reassignment_l1_mean=0.000000, arce_gamma_std=0.055861, arce_sample_gamma_mean=0.121732, arce_sampled_teacher_overlap_mean=0.730297, arce_sampler=marginal_topl, arce_teacher_missing_mass_mean=0.136193, arce_teacher_missing_mass_std=0.085299
09/05/2026,07:15:49: Training...
09/05/2026,07:15:50: Evaluating...
09/05/2026,07:15:51: 	Train Loss: 3443872.0000 (base: 174.3709, kd: 6887.3955), Elapsed: train 2.59 test 0.28
09/05/2026,07:15:51: 	Recall@10: 0.06935 Recall@20: 0.10212 NDCG@10: 0.04100 NDCG@20: 0.04994 
09/05/2026,07:15:51: 	Recall@10: 0.02803 Recall@20: 0.04360 NDCG@10: 0.01535 NDCG@20: 0.01957 
09/05/2026,07:15:51: Epoch [192/1000]
09/05/2026,07:15:51: Negative sampling...
09/05/2026,07:15:52: Model's personal time...
09/05/2026,07:15:52: Model diagnostics: arce_anchor_count_mean=36.534393, arce_blocker_budget_mean=13.465607, arce_blocker_entropy_mean=4.775571, arce_closure_difficulty_mean=0.482603, arce_closure_difficulty_std=0.249118, arce_gamma_effective_beta=3.000000, arce_gamma_max=0.657047, arce_gamma_mean=0.121551, arce_gamma_min=0.049787, arce_gamma_mode=sample_overlap, arce_gamma_reassignment_l1_mean=0.000000, arce_gamma_std=0.055758, arce_sample_gamma_mean=0.121551, arce_sampled_teacher_overlap_mean=0.730688, arce_sampler=marginal_topl, arce_teacher_missing_mass_mean=0.135930, arce_teacher_missing_mass_std=0.085198
09/05/2026,07:15:52: Training...
09/05/2026,07:15:53: Evaluating...
09/05/2026,07:15:53: 	Train Loss: 3444251.0000 (base: 171.7773, kd: 6888.1587), Elapsed: train 2.52 test 0.27
09/05/2026,07:15:53: 	Recall@10: 0.06940 Recall@20: 0.10141 NDCG@10: 0.04088 NDCG@20: 0.04961 
09/05/2026,07:15:53: 	Recall@10: 0.02836 Recall@20: 0.04383 NDCG@10: 0.01548 NDCG@20: 0.01966 
09/05/2026,07:15:53: Epoch [193/1000]
09/05/2026,07:15:53: Negative sampling...
09/05/2026,07:15:55: Model's personal time...
09/05/2026,07:15:55: Model diagnostics: arce_anchor_count_mean=36.552597, arce_blocker_budget_mean=13.447404, arce_blocker_entropy_mean=4.772545, arce_closure_difficulty_mean=0.481858, arce_closure_difficulty_std=0.248711, arce_gamma_effective_beta=3.000000, arce_gamma_max=0.657047, arce_gamma_mean=0.121392, arce_gamma_min=0.049787, arce_gamma_mode=sample_overlap, arce_gamma_reassignment_l1_mean=0.000000, arce_gamma_std=0.055521, arce_sample_gamma_mean=0.121392, arce_sampled_teacher_overlap_mean=0.731052, arce_sampler=marginal_topl, arce_teacher_missing_mass_mean=0.135669, arce_teacher_missing_mass_std=0.085039
09/05/2026,07:15:55: Training...
09/05/2026,07:15:56: Evaluating...
09/05/2026,07:15:56: 	Train Loss: 3444170.5000 (base: 170.6304, kd: 6887.9990), Elapsed: train 2.37 test 0.27
09/05/2026,07:15:56: 	Recall@10: 0.06922 Recall@20: 0.10098 NDCG@10: 0.04084 NDCG@20: 0.04951 
09/05/2026,07:15:56: 	Recall@10: 0.02762 Recall@20: 0.04399 NDCG@10: 0.01529 NDCG@20: 0.01971 
09/05/2026,07:15:56: Epoch [194/1000]
09/05/2026,07:15:56: Negative sampling...
09/05/2026,07:15:57: Model's personal time...
09/05/2026,07:15:57: Model diagnostics: arce_anchor_count_mean=36.585552, arce_blocker_budget_mean=13.414447, arce_blocker_entropy_mean=4.774562, arce_closure_difficulty_mean=0.481057, arce_closure_difficulty_std=0.248587, arce_gamma_effective_beta=3.000000, arce_gamma_max=0.657047, arce_gamma_mean=0.121140, arce_gamma_min=0.049787, arce_gamma_mode=sample_overlap, arce_gamma_reassignment_l1_mean=0.000000, arce_gamma_std=0.055360, arce_sample_gamma_mean=0.121140, arce_sampled_teacher_overlap_mean=0.731711, arce_sampler=marginal_topl, arce_teacher_missing_mass_mean=0.135325, arce_teacher_missing_mass_std=0.084931
09/05/2026,07:15:57: Training...
09/05/2026,07:15:59: Evaluating...
09/05/2026,07:15:59: 	Train Loss: 3444084.2500 (base: 170.1849, kd: 6887.8276), Elapsed: train 2.44 test 0.27
09/05/2026,07:15:59: 	Recall@10: 0.06897 Recall@20: 0.10115 NDCG@10: 0.04097 NDCG@20: 0.04971 
09/05/2026,07:15:59: 	Recall@10: 0.02816 Recall@20: 0.04441 NDCG@10: 0.01545 NDCG@20: 0.01980 
09/05/2026,07:15:59: Epoch [195/1000]
09/05/2026,07:15:59: Negative sampling...
09/05/2026,07:16:00: Model's personal time...
09/05/2026,07:16:00: Model diagnostics: arce_anchor_count_mean=36.596283, arce_blocker_budget_mean=13.403717, arce_blocker_entropy_mean=4.772949, arce_closure_difficulty_mean=0.480373, arce_closure_difficulty_std=0.248318, arce_gamma_effective_beta=3.000000, arce_gamma_max=0.657047, arce_gamma_mean=0.121023, arce_gamma_min=0.049787, arce_gamma_mode=sample_overlap, arce_gamma_reassignment_l1_mean=0.000000, arce_gamma_std=0.055180, arce_sample_gamma_mean=0.121023, arce_sampled_teacher_overlap_mean=0.731926, arce_sampler=marginal_topl, arce_teacher_missing_mass_mean=0.135154, arce_teacher_missing_mass_std=0.084852
09/05/2026,07:16:00: Training...
09/05/2026,07:16:01: Evaluating...
09/05/2026,07:16:02: 	Train Loss: 3444504.7500 (base: 168.0886, kd: 6888.6733), Elapsed: train 2.43 test 0.27
09/05/2026,07:16:02: 	Recall@10: 0.06915 Recall@20: 0.10096 NDCG@10: 0.04082 NDCG@20: 0.04951 
09/05/2026,07:16:02: 	Recall@10: 0.02778 Recall@20: 0.04441 NDCG@10: 0.01534 NDCG@20: 0.01982 
09/05/2026,07:16:02: Epoch [196/1000]
09/05/2026,07:16:02: Negative sampling...
09/05/2026,07:16:03: Model's personal time...
09/05/2026,07:16:03: Model diagnostics: arce_anchor_count_mean=36.617550, arce_blocker_budget_mean=13.382448, arce_blocker_entropy_mean=4.769665, arce_closure_difficulty_mean=0.479814, arce_closure_difficulty_std=0.248261, arce_gamma_effective_beta=3.000000, arce_gamma_max=0.657047, arce_gamma_mean=0.120827, arce_gamma_min=0.049787, arce_gamma_mode=sample_overlap, arce_gamma_reassignment_l1_mean=0.000000, arce_gamma_std=0.054923, arce_sample_gamma_mean=0.120827, arce_sampled_teacher_overlap_mean=0.732351, arce_sampler=marginal_topl, arce_teacher_missing_mass_mean=0.134906, arce_teacher_missing_mass_std=0.084700
09/05/2026,07:16:03: Training...
09/05/2026,07:16:04: Evaluating...
09/05/2026,07:16:04: 	Train Loss: 3444454.5000 (base: 168.6432, kd: 6888.5713), Elapsed: train 2.46 test 0.25
09/05/2026,07:16:04: 	Recall@10: 0.06880 Recall@20: 0.10084 NDCG@10: 0.04096 NDCG@20: 0.04974 
09/05/2026,07:16:04: 	Recall@10: 0.02739 Recall@20: 0.04426 NDCG@10: 0.01524 NDCG@20: 0.01979 
09/05/2026,07:16:04: Epoch [197/1000]
09/05/2026,07:16:04: Negative sampling...
09/05/2026,07:16:06: Model's personal time...
09/05/2026,07:16:06: Model diagnostics: arce_anchor_count_mean=36.642460, arce_blocker_budget_mean=13.357539, arce_blocker_entropy_mean=4.770034, arce_closure_difficulty_mean=0.478995, arce_closure_difficulty_std=0.247931, arce_gamma_effective_beta=3.000000, arce_gamma_max=0.657047, arce_gamma_mean=0.120612, arce_gamma_min=0.049787, arce_gamma_mode=sample_overlap, arce_gamma_reassignment_l1_mean=0.000000, arce_gamma_std=0.054717, arce_sample_gamma_mean=0.120612, arce_sampled_teacher_overlap_mean=0.732849, arce_sampler=marginal_topl, arce_teacher_missing_mass_mean=0.134575, arce_teacher_missing_mass_std=0.084571
09/05/2026,07:16:06: Training...
09/05/2026,07:16:07: Evaluating...
09/05/2026,07:16:07: 	Train Loss: 3444546.2500 (base: 172.5633, kd: 6888.7471), Elapsed: train 2.33 test 0.25
09/05/2026,07:16:07: 	Recall@10: 0.06857 Recall@20: 0.10155 NDCG@10: 0.04092 NDCG@20: 0.04992 
09/05/2026,07:16:07: 	Recall@10: 0.02783 Recall@20: 0.04407 NDCG@10: 0.01544 NDCG@20: 0.01984 
09/05/2026,07:16:07: Epoch [198/1000]
09/05/2026,07:16:07: Negative sampling...
09/05/2026,07:16:08: Model's personal time...
09/05/2026,07:16:08: Model diagnostics: arce_anchor_count_mean=36.657597, arce_blocker_budget_mean=13.342402, arce_blocker_entropy_mean=4.768211, arce_closure_difficulty_mean=0.478385, arce_closure_difficulty_std=0.247866, arce_gamma_effective_beta=3.000000, arce_gamma_max=0.657047, arce_gamma_mean=0.120503, arce_gamma_min=0.049787, arce_gamma_mode=sample_overlap, arce_gamma_reassignment_l1_mean=0.000000, arce_gamma_std=0.054719, arce_sample_gamma_mean=0.120503, arce_sampled_teacher_overlap_mean=0.733152, arce_sampler=marginal_topl, arce_teacher_missing_mass_mean=0.134399, arce_teacher_missing_mass_std=0.084558
09/05/2026,07:16:08: Training...
09/05/2026,07:16:09: Evaluating...
09/05/2026,07:16:09: 	Train Loss: 3444864.5000 (base: 168.2026, kd: 6889.3936), Elapsed: train 2.36 test 0.27
09/05/2026,07:16:09: 	Recall@10: 0.06951 Recall@20: 0.10109 NDCG@10: 0.04093 NDCG@20: 0.04956 
09/05/2026,07:16:09: 	Recall@10: 0.02784 Recall@20: 0.04382 NDCG@10: 0.01530 NDCG@20: 0.01962 
09/05/2026,07:16:09: ------------------------------
09/05/2026,07:16:09: valid Recall@10: 0.06868 Recall@20: 0.10197 NDCG@10: 0.04113 NDCG@20: 0.05024
09/05/2026,07:16:09: test Recall@10: 0.02796 Recall@20: 0.04256 NDCG@10: 0.01562 NDCG@20: 0.01966
