----------------------------------------TEACHER----------------------------------------
init_std                                 0.01
embedding_dim                            400
----------------------------------------TEACHER----------------------------------------
----------------------------------------STUDENT----------------------------------------
init_std                                 0.01
embedding_dim                            20
----------------------------------------STUDENT----------------------------------------
----------------------------------------ARGUMENTS----------------------------------------
run_all                                  False
seed                                     0
gpu_id                                   0
no_log                                   False
no_save                                  False
suffix                                   anchor_marginal_gmass_es20
verbose                                  False
ablation                                 False
task                                     rec
dataset                                  citeulike
batch_size                               2048
num_ns                                   1
neg_sampling_on_all                      False
T_backbone                               bpr
S_backbone                               bpr
model                                    arcekd
preload                                  False
postsave                                 False
train_teacher                            False
ckpt_interval                            -1
epochs                                   1000
lr                                       0.001
wd                                       1e-05
lmbda                                    500
srce_alpha                               1.0
srce_s                                   20.0
srce_eta                                 1.0
srce_Lu                                  20
srce_mode                                union
srce_kappa                               0.0
eval_period                              1
K_list                                   [10, 20]
early_stop_metric                        NDCG
early_stop_K                             20
early_stop_patience                      30
LOG_DIR                                  logs/
CONFIG_DIR                               configs/
DATA_DIR                                 data/
CKPT_DIR                                 checkpoints/
CRAFT_DIR                                crafts/
mkd_tau                                  1
mkd_K                                    50
mkd_L                                    50
mkd_T                                    10
mkd_mxK                                  200
mkd_beta                                 3
sample_rank                              False
arce_sampler                             marginal
arce_mix_alpha                           0.9
arce_gamma_mode                          teacher_mass
----------------------------------------ARGUMENTS----------------------------------------
Generating Top-K dict...
----------------------------------------Teacher----------------------------------------
09/05/2026,06:18:51: ------------------------------
09/05/2026,06:18:51: valid Recall@10: 0.06778 Recall@20: 0.10315 NDCG@10: 0.04052 NDCG@20: 0.05027
09/05/2026,06:18:51: test Recall@10: 0.02747 Recall@20: 0.04385 NDCG@10: 0.01551 NDCG@20: 0.02003
----------------------------------------------------------------------------------------
09/05/2026,06:18:51: Epoch [1/1000]
09/05/2026,06:18:51: Negative sampling...
09/05/2026,06:18:52: Model's personal time...
09/05/2026,06:18:52: Model diagnostics: arce_anchor_count_mean=0.112665, arce_blocker_budget_mean=49.887333, arce_blocker_entropy_mean=5.296090, arce_gamma_effective_beta=3.000000, arce_gamma_max=1.000001, arce_gamma_mean=0.993856, arce_gamma_min=0.341872, arce_gamma_mode=teacher_mass, arce_gamma_std=0.028082, arce_sample_gamma_mean=0.993461, arce_sampled_teacher_overlap_mean=0.002253, arce_teacher_missing_mass_mean=0.997778, arce_teacher_missing_mass_std=0.011310
09/05/2026,06:18:52: Training...
09/05/2026,06:18:54: Evaluating...
09/05/2026,06:18:54: 	Train Loss: 4616400.0000 (base: 1390.9974, kd: 9230.0186), Elapsed: train 2.72 test 0.32 *
09/05/2026,06:18:54: 	Recall@10: 0.01849 Recall@20: 0.02570 NDCG@10: 0.01173 NDCG@20: 0.01364 
09/05/2026,06:18:54: 	Recall@10: 0.00769 Recall@20: 0.00998 NDCG@10: 0.00464 NDCG@20: 0.00524 
09/05/2026,06:18:54: Epoch [2/1000]
09/05/2026,06:18:54: Negative sampling...
09/05/2026,06:18:55: Model's personal time...
09/05/2026,06:18:55: Model diagnostics: arce_anchor_count_mean=6.645909, arce_blocker_budget_mean=43.354092, arce_blocker_entropy_mean=5.234236, arce_gamma_effective_beta=3.000000, arce_gamma_max=1.000000, arce_gamma_mean=0.496107, arce_gamma_min=0.058350, arce_gamma_mode=teacher_mass, arce_gamma_std=0.263671, arce_sample_gamma_mean=0.707374, arce_sampled_teacher_overlap_mean=0.132918, arce_teacher_missing_mass_mean=0.713893, arce_teacher_missing_mass_std=0.196221
09/05/2026,06:18:55: Training...
09/05/2026,06:18:56: Evaluating...
09/05/2026,06:18:57: 	Train Loss: 4125492.7500 (base: 1381.6984, kd: 8248.2227), Elapsed: train 2.49 test 0.26 *
09/05/2026,06:18:57: 	Recall@10: 0.03144 Recall@20: 0.04398 NDCG@10: 0.02077 NDCG@20: 0.02417 
09/05/2026,06:18:57: 	Recall@10: 0.01219 Recall@20: 0.01978 NDCG@10: 0.00757 NDCG@20: 0.00964 
09/05/2026,06:18:57: Epoch [3/1000]
09/05/2026,06:18:57: Negative sampling...
09/05/2026,06:18:58: Model's personal time...
09/05/2026,06:18:58: Model diagnostics: arce_anchor_count_mean=10.866066, arce_blocker_budget_mean=39.133934, arce_blocker_entropy_mean=5.206332, arce_gamma_effective_beta=3.000000, arce_gamma_max=1.000000, arce_gamma_mean=0.374163, arce_gamma_min=0.056218, arce_gamma_mode=teacher_mass, arce_gamma_std=0.210076, arce_sample_gamma_mean=0.559938, arce_sampled_teacher_overlap_mean=0.217321, arce_teacher_missing_mass_mean=0.621939, arce_teacher_missing_mass_std=0.186397
09/05/2026,06:18:58: Training...
09/05/2026,06:18:59: Evaluating...
09/05/2026,06:18:59: 	Train Loss: 4029386.7500 (base: 1363.3218, kd: 8056.0464), Elapsed: train 2.46 test 0.30 *
09/05/2026,06:18:59: 	Recall@10: 0.03368 Recall@20: 0.04600 NDCG@10: 0.02278 NDCG@20: 0.02603 
09/05/2026,06:18:59: 	Recall@10: 0.01373 Recall@20: 0.02036 NDCG@10: 0.00850 NDCG@20: 0.01034 
09/05/2026,06:18:59: Epoch [4/1000]
09/05/2026,06:18:59: Negative sampling...
09/05/2026,06:19:01: Model's personal time...
09/05/2026,06:19:01: Model diagnostics: arce_anchor_count_mean=11.226289, arce_blocker_budget_mean=38.773712, arce_blocker_entropy_mean=5.203125, arce_gamma_effective_beta=3.000000, arce_gamma_max=1.000000, arce_gamma_mean=0.353391, arce_gamma_min=0.054459, arce_gamma_mode=teacher_mass, arce_gamma_std=0.185461, arce_sample_gamma_mean=0.540557, arce_sampled_teacher_overlap_mean=0.224526, arce_teacher_missing_mass_mean=0.609756, arce_teacher_missing_mass_std=0.172972
09/05/2026,06:19:01: Training...
09/05/2026,06:19:02: Evaluating...
09/05/2026,06:19:02: 	Train Loss: 3943713.2500 (base: 1339.9385, kd: 7884.7466), Elapsed: train 2.46 test 0.30 *
09/05/2026,06:19:02: 	Recall@10: 0.03551 Recall@20: 0.04970 NDCG@10: 0.02278 NDCG@20: 0.02657 
09/05/2026,06:19:02: 	Recall@10: 0.01309 Recall@20: 0.02165 NDCG@10: 0.00805 NDCG@20: 0.01046 
09/05/2026,06:19:02: Epoch [5/1000]
09/05/2026,06:19:02: Negative sampling...
09/05/2026,06:19:04: Model's personal time...
09/05/2026,06:19:04: Model diagnostics: arce_anchor_count_mean=12.742288, arce_blocker_budget_mean=37.257713, arce_blocker_entropy_mean=5.195148, arce_gamma_effective_beta=3.000000, arce_gamma_max=1.000000, arce_gamma_mean=0.326947, arce_gamma_min=0.053292, arce_gamma_mode=teacher_mass, arce_gamma_std=0.177010, arce_sample_gamma_mean=0.498543, arce_sampled_teacher_overlap_mean=0.254846, arce_teacher_missing_mass_mean=0.582408, arce_teacher_missing_mass_std=0.174386
09/05/2026,06:19:04: Training...
09/05/2026,06:19:05: Evaluating...
09/05/2026,06:19:05: 	Train Loss: 3840875.7500 (base: 1308.4739, kd: 7679.1338), Elapsed: train 2.90 test 0.27 *
09/05/2026,06:19:05: 	Recall@10: 0.03816 Recall@20: 0.05219 NDCG@10: 0.02470 NDCG@20: 0.02848 
09/05/2026,06:19:05: 	Recall@10: 0.01535 Recall@20: 0.02277 NDCG@10: 0.00911 NDCG@20: 0.01120 
09/05/2026,06:19:05: Epoch [6/1000]
09/05/2026,06:19:05: Negative sampling...
09/05/2026,06:19:07: Model's personal time...
09/05/2026,06:19:07: Model diagnostics: arce_anchor_count_mean=13.712013, arce_blocker_budget_mean=36.287987, arce_blocker_entropy_mean=5.189518, arce_gamma_effective_beta=3.000000, arce_gamma_max=1.000000, arce_gamma_mean=0.307538, arce_gamma_min=0.053310, arce_gamma_mode=teacher_mass, arce_gamma_std=0.167517, arce_sample_gamma_mean=0.472816, arce_sampled_teacher_overlap_mean=0.274240, arce_teacher_missing_mass_mean=0.562239, arce_teacher_missing_mass_std=0.173200
09/05/2026,06:19:07: Training...
09/05/2026,06:19:08: Evaluating...
09/05/2026,06:19:08: 	Train Loss: 3739962.0000 (base: 1272.8528, kd: 7477.3789), Elapsed: train 2.61 test 0.28 *
09/05/2026,06:19:08: 	Recall@10: 0.03880 Recall@20: 0.05810 NDCG@10: 0.02472 NDCG@20: 0.02991 
09/05/2026,06:19:08: 	Recall@10: 0.01506 Recall@20: 0.02342 NDCG@10: 0.00914 NDCG@20: 0.01145 
09/05/2026,06:19:08: Epoch [7/1000]
09/05/2026,06:19:08: Negative sampling...
09/05/2026,06:19:10: Model's personal time...
09/05/2026,06:19:10: Model diagnostics: arce_anchor_count_mean=14.652232, arce_blocker_budget_mean=35.347767, arce_blocker_entropy_mean=5.182437, arce_gamma_effective_beta=3.000000, arce_gamma_max=1.000000, arce_gamma_mean=0.294003, arce_gamma_min=0.053214, arce_gamma_mode=teacher_mass, arce_gamma_std=0.162553, arce_sample_gamma_mean=0.451051, arce_sampled_teacher_overlap_mean=0.293045, arce_teacher_missing_mass_mean=0.545729, arce_teacher_missing_mass_std=0.176275
09/05/2026,06:19:10: Training...
09/05/2026,06:19:11: Evaluating...
09/05/2026,06:19:11: 	Train Loss: 3653465.0000 (base: 1232.6171, kd: 7304.4648), Elapsed: train 2.66 test 0.34 *
09/05/2026,06:19:11: 	Recall@10: 0.04225 Recall@20: 0.05746 NDCG@10: 0.02606 NDCG@20: 0.03014 
09/05/2026,06:19:11: 	Recall@10: 0.01637 Recall@20: 0.02399 NDCG@10: 0.00931 NDCG@20: 0.01143 
09/05/2026,06:19:11: Epoch [8/1000]
09/05/2026,06:19:11: Negative sampling...
09/05/2026,06:19:13: Model's personal time...
09/05/2026,06:19:13: Model diagnostics: arce_anchor_count_mean=15.461966, arce_blocker_budget_mean=34.538033, arce_blocker_entropy_mean=5.174663, arce_gamma_effective_beta=3.000000, arce_gamma_max=1.000000, arce_gamma_mean=0.281510, arce_gamma_min=0.053073, arce_gamma_mode=teacher_mass, arce_gamma_std=0.158378, arce_sample_gamma_mean=0.432249, arce_sampled_teacher_overlap_mean=0.309239, arce_teacher_missing_mass_mean=0.530548, arce_teacher_missing_mass_std=0.176868
09/05/2026,06:19:13: Training...
09/05/2026,06:19:14: Evaluating...
09/05/2026,06:19:14: 	Train Loss: 3587303.5000 (base: 1189.8639, kd: 7172.2271), Elapsed: train 2.70 test 0.29 *
09/05/2026,06:19:14: 	Recall@10: 0.04339 Recall@20: 0.05940 NDCG@10: 0.02693 NDCG@20: 0.03127 
09/05/2026,06:19:14: 	Recall@10: 0.01682 Recall@20: 0.02549 NDCG@10: 0.00946 NDCG@20: 0.01184 
09/05/2026,06:19:14: Epoch [9/1000]
09/05/2026,06:19:14: Negative sampling...
09/05/2026,06:19:16: Model's personal time...
09/05/2026,06:19:16: Model diagnostics: arce_anchor_count_mean=16.330139, arce_blocker_budget_mean=33.669861, arce_blocker_entropy_mean=5.166434, arce_gamma_effective_beta=3.000000, arce_gamma_max=1.000000, arce_gamma_mean=0.269324, arce_gamma_min=0.052730, arce_gamma_mode=teacher_mass, arce_gamma_std=0.153931, arce_sample_gamma_mean=0.413110, arce_sampled_teacher_overlap_mean=0.326603, arce_teacher_missing_mass_mean=0.514771, arce_teacher_missing_mass_std=0.178533
09/05/2026,06:19:16: Training...
09/05/2026,06:19:17: Evaluating...
09/05/2026,06:19:17: 	Train Loss: 3539286.5000 (base: 1145.3098, kd: 7076.2822), Elapsed: train 2.35 test 0.26 *
09/05/2026,06:19:17: 	Recall@10: 0.04530 Recall@20: 0.06064 NDCG@10: 0.02784 NDCG@20: 0.03197 
09/05/2026,06:19:17: 	Recall@10: 0.01765 Recall@20: 0.02604 NDCG@10: 0.00989 NDCG@20: 0.01221 
09/05/2026,06:19:17: Epoch [10/1000]
09/05/2026,06:19:17: Negative sampling...
09/05/2026,06:19:18: Model's personal time...
09/05/2026,06:19:18: Model diagnostics: arce_anchor_count_mean=17.205212, arce_blocker_budget_mean=32.794788, arce_blocker_entropy_mean=5.158436, arce_gamma_effective_beta=3.000000, arce_gamma_max=1.000000, arce_gamma_mean=0.257179, arce_gamma_min=0.052518, arce_gamma_mode=teacher_mass, arce_gamma_std=0.148823, arce_sample_gamma_mean=0.394549, arce_sampled_teacher_overlap_mean=0.344104, arce_teacher_missing_mass_mean=0.498832, arce_teacher_missing_mass_std=0.178937
09/05/2026,06:19:18: Training...
09/05/2026,06:19:19: Evaluating...
09/05/2026,06:19:20: 	Train Loss: 3505874.7500 (base: 1099.9070, kd: 7009.5498), Elapsed: train 2.53 test 0.26 *
09/05/2026,06:19:20: 	Recall@10: 0.04702 Recall@20: 0.06401 NDCG@10: 0.02896 NDCG@20: 0.03355 
09/05/2026,06:19:20: 	Recall@10: 0.01822 Recall@20: 0.02802 NDCG@10: 0.01029 NDCG@20: 0.01301 
09/05/2026,06:19:20: Epoch [11/1000]
09/05/2026,06:19:20: Negative sampling...
09/05/2026,06:19:21: Model's personal time...
09/05/2026,06:19:21: Model diagnostics: arce_anchor_count_mean=18.006897, arce_blocker_budget_mean=31.993101, arce_blocker_entropy_mean=5.148537, arce_gamma_effective_beta=3.000000, arce_gamma_max=1.000000, arce_gamma_mean=0.246449, arce_gamma_min=0.052494, arce_gamma_mode=teacher_mass, arce_gamma_std=0.144125, arce_sample_gamma_mean=0.378173, arce_sampled_teacher_overlap_mean=0.360138, arce_teacher_missing_mass_mean=0.484231, arce_teacher_missing_mass_std=0.179064
09/05/2026,06:19:21: Training...
09/05/2026,06:19:22: Evaluating...
09/05/2026,06:19:23: 	Train Loss: 3481653.5000 (base: 1054.7982, kd: 6961.1978), Elapsed: train 2.64 test 0.27 *
09/05/2026,06:19:23: 	Recall@10: 0.04731 Recall@20: 0.06437 NDCG@10: 0.02928 NDCG@20: 0.03390 
09/05/2026,06:19:23: 	Recall@10: 0.01931 Recall@20: 0.02789 NDCG@10: 0.01080 NDCG@20: 0.01316 
09/05/2026,06:19:23: Epoch [12/1000]
09/05/2026,06:19:23: Negative sampling...
09/05/2026,06:19:24: Model's personal time...
09/05/2026,06:19:24: Model diagnostics: arce_anchor_count_mean=18.832726, arce_blocker_budget_mean=31.167273, arce_blocker_entropy_mean=5.140200, arce_gamma_effective_beta=3.000000, arce_gamma_max=1.000000, arce_gamma_mean=0.236313, arce_gamma_min=0.052427, arce_gamma_mode=teacher_mass, arce_gamma_std=0.140354, arce_sample_gamma_mean=0.362256, arce_sampled_teacher_overlap_mean=0.376655, arce_teacher_missing_mass_mean=0.469526, arce_teacher_missing_mass_std=0.179847
09/05/2026,06:19:24: Training...
09/05/2026,06:19:25: Evaluating...
09/05/2026,06:19:25: 	Train Loss: 3465682.5000 (base: 1013.7584, kd: 6929.3379), Elapsed: train 2.40 test 0.33 *
09/05/2026,06:19:25: 	Recall@10: 0.04841 Recall@20: 0.06692 NDCG@10: 0.02971 NDCG@20: 0.03469 
09/05/2026,06:19:25: 	Recall@10: 0.02106 Recall@20: 0.02957 NDCG@10: 0.01161 NDCG@20: 0.01393 
09/05/2026,06:19:25: Epoch [13/1000]
09/05/2026,06:19:25: Negative sampling...
09/05/2026,06:19:27: Model's personal time...
09/05/2026,06:19:27: Model diagnostics: arce_anchor_count_mean=19.496647, arce_blocker_budget_mean=30.503353, arce_blocker_entropy_mean=5.132496, arce_gamma_effective_beta=3.000000, arce_gamma_max=1.000000, arce_gamma_mean=0.227836, arce_gamma_min=0.052427, arce_gamma_mode=teacher_mass, arce_gamma_std=0.136818, arce_sample_gamma_mean=0.350038, arce_sampled_teacher_overlap_mean=0.389933, arce_teacher_missing_mass_mean=0.456937, arce_teacher_missing_mass_std=0.180114
09/05/2026,06:19:27: Training...
09/05/2026,06:19:28: Evaluating...
09/05/2026,06:19:28: 	Train Loss: 3450388.2500 (base: 976.0671, kd: 6898.8247), Elapsed: train 2.56 test 0.33 *
09/05/2026,06:19:28: 	Recall@10: 0.04852 Recall@20: 0.06945 NDCG@10: 0.03014 NDCG@20: 0.03581 
09/05/2026,06:19:28: 	Recall@10: 0.02097 Recall@20: 0.03048 NDCG@10: 0.01160 NDCG@20: 0.01412 
09/05/2026,06:19:28: Epoch [14/1000]
09/05/2026,06:19:28: Negative sampling...
09/05/2026,06:19:30: Model's personal time...
09/05/2026,06:19:30: Model diagnostics: arce_anchor_count_mean=20.220158, arce_blocker_budget_mean=29.779842, arce_blocker_entropy_mean=5.124578, arce_gamma_effective_beta=3.000000, arce_gamma_max=1.000000, arce_gamma_mean=0.218585, arce_gamma_min=0.052259, arce_gamma_mode=teacher_mass, arce_gamma_std=0.132053, arce_sample_gamma_mean=0.336958, arce_sampled_teacher_overlap_mean=0.404403, arce_teacher_missing_mass_mean=0.443158, arce_teacher_missing_mass_std=0.179507
09/05/2026,06:19:30: Training...
09/05/2026,06:19:31: Evaluating...
09/05/2026,06:19:31: 	Train Loss: 3440614.7500 (base: 938.9469, kd: 6879.3521), Elapsed: train 2.45 test 0.27 *
09/05/2026,06:19:31: 	Recall@10: 0.04970 Recall@20: 0.07107 NDCG@10: 0.03068 NDCG@20: 0.03642 
09/05/2026,06:19:31: 	Recall@10: 0.02169 Recall@20: 0.03076 NDCG@10: 0.01201 NDCG@20: 0.01446 
09/05/2026,06:19:31: Epoch [15/1000]
09/05/2026,06:19:31: Negative sampling...
09/05/2026,06:19:32: Model's personal time...
09/05/2026,06:19:32: Model diagnostics: arce_anchor_count_mean=20.816822, arce_blocker_budget_mean=29.183176, arce_blocker_entropy_mean=5.117531, arce_gamma_effective_beta=3.000000, arce_gamma_max=1.000000, arce_gamma_mean=0.211174, arce_gamma_min=0.052259, arce_gamma_mode=teacher_mass, arce_gamma_std=0.129374, arce_sample_gamma_mean=0.326236, arce_sampled_teacher_overlap_mean=0.416336, arce_teacher_missing_mass_mean=0.431302, arce_teacher_missing_mass_std=0.179241
09/05/2026,06:19:32: Training...
09/05/2026,06:19:34: Evaluating...
09/05/2026,06:19:34: 	Train Loss: 3432301.7500 (base: 906.6491, kd: 6862.7905), Elapsed: train 2.82 test 0.35 *
09/05/2026,06:19:34: 	Recall@10: 0.05020 Recall@20: 0.07502 NDCG@10: 0.03106 NDCG@20: 0.03776 
09/05/2026,06:19:34: 	Recall@10: 0.02213 Recall@20: 0.03176 NDCG@10: 0.01243 NDCG@20: 0.01503 
09/05/2026,06:19:34: Epoch [16/1000]
09/05/2026,06:19:34: Negative sampling...
09/05/2026,06:19:36: Model's personal time...
09/05/2026,06:19:36: Model diagnostics: arce_anchor_count_mean=21.450851, arce_blocker_budget_mean=28.549147, arce_blocker_entropy_mean=5.111682, arce_gamma_effective_beta=3.000000, arce_gamma_max=1.000000, arce_gamma_mean=0.203932, arce_gamma_min=0.052412, arce_gamma_mode=teacher_mass, arce_gamma_std=0.125469, arce_sample_gamma_mean=0.315551, arce_sampled_teacher_overlap_mean=0.429017, arce_teacher_missing_mass_mean=0.419571, arce_teacher_missing_mass_std=0.179248
09/05/2026,06:19:36: Training...
09/05/2026,06:19:37: Evaluating...
09/05/2026,06:19:37: 	Train Loss: 3425459.5000 (base: 873.8979, kd: 6849.1709), Elapsed: train 2.68 test 0.25 *
09/05/2026,06:19:37: 	Recall@10: 0.05064 Recall@20: 0.07561 NDCG@10: 0.03149 NDCG@20: 0.03817 
09/05/2026,06:19:37: 	Recall@10: 0.02332 Recall@20: 0.03368 NDCG@10: 0.01298 NDCG@20: 0.01577 
09/05/2026,06:19:37: Epoch [17/1000]
09/05/2026,06:19:37: Negative sampling...
09/05/2026,06:19:38: Model's personal time...
09/05/2026,06:19:38: Model diagnostics: arce_anchor_count_mean=21.942902, arce_blocker_budget_mean=28.057098, arce_blocker_entropy_mean=5.104766, arce_gamma_effective_beta=3.000000, arce_gamma_max=1.000000, arce_gamma_mean=0.197543, arce_gamma_min=0.051972, arce_gamma_mode=teacher_mass, arce_gamma_std=0.120642, arce_sample_gamma_mean=0.306889, arce_sampled_teacher_overlap_mean=0.438858, arce_teacher_missing_mass_mean=0.409733, arce_teacher_missing_mass_std=0.177812
09/05/2026,06:19:38: Training...
09/05/2026,06:19:40: Evaluating...
09/05/2026,06:19:40: 	Train Loss: 3417172.5000 (base: 847.2969, kd: 6832.6504), Elapsed: train 2.48 test 0.28 *
09/05/2026,06:19:40: 	Recall@10: 0.05077 Recall@20: 0.07680 NDCG@10: 0.03160 NDCG@20: 0.03866 
09/05/2026,06:19:40: 	Recall@10: 0.02217 Recall@20: 0.03320 NDCG@10: 0.01269 NDCG@20: 0.01569 
09/05/2026,06:19:40: Epoch [18/1000]
09/05/2026,06:19:40: Negative sampling...
09/05/2026,06:19:41: Model's personal time...
09/05/2026,06:19:41: Model diagnostics: arce_anchor_count_mean=22.477869, arce_blocker_budget_mean=27.522131, arce_blocker_entropy_mean=5.098740, arce_gamma_effective_beta=3.000000, arce_gamma_max=1.000000, arce_gamma_mean=0.191013, arce_gamma_min=0.051972, arce_gamma_mode=teacher_mass, arce_gamma_std=0.116356, arce_sample_gamma_mean=0.297955, arce_sampled_teacher_overlap_mean=0.449557, arce_teacher_missing_mass_mean=0.399039, arce_teacher_missing_mass_std=0.176733
09/05/2026,06:19:41: Training...
09/05/2026,06:19:42: Evaluating...
09/05/2026,06:19:43: 	Train Loss: 3413874.5000 (base: 824.6272, kd: 6826.1001), Elapsed: train 2.61 test 0.28 *
09/05/2026,06:19:43: 	Recall@10: 0.05370 Recall@20: 0.07864 NDCG@10: 0.03279 NDCG@20: 0.03956 
09/05/2026,06:19:43: 	Recall@10: 0.02280 Recall@20: 0.03445 NDCG@10: 0.01274 NDCG@20: 0.01589 
09/05/2026,06:19:43: Epoch [19/1000]
09/05/2026,06:19:43: Negative sampling...
09/05/2026,06:19:44: Model's personal time...
09/05/2026,06:19:44: Model diagnostics: arce_anchor_count_mean=22.927763, arce_blocker_budget_mean=27.072235, arce_blocker_entropy_mean=5.094820, arce_gamma_effective_beta=3.000000, arce_gamma_max=1.000000, arce_gamma_mean=0.186064, arce_gamma_min=0.051972, arce_gamma_mode=teacher_mass, arce_gamma_std=0.113242, arce_sample_gamma_mean=0.290902, arce_sampled_teacher_overlap_mean=0.458555, arce_teacher_missing_mass_mean=0.390490, arce_teacher_missing_mass_std=0.176243
09/05/2026,06:19:44: Training...
09/05/2026,06:19:45: Evaluating...
09/05/2026,06:19:46: 	Train Loss: 3408684.2500 (base: 798.0829, kd: 6815.7729), Elapsed: train 2.69 test 0.30 *
09/05/2026,06:19:46: 	Recall@10: 0.05430 Recall@20: 0.07981 NDCG@10: 0.03351 NDCG@20: 0.04045 
09/05/2026,06:19:46: 	Recall@10: 0.02291 Recall@20: 0.03406 NDCG@10: 0.01277 NDCG@20: 0.01580 
09/05/2026,06:19:46: Epoch [20/1000]
09/05/2026,06:19:46: Negative sampling...
09/05/2026,06:19:47: Model's personal time...
09/05/2026,06:19:47: Model diagnostics: arce_anchor_count_mean=23.326691, arce_blocker_budget_mean=26.673309, arce_blocker_entropy_mean=5.091108, arce_gamma_effective_beta=3.000000, arce_gamma_max=1.000000, arce_gamma_mean=0.180970, arce_gamma_min=0.051687, arce_gamma_mode=teacher_mass, arce_gamma_std=0.109885, arce_sample_gamma_mean=0.284241, arce_sampled_teacher_overlap_mean=0.466534, arce_teacher_missing_mass_mean=0.382102, arce_teacher_missing_mass_std=0.174216
09/05/2026,06:19:47: Training...
09/05/2026,06:19:48: Evaluating...
09/05/2026,06:19:49: 	Train Loss: 3405468.0000 (base: 775.2130, kd: 6809.3857), Elapsed: train 2.65 test 0.32 *
09/05/2026,06:19:49: 	Recall@10: 0.05631 Recall@20: 0.08074 NDCG@10: 0.03423 NDCG@20: 0.04094 
09/05/2026,06:19:49: 	Recall@10: 0.02325 Recall@20: 0.03550 NDCG@10: 0.01303 NDCG@20: 0.01634 
09/05/2026,06:19:49: Epoch [21/1000]
09/05/2026,06:19:49: Negative sampling...
09/05/2026,06:19:50: Model's personal time...
09/05/2026,06:19:50: Model diagnostics: arce_anchor_count_mean=23.718529, arce_blocker_budget_mean=26.281471, arce_blocker_entropy_mean=5.087162, arce_gamma_effective_beta=3.000000, arce_gamma_max=1.000000, arce_gamma_mean=0.176301, arce_gamma_min=0.051687, arce_gamma_mode=teacher_mass, arce_gamma_std=0.106078, arce_sample_gamma_mean=0.277962, arce_sampled_teacher_overlap_mean=0.474371, arce_teacher_missing_mass_mean=0.374279, arce_teacher_missing_mass_std=0.172505
09/05/2026,06:19:50: Training...
09/05/2026,06:19:51: Evaluating...
09/05/2026,06:19:52: 	Train Loss: 3401903.0000 (base: 752.5435, kd: 6802.3008), Elapsed: train 2.72 test 0.32 *
09/05/2026,06:19:52: 	Recall@10: 0.05736 Recall@20: 0.08165 NDCG@10: 0.03453 NDCG@20: 0.04119 
09/05/2026,06:19:52: 	Recall@10: 0.02334 Recall@20: 0.03540 NDCG@10: 0.01308 NDCG@20: 0.01631 
09/05/2026,06:19:52: Epoch [22/1000]
09/05/2026,06:19:52: Negative sampling...
09/05/2026,06:19:53: Model's personal time...
09/05/2026,06:19:53: Model diagnostics: arce_anchor_count_mean=24.053076, arce_blocker_budget_mean=25.946924, arce_blocker_entropy_mean=5.083211, arce_gamma_effective_beta=3.000000, arce_gamma_max=1.000000, arce_gamma_mean=0.171526, arce_gamma_min=0.051687, arce_gamma_mode=teacher_mass, arce_gamma_std=0.100728, arce_sample_gamma_mean=0.272345, arce_sampled_teacher_overlap_mean=0.481061, arce_teacher_missing_mass_mean=0.366750, arce_teacher_missing_mass_std=0.169739
09/05/2026,06:19:53: Training...
09/05/2026,06:19:54: Evaluating...
09/05/2026,06:19:54: 	Train Loss: 3398645.5000 (base: 734.9324, kd: 6795.8213), Elapsed: train 2.48 test 0.32 *
09/05/2026,06:19:54: 	Recall@10: 0.05824 Recall@20: 0.08306 NDCG@10: 0.03510 NDCG@20: 0.04196 
09/05/2026,06:19:54: 	Recall@10: 0.02373 Recall@20: 0.03575 NDCG@10: 0.01339 NDCG@20: 0.01663 
09/05/2026,06:19:54: Epoch [23/1000]
09/05/2026,06:19:54: Negative sampling...
09/05/2026,06:19:56: Model's personal time...
09/05/2026,06:19:56: Model diagnostics: arce_anchor_count_mean=24.354666, arce_blocker_budget_mean=25.645334, arce_blocker_entropy_mean=5.079475, arce_gamma_effective_beta=3.000000, arce_gamma_max=1.000000, arce_gamma_mean=0.167727, arce_gamma_min=0.051687, arce_gamma_mode=teacher_mass, arce_gamma_std=0.097917, arce_sample_gamma_mean=0.267652, arce_sampled_teacher_overlap_mean=0.487093, arce_teacher_missing_mass_mean=0.360075, arce_teacher_missing_mass_std=0.167969
09/05/2026,06:19:56: Training...
09/05/2026,06:19:57: Evaluating...
09/05/2026,06:19:57: 	Train Loss: 3395678.2500 (base: 715.1675, kd: 6789.9268), Elapsed: train 2.51 test 0.34 *
09/05/2026,06:19:57: 	Recall@10: 0.05908 Recall@20: 0.08468 NDCG@10: 0.03508 NDCG@20: 0.04209 
09/05/2026,06:19:57: 	Recall@10: 0.02452 Recall@20: 0.03610 NDCG@10: 0.01347 NDCG@20: 0.01662 
09/05/2026,06:19:57: Epoch [24/1000]
09/05/2026,06:19:57: Negative sampling...
09/05/2026,06:19:59: Model's personal time...
09/05/2026,06:19:59: Model diagnostics: arce_anchor_count_mean=24.643610, arce_blocker_budget_mean=25.356390, arce_blocker_entropy_mean=5.075459, arce_gamma_effective_beta=3.000000, arce_gamma_max=1.000000, arce_gamma_mean=0.164304, arce_gamma_min=0.051687, arce_gamma_mode=teacher_mass, arce_gamma_std=0.095260, arce_sample_gamma_mean=0.263142, arce_sampled_teacher_overlap_mean=0.492872, arce_teacher_missing_mass_mean=0.354002, arce_teacher_missing_mass_std=0.166261
09/05/2026,06:19:59: Training...
09/05/2026,06:20:00: Evaluating...
09/05/2026,06:20:00: 	Train Loss: 3393311.2500 (base: 697.7134, kd: 6785.2280), Elapsed: train 2.66 test 0.25 *
09/05/2026,06:20:00: 	Recall@10: 0.05917 Recall@20: 0.08452 NDCG@10: 0.03567 NDCG@20: 0.04265 
09/05/2026,06:20:00: 	Recall@10: 0.02475 Recall@20: 0.03562 NDCG@10: 0.01367 NDCG@20: 0.01664 
09/05/2026,06:20:00: Epoch [25/1000]
09/05/2026,06:20:00: Negative sampling...
09/05/2026,06:20:02: Model's personal time...
09/05/2026,06:20:02: Model diagnostics: arce_anchor_count_mean=24.923164, arce_blocker_budget_mean=25.076834, arce_blocker_entropy_mean=5.071935, arce_gamma_effective_beta=3.000000, arce_gamma_max=1.000000, arce_gamma_mean=0.160466, arce_gamma_min=0.051687, arce_gamma_mode=teacher_mass, arce_gamma_std=0.090596, arce_sample_gamma_mean=0.258675, arce_sampled_teacher_overlap_mean=0.498463, arce_teacher_missing_mass_mean=0.347592, arce_teacher_missing_mass_std=0.163788
09/05/2026,06:20:02: Training...
09/05/2026,06:20:03: Evaluating...
09/05/2026,06:20:03: 	Train Loss: 3391685.7500 (base: 681.3105, kd: 6782.0088), Elapsed: train 2.34 test 0.25 *
09/05/2026,06:20:03: 	Recall@10: 0.05959 Recall@20: 0.08573 NDCG@10: 0.03556 NDCG@20: 0.04277 
09/05/2026,06:20:03: 	Recall@10: 0.02465 Recall@20: 0.03560 NDCG@10: 0.01371 NDCG@20: 0.01665 
09/05/2026,06:20:03: Epoch [26/1000]
09/05/2026,06:20:03: Negative sampling...
09/05/2026,06:20:04: Model's personal time...
09/05/2026,06:20:04: Model diagnostics: arce_anchor_count_mean=25.183559, arce_blocker_budget_mean=24.816439, arce_blocker_entropy_mean=5.068331, arce_gamma_effective_beta=3.000000, arce_gamma_max=1.000000, arce_gamma_mean=0.157372, arce_gamma_min=0.051687, arce_gamma_mode=teacher_mass, arce_gamma_std=0.088585, arce_sample_gamma_mean=0.254805, arce_sampled_teacher_overlap_mean=0.503671, arce_teacher_missing_mass_mean=0.341680, arce_teacher_missing_mass_std=0.162483
09/05/2026,06:20:04: Training...
09/05/2026,06:20:05: Evaluating...
09/05/2026,06:20:06: 	Train Loss: 3390136.5000 (base: 666.1113, kd: 6778.9404), Elapsed: train 2.62 test 0.25 *
09/05/2026,06:20:06: 	Recall@10: 0.06087 Recall@20: 0.08585 NDCG@10: 0.03618 NDCG@20: 0.04308 
09/05/2026,06:20:06: 	Recall@10: 0.02430 Recall@20: 0.03527 NDCG@10: 0.01359 NDCG@20: 0.01663 
09/05/2026,06:20:06: Epoch [27/1000]
09/05/2026,06:20:06: Negative sampling...
09/05/2026,06:20:07: Model's personal time...
09/05/2026,06:20:07: Model diagnostics: arce_anchor_count_mean=25.428625, arce_blocker_budget_mean=24.571373, arce_blocker_entropy_mean=5.064778, arce_gamma_effective_beta=3.000000, arce_gamma_max=0.964223, arce_gamma_mean=0.154391, arce_gamma_min=0.051687, arce_gamma_mode=teacher_mass, arce_gamma_std=0.085162, arce_sample_gamma_mean=0.251160, arce_sampled_teacher_overlap_mean=0.508572, arce_teacher_missing_mass_mean=0.336296, arce_teacher_missing_mass_std=0.160739
09/05/2026,06:20:07: Training...
09/05/2026,06:20:08: Evaluating...
09/05/2026,06:20:09: 	Train Loss: 3388651.7500 (base: 651.3067, kd: 6776.0005), Elapsed: train 2.57 test 0.25 *
09/05/2026,06:20:09: 	Recall@10: 0.06147 Recall@20: 0.08682 NDCG@10: 0.03642 NDCG@20: 0.04344 
09/05/2026,06:20:09: 	Recall@10: 0.02529 Recall@20: 0.03586 NDCG@10: 0.01399 NDCG@20: 0.01688 
09/05/2026,06:20:09: Epoch [28/1000]
09/05/2026,06:20:09: Negative sampling...
09/05/2026,06:20:10: Model's personal time...
09/05/2026,06:20:10: Model diagnostics: arce_anchor_count_mean=25.666986, arce_blocker_budget_mean=24.333014, arce_blocker_entropy_mean=5.061598, arce_gamma_effective_beta=3.000000, arce_gamma_max=1.000000, arce_gamma_mean=0.151396, arce_gamma_min=0.051648, arce_gamma_mode=teacher_mass, arce_gamma_std=0.082584, arce_sample_gamma_mean=0.247510, arce_sampled_teacher_overlap_mean=0.513340, arce_teacher_missing_mass_mean=0.330737, arce_teacher_missing_mass_std=0.158836
09/05/2026,06:20:10: Training...
09/05/2026,06:20:11: Evaluating...
09/05/2026,06:20:11: 	Train Loss: 3386250.5000 (base: 637.1023, kd: 6771.2261), Elapsed: train 2.50 test 0.26 *
09/05/2026,06:20:11: 	Recall@10: 0.06189 Recall@20: 0.08815 NDCG@10: 0.03687 NDCG@20: 0.04415 
09/05/2026,06:20:11: 	Recall@10: 0.02490 Recall@20: 0.03637 NDCG@10: 0.01385 NDCG@20: 0.01701 
09/05/2026,06:20:11: Epoch [29/1000]
09/05/2026,06:20:11: Negative sampling...
09/05/2026,06:20:13: Model's personal time...
09/05/2026,06:20:13: Model diagnostics: arce_anchor_count_mean=25.892891, arce_blocker_budget_mean=24.107109, arce_blocker_entropy_mean=5.058975, arce_gamma_effective_beta=3.000000, arce_gamma_max=1.000000, arce_gamma_mean=0.148725, arce_gamma_min=0.051648, arce_gamma_mode=teacher_mass, arce_gamma_std=0.080473, arce_sample_gamma_mean=0.244187, arce_sampled_teacher_overlap_mean=0.517858, arce_teacher_missing_mass_mean=0.325668, arce_teacher_missing_mass_std=0.156979
09/05/2026,06:20:13: Training...
09/05/2026,06:20:14: Evaluating...
09/05/2026,06:20:14: 	Train Loss: 3384638.0000 (base: 624.7687, kd: 6768.0269), Elapsed: train 2.52 test 0.27
09/05/2026,06:20:14: 	Recall@10: 0.06249 Recall@20: 0.08820 NDCG@10: 0.03672 NDCG@20: 0.04385 
09/05/2026,06:20:14: 	Recall@10: 0.02540 Recall@20: 0.03676 NDCG@10: 0.01414 NDCG@20: 0.01724 
09/05/2026,06:20:14: Epoch [30/1000]
09/05/2026,06:20:14: Negative sampling...
09/05/2026,06:20:16: Model's personal time...
09/05/2026,06:20:16: Model diagnostics: arce_anchor_count_mean=26.119371, arce_blocker_budget_mean=23.880629, arce_blocker_entropy_mean=5.056391, arce_gamma_effective_beta=3.000000, arce_gamma_max=0.937964, arce_gamma_mean=0.146187, arce_gamma_min=0.051648, arce_gamma_mode=teacher_mass, arce_gamma_std=0.077644, arce_sample_gamma_mean=0.240982, arce_sampled_teacher_overlap_mean=0.522387, arce_teacher_missing_mass_mean=0.320792, arce_teacher_missing_mass_std=0.155377
09/05/2026,06:20:16: Training...
09/05/2026,06:20:17: Evaluating...
09/05/2026,06:20:17: 	Train Loss: 3384316.7500 (base: 610.8123, kd: 6767.4116), Elapsed: train 2.69 test 0.27 *
09/05/2026,06:20:17: 	Recall@10: 0.06286 Recall@20: 0.08939 NDCG@10: 0.03714 NDCG@20: 0.04449 
09/05/2026,06:20:17: 	Recall@10: 0.02590 Recall@20: 0.03661 NDCG@10: 0.01430 NDCG@20: 0.01723 
09/05/2026,06:20:17: Epoch [31/1000]
09/05/2026,06:20:17: Negative sampling...
09/05/2026,06:20:18: Model's personal time...
09/05/2026,06:20:18: Model diagnostics: arce_anchor_count_mean=26.343935, arce_blocker_budget_mean=23.656065, arce_blocker_entropy_mean=5.053924, arce_gamma_effective_beta=3.000000, arce_gamma_max=0.698899, arce_gamma_mean=0.143523, arce_gamma_min=0.051687, arce_gamma_mode=teacher_mass, arce_gamma_std=0.074698, arce_sample_gamma_mean=0.237717, arce_sampled_teacher_overlap_mean=0.526879, arce_teacher_missing_mass_mean=0.315708, arce_teacher_missing_mass_std=0.153407
09/05/2026,06:20:18: Training...
09/05/2026,06:20:20: Evaluating...
09/05/2026,06:20:20: 	Train Loss: 3383886.2500 (base: 600.3525, kd: 6766.5713), Elapsed: train 2.71 test 0.28
09/05/2026,06:20:20: 	Recall@10: 0.06353 Recall@20: 0.08953 NDCG@10: 0.03726 NDCG@20: 0.04442 
09/05/2026,06:20:20: 	Recall@10: 0.02589 Recall@20: 0.03660 NDCG@10: 0.01423 NDCG@20: 0.01719 
09/05/2026,06:20:20: Epoch [32/1000]
09/05/2026,06:20:20: Negative sampling...
09/05/2026,06:20:21: Model's personal time...
09/05/2026,06:20:21: Model diagnostics: arce_anchor_count_mean=26.543781, arce_blocker_budget_mean=23.456217, arce_blocker_entropy_mean=5.050739, arce_gamma_effective_beta=3.000000, arce_gamma_max=0.832681, arce_gamma_mean=0.141474, arce_gamma_min=0.051181, arce_gamma_mode=teacher_mass, arce_gamma_std=0.073623, arce_sample_gamma_mean=0.234888, arce_sampled_teacher_overlap_mean=0.530876, arce_teacher_missing_mass_mean=0.311372, arce_teacher_missing_mass_std=0.152220
09/05/2026,06:20:21: Training...
09/05/2026,06:20:23: Evaluating...
09/05/2026,06:20:23: 	Train Loss: 3383133.2500 (base: 589.3534, kd: 6765.0879), Elapsed: train 2.66 test 0.26 *
09/05/2026,06:20:23: 	Recall@10: 0.06360 Recall@20: 0.09003 NDCG@10: 0.03739 NDCG@20: 0.04460 
09/05/2026,06:20:23: 	Recall@10: 0.02544 Recall@20: 0.03736 NDCG@10: 0.01400 NDCG@20: 0.01730 
09/05/2026,06:20:23: Epoch [33/1000]
09/05/2026,06:20:23: Negative sampling...
09/05/2026,06:20:24: Model's personal time...
09/05/2026,06:20:24: Model diagnostics: arce_anchor_count_mean=26.726383, arce_blocker_budget_mean=23.273615, arce_blocker_entropy_mean=5.048363, arce_gamma_effective_beta=3.000000, arce_gamma_max=0.802890, arce_gamma_mean=0.139422, arce_gamma_min=0.051181, arce_gamma_mode=teacher_mass, arce_gamma_std=0.071823, arce_sample_gamma_mean=0.232154, arce_sampled_teacher_overlap_mean=0.534528, arce_teacher_missing_mass_mean=0.307245, arce_teacher_missing_mass_std=0.150586
09/05/2026,06:20:24: Training...
09/05/2026,06:20:25: Evaluating...
09/05/2026,06:20:26: 	Train Loss: 3381948.0000 (base: 577.4202, kd: 6762.7407), Elapsed: train 2.37 test 0.34
09/05/2026,06:20:26: 	Recall@10: 0.06334 Recall@20: 0.08918 NDCG@10: 0.03732 NDCG@20: 0.04444 
09/05/2026,06:20:26: 	Recall@10: 0.02581 Recall@20: 0.03741 NDCG@10: 0.01420 NDCG@20: 0.01737 
09/05/2026,06:20:26: Epoch [34/1000]
09/05/2026,06:20:26: Negative sampling...
09/05/2026,06:20:27: Model's personal time...
09/05/2026,06:20:27: Model diagnostics: arce_anchor_count_mean=26.914160, arce_blocker_budget_mean=23.085840, arce_blocker_entropy_mean=5.045046, arce_gamma_effective_beta=3.000000, arce_gamma_max=0.966186, arce_gamma_mean=0.137591, arce_gamma_min=0.051614, arce_gamma_mode=teacher_mass, arce_gamma_std=0.070613, arce_sample_gamma_mean=0.229638, arce_sampled_teacher_overlap_mean=0.538283, arce_teacher_missing_mass_mean=0.303362, arce_teacher_missing_mass_std=0.149423
09/05/2026,06:20:27: Training...
09/05/2026,06:20:28: Evaluating...
09/05/2026,06:20:29: 	Train Loss: 3382569.7500 (base: 566.3309, kd: 6764.0073), Elapsed: train 2.56 test 0.26 *
09/05/2026,06:20:29: 	Recall@10: 0.06374 Recall@20: 0.09044 NDCG@10: 0.03749 NDCG@20: 0.04488 
09/05/2026,06:20:29: 	Recall@10: 0.02571 Recall@20: 0.03718 NDCG@10: 0.01418 NDCG@20: 0.01732 
09/05/2026,06:20:29: Epoch [35/1000]
09/05/2026,06:20:29: Negative sampling...
09/05/2026,06:20:30: Model's personal time...
09/05/2026,06:20:30: Model diagnostics: arce_anchor_count_mean=27.092546, arce_blocker_budget_mean=22.907454, arce_blocker_entropy_mean=5.042950, arce_gamma_effective_beta=3.000000, arce_gamma_max=0.964133, arce_gamma_mean=0.135847, arce_gamma_min=0.051181, arce_gamma_mode=teacher_mass, arce_gamma_std=0.068923, arce_sample_gamma_mean=0.227273, arce_sampled_teacher_overlap_mean=0.541851, arce_teacher_missing_mass_mean=0.299622, arce_teacher_missing_mass_std=0.148438
09/05/2026,06:20:30: Training...
09/05/2026,06:20:31: Evaluating...
09/05/2026,06:20:31: 	Train Loss: 3381650.5000 (base: 557.8000, kd: 6762.1855), Elapsed: train 2.72 test 0.27
09/05/2026,06:20:31: 	Recall@10: 0.06440 Recall@20: 0.08948 NDCG@10: 0.03795 NDCG@20: 0.04486 
09/05/2026,06:20:31: 	Recall@10: 0.02523 Recall@20: 0.03733 NDCG@10: 0.01400 NDCG@20: 0.01730 
09/05/2026,06:20:31: Epoch [36/1000]
09/05/2026,06:20:31: Negative sampling...
09/05/2026,06:20:33: Model's personal time...
09/05/2026,06:20:33: Model diagnostics: arce_anchor_count_mean=27.264801, arce_blocker_budget_mean=22.735199, arce_blocker_entropy_mean=5.039685, arce_gamma_effective_beta=3.000000, arce_gamma_max=0.936058, arce_gamma_mean=0.133964, arce_gamma_min=0.051421, arce_gamma_mode=teacher_mass, arce_gamma_std=0.067155, arce_sample_gamma_mean=0.224794, arce_sampled_teacher_overlap_mean=0.545296, arce_teacher_missing_mass_mean=0.295783, arce_teacher_missing_mass_std=0.146688
09/05/2026,06:20:33: Training...
09/05/2026,06:20:34: Evaluating...
09/05/2026,06:20:34: 	Train Loss: 3381320.5000 (base: 546.1017, kd: 6761.5483), Elapsed: train 2.52 test 0.32 *
09/05/2026,06:20:34: 	Recall@10: 0.06394 Recall@20: 0.09076 NDCG@10: 0.03790 NDCG@20: 0.04523 
09/05/2026,06:20:34: 	Recall@10: 0.02552 Recall@20: 0.03754 NDCG@10: 0.01407 NDCG@20: 0.01734 
09/05/2026,06:20:34: Epoch [37/1000]
09/05/2026,06:20:34: Negative sampling...
09/05/2026,06:20:36: Model's personal time...
09/05/2026,06:20:36: Model diagnostics: arce_anchor_count_mean=27.412531, arce_blocker_budget_mean=22.587469, arce_blocker_entropy_mean=5.037879, arce_gamma_effective_beta=3.000000, arce_gamma_max=1.000000, arce_gamma_mean=0.132608, arce_gamma_min=0.051181, arce_gamma_mode=teacher_mass, arce_gamma_std=0.066784, arce_sample_gamma_mean=0.222822, arce_sampled_teacher_overlap_mean=0.548251, arce_teacher_missing_mass_mean=0.292584, arce_teacher_missing_mass_std=0.146018
09/05/2026,06:20:36: Training...
09/05/2026,06:20:37: Evaluating...
09/05/2026,06:20:37: 	Train Loss: 3380174.5000 (base: 534.4189, kd: 6759.2803), Elapsed: train 2.74 test 0.31
09/05/2026,06:20:37: 	Recall@10: 0.06427 Recall@20: 0.09093 NDCG@10: 0.03778 NDCG@20: 0.04506 
09/05/2026,06:20:37: 	Recall@10: 0.02563 Recall@20: 0.03785 NDCG@10: 0.01411 NDCG@20: 0.01743 
09/05/2026,06:20:37: Epoch [38/1000]
09/05/2026,06:20:37: Negative sampling...
09/05/2026,06:20:39: Model's personal time...
09/05/2026,06:20:39: Model diagnostics: arce_anchor_count_mean=27.564667, arce_blocker_budget_mean=22.435331, arce_blocker_entropy_mean=5.034623, arce_gamma_effective_beta=3.000000, arce_gamma_max=1.000000, arce_gamma_mean=0.131173, arce_gamma_min=0.050795, arce_gamma_mode=teacher_mass, arce_gamma_std=0.065432, arce_sample_gamma_mean=0.220618, arce_sampled_teacher_overlap_mean=0.551293, arce_teacher_missing_mass_mean=0.289524, arce_teacher_missing_mass_std=0.144766
09/05/2026,06:20:39: Training...
09/05/2026,06:20:40: Evaluating...
09/05/2026,06:20:40: 	Train Loss: 3380206.2500 (base: 528.5870, kd: 6759.3560), Elapsed: train 2.78 test 0.33 *
09/05/2026,06:20:40: 	Recall@10: 0.06417 Recall@20: 0.09187 NDCG@10: 0.03782 NDCG@20: 0.04536 
09/05/2026,06:20:40: 	Recall@10: 0.02498 Recall@20: 0.03827 NDCG@10: 0.01393 NDCG@20: 0.01754 
09/05/2026,06:20:40: Epoch [39/1000]
09/05/2026,06:20:40: Negative sampling...
09/05/2026,06:20:42: Model's personal time...
09/05/2026,06:20:42: Model diagnostics: arce_anchor_count_mean=27.720253, arce_blocker_budget_mean=22.279747, arce_blocker_entropy_mean=5.032121, arce_gamma_effective_beta=3.000000, arce_gamma_max=1.000000, arce_gamma_mean=0.129811, arce_gamma_min=0.050800, arce_gamma_mode=teacher_mass, arce_gamma_std=0.064406, arce_sample_gamma_mean=0.218546, arce_sampled_teacher_overlap_mean=0.554405, arce_teacher_missing_mass_mean=0.286494, arce_teacher_missing_mass_std=0.143718
09/05/2026,06:20:42: Training...
09/05/2026,06:20:43: Evaluating...
09/05/2026,06:20:43: 	Train Loss: 3379970.7500 (base: 518.9293, kd: 6758.9043), Elapsed: train 2.56 test 0.28
09/05/2026,06:20:43: 	Recall@10: 0.06374 Recall@20: 0.09157 NDCG@10: 0.03778 NDCG@20: 0.04535 
09/05/2026,06:20:43: 	Recall@10: 0.02542 Recall@20: 0.03822 NDCG@10: 0.01408 NDCG@20: 0.01759 
09/05/2026,06:20:43: Epoch [40/1000]
09/05/2026,06:20:43: Negative sampling...
09/05/2026,06:20:45: Model's personal time...
09/05/2026,06:20:45: Model diagnostics: arce_anchor_count_mean=27.855911, arce_blocker_budget_mean=22.144089, arce_blocker_entropy_mean=5.029005, arce_gamma_effective_beta=3.000000, arce_gamma_max=0.936058, arce_gamma_mean=0.128495, arce_gamma_min=0.050795, arce_gamma_mode=teacher_mass, arce_gamma_std=0.063211, arce_sample_gamma_mean=0.216684, arce_sampled_teacher_overlap_mean=0.557118, arce_teacher_missing_mass_mean=0.283580, arce_teacher_missing_mass_std=0.142639
09/05/2026,06:20:45: Training...
09/05/2026,06:20:46: Evaluating...
09/05/2026,06:20:46: 	Train Loss: 3381058.2500 (base: 513.5574, kd: 6761.0898), Elapsed: train 2.57 test 0.27 *
09/05/2026,06:20:46: 	Recall@10: 0.06397 Recall@20: 0.09148 NDCG@10: 0.03809 NDCG@20: 0.04555 
09/05/2026,06:20:46: 	Recall@10: 0.02507 Recall@20: 0.03836 NDCG@10: 0.01400 NDCG@20: 0.01761 
09/05/2026,06:20:46: Epoch [41/1000]
09/05/2026,06:20:46: Negative sampling...
09/05/2026,06:20:48: Model's personal time...
09/05/2026,06:20:48: Model diagnostics: arce_anchor_count_mean=27.993484, arce_blocker_budget_mean=22.006514, arce_blocker_entropy_mean=5.026094, arce_gamma_effective_beta=3.000000, arce_gamma_max=0.936058, arce_gamma_mean=0.127246, arce_gamma_min=0.050800, arce_gamma_mode=teacher_mass, arce_gamma_std=0.062328, arce_sample_gamma_mean=0.214883, arce_sampled_teacher_overlap_mean=0.559870, arce_teacher_missing_mass_mean=0.280657, arce_teacher_missing_mass_std=0.141823
09/05/2026,06:20:48: Training...
09/05/2026,06:20:49: Evaluating...
09/05/2026,06:20:49: 	Train Loss: 3380739.2500 (base: 503.1298, kd: 6760.4717), Elapsed: train 2.47 test 0.27 *
09/05/2026,06:20:49: 	Recall@10: 0.06440 Recall@20: 0.09219 NDCG@10: 0.03811 NDCG@20: 0.04568 
09/05/2026,06:20:49: 	Recall@10: 0.02535 Recall@20: 0.03853 NDCG@10: 0.01404 NDCG@20: 0.01762 
09/05/2026,06:20:49: Epoch [42/1000]
09/05/2026,06:20:49: Negative sampling...
09/05/2026,06:20:50: Model's personal time...
09/05/2026,06:20:50: Model diagnostics: arce_anchor_count_mean=28.112473, arce_blocker_budget_mean=21.887526, arce_blocker_entropy_mean=5.023539, arce_gamma_effective_beta=3.000000, arce_gamma_max=0.854854, arce_gamma_mean=0.126247, arce_gamma_min=0.050763, arce_gamma_mode=teacher_mass, arce_gamma_std=0.061522, arce_sample_gamma_mean=0.213396, arce_sampled_teacher_overlap_mean=0.562249, arce_teacher_missing_mass_mean=0.278284, arce_teacher_missing_mass_std=0.141219
09/05/2026,06:20:50: Training...
09/05/2026,06:20:52: Evaluating...
09/05/2026,06:20:52: 	Train Loss: 3380040.7500 (base: 497.4410, kd: 6759.0864), Elapsed: train 2.66 test 0.27 *
09/05/2026,06:20:52: 	Recall@10: 0.06368 Recall@20: 0.09158 NDCG@10: 0.03813 NDCG@20: 0.04570 
09/05/2026,06:20:52: 	Recall@10: 0.02523 Recall@20: 0.03906 NDCG@10: 0.01393 NDCG@20: 0.01767 
09/05/2026,06:20:52: Epoch [43/1000]
09/05/2026,06:20:52: Negative sampling...
09/05/2026,06:20:53: Model's personal time...
09/05/2026,06:20:53: Model diagnostics: arce_anchor_count_mean=28.254263, arce_blocker_budget_mean=21.745737, arce_blocker_entropy_mean=5.020913, arce_gamma_effective_beta=3.000000, arce_gamma_max=0.828336, arce_gamma_mean=0.125147, arce_gamma_min=0.050763, arce_gamma_mode=teacher_mass, arce_gamma_std=0.060845, arce_sample_gamma_mean=0.211551, arce_sampled_teacher_overlap_mean=0.565085, arce_teacher_missing_mass_mean=0.275602, arce_teacher_missing_mass_std=0.140578
09/05/2026,06:20:53: Training...
09/05/2026,06:20:54: Evaluating...
09/05/2026,06:20:55: 	Train Loss: 3380467.5000 (base: 488.5728, kd: 6759.9585), Elapsed: train 2.50 test 0.33 *
09/05/2026,06:20:55: 	Recall@10: 0.06333 Recall@20: 0.09228 NDCG@10: 0.03804 NDCG@20: 0.04591 
09/05/2026,06:20:55: 	Recall@10: 0.02498 Recall@20: 0.03873 NDCG@10: 0.01398 NDCG@20: 0.01772 
09/05/2026,06:20:55: Epoch [44/1000]
09/05/2026,06:20:55: Negative sampling...
09/05/2026,06:20:56: Model's personal time...
09/05/2026,06:20:56: Model diagnostics: arce_anchor_count_mean=28.389154, arce_blocker_budget_mean=21.610846, arce_blocker_entropy_mean=5.018328, arce_gamma_effective_beta=3.000000, arce_gamma_max=0.770487, arce_gamma_mean=0.123941, arce_gamma_min=0.050763, arce_gamma_mode=teacher_mass, arce_gamma_std=0.059691, arce_sample_gamma_mean=0.209788, arce_sampled_teacher_overlap_mean=0.567783, arce_teacher_missing_mass_mean=0.272845, arce_teacher_missing_mass_std=0.139545
09/05/2026,06:20:56: Training...
09/05/2026,06:20:57: Evaluating...
09/05/2026,06:20:58: 	Train Loss: 3381600.2500 (base: 481.8112, kd: 6762.2373), Elapsed: train 2.64 test 0.26 *
09/05/2026,06:20:58: 	Recall@10: 0.06355 Recall@20: 0.09160 NDCG@10: 0.03835 NDCG@20: 0.04597 
09/05/2026,06:20:58: 	Recall@10: 0.02543 Recall@20: 0.03864 NDCG@10: 0.01414 NDCG@20: 0.01775 
09/05/2026,06:20:58: Epoch [45/1000]
09/05/2026,06:20:58: Negative sampling...
09/05/2026,06:20:59: Model's personal time...
09/05/2026,06:20:59: Model diagnostics: arce_anchor_count_mean=28.530945, arce_blocker_budget_mean=21.469055, arce_blocker_entropy_mean=5.015545, arce_gamma_effective_beta=3.000000, arce_gamma_max=0.764560, arce_gamma_mean=0.122648, arce_gamma_min=0.050763, arce_gamma_mode=teacher_mass, arce_gamma_std=0.058579, arce_sample_gamma_mean=0.207984, arce_sampled_teacher_overlap_mean=0.570619, arce_teacher_missing_mass_mean=0.269848, arce_teacher_missing_mass_std=0.138437
09/05/2026,06:20:59: Training...
09/05/2026,06:21:00: Evaluating...
09/05/2026,06:21:00: 	Train Loss: 3381407.5000 (base: 475.4939, kd: 6761.8643), Elapsed: train 2.46 test 0.26
09/05/2026,06:21:00: 	Recall@10: 0.06368 Recall@20: 0.09172 NDCG@10: 0.03817 NDCG@20: 0.04577 
09/05/2026,06:21:00: 	Recall@10: 0.02488 Recall@20: 0.03869 NDCG@10: 0.01411 NDCG@20: 0.01786 
09/05/2026,06:21:00: Epoch [46/1000]
09/05/2026,06:21:00: Negative sampling...
09/05/2026,06:21:02: Model's personal time...
09/05/2026,06:21:02: Model diagnostics: arce_anchor_count_mean=28.645525, arce_blocker_budget_mean=21.354473, arce_blocker_entropy_mean=5.012948, arce_gamma_effective_beta=3.000000, arce_gamma_max=0.930317, arce_gamma_mean=0.121501, arce_gamma_min=0.050763, arce_gamma_mode=teacher_mass, arce_gamma_std=0.057605, arce_sample_gamma_mean=0.206459, arce_sampled_teacher_overlap_mean=0.572910, arce_teacher_missing_mass_mean=0.267293, arce_teacher_missing_mass_std=0.137156
09/05/2026,06:21:02: Training...
09/05/2026,06:21:03: Evaluating...
09/05/2026,06:21:03: 	Train Loss: 3381416.7500 (base: 466.3905, kd: 6761.9004), Elapsed: train 2.58 test 0.27 *
09/05/2026,06:21:03: 	Recall@10: 0.06353 Recall@20: 0.09185 NDCG@10: 0.03834 NDCG@20: 0.04599 
09/05/2026,06:21:03: 	Recall@10: 0.02533 Recall@20: 0.03880 NDCG@10: 0.01411 NDCG@20: 0.01780 
09/05/2026,06:21:03: Epoch [47/1000]
09/05/2026,06:21:03: Negative sampling...
09/05/2026,06:21:05: Model's personal time...
09/05/2026,06:21:05: Model diagnostics: arce_anchor_count_mean=28.776201, arce_blocker_budget_mean=21.223797, arce_blocker_entropy_mean=5.010443, arce_gamma_effective_beta=3.000000, arce_gamma_max=0.970790, arce_gamma_mean=0.120509, arce_gamma_min=0.050335, arce_gamma_mode=teacher_mass, arce_gamma_std=0.056824, arce_sample_gamma_mean=0.204840, arce_sampled_teacher_overlap_mean=0.575524, arce_teacher_missing_mass_mean=0.264889, arce_teacher_missing_mass_std=0.136399
09/05/2026,06:21:05: Training...
09/05/2026,06:21:06: Evaluating...
09/05/2026,06:21:06: 	Train Loss: 3381627.2500 (base: 458.5975, kd: 6762.3374), Elapsed: train 2.58 test 0.28 *
09/05/2026,06:21:06: 	Recall@10: 0.06398 Recall@20: 0.09169 NDCG@10: 0.03861 NDCG@20: 0.04617 
09/05/2026,06:21:06: 	Recall@10: 0.02541 Recall@20: 0.03898 NDCG@10: 0.01417 NDCG@20: 0.01789 
09/05/2026,06:21:06: Epoch [48/1000]
09/05/2026,06:21:06: Negative sampling...
09/05/2026,06:21:07: Model's personal time...
09/05/2026,06:21:07: Model diagnostics: arce_anchor_count_mean=28.892891, arce_blocker_budget_mean=21.107109, arce_blocker_entropy_mean=5.007836, arce_gamma_effective_beta=3.000000, arce_gamma_max=0.886151, arce_gamma_mean=0.119566, arce_gamma_min=0.050335, arce_gamma_mode=teacher_mass, arce_gamma_std=0.055951, arce_sample_gamma_mean=0.203451, arce_sampled_teacher_overlap_mean=0.577858, arce_teacher_missing_mass_mean=0.262598, arce_teacher_missing_mass_std=0.135676
09/05/2026,06:21:07: Training...
09/05/2026,06:21:09: Evaluating...
09/05/2026,06:21:09: 	Train Loss: 3381035.0000 (base: 454.5534, kd: 6761.1616), Elapsed: train 2.51 test 0.28
09/05/2026,06:21:09: 	Recall@10: 0.06347 Recall@20: 0.09251 NDCG@10: 0.03824 NDCG@20: 0.04615 
09/05/2026,06:21:09: 	Recall@10: 0.02559 Recall@20: 0.03935 NDCG@10: 0.01418 NDCG@20: 0.01792 
09/05/2026,06:21:09: Epoch [49/1000]
09/05/2026,06:21:09: Negative sampling...
09/05/2026,06:21:10: Model's personal time...
09/05/2026,06:21:10: Model diagnostics: arce_anchor_count_mean=29.022226, arce_blocker_budget_mean=20.977774, arce_blocker_entropy_mean=5.004855, arce_gamma_effective_beta=3.000000, arce_gamma_max=0.730527, arce_gamma_mean=0.118494, arce_gamma_min=0.050335, arce_gamma_mode=teacher_mass, arce_gamma_std=0.054511, arce_sample_gamma_mean=0.201797, arce_sampled_teacher_overlap_mean=0.580445, arce_teacher_missing_mass_mean=0.260143, arce_teacher_missing_mass_std=0.134604
09/05/2026,06:21:10: Training...
09/05/2026,06:21:11: Evaluating...
09/05/2026,06:21:12: 	Train Loss: 3382162.0000 (base: 448.0127, kd: 6763.4272), Elapsed: train 2.52 test 0.26 *
09/05/2026,06:21:12: 	Recall@10: 0.06377 Recall@20: 0.09194 NDCG@10: 0.03882 NDCG@20: 0.04658 
09/05/2026,06:21:12: 	Recall@10: 0.02603 Recall@20: 0.03922 NDCG@10: 0.01441 NDCG@20: 0.01802 
09/05/2026,06:21:12: Epoch [50/1000]
09/05/2026,06:21:12: Negative sampling...
09/05/2026,06:21:13: Model's personal time...
09/05/2026,06:21:13: Model diagnostics: arce_anchor_count_mean=29.139681, arce_blocker_budget_mean=20.860317, arce_blocker_entropy_mean=5.002711, arce_gamma_effective_beta=3.000000, arce_gamma_max=0.602248, arce_gamma_mean=0.117368, arce_gamma_min=0.050763, arce_gamma_mode=teacher_mass, arce_gamma_std=0.053013, arce_sample_gamma_mean=0.200375, arce_sampled_teacher_overlap_mean=0.582794, arce_teacher_missing_mass_mean=0.257618, arce_teacher_missing_mass_std=0.133275
09/05/2026,06:21:13: Training...
09/05/2026,06:21:14: Evaluating...
09/05/2026,06:21:14: 	Train Loss: 3381779.5000 (base: 444.2878, kd: 6762.6709), Elapsed: train 2.53 test 0.26 *
09/05/2026,06:21:14: 	Recall@10: 0.06494 Recall@20: 0.09286 NDCG@10: 0.03914 NDCG@20: 0.04679 
09/05/2026,06:21:14: 	Recall@10: 0.02570 Recall@20: 0.03937 NDCG@10: 0.01426 NDCG@20: 0.01801 
09/05/2026,06:21:14: Epoch [51/1000]
09/05/2026,06:21:14: Negative sampling...
09/05/2026,06:21:16: Model's personal time...
09/05/2026,06:21:16: Model diagnostics: arce_anchor_count_mean=29.247557, arce_blocker_budget_mean=20.752443, arce_blocker_entropy_mean=5.000223, arce_gamma_effective_beta=3.000000, arce_gamma_max=0.562996, arce_gamma_mean=0.116562, arce_gamma_min=0.050335, arce_gamma_mode=teacher_mass, arce_gamma_std=0.052310, arce_sample_gamma_mean=0.198960, arce_sampled_teacher_overlap_mean=0.584951, arce_teacher_missing_mass_mean=0.255604, arce_teacher_missing_mass_std=0.132594
09/05/2026,06:21:16: Training...
09/05/2026,06:21:17: Evaluating...
09/05/2026,06:21:17: 	Train Loss: 3381750.7500 (base: 436.4599, kd: 6762.6289), Elapsed: train 2.49 test 0.26
09/05/2026,06:21:17: 	Recall@10: 0.06519 Recall@20: 0.09211 NDCG@10: 0.03934 NDCG@20: 0.04672 
09/05/2026,06:21:17: 	Recall@10: 0.02622 Recall@20: 0.03892 NDCG@10: 0.01449 NDCG@20: 0.01797 
09/05/2026,06:21:17: Epoch [52/1000]
09/05/2026,06:21:17: Negative sampling...
09/05/2026,06:21:18: Model's personal time...
09/05/2026,06:21:18: Model diagnostics: arce_anchor_count_mean=29.349684, arce_blocker_budget_mean=20.650316, arce_blocker_entropy_mean=4.997200, arce_gamma_effective_beta=3.000000, arce_gamma_max=0.523379, arce_gamma_mean=0.115738, arce_gamma_min=0.050800, arce_gamma_mode=teacher_mass, arce_gamma_std=0.051692, arce_sample_gamma_mean=0.197639, arce_sampled_teacher_overlap_mean=0.586994, arce_teacher_missing_mass_mean=0.253526, arce_teacher_missing_mass_std=0.131864
09/05/2026,06:21:18: Training...
09/05/2026,06:21:20: Evaluating...
09/05/2026,06:21:20: 	Train Loss: 3382258.0000 (base: 431.6388, kd: 6763.6523), Elapsed: train 2.45 test 0.30 *
09/05/2026,06:21:20: 	Recall@10: 0.06508 Recall@20: 0.09229 NDCG@10: 0.03943 NDCG@20: 0.04693 
09/05/2026,06:21:20: 	Recall@10: 0.02632 Recall@20: 0.03894 NDCG@10: 0.01463 NDCG@20: 0.01807 
09/05/2026,06:21:20: Epoch [53/1000]
09/05/2026,06:21:20: Negative sampling...
09/05/2026,06:21:21: Model's personal time...
09/05/2026,06:21:21: Model diagnostics: arce_anchor_count_mean=29.451427, arce_blocker_budget_mean=20.548573, arce_blocker_entropy_mean=4.994817, arce_gamma_effective_beta=3.000000, arce_gamma_max=0.516705, arce_gamma_mean=0.114888, arce_gamma_min=0.050335, arce_gamma_mode=teacher_mass, arce_gamma_std=0.050809, arce_sample_gamma_mean=0.196352, arce_sampled_teacher_overlap_mean=0.589029, arce_teacher_missing_mass_mean=0.251489, arce_teacher_missing_mass_std=0.130948
09/05/2026,06:21:21: Training...
09/05/2026,06:21:22: Evaluating...
09/05/2026,06:21:23: 	Train Loss: 3382428.7500 (base: 427.3431, kd: 6764.0029), Elapsed: train 2.59 test 0.27
09/05/2026,06:21:23: 	Recall@10: 0.06566 Recall@20: 0.09199 NDCG@10: 0.03946 NDCG@20: 0.04672 
09/05/2026,06:21:23: 	Recall@10: 0.02628 Recall@20: 0.03941 NDCG@10: 0.01457 NDCG@20: 0.01815 
09/05/2026,06:21:23: Epoch [54/1000]
09/05/2026,06:21:23: Negative sampling...
09/05/2026,06:21:24: Model's personal time...
09/05/2026,06:21:24: Model diagnostics: arce_anchor_count_mean=29.567541, arce_blocker_budget_mean=20.432459, arce_blocker_entropy_mean=4.992112, arce_gamma_effective_beta=3.000000, arce_gamma_max=0.516705, arce_gamma_mean=0.113988, arce_gamma_min=0.050800, arce_gamma_mode=teacher_mass, arce_gamma_std=0.050057, arce_sample_gamma_mean=0.194847, arce_sampled_teacher_overlap_mean=0.591351, arce_teacher_missing_mass_mean=0.249250, arce_teacher_missing_mass_std=0.130009
09/05/2026,06:21:24: Training...
09/05/2026,06:21:25: Evaluating...
09/05/2026,06:21:26: 	Train Loss: 3383044.7500 (base: 423.8235, kd: 6765.2417), Elapsed: train 2.59 test 0.28 *
09/05/2026,06:21:26: 	Recall@10: 0.06514 Recall@20: 0.09244 NDCG@10: 0.03951 NDCG@20: 0.04701 
09/05/2026,06:21:26: 	Recall@10: 0.02629 Recall@20: 0.03909 NDCG@10: 0.01455 NDCG@20: 0.01802 
09/05/2026,06:21:26: Epoch [55/1000]
09/05/2026,06:21:26: Negative sampling...
09/05/2026,06:21:27: Model's personal time...
09/05/2026,06:21:27: Model diagnostics: arce_anchor_count_mean=29.684422, arce_blocker_budget_mean=20.315577, arce_blocker_entropy_mean=4.990305, arce_gamma_effective_beta=3.000000, arce_gamma_max=0.516705, arce_gamma_mean=0.113273, arce_gamma_min=0.050335, arce_gamma_mode=teacher_mass, arce_gamma_std=0.049661, arce_sample_gamma_mean=0.193540, arce_sampled_teacher_overlap_mean=0.593688, arce_teacher_missing_mass_mean=0.247321, arce_teacher_missing_mass_std=0.129528
09/05/2026,06:21:27: Training...
09/05/2026,06:21:28: Evaluating...
09/05/2026,06:21:29: 	Train Loss: 3383222.5000 (base: 418.6681, kd: 6765.6074), Elapsed: train 2.64 test 0.34 *
09/05/2026,06:21:29: 	Recall@10: 0.06502 Recall@20: 0.09200 NDCG@10: 0.03961 NDCG@20: 0.04710 
09/05/2026,06:21:29: 	Recall@10: 0.02617 Recall@20: 0.03922 NDCG@10: 0.01453 NDCG@20: 0.01811 
09/05/2026,06:21:29: Epoch [56/1000]
09/05/2026,06:21:29: Negative sampling...
09/05/2026,06:21:30: Model's personal time...
09/05/2026,06:21:30: Model diagnostics: arce_anchor_count_mean=29.786358, arce_blocker_budget_mean=20.213642, arce_blocker_entropy_mean=4.988173, arce_gamma_effective_beta=3.000000, arce_gamma_max=0.454671, arce_gamma_mean=0.112482, arce_gamma_min=0.050706, arce_gamma_mode=teacher_mass, arce_gamma_std=0.048873, arce_sample_gamma_mean=0.192151, arce_sampled_teacher_overlap_mean=0.595727, arce_teacher_missing_mass_mean=0.245377, arce_teacher_missing_mass_std=0.128585
09/05/2026,06:21:30: Training...
09/05/2026,06:21:31: Evaluating...
09/05/2026,06:21:31: 	Train Loss: 3383372.7500 (base: 410.7430, kd: 6765.9238), Elapsed: train 2.58 test 0.26 *
09/05/2026,06:21:31: 	Recall@10: 0.06483 Recall@20: 0.09318 NDCG@10: 0.03962 NDCG@20: 0.04743 
09/05/2026,06:21:31: 	Recall@10: 0.02628 Recall@20: 0.03942 NDCG@10: 0.01458 NDCG@20: 0.01816 
09/05/2026,06:21:31: Epoch [57/1000]
09/05/2026,06:21:31: Negative sampling...
09/05/2026,06:21:33: Model's personal time...
09/05/2026,06:21:33: Model diagnostics: arce_anchor_count_mean=29.882160, arce_blocker_budget_mean=20.117838, arce_blocker_entropy_mean=4.985325, arce_gamma_effective_beta=3.000000, arce_gamma_max=0.454671, arce_gamma_mean=0.111854, arce_gamma_min=0.050335, arce_gamma_mode=teacher_mass, arce_gamma_std=0.048582, arce_sample_gamma_mean=0.191140, arce_sampled_teacher_overlap_mean=0.597643, arce_teacher_missing_mass_mean=0.243598, arce_teacher_missing_mass_std=0.128294
09/05/2026,06:21:33: Training...
09/05/2026,06:21:34: Evaluating...
09/05/2026,06:21:34: 	Train Loss: 3384077.0000 (base: 406.5996, kd: 6767.3408), Elapsed: train 2.43 test 0.26 *
09/05/2026,06:21:34: 	Recall@10: 0.06519 Recall@20: 0.09331 NDCG@10: 0.03977 NDCG@20: 0.04751 
09/05/2026,06:21:34: 	Recall@10: 0.02646 Recall@20: 0.03979 NDCG@10: 0.01468 NDCG@20: 0.01830 
09/05/2026,06:21:34: Epoch [58/1000]
09/05/2026,06:21:34: Negative sampling...
09/05/2026,06:21:35: Model's personal time...
09/05/2026,06:21:36: Model diagnostics: arce_anchor_count_mean=29.973175, arce_blocker_budget_mean=20.026825, arce_blocker_entropy_mean=4.983230, arce_gamma_effective_beta=3.000000, arce_gamma_max=0.435067, arce_gamma_mean=0.111167, arce_gamma_min=0.050706, arce_gamma_mode=teacher_mass, arce_gamma_std=0.047931, arce_sample_gamma_mean=0.190037, arce_sampled_teacher_overlap_mean=0.599463, arce_teacher_missing_mass_mean=0.241851, arce_teacher_missing_mass_std=0.127592
09/05/2026,06:21:36: Training...
09/05/2026,06:21:37: Evaluating...
09/05/2026,06:21:37: 	Train Loss: 3384899.2500 (base: 403.6161, kd: 6768.9907), Elapsed: train 2.56 test 0.33 *
09/05/2026,06:21:37: 	Recall@10: 0.06530 Recall@20: 0.09419 NDCG@10: 0.03976 NDCG@20: 0.04768 
09/05/2026,06:21:37: 	Recall@10: 0.02637 Recall@20: 0.03924 NDCG@10: 0.01461 NDCG@20: 0.01811 
09/05/2026,06:21:37: Epoch [59/1000]
09/05/2026,06:21:37: Negative sampling...
09/05/2026,06:21:38: Model's personal time...
09/05/2026,06:21:38: Model diagnostics: arce_anchor_count_mean=30.077984, arce_blocker_budget_mean=19.922016, arce_blocker_entropy_mean=4.980444, arce_gamma_effective_beta=3.000000, arce_gamma_max=0.378681, arce_gamma_mean=0.110460, arce_gamma_min=0.050706, arce_gamma_mode=teacher_mass, arce_gamma_std=0.047239, arce_sample_gamma_mean=0.188830, arce_sampled_teacher_overlap_mean=0.601560, arce_teacher_missing_mass_mean=0.239986, arce_teacher_missing_mass_std=0.127029
09/05/2026,06:21:38: Training...
09/05/2026,06:21:40: Evaluating...
09/05/2026,06:21:40: 	Train Loss: 3385510.5000 (base: 397.5303, kd: 6770.2261), Elapsed: train 2.51 test 0.29 *
09/05/2026,06:21:40: 	Recall@10: 0.06564 Recall@20: 0.09428 NDCG@10: 0.03999 NDCG@20: 0.04789 
09/05/2026,06:21:40: 	Recall@10: 0.02657 Recall@20: 0.03941 NDCG@10: 0.01465 NDCG@20: 0.01814 
09/05/2026,06:21:40: Epoch [60/1000]
09/05/2026,06:21:40: Negative sampling...
09/05/2026,06:21:41: Model's personal time...
09/05/2026,06:21:41: Model diagnostics: arce_anchor_count_mean=30.173979, arce_blocker_budget_mean=19.826019, arce_blocker_entropy_mean=4.978034, arce_gamma_effective_beta=3.000000, arce_gamma_max=0.378681, arce_gamma_mean=0.109756, arce_gamma_min=0.050706, arce_gamma_mode=teacher_mass, arce_gamma_std=0.046830, arce_sample_gamma_mean=0.187644, arce_sampled_teacher_overlap_mean=0.603480, arce_teacher_missing_mass_mean=0.238087, arce_teacher_missing_mass_std=0.126329
09/05/2026,06:21:41: Training...
09/05/2026,06:21:42: Evaluating...
09/05/2026,06:21:43: 	Train Loss: 3385723.0000 (base: 395.6560, kd: 6770.6543), Elapsed: train 2.55 test 0.28
09/05/2026,06:21:43: 	Recall@10: 0.06519 Recall@20: 0.09458 NDCG@10: 0.03976 NDCG@20: 0.04784 
09/05/2026,06:21:43: 	Recall@10: 0.02703 Recall@20: 0.04006 NDCG@10: 0.01485 NDCG@20: 0.01839 
09/05/2026,06:21:43: Epoch [61/1000]
09/05/2026,06:21:43: Negative sampling...
09/05/2026,06:21:44: Model's personal time...
09/05/2026,06:21:44: Model diagnostics: arce_anchor_count_mean=30.269400, arce_blocker_budget_mean=19.730600, arce_blocker_entropy_mean=4.975412, arce_gamma_effective_beta=3.000000, arce_gamma_max=0.378681, arce_gamma_mean=0.109085, arce_gamma_min=0.050335, arce_gamma_mode=teacher_mass, arce_gamma_std=0.046213, arce_sample_gamma_mean=0.186536, arce_sampled_teacher_overlap_mean=0.605388, arce_teacher_missing_mass_mean=0.236365, arce_teacher_missing_mass_std=0.125553
09/05/2026,06:21:44: Training...
09/05/2026,06:21:45: Evaluating...
09/05/2026,06:21:46: 	Train Loss: 3386417.0000 (base: 389.4871, kd: 6772.0547), Elapsed: train 2.81 test 0.27
09/05/2026,06:21:46: 	Recall@10: 0.06548 Recall@20: 0.09426 NDCG@10: 0.03993 NDCG@20: 0.04785 
09/05/2026,06:21:46: 	Recall@10: 0.02685 Recall@20: 0.03917 NDCG@10: 0.01475 NDCG@20: 0.01809 
09/05/2026,06:21:46: Epoch [62/1000]
09/05/2026,06:21:46: Negative sampling...
09/05/2026,06:21:47: Model's personal time...
09/05/2026,06:21:47: Model diagnostics: arce_anchor_count_mean=30.351982, arce_blocker_budget_mean=19.648016, arce_blocker_entropy_mean=4.973121, arce_gamma_effective_beta=3.000000, arce_gamma_max=0.378681, arce_gamma_mean=0.108518, arce_gamma_min=0.050298, arce_gamma_mode=teacher_mass, arce_gamma_std=0.045678, arce_sample_gamma_mean=0.185467, arce_sampled_teacher_overlap_mean=0.607040, arce_teacher_missing_mass_mean=0.234900, arce_teacher_missing_mass_std=0.124891
09/05/2026,06:21:47: Training...
09/05/2026,06:21:48: Evaluating...
09/05/2026,06:21:49: 	Train Loss: 3387039.2500 (base: 383.1965, kd: 6773.3125), Elapsed: train 2.67 test 0.31 *
09/05/2026,06:21:49: 	Recall@10: 0.06627 Recall@20: 0.09498 NDCG@10: 0.04023 NDCG@20: 0.04814 
09/05/2026,06:21:49: 	Recall@10: 0.02657 Recall@20: 0.03924 NDCG@10: 0.01460 NDCG@20: 0.01805 
09/05/2026,06:21:49: Epoch [63/1000]
09/05/2026,06:21:49: Negative sampling...
09/05/2026,06:21:50: Model's personal time...
09/05/2026,06:21:50: Model diagnostics: arce_anchor_count_mean=30.454876, arce_blocker_budget_mean=19.545124, arce_blocker_entropy_mean=4.971098, arce_gamma_effective_beta=3.000000, arce_gamma_max=0.378681, arce_gamma_mean=0.107813, arce_gamma_min=0.050298, arce_gamma_mode=teacher_mass, arce_gamma_std=0.045118, arce_sample_gamma_mean=0.184294, arce_sampled_teacher_overlap_mean=0.609097, arce_teacher_missing_mass_mean=0.232993, arce_teacher_missing_mass_std=0.124231
09/05/2026,06:21:50: Training...
09/05/2026,06:21:51: Evaluating...
09/05/2026,06:21:52: 	Train Loss: 3387230.5000 (base: 379.0233, kd: 6773.7031), Elapsed: train 2.65 test 0.26
09/05/2026,06:21:52: 	Recall@10: 0.06741 Recall@20: 0.09430 NDCG@10: 0.04066 NDCG@20: 0.04810 
09/05/2026,06:21:52: 	Recall@10: 0.02670 Recall@20: 0.03937 NDCG@10: 0.01467 NDCG@20: 0.01812 
09/05/2026,06:21:52: Epoch [64/1000]
09/05/2026,06:21:52: Negative sampling...
09/05/2026,06:21:53: Model's personal time...
09/05/2026,06:21:53: Model diagnostics: arce_anchor_count_mean=30.542250, arce_blocker_budget_mean=19.457750, arce_blocker_entropy_mean=4.968312, arce_gamma_effective_beta=3.000000, arce_gamma_max=0.378681, arce_gamma_mean=0.107218, arce_gamma_min=0.050298, arce_gamma_mode=teacher_mass, arce_gamma_std=0.044694, arce_sample_gamma_mean=0.183218, arce_sampled_teacher_overlap_mean=0.610845, arce_teacher_missing_mass_mean=0.231402, arce_teacher_missing_mass_std=0.123525
09/05/2026,06:21:53: Training...
09/05/2026,06:21:54: Evaluating...
09/05/2026,06:21:54: 	Train Loss: 3387880.0000 (base: 374.7786, kd: 6775.0112), Elapsed: train 2.47 test 0.26
09/05/2026,06:21:54: 	Recall@10: 0.06740 Recall@20: 0.09451 NDCG@10: 0.04061 NDCG@20: 0.04813 
09/05/2026,06:21:54: 	Recall@10: 0.02695 Recall@20: 0.03924 NDCG@10: 0.01471 NDCG@20: 0.01805 
09/05/2026,06:21:54: Epoch [65/1000]
09/05/2026,06:21:54: Negative sampling...
09/05/2026,06:21:56: Model's personal time...
09/05/2026,06:21:56: Model diagnostics: arce_anchor_count_mean=30.624449, arce_blocker_budget_mean=19.375551, arce_blocker_entropy_mean=4.965884, arce_gamma_effective_beta=3.000000, arce_gamma_max=0.378681, arce_gamma_mean=0.106650, arce_gamma_min=0.050298, arce_gamma_mode=teacher_mass, arce_gamma_std=0.044279, arce_sample_gamma_mean=0.182282, arce_sampled_teacher_overlap_mean=0.612489, arce_teacher_missing_mass_mean=0.229845, arce_teacher_missing_mass_std=0.122953
09/05/2026,06:21:56: Training...
09/05/2026,06:21:57: Evaluating...
09/05/2026,06:21:57: 	Train Loss: 3387853.0000 (base: 371.7525, kd: 6774.9629), Elapsed: train 2.35 test 0.26
09/05/2026,06:21:57: 	Recall@10: 0.06790 Recall@20: 0.09462 NDCG@10: 0.04077 NDCG@20: 0.04812 
09/05/2026,06:21:57: 	Recall@10: 0.02679 Recall@20: 0.03970 NDCG@10: 0.01467 NDCG@20: 0.01821 
09/05/2026,06:21:57: Epoch [66/1000]
09/05/2026,06:21:57: Negative sampling...
09/05/2026,06:21:58: Model's personal time...
09/05/2026,06:21:58: Model diagnostics: arce_anchor_count_mean=30.702433, arce_blocker_budget_mean=19.297565, arce_blocker_entropy_mean=4.964016, arce_gamma_effective_beta=3.000000, arce_gamma_max=0.378681, arce_gamma_mean=0.106145, arce_gamma_min=0.050298, arce_gamma_mode=teacher_mass, arce_gamma_std=0.043892, arce_sample_gamma_mean=0.181339, arce_sampled_teacher_overlap_mean=0.614049, arce_teacher_missing_mass_mean=0.228483, arce_teacher_missing_mass_std=0.122350
09/05/2026,06:21:58: Training...
09/05/2026,06:21:59: Evaluating...
09/05/2026,06:22:00: 	Train Loss: 3388214.2500 (base: 365.8972, kd: 6775.6968), Elapsed: train 2.49 test 0.26 *
09/05/2026,06:22:00: 	Recall@10: 0.06812 Recall@20: 0.09486 NDCG@10: 0.04081 NDCG@20: 0.04819 
09/05/2026,06:22:00: 	Recall@10: 0.02711 Recall@20: 0.03949 NDCG@10: 0.01481 NDCG@20: 0.01817 
09/05/2026,06:22:00: Epoch [67/1000]
09/05/2026,06:22:00: Negative sampling...
09/05/2026,06:22:01: Model's personal time...
09/05/2026,06:22:01: Model diagnostics: arce_anchor_count_mean=30.804369, arce_blocker_budget_mean=19.195631, arce_blocker_entropy_mean=4.961800, arce_gamma_effective_beta=3.000000, arce_gamma_max=0.378681, arce_gamma_mean=0.105577, arce_gamma_min=0.050298, arce_gamma_mode=teacher_mass, arce_gamma_std=0.043517, arce_sample_gamma_mean=0.180230, arce_sampled_teacher_overlap_mean=0.616087, arce_teacher_missing_mass_mean=0.226874, arce_teacher_missing_mass_std=0.121857
09/05/2026,06:22:01: Training...
09/05/2026,06:22:02: Evaluating...
09/05/2026,06:22:03: 	Train Loss: 3388946.5000 (base: 365.7397, kd: 6777.1616), Elapsed: train 2.57 test 0.31 *
09/05/2026,06:22:03: 	Recall@10: 0.06783 Recall@20: 0.09512 NDCG@10: 0.04073 NDCG@20: 0.04825 
09/05/2026,06:22:03: 	Recall@10: 0.02699 Recall@20: 0.03941 NDCG@10: 0.01467 NDCG@20: 0.01808 
09/05/2026,06:22:03: Epoch [68/1000]
09/05/2026,06:22:03: Negative sampling...
09/05/2026,06:22:04: Model's personal time...
09/05/2026,06:22:04: Model diagnostics: arce_anchor_count_mean=30.898064, arce_blocker_budget_mean=19.101934, arce_blocker_entropy_mean=4.959415, arce_gamma_effective_beta=3.000000, arce_gamma_max=0.378681, arce_gamma_mean=0.104953, arce_gamma_min=0.050298, arce_gamma_mode=teacher_mass, arce_gamma_std=0.042931, arce_sample_gamma_mean=0.179073, arce_sampled_teacher_overlap_mean=0.617961, arce_teacher_missing_mass_mean=0.225247, arce_teacher_missing_mass_std=0.120952
09/05/2026,06:22:04: Training...
09/05/2026,06:22:05: Evaluating...
09/05/2026,06:22:06: 	Train Loss: 3389096.7500 (base: 359.3320, kd: 6777.4751), Elapsed: train 2.65 test 0.31 *
09/05/2026,06:22:06: 	Recall@10: 0.06770 Recall@20: 0.09504 NDCG@10: 0.04074 NDCG@20: 0.04826 
09/05/2026,06:22:06: 	Recall@10: 0.02661 Recall@20: 0.03966 NDCG@10: 0.01465 NDCG@20: 0.01821 
09/05/2026,06:22:06: Epoch [69/1000]
09/05/2026,06:22:06: Negative sampling...
09/05/2026,06:22:07: Model's personal time...
09/05/2026,06:22:07: Model diagnostics: arce_anchor_count_mean=30.969917, arce_blocker_budget_mean=19.030083, arce_blocker_entropy_mean=4.956649, arce_gamma_effective_beta=3.000000, arce_gamma_max=0.378681, arce_gamma_mean=0.104510, arce_gamma_min=0.050298, arce_gamma_mode=teacher_mass, arce_gamma_std=0.042566, arce_sample_gamma_mean=0.178279, arce_sampled_teacher_overlap_mean=0.619398, arce_teacher_missing_mass_mean=0.224012, arce_teacher_missing_mass_std=0.120517
09/05/2026,06:22:07: Training...
09/05/2026,06:22:08: Evaluating...
09/05/2026,06:22:09: 	Train Loss: 3389787.7500 (base: 355.4044, kd: 6778.8647), Elapsed: train 2.83 test 0.26
09/05/2026,06:22:09: 	Recall@10: 0.06779 Recall@20: 0.09393 NDCG@10: 0.04058 NDCG@20: 0.04777 
09/05/2026,06:22:09: 	Recall@10: 0.02729 Recall@20: 0.04001 NDCG@10: 0.01485 NDCG@20: 0.01830 
09/05/2026,06:22:09: Epoch [70/1000]
09/05/2026,06:22:09: Negative sampling...
09/05/2026,06:22:10: Model's personal time...
09/05/2026,06:22:10: Model diagnostics: arce_anchor_count_mean=31.055374, arce_blocker_budget_mean=18.944626, arce_blocker_entropy_mean=4.954148, arce_gamma_effective_beta=3.000000, arce_gamma_max=0.378681, arce_gamma_mean=0.103937, arce_gamma_min=0.050298, arce_gamma_mode=teacher_mass, arce_gamma_std=0.042019, arce_sample_gamma_mean=0.177235, arce_sampled_teacher_overlap_mean=0.621107, arce_teacher_missing_mass_mean=0.222491, arce_teacher_missing_mass_std=0.119722
09/05/2026,06:22:10: Training...
09/05/2026,06:22:11: Evaluating...
09/05/2026,06:22:12: 	Train Loss: 3389526.2500 (base: 351.7258, kd: 6778.3481), Elapsed: train 2.77 test 0.27
09/05/2026,06:22:12: 	Recall@10: 0.06708 Recall@20: 0.09408 NDCG@10: 0.04042 NDCG@20: 0.04786 
09/05/2026,06:22:12: 	Recall@10: 0.02711 Recall@20: 0.03987 NDCG@10: 0.01481 NDCG@20: 0.01829 
09/05/2026,06:22:12: Epoch [71/1000]
09/05/2026,06:22:12: Negative sampling...
09/05/2026,06:22:13: Model's personal time...
09/05/2026,06:22:13: Model diagnostics: arce_anchor_count_mean=31.142365, arce_blocker_budget_mean=18.857635, arce_blocker_entropy_mean=4.951778, arce_gamma_effective_beta=3.000000, arce_gamma_max=0.378681, arce_gamma_mean=0.103447, arce_gamma_min=0.050298, arce_gamma_mode=teacher_mass, arce_gamma_std=0.041629, arce_sample_gamma_mean=0.176258, arce_sampled_teacher_overlap_mean=0.622847, arce_teacher_missing_mass_mean=0.221118, arce_teacher_missing_mass_std=0.119192
09/05/2026,06:22:13: Training...
09/05/2026,06:22:14: Evaluating...
09/05/2026,06:22:15: 	Train Loss: 3390618.5000 (base: 347.7668, kd: 6780.5405), Elapsed: train 2.62 test 0.26
09/05/2026,06:22:15: 	Recall@10: 0.06704 Recall@20: 0.09408 NDCG@10: 0.04052 NDCG@20: 0.04794 
09/05/2026,06:22:15: 	Recall@10: 0.02747 Recall@20: 0.03961 NDCG@10: 0.01488 NDCG@20: 0.01820 
09/05/2026,06:22:15: Epoch [72/1000]
09/05/2026,06:22:15: Negative sampling...
09/05/2026,06:22:16: Model's personal time...
09/05/2026,06:22:16: Model diagnostics: arce_anchor_count_mean=31.219582, arce_blocker_budget_mean=18.780418, arce_blocker_entropy_mean=4.949440, arce_gamma_effective_beta=3.000000, arce_gamma_max=0.378681, arce_gamma_mean=0.102978, arce_gamma_min=0.050298, arce_gamma_mode=teacher_mass, arce_gamma_std=0.041280, arce_sample_gamma_mean=0.175383, arce_sampled_teacher_overlap_mean=0.624392, arce_teacher_missing_mass_mean=0.219784, arce_teacher_missing_mass_std=0.118714
09/05/2026,06:22:16: Training...
09/05/2026,06:22:17: Evaluating...
09/05/2026,06:22:17: 	Train Loss: 3391510.7500 (base: 349.4275, kd: 6782.3228), Elapsed: train 2.49 test 0.25
09/05/2026,06:22:17: 	Recall@10: 0.06742 Recall@20: 0.09502 NDCG@10: 0.04050 NDCG@20: 0.04808 
09/05/2026,06:22:17: 	Recall@10: 0.02750 Recall@20: 0.04035 NDCG@10: 0.01492 NDCG@20: 0.01843 
09/05/2026,06:22:17: Epoch [73/1000]
09/05/2026,06:22:17: Negative sampling...
09/05/2026,06:22:19: Model's personal time...
09/05/2026,06:22:19: Model diagnostics: arce_anchor_count_mean=31.302931, arce_blocker_budget_mean=18.697067, arce_blocker_entropy_mean=4.947290, arce_gamma_effective_beta=3.000000, arce_gamma_max=0.378681, arce_gamma_mean=0.102459, arce_gamma_min=0.050298, arce_gamma_mode=teacher_mass, arce_gamma_std=0.040933, arce_sample_gamma_mean=0.174447, arce_sampled_teacher_overlap_mean=0.626059, arce_teacher_missing_mass_mean=0.218314, arce_teacher_missing_mass_std=0.118078
09/05/2026,06:22:19: Training...
09/05/2026,06:22:20: Evaluating...
09/05/2026,06:22:20: 	Train Loss: 3391759.0000 (base: 342.9247, kd: 6782.8320), Elapsed: train 2.25 test 0.25 *
09/05/2026,06:22:20: 	Recall@10: 0.06744 Recall@20: 0.09529 NDCG@10: 0.04067 NDCG@20: 0.04835 
09/05/2026,06:22:20: 	Recall@10: 0.02718 Recall@20: 0.03985 NDCG@10: 0.01491 NDCG@20: 0.01837 
09/05/2026,06:22:20: Epoch [74/1000]
09/05/2026,06:22:20: Negative sampling...
09/05/2026,06:22:21: Model's personal time...
09/05/2026,06:22:21: Model diagnostics: arce_anchor_count_mean=31.369802, arce_blocker_budget_mean=18.630198, arce_blocker_entropy_mean=4.944910, arce_gamma_effective_beta=3.000000, arce_gamma_max=0.378681, arce_gamma_mean=0.102007, arce_gamma_min=0.050298, arce_gamma_mode=teacher_mass, arce_gamma_std=0.040557, arce_sample_gamma_mean=0.173616, arce_sampled_teacher_overlap_mean=0.627396, arce_teacher_missing_mass_mean=0.217035, arce_teacher_missing_mass_std=0.117581
09/05/2026,06:22:21: Training...
09/05/2026,06:22:22: Evaluating...
09/05/2026,06:22:23: 	Train Loss: 3392561.5000 (base: 340.5284, kd: 6784.4419), Elapsed: train 2.53 test 0.26 *
09/05/2026,06:22:23: 	Recall@10: 0.06660 Recall@20: 0.09513 NDCG@10: 0.04056 NDCG@20: 0.04839 
09/05/2026,06:22:23: 	Recall@10: 0.02684 Recall@20: 0.04074 NDCG@10: 0.01465 NDCG@20: 0.01845 
09/05/2026,06:22:23: Epoch [75/1000]
09/05/2026,06:22:23: Negative sampling...
09/05/2026,06:22:24: Model's personal time...
09/05/2026,06:22:24: Model diagnostics: arce_anchor_count_mean=31.458134, arce_blocker_budget_mean=18.541866, arce_blocker_entropy_mean=4.942409, arce_gamma_effective_beta=3.000000, arce_gamma_max=0.378681, arce_gamma_mean=0.101446, arce_gamma_min=0.050298, arce_gamma_mode=teacher_mass, arce_gamma_std=0.040021, arce_sample_gamma_mean=0.172656, arce_sampled_teacher_overlap_mean=0.629163, arce_teacher_missing_mass_mean=0.215494, arce_teacher_missing_mass_std=0.116816
09/05/2026,06:22:24: Training...
09/05/2026,06:22:25: Evaluating...
09/05/2026,06:22:25: 	Train Loss: 3392690.7500 (base: 337.1335, kd: 6784.7080), Elapsed: train 2.47 test 0.25
09/05/2026,06:22:25: 	Recall@10: 0.06719 Recall@20: 0.09541 NDCG@10: 0.04053 NDCG@20: 0.04835 
09/05/2026,06:22:25: 	Recall@10: 0.02772 Recall@20: 0.04064 NDCG@10: 0.01514 NDCG@20: 0.01865 
09/05/2026,06:22:25: Epoch [76/1000]
09/05/2026,06:22:25: Negative sampling...
09/05/2026,06:22:27: Model's personal time...
09/05/2026,06:22:27: Model diagnostics: arce_anchor_count_mean=31.521364, arce_blocker_budget_mean=18.478636, arce_blocker_entropy_mean=4.939364, arce_gamma_effective_beta=3.000000, arce_gamma_max=0.378681, arce_gamma_mean=0.101034, arce_gamma_min=0.050298, arce_gamma_mode=teacher_mass, arce_gamma_std=0.039675, arce_sample_gamma_mean=0.171905, arce_sampled_teacher_overlap_mean=0.630427, arce_teacher_missing_mass_mean=0.214348, arce_teacher_missing_mass_std=0.116234
09/05/2026,06:22:27: Training...
09/05/2026,06:22:28: Evaluating...
09/05/2026,06:22:28: 	Train Loss: 3393341.2500 (base: 334.4745, kd: 6786.0146), Elapsed: train 2.65 test 0.27 *
09/05/2026,06:22:28: 	Recall@10: 0.06732 Recall@20: 0.09599 NDCG@10: 0.04075 NDCG@20: 0.04858 
09/05/2026,06:22:28: 	Recall@10: 0.02723 Recall@20: 0.04088 NDCG@10: 0.01494 NDCG@20: 0.01867 
09/05/2026,06:22:28: Epoch [77/1000]
09/05/2026,06:22:28: Negative sampling...
09/05/2026,06:22:30: Model's personal time...
09/05/2026,06:22:30: Model diagnostics: arce_anchor_count_mean=31.605864, arce_blocker_budget_mean=18.394136, arce_blocker_entropy_mean=4.937350, arce_gamma_effective_beta=3.000000, arce_gamma_max=0.339988, arce_gamma_mean=0.100530, arce_gamma_min=0.050706, arce_gamma_mode=teacher_mass, arce_gamma_std=0.039106, arce_sample_gamma_mean=0.170916, arce_sampled_teacher_overlap_mean=0.632117, arce_teacher_missing_mass_mean=0.212965, arce_teacher_missing_mass_std=0.115555
09/05/2026,06:22:30: Training...
09/05/2026,06:22:31: Evaluating...
09/05/2026,06:22:31: 	Train Loss: 3393548.2500 (base: 329.3474, kd: 6786.4375), Elapsed: train 2.72 test 0.27
09/05/2026,06:22:31: 	Recall@10: 0.06703 Recall@20: 0.09506 NDCG@10: 0.04072 NDCG@20: 0.04842 
09/05/2026,06:22:31: 	Recall@10: 0.02686 Recall@20: 0.04033 NDCG@10: 0.01481 NDCG@20: 0.01848 
09/05/2026,06:22:31: Epoch [78/1000]
09/05/2026,06:22:31: Negative sampling...
09/05/2026,06:22:33: Model's personal time...
09/05/2026,06:22:33: Model diagnostics: arce_anchor_count_mean=31.670626, arce_blocker_budget_mean=18.329372, arce_blocker_entropy_mean=4.934955, arce_gamma_effective_beta=3.000000, arce_gamma_max=0.339988, arce_gamma_mean=0.100142, arce_gamma_min=0.050298, arce_gamma_mode=teacher_mass, arce_gamma_std=0.038788, arce_sample_gamma_mean=0.170184, arce_sampled_teacher_overlap_mean=0.633412, arce_teacher_missing_mass_mean=0.211841, arce_teacher_missing_mass_std=0.115113
09/05/2026,06:22:33: Training...
09/05/2026,06:22:34: Evaluating...
09/05/2026,06:22:34: 	Train Loss: 3393256.7500 (base: 330.3913, kd: 6785.8521), Elapsed: train 2.76 test 0.27 *
09/05/2026,06:22:34: 	Recall@10: 0.06732 Recall@20: 0.09667 NDCG@10: 0.04074 NDCG@20: 0.04879 
09/05/2026,06:22:34: 	Recall@10: 0.02693 Recall@20: 0.04042 NDCG@10: 0.01479 NDCG@20: 0.01850 
09/05/2026,06:22:34: Epoch [79/1000]
09/05/2026,06:22:34: Negative sampling...
09/05/2026,06:22:36: Model's personal time...
09/05/2026,06:22:36: Model diagnostics: arce_anchor_count_mean=31.748419, arce_blocker_budget_mean=18.251581, arce_blocker_entropy_mean=4.933221, arce_gamma_effective_beta=3.000000, arce_gamma_max=0.339988, arce_gamma_mean=0.099742, arce_gamma_min=0.050298, arce_gamma_mode=teacher_mass, arce_gamma_std=0.038500, arce_sample_gamma_mean=0.169276, arce_sampled_teacher_overlap_mean=0.634968, arce_teacher_missing_mass_mean=0.210682, arce_teacher_missing_mass_std=0.114612
09/05/2026,06:22:36: Training...
09/05/2026,06:22:37: Evaluating...
09/05/2026,06:22:37: 	Train Loss: 3393955.7500 (base: 323.5951, kd: 6787.2646), Elapsed: train 2.45 test 0.26
09/05/2026,06:22:37: 	Recall@10: 0.06715 Recall@20: 0.09586 NDCG@10: 0.04064 NDCG@20: 0.04856 
09/05/2026,06:22:37: 	Recall@10: 0.02673 Recall@20: 0.04104 NDCG@10: 0.01485 NDCG@20: 0.01877 
09/05/2026,06:22:37: Epoch [80/1000]
09/05/2026,06:22:37: Negative sampling...
09/05/2026,06:22:38: Model's personal time...
09/05/2026,06:22:38: Model diagnostics: arce_anchor_count_mean=31.828320, arce_blocker_budget_mean=18.171680, arce_blocker_entropy_mean=4.931162, arce_gamma_effective_beta=3.000000, arce_gamma_max=0.339988, arce_gamma_mean=0.099299, arce_gamma_min=0.050298, arce_gamma_mode=teacher_mass, arce_gamma_std=0.038081, arce_sample_gamma_mean=0.168396, arce_sampled_teacher_overlap_mean=0.636566, arce_teacher_missing_mass_mean=0.209421, arce_teacher_missing_mass_std=0.114038
09/05/2026,06:22:38: Training...
09/05/2026,06:22:40: Evaluating...
09/05/2026,06:22:40: 	Train Loss: 3394689.2500 (base: 323.9348, kd: 6788.7310), Elapsed: train 2.51 test 0.29
09/05/2026,06:22:40: 	Recall@10: 0.06758 Recall@20: 0.09663 NDCG@10: 0.04073 NDCG@20: 0.04877 
09/05/2026,06:22:40: 	Recall@10: 0.02705 Recall@20: 0.04080 NDCG@10: 0.01499 NDCG@20: 0.01876 
09/05/2026,06:22:40: Epoch [81/1000]
09/05/2026,06:22:40: Negative sampling...
09/05/2026,06:22:41: Model's personal time...
09/05/2026,06:22:41: Model diagnostics: arce_anchor_count_mean=31.897680, arce_blocker_budget_mean=18.102318, arce_blocker_entropy_mean=4.929490, arce_gamma_effective_beta=3.000000, arce_gamma_max=0.339988, arce_gamma_mean=0.098863, arce_gamma_min=0.050706, arce_gamma_mode=teacher_mass, arce_gamma_std=0.037688, arce_sample_gamma_mean=0.167638, arce_sampled_teacher_overlap_mean=0.637954, arce_teacher_missing_mass_mean=0.208178, arce_teacher_missing_mass_std=0.113426
09/05/2026,06:22:41: Training...
09/05/2026,06:22:42: Evaluating...
09/05/2026,06:22:42: 	Train Loss: 3395410.7500 (base: 319.8011, kd: 6790.1821), Elapsed: train 2.27 test 0.26
09/05/2026,06:22:42: 	Recall@10: 0.06756 Recall@20: 0.09609 NDCG@10: 0.04068 NDCG@20: 0.04850 
09/05/2026,06:22:42: 	Recall@10: 0.02683 Recall@20: 0.04068 NDCG@10: 0.01502 NDCG@20: 0.01882 
09/05/2026,06:22:42: Epoch [82/1000]
09/05/2026,06:22:42: Negative sampling...
09/05/2026,06:22:44: Model's personal time...
09/05/2026,06:22:44: Model diagnostics: arce_anchor_count_mean=31.969343, arce_blocker_budget_mean=18.030657, arce_blocker_entropy_mean=4.926914, arce_gamma_effective_beta=3.000000, arce_gamma_max=0.319552, arce_gamma_mean=0.098463, arce_gamma_min=0.050298, arce_gamma_mode=teacher_mass, arce_gamma_std=0.037345, arce_sample_gamma_mean=0.166828, arce_sampled_teacher_overlap_mean=0.639387, arce_teacher_missing_mass_mean=0.207015, arce_teacher_missing_mass_std=0.112912
09/05/2026,06:22:44: Training...
09/05/2026,06:22:45: Evaluating...
09/05/2026,06:22:45: 	Train Loss: 3395771.2500 (base: 313.4312, kd: 6790.9155), Elapsed: train 2.49 test 0.26
09/05/2026,06:22:45: 	Recall@10: 0.06755 Recall@20: 0.09583 NDCG@10: 0.04072 NDCG@20: 0.04852 
09/05/2026,06:22:45: 	Recall@10: 0.02698 Recall@20: 0.04034 NDCG@10: 0.01499 NDCG@20: 0.01869 
09/05/2026,06:22:45: Epoch [83/1000]
09/05/2026,06:22:45: Negative sampling...
09/05/2026,06:22:46: Model's personal time...
09/05/2026,06:22:46: Model diagnostics: arce_anchor_count_mean=32.049625, arce_blocker_budget_mean=17.950373, arce_blocker_entropy_mean=4.924916, arce_gamma_effective_beta=3.000000, arce_gamma_max=0.319552, arce_gamma_mean=0.098054, arce_gamma_min=0.050298, arce_gamma_mode=teacher_mass, arce_gamma_std=0.037091, arce_sample_gamma_mean=0.165943, arce_sampled_teacher_overlap_mean=0.640992, arce_teacher_missing_mass_mean=0.205776, arce_teacher_missing_mass_std=0.112467
09/05/2026,06:22:46: Training...
09/05/2026,06:22:48: Evaluating...
09/05/2026,06:22:48: 	Train Loss: 3396575.2500 (base: 311.8855, kd: 6792.5269), Elapsed: train 2.49 test 0.26
09/05/2026,06:22:48: 	Recall@10: 0.06722 Recall@20: 0.09558 NDCG@10: 0.04081 NDCG@20: 0.04860 
09/05/2026,06:22:48: 	Recall@10: 0.02688 Recall@20: 0.04044 NDCG@10: 0.01507 NDCG@20: 0.01881 
09/05/2026,06:22:48: Epoch [84/1000]
09/05/2026,06:22:48: Negative sampling...
09/05/2026,06:22:49: Model's personal time...
09/05/2026,06:22:49: Model diagnostics: arce_anchor_count_mean=32.127800, arce_blocker_budget_mean=17.872198, arce_blocker_entropy_mean=4.923124, arce_gamma_effective_beta=3.000000, arce_gamma_max=0.319552, arce_gamma_mean=0.097594, arce_gamma_min=0.050298, arce_gamma_mode=teacher_mass, arce_gamma_std=0.036705, arce_sample_gamma_mean=0.165146, arce_sampled_teacher_overlap_mean=0.642556, arce_teacher_missing_mass_mean=0.204424, arce_teacher_missing_mass_std=0.111861
09/05/2026,06:22:49: Training...
09/05/2026,06:22:50: Evaluating...
09/05/2026,06:22:51: 	Train Loss: 3397117.2500 (base: 312.0701, kd: 6793.6108), Elapsed: train 2.53 test 0.25 *
09/05/2026,06:22:51: 	Recall@10: 0.06760 Recall@20: 0.09606 NDCG@10: 0.04112 NDCG@20: 0.04891 
09/05/2026,06:22:51: 	Recall@10: 0.02636 Recall@20: 0.04060 NDCG@10: 0.01483 NDCG@20: 0.01878 
09/05/2026,06:22:51: Epoch [85/1000]
09/05/2026,06:22:51: Negative sampling...
09/05/2026,06:22:52: Model's personal time...
09/05/2026,06:22:52: Model diagnostics: arce_anchor_count_mean=32.185860, arce_blocker_budget_mean=17.814140, arce_blocker_entropy_mean=4.921056, arce_gamma_effective_beta=3.000000, arce_gamma_max=0.319552, arce_gamma_mean=0.097271, arce_gamma_min=0.050298, arce_gamma_mode=teacher_mass, arce_gamma_std=0.036537, arce_sample_gamma_mean=0.164572, arce_sampled_teacher_overlap_mean=0.643717, arce_teacher_missing_mass_mean=0.203394, arce_teacher_missing_mass_std=0.111617
09/05/2026,06:22:52: Training...
09/05/2026,06:22:53: Evaluating...
09/05/2026,06:22:54: 	Train Loss: 3396890.0000 (base: 306.2905, kd: 6793.1675), Elapsed: train 2.62 test 0.35 *
09/05/2026,06:22:54: 	Recall@10: 0.06787 Recall@20: 0.09612 NDCG@10: 0.04124 NDCG@20: 0.04901 
09/05/2026,06:22:54: 	Recall@10: 0.02619 Recall@20: 0.04049 NDCG@10: 0.01482 NDCG@20: 0.01879 
09/05/2026,06:22:54: Epoch [86/1000]
09/05/2026,06:22:54: Negative sampling...
09/05/2026,06:22:55: Model's personal time...
09/05/2026,06:22:55: Model diagnostics: arce_anchor_count_mean=32.263458, arce_blocker_budget_mean=17.736540, arce_blocker_entropy_mean=4.918987, arce_gamma_effective_beta=3.000000, arce_gamma_max=0.319552, arce_gamma_mean=0.096815, arce_gamma_min=0.050298, arce_gamma_mode=teacher_mass, arce_gamma_std=0.036058, arce_sample_gamma_mean=0.163673, arce_sampled_teacher_overlap_mean=0.645269, arce_teacher_missing_mass_mean=0.202102, arce_teacher_missing_mass_std=0.110894
09/05/2026,06:22:55: Training...
09/05/2026,06:22:56: Evaluating...
09/05/2026,06:22:57: 	Train Loss: 3397886.0000 (base: 307.3633, kd: 6795.1567), Elapsed: train 2.79 test 0.33
09/05/2026,06:22:57: 	Recall@10: 0.06790 Recall@20: 0.09558 NDCG@10: 0.04131 NDCG@20: 0.04888 
09/05/2026,06:22:57: 	Recall@10: 0.02627 Recall@20: 0.04090 NDCG@10: 0.01504 NDCG@20: 0.01907 
09/05/2026,06:22:57: Epoch [87/1000]
09/05/2026,06:22:57: Negative sampling...
09/05/2026,06:22:58: Model's personal time...
09/05/2026,06:22:58: Model diagnostics: arce_anchor_count_mean=32.322090, arce_blocker_budget_mean=17.677908, arce_blocker_entropy_mean=4.916953, arce_gamma_effective_beta=3.000000, arce_gamma_max=0.319552, arce_gamma_mean=0.096467, arce_gamma_min=0.050298, arce_gamma_mode=teacher_mass, arce_gamma_std=0.035822, arce_sample_gamma_mean=0.163033, arce_sampled_teacher_overlap_mean=0.646442, arce_teacher_missing_mass_mean=0.201047, arce_teacher_missing_mass_std=0.110451
09/05/2026,06:22:58: Training...
09/05/2026,06:22:59: Evaluating...
09/05/2026,06:23:00: 	Train Loss: 3398872.7500 (base: 306.8096, kd: 6797.1323), Elapsed: train 2.54 test 0.26 *
09/05/2026,06:23:00: 	Recall@10: 0.06760 Recall@20: 0.09685 NDCG@10: 0.04124 NDCG@20: 0.04923 
09/05/2026,06:23:00: 	Recall@10: 0.02646 Recall@20: 0.04105 NDCG@10: 0.01505 NDCG@20: 0.01909 
09/05/2026,06:23:00: Epoch [88/1000]
09/05/2026,06:23:00: Negative sampling...
09/05/2026,06:23:01: Model's personal time...
09/05/2026,06:23:01: Model diagnostics: arce_anchor_count_mean=32.374977, arce_blocker_budget_mean=17.625023, arce_blocker_entropy_mean=4.915349, arce_gamma_effective_beta=3.000000, arce_gamma_max=0.319552, arce_gamma_mean=0.096198, arce_gamma_min=0.050298, arce_gamma_mode=teacher_mass, arce_gamma_std=0.035648, arce_sample_gamma_mean=0.162468, arce_sampled_teacher_overlap_mean=0.647500, arce_teacher_missing_mass_mean=0.200197, arce_teacher_missing_mass_std=0.110228
09/05/2026,06:23:01: Training...
09/05/2026,06:23:02: Evaluating...
09/05/2026,06:23:02: 	Train Loss: 3398991.0000 (base: 304.8442, kd: 6797.3716), Elapsed: train 2.61 test 0.28 *
09/05/2026,06:23:02: 	Recall@10: 0.06769 Recall@20: 0.09761 NDCG@10: 0.04122 NDCG@20: 0.04945 
09/05/2026,06:23:02: 	Recall@10: 0.02588 Recall@20: 0.04080 NDCG@10: 0.01486 NDCG@20: 0.01900 
09/05/2026,06:23:02: Epoch [89/1000]
09/05/2026,06:23:02: Negative sampling...
09/05/2026,06:23:04: Model's personal time...
09/05/2026,06:23:04: Model diagnostics: arce_anchor_count_mean=32.442230, arce_blocker_budget_mean=17.557770, arce_blocker_entropy_mean=4.913321, arce_gamma_effective_beta=3.000000, arce_gamma_max=0.319552, arce_gamma_mean=0.095827, arce_gamma_min=0.050298, arce_gamma_mode=teacher_mass, arce_gamma_std=0.035336, arce_sample_gamma_mean=0.161710, arce_sampled_teacher_overlap_mean=0.648845, arce_teacher_missing_mass_mean=0.199081, arce_teacher_missing_mass_std=0.109741
09/05/2026,06:23:04: Training...
09/05/2026,06:23:05: Evaluating...
09/05/2026,06:23:05: 	Train Loss: 3399730.2500 (base: 300.4443, kd: 6798.8589), Elapsed: train 2.28 test 0.25
09/05/2026,06:23:05: 	Recall@10: 0.06808 Recall@20: 0.09715 NDCG@10: 0.04150 NDCG@20: 0.04944 
09/05/2026,06:23:05: 	Recall@10: 0.02639 Recall@20: 0.04143 NDCG@10: 0.01498 NDCG@20: 0.01914 
09/05/2026,06:23:05: Epoch [90/1000]
09/05/2026,06:23:05: Negative sampling...
09/05/2026,06:23:06: Model's personal time...
09/05/2026,06:23:06: Model diagnostics: arce_anchor_count_mean=32.502205, arce_blocker_budget_mean=17.497797, arce_blocker_entropy_mean=4.911098, arce_gamma_effective_beta=3.000000, arce_gamma_max=0.319552, arce_gamma_mean=0.095555, arce_gamma_min=0.050298, arce_gamma_mode=teacher_mass, arce_gamma_std=0.035150, arce_sample_gamma_mean=0.161030, arce_sampled_teacher_overlap_mean=0.650044, arce_teacher_missing_mass_mean=0.198249, arce_teacher_missing_mass_std=0.109379
09/05/2026,06:23:06: Training...
09/05/2026,06:23:07: Evaluating...
09/05/2026,06:23:08: 	Train Loss: 3399956.5000 (base: 298.8163, kd: 6799.3149), Elapsed: train 2.55 test 0.27 *
09/05/2026,06:23:08: 	Recall@10: 0.06747 Recall@20: 0.09743 NDCG@10: 0.04134 NDCG@20: 0.04953 
09/05/2026,06:23:08: 	Recall@10: 0.02618 Recall@20: 0.04076 NDCG@10: 0.01504 NDCG@20: 0.01909 
09/05/2026,06:23:08: Epoch [91/1000]
09/05/2026,06:23:08: Negative sampling...
09/05/2026,06:23:09: Model's personal time...
09/05/2026,06:23:09: Model diagnostics: arce_anchor_count_mean=32.559875, arce_blocker_budget_mean=17.440123, arce_blocker_entropy_mean=4.908949, arce_gamma_effective_beta=3.000000, arce_gamma_max=0.319552, arce_gamma_mean=0.095263, arce_gamma_min=0.050298, arce_gamma_mode=teacher_mass, arce_gamma_std=0.034979, arce_sample_gamma_mean=0.160424, arce_sampled_teacher_overlap_mean=0.651198, arce_teacher_missing_mass_mean=0.197314, arce_teacher_missing_mass_std=0.109107
09/05/2026,06:23:09: Training...
09/05/2026,06:23:10: Evaluating...
09/05/2026,06:23:11: 	Train Loss: 3400291.5000 (base: 296.1081, kd: 6799.9907), Elapsed: train 2.60 test 0.35 *
09/05/2026,06:23:11: 	Recall@10: 0.06761 Recall@20: 0.09822 NDCG@10: 0.04132 NDCG@20: 0.04972 
09/05/2026,06:23:11: 	Recall@10: 0.02571 Recall@20: 0.04091 NDCG@10: 0.01489 NDCG@20: 0.01913 
09/05/2026,06:23:11: Epoch [92/1000]
09/05/2026,06:23:11: Negative sampling...
09/05/2026,06:23:12: Model's personal time...
09/05/2026,06:23:12: Model diagnostics: arce_anchor_count_mean=32.624832, arce_blocker_budget_mean=17.375168, arce_blocker_entropy_mean=4.906994, arce_gamma_effective_beta=3.000000, arce_gamma_max=0.319552, arce_gamma_mean=0.094935, arce_gamma_min=0.050298, arce_gamma_mode=teacher_mass, arce_gamma_std=0.034701, arce_sample_gamma_mean=0.159745, arce_sampled_teacher_overlap_mean=0.652497, arce_teacher_missing_mass_mean=0.196323, arce_teacher_missing_mass_std=0.108679
09/05/2026,06:23:12: Training...
09/05/2026,06:23:13: Evaluating...
09/05/2026,06:23:14: 	Train Loss: 3400971.7500 (base: 293.5298, kd: 6801.3560), Elapsed: train 2.61 test 0.27
09/05/2026,06:23:14: 	Recall@10: 0.06730 Recall@20: 0.09771 NDCG@10: 0.04110 NDCG@20: 0.04943 
09/05/2026,06:23:14: 	Recall@10: 0.02580 Recall@20: 0.04065 NDCG@10: 0.01488 NDCG@20: 0.01903 
09/05/2026,06:23:14: Epoch [93/1000]
09/05/2026,06:23:14: Negative sampling...
09/05/2026,06:23:15: Model's personal time...
09/05/2026,06:23:15: Model diagnostics: arce_anchor_count_mean=32.693619, arce_blocker_budget_mean=17.306381, arce_blocker_entropy_mean=4.904882, arce_gamma_effective_beta=3.000000, arce_gamma_max=0.319552, arce_gamma_mean=0.094601, arce_gamma_min=0.050298, arce_gamma_mode=teacher_mass, arce_gamma_std=0.034487, arce_sample_gamma_mean=0.158995, arce_sampled_teacher_overlap_mean=0.653872, arce_teacher_missing_mass_mean=0.195260, arce_teacher_missing_mass_std=0.108332
09/05/2026,06:23:15: Training...
09/05/2026,06:23:16: Evaluating...
09/05/2026,06:23:16: 	Train Loss: 3401628.0000 (base: 288.5154, kd: 6802.6782), Elapsed: train 2.63 test 0.28
09/05/2026,06:23:16: 	Recall@10: 0.06807 Recall@20: 0.09775 NDCG@10: 0.04134 NDCG@20: 0.04961 
09/05/2026,06:23:16: 	Recall@10: 0.02619 Recall@20: 0.04115 NDCG@10: 0.01504 NDCG@20: 0.01918 
09/05/2026,06:23:16: Epoch [94/1000]
09/05/2026,06:23:16: Negative sampling...
09/05/2026,06:23:18: Model's personal time...
09/05/2026,06:23:18: Model diagnostics: arce_anchor_count_mean=32.750145, arce_blocker_budget_mean=17.249857, arce_blocker_entropy_mean=4.902472, arce_gamma_effective_beta=3.000000, arce_gamma_max=0.319552, arce_gamma_mean=0.094310, arce_gamma_min=0.050677, arce_gamma_mode=teacher_mass, arce_gamma_std=0.034178, arce_sample_gamma_mean=0.158353, arce_sampled_teacher_overlap_mean=0.655003, arce_teacher_missing_mass_mean=0.194393, arce_teacher_missing_mass_std=0.107916
09/05/2026,06:23:18: Training...
09/05/2026,06:23:19: Evaluating...
09/05/2026,06:23:19: 	Train Loss: 3401903.2500 (base: 290.0457, kd: 6803.2271), Elapsed: train 2.47 test 0.27
09/05/2026,06:23:19: 	Recall@10: 0.06812 Recall@20: 0.09827 NDCG@10: 0.04135 NDCG@20: 0.04958 
09/05/2026,06:23:19: 	Recall@10: 0.02637 Recall@20: 0.04073 NDCG@10: 0.01530 NDCG@20: 0.01930 
09/05/2026,06:23:19: Epoch [95/1000]
09/05/2026,06:23:19: Negative sampling...
09/05/2026,06:23:21: Model's personal time...
09/05/2026,06:23:21: Model diagnostics: arce_anchor_count_mean=32.812798, arce_blocker_budget_mean=17.187201, arce_blocker_entropy_mean=4.900789, arce_gamma_effective_beta=3.000000, arce_gamma_max=0.319552, arce_gamma_mean=0.093995, arce_gamma_min=0.050298, arce_gamma_mode=teacher_mass, arce_gamma_std=0.033980, arce_sample_gamma_mean=0.157708, arce_sampled_teacher_overlap_mean=0.656256, arce_teacher_missing_mass_mean=0.193399, arce_teacher_missing_mass_std=0.107548
09/05/2026,06:23:21: Training...
09/05/2026,06:23:22: Evaluating...
09/05/2026,06:23:22: 	Train Loss: 3402263.7500 (base: 284.8738, kd: 6803.9580), Elapsed: train 2.63 test 0.25
09/05/2026,06:23:22: 	Recall@10: 0.06871 Recall@20: 0.09815 NDCG@10: 0.04156 NDCG@20: 0.04961 
09/05/2026,06:23:22: 	Recall@10: 0.02629 Recall@20: 0.04043 NDCG@10: 0.01518 NDCG@20: 0.01910 
09/05/2026,06:23:22: Epoch [96/1000]
09/05/2026,06:23:22: Negative sampling...
09/05/2026,06:23:23: Model's personal time...
09/05/2026,06:23:23: Model diagnostics: arce_anchor_count_mean=32.880054, arce_blocker_budget_mean=17.119946, arce_blocker_entropy_mean=4.898682, arce_gamma_effective_beta=3.000000, arce_gamma_max=0.319552, arce_gamma_mean=0.093680, arce_gamma_min=0.050298, arce_gamma_mode=teacher_mass, arce_gamma_std=0.033761, arce_sample_gamma_mean=0.156989, arce_sampled_teacher_overlap_mean=0.657601, arce_teacher_missing_mass_mean=0.192400, arce_teacher_missing_mass_std=0.107181
09/05/2026,06:23:23: Training...
09/05/2026,06:23:25: Evaluating...
09/05/2026,06:23:25: 	Train Loss: 3403100.7500 (base: 284.6258, kd: 6805.6323), Elapsed: train 2.55 test 0.32
09/05/2026,06:23:25: 	Recall@10: 0.06829 Recall@20: 0.09708 NDCG@10: 0.04123 NDCG@20: 0.04914 
09/05/2026,06:23:25: 	Recall@10: 0.02704 Recall@20: 0.04096 NDCG@10: 0.01535 NDCG@20: 0.01922 
09/05/2026,06:23:25: Epoch [97/1000]
09/05/2026,06:23:25: Negative sampling...
09/05/2026,06:23:27: Model's personal time...
09/05/2026,06:23:27: Model diagnostics: arce_anchor_count_mean=32.933514, arce_blocker_budget_mean=17.066488, arce_blocker_entropy_mean=4.896077, arce_gamma_effective_beta=3.000000, arce_gamma_max=0.319552, arce_gamma_mean=0.093405, arce_gamma_min=0.050298, arce_gamma_mode=teacher_mass, arce_gamma_std=0.033559, arce_sample_gamma_mean=0.156358, arce_sampled_teacher_overlap_mean=0.658670, arce_teacher_missing_mass_mean=0.191534, arce_teacher_missing_mass_std=0.106834
09/05/2026,06:23:27: Training...
09/05/2026,06:23:28: Evaluating...
09/05/2026,06:23:28: 	Train Loss: 3403414.2500 (base: 280.8794, kd: 6806.2666), Elapsed: train 2.87 test 0.27
09/05/2026,06:23:28: 	Recall@10: 0.06846 Recall@20: 0.09760 NDCG@10: 0.04146 NDCG@20: 0.04942 
09/05/2026,06:23:28: 	Recall@10: 0.02618 Recall@20: 0.04068 NDCG@10: 0.01506 NDCG@20: 0.01907 
09/05/2026,06:23:28: Epoch [98/1000]
09/05/2026,06:23:28: Negative sampling...
09/05/2026,06:23:30: Model's personal time...
09/05/2026,06:23:30: Model diagnostics: arce_anchor_count_mean=32.995209, arce_blocker_budget_mean=17.004789, arce_blocker_entropy_mean=4.894486, arce_gamma_effective_beta=3.000000, arce_gamma_max=0.319552, arce_gamma_mean=0.093066, arce_gamma_min=0.050564, arce_gamma_mode=teacher_mass, arce_gamma_std=0.033315, arce_sample_gamma_mean=0.155706, arce_sampled_teacher_overlap_mean=0.659904, arce_teacher_missing_mass_mean=0.190461, arce_teacher_missing_mass_std=0.106410
09/05/2026,06:23:30: Training...
09/05/2026,06:23:31: Evaluating...
09/05/2026,06:23:31: 	Train Loss: 3403267.7500 (base: 281.8045, kd: 6805.9717), Elapsed: train 2.54 test 0.32
09/05/2026,06:23:31: 	Recall@10: 0.06828 Recall@20: 0.09793 NDCG@10: 0.04094 NDCG@20: 0.04907 
09/05/2026,06:23:31: 	Recall@10: 0.02647 Recall@20: 0.04054 NDCG@10: 0.01515 NDCG@20: 0.01907 
09/05/2026,06:23:31: Epoch [99/1000]
09/05/2026,06:23:31: Negative sampling...
09/05/2026,06:23:32: Model's personal time...
09/05/2026,06:23:32: Model diagnostics: arce_anchor_count_mean=33.049625, arce_blocker_budget_mean=16.950373, arce_blocker_entropy_mean=4.892156, arce_gamma_effective_beta=3.000000, arce_gamma_max=0.319552, arce_gamma_mean=0.092804, arce_gamma_min=0.050298, arce_gamma_mode=teacher_mass, arce_gamma_std=0.033206, arce_sample_gamma_mean=0.155092, arce_sampled_teacher_overlap_mean=0.660992, arce_teacher_missing_mass_mean=0.189580, arce_teacher_missing_mass_std=0.106183
09/05/2026,06:23:32: Training...
09/05/2026,06:23:34: Evaluating...
09/05/2026,06:23:34: 	Train Loss: 3404609.2500 (base: 277.3913, kd: 6808.6636), Elapsed: train 2.68 test 0.33
09/05/2026,06:23:34: 	Recall@10: 0.06834 Recall@20: 0.09751 NDCG@10: 0.04098 NDCG@20: 0.04902 
09/05/2026,06:23:34: 	Recall@10: 0.02628 Recall@20: 0.04070 NDCG@10: 0.01503 NDCG@20: 0.01903 
09/05/2026,06:23:34: Epoch [100/1000]
09/05/2026,06:23:34: Negative sampling...
09/05/2026,06:23:36: Model's personal time...
09/05/2026,06:23:36: Model diagnostics: arce_anchor_count_mean=33.103851, arce_blocker_budget_mean=16.896149, arce_blocker_entropy_mean=4.890668, arce_gamma_effective_beta=3.000000, arce_gamma_max=0.319552, arce_gamma_mean=0.092550, arce_gamma_min=0.050521, arce_gamma_mode=teacher_mass, arce_gamma_std=0.033012, arce_sample_gamma_mean=0.154541, arce_sampled_teacher_overlap_mean=0.662077, arce_teacher_missing_mass_mean=0.188769, arce_teacher_missing_mass_std=0.105881
09/05/2026,06:23:36: Training...
09/05/2026,06:23:37: Evaluating...
09/05/2026,06:23:37: 	Train Loss: 3403733.7500 (base: 274.1541, kd: 6806.9194), Elapsed: train 3.11 test 0.33
09/05/2026,06:23:37: 	Recall@10: 0.06889 Recall@20: 0.09696 NDCG@10: 0.04129 NDCG@20: 0.04897 
09/05/2026,06:23:37: 	Recall@10: 0.02666 Recall@20: 0.04047 NDCG@10: 0.01526 NDCG@20: 0.01909 
09/05/2026,06:23:37: Epoch [101/1000]
09/05/2026,06:23:37: Negative sampling...
09/05/2026,06:23:39: Model's personal time...
09/05/2026,06:23:39: Model diagnostics: arce_anchor_count_mean=33.163059, arce_blocker_budget_mean=16.836943, arce_blocker_entropy_mean=4.887949, arce_gamma_effective_beta=3.000000, arce_gamma_max=0.319552, arce_gamma_mean=0.092268, arce_gamma_min=0.050298, arce_gamma_mode=teacher_mass, arce_gamma_std=0.032842, arce_sample_gamma_mean=0.153975, arce_sampled_teacher_overlap_mean=0.663261, arce_teacher_missing_mass_mean=0.187847, arce_teacher_missing_mass_std=0.105582
09/05/2026,06:23:39: Training...
09/05/2026,06:23:40: Evaluating...
09/05/2026,06:23:40: 	Train Loss: 3405238.7500 (base: 272.0109, kd: 6809.9336), Elapsed: train 2.54 test 0.25
09/05/2026,06:23:40: 	Recall@10: 0.06835 Recall@20: 0.09765 NDCG@10: 0.04102 NDCG@20: 0.04906 
09/05/2026,06:23:40: 	Recall@10: 0.02665 Recall@20: 0.04076 NDCG@10: 0.01521 NDCG@20: 0.01913 
09/05/2026,06:23:40: Epoch [102/1000]
09/05/2026,06:23:40: Negative sampling...
09/05/2026,06:23:42: Model's personal time...
09/05/2026,06:23:42: Model diagnostics: arce_anchor_count_mean=33.215176, arce_blocker_budget_mean=16.784824, arce_blocker_entropy_mean=4.887387, arce_gamma_effective_beta=3.000000, arce_gamma_max=0.319552, arce_gamma_mean=0.092029, arce_gamma_min=0.049787, arce_gamma_mode=teacher_mass, arce_gamma_std=0.032676, arce_sample_gamma_mean=0.153421, arce_sampled_teacher_overlap_mean=0.664303, arce_teacher_missing_mass_mean=0.187086, arce_teacher_missing_mass_std=0.105251
09/05/2026,06:23:42: Training...
09/05/2026,06:23:43: Evaluating...
09/05/2026,06:23:43: 	Train Loss: 3405249.0000 (base: 270.2533, kd: 6809.9580), Elapsed: train 2.45 test 0.33
09/05/2026,06:23:43: 	Recall@10: 0.06907 Recall@20: 0.09748 NDCG@10: 0.04120 NDCG@20: 0.04902 
09/05/2026,06:23:43: 	Recall@10: 0.02646 Recall@20: 0.04117 NDCG@10: 0.01508 NDCG@20: 0.01914 
09/05/2026,06:23:43: Epoch [103/1000]
09/05/2026,06:23:43: Negative sampling...
09/05/2026,06:23:45: Model's personal time...
09/05/2026,06:23:45: Model diagnostics: arce_anchor_count_mean=33.271317, arce_blocker_budget_mean=16.728683, arce_blocker_entropy_mean=4.884482, arce_gamma_effective_beta=3.000000, arce_gamma_max=0.319552, arce_gamma_mean=0.091759, arce_gamma_min=0.050564, arce_gamma_mode=teacher_mass, arce_gamma_std=0.032512, arce_sample_gamma_mean=0.152869, arce_sampled_teacher_overlap_mean=0.665426, arce_teacher_missing_mass_mean=0.186203, arce_teacher_missing_mass_std=0.104940
09/05/2026,06:23:45: Training...
09/05/2026,06:23:46: Evaluating...
09/05/2026,06:23:46: 	Train Loss: 3405739.0000 (base: 270.7018, kd: 6810.9360), Elapsed: train 2.81 test 0.30
09/05/2026,06:23:46: 	Recall@10: 0.06969 Recall@20: 0.09779 NDCG@10: 0.04157 NDCG@20: 0.04925 
09/05/2026,06:23:46: 	Recall@10: 0.02676 Recall@20: 0.04108 NDCG@10: 0.01529 NDCG@20: 0.01926 
09/05/2026,06:23:46: Epoch [104/1000]
09/05/2026,06:23:46: Negative sampling...
09/05/2026,06:23:47: Model's personal time...
09/05/2026,06:23:47: Model diagnostics: arce_anchor_count_mean=33.324776, arce_blocker_budget_mean=16.675224, arce_blocker_entropy_mean=4.883437, arce_gamma_effective_beta=3.000000, arce_gamma_max=0.319552, arce_gamma_mean=0.091521, arce_gamma_min=0.049787, arce_gamma_mode=teacher_mass, arce_gamma_std=0.032334, arce_sample_gamma_mean=0.152302, arce_sampled_teacher_overlap_mean=0.666496, arce_teacher_missing_mass_mean=0.185434, arce_teacher_missing_mass_std=0.104664
09/05/2026,06:23:47: Training...
09/05/2026,06:23:49: Evaluating...
09/05/2026,06:23:49: 	Train Loss: 3406106.5000 (base: 267.5346, kd: 6811.6777), Elapsed: train 2.43 test 0.25
09/05/2026,06:23:49: 	Recall@10: 0.06936 Recall@20: 0.09873 NDCG@10: 0.04144 NDCG@20: 0.04946 
09/05/2026,06:23:49: 	Recall@10: 0.02651 Recall@20: 0.04142 NDCG@10: 0.01505 NDCG@20: 0.01918 
09/05/2026,06:23:49: Epoch [105/1000]
09/05/2026,06:23:49: Negative sampling...
09/05/2026,06:23:50: Model's personal time...
09/05/2026,06:23:50: Model diagnostics: arce_anchor_count_mean=33.382641, arce_blocker_budget_mean=16.617359, arce_blocker_entropy_mean=4.880861, arce_gamma_effective_beta=3.000000, arce_gamma_max=0.319552, arce_gamma_mean=0.091263, arce_gamma_min=0.050298, arce_gamma_mode=teacher_mass, arce_gamma_std=0.032209, arce_sample_gamma_mean=0.151678, arce_sampled_teacher_overlap_mean=0.667653, arce_teacher_missing_mass_mean=0.184562, arce_teacher_missing_mass_std=0.104397
09/05/2026,06:23:50: Training...
09/05/2026,06:23:51: Evaluating...
09/05/2026,06:23:52: 	Train Loss: 3406459.0000 (base: 267.3247, kd: 6812.3833), Elapsed: train 2.48 test 0.26
09/05/2026,06:23:52: 	Recall@10: 0.06955 Recall@20: 0.09810 NDCG@10: 0.04161 NDCG@20: 0.04946 
09/05/2026,06:23:52: 	Recall@10: 0.02678 Recall@20: 0.04110 NDCG@10: 0.01510 NDCG@20: 0.01907 
09/05/2026,06:23:52: Epoch [106/1000]
09/05/2026,06:23:52: Negative sampling...
09/05/2026,06:23:53: Model's personal time...
09/05/2026,06:23:53: Model diagnostics: arce_anchor_count_mean=33.437248, arce_blocker_budget_mean=16.562752, arce_blocker_entropy_mean=4.879530, arce_gamma_effective_beta=3.000000, arce_gamma_max=0.319552, arce_gamma_mean=0.091004, arce_gamma_min=0.050298, arce_gamma_mode=teacher_mass, arce_gamma_std=0.032100, arce_sample_gamma_mean=0.151106, arce_sampled_teacher_overlap_mean=0.668745, arce_teacher_missing_mass_mean=0.183681, arce_teacher_missing_mass_std=0.104140
09/05/2026,06:23:53: Training...
09/05/2026,06:23:54: Evaluating...
09/05/2026,06:23:55: 	Train Loss: 3406914.7500 (base: 263.1403, kd: 6813.3032), Elapsed: train 2.63 test 0.34
09/05/2026,06:23:55: 	Recall@10: 0.06967 Recall@20: 0.09795 NDCG@10: 0.04177 NDCG@20: 0.04956 
09/05/2026,06:23:55: 	Recall@10: 0.02719 Recall@20: 0.04138 NDCG@10: 0.01515 NDCG@20: 0.01906 
09/05/2026,06:23:55: Epoch [107/1000]
09/05/2026,06:23:55: Negative sampling...
09/05/2026,06:23:56: Model's personal time...
09/05/2026,06:23:56: Model diagnostics: arce_anchor_count_mean=33.491089, arce_blocker_budget_mean=16.508909, arce_blocker_entropy_mean=4.877378, arce_gamma_effective_beta=3.000000, arce_gamma_max=0.309839, arce_gamma_mean=0.090770, arce_gamma_min=0.050298, arce_gamma_mode=teacher_mass, arce_gamma_std=0.031964, arce_sample_gamma_mean=0.150541, arce_sampled_teacher_overlap_mean=0.669822, arce_teacher_missing_mass_mean=0.182886, arce_teacher_missing_mass_std=0.103935
09/05/2026,06:23:56: Training...
09/05/2026,06:23:57: Evaluating...
09/05/2026,06:23:58: 	Train Loss: 3408363.0000 (base: 262.8073, kd: 6816.2007), Elapsed: train 2.73 test 0.31
09/05/2026,06:23:58: 	Recall@10: 0.06920 Recall@20: 0.09800 NDCG@10: 0.04117 NDCG@20: 0.04913 
09/05/2026,06:23:58: 	Recall@10: 0.02687 Recall@20: 0.04153 NDCG@10: 0.01515 NDCG@20: 0.01918 
09/05/2026,06:23:58: Epoch [108/1000]
09/05/2026,06:23:58: Negative sampling...
09/05/2026,06:23:59: Model's personal time...
09/05/2026,06:23:59: Model diagnostics: arce_anchor_count_mean=33.549530, arce_blocker_budget_mean=16.450470, arce_blocker_entropy_mean=4.876794, arce_gamma_effective_beta=3.000000, arce_gamma_max=0.305201, arce_gamma_mean=0.090501, arce_gamma_min=0.050564, arce_gamma_mode=teacher_mass, arce_gamma_std=0.031708, arce_sample_gamma_mean=0.149979, arce_sampled_teacher_overlap_mean=0.670991, arce_teacher_missing_mass_mean=0.182025, arce_teacher_missing_mass_std=0.103592
09/05/2026,06:23:59: Training...
09/05/2026,06:24:00: Evaluating...
09/05/2026,06:24:00: 	Train Loss: 3408005.7500 (base: 261.6556, kd: 6815.4883), Elapsed: train 2.61 test 0.26
09/05/2026,06:24:00: 	Recall@10: 0.06887 Recall@20: 0.09763 NDCG@10: 0.04143 NDCG@20: 0.04937 
09/05/2026,06:24:00: 	Recall@10: 0.02726 Recall@20: 0.04084 NDCG@10: 0.01520 NDCG@20: 0.01896 
09/05/2026,06:24:00: Epoch [109/1000]
09/05/2026,06:24:00: Negative sampling...
09/05/2026,06:24:02: Model's personal time...
09/05/2026,06:24:02: Model diagnostics: arce_anchor_count_mean=33.586700, arce_blocker_budget_mean=16.413298, arce_blocker_entropy_mean=4.874183, arce_gamma_effective_beta=3.000000, arce_gamma_max=0.305201, arce_gamma_mean=0.090262, arce_gamma_min=0.050564, arce_gamma_mode=teacher_mass, arce_gamma_std=0.031521, arce_sample_gamma_mean=0.149523, arce_sampled_teacher_overlap_mean=0.671734, arce_teacher_missing_mass_mean=0.181274, arce_teacher_missing_mass_std=0.103166
09/05/2026,06:24:02: Training...
09/05/2026,06:24:03: Evaluating...
09/05/2026,06:24:03: 	Train Loss: 3408921.5000 (base: 259.7722, kd: 6817.3232), Elapsed: train 2.48 test 0.26
09/05/2026,06:24:03: 	Recall@10: 0.06796 Recall@20: 0.09797 NDCG@10: 0.04120 NDCG@20: 0.04953 
09/05/2026,06:24:03: 	Recall@10: 0.02707 Recall@20: 0.04097 NDCG@10: 0.01511 NDCG@20: 0.01894 
09/05/2026,06:24:03: Epoch [110/1000]
09/05/2026,06:24:03: Negative sampling...
09/05/2026,06:24:05: Model's personal time...
09/05/2026,06:24:05: Model diagnostics: arce_anchor_count_mean=33.635372, arce_blocker_budget_mean=16.364630, arce_blocker_entropy_mean=4.872679, arce_gamma_effective_beta=3.000000, arce_gamma_max=0.305201, arce_gamma_mean=0.090045, arce_gamma_min=0.050298, arce_gamma_mode=teacher_mass, arce_gamma_std=0.031393, arce_sample_gamma_mean=0.149058, arce_sampled_teacher_overlap_mean=0.672707, arce_teacher_missing_mass_mean=0.180537, arce_teacher_missing_mass_std=0.102942
09/05/2026,06:24:05: Training...
09/05/2026,06:24:06: Evaluating...
09/05/2026,06:24:06: 	Train Loss: 3408318.5000 (base: 259.3846, kd: 6816.1187), Elapsed: train 2.65 test 0.26
09/05/2026,06:24:06: 	Recall@10: 0.06901 Recall@20: 0.09798 NDCG@10: 0.04146 NDCG@20: 0.04942 
09/05/2026,06:24:06: 	Recall@10: 0.02692 Recall@20: 0.04063 NDCG@10: 0.01512 NDCG@20: 0.01893 
09/05/2026,06:24:06: Epoch [111/1000]
09/05/2026,06:24:06: Negative sampling...
09/05/2026,06:24:08: Model's personal time...
09/05/2026,06:24:08: Model diagnostics: arce_anchor_count_mean=33.687489, arce_blocker_budget_mean=16.312511, arce_blocker_entropy_mean=4.871266, arce_gamma_effective_beta=3.000000, arce_gamma_max=0.305201, arce_gamma_mean=0.089799, arce_gamma_min=0.049787, arce_gamma_mode=teacher_mass, arce_gamma_std=0.031194, arce_sample_gamma_mean=0.148470, arce_sampled_teacher_overlap_mean=0.673750, arce_teacher_missing_mass_mean=0.179734, arce_teacher_missing_mass_std=0.102635
09/05/2026,06:24:08: Training...
09/05/2026,06:24:09: Evaluating...
09/05/2026,06:24:09: 	Train Loss: 3409471.0000 (base: 255.7573, kd: 6818.4302), Elapsed: train 2.72 test 0.27
09/05/2026,06:24:09: 	Recall@10: 0.06945 Recall@20: 0.09862 NDCG@10: 0.04152 NDCG@20: 0.04958 
09/05/2026,06:24:09: 	Recall@10: 0.02792 Recall@20: 0.04161 NDCG@10: 0.01539 NDCG@20: 0.01916 
09/05/2026,06:24:09: Epoch [112/1000]
09/05/2026,06:24:09: Negative sampling...
09/05/2026,06:24:11: Model's personal time...
09/05/2026,06:24:11: Model diagnostics: arce_anchor_count_mean=33.743053, arce_blocker_budget_mean=16.256945, arce_blocker_entropy_mean=4.869806, arce_gamma_effective_beta=3.000000, arce_gamma_max=0.305201, arce_gamma_mean=0.089564, arce_gamma_min=0.049787, arce_gamma_mode=teacher_mass, arce_gamma_std=0.031033, arce_sample_gamma_mean=0.147951, arce_sampled_teacher_overlap_mean=0.674861, arce_teacher_missing_mass_mean=0.178934, arce_teacher_missing_mass_std=0.102406
09/05/2026,06:24:11: Training...
09/05/2026,06:24:12: Evaluating...
09/05/2026,06:24:12: 	Train Loss: 3409090.0000 (base: 253.6753, kd: 6817.6729), Elapsed: train 2.79 test 0.26 *
09/05/2026,06:24:12: 	Recall@10: 0.06893 Recall@20: 0.09962 NDCG@10: 0.04131 NDCG@20: 0.04980 
09/05/2026,06:24:12: 	Recall@10: 0.02715 Recall@20: 0.04114 NDCG@10: 0.01522 NDCG@20: 0.01910 
09/05/2026,06:24:12: Epoch [113/1000]
09/05/2026,06:24:12: Negative sampling...
09/05/2026,06:24:14: Model's personal time...
09/05/2026,06:24:14: Model diagnostics: arce_anchor_count_mean=33.792679, arce_blocker_budget_mean=16.207319, arce_blocker_entropy_mean=4.869206, arce_gamma_effective_beta=3.000000, arce_gamma_max=0.305201, arce_gamma_mean=0.089336, arce_gamma_min=0.049787, arce_gamma_mode=teacher_mass, arce_gamma_std=0.030930, arce_sample_gamma_mean=0.147387, arce_sampled_teacher_overlap_mean=0.675854, arce_teacher_missing_mass_mean=0.178165, arce_teacher_missing_mass_std=0.102112
09/05/2026,06:24:14: Training...
09/05/2026,06:24:15: Evaluating...
09/05/2026,06:24:15: 	Train Loss: 3409532.0000 (base: 249.4921, kd: 6818.5645), Elapsed: train 2.40 test 0.26
09/05/2026,06:24:15: 	Recall@10: 0.06953 Recall@20: 0.09957 NDCG@10: 0.04143 NDCG@20: 0.04970 
09/05/2026,06:24:15: 	Recall@10: 0.02762 Recall@20: 0.04117 NDCG@10: 0.01544 NDCG@20: 0.01920 
09/05/2026,06:24:15: Epoch [114/1000]
09/05/2026,06:24:15: Negative sampling...
09/05/2026,06:24:16: Model's personal time...
09/05/2026,06:24:16: Model diagnostics: arce_anchor_count_mean=33.840199, arce_blocker_budget_mean=16.159800, arce_blocker_entropy_mean=4.866779, arce_gamma_effective_beta=3.000000, arce_gamma_max=0.305201, arce_gamma_mean=0.089112, arce_gamma_min=0.049787, arce_gamma_mode=teacher_mass, arce_gamma_std=0.030766, arce_sample_gamma_mean=0.146910, arce_sampled_teacher_overlap_mean=0.676804, arce_teacher_missing_mass_mean=0.177417, arce_teacher_missing_mass_std=0.101834
09/05/2026,06:24:16: Training...
09/05/2026,06:24:17: Evaluating...
09/05/2026,06:24:17: 	Train Loss: 3409936.2500 (base: 254.7080, kd: 6819.3628), Elapsed: train 2.39 test 0.26
09/05/2026,06:24:17: 	Recall@10: 0.06929 Recall@20: 0.09921 NDCG@10: 0.04149 NDCG@20: 0.04972 
09/05/2026,06:24:17: 	Recall@10: 0.02751 Recall@20: 0.04153 NDCG@10: 0.01539 NDCG@20: 0.01925 
09/05/2026,06:24:17: Epoch [115/1000]
09/05/2026,06:24:17: Negative sampling...
09/05/2026,06:24:19: Model's personal time...
09/05/2026,06:24:19: Model diagnostics: arce_anchor_count_mean=33.885227, arce_blocker_budget_mean=16.114773, arce_blocker_entropy_mean=4.865538, arce_gamma_effective_beta=3.000000, arce_gamma_max=0.305201, arce_gamma_mean=0.088928, arce_gamma_min=0.049787, arce_gamma_mode=teacher_mass, arce_gamma_std=0.030632, arce_sample_gamma_mean=0.146421, arce_sampled_teacher_overlap_mean=0.677705, arce_teacher_missing_mass_mean=0.176817, arce_teacher_missing_mass_std=0.101551
09/05/2026,06:24:19: Training...
09/05/2026,06:24:20: Evaluating...
09/05/2026,06:24:20: 	Train Loss: 3409935.5000 (base: 251.6696, kd: 6819.3687), Elapsed: train 2.39 test 0.26
09/05/2026,06:24:20: 	Recall@10: 0.06976 Recall@20: 0.09894 NDCG@10: 0.04145 NDCG@20: 0.04948 
09/05/2026,06:24:20: 	Recall@10: 0.02735 Recall@20: 0.04157 NDCG@10: 0.01531 NDCG@20: 0.01922 
09/05/2026,06:24:20: Epoch [116/1000]
09/05/2026,06:24:20: Negative sampling...
09/05/2026,06:24:21: Model's personal time...
09/05/2026,06:24:21: Model diagnostics: arce_anchor_count_mean=33.922207, arce_blocker_budget_mean=16.077793, arce_blocker_entropy_mean=4.863623, arce_gamma_effective_beta=3.000000, arce_gamma_max=0.305201, arce_gamma_mean=0.088751, arce_gamma_min=0.049787, arce_gamma_mode=teacher_mass, arce_gamma_std=0.030502, arce_sample_gamma_mean=0.146040, arce_sampled_teacher_overlap_mean=0.678444, arce_teacher_missing_mass_mean=0.176230, arce_teacher_missing_mass_std=0.101304
09/05/2026,06:24:21: Training...
09/05/2026,06:24:23: Evaluating...
09/05/2026,06:24:23: 	Train Loss: 3410416.2500 (base: 246.3966, kd: 6820.3403), Elapsed: train 2.60 test 0.32
09/05/2026,06:24:23: 	Recall@10: 0.06971 Recall@20: 0.09915 NDCG@10: 0.04151 NDCG@20: 0.04961 
09/05/2026,06:24:23: 	Recall@10: 0.02744 Recall@20: 0.04175 NDCG@10: 0.01539 NDCG@20: 0.01931 
09/05/2026,06:24:23: Epoch [117/1000]
09/05/2026,06:24:23: Negative sampling...
09/05/2026,06:24:24: Model's personal time...
09/05/2026,06:24:24: Model diagnostics: arce_anchor_count_mean=33.978157, arce_blocker_budget_mean=16.021843, arce_blocker_entropy_mean=4.863034, arce_gamma_effective_beta=3.000000, arce_gamma_max=0.307065, arce_gamma_mean=0.088517, arce_gamma_min=0.049787, arce_gamma_mode=teacher_mass, arce_gamma_std=0.030361, arce_sample_gamma_mean=0.145508, arce_sampled_teacher_overlap_mean=0.679563, arce_teacher_missing_mass_mean=0.175431, arce_teacher_missing_mass_std=0.101045
09/05/2026,06:24:24: Training...
09/05/2026,06:24:26: Evaluating...
09/05/2026,06:24:26: 	Train Loss: 3410669.7500 (base: 245.8416, kd: 6820.8467), Elapsed: train 2.60 test 0.26 *
09/05/2026,06:24:26: 	Recall@10: 0.07001 Recall@20: 0.10001 NDCG@10: 0.04174 NDCG@20: 0.04997 
09/05/2026,06:24:26: 	Recall@10: 0.02773 Recall@20: 0.04191 NDCG@10: 0.01529 NDCG@20: 0.01917 
09/05/2026,06:24:26: Epoch [118/1000]
09/05/2026,06:24:26: Negative sampling...
09/05/2026,06:24:27: Model's personal time...
09/05/2026,06:24:27: Model diagnostics: arce_anchor_count_mean=34.019352, arce_blocker_budget_mean=15.980647, arce_blocker_entropy_mean=4.861382, arce_gamma_effective_beta=3.000000, arce_gamma_max=0.307065, arce_gamma_mean=0.088292, arce_gamma_min=0.049787, arce_gamma_mode=teacher_mass, arce_gamma_std=0.030156, arce_sample_gamma_mean=0.145086, arce_sampled_teacher_overlap_mean=0.680387, arce_teacher_missing_mass_mean=0.174710, arce_teacher_missing_mass_std=0.100664
09/05/2026,06:24:27: Training...
09/05/2026,06:24:29: Evaluating...
09/05/2026,06:24:29: 	Train Loss: 3411314.7500 (base: 244.6505, kd: 6822.1401), Elapsed: train 2.64 test 0.33
09/05/2026,06:24:29: 	Recall@10: 0.06927 Recall@20: 0.09846 NDCG@10: 0.04142 NDCG@20: 0.04951 
09/05/2026,06:24:29: 	Recall@10: 0.02778 Recall@20: 0.04192 NDCG@10: 0.01544 NDCG@20: 0.01933 
09/05/2026,06:24:29: Epoch [119/1000]
09/05/2026,06:24:29: Negative sampling...
09/05/2026,06:24:30: Model's personal time...
09/05/2026,06:24:30: Model diagnostics: arce_anchor_count_mean=34.076836, arce_blocker_budget_mean=15.923165, arce_blocker_entropy_mean=4.858260, arce_gamma_effective_beta=3.000000, arce_gamma_max=0.298361, arce_gamma_mean=0.088043, arce_gamma_min=0.049787, arce_gamma_mode=teacher_mass, arce_gamma_std=0.029955, arce_sample_gamma_mean=0.144536, arce_sampled_teacher_overlap_mean=0.681537, arce_teacher_missing_mass_mean=0.173874, arce_teacher_missing_mass_std=0.100351
09/05/2026,06:24:30: Training...
09/05/2026,06:24:32: Evaluating...
09/05/2026,06:24:32: 	Train Loss: 3411583.0000 (base: 240.4846, kd: 6822.6846), Elapsed: train 2.73 test 0.32
09/05/2026,06:24:32: 	Recall@10: 0.06891 Recall@20: 0.09909 NDCG@10: 0.04128 NDCG@20: 0.04963 
09/05/2026,06:24:32: 	Recall@10: 0.02727 Recall@20: 0.04176 NDCG@10: 0.01528 NDCG@20: 0.01927 
09/05/2026,06:24:32: Epoch [120/1000]
09/05/2026,06:24:32: Negative sampling...
09/05/2026,06:24:33: Model's personal time...
09/05/2026,06:24:33: Model diagnostics: arce_anchor_count_mean=34.110748, arce_blocker_budget_mean=15.889251, arce_blocker_entropy_mean=4.858304, arce_gamma_effective_beta=3.000000, arce_gamma_max=0.298361, arce_gamma_mean=0.087862, arce_gamma_min=0.049787, arce_gamma_mode=teacher_mass, arce_gamma_std=0.029827, arce_sample_gamma_mean=0.144211, arce_sampled_teacher_overlap_mean=0.682215, arce_teacher_missing_mass_mean=0.173274, arce_teacher_missing_mass_std=0.100070
09/05/2026,06:24:33: Training...
09/05/2026,06:24:35: Evaluating...
09/05/2026,06:24:35: 	Train Loss: 3411565.7500 (base: 241.9561, kd: 6822.6479), Elapsed: train 2.70 test 0.30
09/05/2026,06:24:35: 	Recall@10: 0.06960 Recall@20: 0.09903 NDCG@10: 0.04142 NDCG@20: 0.04960 
09/05/2026,06:24:35: 	Recall@10: 0.02762 Recall@20: 0.04190 NDCG@10: 0.01532 NDCG@20: 0.01929 
09/05/2026,06:24:35: Epoch [121/1000]
09/05/2026,06:24:35: Negative sampling...
09/05/2026,06:24:36: Model's personal time...
09/05/2026,06:24:36: Model diagnostics: arce_anchor_count_mean=34.156734, arce_blocker_budget_mean=15.843265, arce_blocker_entropy_mean=4.855839, arce_gamma_effective_beta=3.000000, arce_gamma_max=0.301362, arce_gamma_mean=0.087668, arce_gamma_min=0.049787, arce_gamma_mode=teacher_mass, arce_gamma_std=0.029705, arce_sample_gamma_mean=0.143770, arce_sampled_teacher_overlap_mean=0.683135, arce_teacher_missing_mass_mean=0.172606, arce_teacher_missing_mass_std=0.099826
09/05/2026,06:24:36: Training...
09/05/2026,06:24:37: Evaluating...
09/05/2026,06:24:38: 	Train Loss: 3412130.2500 (base: 241.5968, kd: 6823.7773), Elapsed: train 2.41 test 0.27
09/05/2026,06:24:38: 	Recall@10: 0.06914 Recall@20: 0.09880 NDCG@10: 0.04144 NDCG@20: 0.04958 
09/05/2026,06:24:38: 	Recall@10: 0.02772 Recall@20: 0.04145 NDCG@10: 0.01560 NDCG@20: 0.01941 
09/05/2026,06:24:38: Epoch [122/1000]
09/05/2026,06:24:38: Negative sampling...
09/05/2026,06:24:39: Model's personal time...
09/05/2026,06:24:39: Model diagnostics: arce_anchor_count_mean=34.190842, arce_blocker_budget_mean=15.809158, arce_blocker_entropy_mean=4.853549, arce_gamma_effective_beta=3.000000, arce_gamma_max=0.301362, arce_gamma_mean=0.087488, arce_gamma_min=0.049787, arce_gamma_mode=teacher_mass, arce_gamma_std=0.029542, arce_sample_gamma_mean=0.143407, arce_sampled_teacher_overlap_mean=0.683817, arce_teacher_missing_mass_mean=0.172022, arce_teacher_missing_mass_std=0.099512
09/05/2026,06:24:39: Training...
09/05/2026,06:24:40: Evaluating...
09/05/2026,06:24:41: 	Train Loss: 3412512.0000 (base: 236.2032, kd: 6824.5508), Elapsed: train 2.77 test 0.27
09/05/2026,06:24:41: 	Recall@10: 0.07006 Recall@20: 0.09880 NDCG@10: 0.04168 NDCG@20: 0.04963 
09/05/2026,06:24:41: 	Recall@10: 0.02782 Recall@20: 0.04204 NDCG@10: 0.01554 NDCG@20: 0.01948 
09/05/2026,06:24:41: Epoch [123/1000]
09/05/2026,06:24:41: Negative sampling...
09/05/2026,06:24:42: Model's personal time...
09/05/2026,06:24:42: Model diagnostics: arce_anchor_count_mean=34.244492, arce_blocker_budget_mean=15.755508, arce_blocker_entropy_mean=4.851738, arce_gamma_effective_beta=3.000000, arce_gamma_max=0.301362, arce_gamma_mean=0.087261, arce_gamma_min=0.049787, arce_gamma_mode=teacher_mass, arce_gamma_std=0.029326, arce_sample_gamma_mean=0.142899, arce_sampled_teacher_overlap_mean=0.684890, arce_teacher_missing_mass_mean=0.171278, arce_teacher_missing_mass_std=0.099166
09/05/2026,06:24:42: Training...
09/05/2026,06:24:43: Evaluating...
09/05/2026,06:24:44: 	Train Loss: 3412929.0000 (base: 236.1004, kd: 6825.3857), Elapsed: train 2.69 test 0.27
09/05/2026,06:24:44: 	Recall@10: 0.06977 Recall@20: 0.09901 NDCG@10: 0.04147 NDCG@20: 0.04956 
09/05/2026,06:24:44: 	Recall@10: 0.02784 Recall@20: 0.04229 NDCG@10: 0.01547 NDCG@20: 0.01944 
09/05/2026,06:24:44: Epoch [124/1000]
09/05/2026,06:24:44: Negative sampling...
09/05/2026,06:24:45: Model's personal time...
09/05/2026,06:24:45: Model diagnostics: arce_anchor_count_mean=34.288559, arce_blocker_budget_mean=15.711439, arce_blocker_entropy_mean=4.851230, arce_gamma_effective_beta=3.000000, arce_gamma_max=0.301362, arce_gamma_mean=0.087078, arce_gamma_min=0.049787, arce_gamma_mode=teacher_mass, arce_gamma_std=0.029241, arce_sample_gamma_mean=0.142510, arce_sampled_teacher_overlap_mean=0.685771, arce_teacher_missing_mass_mean=0.170636, arce_teacher_missing_mass_std=0.098959
09/05/2026,06:24:45: Training...
09/05/2026,06:24:46: Evaluating...
09/05/2026,06:24:47: 	Train Loss: 3413251.7500 (base: 234.9331, kd: 6826.0342), Elapsed: train 2.78 test 0.28
09/05/2026,06:24:47: 	Recall@10: 0.06965 Recall@20: 0.09866 NDCG@10: 0.04143 NDCG@20: 0.04946 
09/05/2026,06:24:47: 	Recall@10: 0.02792 Recall@20: 0.04180 NDCG@10: 0.01568 NDCG@20: 0.01949 
09/05/2026,06:24:47: Epoch [125/1000]
09/05/2026,06:24:47: Negative sampling...
09/05/2026,06:24:48: Model's personal time...
09/05/2026,06:24:48: Model diagnostics: arce_anchor_count_mean=34.320751, arce_blocker_budget_mean=15.679249, arce_blocker_entropy_mean=4.848735, arce_gamma_effective_beta=3.000000, arce_gamma_max=0.298361, arce_gamma_mean=0.086956, arce_gamma_min=0.049787, arce_gamma_mode=teacher_mass, arce_gamma_std=0.029148, arce_sample_gamma_mean=0.142178, arce_sampled_teacher_overlap_mean=0.686415, arce_teacher_missing_mass_mean=0.170199, arce_teacher_missing_mass_std=0.098869
09/05/2026,06:24:48: Training...
09/05/2026,06:24:49: Evaluating...
09/05/2026,06:24:49: 	Train Loss: 3413895.7500 (base: 233.5527, kd: 6827.3247), Elapsed: train 2.58 test 0.27
09/05/2026,06:24:49: 	Recall@10: 0.06986 Recall@20: 0.09900 NDCG@10: 0.04162 NDCG@20: 0.04969 
09/05/2026,06:24:49: 	Recall@10: 0.02796 Recall@20: 0.04229 NDCG@10: 0.01553 NDCG@20: 0.01947 
09/05/2026,06:24:49: Epoch [126/1000]
09/05/2026,06:24:49: Negative sampling...
09/05/2026,06:24:51: Model's personal time...
09/05/2026,06:24:51: Model diagnostics: arce_anchor_count_mean=34.361565, arce_blocker_budget_mean=15.638436, arce_blocker_entropy_mean=4.847438, arce_gamma_effective_beta=3.000000, arce_gamma_max=0.298361, arce_gamma_mean=0.086779, arce_gamma_min=0.049787, arce_gamma_mode=teacher_mass, arce_gamma_std=0.029053, arce_sample_gamma_mean=0.141787, arce_sampled_teacher_overlap_mean=0.687231, arce_teacher_missing_mass_mean=0.169567, arce_teacher_missing_mass_std=0.098704
09/05/2026,06:24:51: Training...
09/05/2026,06:24:52: Evaluating...
09/05/2026,06:24:52: 	Train Loss: 3414522.5000 (base: 233.4813, kd: 6828.5776), Elapsed: train 2.67 test 0.29
09/05/2026,06:24:52: 	Recall@10: 0.07034 Recall@20: 0.09799 NDCG@10: 0.04172 NDCG@20: 0.04942 
09/05/2026,06:24:52: 	Recall@10: 0.02715 Recall@20: 0.04211 NDCG@10: 0.01515 NDCG@20: 0.01929 
09/05/2026,06:24:52: Epoch [127/1000]
09/05/2026,06:24:52: Negative sampling...
09/05/2026,06:24:54: Model's personal time...
09/05/2026,06:24:54: Model diagnostics: arce_anchor_count_mean=34.397202, arce_blocker_budget_mean=15.602798, arce_blocker_entropy_mean=4.844991, arce_gamma_effective_beta=3.000000, arce_gamma_max=0.298361, arce_gamma_mean=0.086608, arce_gamma_min=0.050370, arce_gamma_mode=teacher_mass, arce_gamma_std=0.028926, arce_sample_gamma_mean=0.141406, arce_sampled_teacher_overlap_mean=0.687944, arce_teacher_missing_mass_mean=0.169006, arce_teacher_missing_mass_std=0.098369
09/05/2026,06:24:54: Training...
09/05/2026,06:24:55: Evaluating...
09/05/2026,06:24:56: 	Train Loss: 3414621.7500 (base: 236.1196, kd: 6828.7715), Elapsed: train 2.83 test 0.33
09/05/2026,06:24:56: 	Recall@10: 0.06974 Recall@20: 0.09922 NDCG@10: 0.04149 NDCG@20: 0.04967 
09/05/2026,06:24:56: 	Recall@10: 0.02753 Recall@20: 0.04238 NDCG@10: 0.01538 NDCG@20: 0.01946 
09/05/2026,06:24:56: Epoch [128/1000]
09/05/2026,06:24:56: Negative sampling...
09/05/2026,06:24:57: Model's personal time...
09/05/2026,06:24:57: Model diagnostics: arce_anchor_count_mean=34.433414, arce_blocker_budget_mean=15.566584, arce_blocker_entropy_mean=4.843864, arce_gamma_effective_beta=3.000000, arce_gamma_max=0.298361, arce_gamma_mean=0.086439, arce_gamma_min=0.049787, arce_gamma_mode=teacher_mass, arce_gamma_std=0.028808, arce_sample_gamma_mean=0.141071, arce_sampled_teacher_overlap_mean=0.688668, arce_teacher_missing_mass_mean=0.168417, arce_teacher_missing_mass_std=0.098174
09/05/2026,06:24:57: Training...
09/05/2026,06:24:58: Evaluating...
09/05/2026,06:24:59: 	Train Loss: 3414602.0000 (base: 230.6831, kd: 6828.7427), Elapsed: train 2.67 test 0.33
09/05/2026,06:24:59: 	Recall@10: 0.06900 Recall@20: 0.10009 NDCG@10: 0.04132 NDCG@20: 0.04984 
09/05/2026,06:24:59: 	Recall@10: 0.02725 Recall@20: 0.04225 NDCG@10: 0.01527 NDCG@20: 0.01939 
09/05/2026,06:24:59: Epoch [129/1000]
09/05/2026,06:24:59: Negative sampling...
09/05/2026,06:25:00: Model's personal time...
09/05/2026,06:25:00: Model diagnostics: arce_anchor_count_mean=34.472889, arce_blocker_budget_mean=15.527112, arce_blocker_entropy_mean=4.842462, arce_gamma_effective_beta=3.000000, arce_gamma_max=0.298361, arce_gamma_mean=0.086285, arce_gamma_min=0.049787, arce_gamma_mode=teacher_mass, arce_gamma_std=0.028697, arce_sample_gamma_mean=0.140717, arce_sampled_teacher_overlap_mean=0.689458, arce_teacher_missing_mass_mean=0.167881, arce_teacher_missing_mass_std=0.097999
09/05/2026,06:25:00: Training...
09/05/2026,06:25:01: Evaluating...
09/05/2026,06:25:01: 	Train Loss: 3415205.7500 (base: 228.8924, kd: 6829.9541), Elapsed: train 2.59 test 0.25 *
09/05/2026,06:25:01: 	Recall@10: 0.06990 Recall@20: 0.10052 NDCG@10: 0.04168 NDCG@20: 0.05006 
09/05/2026,06:25:01: 	Recall@10: 0.02742 Recall@20: 0.04213 NDCG@10: 0.01538 NDCG@20: 0.01941 
09/05/2026,06:25:01: Epoch [130/1000]
09/05/2026,06:25:01: Negative sampling...
09/05/2026,06:25:03: Model's personal time...
09/05/2026,06:25:03: Model diagnostics: arce_anchor_count_mean=34.508526, arce_blocker_budget_mean=15.491473, arce_blocker_entropy_mean=4.840926, arce_gamma_effective_beta=3.000000, arce_gamma_max=0.298361, arce_gamma_mean=0.086128, arce_gamma_min=0.049787, arce_gamma_mode=teacher_mass, arce_gamma_std=0.028580, arce_sample_gamma_mean=0.140354, arce_sampled_teacher_overlap_mean=0.690171, arce_teacher_missing_mass_mean=0.167337, arce_teacher_missing_mass_std=0.097807
09/05/2026,06:25:03: Training...
09/05/2026,06:25:04: Evaluating...
09/05/2026,06:25:04: 	Train Loss: 3415278.5000 (base: 225.3670, kd: 6830.1064), Elapsed: train 2.55 test 0.27
09/05/2026,06:25:04: 	Recall@10: 0.07031 Recall@20: 0.10017 NDCG@10: 0.04177 NDCG@20: 0.04994 
09/05/2026,06:25:04: 	Recall@10: 0.02746 Recall@20: 0.04162 NDCG@10: 0.01534 NDCG@20: 0.01927 
09/05/2026,06:25:04: Epoch [131/1000]
09/05/2026,06:25:04: Negative sampling...
09/05/2026,06:25:06: Model's personal time...
09/05/2026,06:25:06: Model diagnostics: arce_anchor_count_mean=34.537075, arce_blocker_budget_mean=15.462924, arce_blocker_entropy_mean=4.839274, arce_gamma_effective_beta=3.000000, arce_gamma_max=0.298361, arce_gamma_mean=0.085989, arce_gamma_min=0.049787, arce_gamma_mode=teacher_mass, arce_gamma_std=0.028470, arce_sample_gamma_mean=0.140078, arce_sampled_teacher_overlap_mean=0.690741, arce_teacher_missing_mass_mean=0.166870, arce_teacher_missing_mass_std=0.097582
09/05/2026,06:25:06: Training...
09/05/2026,06:25:07: Evaluating...
09/05/2026,06:25:07: 	Train Loss: 3415461.2500 (base: 226.5541, kd: 6830.4692), Elapsed: train 2.50 test 0.26 *
09/05/2026,06:25:07: 	Recall@10: 0.07021 Recall@20: 0.10015 NDCG@10: 0.04185 NDCG@20: 0.05007 
09/05/2026,06:25:07: 	Recall@10: 0.02754 Recall@20: 0.04223 NDCG@10: 0.01534 NDCG@20: 0.01939 
09/05/2026,06:25:07: Epoch [132/1000]
09/05/2026,06:25:07: Negative sampling...
09/05/2026,06:25:08: Model's personal time...
09/05/2026,06:25:08: Model diagnostics: arce_anchor_count_mean=34.564476, arce_blocker_budget_mean=15.435524, arce_blocker_entropy_mean=4.837257, arce_gamma_effective_beta=3.000000, arce_gamma_max=0.307837, arce_gamma_mean=0.085855, arce_gamma_min=0.049787, arce_gamma_mode=teacher_mass, arce_gamma_std=0.028413, arce_sample_gamma_mean=0.139839, arce_sampled_teacher_overlap_mean=0.691289, arce_teacher_missing_mass_mean=0.166400, arce_teacher_missing_mass_std=0.097397
09/05/2026,06:25:08: Training...
09/05/2026,06:25:10: Evaluating...
09/05/2026,06:25:10: 	Train Loss: 3415999.5000 (base: 222.9711, kd: 6831.5527), Elapsed: train 2.57 test 0.25
09/05/2026,06:25:10: 	Recall@10: 0.07018 Recall@20: 0.10007 NDCG@10: 0.04168 NDCG@20: 0.04992 
09/05/2026,06:25:10: 	Recall@10: 0.02798 Recall@20: 0.04156 NDCG@10: 0.01548 NDCG@20: 0.01923 
09/05/2026,06:25:10: Epoch [133/1000]
09/05/2026,06:25:10: Negative sampling...
09/05/2026,06:25:11: Model's personal time...
09/05/2026,06:25:11: Model diagnostics: arce_anchor_count_mean=34.599922, arce_blocker_budget_mean=15.400077, arce_blocker_entropy_mean=4.835433, arce_gamma_effective_beta=3.000000, arce_gamma_max=0.298361, arce_gamma_mean=0.085693, arce_gamma_min=0.049787, arce_gamma_mode=teacher_mass, arce_gamma_std=0.028273, arce_sample_gamma_mean=0.139526, arce_sampled_teacher_overlap_mean=0.691998, arce_teacher_missing_mass_mean=0.165852, arce_teacher_missing_mass_std=0.097140
09/05/2026,06:25:11: Training...
09/05/2026,06:25:12: Evaluating...
09/05/2026,06:25:12: 	Train Loss: 3416713.0000 (base: 223.9037, kd: 6832.9780), Elapsed: train 2.39 test 0.26
09/05/2026,06:25:12: 	Recall@10: 0.07129 Recall@20: 0.10087 NDCG@10: 0.04193 NDCG@20: 0.05001 
09/05/2026,06:25:12: 	Recall@10: 0.02811 Recall@20: 0.04193 NDCG@10: 0.01540 NDCG@20: 0.01920 
09/05/2026,06:25:12: Epoch [134/1000]
09/05/2026,06:25:12: Negative sampling...
09/05/2026,06:25:14: Model's personal time...
09/05/2026,06:25:14: Model diagnostics: arce_anchor_count_mean=34.650124, arce_blocker_budget_mean=15.349875, arce_blocker_entropy_mean=4.835041, arce_gamma_effective_beta=3.000000, arce_gamma_max=0.309640, arce_gamma_mean=0.085484, arce_gamma_min=0.049787, arce_gamma_mode=teacher_mass, arce_gamma_std=0.028081, arce_sample_gamma_mean=0.139040, arce_sampled_teacher_overlap_mean=0.693002, arce_teacher_missing_mass_mean=0.165156, arce_teacher_missing_mass_std=0.096783
09/05/2026,06:25:14: Training...
09/05/2026,06:25:15: Evaluating...
09/05/2026,06:25:15: 	Train Loss: 3416805.5000 (base: 226.5329, kd: 6833.1582), Elapsed: train 2.46 test 0.26
09/05/2026,06:25:15: 	Recall@10: 0.07056 Recall@20: 0.10087 NDCG@10: 0.04171 NDCG@20: 0.05005 
09/05/2026,06:25:15: 	Recall@10: 0.02734 Recall@20: 0.04215 NDCG@10: 0.01521 NDCG@20: 0.01929 
09/05/2026,06:25:15: Epoch [135/1000]
09/05/2026,06:25:15: Negative sampling...
09/05/2026,06:25:17: Model's personal time...
09/05/2026,06:25:17: Model diagnostics: arce_anchor_count_mean=34.692085, arce_blocker_budget_mean=15.307913, arce_blocker_entropy_mean=4.832626, arce_gamma_effective_beta=3.000000, arce_gamma_max=0.309640, arce_gamma_mean=0.085311, arce_gamma_min=0.049787, arce_gamma_mode=teacher_mass, arce_gamma_std=0.027992, arce_sample_gamma_mean=0.138605, arce_sampled_teacher_overlap_mean=0.693842, arce_teacher_missing_mass_mean=0.164545, arce_teacher_missing_mass_std=0.096537
09/05/2026,06:25:17: Training...
09/05/2026,06:25:18: Evaluating...
09/05/2026,06:25:18: 	Train Loss: 3417305.0000 (base: 220.8708, kd: 6834.1685), Elapsed: train 2.46 test 0.27
09/05/2026,06:25:18: 	Recall@10: 0.07054 Recall@20: 0.10050 NDCG@10: 0.04173 NDCG@20: 0.04999 
09/05/2026,06:25:18: 	Recall@10: 0.02801 Recall@20: 0.04196 NDCG@10: 0.01538 NDCG@20: 0.01923 
09/05/2026,06:25:18: Epoch [136/1000]
09/05/2026,06:25:18: Negative sampling...
09/05/2026,06:25:19: Model's personal time...
09/05/2026,06:25:19: Model diagnostics: arce_anchor_count_mean=34.721592, arce_blocker_budget_mean=15.278405, arce_blocker_entropy_mean=4.831586, arce_gamma_effective_beta=3.000000, arce_gamma_max=0.318673, arce_gamma_mean=0.085177, arce_gamma_min=0.049787, arce_gamma_mode=teacher_mass, arce_gamma_std=0.027919, arce_sample_gamma_mean=0.138351, arce_sampled_teacher_overlap_mean=0.694432, arce_teacher_missing_mass_mean=0.164059, arce_teacher_missing_mass_std=0.096397
09/05/2026,06:25:19: Training...
09/05/2026,06:25:20: Evaluating...
09/05/2026,06:25:21: 	Train Loss: 3417157.2500 (base: 220.1415, kd: 6833.8750), Elapsed: train 2.50 test 0.27
09/05/2026,06:25:21: 	Recall@10: 0.07071 Recall@20: 0.10082 NDCG@10: 0.04158 NDCG@20: 0.04988 
09/05/2026,06:25:21: 	Recall@10: 0.02779 Recall@20: 0.04219 NDCG@10: 0.01534 NDCG@20: 0.01929 
09/05/2026,06:25:21: Epoch [137/1000]
09/05/2026,06:25:21: Negative sampling...
09/05/2026,06:25:22: Model's personal time...
09/05/2026,06:25:22: Model diagnostics: arce_anchor_count_mean=34.762596, arce_blocker_budget_mean=15.237402, arce_blocker_entropy_mean=4.829248, arce_gamma_effective_beta=3.000000, arce_gamma_max=0.298361, arce_gamma_mean=0.085014, arce_gamma_min=0.050275, arce_gamma_mode=teacher_mass, arce_gamma_std=0.027763, arce_sample_gamma_mean=0.137986, arce_sampled_teacher_overlap_mean=0.695252, arce_teacher_missing_mass_mean=0.163504, arce_teacher_missing_mass_std=0.096162
09/05/2026,06:25:22: Training...
09/05/2026,06:25:23: Evaluating...
09/05/2026,06:25:23: 	Train Loss: 3417746.7500 (base: 218.8201, kd: 6835.0562), Elapsed: train 2.37 test 0.27 *
09/05/2026,06:25:23: 	Recall@10: 0.07058 Recall@20: 0.10092 NDCG@10: 0.04201 NDCG@20: 0.05039 
09/05/2026,06:25:23: 	Recall@10: 0.02711 Recall@20: 0.04203 NDCG@10: 0.01519 NDCG@20: 0.01933 
09/05/2026,06:25:23: Epoch [138/1000]
09/05/2026,06:25:23: Negative sampling...
09/05/2026,06:25:25: Model's personal time...
09/05/2026,06:25:25: Model diagnostics: arce_anchor_count_mean=34.795170, arce_blocker_budget_mean=15.204828, arce_blocker_entropy_mean=4.828133, arce_gamma_effective_beta=3.000000, arce_gamma_max=0.298361, arce_gamma_mean=0.084858, arce_gamma_min=0.050275, arce_gamma_mode=teacher_mass, arce_gamma_std=0.027641, arce_sample_gamma_mean=0.137700, arce_sampled_teacher_overlap_mean=0.695903, arce_teacher_missing_mass_mean=0.162962, arce_teacher_missing_mass_std=0.095926
09/05/2026,06:25:25: Training...
09/05/2026,06:25:26: Evaluating...
09/05/2026,06:25:26: 	Train Loss: 3417850.7500 (base: 215.7103, kd: 6835.2695), Elapsed: train 2.54 test 0.30
09/05/2026,06:25:26: 	Recall@10: 0.07009 Recall@20: 0.10038 NDCG@10: 0.04154 NDCG@20: 0.04989 
09/05/2026,06:25:26: 	Recall@10: 0.02792 Recall@20: 0.04216 NDCG@10: 0.01540 NDCG@20: 0.01929 
09/05/2026,06:25:26: Epoch [139/1000]
09/05/2026,06:25:26: Negative sampling...
09/05/2026,06:25:28: Model's personal time...
09/05/2026,06:25:28: Model diagnostics: arce_anchor_count_mean=34.835983, arce_blocker_budget_mean=15.164016, arce_blocker_entropy_mean=4.826670, arce_gamma_effective_beta=3.000000, arce_gamma_max=0.297557, arce_gamma_mean=0.084678, arce_gamma_min=0.050275, arce_gamma_mode=teacher_mass, arce_gamma_std=0.027437, arce_sample_gamma_mean=0.137318, arce_sampled_teacher_overlap_mean=0.696720, arce_teacher_missing_mass_mean=0.162369, arce_teacher_missing_mass_std=0.095587
09/05/2026,06:25:28: Training...
09/05/2026,06:25:29: Evaluating...
09/05/2026,06:25:29: 	Train Loss: 3418024.7500 (base: 216.1643, kd: 6835.6172), Elapsed: train 2.67 test 0.27
09/05/2026,06:25:29: 	Recall@10: 0.07121 Recall@20: 0.09972 NDCG@10: 0.04220 NDCG@20: 0.05007 
09/05/2026,06:25:29: 	Recall@10: 0.02750 Recall@20: 0.04219 NDCG@10: 0.01533 NDCG@20: 0.01938 
09/05/2026,06:25:29: Epoch [140/1000]
09/05/2026,06:25:29: Negative sampling...
09/05/2026,06:25:30: Model's personal time...
09/05/2026,06:25:30: Model diagnostics: arce_anchor_count_mean=34.867790, arce_blocker_budget_mean=15.132209, arce_blocker_entropy_mean=4.825175, arce_gamma_effective_beta=3.000000, arce_gamma_max=0.306931, arce_gamma_mean=0.084540, arce_gamma_min=0.050275, arce_gamma_mode=teacher_mass, arce_gamma_std=0.027378, arce_sample_gamma_mean=0.137026, arce_sampled_teacher_overlap_mean=0.697356, arce_teacher_missing_mass_mean=0.161863, arce_teacher_missing_mass_std=0.095447
09/05/2026,06:25:30: Training...
09/05/2026,06:25:32: Evaluating...
09/05/2026,06:25:32: 	Train Loss: 3418600.7500 (base: 215.7657, kd: 6836.7695), Elapsed: train 2.56 test 0.28
09/05/2026,06:25:32: 	Recall@10: 0.07052 Recall@20: 0.10031 NDCG@10: 0.04175 NDCG@20: 0.04996 
09/05/2026,06:25:32: 	Recall@10: 0.02808 Recall@20: 0.04237 NDCG@10: 0.01558 NDCG@20: 0.01949 
09/05/2026,06:25:32: Epoch [141/1000]
09/05/2026,06:25:32: Negative sampling...
09/05/2026,06:25:33: Model's personal time...
09/05/2026,06:25:33: Model diagnostics: arce_anchor_count_mean=34.899216, arce_blocker_budget_mean=15.100785, arce_blocker_entropy_mean=4.824061, arce_gamma_effective_beta=3.000000, arce_gamma_max=0.298361, arce_gamma_mean=0.084403, arce_gamma_min=0.050275, arce_gamma_mode=teacher_mass, arce_gamma_std=0.027208, arce_sample_gamma_mean=0.136699, arce_sampled_teacher_overlap_mean=0.697984, arce_teacher_missing_mass_mean=0.161411, arce_teacher_missing_mass_std=0.095188
09/05/2026,06:25:33: Training...
09/05/2026,06:25:35: Evaluating...
09/05/2026,06:25:35: 	Train Loss: 3418614.5000 (base: 213.0614, kd: 6836.8032), Elapsed: train 2.74 test 0.33
09/05/2026,06:25:35: 	Recall@10: 0.07061 Recall@20: 0.10017 NDCG@10: 0.04183 NDCG@20: 0.05004 
09/05/2026,06:25:35: 	Recall@10: 0.02798 Recall@20: 0.04257 NDCG@10: 0.01537 NDCG@20: 0.01937 
09/05/2026,06:25:35: Epoch [142/1000]
09/05/2026,06:25:35: Negative sampling...
09/05/2026,06:25:37: Model's personal time...
09/05/2026,06:25:37: Model diagnostics: arce_anchor_count_mean=34.943283, arce_blocker_budget_mean=15.056716, arce_blocker_entropy_mean=4.824525, arce_gamma_effective_beta=3.000000, arce_gamma_max=0.297557, arce_gamma_mean=0.084242, arce_gamma_min=0.049787, arce_gamma_mode=teacher_mass, arce_gamma_std=0.027128, arce_sample_gamma_mean=0.136273, arce_sampled_teacher_overlap_mean=0.698866, arce_teacher_missing_mass_mean=0.160827, arce_teacher_missing_mass_std=0.094994
09/05/2026,06:25:37: Training...
09/05/2026,06:25:38: Evaluating...
09/05/2026,06:25:38: 	Train Loss: 3419188.5000 (base: 210.5497, kd: 6837.9565), Elapsed: train 2.62 test 0.27
09/05/2026,06:25:38: 	Recall@10: 0.06998 Recall@20: 0.09961 NDCG@10: 0.04148 NDCG@20: 0.04973 
09/05/2026,06:25:38: 	Recall@10: 0.02796 Recall@20: 0.04232 NDCG@10: 0.01549 NDCG@20: 0.01943 
09/05/2026,06:25:38: Epoch [143/1000]
09/05/2026,06:25:38: Negative sampling...
09/05/2026,06:25:39: Model's personal time...
09/05/2026,06:25:39: Model diagnostics: arce_anchor_count_mean=34.988888, arce_blocker_budget_mean=15.011113, arce_blocker_entropy_mean=4.821270, arce_gamma_effective_beta=3.000000, arce_gamma_max=0.309640, arce_gamma_mean=0.084048, arce_gamma_min=0.049787, arce_gamma_mode=teacher_mass, arce_gamma_std=0.026945, arce_sample_gamma_mean=0.135836, arce_sampled_teacher_overlap_mean=0.699778, arce_teacher_missing_mass_mean=0.160173, arce_teacher_missing_mass_std=0.094637
09/05/2026,06:25:39: Training...
09/05/2026,06:25:40: Evaluating...
09/05/2026,06:25:41: 	Train Loss: 3419626.7500 (base: 208.5974, kd: 6838.8359), Elapsed: train 2.56 test 0.27
09/05/2026,06:25:41: 	Recall@10: 0.07066 Recall@20: 0.10029 NDCG@10: 0.04188 NDCG@20: 0.05001 
09/05/2026,06:25:41: 	Recall@10: 0.02812 Recall@20: 0.04264 NDCG@10: 0.01551 NDCG@20: 0.01947 
09/05/2026,06:25:41: Epoch [144/1000]
09/05/2026,06:25:41: Negative sampling...
09/05/2026,06:25:42: Model's personal time...
09/05/2026,06:25:42: Model diagnostics: arce_anchor_count_mean=35.018009, arce_blocker_budget_mean=14.981989, arce_blocker_entropy_mean=4.822389, arce_gamma_effective_beta=3.000000, arce_gamma_max=0.309640, arce_gamma_mean=0.083936, arce_gamma_min=0.049787, arce_gamma_mode=teacher_mass, arce_gamma_std=0.026828, arce_sample_gamma_mean=0.135569, arce_sampled_teacher_overlap_mean=0.700360, arce_teacher_missing_mass_mean=0.159789, arce_teacher_missing_mass_std=0.094459
09/05/2026,06:25:42: Training...
09/05/2026,06:25:43: Evaluating...
09/05/2026,06:25:44: 	Train Loss: 3419388.7500 (base: 209.4232, kd: 6838.3584), Elapsed: train 2.53 test 0.33
09/05/2026,06:25:44: 	Recall@10: 0.07028 Recall@20: 0.09938 NDCG@10: 0.04187 NDCG@20: 0.04990 
09/05/2026,06:25:44: 	Recall@10: 0.02774 Recall@20: 0.04235 NDCG@10: 0.01542 NDCG@20: 0.01943 
09/05/2026,06:25:44: Epoch [145/1000]
09/05/2026,06:25:44: Negative sampling...
09/05/2026,06:25:45: Model's personal time...
09/05/2026,06:25:45: Model diagnostics: arce_anchor_count_mean=35.048477, arce_blocker_budget_mean=14.951523, arce_blocker_entropy_mean=4.820478, arce_gamma_effective_beta=3.000000, arce_gamma_max=0.309640, arce_gamma_mean=0.083805, arce_gamma_min=0.049787, arce_gamma_mode=teacher_mass, arce_gamma_std=0.026799, arce_sample_gamma_mean=0.135278, arce_sampled_teacher_overlap_mean=0.700970, arce_teacher_missing_mass_mean=0.159295, arce_teacher_missing_mass_std=0.094322
09/05/2026,06:25:45: Training...
09/05/2026,06:25:46: Evaluating...
09/05/2026,06:25:47: 	Train Loss: 3419594.0000 (base: 206.4972, kd: 6838.7754), Elapsed: train 2.59 test 0.33
09/05/2026,06:25:47: 	Recall@10: 0.07055 Recall@20: 0.10045 NDCG@10: 0.04166 NDCG@20: 0.04990 
09/05/2026,06:25:47: 	Recall@10: 0.02741 Recall@20: 0.04231 NDCG@10: 0.01540 NDCG@20: 0.01950 
09/05/2026,06:25:47: Epoch [146/1000]
09/05/2026,06:25:47: Negative sampling...
09/05/2026,06:25:48: Model's personal time...
09/05/2026,06:25:48: Model diagnostics: arce_anchor_count_mean=35.085457, arce_blocker_budget_mean=14.914543, arce_blocker_entropy_mean=4.817334, arce_gamma_effective_beta=3.000000, arce_gamma_max=0.309640, arce_gamma_mean=0.083665, arce_gamma_min=0.049787, arce_gamma_mode=teacher_mass, arce_gamma_std=0.026704, arce_sample_gamma_mean=0.134941, arce_sampled_teacher_overlap_mean=0.701709, arce_teacher_missing_mass_mean=0.158801, arce_teacher_missing_mass_std=0.094096
09/05/2026,06:25:48: Training...
09/05/2026,06:25:49: Evaluating...
09/05/2026,06:25:49: 	Train Loss: 3420052.7500 (base: 202.5608, kd: 6839.7007), Elapsed: train 2.62 test 0.28
09/05/2026,06:25:49: 	Recall@10: 0.07021 Recall@20: 0.09991 NDCG@10: 0.04143 NDCG@20: 0.04964 
09/05/2026,06:25:49: 	Recall@10: 0.02778 Recall@20: 0.04257 NDCG@10: 0.01537 NDCG@20: 0.01942 
09/05/2026,06:25:49: Epoch [147/1000]
09/05/2026,06:25:49: Negative sampling...
09/05/2026,06:25:51: Model's personal time...
09/05/2026,06:25:51: Model diagnostics: arce_anchor_count_mean=35.110748, arce_blocker_budget_mean=14.889251, arce_blocker_entropy_mean=4.815826, arce_gamma_effective_beta=3.000000, arce_gamma_max=0.302015, arce_gamma_mean=0.083536, arce_gamma_min=0.049787, arce_gamma_mode=teacher_mass, arce_gamma_std=0.026569, arce_sample_gamma_mean=0.134689, arce_sampled_teacher_overlap_mean=0.702215, arce_teacher_missing_mass_mean=0.158359, arce_teacher_missing_mass_std=0.093891
09/05/2026,06:25:51: Training...
09/05/2026,06:25:52: Evaluating...
09/05/2026,06:25:52: 	Train Loss: 3420194.5000 (base: 203.2480, kd: 6839.9824), Elapsed: train 2.55 test 0.26 *
09/05/2026,06:25:52: 	Recall@10: 0.06979 Recall@20: 0.10139 NDCG@10: 0.04166 NDCG@20: 0.05042 
09/05/2026,06:25:52: 	Recall@10: 0.02780 Recall@20: 0.04204 NDCG@10: 0.01535 NDCG@20: 0.01927 
09/05/2026,06:25:52: Epoch [148/1000]
09/05/2026,06:25:52: Negative sampling...
09/05/2026,06:25:54: Model's personal time...
09/05/2026,06:25:54: Model diagnostics: arce_anchor_count_mean=35.143322, arce_blocker_budget_mean=14.856677, arce_blocker_entropy_mean=4.815747, arce_gamma_effective_beta=3.000000, arce_gamma_max=0.309640, arce_gamma_mean=0.083420, arce_gamma_min=0.049787, arce_gamma_mode=teacher_mass, arce_gamma_std=0.026508, arce_sample_gamma_mean=0.134416, arce_sampled_teacher_overlap_mean=0.702866, arce_teacher_missing_mass_mean=0.157928, arce_teacher_missing_mass_std=0.093769
09/05/2026,06:25:54: Training...
09/05/2026,06:25:55: Evaluating...
09/05/2026,06:25:55: 	Train Loss: 3420150.2500 (base: 204.4914, kd: 6839.8906), Elapsed: train 2.58 test 0.28
09/05/2026,06:25:55: 	Recall@10: 0.07152 Recall@20: 0.10093 NDCG@10: 0.04199 NDCG@20: 0.05021 
09/05/2026,06:25:55: 	Recall@10: 0.02756 Recall@20: 0.04222 NDCG@10: 0.01548 NDCG@20: 0.01952 
09/05/2026,06:25:55: Epoch [149/1000]
09/05/2026,06:25:55: Negative sampling...
09/05/2026,06:25:56: Model's personal time...
09/05/2026,06:25:56: Model diagnostics: arce_anchor_count_mean=35.171295, arce_blocker_budget_mean=14.828703, arce_blocker_entropy_mean=4.814571, arce_gamma_effective_beta=3.000000, arce_gamma_max=0.302015, arce_gamma_mean=0.083272, arce_gamma_min=0.049787, arce_gamma_mode=teacher_mass, arce_gamma_std=0.026292, arce_sample_gamma_mean=0.134098, arce_sampled_teacher_overlap_mean=0.703426, arce_teacher_missing_mass_mean=0.157471, arce_teacher_missing_mass_std=0.093391
09/05/2026,06:25:56: Training...
09/05/2026,06:25:58: Evaluating...
09/05/2026,06:25:58: 	Train Loss: 3420866.0000 (base: 198.2246, kd: 6841.3354), Elapsed: train 2.56 test 0.27
09/05/2026,06:25:58: 	Recall@10: 0.07098 Recall@20: 0.10092 NDCG@10: 0.04208 NDCG@20: 0.05037 
09/05/2026,06:25:58: 	Recall@10: 0.02846 Recall@20: 0.04254 NDCG@10: 0.01566 NDCG@20: 0.01952 
09/05/2026,06:25:58: Epoch [150/1000]
09/05/2026,06:25:58: Negative sampling...
09/05/2026,06:25:59: Model's personal time...
09/05/2026,06:25:59: Model diagnostics: arce_anchor_count_mean=35.202530, arce_blocker_budget_mean=14.797471, arce_blocker_entropy_mean=4.812308, arce_gamma_effective_beta=3.000000, arce_gamma_max=0.302015, arce_gamma_mean=0.083140, arce_gamma_min=0.049787, arce_gamma_mode=teacher_mass, arce_gamma_std=0.026183, arce_sample_gamma_mean=0.133805, arce_sampled_teacher_overlap_mean=0.704051, arce_teacher_missing_mass_mean=0.157008, arce_teacher_missing_mass_std=0.093164
09/05/2026,06:25:59: Training...
09/05/2026,06:26:00: Evaluating...
09/05/2026,06:26:01: 	Train Loss: 3421161.7500 (base: 198.0317, kd: 6841.9272), Elapsed: train 2.52 test 0.26
09/05/2026,06:26:01: 	Recall@10: 0.07098 Recall@20: 0.10082 NDCG@10: 0.04184 NDCG@20: 0.05008 
09/05/2026,06:26:01: 	Recall@10: 0.02787 Recall@20: 0.04212 NDCG@10: 0.01558 NDCG@20: 0.01948 
09/05/2026,06:26:01: Epoch [151/1000]
09/05/2026,06:26:01: Negative sampling...
09/05/2026,06:26:02: Model's personal time...
09/05/2026,06:26:02: Model diagnostics: arce_anchor_count_mean=35.230888, arce_blocker_budget_mean=14.769113, arce_blocker_entropy_mean=4.809400, arce_gamma_effective_beta=3.000000, arce_gamma_max=0.310827, arce_gamma_mean=0.083040, arce_gamma_min=0.049787, arce_gamma_mode=teacher_mass, arce_gamma_std=0.026173, arce_sample_gamma_mean=0.133576, arce_sampled_teacher_overlap_mean=0.704618, arce_teacher_missing_mass_mean=0.156610, arce_teacher_missing_mass_std=0.093117
09/05/2026,06:26:02: Training...
09/05/2026,06:26:03: Evaluating...
09/05/2026,06:26:04: 	Train Loss: 3421527.5000 (base: 199.8053, kd: 6842.6553), Elapsed: train 2.47 test 0.32
09/05/2026,06:26:04: 	Recall@10: 0.07072 Recall@20: 0.10091 NDCG@10: 0.04178 NDCG@20: 0.05015 
09/05/2026,06:26:04: 	Recall@10: 0.02827 Recall@20: 0.04210 NDCG@10: 0.01567 NDCG@20: 0.01947 
09/05/2026,06:26:04: Epoch [152/1000]
09/05/2026,06:26:04: Negative sampling...
09/05/2026,06:26:05: Model's personal time...
09/05/2026,06:26:05: Model diagnostics: arce_anchor_count_mean=35.266144, arce_blocker_budget_mean=14.733857, arce_blocker_entropy_mean=4.808481, arce_gamma_effective_beta=3.000000, arce_gamma_max=0.302015, arce_gamma_mean=0.082897, arce_gamma_min=0.049787, arce_gamma_mode=teacher_mass, arce_gamma_std=0.026061, arce_sample_gamma_mean=0.133267, arce_sampled_teacher_overlap_mean=0.705323, arce_teacher_missing_mass_mean=0.156100, arce_teacher_missing_mass_std=0.092917
09/05/2026,06:26:05: Training...
09/05/2026,06:26:06: Evaluating...
09/05/2026,06:26:07: 	Train Loss: 3421928.7500 (base: 193.4634, kd: 6843.4707), Elapsed: train 2.76 test 0.34
09/05/2026,06:26:07: 	Recall@10: 0.07028 Recall@20: 0.10078 NDCG@10: 0.04181 NDCG@20: 0.05023 
09/05/2026,06:26:07: 	Recall@10: 0.02801 Recall@20: 0.04181 NDCG@10: 0.01544 NDCG@20: 0.01925 
09/05/2026,06:26:07: Epoch [153/1000]
09/05/2026,06:26:07: Negative sampling...
09/05/2026,06:26:08: Model's personal time...
09/05/2026,06:26:08: Model diagnostics: arce_anchor_count_mean=35.295841, arce_blocker_budget_mean=14.704158, arce_blocker_entropy_mean=4.807546, arce_gamma_effective_beta=3.000000, arce_gamma_max=0.302015, arce_gamma_mean=0.082789, arce_gamma_min=0.049787, arce_gamma_mode=teacher_mass, arce_gamma_std=0.025947, arce_sample_gamma_mean=0.132948, arce_sampled_teacher_overlap_mean=0.705917, arce_teacher_missing_mass_mean=0.155733, arce_teacher_missing_mass_std=0.092705
09/05/2026,06:26:08: Training...
09/05/2026,06:26:09: Evaluating...
09/05/2026,06:26:09: 	Train Loss: 3421680.0000 (base: 194.8927, kd: 6842.9697), Elapsed: train 2.40 test 0.26
09/05/2026,06:26:09: 	Recall@10: 0.06980 Recall@20: 0.10088 NDCG@10: 0.04130 NDCG@20: 0.04991 
09/05/2026,06:26:09: 	Recall@10: 0.02794 Recall@20: 0.04275 NDCG@10: 0.01541 NDCG@20: 0.01947 
09/05/2026,06:26:09: Epoch [154/1000]
09/05/2026,06:26:09: Negative sampling...
09/05/2026,06:26:11: Model's personal time...
09/05/2026,06:26:11: Model diagnostics: arce_anchor_count_mean=35.331097, arce_blocker_budget_mean=14.668901, arce_blocker_entropy_mean=4.805459, arce_gamma_effective_beta=3.000000, arce_gamma_max=0.302015, arce_gamma_mean=0.082673, arce_gamma_min=0.049787, arce_gamma_mode=teacher_mass, arce_gamma_std=0.025904, arce_sample_gamma_mean=0.132646, arce_sampled_teacher_overlap_mean=0.706622, arce_teacher_missing_mass_mean=0.155281, arce_teacher_missing_mass_std=0.092644
09/05/2026,06:26:11: Training...
09/05/2026,06:26:12: Evaluating...
09/05/2026,06:26:12: 	Train Loss: 3421975.7500 (base: 205.6548, kd: 6843.5400), Elapsed: train 2.45 test 0.30
09/05/2026,06:26:12: 	Recall@10: 0.07008 Recall@20: 0.10041 NDCG@10: 0.04159 NDCG@20: 0.04999 
09/05/2026,06:26:12: 	Recall@10: 0.02802 Recall@20: 0.04266 NDCG@10: 0.01549 NDCG@20: 0.01949 
09/05/2026,06:26:12: Epoch [155/1000]
09/05/2026,06:26:12: Negative sampling...
09/05/2026,06:26:14: Model's personal time...
09/05/2026,06:26:14: Model diagnostics: arce_anchor_count_mean=35.360413, arce_blocker_budget_mean=14.639585, arce_blocker_entropy_mean=4.805144, arce_gamma_effective_beta=3.000000, arce_gamma_max=0.313541, arce_gamma_mean=0.082575, arce_gamma_min=0.049787, arce_gamma_mode=teacher_mass, arce_gamma_std=0.025854, arce_sample_gamma_mean=0.132330, arce_sampled_teacher_overlap_mean=0.707208, arce_teacher_missing_mass_mean=0.154927, arce_teacher_missing_mass_std=0.092488
09/05/2026,06:26:14: Training...
09/05/2026,06:26:15: Evaluating...
09/05/2026,06:26:15: 	Train Loss: 3422123.7500 (base: 204.2329, kd: 6843.8394), Elapsed: train 2.66 test 0.30
09/05/2026,06:26:15: 	Recall@10: 0.06984 Recall@20: 0.10086 NDCG@10: 0.04154 NDCG@20: 0.05005 
09/05/2026,06:26:15: 	Recall@10: 0.02784 Recall@20: 0.04269 NDCG@10: 0.01546 NDCG@20: 0.01953 
09/05/2026,06:26:15: Epoch [156/1000]
09/05/2026,06:26:15: Negative sampling...
09/05/2026,06:26:17: Model's personal time...
09/05/2026,06:26:17: Model diagnostics: arce_anchor_count_mean=35.404484, arce_blocker_budget_mean=14.595516, arce_blocker_entropy_mean=4.804339, arce_gamma_effective_beta=3.000000, arce_gamma_max=0.313541, arce_gamma_mean=0.082392, arce_gamma_min=0.049787, arce_gamma_mode=teacher_mass, arce_gamma_std=0.025685, arce_sample_gamma_mean=0.131934, arce_sampled_teacher_overlap_mean=0.708090, arce_teacher_missing_mass_mean=0.154297, arce_teacher_missing_mass_std=0.092122
09/05/2026,06:26:17: Training...
09/05/2026,06:26:18: Evaluating...
09/05/2026,06:26:18: 	Train Loss: 3422760.5000 (base: 203.4845, kd: 6845.1143), Elapsed: train 2.88 test 0.27
09/05/2026,06:26:18: 	Recall@10: 0.06981 Recall@20: 0.10195 NDCG@10: 0.04131 NDCG@20: 0.05015 
09/05/2026,06:26:18: 	Recall@10: 0.02739 Recall@20: 0.04196 NDCG@10: 0.01526 NDCG@20: 0.01926 
09/05/2026,06:26:18: Epoch [157/1000]
09/05/2026,06:26:18: Negative sampling...
09/05/2026,06:26:20: Model's personal time...
09/05/2026,06:26:20: Model diagnostics: arce_anchor_count_mean=35.423450, arce_blocker_budget_mean=14.576547, arce_blocker_entropy_mean=4.800401, arce_gamma_effective_beta=3.000000, arce_gamma_max=0.277573, arce_gamma_mean=0.082290, arce_gamma_min=0.049787, arce_gamma_mode=teacher_mass, arce_gamma_std=0.025561, arce_sample_gamma_mean=0.131701, arce_sampled_teacher_overlap_mean=0.708469, arce_teacher_missing_mass_mean=0.153947, arce_teacher_missing_mass_std=0.091921
09/05/2026,06:26:20: Training...
09/05/2026,06:26:21: Evaluating...
09/05/2026,06:26:21: 	Train Loss: 3422447.2500 (base: 205.0969, kd: 6844.4844), Elapsed: train 2.67 test 0.28
09/05/2026,06:26:21: 	Recall@10: 0.06974 Recall@20: 0.10162 NDCG@10: 0.04132 NDCG@20: 0.05007 
09/05/2026,06:26:21: 	Recall@10: 0.02802 Recall@20: 0.04206 NDCG@10: 0.01547 NDCG@20: 0.01934 
09/05/2026,06:26:21: Epoch [158/1000]
09/05/2026,06:26:21: Negative sampling...
09/05/2026,06:26:23: Model's personal time...
09/05/2026,06:26:23: Model diagnostics: arce_anchor_count_mean=35.460434, arce_blocker_budget_mean=14.539567, arce_blocker_entropy_mean=4.799229, arce_gamma_effective_beta=3.000000, arce_gamma_max=0.285671, arce_gamma_mean=0.082152, arce_gamma_min=0.049787, arce_gamma_mode=teacher_mass, arce_gamma_std=0.025524, arce_sample_gamma_mean=0.131386, arce_sampled_teacher_overlap_mean=0.709209, arce_teacher_missing_mass_mean=0.153412, arce_teacher_missing_mass_std=0.091803
09/05/2026,06:26:23: Training...
09/05/2026,06:26:24: Evaluating...
09/05/2026,06:26:24: 	Train Loss: 3423027.5000 (base: 199.5214, kd: 6845.6553), Elapsed: train 2.96 test 0.34
09/05/2026,06:26:24: 	Recall@10: 0.06988 Recall@20: 0.10143 NDCG@10: 0.04146 NDCG@20: 0.05010 
09/05/2026,06:26:24: 	Recall@10: 0.02779 Recall@20: 0.04213 NDCG@10: 0.01546 NDCG@20: 0.01940 
09/05/2026,06:26:24: Epoch [159/1000]
09/05/2026,06:26:24: Negative sampling...
09/05/2026,06:26:26: Model's personal time...
09/05/2026,06:26:26: Model diagnostics: arce_anchor_count_mean=35.479786, arce_blocker_budget_mean=14.520214, arce_blocker_entropy_mean=4.797416, arce_gamma_effective_beta=3.000000, arce_gamma_max=0.285671, arce_gamma_mean=0.082060, arce_gamma_min=0.049787, arce_gamma_mode=teacher_mass, arce_gamma_std=0.025428, arce_sample_gamma_mean=0.131179, arce_sampled_teacher_overlap_mean=0.709596, arce_teacher_missing_mass_mean=0.153109, arce_teacher_missing_mass_std=0.091571
09/05/2026,06:26:26: Training...
09/05/2026,06:26:27: Evaluating...
09/05/2026,06:26:28: 	Train Loss: 3423419.0000 (base: 201.3285, kd: 6846.4355), Elapsed: train 2.84 test 0.27
09/05/2026,06:26:28: 	Recall@10: 0.07016 Recall@20: 0.10092 NDCG@10: 0.04159 NDCG@20: 0.05004 
09/05/2026,06:26:28: 	Recall@10: 0.02707 Recall@20: 0.04201 NDCG@10: 0.01508 NDCG@20: 0.01921 
09/05/2026,06:26:28: Epoch [160/1000]
09/05/2026,06:26:28: Negative sampling...
09/05/2026,06:26:29: Model's personal time...
09/05/2026,06:26:29: Model diagnostics: arce_anchor_count_mean=35.512550, arce_blocker_budget_mean=14.487450, arce_blocker_entropy_mean=4.795475, arce_gamma_effective_beta=3.000000, arce_gamma_max=0.278897, arce_gamma_mean=0.081963, arce_gamma_min=0.049787, arce_gamma_mode=teacher_mass, arce_gamma_std=0.025369, arce_sample_gamma_mean=0.130883, arce_sampled_teacher_overlap_mean=0.710251, arce_teacher_missing_mass_mean=0.152741, arce_teacher_missing_mass_std=0.091502
09/05/2026,06:26:29: Training...
09/05/2026,06:26:30: Evaluating...
09/05/2026,06:26:31: 	Train Loss: 3423405.7500 (base: 197.5264, kd: 6846.4165), Elapsed: train 2.74 test 0.33
09/05/2026,06:26:31: 	Recall@10: 0.07019 Recall@20: 0.10131 NDCG@10: 0.04132 NDCG@20: 0.04988 
09/05/2026,06:26:31: 	Recall@10: 0.02726 Recall@20: 0.04199 NDCG@10: 0.01513 NDCG@20: 0.01917 
09/05/2026,06:26:31: Epoch [161/1000]
09/05/2026,06:26:31: Negative sampling...
09/05/2026,06:26:32: Model's personal time...
09/05/2026,06:26:32: Model diagnostics: arce_anchor_count_mean=35.539757, arce_blocker_budget_mean=14.460241, arce_blocker_entropy_mean=4.797557, arce_gamma_effective_beta=3.000000, arce_gamma_max=0.278897, arce_gamma_mean=0.081847, arce_gamma_min=0.049787, arce_gamma_mode=teacher_mass, arce_gamma_std=0.025311, arce_sample_gamma_mean=0.130646, arce_sampled_teacher_overlap_mean=0.710795, arce_teacher_missing_mass_mean=0.152302, arce_teacher_missing_mass_std=0.091368
09/05/2026,06:26:32: Training...
09/05/2026,06:26:33: Evaluating...
09/05/2026,06:26:33: 	Train Loss: 3423679.0000 (base: 198.9742, kd: 6846.9595), Elapsed: train 2.49 test 0.26
09/05/2026,06:26:33: 	Recall@10: 0.07033 Recall@20: 0.10163 NDCG@10: 0.04165 NDCG@20: 0.05024 
09/05/2026,06:26:33: 	Recall@10: 0.02745 Recall@20: 0.04183 NDCG@10: 0.01525 NDCG@20: 0.01920 
09/05/2026,06:26:33: Epoch [162/1000]
09/05/2026,06:26:33: Negative sampling...
09/05/2026,06:26:35: Model's personal time...
09/05/2026,06:26:35: Model diagnostics: arce_anchor_count_mean=35.566776, arce_blocker_budget_mean=14.433225, arce_blocker_entropy_mean=4.796138, arce_gamma_effective_beta=3.000000, arce_gamma_max=0.275464, arce_gamma_mean=0.081759, arce_gamma_min=0.049787, arce_gamma_mode=teacher_mass, arce_gamma_std=0.025259, arce_sample_gamma_mean=0.130391, arce_sampled_teacher_overlap_mean=0.711335, arce_teacher_missing_mass_mean=0.151977, arce_teacher_missing_mass_std=0.091251
09/05/2026,06:26:35: Training...
09/05/2026,06:26:36: Evaluating...
09/05/2026,06:26:36: 	Train Loss: 3423608.0000 (base: 194.7777, kd: 6846.8262), Elapsed: train 2.49 test 0.28
09/05/2026,06:26:36: 	Recall@10: 0.07038 Recall@20: 0.10149 NDCG@10: 0.04176 NDCG@20: 0.05031 
09/05/2026,06:26:36: 	Recall@10: 0.02752 Recall@20: 0.04242 NDCG@10: 0.01534 NDCG@20: 0.01941 
09/05/2026,06:26:36: Epoch [163/1000]
09/05/2026,06:26:36: Negative sampling...
09/05/2026,06:26:37: Model's personal time...
09/05/2026,06:26:38: Model diagnostics: arce_anchor_count_mean=35.602032, arce_blocker_budget_mean=14.397969, arce_blocker_entropy_mean=4.793560, arce_gamma_effective_beta=3.000000, arce_gamma_max=0.275933, arce_gamma_mean=0.081638, arce_gamma_min=0.049787, arce_gamma_mode=teacher_mass, arce_gamma_std=0.025183, arce_sample_gamma_mean=0.130059, arce_sampled_teacher_overlap_mean=0.712041, arce_teacher_missing_mass_mean=0.151526, arce_teacher_missing_mass_std=0.091091
09/05/2026,06:26:38: Training...
09/05/2026,06:26:39: Evaluating...
09/05/2026,06:26:39: 	Train Loss: 3424015.5000 (base: 196.0380, kd: 6847.6396), Elapsed: train 2.58 test 0.28
09/05/2026,06:26:39: 	Recall@10: 0.07047 Recall@20: 0.10206 NDCG@10: 0.04167 NDCG@20: 0.05030 
09/05/2026,06:26:39: 	Recall@10: 0.02759 Recall@20: 0.04208 NDCG@10: 0.01533 NDCG@20: 0.01931 
09/05/2026,06:26:39: Epoch [164/1000]
09/05/2026,06:26:39: Negative sampling...
09/05/2026,06:26:40: Model's personal time...
09/05/2026,06:26:40: Model diagnostics: arce_anchor_count_mean=35.626366, arce_blocker_budget_mean=14.373634, arce_blocker_entropy_mean=4.792855, arce_gamma_effective_beta=3.000000, arce_gamma_max=0.275464, arce_gamma_mean=0.081542, arce_gamma_min=0.049787, arce_gamma_mode=teacher_mass, arce_gamma_std=0.025122, arce_sample_gamma_mean=0.129822, arce_sampled_teacher_overlap_mean=0.712527, arce_teacher_missing_mass_mean=0.151181, arce_teacher_missing_mass_std=0.090922
09/05/2026,06:26:40: Training...
09/05/2026,06:26:41: Evaluating...
09/05/2026,06:26:42: 	Train Loss: 3424182.2500 (base: 196.4899, kd: 6847.9707), Elapsed: train 2.43 test 0.25 *
09/05/2026,06:26:42: 	Recall@10: 0.07026 Recall@20: 0.10213 NDCG@10: 0.04177 NDCG@20: 0.05061 
09/05/2026,06:26:42: 	Recall@10: 0.02764 Recall@20: 0.04249 NDCG@10: 0.01534 NDCG@20: 0.01941 
09/05/2026,06:26:42: Epoch [165/1000]
09/05/2026,06:26:42: Negative sampling...
09/05/2026,06:26:43: Model's personal time...
09/05/2026,06:26:43: Model diagnostics: arce_anchor_count_mean=35.653000, arce_blocker_budget_mean=14.347001, arce_blocker_entropy_mean=4.790148, arce_gamma_effective_beta=3.000000, arce_gamma_max=0.278069, arce_gamma_mean=0.081413, arce_gamma_min=0.049787, arce_gamma_mode=teacher_mass, arce_gamma_std=0.025031, arce_sample_gamma_mean=0.129558, arce_sampled_teacher_overlap_mean=0.713060, arce_teacher_missing_mass_mean=0.150718, arce_teacher_missing_mass_std=0.090694
09/05/2026,06:26:43: Training...
09/05/2026,06:26:44: Evaluating...
09/05/2026,06:26:44: 	Train Loss: 3424534.7500 (base: 192.9579, kd: 6848.6836), Elapsed: train 2.44 test 0.29
09/05/2026,06:26:44: 	Recall@10: 0.07006 Recall@20: 0.10196 NDCG@10: 0.04139 NDCG@20: 0.05018 
09/05/2026,06:26:44: 	Recall@10: 0.02802 Recall@20: 0.04227 NDCG@10: 0.01552 NDCG@20: 0.01942 
09/05/2026,06:26:44: Epoch [166/1000]
09/05/2026,06:26:44: Negative sampling...
09/05/2026,06:26:46: Model's personal time...
09/05/2026,06:26:46: Model diagnostics: arce_anchor_count_mean=35.680592, arce_blocker_budget_mean=14.319409, arce_blocker_entropy_mean=4.789354, arce_gamma_effective_beta=3.000000, arce_gamma_max=0.273734, arce_gamma_mean=0.081321, arce_gamma_min=0.049787, arce_gamma_mode=teacher_mass, arce_gamma_std=0.024973, arce_sample_gamma_mean=0.129334, arce_sampled_teacher_overlap_mean=0.713612, arce_teacher_missing_mass_mean=0.150358, arce_teacher_missing_mass_std=0.090631
09/05/2026,06:26:46: Training...
09/05/2026,06:26:47: Evaluating...
09/05/2026,06:26:47: 	Train Loss: 3424400.2500 (base: 194.0434, kd: 6848.4116), Elapsed: train 2.50 test 0.26
09/05/2026,06:26:47: 	Recall@10: 0.06998 Recall@20: 0.10216 NDCG@10: 0.04137 NDCG@20: 0.05026 
09/05/2026,06:26:47: 	Recall@10: 0.02774 Recall@20: 0.04207 NDCG@10: 0.01547 NDCG@20: 0.01942 
09/05/2026,06:26:47: Epoch [167/1000]
09/05/2026,06:26:47: Negative sampling...
09/05/2026,06:26:48: Model's personal time...
09/05/2026,06:26:49: Model diagnostics: arce_anchor_count_mean=35.712589, arce_blocker_budget_mean=14.287411, arce_blocker_entropy_mean=4.788133, arce_gamma_effective_beta=3.000000, arce_gamma_max=0.278069, arce_gamma_mean=0.081172, arce_gamma_min=0.049787, arce_gamma_mode=teacher_mass, arce_gamma_std=0.024822, arce_sample_gamma_mean=0.129047, arce_sampled_teacher_overlap_mean=0.714252, arce_teacher_missing_mass_mean=0.149846, arce_teacher_missing_mass_std=0.090324
09/05/2026,06:26:49: Training...
09/05/2026,06:26:50: Evaluating...
09/05/2026,06:26:50: 	Train Loss: 3425099.7500 (base: 192.3303, kd: 6849.8145), Elapsed: train 2.38 test 0.27
09/05/2026,06:26:50: 	Recall@10: 0.07026 Recall@20: 0.10288 NDCG@10: 0.04139 NDCG@20: 0.05040 
09/05/2026,06:26:50: 	Recall@10: 0.02731 Recall@20: 0.04248 NDCG@10: 0.01537 NDCG@20: 0.01956 
09/05/2026,06:26:50: Epoch [168/1000]
09/05/2026,06:26:50: Negative sampling...
09/05/2026,06:26:51: Model's personal time...
09/05/2026,06:26:51: Model diagnostics: arce_anchor_count_mean=35.732899, arce_blocker_budget_mean=14.267100, arce_blocker_entropy_mean=4.786547, arce_gamma_effective_beta=3.000000, arce_gamma_max=0.283551, arce_gamma_mean=0.081110, arce_gamma_min=0.049787, arce_gamma_mode=teacher_mass, arce_gamma_std=0.024863, arce_sample_gamma_mean=0.128865, arce_sampled_teacher_overlap_mean=0.714658, arce_teacher_missing_mass_mean=0.149571, arce_teacher_missing_mass_std=0.090329
09/05/2026,06:26:51: Training...
09/05/2026,06:26:52: Evaluating...
09/05/2026,06:26:52: 	Train Loss: 3424446.2500 (base: 190.3545, kd: 6848.5112), Elapsed: train 2.40 test 0.25
09/05/2026,06:26:52: 	Recall@10: 0.07085 Recall@20: 0.10200 NDCG@10: 0.04191 NDCG@20: 0.05054 
09/05/2026,06:26:52: 	Recall@10: 0.02754 Recall@20: 0.04199 NDCG@10: 0.01539 NDCG@20: 0.01937 
09/05/2026,06:26:52: Epoch [169/1000]
09/05/2026,06:26:52: Negative sampling...
09/05/2026,06:26:54: Model's personal time...
09/05/2026,06:26:54: Model diagnostics: arce_anchor_count_mean=35.761448, arce_blocker_budget_mean=14.238551, arce_blocker_entropy_mean=4.785216, arce_gamma_effective_beta=3.000000, arce_gamma_max=0.278069, arce_gamma_mean=0.080998, arce_gamma_min=0.049787, arce_gamma_mode=teacher_mass, arce_gamma_std=0.024745, arce_sample_gamma_mean=0.128597, arce_sampled_teacher_overlap_mean=0.715229, arce_teacher_missing_mass_mean=0.149176, arce_teacher_missing_mass_std=0.090135
09/05/2026,06:26:54: Training...
09/05/2026,06:26:55: Evaluating...
09/05/2026,06:26:55: 	Train Loss: 3425556.2500 (base: 190.1758, kd: 6850.7319), Elapsed: train 2.33 test 0.26
09/05/2026,06:26:55: 	Recall@10: 0.07058 Recall@20: 0.10197 NDCG@10: 0.04161 NDCG@20: 0.05024 
09/05/2026,06:26:55: 	Recall@10: 0.02746 Recall@20: 0.04210 NDCG@10: 0.01525 NDCG@20: 0.01930 
09/05/2026,06:26:55: Epoch [170/1000]
09/05/2026,06:26:55: Negative sampling...
09/05/2026,06:26:56: Model's personal time...
09/05/2026,06:26:56: Model diagnostics: arce_anchor_count_mean=35.791149, arce_blocker_budget_mean=14.208852, arce_blocker_entropy_mean=4.782857, arce_gamma_effective_beta=3.000000, arce_gamma_max=0.275933, arce_gamma_mean=0.080900, arce_gamma_min=0.049787, arce_gamma_mode=teacher_mass, arce_gamma_std=0.024678, arce_sample_gamma_mean=0.128332, arce_sampled_teacher_overlap_mean=0.715823, arce_teacher_missing_mass_mean=0.148812, arce_teacher_missing_mass_std=0.089990
09/05/2026,06:26:56: Training...
09/05/2026,06:26:57: Evaluating...
09/05/2026,06:26:58: 	Train Loss: 3425355.2500 (base: 192.4858, kd: 6850.3257), Elapsed: train 2.40 test 0.27
09/05/2026,06:26:58: 	Recall@10: 0.07049 Recall@20: 0.10217 NDCG@10: 0.04166 NDCG@20: 0.05043 
09/05/2026,06:26:58: 	Recall@10: 0.02756 Recall@20: 0.04227 NDCG@10: 0.01542 NDCG@20: 0.01947 
09/05/2026,06:26:58: Epoch [171/1000]
09/05/2026,06:26:58: Negative sampling...
09/05/2026,06:26:59: Model's personal time...
09/05/2026,06:26:59: Model diagnostics: arce_anchor_count_mean=35.817974, arce_blocker_budget_mean=14.182027, arce_blocker_entropy_mean=4.782572, arce_gamma_effective_beta=3.000000, arce_gamma_max=0.273734, arce_gamma_mean=0.080788, arce_gamma_min=0.049787, arce_gamma_mode=teacher_mass, arce_gamma_std=0.024515, arce_sample_gamma_mean=0.128093, arce_sampled_teacher_overlap_mean=0.716359, arce_teacher_missing_mass_mean=0.148432, arce_teacher_missing_mass_std=0.089762
09/05/2026,06:26:59: Training...
09/05/2026,06:27:00: Evaluating...
09/05/2026,06:27:00: 	Train Loss: 3425207.7500 (base: 191.6487, kd: 6850.0317), Elapsed: train 2.40 test 0.26
09/05/2026,06:27:00: 	Recall@10: 0.07023 Recall@20: 0.10211 NDCG@10: 0.04155 NDCG@20: 0.05035 
09/05/2026,06:27:00: 	Recall@10: 0.02765 Recall@20: 0.04246 NDCG@10: 0.01541 NDCG@20: 0.01949 
09/05/2026,06:27:00: Epoch [172/1000]
09/05/2026,06:27:00: Negative sampling...
09/05/2026,06:27:02: Model's personal time...
09/05/2026,06:27:02: Model diagnostics: arce_anchor_count_mean=35.831768, arce_blocker_budget_mean=14.168231, arce_blocker_entropy_mean=4.778236, arce_gamma_effective_beta=3.000000, arce_gamma_max=0.267535, arce_gamma_mean=0.080717, arce_gamma_min=0.049787, arce_gamma_mode=teacher_mass, arce_gamma_std=0.024440, arce_sample_gamma_mean=0.127951, arce_sampled_teacher_overlap_mean=0.716635, arce_teacher_missing_mass_mean=0.148191, arce_teacher_missing_mass_std=0.089586
09/05/2026,06:27:02: Training...
09/05/2026,06:27:03: Evaluating...
09/05/2026,06:27:03: 	Train Loss: 3425499.7500 (base: 187.6697, kd: 6850.6235), Elapsed: train 2.43 test 0.26 *
09/05/2026,06:27:03: 	Recall@10: 0.06968 Recall@20: 0.10217 NDCG@10: 0.04172 NDCG@20: 0.05065 
09/05/2026,06:27:03: 	Recall@10: 0.02725 Recall@20: 0.04207 NDCG@10: 0.01504 NDCG@20: 0.01912 
09/05/2026,06:27:03: Epoch [173/1000]
09/05/2026,06:27:03: Negative sampling...
09/05/2026,06:27:04: Model's personal time...
09/05/2026,06:27:04: Model diagnostics: arce_anchor_count_mean=35.870663, arce_blocker_budget_mean=14.129335, arce_blocker_entropy_mean=4.778831, arce_gamma_effective_beta=3.000000, arce_gamma_max=0.278069, arce_gamma_mean=0.080595, arce_gamma_min=0.049787, arce_gamma_mode=teacher_mass, arce_gamma_std=0.024379, arce_sample_gamma_mean=0.127647, arce_sampled_teacher_overlap_mean=0.717413, arce_teacher_missing_mass_mean=0.147726, arce_teacher_missing_mass_std=0.089438
09/05/2026,06:27:04: Training...
09/05/2026,06:27:05: Evaluating...
09/05/2026,06:27:06: 	Train Loss: 3425773.7500 (base: 187.5338, kd: 6851.1719), Elapsed: train 2.43 test 0.25
09/05/2026,06:27:06: 	Recall@10: 0.06945 Recall@20: 0.10245 NDCG@10: 0.04144 NDCG@20: 0.05055 
09/05/2026,06:27:06: 	Recall@10: 0.02771 Recall@20: 0.04206 NDCG@10: 0.01527 NDCG@20: 0.01921 
09/05/2026,06:27:06: Epoch [174/1000]
09/05/2026,06:27:06: Negative sampling...
09/05/2026,06:27:07: Model's personal time...
09/05/2026,06:27:07: Model diagnostics: arce_anchor_count_mean=35.897297, arce_blocker_budget_mean=14.102701, arce_blocker_entropy_mean=4.778236, arce_gamma_effective_beta=3.000000, arce_gamma_max=0.276826, arce_gamma_mean=0.080476, arce_gamma_min=0.049787, arce_gamma_mode=teacher_mass, arce_gamma_std=0.024259, arce_sample_gamma_mean=0.127385, arce_sampled_teacher_overlap_mean=0.717946, arce_teacher_missing_mass_mean=0.147307, arce_teacher_missing_mass_std=0.089204
09/05/2026,06:27:07: Training...
09/05/2026,06:27:08: Evaluating...
09/05/2026,06:27:09: 	Train Loss: 3425758.0000 (base: 187.3994, kd: 6851.1416), Elapsed: train 2.45 test 0.33
09/05/2026,06:27:09: 	Recall@10: 0.06928 Recall@20: 0.10199 NDCG@10: 0.04143 NDCG@20: 0.05040 
09/05/2026,06:27:09: 	Recall@10: 0.02742 Recall@20: 0.04251 NDCG@10: 0.01513 NDCG@20: 0.01927 
09/05/2026,06:27:09: Epoch [175/1000]
09/05/2026,06:27:09: Negative sampling...
09/05/2026,06:27:10: Model's personal time...
09/05/2026,06:27:10: Model diagnostics: arce_anchor_count_mean=35.922207, arce_blocker_budget_mean=14.077792, arce_blocker_entropy_mean=4.776966, arce_gamma_effective_beta=3.000000, arce_gamma_max=0.276826, arce_gamma_mean=0.080375, arce_gamma_min=0.049787, arce_gamma_mode=teacher_mass, arce_gamma_std=0.024213, arce_sample_gamma_mean=0.127142, arce_sampled_teacher_overlap_mean=0.718444, arce_teacher_missing_mass_mean=0.146925, arce_teacher_missing_mass_std=0.089051
09/05/2026,06:27:10: Training...
09/05/2026,06:27:11: Evaluating...
09/05/2026,06:27:12: 	Train Loss: 3426248.5000 (base: 186.4268, kd: 6852.1235), Elapsed: train 2.83 test 0.28
09/05/2026,06:27:12: 	Recall@10: 0.06923 Recall@20: 0.10204 NDCG@10: 0.04128 NDCG@20: 0.05038 
09/05/2026,06:27:12: 	Recall@10: 0.02803 Recall@20: 0.04204 NDCG@10: 0.01546 NDCG@20: 0.01929 
09/05/2026,06:27:12: Epoch [176/1000]
09/05/2026,06:27:12: Negative sampling...
09/05/2026,06:27:13: Model's personal time...
09/05/2026,06:27:13: Model diagnostics: arce_anchor_count_mean=35.946159, arce_blocker_budget_mean=14.053842, arce_blocker_entropy_mean=4.778309, arce_gamma_effective_beta=3.000000, arce_gamma_max=0.283551, arce_gamma_mean=0.080293, arce_gamma_min=0.049787, arce_gamma_mode=teacher_mass, arce_gamma_std=0.024192, arce_sample_gamma_mean=0.126936, arce_sampled_teacher_overlap_mean=0.718923, arce_teacher_missing_mass_mean=0.146596, arce_teacher_missing_mass_std=0.088974
09/05/2026,06:27:13: Training...
09/05/2026,06:27:14: Evaluating...
09/05/2026,06:27:14: 	Train Loss: 3427072.0000 (base: 187.8811, kd: 6853.7686), Elapsed: train 2.58 test 0.27
09/05/2026,06:27:14: 	Recall@10: 0.06943 Recall@20: 0.10232 NDCG@10: 0.04140 NDCG@20: 0.05053 
09/05/2026,06:27:14: 	Recall@10: 0.02802 Recall@20: 0.04210 NDCG@10: 0.01527 NDCG@20: 0.01914 
09/05/2026,06:27:14: Epoch [177/1000]
09/05/2026,06:27:14: Negative sampling...
09/05/2026,06:27:16: Model's personal time...
09/05/2026,06:27:16: Model diagnostics: arce_anchor_count_mean=35.967045, arce_blocker_budget_mean=14.032956, arce_blocker_entropy_mean=4.776845, arce_gamma_effective_beta=3.000000, arce_gamma_max=0.273734, arce_gamma_mean=0.080208, arce_gamma_min=0.049787, arce_gamma_mode=teacher_mass, arce_gamma_std=0.024088, arce_sample_gamma_mean=0.126752, arce_sampled_teacher_overlap_mean=0.719341, arce_teacher_missing_mass_mean=0.146305, arce_teacher_missing_mass_std=0.088795
09/05/2026,06:27:16: Training...
09/05/2026,06:27:17: Evaluating...
09/05/2026,06:27:17: 	Train Loss: 3426518.7500 (base: 185.4251, kd: 6852.6665), Elapsed: train 2.52 test 0.25
09/05/2026,06:27:17: 	Recall@10: 0.06950 Recall@20: 0.10204 NDCG@10: 0.04151 NDCG@20: 0.05050 
09/05/2026,06:27:17: 	Recall@10: 0.02773 Recall@20: 0.04229 NDCG@10: 0.01511 NDCG@20: 0.01912 
09/05/2026,06:27:17: Epoch [178/1000]
09/05/2026,06:27:17: Negative sampling...
09/05/2026,06:27:19: Model's personal time...
09/05/2026,06:27:19: Model diagnostics: arce_anchor_count_mean=35.997890, arce_blocker_budget_mean=14.002108, arce_blocker_entropy_mean=4.775169, arce_gamma_effective_beta=3.000000, arce_gamma_max=0.275513, arce_gamma_mean=0.080101, arce_gamma_min=0.049787, arce_gamma_mode=teacher_mass, arce_gamma_std=0.024000, arce_sample_gamma_mean=0.126489, arce_sampled_teacher_overlap_mean=0.719958, arce_teacher_missing_mass_mean=0.145909, arce_teacher_missing_mass_std=0.088634
09/05/2026,06:27:19: Training...
09/05/2026,06:27:20: Evaluating...
09/05/2026,06:27:20: 	Train Loss: 3426628.2500 (base: 184.4520, kd: 6852.8877), Elapsed: train 2.52 test 0.35
09/05/2026,06:27:20: 	Recall@10: 0.06949 Recall@20: 0.10213 NDCG@10: 0.04145 NDCG@20: 0.05045 
09/05/2026,06:27:20: 	Recall@10: 0.02792 Recall@20: 0.04200 NDCG@10: 0.01518 NDCG@20: 0.01907 
09/05/2026,06:27:20: Epoch [179/1000]
09/05/2026,06:27:20: Negative sampling...
09/05/2026,06:27:22: Model's personal time...
09/05/2026,06:27:22: Model diagnostics: arce_anchor_count_mean=36.010536, arce_blocker_budget_mean=13.989461, arce_blocker_entropy_mean=4.770840, arce_gamma_effective_beta=3.000000, arce_gamma_max=0.274330, arce_gamma_mean=0.080030, arce_gamma_min=0.049787, arce_gamma_mode=teacher_mass, arce_gamma_std=0.023961, arce_sample_gamma_mean=0.126352, arce_sampled_teacher_overlap_mean=0.720211, arce_teacher_missing_mass_mean=0.145638, arce_teacher_missing_mass_std=0.088519
09/05/2026,06:27:22: Training...
09/05/2026,06:27:23: Evaluating...
09/05/2026,06:27:23: 	Train Loss: 3426946.7500 (base: 184.5636, kd: 6853.5239), Elapsed: train 2.71 test 0.33
09/05/2026,06:27:23: 	Recall@10: 0.07025 Recall@20: 0.10151 NDCG@10: 0.04153 NDCG@20: 0.05019 
09/05/2026,06:27:23: 	Recall@10: 0.02792 Recall@20: 0.04219 NDCG@10: 0.01525 NDCG@20: 0.01919 
09/05/2026,06:27:23: Epoch [180/1000]
09/05/2026,06:27:23: Negative sampling...
09/05/2026,06:27:25: Model's personal time...
09/05/2026,06:27:25: Model diagnostics: arce_anchor_count_mean=36.038895, arce_blocker_budget_mean=13.961103, arce_blocker_entropy_mean=4.772681, arce_gamma_effective_beta=3.000000, arce_gamma_max=0.274623, arce_gamma_mean=0.079938, arce_gamma_min=0.049787, arce_gamma_mode=teacher_mass, arce_gamma_std=0.023897, arce_sample_gamma_mean=0.126120, arce_sampled_teacher_overlap_mean=0.720778, arce_teacher_missing_mass_mean=0.145290, arce_teacher_missing_mass_std=0.088416
09/05/2026,06:27:25: Training...
09/05/2026,06:27:26: Evaluating...
09/05/2026,06:27:26: 	Train Loss: 3427590.5000 (base: 185.7824, kd: 6854.8091), Elapsed: train 2.48 test 0.26
09/05/2026,06:27:26: 	Recall@10: 0.07022 Recall@20: 0.10152 NDCG@10: 0.04143 NDCG@20: 0.05011 
09/05/2026,06:27:26: 	Recall@10: 0.02765 Recall@20: 0.04252 NDCG@10: 0.01535 NDCG@20: 0.01942 
09/05/2026,06:27:26: Epoch [181/1000]
09/05/2026,06:27:26: Negative sampling...
09/05/2026,06:27:27: Model's personal time...
09/05/2026,06:27:27: Model diagnostics: arce_anchor_count_mean=36.065720, arce_blocker_budget_mean=13.934278, arce_blocker_entropy_mean=4.773342, arce_gamma_effective_beta=3.000000, arce_gamma_max=0.274623, arce_gamma_mean=0.079851, arce_gamma_min=0.049787, arce_gamma_mode=teacher_mass, arce_gamma_std=0.023858, arce_sample_gamma_mean=0.125894, arce_sampled_teacher_overlap_mean=0.721314, arce_teacher_missing_mass_mean=0.144944, arce_teacher_missing_mass_std=0.088352
09/05/2026,06:27:27: Training...
09/05/2026,06:27:28: Evaluating...
09/05/2026,06:27:29: 	Train Loss: 3427415.7500 (base: 185.8384, kd: 6854.4595), Elapsed: train 2.44 test 0.25
09/05/2026,06:27:29: 	Recall@10: 0.06942 Recall@20: 0.10186 NDCG@10: 0.04162 NDCG@20: 0.05058 
09/05/2026,06:27:29: 	Recall@10: 0.02777 Recall@20: 0.04247 NDCG@10: 0.01526 NDCG@20: 0.01929 
09/05/2026,06:27:29: Epoch [182/1000]
09/05/2026,06:27:29: Negative sampling...
09/05/2026,06:27:30: Model's personal time...
09/05/2026,06:27:30: Model diagnostics: arce_anchor_count_mean=36.091587, arce_blocker_budget_mean=13.908411, arce_blocker_entropy_mean=4.771162, arce_gamma_effective_beta=3.000000, arce_gamma_max=0.295805, arce_gamma_mean=0.079753, arce_gamma_min=0.049787, arce_gamma_mode=teacher_mass, arce_gamma_std=0.023832, arce_sample_gamma_mean=0.125666, arce_sampled_teacher_overlap_mean=0.721832, arce_teacher_missing_mass_mean=0.144562, arce_teacher_missing_mass_std=0.088213
09/05/2026,06:27:30: Training...
09/05/2026,06:27:31: Evaluating...
09/05/2026,06:27:31: 	Train Loss: 3427867.7500 (base: 181.9700, kd: 6855.3716), Elapsed: train 2.37 test 0.27
09/05/2026,06:27:31: 	Recall@10: 0.07044 Recall@20: 0.10224 NDCG@10: 0.04175 NDCG@20: 0.05052 
09/05/2026,06:27:31: 	Recall@10: 0.02798 Recall@20: 0.04274 NDCG@10: 0.01533 NDCG@20: 0.01937 
09/05/2026,06:27:31: Epoch [183/1000]
09/05/2026,06:27:31: Negative sampling...
09/05/2026,06:27:33: Model's personal time...
09/05/2026,06:27:33: Model diagnostics: arce_anchor_count_mean=36.108448, arce_blocker_budget_mean=13.891550, arce_blocker_entropy_mean=4.767156, arce_gamma_effective_beta=3.000000, arce_gamma_max=0.274330, arce_gamma_mean=0.079679, arce_gamma_min=0.049787, arce_gamma_mode=teacher_mass, arce_gamma_std=0.023734, arce_sample_gamma_mean=0.125509, arce_sampled_teacher_overlap_mean=0.722169, arce_teacher_missing_mass_mean=0.144308, arce_teacher_missing_mass_std=0.088029
09/05/2026,06:27:33: Training...
09/05/2026,06:27:34: Evaluating...
09/05/2026,06:27:34: 	Train Loss: 3427273.7500 (base: 181.5084, kd: 6854.1846), Elapsed: train 2.37 test 0.26 *
09/05/2026,06:27:34: 	Recall@10: 0.07040 Recall@20: 0.10256 NDCG@10: 0.04203 NDCG@20: 0.05085 
09/05/2026,06:27:34: 	Recall@10: 0.02757 Recall@20: 0.04263 NDCG@10: 0.01526 NDCG@20: 0.01937 
09/05/2026,06:27:34: Epoch [184/1000]
09/05/2026,06:27:34: Negative sampling...
09/05/2026,06:27:35: Model's personal time...
09/05/2026,06:27:35: Model diagnostics: arce_anchor_count_mean=36.147923, arce_blocker_budget_mean=13.852078, arce_blocker_entropy_mean=4.767993, arce_gamma_effective_beta=3.000000, arce_gamma_max=0.275513, arce_gamma_mean=0.079561, arce_gamma_min=0.049787, arce_gamma_mode=teacher_mass, arce_gamma_std=0.023658, arce_sample_gamma_mean=0.125189, arce_sampled_teacher_overlap_mean=0.722958, arce_teacher_missing_mass_mean=0.143858, arce_teacher_missing_mass_std=0.087890
09/05/2026,06:27:35: Training...
09/05/2026,06:27:36: Evaluating...
09/05/2026,06:27:37: 	Train Loss: 3427806.5000 (base: 179.6630, kd: 6855.2539), Elapsed: train 2.47 test 0.27
09/05/2026,06:27:37: 	Recall@10: 0.06993 Recall@20: 0.10151 NDCG@10: 0.04181 NDCG@20: 0.05057 
09/05/2026,06:27:37: 	Recall@10: 0.02757 Recall@20: 0.04253 NDCG@10: 0.01523 NDCG@20: 0.01931 
09/05/2026,06:27:37: Epoch [185/1000]
09/05/2026,06:27:37: Negative sampling...
09/05/2026,06:27:38: Model's personal time...
09/05/2026,06:27:38: Model diagnostics: arce_anchor_count_mean=36.162292, arce_blocker_budget_mean=13.837708, arce_blocker_entropy_mean=4.766584, arce_gamma_effective_beta=3.000000, arce_gamma_max=0.279899, arce_gamma_mean=0.079491, arce_gamma_min=0.049787, arce_gamma_mode=teacher_mass, arce_gamma_std=0.023586, arce_sample_gamma_mean=0.125033, arce_sampled_teacher_overlap_mean=0.723246, arce_teacher_missing_mass_mean=0.143613, arce_teacher_missing_mass_std=0.087712
09/05/2026,06:27:38: Training...
09/05/2026,06:27:39: Evaluating...
09/05/2026,06:27:39: 	Train Loss: 3427906.7500 (base: 184.1150, kd: 6855.4458), Elapsed: train 2.30 test 0.26
09/05/2026,06:27:39: 	Recall@10: 0.07030 Recall@20: 0.10229 NDCG@10: 0.04171 NDCG@20: 0.05058 
09/05/2026,06:27:39: 	Recall@10: 0.02761 Recall@20: 0.04222 NDCG@10: 0.01543 NDCG@20: 0.01944 
09/05/2026,06:27:39: Epoch [186/1000]
09/05/2026,06:27:39: Negative sampling...
09/05/2026,06:27:41: Model's personal time...
09/05/2026,06:27:41: Model diagnostics: arce_anchor_count_mean=36.188923, arce_blocker_budget_mean=13.811075, arce_blocker_entropy_mean=4.765881, arce_gamma_effective_beta=3.000000, arce_gamma_max=0.274623, arce_gamma_mean=0.079409, arce_gamma_min=0.049787, arce_gamma_mode=teacher_mass, arce_gamma_std=0.023554, arce_sample_gamma_mean=0.124847, arce_sampled_teacher_overlap_mean=0.723778, arce_teacher_missing_mass_mean=0.143288, arce_teacher_missing_mass_std=0.087637
09/05/2026,06:27:41: Training...
09/05/2026,06:27:42: Evaluating...
09/05/2026,06:27:42: 	Train Loss: 3428210.2500 (base: 179.0386, kd: 6856.0625), Elapsed: train 2.46 test 0.29
09/05/2026,06:27:42: 	Recall@10: 0.07030 Recall@20: 0.10180 NDCG@10: 0.04178 NDCG@20: 0.05048 
09/05/2026,06:27:42: 	Recall@10: 0.02821 Recall@20: 0.04231 NDCG@10: 0.01548 NDCG@20: 0.01936 
09/05/2026,06:27:42: Epoch [187/1000]
09/05/2026,06:27:42: Negative sampling...
09/05/2026,06:27:43: Model's personal time...
09/05/2026,06:27:43: Model diagnostics: arce_anchor_count_mean=36.198505, arce_blocker_budget_mean=13.801495, arce_blocker_entropy_mean=4.763662, arce_gamma_effective_beta=3.000000, arce_gamma_max=0.284264, arce_gamma_mean=0.079364, arce_gamma_min=0.049787, arce_gamma_mode=teacher_mass, arce_gamma_std=0.023549, arce_sample_gamma_mean=0.124732, arce_sampled_teacher_overlap_mean=0.723970, arce_teacher_missing_mass_mean=0.143108, arce_teacher_missing_mass_std=0.087570
09/05/2026,06:27:43: Training...
09/05/2026,06:27:45: Evaluating...
09/05/2026,06:27:45: 	Train Loss: 3428202.0000 (base: 183.1704, kd: 6856.0381), Elapsed: train 2.64 test 0.28
09/05/2026,06:27:45: 	Recall@10: 0.07072 Recall@20: 0.10167 NDCG@10: 0.04193 NDCG@20: 0.05050 
09/05/2026,06:27:45: 	Recall@10: 0.02797 Recall@20: 0.04205 NDCG@10: 0.01554 NDCG@20: 0.01939 
09/05/2026,06:27:45: Epoch [188/1000]
09/05/2026,06:27:45: Negative sampling...
09/05/2026,06:27:46: Model's personal time...
09/05/2026,06:27:46: Model diagnostics: arce_anchor_count_mean=36.228588, arce_blocker_budget_mean=13.771412, arce_blocker_entropy_mean=4.763460, arce_gamma_effective_beta=3.000000, arce_gamma_max=0.274330, arce_gamma_mean=0.079268, arce_gamma_min=0.049787, arce_gamma_mode=teacher_mass, arce_gamma_std=0.023464, arce_sample_gamma_mean=0.124487, arce_sampled_teacher_overlap_mean=0.724572, arce_teacher_missing_mass_mean=0.142749, arce_teacher_missing_mass_std=0.087442
09/05/2026,06:27:46: Training...
09/05/2026,06:27:47: Evaluating...
09/05/2026,06:27:48: 	Train Loss: 3428580.5000 (base: 179.7050, kd: 6856.8022), Elapsed: train 2.65 test 0.33
09/05/2026,06:27:48: 	Recall@10: 0.07043 Recall@20: 0.10246 NDCG@10: 0.04187 NDCG@20: 0.05071 
09/05/2026,06:27:48: 	Recall@10: 0.02772 Recall@20: 0.04275 NDCG@10: 0.01546 NDCG@20: 0.01953 
09/05/2026,06:27:48: Epoch [189/1000]
09/05/2026,06:27:48: Negative sampling...
09/05/2026,06:27:50: Model's personal time...
09/05/2026,06:27:50: Model diagnostics: arce_anchor_count_mean=36.236828, arce_blocker_budget_mean=13.763173, arce_blocker_entropy_mean=4.760499, arce_gamma_effective_beta=3.000000, arce_gamma_max=0.285069, arce_gamma_mean=0.079242, arce_gamma_min=0.049787, arce_gamma_mode=teacher_mass, arce_gamma_std=0.023527, arce_sample_gamma_mean=0.124417, arce_sampled_teacher_overlap_mean=0.724737, arce_teacher_missing_mass_mean=0.142605, arce_teacher_missing_mass_std=0.087504
09/05/2026,06:27:50: Training...
09/05/2026,06:27:51: Evaluating...
09/05/2026,06:27:51: 	Train Loss: 3428586.0000 (base: 178.8819, kd: 6856.8149), Elapsed: train 2.86 test 0.25
09/05/2026,06:27:51: 	Recall@10: 0.07134 Recall@20: 0.10170 NDCG@10: 0.04221 NDCG@20: 0.05056 
09/05/2026,06:27:51: 	Recall@10: 0.02780 Recall@20: 0.04208 NDCG@10: 0.01551 NDCG@20: 0.01941 
09/05/2026,06:27:51: Epoch [190/1000]
09/05/2026,06:27:51: Negative sampling...
09/05/2026,06:27:52: Model's personal time...
09/05/2026,06:27:52: Model diagnostics: arce_anchor_count_mean=36.266144, arce_blocker_budget_mean=13.733857, arce_blocker_entropy_mean=4.762658, arce_gamma_effective_beta=3.000000, arce_gamma_max=0.274330, arce_gamma_mean=0.079133, arce_gamma_min=0.049787, arce_gamma_mode=teacher_mass, arce_gamma_std=0.023388, arce_sample_gamma_mean=0.124160, arce_sampled_teacher_overlap_mean=0.725323, arce_teacher_missing_mass_mean=0.142218, arce_teacher_missing_mass_std=0.087296
09/05/2026,06:27:52: Training...
09/05/2026,06:27:53: Evaluating...
09/05/2026,06:27:54: 	Train Loss: 3429026.0000 (base: 179.7310, kd: 6857.6924), Elapsed: train 2.50 test 0.27
09/05/2026,06:27:54: 	Recall@10: 0.07124 Recall@20: 0.10183 NDCG@10: 0.04212 NDCG@20: 0.05054 
09/05/2026,06:27:54: 	Recall@10: 0.02741 Recall@20: 0.04234 NDCG@10: 0.01531 NDCG@20: 0.01941 
09/05/2026,06:27:54: Epoch [191/1000]
09/05/2026,06:27:54: Negative sampling...
09/05/2026,06:27:55: Model's personal time...
09/05/2026,06:27:55: Model diagnostics: arce_anchor_count_mean=36.292583, arce_blocker_budget_mean=13.707415, arce_blocker_entropy_mean=4.760730, arce_gamma_effective_beta=3.000000, arce_gamma_max=0.295805, arce_gamma_mean=0.079045, arce_gamma_min=0.049787, arce_gamma_mode=teacher_mass, arce_gamma_std=0.023407, arce_sample_gamma_mean=0.123934, arce_sampled_teacher_overlap_mean=0.725852, arce_teacher_missing_mass_mean=0.141850, arce_teacher_missing_mass_std=0.087231
09/05/2026,06:27:55: Training...
09/05/2026,06:27:56: Evaluating...
09/05/2026,06:27:57: 	Train Loss: 3429345.2500 (base: 182.2297, kd: 6858.3262), Elapsed: train 2.68 test 0.34
09/05/2026,06:27:57: 	Recall@10: 0.07120 Recall@20: 0.10205 NDCG@10: 0.04219 NDCG@20: 0.05071 
09/05/2026,06:27:57: 	Recall@10: 0.02790 Recall@20: 0.04237 NDCG@10: 0.01561 NDCG@20: 0.01956 
09/05/2026,06:27:57: Epoch [192/1000]
09/05/2026,06:27:57: Negative sampling...
09/05/2026,06:27:58: Model's personal time...
09/05/2026,06:27:58: Model diagnostics: arce_anchor_count_mean=36.314426, arce_blocker_budget_mean=13.685572, arce_blocker_entropy_mean=4.761368, arce_gamma_effective_beta=3.000000, arce_gamma_max=0.274330, arce_gamma_mean=0.078957, arce_gamma_min=0.049787, arce_gamma_mode=teacher_mass, arce_gamma_std=0.023325, arce_sample_gamma_mean=0.123736, arce_sampled_teacher_overlap_mean=0.726289, arce_teacher_missing_mass_mean=0.141522, arce_teacher_missing_mass_std=0.087082
09/05/2026,06:27:58: Training...
09/05/2026,06:28:00: Evaluating...
09/05/2026,06:28:00: 	Train Loss: 3429253.7500 (base: 177.9424, kd: 6858.1519), Elapsed: train 2.83 test 0.29
09/05/2026,06:28:00: 	Recall@10: 0.07063 Recall@20: 0.10242 NDCG@10: 0.04190 NDCG@20: 0.05072 
09/05/2026,06:28:00: 	Recall@10: 0.02812 Recall@20: 0.04223 NDCG@10: 0.01567 NDCG@20: 0.01952 
09/05/2026,06:28:00: Epoch [193/1000]
09/05/2026,06:28:00: Negative sampling...
09/05/2026,06:28:01: Model's personal time...
09/05/2026,06:28:01: Model diagnostics: arce_anchor_count_mean=36.333015, arce_blocker_budget_mean=13.666986, arce_blocker_entropy_mean=4.759355, arce_gamma_effective_beta=3.000000, arce_gamma_max=0.295805, arce_gamma_mean=0.078893, arce_gamma_min=0.049787, arce_gamma_mode=teacher_mass, arce_gamma_std=0.023332, arce_sample_gamma_mean=0.123586, arce_sampled_teacher_overlap_mean=0.726660, arce_teacher_missing_mass_mean=0.141251, arce_teacher_missing_mass_std=0.087051
09/05/2026,06:28:01: Training...
09/05/2026,06:28:02: Evaluating...
09/05/2026,06:28:03: 	Train Loss: 3429583.2500 (base: 177.8244, kd: 6858.8110), Elapsed: train 2.53 test 0.25
09/05/2026,06:28:03: 	Recall@10: 0.07059 Recall@20: 0.10247 NDCG@10: 0.04189 NDCG@20: 0.05069 
09/05/2026,06:28:03: 	Recall@10: 0.02785 Recall@20: 0.04238 NDCG@10: 0.01534 NDCG@20: 0.01934 
09/05/2026,06:28:03: Epoch [194/1000]
09/05/2026,06:28:03: Negative sampling...
09/05/2026,06:28:04: Model's personal time...
09/05/2026,06:28:04: Model diagnostics: arce_anchor_count_mean=36.358498, arce_blocker_budget_mean=13.641502, arce_blocker_entropy_mean=4.759365, arce_gamma_effective_beta=3.000000, arce_gamma_max=0.266923, arce_gamma_mean=0.078785, arce_gamma_min=0.049787, arce_gamma_mode=teacher_mass, arce_gamma_std=0.023116, arce_sample_gamma_mean=0.123361, arce_sampled_teacher_overlap_mean=0.727170, arce_teacher_missing_mass_mean=0.140898, arce_teacher_missing_mass_std=0.086762
09/05/2026,06:28:04: Training...
09/05/2026,06:28:05: Evaluating...
09/05/2026,06:28:05: 	Train Loss: 3429569.2500 (base: 175.2837, kd: 6858.7881), Elapsed: train 2.45 test 0.25
09/05/2026,06:28:05: 	Recall@10: 0.07068 Recall@20: 0.10135 NDCG@10: 0.04190 NDCG@20: 0.05038 
09/05/2026,06:28:05: 	Recall@10: 0.02761 Recall@20: 0.04181 NDCG@10: 0.01530 NDCG@20: 0.01918 
09/05/2026,06:28:05: Epoch [195/1000]
09/05/2026,06:28:05: Negative sampling...
09/05/2026,06:28:07: Model's personal time...
09/05/2026,06:28:07: Model diagnostics: arce_anchor_count_mean=36.375935, arce_blocker_budget_mean=13.624065, arce_blocker_entropy_mean=4.754769, arce_gamma_effective_beta=3.000000, arce_gamma_max=0.260481, arce_gamma_mean=0.078741, arce_gamma_min=0.049787, arce_gamma_mode=teacher_mass, arce_gamma_std=0.023132, arce_sample_gamma_mean=0.123208, arce_sampled_teacher_overlap_mean=0.727519, arce_teacher_missing_mass_mean=0.140707, arce_teacher_missing_mass_std=0.086756
09/05/2026,06:28:07: Training...
09/05/2026,06:28:08: Evaluating...
09/05/2026,06:28:08: 	Train Loss: 3429750.5000 (base: 174.2844, kd: 6859.1528), Elapsed: train 2.46 test 0.25
09/05/2026,06:28:08: 	Recall@10: 0.07057 Recall@20: 0.10299 NDCG@10: 0.04175 NDCG@20: 0.05069 
09/05/2026,06:28:08: 	Recall@10: 0.02761 Recall@20: 0.04200 NDCG@10: 0.01520 NDCG@20: 0.01914 
09/05/2026,06:28:08: Epoch [196/1000]
09/05/2026,06:28:08: Negative sampling...
09/05/2026,06:28:09: Model's personal time...
09/05/2026,06:28:09: Model diagnostics: arce_anchor_count_mean=36.397778, arce_blocker_budget_mean=13.602222, arce_blocker_entropy_mean=4.753644, arce_gamma_effective_beta=3.000000, arce_gamma_max=0.257967, arce_gamma_mean=0.078645, arce_gamma_min=0.049787, arce_gamma_mode=teacher_mass, arce_gamma_std=0.022967, arce_sample_gamma_mean=0.123027, arce_sampled_teacher_overlap_mean=0.727956, arce_teacher_missing_mass_mean=0.140377, arce_teacher_missing_mass_std=0.086542
09/05/2026,06:28:09: Training...
09/05/2026,06:28:11: Evaluating...
09/05/2026,06:28:11: 	Train Loss: 3430324.5000 (base: 172.7646, kd: 6860.3032), Elapsed: train 2.49 test 0.34
09/05/2026,06:28:11: 	Recall@10: 0.06945 Recall@20: 0.10152 NDCG@10: 0.04151 NDCG@20: 0.05044 
09/05/2026,06:28:11: 	Recall@10: 0.02764 Recall@20: 0.04193 NDCG@10: 0.01543 NDCG@20: 0.01932 
09/05/2026,06:28:11: Epoch [197/1000]
09/05/2026,06:28:11: Negative sampling...
09/05/2026,06:28:12: Model's personal time...
09/05/2026,06:28:12: Model diagnostics: arce_anchor_count_mean=36.416744, arce_blocker_budget_mean=13.583253, arce_blocker_entropy_mean=4.753138, arce_gamma_effective_beta=3.000000, arce_gamma_max=0.257967, arce_gamma_mean=0.078596, arce_gamma_min=0.049787, arce_gamma_mode=teacher_mass, arce_gamma_std=0.022960, arce_sample_gamma_mean=0.122864, arce_sampled_teacher_overlap_mean=0.728335, arce_teacher_missing_mass_mean=0.140174, arce_teacher_missing_mass_std=0.086520
09/05/2026,06:28:12: Training...
09/05/2026,06:28:14: Evaluating...
09/05/2026,06:28:14: 	Train Loss: 3430218.0000 (base: 175.5948, kd: 6860.0854), Elapsed: train 2.66 test 0.32
09/05/2026,06:28:14: 	Recall@10: 0.07047 Recall@20: 0.10253 NDCG@10: 0.04171 NDCG@20: 0.05060 
09/05/2026,06:28:14: 	Recall@10: 0.02785 Recall@20: 0.04201 NDCG@10: 0.01539 NDCG@20: 0.01925 
09/05/2026,06:28:14: Epoch [198/1000]
09/05/2026,06:28:14: Negative sampling...
09/05/2026,06:28:15: Model's personal time...
09/05/2026,06:28:15: Model diagnostics: arce_anchor_count_mean=36.439163, arce_blocker_budget_mean=13.560835, arce_blocker_entropy_mean=4.752225, arce_gamma_effective_beta=3.000000, arce_gamma_max=0.257967, arce_gamma_mean=0.078502, arce_gamma_min=0.049787, arce_gamma_mode=teacher_mass, arce_gamma_std=0.022901, arce_sample_gamma_mean=0.122679, arce_sampled_teacher_overlap_mean=0.728783, arce_teacher_missing_mass_mean=0.139814, arce_teacher_missing_mass_std=0.086366
09/05/2026,06:28:15: Training...
09/05/2026,06:28:16: Evaluating...
09/05/2026,06:28:17: 	Train Loss: 3430685.7500 (base: 173.7829, kd: 6861.0239), Elapsed: train 2.59 test 0.34
09/05/2026,06:28:17: 	Recall@10: 0.07049 Recall@20: 0.10163 NDCG@10: 0.04186 NDCG@20: 0.05055 
09/05/2026,06:28:17: 	Recall@10: 0.02761 Recall@20: 0.04192 NDCG@10: 0.01518 NDCG@20: 0.01911 
09/05/2026,06:28:17: Epoch [199/1000]
09/05/2026,06:28:17: Negative sampling...
09/05/2026,06:28:18: Model's personal time...
09/05/2026,06:28:18: Model diagnostics: arce_anchor_count_mean=36.461391, arce_blocker_budget_mean=13.538609, arce_blocker_entropy_mean=4.753045, arce_gamma_effective_beta=3.000000, arce_gamma_max=0.267535, arce_gamma_mean=0.078422, arce_gamma_min=0.049787, arce_gamma_mode=teacher_mass, arce_gamma_std=0.022865, arce_sample_gamma_mean=0.122514, arce_sampled_teacher_overlap_mean=0.729228, arce_teacher_missing_mass_mean=0.139502, arce_teacher_missing_mass_std=0.086253
09/05/2026,06:28:18: Training...
09/05/2026,06:28:19: Evaluating...
09/05/2026,06:28:20: 	Train Loss: 3430691.5000 (base: 172.0848, kd: 6861.0396), Elapsed: train 2.68 test 0.33
09/05/2026,06:28:20: 	Recall@10: 0.07017 Recall@20: 0.10176 NDCG@10: 0.04158 NDCG@20: 0.05033 
09/05/2026,06:28:20: 	Recall@10: 0.02716 Recall@20: 0.04225 NDCG@10: 0.01518 NDCG@20: 0.01931 
09/05/2026,06:28:20: Epoch [200/1000]
09/05/2026,06:28:20: Negative sampling...
09/05/2026,06:28:21: Model's personal time...
09/05/2026,06:28:21: Model diagnostics: arce_anchor_count_mean=36.479595, arce_blocker_budget_mean=13.520406, arce_blocker_entropy_mean=4.752798, arce_gamma_effective_beta=3.000000, arce_gamma_max=0.267535, arce_gamma_mean=0.078350, arce_gamma_min=0.049787, arce_gamma_mode=teacher_mass, arce_gamma_std=0.022843, arce_sample_gamma_mean=0.122338, arce_sampled_teacher_overlap_mean=0.729592, arce_teacher_missing_mass_mean=0.139215, arce_teacher_missing_mass_std=0.086168
09/05/2026,06:28:21: Training...
09/05/2026,06:28:22: Evaluating...
09/05/2026,06:28:23: 	Train Loss: 3430855.0000 (base: 177.3864, kd: 6861.3550), Elapsed: train 2.53 test 0.33
09/05/2026,06:28:23: 	Recall@10: 0.07020 Recall@20: 0.10170 NDCG@10: 0.04153 NDCG@20: 0.05025 
09/05/2026,06:28:23: 	Recall@10: 0.02745 Recall@20: 0.04191 NDCG@10: 0.01518 NDCG@20: 0.01916 
09/05/2026,06:28:23: Epoch [201/1000]
09/05/2026,06:28:23: Negative sampling...
09/05/2026,06:28:24: Model's personal time...
09/05/2026,06:28:24: Model diagnostics: arce_anchor_count_mean=36.494923, arce_blocker_budget_mean=13.505077, arce_blocker_entropy_mean=4.748801, arce_gamma_effective_beta=3.000000, arce_gamma_max=0.257967, arce_gamma_mean=0.078287, arce_gamma_min=0.049787, arce_gamma_mode=teacher_mass, arce_gamma_std=0.022756, arce_sample_gamma_mean=0.122180, arce_sampled_teacher_overlap_mean=0.729898, arce_teacher_missing_mass_mean=0.138992, arce_teacher_missing_mass_std=0.086033
09/05/2026,06:28:24: Training...
09/05/2026,06:28:25: Evaluating...
09/05/2026,06:28:25: 	Train Loss: 3430583.0000 (base: 176.1098, kd: 6860.8135), Elapsed: train 2.46 test 0.34
09/05/2026,06:28:25: 	Recall@10: 0.06996 Recall@20: 0.10250 NDCG@10: 0.04180 NDCG@20: 0.05075 
09/05/2026,06:28:25: 	Recall@10: 0.02722 Recall@20: 0.04225 NDCG@10: 0.01512 NDCG@20: 0.01924 
09/05/2026,06:28:25: Epoch [202/1000]
09/05/2026,06:28:25: Negative sampling...
09/05/2026,06:28:27: Model's personal time...
09/05/2026,06:28:27: Model diagnostics: arce_anchor_count_mean=36.521172, arce_blocker_budget_mean=13.478827, arce_blocker_entropy_mean=4.750257, arce_gamma_effective_beta=3.000000, arce_gamma_max=0.257967, arce_gamma_mean=0.078191, arce_gamma_min=0.049787, arce_gamma_mode=teacher_mass, arce_gamma_std=0.022706, arce_sample_gamma_mean=0.121965, arce_sampled_teacher_overlap_mean=0.730423, arce_teacher_missing_mass_mean=0.138617, arce_teacher_missing_mass_std=0.085888
09/05/2026,06:28:27: Training...
09/05/2026,06:28:28: Evaluating...
09/05/2026,06:28:29: 	Train Loss: 3430779.2500 (base: 170.7585, kd: 6861.2168), Elapsed: train 2.81 test 0.29 *
09/05/2026,06:28:29: 	Recall@10: 0.07053 Recall@20: 0.10279 NDCG@10: 0.04207 NDCG@20: 0.05096 
09/05/2026,06:28:29: 	Recall@10: 0.02751 Recall@20: 0.04201 NDCG@10: 0.01521 NDCG@20: 0.01917 
09/05/2026,06:28:29: Epoch [203/1000]
09/05/2026,06:28:29: Negative sampling...
09/05/2026,06:28:30: Model's personal time...
09/05/2026,06:28:30: Model diagnostics: arce_anchor_count_mean=36.540714, arce_blocker_budget_mean=13.459283, arce_blocker_entropy_mean=4.747020, arce_gamma_effective_beta=3.000000, arce_gamma_max=0.257967, arce_gamma_mean=0.078128, arce_gamma_min=0.049787, arce_gamma_mode=teacher_mass, arce_gamma_std=0.022666, arce_sample_gamma_mean=0.121814, arce_sampled_teacher_overlap_mean=0.730814, arce_teacher_missing_mass_mean=0.138369, arce_teacher_missing_mass_std=0.085812
09/05/2026,06:28:30: Training...
09/05/2026,06:28:31: Evaluating...
09/05/2026,06:28:32: 	Train Loss: 3430311.7500 (base: 170.4884, kd: 6860.2822), Elapsed: train 2.81 test 0.26
09/05/2026,06:28:32: 	Recall@10: 0.07044 Recall@20: 0.10180 NDCG@10: 0.04167 NDCG@20: 0.05033 
09/05/2026,06:28:32: 	Recall@10: 0.02753 Recall@20: 0.04210 NDCG@10: 0.01530 NDCG@20: 0.01928 
09/05/2026,06:28:32: Epoch [204/1000]
09/05/2026,06:28:32: Negative sampling...
09/05/2026,06:28:33: Model's personal time...
09/05/2026,06:28:33: Model diagnostics: arce_anchor_count_mean=36.559109, arce_blocker_budget_mean=13.440889, arce_blocker_entropy_mean=4.748535, arce_gamma_effective_beta=3.000000, arce_gamma_max=0.257967, arce_gamma_mean=0.078039, arce_gamma_min=0.049787, arce_gamma_mode=teacher_mass, arce_gamma_std=0.022587, arce_sample_gamma_mean=0.121672, arce_sampled_teacher_overlap_mean=0.731182, arce_teacher_missing_mass_mean=0.138031, arce_teacher_missing_mass_std=0.085692
09/05/2026,06:28:33: Training...
09/05/2026,06:28:34: Evaluating...
09/05/2026,06:28:34: 	Train Loss: 3431154.7500 (base: 167.6572, kd: 6861.9741), Elapsed: train 2.47 test 0.26
09/05/2026,06:28:34: 	Recall@10: 0.07128 Recall@20: 0.10075 NDCG@10: 0.04203 NDCG@20: 0.05021 
09/05/2026,06:28:34: 	Recall@10: 0.02790 Recall@20: 0.04196 NDCG@10: 0.01531 NDCG@20: 0.01916 
09/05/2026,06:28:34: Epoch [205/1000]
09/05/2026,06:28:34: Negative sampling...
09/05/2026,06:28:36: Model's personal time...
09/05/2026,06:28:36: Model diagnostics: arce_anchor_count_mean=36.571758, arce_blocker_budget_mean=13.428243, arce_blocker_entropy_mean=4.746125, arce_gamma_effective_beta=3.000000, arce_gamma_max=0.257967, arce_gamma_mean=0.077994, arce_gamma_min=0.049787, arce_gamma_mode=teacher_mass, arce_gamma_std=0.022571, arce_sample_gamma_mean=0.121552, arce_sampled_teacher_overlap_mean=0.731435, arce_teacher_missing_mass_mean=0.137854, arce_teacher_missing_mass_std=0.085613
09/05/2026,06:28:36: Training...
09/05/2026,06:28:37: Evaluating...
09/05/2026,06:28:37: 	Train Loss: 3430977.0000 (base: 173.4985, kd: 6861.6064), Elapsed: train 2.62 test 0.30
09/05/2026,06:28:37: 	Recall@10: 0.06989 Recall@20: 0.10136 NDCG@10: 0.04145 NDCG@20: 0.05020 
09/05/2026,06:28:37: 	Recall@10: 0.02693 Recall@20: 0.04265 NDCG@10: 0.01504 NDCG@20: 0.01935 
09/05/2026,06:28:37: Epoch [206/1000]
09/05/2026,06:28:37: Negative sampling...
09/05/2026,06:28:39: Model's personal time...
09/05/2026,06:28:39: Model diagnostics: arce_anchor_count_mean=36.595325, arce_blocker_budget_mean=13.404675, arce_blocker_entropy_mean=4.747622, arce_gamma_effective_beta=3.000000, arce_gamma_max=0.257967, arce_gamma_mean=0.077926, arce_gamma_min=0.049787, arce_gamma_mode=teacher_mass, arce_gamma_std=0.022520, arce_sample_gamma_mean=0.121359, arce_sampled_teacher_overlap_mean=0.731906, arce_teacher_missing_mass_mean=0.137595, arce_teacher_missing_mass_std=0.085507
09/05/2026,06:28:39: Training...
09/05/2026,06:28:40: Evaluating...
09/05/2026,06:28:40: 	Train Loss: 3431146.5000 (base: 168.9966, kd: 6861.9551), Elapsed: train 2.71 test 0.32
09/05/2026,06:28:40: 	Recall@10: 0.07078 Recall@20: 0.10195 NDCG@10: 0.04205 NDCG@20: 0.05069 
09/05/2026,06:28:40: 	Recall@10: 0.02704 Recall@20: 0.04234 NDCG@10: 0.01505 NDCG@20: 0.01925 
09/05/2026,06:28:40: Epoch [207/1000]
09/05/2026,06:28:40: Negative sampling...
09/05/2026,06:28:42: Model's personal time...
09/05/2026,06:28:42: Model diagnostics: arce_anchor_count_mean=36.610844, arce_blocker_budget_mean=13.389154, arce_blocker_entropy_mean=4.746809, arce_gamma_effective_beta=3.000000, arce_gamma_max=0.257967, arce_gamma_mean=0.077885, arce_gamma_min=0.049787, arce_gamma_mode=teacher_mass, arce_gamma_std=0.022501, arce_sample_gamma_mean=0.121231, arce_sampled_teacher_overlap_mean=0.732217, arce_teacher_missing_mass_mean=0.137430, arce_teacher_missing_mass_std=0.085457
09/05/2026,06:28:42: Training...
09/05/2026,06:28:43: Evaluating...
09/05/2026,06:28:43: 	Train Loss: 3431280.5000 (base: 167.7138, kd: 6862.2256), Elapsed: train 2.83 test 0.27
09/05/2026,06:28:43: 	Recall@10: 0.07013 Recall@20: 0.10185 NDCG@10: 0.04160 NDCG@20: 0.05038 
09/05/2026,06:28:43: 	Recall@10: 0.02674 Recall@20: 0.04239 NDCG@10: 0.01487 NDCG@20: 0.01917 
09/05/2026,06:28:43: Epoch [208/1000]
09/05/2026,06:28:43: Negative sampling...
09/05/2026,06:28:45: Model's personal time...
09/05/2026,06:28:45: Model diagnostics: arce_anchor_count_mean=36.625980, arce_blocker_budget_mean=13.374018, arce_blocker_entropy_mean=4.744044, arce_gamma_effective_beta=3.000000, arce_gamma_max=0.257967, arce_gamma_mean=0.077825, arce_gamma_min=0.049787, arce_gamma_mode=teacher_mass, arce_gamma_std=0.022463, arce_sample_gamma_mean=0.121086, arce_sampled_teacher_overlap_mean=0.732520, arce_teacher_missing_mass_mean=0.137206, arce_teacher_missing_mass_std=0.085332
09/05/2026,06:28:45: Training...
09/05/2026,06:28:46: Evaluating...
09/05/2026,06:28:46: 	Train Loss: 3431681.2500 (base: 167.2542, kd: 6863.0278), Elapsed: train 2.69 test 0.34
09/05/2026,06:28:46: 	Recall@10: 0.07011 Recall@20: 0.10173 NDCG@10: 0.04172 NDCG@20: 0.05046 
09/05/2026,06:28:46: 	Recall@10: 0.02751 Recall@20: 0.04263 NDCG@10: 0.01518 NDCG@20: 0.01932 
09/05/2026,06:28:46: Epoch [209/1000]
09/05/2026,06:28:46: Negative sampling...
09/05/2026,06:28:48: Model's personal time...
09/05/2026,06:28:48: Model diagnostics: arce_anchor_count_mean=36.643608, arce_blocker_budget_mean=13.356390, arce_blocker_entropy_mean=4.741944, arce_gamma_effective_beta=3.000000, arce_gamma_max=0.257967, arce_gamma_mean=0.077765, arce_gamma_min=0.049787, arce_gamma_mode=teacher_mass, arce_gamma_std=0.022425, arce_sample_gamma_mean=0.120967, arce_sampled_teacher_overlap_mean=0.732872, arce_teacher_missing_mass_mean=0.136963, arce_teacher_missing_mass_std=0.085282
09/05/2026,06:28:48: Training...
09/05/2026,06:28:49: Evaluating...
09/05/2026,06:28:49: 	Train Loss: 3431806.5000 (base: 165.8116, kd: 6863.2817), Elapsed: train 2.70 test 0.34
09/05/2026,06:28:49: 	Recall@10: 0.07114 Recall@20: 0.10189 NDCG@10: 0.04213 NDCG@20: 0.05064 
09/05/2026,06:28:49: 	Recall@10: 0.02735 Recall@20: 0.04142 NDCG@10: 0.01525 NDCG@20: 0.01913 
09/05/2026,06:28:49: Epoch [210/1000]
09/05/2026,06:28:49: Negative sampling...
09/05/2026,06:28:51: Model's personal time...
09/05/2026,06:28:51: Model diagnostics: arce_anchor_count_mean=36.666027, arce_blocker_budget_mean=13.333972, arce_blocker_entropy_mean=4.742910, arce_gamma_effective_beta=3.000000, arce_gamma_max=0.257967, arce_gamma_mean=0.077702, arce_gamma_min=0.049787, arce_gamma_mode=teacher_mass, arce_gamma_std=0.022409, arce_sample_gamma_mean=0.120792, arce_sampled_teacher_overlap_mean=0.733321, arce_teacher_missing_mass_mean=0.136704, arce_teacher_missing_mass_std=0.085222
09/05/2026,06:28:51: Training...
09/05/2026,06:28:52: Evaluating...
09/05/2026,06:28:52: 	Train Loss: 3431751.0000 (base: 168.7497, kd: 6863.1646), Elapsed: train 2.60 test 0.26
09/05/2026,06:28:52: 	Recall@10: 0.07003 Recall@20: 0.10196 NDCG@10: 0.04158 NDCG@20: 0.05043 
09/05/2026,06:28:52: 	Recall@10: 0.02736 Recall@20: 0.04265 NDCG@10: 0.01527 NDCG@20: 0.01945 
09/05/2026,06:28:52: Epoch [211/1000]
09/05/2026,06:28:52: Negative sampling...
09/05/2026,06:28:54: Model's personal time...
09/05/2026,06:28:54: Model diagnostics: arce_anchor_count_mean=36.680592, arce_blocker_budget_mean=13.319409, arce_blocker_entropy_mean=4.741168, arce_gamma_effective_beta=3.000000, arce_gamma_max=0.257967, arce_gamma_mean=0.077665, arce_gamma_min=0.049787, arce_gamma_mode=teacher_mass, arce_gamma_std=0.022408, arce_sample_gamma_mean=0.120676, arce_sampled_teacher_overlap_mean=0.733612, arce_teacher_missing_mass_mean=0.136540, arce_teacher_missing_mass_std=0.085243
09/05/2026,06:28:54: Training...
09/05/2026,06:28:55: Evaluating...
09/05/2026,06:28:55: 	Train Loss: 3432208.2500 (base: 165.0369, kd: 6864.0864), Elapsed: train 2.56 test 0.27
09/05/2026,06:28:55: 	Recall@10: 0.07009 Recall@20: 0.10278 NDCG@10: 0.04144 NDCG@20: 0.05045 
09/05/2026,06:28:55: 	Recall@10: 0.02771 Recall@20: 0.04230 NDCG@10: 0.01520 NDCG@20: 0.01921 
09/05/2026,06:28:55: Epoch [212/1000]
09/05/2026,06:28:55: Negative sampling...
09/05/2026,06:28:57: Model's personal time...
09/05/2026,06:28:57: Model diagnostics: arce_anchor_count_mean=36.696110, arce_blocker_budget_mean=13.303889, arce_blocker_entropy_mean=4.739750, arce_gamma_effective_beta=3.000000, arce_gamma_max=0.257967, arce_gamma_mean=0.077596, arce_gamma_min=0.049787, arce_gamma_mode=teacher_mass, arce_gamma_std=0.022364, arce_sample_gamma_mean=0.120537, arce_sampled_teacher_overlap_mean=0.733922, arce_teacher_missing_mass_mean=0.136275, arce_teacher_missing_mass_std=0.085103
09/05/2026,06:28:57: Training...
09/05/2026,06:28:58: Evaluating...
09/05/2026,06:28:58: 	Train Loss: 3432210.2500 (base: 167.2417, kd: 6864.0854), Elapsed: train 2.54 test 0.27
09/05/2026,06:28:58: 	Recall@10: 0.06916 Recall@20: 0.10277 NDCG@10: 0.04116 NDCG@20: 0.05049 
09/05/2026,06:28:58: 	Recall@10: 0.02765 Recall@20: 0.04221 NDCG@10: 0.01518 NDCG@20: 0.01917 
09/05/2026,06:28:58: Epoch [213/1000]
09/05/2026,06:28:58: Negative sampling...
09/05/2026,06:28:59: Model's personal time...
09/05/2026,06:28:59: Model diagnostics: arce_anchor_count_mean=36.711632, arce_blocker_budget_mean=13.288369, arce_blocker_entropy_mean=4.738268, arce_gamma_effective_beta=3.000000, arce_gamma_max=0.257967, arce_gamma_mean=0.077553, arce_gamma_min=0.049787, arce_gamma_mode=teacher_mass, arce_gamma_std=0.022347, arce_sample_gamma_mean=0.120405, arce_sampled_teacher_overlap_mean=0.734233, arce_teacher_missing_mass_mean=0.136095, arce_teacher_missing_mass_std=0.085094
09/05/2026,06:28:59: Training...
09/05/2026,06:29:00: Evaluating...
09/05/2026,06:29:01: 	Train Loss: 3431924.7500 (base: 168.8634, kd: 6863.5122), Elapsed: train 2.46 test 0.27
09/05/2026,06:29:01: 	Recall@10: 0.06915 Recall@20: 0.10250 NDCG@10: 0.04103 NDCG@20: 0.05024 
09/05/2026,06:29:01: 	Recall@10: 0.02772 Recall@20: 0.04211 NDCG@10: 0.01523 NDCG@20: 0.01914 
09/05/2026,06:29:01: Epoch [214/1000]
09/05/2026,06:29:01: Negative sampling...
09/05/2026,06:29:02: Model's personal time...
09/05/2026,06:29:02: Model diagnostics: arce_anchor_count_mean=36.734623, arce_blocker_budget_mean=13.265376, arce_blocker_entropy_mean=4.739775, arce_gamma_effective_beta=3.000000, arce_gamma_max=0.257967, arce_gamma_mean=0.077487, arce_gamma_min=0.049787, arce_gamma_mode=teacher_mass, arce_gamma_std=0.022324, arce_sample_gamma_mean=0.120212, arce_sampled_teacher_overlap_mean=0.734692, arce_teacher_missing_mass_mean=0.135833, arce_teacher_missing_mass_std=0.084994
09/05/2026,06:29:02: Training...
09/05/2026,06:29:03: Evaluating...
09/05/2026,06:29:04: 	Train Loss: 3432316.2500 (base: 167.6521, kd: 6864.2969), Elapsed: train 2.55 test 0.28
09/05/2026,06:29:04: 	Recall@10: 0.07002 Recall@20: 0.10144 NDCG@10: 0.04148 NDCG@20: 0.05022 
09/05/2026,06:29:04: 	Recall@10: 0.02812 Recall@20: 0.04186 NDCG@10: 0.01536 NDCG@20: 0.01910 
09/05/2026,06:29:04: Epoch [215/1000]
09/05/2026,06:29:04: Negative sampling...
09/05/2026,06:29:05: Model's personal time...
09/05/2026,06:29:05: Model diagnostics: arce_anchor_count_mean=36.745544, arce_blocker_budget_mean=13.254455, arce_blocker_entropy_mean=4.736191, arce_gamma_effective_beta=3.000000, arce_gamma_max=0.257967, arce_gamma_mean=0.077432, arce_gamma_min=0.049787, arce_gamma_mode=teacher_mass, arce_gamma_std=0.022281, arce_sample_gamma_mean=0.120108, arce_sampled_teacher_overlap_mean=0.734911, arce_teacher_missing_mass_mean=0.135628, arce_teacher_missing_mass_std=0.084864
09/05/2026,06:29:05: Training...
09/05/2026,06:29:06: Evaluating...
09/05/2026,06:29:06: 	Train Loss: 3432498.2500 (base: 169.1845, kd: 6864.6582), Elapsed: train 2.51 test 0.30
09/05/2026,06:29:06: 	Recall@10: 0.06969 Recall@20: 0.10131 NDCG@10: 0.04140 NDCG@20: 0.05019 
09/05/2026,06:29:06: 	Recall@10: 0.02789 Recall@20: 0.04228 NDCG@10: 0.01523 NDCG@20: 0.01918 
09/05/2026,06:29:06: Epoch [216/1000]
09/05/2026,06:29:06: Negative sampling...
09/05/2026,06:29:08: Model's personal time...
09/05/2026,06:29:08: Model diagnostics: arce_anchor_count_mean=36.759148, arce_blocker_budget_mean=13.240850, arce_blocker_entropy_mean=4.734472, arce_gamma_effective_beta=3.000000, arce_gamma_max=0.257967, arce_gamma_mean=0.077380, arce_gamma_min=0.049787, arce_gamma_mode=teacher_mass, arce_gamma_std=0.022251, arce_sample_gamma_mean=0.120010, arce_sampled_teacher_overlap_mean=0.735183, arce_teacher_missing_mass_mean=0.135423, arce_teacher_missing_mass_std=0.084796
09/05/2026,06:29:08: Training...
09/05/2026,06:29:09: Evaluating...
09/05/2026,06:29:09: 	Train Loss: 3432537.5000 (base: 166.5536, kd: 6864.7422), Elapsed: train 2.50 test 0.27
09/05/2026,06:29:09: 	Recall@10: 0.06958 Recall@20: 0.10226 NDCG@10: 0.04122 NDCG@20: 0.05026 
09/05/2026,06:29:09: 	Recall@10: 0.02770 Recall@20: 0.04198 NDCG@10: 0.01524 NDCG@20: 0.01918 
09/05/2026,06:29:09: Epoch [217/1000]
09/05/2026,06:29:09: Negative sampling...
09/05/2026,06:29:10: Model's personal time...
09/05/2026,06:29:11: Model diagnostics: arce_anchor_count_mean=36.771988, arce_blocker_budget_mean=13.228013, arce_blocker_entropy_mean=4.734431, arce_gamma_effective_beta=3.000000, arce_gamma_max=0.257967, arce_gamma_mean=0.077344, arce_gamma_min=0.049787, arce_gamma_mode=teacher_mass, arce_gamma_std=0.022255, arce_sample_gamma_mean=0.119889, arce_sampled_teacher_overlap_mean=0.735440, arce_teacher_missing_mass_mean=0.135263, arce_teacher_missing_mass_std=0.084803
09/05/2026,06:29:11: Training...
09/05/2026,06:29:12: Evaluating...
09/05/2026,06:29:12: 	Train Loss: 3432284.0000 (base: 162.5637, kd: 6864.2437), Elapsed: train 2.44 test 0.29
09/05/2026,06:29:12: 	Recall@10: 0.06955 Recall@20: 0.10181 NDCG@10: 0.04113 NDCG@20: 0.05011 
09/05/2026,06:29:12: 	Recall@10: 0.02777 Recall@20: 0.04187 NDCG@10: 0.01524 NDCG@20: 0.01912 
09/05/2026,06:29:12: Epoch [218/1000]
09/05/2026,06:29:12: Negative sampling...
09/05/2026,06:29:13: Model's personal time...
09/05/2026,06:29:13: Model diagnostics: arce_anchor_count_mean=36.790573, arce_blocker_budget_mean=13.209427, arce_blocker_entropy_mean=4.737782, arce_gamma_effective_beta=3.000000, arce_gamma_max=0.257967, arce_gamma_mean=0.077279, arce_gamma_min=0.049787, arce_gamma_mode=teacher_mass, arce_gamma_std=0.022226, arce_sample_gamma_mean=0.119764, arce_sampled_teacher_overlap_mean=0.735811, arce_teacher_missing_mass_mean=0.134988, arce_teacher_missing_mass_std=0.084783
09/05/2026,06:29:13: Training...
09/05/2026,06:29:14: Evaluating...
09/05/2026,06:29:15: 	Train Loss: 3432385.2500 (base: 161.9433, kd: 6864.4468), Elapsed: train 2.44 test 0.27
09/05/2026,06:29:15: 	Recall@10: 0.07089 Recall@20: 0.10197 NDCG@10: 0.04174 NDCG@20: 0.05037 
09/05/2026,06:29:15: 	Recall@10: 0.02815 Recall@20: 0.04243 NDCG@10: 0.01537 NDCG@20: 0.01924 
09/05/2026,06:29:15: Epoch [219/1000]
09/05/2026,06:29:15: Negative sampling...
09/05/2026,06:29:16: Model's personal time...
09/05/2026,06:29:16: Model diagnostics: arce_anchor_count_mean=36.809734, arce_blocker_budget_mean=13.190267, arce_blocker_entropy_mean=4.732127, arce_gamma_effective_beta=3.000000, arce_gamma_max=0.267535, arce_gamma_mean=0.077216, arce_gamma_min=0.049787, arce_gamma_mode=teacher_mass, arce_gamma_std=0.022184, arce_sample_gamma_mean=0.119605, arce_sampled_teacher_overlap_mean=0.736195, arce_teacher_missing_mass_mean=0.134754, arce_teacher_missing_mass_std=0.084636
09/05/2026,06:29:16: Training...
09/05/2026,06:29:17: Evaluating...
09/05/2026,06:29:17: 	Train Loss: 3432363.7500 (base: 165.5371, kd: 6864.3960), Elapsed: train 2.50 test 0.30
09/05/2026,06:29:17: 	Recall@10: 0.06963 Recall@20: 0.10184 NDCG@10: 0.04141 NDCG@20: 0.05033 
09/05/2026,06:29:17: 	Recall@10: 0.02780 Recall@20: 0.04230 NDCG@10: 0.01521 NDCG@20: 0.01915 
09/05/2026,06:29:17: Epoch [220/1000]
09/05/2026,06:29:17: Negative sampling...
09/05/2026,06:29:19: Model's personal time...
09/05/2026,06:29:19: Model diagnostics: arce_anchor_count_mean=36.822952, arce_blocker_budget_mean=13.177045, arce_blocker_entropy_mean=4.732017, arce_gamma_effective_beta=3.000000, arce_gamma_max=0.267535, arce_gamma_mean=0.077169, arce_gamma_min=0.049787, arce_gamma_mode=teacher_mass, arce_gamma_std=0.022138, arce_sample_gamma_mean=0.119489, arce_sampled_teacher_overlap_mean=0.736459, arce_teacher_missing_mass_mean=0.134575, arce_teacher_missing_mass_std=0.084548
09/05/2026,06:29:19: Training...
09/05/2026,06:29:20: Evaluating...
09/05/2026,06:29:20: 	Train Loss: 3433251.7500 (base: 164.7253, kd: 6866.1753), Elapsed: train 2.57 test 0.30
09/05/2026,06:29:20: 	Recall@10: 0.07019 Recall@20: 0.10206 NDCG@10: 0.04161 NDCG@20: 0.05044 
09/05/2026,06:29:20: 	Recall@10: 0.02856 Recall@20: 0.04253 NDCG@10: 0.01532 NDCG@20: 0.01913 
09/05/2026,06:29:20: Epoch [221/1000]
09/05/2026,06:29:20: Negative sampling...
09/05/2026,06:29:22: Model's personal time...
09/05/2026,06:29:22: Model diagnostics: arce_anchor_count_mean=36.840008, arce_blocker_budget_mean=13.159992, arce_blocker_entropy_mean=4.730753, arce_gamma_effective_beta=3.000000, arce_gamma_max=0.267535, arce_gamma_mean=0.077102, arce_gamma_min=0.049787, arce_gamma_mode=teacher_mass, arce_gamma_std=0.022083, arce_sample_gamma_mean=0.119379, arce_sampled_teacher_overlap_mean=0.736800, arce_teacher_missing_mass_mean=0.134322, arce_teacher_missing_mass_std=0.084420
09/05/2026,06:29:22: Training...
09/05/2026,06:29:23: Evaluating...
09/05/2026,06:29:23: 	Train Loss: 3433443.7500 (base: 164.7925, kd: 6866.5581), Elapsed: train 2.60 test 0.27
09/05/2026,06:29:23: 	Recall@10: 0.07016 Recall@20: 0.10167 NDCG@10: 0.04129 NDCG@20: 0.05006 
09/05/2026,06:29:23: 	Recall@10: 0.02866 Recall@20: 0.04200 NDCG@10: 0.01547 NDCG@20: 0.01911 
09/05/2026,06:29:23: Epoch [222/1000]
09/05/2026,06:29:23: Negative sampling...
09/05/2026,06:29:24: Model's personal time...
09/05/2026,06:29:24: Model diagnostics: arce_anchor_count_mean=36.852844, arce_blocker_budget_mean=13.147155, arce_blocker_entropy_mean=4.730497, arce_gamma_effective_beta=3.000000, arce_gamma_max=0.267535, arce_gamma_mean=0.077055, arce_gamma_min=0.049787, arce_gamma_mode=teacher_mass, arce_gamma_std=0.022037, arce_sample_gamma_mean=0.119261, arce_sampled_teacher_overlap_mean=0.737057, arce_teacher_missing_mass_mean=0.134147, arce_teacher_missing_mass_std=0.084324
09/05/2026,06:29:24: Training...
09/05/2026,06:29:26: Evaluating...
09/05/2026,06:29:26: 	Train Loss: 3433125.7500 (base: 165.0282, kd: 6865.9219), Elapsed: train 2.47 test 0.25
09/05/2026,06:29:26: 	Recall@10: 0.06975 Recall@20: 0.10221 NDCG@10: 0.04148 NDCG@20: 0.05049 
09/05/2026,06:29:26: 	Recall@10: 0.02812 Recall@20: 0.04268 NDCG@10: 0.01526 NDCG@20: 0.01923 
09/05/2026,06:29:26: Epoch [223/1000]
09/05/2026,06:29:26: Negative sampling...
09/05/2026,06:29:27: Model's personal time...
09/05/2026,06:29:27: Model diagnostics: arce_anchor_count_mean=36.867214, arce_blocker_budget_mean=13.132784, arce_blocker_entropy_mean=4.731958, arce_gamma_effective_beta=3.000000, arce_gamma_max=0.267535, arce_gamma_mean=0.077017, arce_gamma_min=0.049787, arce_gamma_mode=teacher_mass, arce_gamma_std=0.022038, arce_sample_gamma_mean=0.119169, arce_sampled_teacher_overlap_mean=0.737344, arce_teacher_missing_mass_mean=0.133979, arce_teacher_missing_mass_std=0.084333
09/05/2026,06:29:27: Training...
09/05/2026,06:29:28: Evaluating...
09/05/2026,06:29:29: 	Train Loss: 3433644.2500 (base: 161.8557, kd: 6866.9644), Elapsed: train 2.50 test 0.26
09/05/2026,06:29:29: 	Recall@10: 0.06997 Recall@20: 0.10255 NDCG@10: 0.04150 NDCG@20: 0.05052 
09/05/2026,06:29:29: 	Recall@10: 0.02790 Recall@20: 0.04252 NDCG@10: 0.01535 NDCG@20: 0.01933 
09/05/2026,06:29:29: Epoch [224/1000]
09/05/2026,06:29:29: Negative sampling...
09/05/2026,06:29:30: Model's personal time...
09/05/2026,06:29:30: Model diagnostics: arce_anchor_count_mean=36.881203, arce_blocker_budget_mean=13.118796, arce_blocker_entropy_mean=4.730428, arce_gamma_effective_beta=3.000000, arce_gamma_max=0.267535, arce_gamma_mean=0.076943, arce_gamma_min=0.049787, arce_gamma_mode=teacher_mass, arce_gamma_std=0.021955, arce_sample_gamma_mean=0.119052, arce_sampled_teacher_overlap_mean=0.737624, arce_teacher_missing_mass_mean=0.133716, arce_teacher_missing_mass_std=0.084136
09/05/2026,06:29:30: Training...
09/05/2026,06:29:31: Evaluating...
09/05/2026,06:29:31: 	Train Loss: 3433583.5000 (base: 162.9627, kd: 6866.8408), Elapsed: train 2.51 test 0.32
09/05/2026,06:29:31: 	Recall@10: 0.06925 Recall@20: 0.10281 NDCG@10: 0.04104 NDCG@20: 0.05033 
09/05/2026,06:29:31: 	Recall@10: 0.02812 Recall@20: 0.04242 NDCG@10: 0.01544 NDCG@20: 0.01935 
09/05/2026,06:29:31: Epoch [225/1000]
09/05/2026,06:29:31: Negative sampling...
09/05/2026,06:29:33: Model's personal time...
09/05/2026,06:29:33: Model diagnostics: arce_anchor_count_mean=36.893082, arce_blocker_budget_mean=13.106916, arce_blocker_entropy_mean=4.726583, arce_gamma_effective_beta=3.000000, arce_gamma_max=0.267535, arce_gamma_mean=0.076895, arce_gamma_min=0.049787, arce_gamma_mode=teacher_mass, arce_gamma_std=0.021909, arce_sample_gamma_mean=0.118957, arce_sampled_teacher_overlap_mean=0.737862, arce_teacher_missing_mass_mean=0.133536, arce_teacher_missing_mass_std=0.084036
09/05/2026,06:29:33: Training...
09/05/2026,06:29:34: Evaluating...
09/05/2026,06:29:34: 	Train Loss: 3433779.7500 (base: 163.7471, kd: 6867.2319), Elapsed: train 2.39 test 0.26
09/05/2026,06:29:34: 	Recall@10: 0.07001 Recall@20: 0.10202 NDCG@10: 0.04139 NDCG@20: 0.05023 
09/05/2026,06:29:34: 	Recall@10: 0.02809 Recall@20: 0.04264 NDCG@10: 0.01535 NDCG@20: 0.01932 
09/05/2026,06:29:34: Epoch [226/1000]
09/05/2026,06:29:34: Negative sampling...
09/05/2026,06:29:35: Model's personal time...
09/05/2026,06:29:35: Model diagnostics: arce_anchor_count_mean=36.906685, arce_blocker_budget_mean=13.093312, arce_blocker_entropy_mean=4.725348, arce_gamma_effective_beta=3.000000, arce_gamma_max=0.267535, arce_gamma_mean=0.076848, arce_gamma_min=0.049787, arce_gamma_mode=teacher_mass, arce_gamma_std=0.021885, arce_sample_gamma_mean=0.118842, arce_sampled_teacher_overlap_mean=0.738134, arce_teacher_missing_mass_mean=0.133333, arce_teacher_missing_mass_std=0.084038
09/05/2026,06:29:35: Training...
09/05/2026,06:29:37: Evaluating...
09/05/2026,06:29:37: 	Train Loss: 3433984.5000 (base: 164.1344, kd: 6867.6406), Elapsed: train 2.54 test 0.27
09/05/2026,06:29:37: 	Recall@10: 0.06991 Recall@20: 0.10272 NDCG@10: 0.04109 NDCG@20: 0.05021 
09/05/2026,06:29:37: 	Recall@10: 0.02794 Recall@20: 0.04290 NDCG@10: 0.01532 NDCG@20: 0.01939 
09/05/2026,06:29:37: Epoch [227/1000]
09/05/2026,06:29:37: Negative sampling...
09/05/2026,06:29:38: Model's personal time...
09/05/2026,06:29:38: Model diagnostics: arce_anchor_count_mean=36.921631, arce_blocker_budget_mean=13.078367, arce_blocker_entropy_mean=4.726523, arce_gamma_effective_beta=3.000000, arce_gamma_max=0.267535, arce_gamma_mean=0.076774, arce_gamma_min=0.049787, arce_gamma_mode=teacher_mass, arce_gamma_std=0.021766, arce_sample_gamma_mean=0.118710, arce_sampled_teacher_overlap_mean=0.738433, arce_teacher_missing_mass_mean=0.133087, arce_teacher_missing_mass_std=0.083792
09/05/2026,06:29:38: Training...
09/05/2026,06:29:39: Evaluating...
09/05/2026,06:29:40: 	Train Loss: 3433749.7500 (base: 156.7812, kd: 6867.1860), Elapsed: train 2.58 test 0.27
09/05/2026,06:29:40: 	Recall@10: 0.06953 Recall@20: 0.10193 NDCG@10: 0.04130 NDCG@20: 0.05031 
09/05/2026,06:29:40: 	Recall@10: 0.02762 Recall@20: 0.04297 NDCG@10: 0.01521 NDCG@20: 0.01940 
09/05/2026,06:29:40: Epoch [228/1000]
09/05/2026,06:29:40: Negative sampling...
09/05/2026,06:29:41: Model's personal time...
09/05/2026,06:29:41: Model diagnostics: arce_anchor_count_mean=36.936768, arce_blocker_budget_mean=13.063231, arce_blocker_entropy_mean=4.725697, arce_gamma_effective_beta=3.000000, arce_gamma_max=0.257967, arce_gamma_mean=0.076730, arce_gamma_min=0.049787, arce_gamma_mode=teacher_mass, arce_gamma_std=0.021766, arce_sample_gamma_mean=0.118610, arce_sampled_teacher_overlap_mean=0.738735, arce_teacher_missing_mass_mean=0.132890, arce_teacher_missing_mass_std=0.083800
09/05/2026,06:29:41: Training...
09/05/2026,06:29:42: Evaluating...
09/05/2026,06:29:43: 	Train Loss: 3434353.5000 (base: 162.9262, kd: 6868.3813), Elapsed: train 2.59 test 0.28
09/05/2026,06:29:43: 	Recall@10: 0.06970 Recall@20: 0.10272 NDCG@10: 0.04136 NDCG@20: 0.05046 
09/05/2026,06:29:43: 	Recall@10: 0.02754 Recall@20: 0.04222 NDCG@10: 0.01524 NDCG@20: 0.01928 
09/05/2026,06:29:43: Epoch [229/1000]
09/05/2026,06:29:43: Negative sampling...
09/05/2026,06:29:44: Model's personal time...
09/05/2026,06:29:44: Model diagnostics: arce_anchor_count_mean=36.958996, arce_blocker_budget_mean=13.041004, arce_blocker_entropy_mean=4.727419, arce_gamma_effective_beta=3.000000, arce_gamma_max=0.267535, arce_gamma_mean=0.076649, arce_gamma_min=0.049787, arce_gamma_mode=teacher_mass, arce_gamma_std=0.021688, arce_sample_gamma_mean=0.118435, arce_sampled_teacher_overlap_mean=0.739180, arce_teacher_missing_mass_mean=0.132593, arce_teacher_missing_mass_std=0.083614
09/05/2026,06:29:44: Training...
09/05/2026,06:29:45: Evaluating...
09/05/2026,06:29:45: 	Train Loss: 3433992.7500 (base: 163.4313, kd: 6867.6582), Elapsed: train 2.60 test 0.27
09/05/2026,06:29:45: 	Recall@10: 0.07002 Recall@20: 0.10276 NDCG@10: 0.04145 NDCG@20: 0.05048 
09/05/2026,06:29:45: 	Recall@10: 0.02745 Recall@20: 0.04248 NDCG@10: 0.01504 NDCG@20: 0.01918 
09/05/2026,06:29:45: Epoch [230/1000]
09/05/2026,06:29:45: Negative sampling...
09/05/2026,06:29:47: Model's personal time...
09/05/2026,06:29:47: Model diagnostics: arce_anchor_count_mean=36.978348, arce_blocker_budget_mean=13.021651, arce_blocker_entropy_mean=4.723079, arce_gamma_effective_beta=3.000000, arce_gamma_max=0.267535, arce_gamma_mean=0.076589, arce_gamma_min=0.049787, arce_gamma_mode=teacher_mass, arce_gamma_std=0.021678, arce_sample_gamma_mean=0.118284, arce_sampled_teacher_overlap_mean=0.739567, arce_teacher_missing_mass_mean=0.132338, arce_teacher_missing_mass_std=0.083563
09/05/2026,06:29:47: Training...
09/05/2026,06:29:48: Evaluating...
09/05/2026,06:29:48: 	Train Loss: 3434052.5000 (base: 157.8559, kd: 6867.7896), Elapsed: train 2.45 test 0.26
09/05/2026,06:29:48: 	Recall@10: 0.07023 Recall@20: 0.10223 NDCG@10: 0.04136 NDCG@20: 0.05021 
09/05/2026,06:29:48: 	Recall@10: 0.02841 Recall@20: 0.04272 NDCG@10: 0.01547 NDCG@20: 0.01938 
09/05/2026,06:29:48: Epoch [231/1000]
09/05/2026,06:29:48: Negative sampling...
09/05/2026,06:29:50: Model's personal time...
09/05/2026,06:29:50: Model diagnostics: arce_anchor_count_mean=36.992718, arce_blocker_budget_mean=13.007281, arce_blocker_entropy_mean=4.723639, arce_gamma_effective_beta=3.000000, arce_gamma_max=0.234564, arce_gamma_mean=0.076536, arce_gamma_min=0.049787, arce_gamma_mode=teacher_mass, arce_gamma_std=0.021597, arce_sample_gamma_mean=0.118171, arce_sampled_teacher_overlap_mean=0.739854, arce_teacher_missing_mass_mean=0.132142, arce_teacher_missing_mass_std=0.083463
09/05/2026,06:29:50: Training...
09/05/2026,06:29:51: Evaluating...
09/05/2026,06:29:51: 	Train Loss: 3434234.5000 (base: 157.6067, kd: 6868.1543), Elapsed: train 2.52 test 0.27
09/05/2026,06:29:51: 	Recall@10: 0.06998 Recall@20: 0.10255 NDCG@10: 0.04139 NDCG@20: 0.05045 
09/05/2026,06:29:51: 	Recall@10: 0.02844 Recall@20: 0.04223 NDCG@10: 0.01542 NDCG@20: 0.01923 
09/05/2026,06:29:51: Epoch [232/1000]
09/05/2026,06:29:51: Negative sampling...
09/05/2026,06:29:52: Model's personal time...
09/05/2026,06:29:52: Model diagnostics: arce_anchor_count_mean=37.008045, arce_blocker_budget_mean=12.991952, arce_blocker_entropy_mean=4.722456, arce_gamma_effective_beta=3.000000, arce_gamma_max=0.234564, arce_gamma_mean=0.076476, arce_gamma_min=0.049787, arce_gamma_mode=teacher_mass, arce_gamma_std=0.021544, arce_sample_gamma_mean=0.118051, arce_sampled_teacher_overlap_mean=0.740161, arce_teacher_missing_mass_mean=0.131904, arce_teacher_missing_mass_std=0.083389
09/05/2026,06:29:52: Training...
09/05/2026,06:29:53: Evaluating...
09/05/2026,06:29:54: 	Train Loss: 3434729.7500 (base: 159.3682, kd: 6869.1416), Elapsed: train 2.49 test 0.25
09/05/2026,06:29:54: 	Recall@10: 0.06996 Recall@20: 0.10236 NDCG@10: 0.04133 NDCG@20: 0.05027 
09/05/2026,06:29:54: 	Recall@10: 0.02799 Recall@20: 0.04248 NDCG@10: 0.01527 NDCG@20: 0.01925 
09/05/2026,06:29:54: ------------------------------
09/05/2026,06:29:54: valid Recall@10: 0.07053 Recall@20: 0.10279 NDCG@10: 0.04207 NDCG@20: 0.05096
09/05/2026,06:29:54: test Recall@10: 0.02751 Recall@20: 0.04201 NDCG@10: 0.01521 NDCG@20: 0.01917
