----------------------------------------TEACHER----------------------------------------
init_std                                 0.01
embedding_dim                            400
----------------------------------------TEACHER----------------------------------------
----------------------------------------STUDENT----------------------------------------
init_std                                 0.01
embedding_dim                            20
----------------------------------------STUDENT----------------------------------------
----------------------------------------ARGUMENTS----------------------------------------
run_all                                  False
seed                                     0
gpu_id                                   0
no_log                                   False
no_save                                  False
suffix                                   anchor_count_es20
verbose                                  False
ablation                                 False
task                                     rec
dataset                                  citeulike
batch_size                               2048
num_ns                                   1
neg_sampling_on_all                      False
T_backbone                               bpr
S_backbone                               bpr
model                                    arcekd
preload                                  False
postsave                                 False
train_teacher                            False
ckpt_interval                            -1
epochs                                   1000
lr                                       0.001
wd                                       1e-05
lmbda                                    500
srce_alpha                               1.0
srce_s                                   20.0
srce_eta                                 1.0
srce_Lu                                  20
srce_mode                                union
srce_kappa                               0.0
eval_period                              1
K_list                                   [10, 20]
early_stop_metric                        NDCG
early_stop_K                             20
early_stop_patience                      30
LOG_DIR                                  logs/
CONFIG_DIR                               configs/
DATA_DIR                                 data/
CKPT_DIR                                 checkpoints/
CRAFT_DIR                                crafts/
mkd_tau                                  1
mkd_K                                    50
mkd_L                                    50
mkd_T                                    10
mkd_mxK                                  200
mkd_beta                                 3
sample_rank                              False
arce_sampler                             count
arce_mix_alpha                           0.9
----------------------------------------ARGUMENTS----------------------------------------
Generating Top-K dict...
----------------------------------------Teacher----------------------------------------
09/05/2026,05:58:43: ------------------------------
09/05/2026,05:58:43: valid Recall@10: 0.06778 Recall@20: 0.10315 NDCG@10: 0.04052 NDCG@20: 0.05027
09/05/2026,05:58:43: test Recall@10: 0.02747 Recall@20: 0.04385 NDCG@10: 0.01551 NDCG@20: 0.02003
----------------------------------------------------------------------------------------
09/05/2026,05:58:43: Epoch [1/1000]
09/05/2026,05:58:43: Negative sampling...
09/05/2026,05:58:45: Model's personal time...
09/05/2026,05:58:45: Model diagnostics: arce_anchor_count_mean=0.112665, arce_blocker_budget_mean=49.887333, arce_blocker_entropy_mean=5.295729, arce_gamma_max=1.000000, arce_gamma_mean=0.993461, arce_gamma_min=0.835270, arce_gamma_std=0.019448, arce_sampled_teacher_overlap_mean=0.002253
09/05/2026,05:58:45: Training...
09/05/2026,05:58:46: Evaluating...
09/05/2026,05:58:47: 	Train Loss: 4615814.0000 (base: 1390.9949, kd: 9228.8457), Elapsed: train 2.82 test 0.45 *
09/05/2026,05:58:47: 	Recall@10: 0.01830 Recall@20: 0.02588 NDCG@10: 0.01119 NDCG@20: 0.01323 
09/05/2026,05:58:47: 	Recall@10: 0.00761 Recall@20: 0.01027 NDCG@10: 0.00448 NDCG@20: 0.00523 
09/05/2026,05:58:47: Epoch [2/1000]
09/05/2026,05:58:47: Negative sampling...
09/05/2026,05:58:48: Model's personal time...
09/05/2026,05:58:48: Model diagnostics: arce_anchor_count_mean=6.709331, arce_blocker_budget_mean=43.290668, arce_blocker_entropy_mean=5.202588, arce_gamma_max=1.000000, arce_gamma_mean=0.705272, arce_gamma_min=0.138069, arce_gamma_std=0.208733, arce_sampled_teacher_overlap_mean=0.134187
09/05/2026,05:58:48: Training...
09/05/2026,05:58:49: Evaluating...
09/05/2026,05:58:49: 	Train Loss: 4261596.5000 (base: 1381.9949, kd: 8520.4287), Elapsed: train 2.49 test 0.27 *
09/05/2026,05:58:49: 	Recall@10: 0.03321 Recall@20: 0.04782 NDCG@10: 0.02151 NDCG@20: 0.02551 
09/05/2026,05:58:49: 	Recall@10: 0.01294 Recall@20: 0.02084 NDCG@10: 0.00805 NDCG@20: 0.01022 
09/05/2026,05:58:49: Epoch [3/1000]
09/05/2026,05:58:49: Negative sampling...
09/05/2026,05:58:51: Model's personal time...
09/05/2026,05:58:51: Model diagnostics: arce_anchor_count_mean=11.540908, arce_blocker_budget_mean=38.459091, arce_blocker_entropy_mean=5.157847, arce_gamma_max=1.000000, arce_gamma_mean=0.539385, arce_gamma_min=0.138069, arce_gamma_std=0.201536, arce_sampled_teacher_overlap_mean=0.230818
09/05/2026,05:58:51: Training...
09/05/2026,05:58:52: Evaluating...
09/05/2026,05:58:52: 	Train Loss: 4154372.5000 (base: 1364.8788, kd: 8306.0146), Elapsed: train 2.51 test 0.26 *
09/05/2026,05:58:52: 	Recall@10: 0.03596 Recall@20: 0.04997 NDCG@10: 0.02311 NDCG@20: 0.02685 
09/05/2026,05:58:52: 	Recall@10: 0.01339 Recall@20: 0.02076 NDCG@10: 0.00832 NDCG@20: 0.01039 
09/05/2026,05:58:52: Epoch [4/1000]
09/05/2026,05:58:52: Negative sampling...
09/05/2026,05:58:54: Model's personal time...
09/05/2026,05:58:54: Model diagnostics: arce_anchor_count_mean=11.951331, arce_blocker_budget_mean=38.048668, arce_blocker_entropy_mean=5.155993, arce_gamma_max=1.000000, arce_gamma_mean=0.519145, arce_gamma_min=0.165299, arce_gamma_std=0.180337, arce_sampled_teacher_overlap_mean=0.239027
09/05/2026,05:58:54: Training...
09/05/2026,05:58:55: Evaluating...
09/05/2026,05:58:55: 	Train Loss: 4072488.5000 (base: 1342.2629, kd: 8142.2930), Elapsed: train 2.46 test 0.34 *
09/05/2026,05:58:55: 	Recall@10: 0.03901 Recall@20: 0.05563 NDCG@10: 0.02385 NDCG@20: 0.02841 
09/05/2026,05:58:55: 	Recall@10: 0.01487 Recall@20: 0.02395 NDCG@10: 0.00890 NDCG@20: 0.01144 
09/05/2026,05:58:55: Epoch [5/1000]
09/05/2026,05:58:55: Negative sampling...
09/05/2026,05:58:56: Model's personal time...
09/05/2026,05:58:57: Model diagnostics: arce_anchor_count_mean=13.668519, arce_blocker_budget_mean=36.331482, arce_blocker_entropy_mean=5.143339, arce_gamma_max=1.000000, arce_gamma_mean=0.473595, arce_gamma_min=0.155673, arce_gamma_std=0.181593, arce_sampled_teacher_overlap_mean=0.273370
09/05/2026,05:58:57: Training...
09/05/2026,05:58:58: Evaluating...
09/05/2026,05:58:58: 	Train Loss: 3968598.0000 (base: 1310.7089, kd: 7934.5752), Elapsed: train 2.95 test 0.33 *
09/05/2026,05:58:58: 	Recall@10: 0.04208 Recall@20: 0.05573 NDCG@10: 0.02554 NDCG@20: 0.02921 
09/05/2026,05:58:58: 	Recall@10: 0.01687 Recall@20: 0.02428 NDCG@10: 0.00953 NDCG@20: 0.01163 
09/05/2026,05:58:58: Epoch [6/1000]
09/05/2026,05:58:58: Negative sampling...
09/05/2026,05:59:00: Model's personal time...
09/05/2026,05:59:00: Model diagnostics: arce_anchor_count_mean=14.614102, arce_blocker_budget_mean=35.385899, arce_blocker_entropy_mean=5.131346, arce_gamma_max=1.000000, arce_gamma_mean=0.449800, arce_gamma_min=0.122456, arce_gamma_std=0.179408, arce_sampled_teacher_overlap_mean=0.292282
09/05/2026,05:59:00: Training...
09/05/2026,05:59:01: Evaluating...
09/05/2026,05:59:01: 	Train Loss: 3874364.7500 (base: 1275.4706, kd: 7746.1782), Elapsed: train 2.64 test 0.29 *
09/05/2026,05:59:01: 	Recall@10: 0.04099 Recall@20: 0.05822 NDCG@10: 0.02579 NDCG@20: 0.03049 
09/05/2026,05:59:01: 	Recall@10: 0.01628 Recall@20: 0.02612 NDCG@10: 0.00953 NDCG@20: 0.01226 
09/05/2026,05:59:01: Epoch [7/1000]
09/05/2026,05:59:01: Negative sampling...
09/05/2026,05:59:03: Model's personal time...
09/05/2026,05:59:03: Model diagnostics: arce_anchor_count_mean=15.693428, arce_blocker_budget_mean=34.306572, arce_blocker_entropy_mean=5.119405, arce_gamma_max=1.000000, arce_gamma_mean=0.425908, arce_gamma_min=0.115325, arce_gamma_std=0.181235, arce_sampled_teacher_overlap_mean=0.313869
09/05/2026,05:59:03: Training...
09/05/2026,05:59:04: Evaluating...
09/05/2026,05:59:04: 	Train Loss: 3789688.7500 (base: 1233.6959, kd: 7576.9106), Elapsed: train 2.87 test 0.26 *
09/05/2026,05:59:04: 	Recall@10: 0.04426 Recall@20: 0.06049 NDCG@10: 0.02662 NDCG@20: 0.03101 
09/05/2026,05:59:04: 	Recall@10: 0.01806 Recall@20: 0.02692 NDCG@10: 0.00972 NDCG@20: 0.01217 
09/05/2026,05:59:04: Epoch [8/1000]
09/05/2026,05:59:04: Negative sampling...
09/05/2026,05:59:06: Model's personal time...
09/05/2026,05:59:06: Model diagnostics: arce_anchor_count_mean=16.607012, arce_blocker_budget_mean=33.392986, arce_blocker_entropy_mean=5.106371, arce_gamma_max=1.000000, arce_gamma_mean=0.405798, arce_gamma_min=0.108609, arce_gamma_std=0.179861, arce_sampled_teacher_overlap_mean=0.332140
09/05/2026,05:59:06: Training...
09/05/2026,05:59:07: Evaluating...
09/05/2026,05:59:07: 	Train Loss: 3722540.0000 (base: 1189.2183, kd: 7442.7021), Elapsed: train 2.45 test 0.26 *
09/05/2026,05:59:07: 	Recall@10: 0.04379 Recall@20: 0.06271 NDCG@10: 0.02649 NDCG@20: 0.03170 
09/05/2026,05:59:07: 	Recall@10: 0.01845 Recall@20: 0.02765 NDCG@10: 0.01005 NDCG@20: 0.01254 
09/05/2026,05:59:07: Epoch [9/1000]
09/05/2026,05:59:07: Negative sampling...
09/05/2026,05:59:08: Model's personal time...
09/05/2026,05:59:08: Model diagnostics: arce_anchor_count_mean=17.605864, arce_blocker_budget_mean=32.394135, arce_blocker_entropy_mean=5.091305, arce_gamma_max=1.000000, arce_gamma_mean=0.385391, arce_gamma_min=0.102284, arce_gamma_std=0.179015, arce_sampled_teacher_overlap_mean=0.352117
09/05/2026,05:59:08: Training...
09/05/2026,05:59:09: Evaluating...
09/05/2026,05:59:10: 	Train Loss: 3671608.0000 (base: 1141.3665, kd: 7340.9336), Elapsed: train 2.27 test 0.28 *
09/05/2026,05:59:10: 	Recall@10: 0.04619 Recall@20: 0.06391 NDCG@10: 0.02794 NDCG@20: 0.03276 
09/05/2026,05:59:10: 	Recall@10: 0.01845 Recall@20: 0.02806 NDCG@10: 0.01029 NDCG@20: 0.01296 
09/05/2026,05:59:10: Epoch [10/1000]
09/05/2026,05:59:10: Negative sampling...
09/05/2026,05:59:11: Model's personal time...
09/05/2026,05:59:11: Model diagnostics: arce_anchor_count_mean=18.537268, arce_blocker_budget_mean=31.462732, arce_blocker_entropy_mean=5.079967, arce_gamma_max=1.000000, arce_gamma_mean=0.366661, arce_gamma_min=0.102284, arce_gamma_std=0.176817, arce_sampled_teacher_overlap_mean=0.370745
09/05/2026,05:59:11: Training...
09/05/2026,05:59:12: Evaluating...
09/05/2026,05:59:12: 	Train Loss: 3632594.2500 (base: 1094.5636, kd: 7262.9985), Elapsed: train 2.56 test 0.27 *
09/05/2026,05:59:12: 	Recall@10: 0.04827 Recall@20: 0.06677 NDCG@10: 0.02922 NDCG@20: 0.03427 
09/05/2026,05:59:12: 	Recall@10: 0.02014 Recall@20: 0.02980 NDCG@10: 0.01079 NDCG@20: 0.01342 
09/05/2026,05:59:12: Epoch [11/1000]
09/05/2026,05:59:12: Negative sampling...
09/05/2026,05:59:14: Model's personal time...
09/05/2026,05:59:14: Model diagnostics: arce_anchor_count_mean=19.379000, arce_blocker_budget_mean=30.621000, arce_blocker_entropy_mean=5.067413, arce_gamma_max=1.000000, arce_gamma_mean=0.350757, arce_gamma_min=0.096328, arce_gamma_std=0.175173, arce_sampled_teacher_overlap_mean=0.387580
09/05/2026,05:59:14: Training...
09/05/2026,05:59:15: Evaluating...
09/05/2026,05:59:15: 	Train Loss: 3603675.2500 (base: 1048.5017, kd: 7205.2539), Elapsed: train 2.61 test 0.26 *
09/05/2026,05:59:15: 	Recall@10: 0.05003 Recall@20: 0.06980 NDCG@10: 0.02970 NDCG@20: 0.03505 
09/05/2026,05:59:15: 	Recall@10: 0.02041 Recall@20: 0.03044 NDCG@10: 0.01078 NDCG@20: 0.01351 
09/05/2026,05:59:15: Epoch [12/1000]
09/05/2026,05:59:15: Negative sampling...
09/05/2026,05:59:17: Model's personal time...
09/05/2026,05:59:17: Model diagnostics: arce_anchor_count_mean=20.209044, arce_blocker_budget_mean=29.790956, arce_blocker_entropy_mean=5.056322, arce_gamma_max=1.000000, arce_gamma_mean=0.335009, arce_gamma_min=0.085435, arce_gamma_std=0.170995, arce_sampled_teacher_overlap_mean=0.404181
09/05/2026,05:59:17: Training...
09/05/2026,05:59:18: Evaluating...
09/05/2026,05:59:18: 	Train Loss: 3579111.0000 (base: 1004.1136, kd: 7156.2144), Elapsed: train 2.25 test 0.26 *
09/05/2026,05:59:18: 	Recall@10: 0.05169 Recall@20: 0.06969 NDCG@10: 0.03065 NDCG@20: 0.03558 
09/05/2026,05:59:18: 	Recall@10: 0.02098 Recall@20: 0.03096 NDCG@10: 0.01142 NDCG@20: 0.01413 
09/05/2026,05:59:18: Epoch [13/1000]
09/05/2026,05:59:18: Negative sampling...
09/05/2026,05:59:19: Model's personal time...
09/05/2026,05:59:19: Model diagnostics: arce_anchor_count_mean=20.920866, arce_blocker_budget_mean=29.079134, arce_blocker_entropy_mean=5.047431, arce_gamma_max=1.000000, arce_gamma_mean=0.322215, arce_gamma_min=0.085435, arce_gamma_std=0.168445, arce_sampled_teacher_overlap_mean=0.418417
09/05/2026,05:59:19: Training...
09/05/2026,05:59:20: Evaluating...
09/05/2026,05:59:20: 	Train Loss: 3559767.5000 (base: 964.1344, kd: 7117.6064), Elapsed: train 2.44 test 0.28 *
09/05/2026,05:59:20: 	Recall@10: 0.05241 Recall@20: 0.07199 NDCG@10: 0.03152 NDCG@20: 0.03682 
09/05/2026,05:59:20: 	Recall@10: 0.02131 Recall@20: 0.03239 NDCG@10: 0.01164 NDCG@20: 0.01465 
09/05/2026,05:59:20: Epoch [14/1000]
09/05/2026,05:59:20: Negative sampling...
09/05/2026,05:59:22: Model's personal time...
09/05/2026,05:59:22: Model diagnostics: arce_anchor_count_mean=21.643034, arce_blocker_budget_mean=28.356964, arce_blocker_entropy_mean=5.039039, arce_gamma_max=1.000000, arce_gamma_mean=0.309413, arce_gamma_min=0.075774, arce_gamma_std=0.164344, arce_sampled_teacher_overlap_mean=0.432861
09/05/2026,05:59:22: Training...
09/05/2026,05:59:23: Evaluating...
09/05/2026,05:59:23: 	Train Loss: 3543650.0000 (base: 924.6091, kd: 7085.4507), Elapsed: train 2.52 test 0.27 *
09/05/2026,05:59:23: 	Recall@10: 0.05299 Recall@20: 0.07431 NDCG@10: 0.03191 NDCG@20: 0.03762 
09/05/2026,05:59:23: 	Recall@10: 0.02230 Recall@20: 0.03245 NDCG@10: 0.01203 NDCG@20: 0.01481 
09/05/2026,05:59:23: Epoch [15/1000]
09/05/2026,05:59:23: Negative sampling...
09/05/2026,05:59:25: Model's personal time...
09/05/2026,05:59:25: Model diagnostics: arce_anchor_count_mean=22.332823, arce_blocker_budget_mean=27.667177, arce_blocker_entropy_mean=5.031103, arce_gamma_max=1.000000, arce_gamma_mean=0.298327, arce_gamma_min=0.071361, arce_gamma_std=0.161931, arce_sampled_teacher_overlap_mean=0.446656
09/05/2026,05:59:25: Training...
09/05/2026,05:59:26: Evaluating...
09/05/2026,05:59:26: 	Train Loss: 3531256.0000 (base: 889.6454, kd: 7060.7334), Elapsed: train 2.50 test 0.28 *
09/05/2026,05:59:26: 	Recall@10: 0.05502 Recall@20: 0.07691 NDCG@10: 0.03298 NDCG@20: 0.03889 
09/05/2026,05:59:26: 	Recall@10: 0.02188 Recall@20: 0.03296 NDCG@10: 0.01237 NDCG@20: 0.01542 
09/05/2026,05:59:26: Epoch [16/1000]
09/05/2026,05:59:26: Negative sampling...
09/05/2026,05:59:27: Model's personal time...
09/05/2026,05:59:27: Model diagnostics: arce_anchor_count_mean=22.866833, arce_blocker_budget_mean=27.133167, arce_blocker_entropy_mean=5.026480, arce_gamma_max=1.000000, arce_gamma_mean=0.288980, arce_gamma_min=0.067206, arce_gamma_std=0.158169, arce_sampled_teacher_overlap_mean=0.457337
09/05/2026,05:59:27: Training...
09/05/2026,05:59:29: Evaluating...
09/05/2026,05:59:29: 	Train Loss: 3519385.5000 (base: 854.1003, kd: 7037.0635), Elapsed: train 2.51 test 0.26 *
09/05/2026,05:59:29: 	Recall@10: 0.05490 Recall@20: 0.07894 NDCG@10: 0.03323 NDCG@20: 0.03966 
09/05/2026,05:59:29: 	Recall@10: 0.02248 Recall@20: 0.03313 NDCG@10: 0.01274 NDCG@20: 0.01565 
09/05/2026,05:59:29: Epoch [17/1000]
09/05/2026,05:59:29: Negative sampling...
09/05/2026,05:59:30: Model's personal time...
09/05/2026,05:59:30: Model diagnostics: arce_anchor_count_mean=23.418087, arce_blocker_budget_mean=26.581911, arce_blocker_entropy_mean=5.023273, arce_gamma_max=1.000000, arce_gamma_mean=0.280224, arce_gamma_min=0.067206, arce_gamma_std=0.154961, arce_sampled_teacher_overlap_mean=0.468362
09/05/2026,05:59:30: Training...
09/05/2026,05:59:31: Evaluating...
09/05/2026,05:59:31: 	Train Loss: 3509942.7500 (base: 824.4306, kd: 7018.2373), Elapsed: train 2.32 test 0.27 *
09/05/2026,05:59:31: 	Recall@10: 0.05425 Recall@20: 0.07898 NDCG@10: 0.03302 NDCG@20: 0.03967 
09/05/2026,05:59:31: 	Recall@10: 0.02261 Recall@20: 0.03300 NDCG@10: 0.01288 NDCG@20: 0.01570 
09/05/2026,05:59:31: Epoch [18/1000]
09/05/2026,05:59:31: Negative sampling...
09/05/2026,05:59:33: Model's personal time...
09/05/2026,05:59:33: Model diagnostics: arce_anchor_count_mean=23.829853, arce_blocker_budget_mean=26.170147, arce_blocker_entropy_mean=5.019252, arce_gamma_max=1.000000, arce_gamma_mean=0.273229, arce_gamma_min=0.067206, arce_gamma_std=0.151760, arce_sampled_teacher_overlap_mean=0.476597
09/05/2026,05:59:33: Training...
09/05/2026,05:59:34: Evaluating...
09/05/2026,05:59:34: 	Train Loss: 3501025.0000 (base: 797.1905, kd: 7000.4561), Elapsed: train 2.69 test 0.27 *
09/05/2026,05:59:34: 	Recall@10: 0.05531 Recall@20: 0.08084 NDCG@10: 0.03356 NDCG@20: 0.04045 
09/05/2026,05:59:34: 	Recall@10: 0.02276 Recall@20: 0.03393 NDCG@10: 0.01294 NDCG@20: 0.01597 
09/05/2026,05:59:34: Epoch [19/1000]
09/05/2026,05:59:34: Negative sampling...
09/05/2026,05:59:36: Model's personal time...
09/05/2026,05:59:36: Model diagnostics: arce_anchor_count_mean=24.297375, arce_blocker_budget_mean=25.702625, arce_blocker_entropy_mean=5.017692, arce_gamma_max=1.000000, arce_gamma_mean=0.266085, arce_gamma_min=0.063292, arce_gamma_std=0.148636, arce_sampled_teacher_overlap_mean=0.485947
09/05/2026,05:59:36: Training...
09/05/2026,05:59:37: Evaluating...
09/05/2026,05:59:37: 	Train Loss: 3493640.0000 (base: 771.4706, kd: 6985.7373), Elapsed: train 2.79 test 0.29 *
09/05/2026,05:59:37: 	Recall@10: 0.05605 Recall@20: 0.08167 NDCG@10: 0.03374 NDCG@20: 0.04069 
09/05/2026,05:59:37: 	Recall@10: 0.02318 Recall@20: 0.03450 NDCG@10: 0.01322 NDCG@20: 0.01630 
09/05/2026,05:59:37: Epoch [20/1000]
09/05/2026,05:59:37: Negative sampling...
09/05/2026,05:59:39: Model's personal time...
09/05/2026,05:59:39: Model diagnostics: arce_anchor_count_mean=24.713930, arce_blocker_budget_mean=25.286070, arce_blocker_entropy_mean=5.015284, arce_gamma_max=1.000000, arce_gamma_mean=0.259622, arce_gamma_min=0.063292, arce_gamma_std=0.145463, arce_sampled_teacher_overlap_mean=0.494279
09/05/2026,05:59:39: Training...
09/05/2026,05:59:40: Evaluating...
09/05/2026,05:59:40: 	Train Loss: 3487119.2500 (base: 745.5242, kd: 6972.7471), Elapsed: train 2.74 test 0.26 *
09/05/2026,05:59:40: 	Recall@10: 0.05729 Recall@20: 0.08353 NDCG@10: 0.03406 NDCG@20: 0.04116 
09/05/2026,05:59:40: 	Recall@10: 0.02348 Recall@20: 0.03422 NDCG@10: 0.01329 NDCG@20: 0.01623 
09/05/2026,05:59:40: Epoch [21/1000]
09/05/2026,05:59:40: Negative sampling...
09/05/2026,05:59:42: Model's personal time...
09/05/2026,05:59:42: Model diagnostics: arce_anchor_count_mean=25.090822, arce_blocker_budget_mean=24.909178, arce_blocker_entropy_mean=5.013109, arce_gamma_max=1.000000, arce_gamma_mean=0.253760, arce_gamma_min=0.059606, arce_gamma_std=0.142053, arce_sampled_teacher_overlap_mean=0.501816
09/05/2026,05:59:42: Training...
09/05/2026,05:59:43: Evaluating...
09/05/2026,05:59:43: 	Train Loss: 3481047.0000 (base: 722.1880, kd: 6960.6499), Elapsed: train 2.52 test 0.26 *
09/05/2026,05:59:43: 	Recall@10: 0.05693 Recall@20: 0.08467 NDCG@10: 0.03421 NDCG@20: 0.04171 
09/05/2026,05:59:43: 	Recall@10: 0.02415 Recall@20: 0.03494 NDCG@10: 0.01336 NDCG@20: 0.01631 
09/05/2026,05:59:43: Epoch [22/1000]
09/05/2026,05:59:43: Negative sampling...
09/05/2026,05:59:45: Model's personal time...
09/05/2026,05:59:45: Model diagnostics: arce_anchor_count_mean=25.377466, arce_blocker_budget_mean=24.622532, arce_blocker_entropy_mean=5.012676, arce_gamma_max=1.000000, arce_gamma_mean=0.249084, arce_gamma_min=0.059606, arce_gamma_std=0.138844, arce_sampled_teacher_overlap_mean=0.507549
09/05/2026,05:59:45: Training...
09/05/2026,05:59:46: Evaluating...
09/05/2026,05:59:46: 	Train Loss: 3475663.2500 (base: 704.0955, kd: 6949.9185), Elapsed: train 2.51 test 0.28 *
09/05/2026,05:59:46: 	Recall@10: 0.05845 Recall@20: 0.08536 NDCG@10: 0.03463 NDCG@20: 0.04196 
09/05/2026,05:59:46: 	Recall@10: 0.02443 Recall@20: 0.03479 NDCG@10: 0.01347 NDCG@20: 0.01633 
09/05/2026,05:59:46: Epoch [23/1000]
09/05/2026,05:59:46: Negative sampling...
09/05/2026,05:59:47: Model's personal time...
09/05/2026,05:59:47: Model diagnostics: arce_anchor_count_mean=25.703199, arce_blocker_budget_mean=24.296801, arce_blocker_entropy_mean=5.011254, arce_gamma_max=1.000000, arce_gamma_mean=0.244352, arce_gamma_min=0.059606, arce_gamma_std=0.136304, arce_sampled_teacher_overlap_mean=0.514064
09/05/2026,05:59:47: Training...
09/05/2026,05:59:48: Evaluating...
09/05/2026,05:59:49: 	Train Loss: 3470305.5000 (base: 682.1178, kd: 6939.2471), Elapsed: train 2.40 test 0.29 *
09/05/2026,05:59:49: 	Recall@10: 0.05850 Recall@20: 0.08615 NDCG@10: 0.03474 NDCG@20: 0.04222 
09/05/2026,05:59:49: 	Recall@10: 0.02493 Recall@20: 0.03528 NDCG@10: 0.01373 NDCG@20: 0.01653 
09/05/2026,05:59:49: Epoch [24/1000]
09/05/2026,05:59:49: Negative sampling...
09/05/2026,05:59:50: Model's personal time...
09/05/2026,05:59:50: Model diagnostics: arce_anchor_count_mean=25.985054, arce_blocker_budget_mean=24.014946, arce_blocker_entropy_mean=5.010746, arce_gamma_max=1.000000, arce_gamma_mean=0.240286, arce_gamma_min=0.059606, arce_gamma_std=0.134431, arce_sampled_teacher_overlap_mean=0.519701
09/05/2026,05:59:50: Training...
09/05/2026,05:59:51: Evaluating...
09/05/2026,05:59:52: 	Train Loss: 3466455.5000 (base: 662.5283, kd: 6931.5854), Elapsed: train 2.57 test 0.28 *
09/05/2026,05:59:52: 	Recall@10: 0.05933 Recall@20: 0.08529 NDCG@10: 0.03542 NDCG@20: 0.04255 
09/05/2026,05:59:52: 	Recall@10: 0.02494 Recall@20: 0.03587 NDCG@10: 0.01378 NDCG@20: 0.01673 
09/05/2026,05:59:52: Epoch [25/1000]
09/05/2026,05:59:52: Negative sampling...
09/05/2026,05:59:53: Model's personal time...
09/05/2026,05:59:53: Model diagnostics: arce_anchor_count_mean=26.263269, arce_blocker_budget_mean=23.736731, arce_blocker_entropy_mean=5.010304, arce_gamma_max=1.000000, arce_gamma_mean=0.236293, arce_gamma_min=0.059606, arce_gamma_std=0.132668, arce_sampled_teacher_overlap_mean=0.525265
09/05/2026,05:59:53: Training...
09/05/2026,05:59:54: Evaluating...
09/05/2026,05:59:54: 	Train Loss: 3464222.0000 (base: 646.3433, kd: 6927.1519), Elapsed: train 2.37 test 0.27 *
09/05/2026,05:59:54: 	Recall@10: 0.06059 Recall@20: 0.08740 NDCG@10: 0.03575 NDCG@20: 0.04305 
09/05/2026,05:59:54: 	Recall@10: 0.02587 Recall@20: 0.03595 NDCG@10: 0.01403 NDCG@20: 0.01678 
09/05/2026,05:59:54: Epoch [26/1000]
09/05/2026,05:59:54: Negative sampling...
09/05/2026,05:59:56: Model's personal time...
09/05/2026,05:59:56: Model diagnostics: arce_anchor_count_mean=26.536884, arce_blocker_budget_mean=23.463116, arce_blocker_entropy_mean=5.009839, arce_gamma_max=1.000000, arce_gamma_mean=0.232570, arce_gamma_min=0.056135, arce_gamma_std=0.130921, arce_sampled_teacher_overlap_mean=0.530738
09/05/2026,05:59:56: Training...
09/05/2026,05:59:57: Evaluating...
09/05/2026,05:59:57: 	Train Loss: 3460533.5000 (base: 630.2372, kd: 6919.8062), Elapsed: train 2.55 test 0.28 *
09/05/2026,05:59:57: 	Recall@10: 0.06087 Recall@20: 0.08702 NDCG@10: 0.03602 NDCG@20: 0.04317 
09/05/2026,05:59:57: 	Recall@10: 0.02577 Recall@20: 0.03579 NDCG@10: 0.01398 NDCG@20: 0.01673 
09/05/2026,05:59:57: Epoch [27/1000]
09/05/2026,05:59:57: Negative sampling...
09/05/2026,05:59:58: Model's personal time...
09/05/2026,05:59:58: Model diagnostics: arce_anchor_count_mean=26.756275, arce_blocker_budget_mean=23.243725, arce_blocker_entropy_mean=5.009533, arce_gamma_max=0.941765, arce_gamma_mean=0.229321, arce_gamma_min=0.056135, arce_gamma_std=0.128430, arce_sampled_teacher_overlap_mean=0.535125
09/05/2026,05:59:58: Training...
09/05/2026,05:59:59: Evaluating...
09/05/2026,06:00:00: 	Train Loss: 3457335.5000 (base: 614.5167, kd: 6913.4424), Elapsed: train 2.42 test 0.29
09/05/2026,06:00:00: 	Recall@10: 0.06199 Recall@20: 0.08745 NDCG@10: 0.03619 NDCG@20: 0.04310 
09/05/2026,06:00:00: 	Recall@10: 0.02602 Recall@20: 0.03627 NDCG@10: 0.01410 NDCG@20: 0.01691 
09/05/2026,06:00:00: Epoch [28/1000]
09/05/2026,06:00:00: Negative sampling...
09/05/2026,06:00:01: Model's personal time...
09/05/2026,06:00:01: Model diagnostics: arce_anchor_count_mean=26.976624, arce_blocker_budget_mean=23.023376, arce_blocker_entropy_mean=5.009871, arce_gamma_max=1.000000, arce_gamma_mean=0.226293, arce_gamma_min=0.056135, arce_gamma_std=0.126959, arce_sampled_teacher_overlap_mean=0.539532
09/05/2026,06:00:01: Training...
09/05/2026,06:00:02: Evaluating...
09/05/2026,06:00:02: 	Train Loss: 3454413.0000 (base: 598.1794, kd: 6907.6299), Elapsed: train 2.44 test 0.28 *
09/05/2026,06:00:02: 	Recall@10: 0.06262 Recall@20: 0.08749 NDCG@10: 0.03651 NDCG@20: 0.04338 
09/05/2026,06:00:02: 	Recall@10: 0.02545 Recall@20: 0.03641 NDCG@10: 0.01405 NDCG@20: 0.01708 
09/05/2026,06:00:02: Epoch [29/1000]
09/05/2026,06:00:02: Negative sampling...
09/05/2026,06:00:04: Model's personal time...
09/05/2026,06:00:04: Model diagnostics: arce_anchor_count_mean=27.184326, arce_blocker_budget_mean=22.815674, arce_blocker_entropy_mean=5.009292, arce_gamma_max=0.941765, arce_gamma_mean=0.223379, arce_gamma_min=0.056135, arce_gamma_std=0.125014, arce_sampled_teacher_overlap_mean=0.543687
09/05/2026,06:00:04: Training...
09/05/2026,06:00:05: Evaluating...
09/05/2026,06:00:05: 	Train Loss: 3452402.2500 (base: 587.3752, kd: 6903.6299), Elapsed: train 2.48 test 0.29 *
09/05/2026,06:00:05: 	Recall@10: 0.06334 Recall@20: 0.08797 NDCG@10: 0.03691 NDCG@20: 0.04368 
09/05/2026,06:00:05: 	Recall@10: 0.02583 Recall@20: 0.03678 NDCG@10: 0.01409 NDCG@20: 0.01711 
09/05/2026,06:00:05: Epoch [30/1000]
09/05/2026,06:00:05: Negative sampling...
09/05/2026,06:00:07: Model's personal time...
09/05/2026,06:00:07: Model diagnostics: arce_anchor_count_mean=27.377850, arce_blocker_budget_mean=22.622150, arce_blocker_entropy_mean=5.008875, arce_gamma_max=1.000000, arce_gamma_mean=0.220878, arce_gamma_min=0.056135, arce_gamma_std=0.124112, arce_sampled_teacher_overlap_mean=0.547557
09/05/2026,06:00:07: Training...
09/05/2026,06:00:08: Evaluating...
09/05/2026,06:00:08: 	Train Loss: 3449471.0000 (base: 571.8452, kd: 6897.7983), Elapsed: train 2.51 test 0.27 *
09/05/2026,06:00:08: 	Recall@10: 0.06231 Recall@20: 0.08901 NDCG@10: 0.03673 NDCG@20: 0.04405 
09/05/2026,06:00:08: 	Recall@10: 0.02612 Recall@20: 0.03650 NDCG@10: 0.01413 NDCG@20: 0.01699 
09/05/2026,06:00:08: Epoch [31/1000]
09/05/2026,06:00:08: Negative sampling...
09/05/2026,06:00:09: Model's personal time...
09/05/2026,06:00:09: Model diagnostics: arce_anchor_count_mean=27.572332, arce_blocker_budget_mean=22.427668, arce_blocker_entropy_mean=5.008314, arce_gamma_max=1.000000, arce_gamma_mean=0.218454, arce_gamma_min=0.056135, arce_gamma_std=0.123151, arce_sampled_teacher_overlap_mean=0.551447
09/05/2026,06:00:09: Training...
09/05/2026,06:00:11: Evaluating...
09/05/2026,06:00:11: 	Train Loss: 3448229.2500 (base: 559.5189, kd: 6895.3394), Elapsed: train 2.51 test 0.28 *
09/05/2026,06:00:11: 	Recall@10: 0.06302 Recall@20: 0.08937 NDCG@10: 0.03699 NDCG@20: 0.04428 
09/05/2026,06:00:11: 	Recall@10: 0.02555 Recall@20: 0.03712 NDCG@10: 0.01402 NDCG@20: 0.01718 
09/05/2026,06:00:11: Epoch [32/1000]
09/05/2026,06:00:11: Negative sampling...
09/05/2026,06:00:12: Model's personal time...
09/05/2026,06:00:12: Model diagnostics: arce_anchor_count_mean=27.756849, arce_blocker_budget_mean=22.243149, arce_blocker_entropy_mean=5.008020, arce_gamma_max=0.941765, arce_gamma_mean=0.215889, arce_gamma_min=0.056135, arce_gamma_std=0.121438, arce_sampled_teacher_overlap_mean=0.555137
09/05/2026,06:00:12: Training...
09/05/2026,06:00:13: Evaluating...
09/05/2026,06:00:14: 	Train Loss: 3445583.2500 (base: 547.8951, kd: 6890.0708), Elapsed: train 2.47 test 0.26
09/05/2026,06:00:14: 	Recall@10: 0.06324 Recall@20: 0.08918 NDCG@10: 0.03716 NDCG@20: 0.04424 
09/05/2026,06:00:14: 	Recall@10: 0.02582 Recall@20: 0.03706 NDCG@10: 0.01409 NDCG@20: 0.01718 
09/05/2026,06:00:14: Epoch [33/1000]
09/05/2026,06:00:14: Negative sampling...
09/05/2026,06:00:15: Model's personal time...
09/05/2026,06:00:15: Model diagnostics: arce_anchor_count_mean=27.932362, arce_blocker_budget_mean=22.067636, arce_blocker_entropy_mean=5.007769, arce_gamma_max=0.886920, arce_gamma_mean=0.213686, arce_gamma_min=0.052866, arce_gamma_std=0.120353, arce_sampled_teacher_overlap_mean=0.558647
09/05/2026,06:00:15: Training...
09/05/2026,06:00:16: Evaluating...
09/05/2026,06:00:16: 	Train Loss: 3443845.7500 (base: 536.8771, kd: 6886.6177), Elapsed: train 2.35 test 0.28
09/05/2026,06:00:16: 	Recall@10: 0.06400 Recall@20: 0.08872 NDCG@10: 0.03740 NDCG@20: 0.04423 
09/05/2026,06:00:16: 	Recall@10: 0.02524 Recall@20: 0.03699 NDCG@10: 0.01388 NDCG@20: 0.01713 
09/05/2026,06:00:16: Epoch [34/1000]
09/05/2026,06:00:16: Negative sampling...
09/05/2026,06:00:18: Model's personal time...
09/05/2026,06:00:18: Model diagnostics: arce_anchor_count_mean=28.086607, arce_blocker_budget_mean=21.913393, arce_blocker_entropy_mean=5.007131, arce_gamma_max=0.941765, arce_gamma_mean=0.211454, arce_gamma_min=0.056135, arce_gamma_std=0.118685, arce_sampled_teacher_overlap_mean=0.561732
09/05/2026,06:00:18: Training...
09/05/2026,06:00:19: Evaluating...
09/05/2026,06:00:19: 	Train Loss: 3442048.0000 (base: 525.4806, kd: 6883.0444), Elapsed: train 2.64 test 0.35 *
09/05/2026,06:00:19: 	Recall@10: 0.06487 Recall@20: 0.08945 NDCG@10: 0.03760 NDCG@20: 0.04438 
09/05/2026,06:00:19: 	Recall@10: 0.02588 Recall@20: 0.03746 NDCG@10: 0.01410 NDCG@20: 0.01729 
09/05/2026,06:00:19: Epoch [35/1000]
09/05/2026,06:00:19: Negative sampling...
09/05/2026,06:00:21: Model's personal time...
09/05/2026,06:00:21: Model diagnostics: arce_anchor_count_mean=28.238359, arce_blocker_budget_mean=21.761641, arce_blocker_entropy_mean=5.006764, arce_gamma_max=0.886920, arce_gamma_mean=0.209524, arce_gamma_min=0.052866, arce_gamma_std=0.117580, arce_sampled_teacher_overlap_mean=0.564767
09/05/2026,06:00:21: Training...
09/05/2026,06:00:22: Evaluating...
09/05/2026,06:00:22: 	Train Loss: 3440712.7500 (base: 515.3795, kd: 6880.3955), Elapsed: train 2.83 test 0.34
09/05/2026,06:00:22: 	Recall@10: 0.06369 Recall@20: 0.08842 NDCG@10: 0.03723 NDCG@20: 0.04405 
09/05/2026,06:00:22: 	Recall@10: 0.02502 Recall@20: 0.03794 NDCG@10: 0.01385 NDCG@20: 0.01738 
09/05/2026,06:00:22: Epoch [36/1000]
09/05/2026,06:00:22: Negative sampling...
09/05/2026,06:00:24: Model's personal time...
09/05/2026,06:00:24: Model diagnostics: arce_anchor_count_mean=28.403143, arce_blocker_budget_mean=21.596857, arce_blocker_entropy_mean=5.006121, arce_gamma_max=0.886920, arce_gamma_mean=0.207659, arce_gamma_min=0.052866, arce_gamma_std=0.117199, arce_sampled_teacher_overlap_mean=0.568063
09/05/2026,06:00:24: Training...
09/05/2026,06:00:25: Evaluating...
09/05/2026,06:00:26: 	Train Loss: 3439396.2500 (base: 504.6983, kd: 6877.7832), Elapsed: train 2.97 test 0.35
09/05/2026,06:00:26: 	Recall@10: 0.06410 Recall@20: 0.08895 NDCG@10: 0.03737 NDCG@20: 0.04426 
09/05/2026,06:00:26: 	Recall@10: 0.02545 Recall@20: 0.03818 NDCG@10: 0.01392 NDCG@20: 0.01741 
09/05/2026,06:00:26: Epoch [37/1000]
09/05/2026,06:00:26: Negative sampling...
09/05/2026,06:00:27: Model's personal time...
09/05/2026,06:00:27: Model diagnostics: arce_anchor_count_mean=28.554512, arce_blocker_budget_mean=21.445488, arce_blocker_entropy_mean=5.005577, arce_gamma_max=0.941765, arce_gamma_mean=0.205594, arce_gamma_min=0.052866, arce_gamma_std=0.115725, arce_sampled_teacher_overlap_mean=0.571090
09/05/2026,06:00:27: Training...
09/05/2026,06:00:28: Evaluating...
09/05/2026,06:00:29: 	Train Loss: 3438121.0000 (base: 494.6661, kd: 6875.2529), Elapsed: train 2.73 test 0.27
09/05/2026,06:00:29: 	Recall@10: 0.06386 Recall@20: 0.08824 NDCG@10: 0.03753 NDCG@20: 0.04427 
09/05/2026,06:00:29: 	Recall@10: 0.02530 Recall@20: 0.03861 NDCG@10: 0.01384 NDCG@20: 0.01745 
09/05/2026,06:00:29: Epoch [38/1000]
09/05/2026,06:00:29: Negative sampling...
09/05/2026,06:00:30: Model's personal time...
09/05/2026,06:00:30: Model diagnostics: arce_anchor_count_mean=28.705116, arce_blocker_budget_mean=21.294884, arce_blocker_entropy_mean=5.005140, arce_gamma_max=0.941765, arce_gamma_mean=0.203806, arce_gamma_min=0.052866, arce_gamma_std=0.115136, arce_sampled_teacher_overlap_mean=0.574102
09/05/2026,06:00:30: Training...
09/05/2026,06:00:31: Evaluating...
09/05/2026,06:00:32: 	Train Loss: 3437190.5000 (base: 486.0341, kd: 6873.4087), Elapsed: train 2.53 test 0.29 *
09/05/2026,06:00:32: 	Recall@10: 0.06333 Recall@20: 0.08997 NDCG@10: 0.03737 NDCG@20: 0.04475 
09/05/2026,06:00:32: 	Recall@10: 0.02502 Recall@20: 0.03858 NDCG@10: 0.01376 NDCG@20: 0.01745 
09/05/2026,06:00:32: Epoch [39/1000]
09/05/2026,06:00:32: Negative sampling...
09/05/2026,06:00:33: Model's personal time...
09/05/2026,06:00:33: Model diagnostics: arce_anchor_count_mean=28.807625, arce_blocker_budget_mean=21.192373, arce_blocker_entropy_mean=5.004684, arce_gamma_max=0.886920, arce_gamma_mean=0.202437, arce_gamma_min=0.052866, arce_gamma_std=0.113947, arce_sampled_teacher_overlap_mean=0.576153
09/05/2026,06:00:33: Training...
09/05/2026,06:00:34: Evaluating...
09/05/2026,06:00:34: 	Train Loss: 3436141.2500 (base: 477.9765, kd: 6871.3262), Elapsed: train 2.42 test 0.27
09/05/2026,06:00:34: 	Recall@10: 0.06377 Recall@20: 0.08894 NDCG@10: 0.03753 NDCG@20: 0.04451 
09/05/2026,06:00:34: 	Recall@10: 0.02512 Recall@20: 0.03872 NDCG@10: 0.01380 NDCG@20: 0.01748 
09/05/2026,06:00:34: Epoch [40/1000]
09/05/2026,06:00:34: Negative sampling...
09/05/2026,06:00:36: Model's personal time...
09/05/2026,06:00:36: Model diagnostics: arce_anchor_count_mean=28.955164, arce_blocker_budget_mean=21.044836, arce_blocker_entropy_mean=5.003634, arce_gamma_max=0.886920, arce_gamma_mean=0.200718, arce_gamma_min=0.052866, arce_gamma_std=0.113216, arce_sampled_teacher_overlap_mean=0.579103
09/05/2026,06:00:36: Training...
09/05/2026,06:00:37: Evaluating...
09/05/2026,06:00:37: 	Train Loss: 3435087.0000 (base: 468.9548, kd: 6869.2358), Elapsed: train 2.39 test 0.26 *
09/05/2026,06:00:37: 	Recall@10: 0.06336 Recall@20: 0.09033 NDCG@10: 0.03745 NDCG@20: 0.04491 
09/05/2026,06:00:37: 	Recall@10: 0.02511 Recall@20: 0.03934 NDCG@10: 0.01386 NDCG@20: 0.01770 
09/05/2026,06:00:37: Epoch [41/1000]
09/05/2026,06:00:37: Negative sampling...
09/05/2026,06:00:38: Model's personal time...
09/05/2026,06:00:38: Model diagnostics: arce_anchor_count_mean=29.073959, arce_blocker_budget_mean=20.926039, arce_blocker_entropy_mean=5.003477, arce_gamma_max=0.941765, arce_gamma_mean=0.199326, arce_gamma_min=0.052866, arce_gamma_std=0.112778, arce_sampled_teacher_overlap_mean=0.581479
09/05/2026,06:00:38: Training...
09/05/2026,06:00:39: Evaluating...
09/05/2026,06:00:40: 	Train Loss: 3434023.5000 (base: 459.8762, kd: 6867.1270), Elapsed: train 2.34 test 0.30 *
09/05/2026,06:00:40: 	Recall@10: 0.06308 Recall@20: 0.09090 NDCG@10: 0.03749 NDCG@20: 0.04519 
09/05/2026,06:00:40: 	Recall@10: 0.02542 Recall@20: 0.03986 NDCG@10: 0.01412 NDCG@20: 0.01798 
09/05/2026,06:00:40: Epoch [42/1000]
09/05/2026,06:00:40: Negative sampling...
09/05/2026,06:00:41: Model's personal time...
09/05/2026,06:00:41: Model diagnostics: arce_anchor_count_mean=29.222456, arce_blocker_budget_mean=20.777544, arce_blocker_entropy_mean=5.002491, arce_gamma_max=0.886920, arce_gamma_mean=0.197647, arce_gamma_min=0.052866, arce_gamma_std=0.111961, arce_sampled_teacher_overlap_mean=0.584449
09/05/2026,06:00:41: Training...
09/05/2026,06:00:42: Evaluating...
09/05/2026,06:00:42: 	Train Loss: 3432683.7500 (base: 452.8473, kd: 6864.4614), Elapsed: train 2.63 test 0.29
09/05/2026,06:00:42: 	Recall@10: 0.06338 Recall@20: 0.09036 NDCG@10: 0.03761 NDCG@20: 0.04510 
09/05/2026,06:00:42: 	Recall@10: 0.02542 Recall@20: 0.03920 NDCG@10: 0.01411 NDCG@20: 0.01784 
09/05/2026,06:00:42: Epoch [43/1000]
09/05/2026,06:00:42: Negative sampling...
09/05/2026,06:00:44: Model's personal time...
09/05/2026,06:00:44: Model diagnostics: arce_anchor_count_mean=29.343168, arce_blocker_budget_mean=20.656830, arce_blocker_entropy_mean=5.002024, arce_gamma_max=0.886920, arce_gamma_mean=0.196095, arce_gamma_min=0.052866, arce_gamma_std=0.110904, arce_sampled_teacher_overlap_mean=0.586863
09/05/2026,06:00:44: Training...
09/05/2026,06:00:45: Evaluating...
09/05/2026,06:00:45: 	Train Loss: 3432438.2500 (base: 446.3279, kd: 6863.9834), Elapsed: train 2.49 test 0.27 *
09/05/2026,06:00:45: 	Recall@10: 0.06460 Recall@20: 0.09185 NDCG@10: 0.03808 NDCG@20: 0.04559 
09/05/2026,06:00:45: 	Recall@10: 0.02529 Recall@20: 0.04001 NDCG@10: 0.01411 NDCG@20: 0.01808 
09/05/2026,06:00:45: Epoch [44/1000]
09/05/2026,06:00:45: Negative sampling...
09/05/2026,06:00:47: Model's personal time...
09/05/2026,06:00:47: Model diagnostics: arce_anchor_count_mean=29.484766, arce_blocker_budget_mean=20.515232, arce_blocker_entropy_mean=5.001009, arce_gamma_max=0.886920, arce_gamma_mean=0.194401, arce_gamma_min=0.049787, arce_gamma_std=0.109652, arce_sampled_teacher_overlap_mean=0.589695
09/05/2026,06:00:47: Training...
09/05/2026,06:00:48: Evaluating...
09/05/2026,06:00:48: 	Train Loss: 3431732.7500 (base: 438.4092, kd: 6862.5894), Elapsed: train 2.50 test 0.26
09/05/2026,06:00:48: 	Recall@10: 0.06459 Recall@20: 0.09086 NDCG@10: 0.03827 NDCG@20: 0.04556 
09/05/2026,06:00:48: 	Recall@10: 0.02523 Recall@20: 0.04052 NDCG@10: 0.01421 NDCG@20: 0.01828 
09/05/2026,06:00:48: Epoch [45/1000]
09/05/2026,06:00:48: Negative sampling...
09/05/2026,06:00:49: Model's personal time...
09/05/2026,06:00:49: Model diagnostics: arce_anchor_count_mean=29.599731, arce_blocker_budget_mean=20.400269, arce_blocker_entropy_mean=5.000561, arce_gamma_max=0.886920, arce_gamma_mean=0.192840, arce_gamma_min=0.052866, arce_gamma_std=0.108385, arce_sampled_teacher_overlap_mean=0.591995
09/05/2026,06:00:49: Training...
09/05/2026,06:00:50: Evaluating...
09/05/2026,06:00:51: 	Train Loss: 3430753.2500 (base: 432.4019, kd: 6860.6416), Elapsed: train 2.52 test 0.28 *
09/05/2026,06:00:51: 	Recall@10: 0.06410 Recall@20: 0.09213 NDCG@10: 0.03819 NDCG@20: 0.04590 
09/05/2026,06:00:51: 	Recall@10: 0.02534 Recall@20: 0.04013 NDCG@10: 0.01411 NDCG@20: 0.01808 
09/05/2026,06:00:51: Epoch [46/1000]
09/05/2026,06:00:51: Negative sampling...
09/05/2026,06:00:52: Model's personal time...
09/05/2026,06:00:52: Model diagnostics: arce_anchor_count_mean=29.701283, arce_blocker_budget_mean=20.298716, arce_blocker_entropy_mean=4.999899, arce_gamma_max=0.835270, arce_gamma_mean=0.191663, arce_gamma_min=0.052866, arce_gamma_std=0.107799, arce_sampled_teacher_overlap_mean=0.594026
09/05/2026,06:00:52: Training...
09/05/2026,06:00:53: Evaluating...
09/05/2026,06:00:54: 	Train Loss: 3430260.7500 (base: 422.2234, kd: 6859.6772), Elapsed: train 2.48 test 0.27
09/05/2026,06:00:54: 	Recall@10: 0.06426 Recall@20: 0.09203 NDCG@10: 0.03814 NDCG@20: 0.04584 
09/05/2026,06:00:54: 	Recall@10: 0.02572 Recall@20: 0.04048 NDCG@10: 0.01414 NDCG@20: 0.01812 
09/05/2026,06:00:54: Epoch [47/1000]
09/05/2026,06:00:54: Negative sampling...
09/05/2026,06:00:55: Model's personal time...
09/05/2026,06:00:55: Model diagnostics: arce_anchor_count_mean=29.800535, arce_blocker_budget_mean=20.199463, arce_blocker_entropy_mean=4.998810, arce_gamma_max=0.886920, arce_gamma_mean=0.190434, arce_gamma_min=0.049787, arce_gamma_std=0.106937, arce_sampled_teacher_overlap_mean=0.596011
09/05/2026,06:00:55: Training...
09/05/2026,06:00:56: Evaluating...
09/05/2026,06:00:56: 	Train Loss: 3429754.7500 (base: 417.2263, kd: 6858.6748), Elapsed: train 2.42 test 0.29 *
09/05/2026,06:00:56: 	Recall@10: 0.06419 Recall@20: 0.09367 NDCG@10: 0.03832 NDCG@20: 0.04646 
09/05/2026,06:00:56: 	Recall@10: 0.02576 Recall@20: 0.04039 NDCG@10: 0.01424 NDCG@20: 0.01820 
09/05/2026,06:00:56: Epoch [48/1000]
09/05/2026,06:00:56: Negative sampling...
09/05/2026,06:00:58: Model's personal time...
09/05/2026,06:00:58: Model diagnostics: arce_anchor_count_mean=29.913967, arce_blocker_budget_mean=20.086031, arce_blocker_entropy_mean=4.998510, arce_gamma_max=0.835270, arce_gamma_mean=0.189105, arce_gamma_min=0.052866, arce_gamma_std=0.106098, arce_sampled_teacher_overlap_mean=0.598279
09/05/2026,06:00:58: Training...
09/05/2026,06:00:59: Evaluating...
09/05/2026,06:00:59: 	Train Loss: 3429294.2500 (base: 410.4731, kd: 6857.7671), Elapsed: train 2.51 test 0.27 *
09/05/2026,06:00:59: 	Recall@10: 0.06413 Recall@20: 0.09389 NDCG@10: 0.03835 NDCG@20: 0.04658 
09/05/2026,06:00:59: 	Recall@10: 0.02547 Recall@20: 0.04035 NDCG@10: 0.01413 NDCG@20: 0.01816 
09/05/2026,06:00:59: Epoch [49/1000]
09/05/2026,06:00:59: Negative sampling...
09/05/2026,06:01:00: Model's personal time...
09/05/2026,06:01:00: Model diagnostics: arce_anchor_count_mean=30.013029, arce_blocker_budget_mean=19.986971, arce_blocker_entropy_mean=4.998095, arce_gamma_max=0.835270, arce_gamma_mean=0.187953, arce_gamma_min=0.052866, arce_gamma_std=0.105553, arce_sampled_teacher_overlap_mean=0.600261
09/05/2026,06:01:00: Training...
09/05/2026,06:01:01: Evaluating...
09/05/2026,06:01:02: 	Train Loss: 3428959.5000 (base: 405.0067, kd: 6857.1089), Elapsed: train 2.29 test 0.28 *
09/05/2026,06:01:02: 	Recall@10: 0.06435 Recall@20: 0.09327 NDCG@10: 0.03866 NDCG@20: 0.04674 
09/05/2026,06:01:02: 	Recall@10: 0.02566 Recall@20: 0.03993 NDCG@10: 0.01429 NDCG@20: 0.01817 
09/05/2026,06:01:02: Epoch [50/1000]
09/05/2026,06:01:02: Negative sampling...
09/05/2026,06:01:03: Model's personal time...
09/05/2026,06:01:03: Model diagnostics: arce_anchor_count_mean=30.110365, arce_blocker_budget_mean=19.889633, arce_blocker_entropy_mean=4.997517, arce_gamma_max=0.835270, arce_gamma_mean=0.186909, arce_gamma_min=0.052866, arce_gamma_std=0.105208, arce_sampled_teacher_overlap_mean=0.602207
09/05/2026,06:01:03: Training...
09/05/2026,06:01:04: Evaluating...
09/05/2026,06:01:04: 	Train Loss: 3428332.0000 (base: 400.4176, kd: 6855.8633), Elapsed: train 2.51 test 0.27
09/05/2026,06:01:04: 	Recall@10: 0.06418 Recall@20: 0.09308 NDCG@10: 0.03865 NDCG@20: 0.04671 
09/05/2026,06:01:04: 	Recall@10: 0.02586 Recall@20: 0.04058 NDCG@10: 0.01422 NDCG@20: 0.01818 
09/05/2026,06:01:04: Epoch [51/1000]
09/05/2026,06:01:04: Negative sampling...
09/05/2026,06:01:06: Model's personal time...
09/05/2026,06:01:06: Model diagnostics: arce_anchor_count_mean=30.216900, arce_blocker_budget_mean=19.783100, arce_blocker_entropy_mean=4.996683, arce_gamma_max=0.835270, arce_gamma_mean=0.185711, arce_gamma_min=0.049787, arce_gamma_std=0.104757, arce_sampled_teacher_overlap_mean=0.604338
09/05/2026,06:01:06: Training...
09/05/2026,06:01:07: Evaluating...
09/05/2026,06:01:07: 	Train Loss: 3428069.7500 (base: 393.2250, kd: 6855.3530), Elapsed: train 2.71 test 0.26 *
09/05/2026,06:01:07: 	Recall@10: 0.06445 Recall@20: 0.09396 NDCG@10: 0.03880 NDCG@20: 0.04709 
09/05/2026,06:01:07: 	Recall@10: 0.02557 Recall@20: 0.04081 NDCG@10: 0.01410 NDCG@20: 0.01821 
09/05/2026,06:01:07: Epoch [52/1000]
09/05/2026,06:01:07: Negative sampling...
09/05/2026,06:01:09: Model's personal time...
09/05/2026,06:01:09: Model diagnostics: arce_anchor_count_mean=30.316727, arce_blocker_budget_mean=19.683273, arce_blocker_entropy_mean=4.996423, arce_gamma_max=0.835270, arce_gamma_mean=0.184513, arce_gamma_min=0.052866, arce_gamma_std=0.104072, arce_sampled_teacher_overlap_mean=0.606335
09/05/2026,06:01:09: Training...
09/05/2026,06:01:10: Evaluating...
09/05/2026,06:01:10: 	Train Loss: 3427139.7500 (base: 388.5531, kd: 6853.5024), Elapsed: train 2.66 test 0.27
09/05/2026,06:01:10: 	Recall@10: 0.06443 Recall@20: 0.09387 NDCG@10: 0.03880 NDCG@20: 0.04704 
09/05/2026,06:01:10: 	Recall@10: 0.02555 Recall@20: 0.04036 NDCG@10: 0.01419 NDCG@20: 0.01823 
09/05/2026,06:01:10: Epoch [53/1000]
09/05/2026,06:01:10: Negative sampling...
09/05/2026,06:01:12: Model's personal time...
09/05/2026,06:01:12: Model diagnostics: arce_anchor_count_mean=30.426327, arce_blocker_budget_mean=19.573673, arce_blocker_entropy_mean=4.995691, arce_gamma_max=0.835270, arce_gamma_mean=0.183222, arce_gamma_min=0.049787, arce_gamma_std=0.103355, arce_sampled_teacher_overlap_mean=0.608527
09/05/2026,06:01:12: Training...
09/05/2026,06:01:13: Evaluating...
09/05/2026,06:01:14: 	Train Loss: 3427594.5000 (base: 383.5664, kd: 6854.4219), Elapsed: train 3.16 test 0.34 *
09/05/2026,06:01:14: 	Recall@10: 0.06442 Recall@20: 0.09464 NDCG@10: 0.03889 NDCG@20: 0.04737 
09/05/2026,06:01:14: 	Recall@10: 0.02618 Recall@20: 0.04004 NDCG@10: 0.01434 NDCG@20: 0.01811 
09/05/2026,06:01:14: Epoch [54/1000]
09/05/2026,06:01:14: Negative sampling...
09/05/2026,06:01:15: Model's personal time...
09/05/2026,06:01:15: Model diagnostics: arce_anchor_count_mean=30.520214, arce_blocker_budget_mean=19.479786, arce_blocker_entropy_mean=4.995136, arce_gamma_max=0.886920, arce_gamma_mean=0.182242, arce_gamma_min=0.052866, arce_gamma_std=0.102959, arce_sampled_teacher_overlap_mean=0.610404
09/05/2026,06:01:15: Training...
09/05/2026,06:01:16: Evaluating...
09/05/2026,06:01:17: 	Train Loss: 3426885.2500 (base: 380.2560, kd: 6853.0103), Elapsed: train 2.64 test 0.27 *
09/05/2026,06:01:17: 	Recall@10: 0.06426 Recall@20: 0.09485 NDCG@10: 0.03880 NDCG@20: 0.04742 
09/05/2026,06:01:17: 	Recall@10: 0.02623 Recall@20: 0.04045 NDCG@10: 0.01450 NDCG@20: 0.01836 
09/05/2026,06:01:17: Epoch [55/1000]
09/05/2026,06:01:17: Negative sampling...
09/05/2026,06:01:18: Model's personal time...
09/05/2026,06:01:18: Model diagnostics: arce_anchor_count_mean=30.615635, arce_blocker_budget_mean=19.384365, arce_blocker_entropy_mean=4.994466, arce_gamma_max=0.886920, arce_gamma_mean=0.181115, arce_gamma_min=0.052866, arce_gamma_std=0.102338, arce_sampled_teacher_overlap_mean=0.612313
09/05/2026,06:01:18: Training...
09/05/2026,06:01:19: Evaluating...
09/05/2026,06:01:19: 	Train Loss: 3426735.0000 (base: 375.1911, kd: 6852.7192), Elapsed: train 2.46 test 0.27
09/05/2026,06:01:19: 	Recall@10: 0.06488 Recall@20: 0.09403 NDCG@10: 0.03898 NDCG@20: 0.04716 
09/05/2026,06:01:19: 	Recall@10: 0.02592 Recall@20: 0.04007 NDCG@10: 0.01452 NDCG@20: 0.01842 
09/05/2026,06:01:19: Epoch [56/1000]
09/05/2026,06:01:19: Negative sampling...
09/05/2026,06:01:21: Model's personal time...
09/05/2026,06:01:21: Model diagnostics: arce_anchor_count_mean=30.697260, arce_blocker_budget_mean=19.302740, arce_blocker_entropy_mean=4.993927, arce_gamma_max=0.835270, arce_gamma_mean=0.180147, arce_gamma_min=0.052866, arce_gamma_std=0.101688, arce_sampled_teacher_overlap_mean=0.613945
09/05/2026,06:01:21: Training...
09/05/2026,06:01:22: Evaluating...
09/05/2026,06:01:22: 	Train Loss: 3426335.2500 (base: 368.6471, kd: 6851.9336), Elapsed: train 2.49 test 0.26 *
09/05/2026,06:01:22: 	Recall@10: 0.06551 Recall@20: 0.09516 NDCG@10: 0.03937 NDCG@20: 0.04761 
09/05/2026,06:01:22: 	Recall@10: 0.02624 Recall@20: 0.04095 NDCG@10: 0.01470 NDCG@20: 0.01867 
09/05/2026,06:01:22: Epoch [57/1000]
09/05/2026,06:01:22: Negative sampling...
09/05/2026,06:01:24: Model's personal time...
09/05/2026,06:01:24: Model diagnostics: arce_anchor_count_mean=30.793638, arce_blocker_budget_mean=19.206362, arce_blocker_entropy_mean=4.993073, arce_gamma_max=0.835270, arce_gamma_mean=0.179157, arce_gamma_min=0.052866, arce_gamma_std=0.101399, arce_sampled_teacher_overlap_mean=0.615873
09/05/2026,06:01:24: Training...
09/05/2026,06:01:25: Evaluating...
09/05/2026,06:01:25: 	Train Loss: 3426526.2500 (base: 365.3010, kd: 6852.3213), Elapsed: train 2.45 test 0.27
09/05/2026,06:01:25: 	Recall@10: 0.06528 Recall@20: 0.09506 NDCG@10: 0.03911 NDCG@20: 0.04750 
09/05/2026,06:01:25: 	Recall@10: 0.02637 Recall@20: 0.04068 NDCG@10: 0.01465 NDCG@20: 0.01856 
09/05/2026,06:01:25: Epoch [58/1000]
09/05/2026,06:01:25: Negative sampling...
09/05/2026,06:01:26: Model's personal time...
09/05/2026,06:01:26: Model diagnostics: arce_anchor_count_mean=30.887526, arce_blocker_budget_mean=19.112473, arce_blocker_entropy_mean=4.992456, arce_gamma_max=0.835270, arce_gamma_mean=0.178084, arce_gamma_min=0.052866, arce_gamma_std=0.100709, arce_sampled_teacher_overlap_mean=0.617750
09/05/2026,06:01:26: Training...
09/05/2026,06:01:27: Evaluating...
09/05/2026,06:01:28: 	Train Loss: 3426321.0000 (base: 362.2145, kd: 6851.9170), Elapsed: train 2.46 test 0.27 *
09/05/2026,06:01:28: 	Recall@10: 0.06504 Recall@20: 0.09612 NDCG@10: 0.03916 NDCG@20: 0.04785 
09/05/2026,06:01:28: 	Recall@10: 0.02671 Recall@20: 0.04124 NDCG@10: 0.01489 NDCG@20: 0.01883 
09/05/2026,06:01:28: Epoch [59/1000]
09/05/2026,06:01:28: Negative sampling...
09/05/2026,06:01:29: Model's personal time...
09/05/2026,06:01:29: Model diagnostics: arce_anchor_count_mean=30.978922, arce_blocker_budget_mean=19.021076, arce_blocker_entropy_mean=4.991944, arce_gamma_max=0.835270, arce_gamma_mean=0.177100, arce_gamma_min=0.049787, arce_gamma_std=0.100105, arce_sampled_teacher_overlap_mean=0.619578
09/05/2026,06:01:29: Training...
09/05/2026,06:01:30: Evaluating...
09/05/2026,06:01:30: 	Train Loss: 3425652.2500 (base: 357.9186, kd: 6850.5884), Elapsed: train 2.53 test 0.26 *
09/05/2026,06:01:30: 	Recall@10: 0.06513 Recall@20: 0.09621 NDCG@10: 0.03939 NDCG@20: 0.04805 
09/05/2026,06:01:30: 	Recall@10: 0.02700 Recall@20: 0.04113 NDCG@10: 0.01499 NDCG@20: 0.01883 
09/05/2026,06:01:30: Epoch [60/1000]
09/05/2026,06:01:30: Negative sampling...
09/05/2026,06:01:32: Model's personal time...
09/05/2026,06:01:32: Model diagnostics: arce_anchor_count_mean=31.067062, arce_blocker_budget_mean=18.932938, arce_blocker_entropy_mean=4.991207, arce_gamma_max=0.835270, arce_gamma_mean=0.176066, arce_gamma_min=0.052866, arce_gamma_std=0.099486, arce_sampled_teacher_overlap_mean=0.621341
09/05/2026,06:01:32: Training...
09/05/2026,06:01:33: Evaluating...
09/05/2026,06:01:33: 	Train Loss: 3426212.5000 (base: 353.5431, kd: 6851.7178), Elapsed: train 2.46 test 0.26
09/05/2026,06:01:33: 	Recall@10: 0.06552 Recall@20: 0.09558 NDCG@10: 0.03961 NDCG@20: 0.04801 
09/05/2026,06:01:33: 	Recall@10: 0.02714 Recall@20: 0.04108 NDCG@10: 0.01504 NDCG@20: 0.01883 
09/05/2026,06:01:33: Epoch [61/1000]
09/05/2026,06:01:33: Negative sampling...
09/05/2026,06:01:35: Model's personal time...
09/05/2026,06:01:35: Model diagnostics: arce_anchor_count_mean=31.149454, arce_blocker_budget_mean=18.850546, arce_blocker_entropy_mean=4.990608, arce_gamma_max=0.835270, arce_gamma_mean=0.175228, arce_gamma_min=0.052866, arce_gamma_std=0.099107, arce_sampled_teacher_overlap_mean=0.622989
09/05/2026,06:01:35: Training...
09/05/2026,06:01:36: Evaluating...
09/05/2026,06:01:36: 	Train Loss: 3426388.2500 (base: 348.8133, kd: 6852.0791), Elapsed: train 2.64 test 0.27 *
09/05/2026,06:01:36: 	Recall@10: 0.06596 Recall@20: 0.09631 NDCG@10: 0.03982 NDCG@20: 0.04829 
09/05/2026,06:01:36: 	Recall@10: 0.02735 Recall@20: 0.04132 NDCG@10: 0.01517 NDCG@20: 0.01894 
09/05/2026,06:01:36: Epoch [62/1000]
09/05/2026,06:01:36: Negative sampling...
09/05/2026,06:01:37: Model's personal time...
09/05/2026,06:01:37: Model diagnostics: arce_anchor_count_mean=31.237209, arce_blocker_budget_mean=18.762789, arce_blocker_entropy_mean=4.989987, arce_gamma_max=0.786628, arce_gamma_mean=0.174141, arce_gamma_min=0.052866, arce_gamma_std=0.098110, arce_sampled_teacher_overlap_mean=0.624744
09/05/2026,06:01:37: Training...
09/05/2026,06:01:39: Evaluating...
09/05/2026,06:01:39: 	Train Loss: 3426071.5000 (base: 343.1674, kd: 6851.4565), Elapsed: train 2.49 test 0.27
09/05/2026,06:01:39: 	Recall@10: 0.06571 Recall@20: 0.09590 NDCG@10: 0.03977 NDCG@20: 0.04821 
09/05/2026,06:01:39: 	Recall@10: 0.02773 Recall@20: 0.04130 NDCG@10: 0.01545 NDCG@20: 0.01914 
09/05/2026,06:01:39: Epoch [63/1000]
09/05/2026,06:01:39: Negative sampling...
09/05/2026,06:01:40: Model's personal time...
09/05/2026,06:01:40: Model diagnostics: arce_anchor_count_mean=31.319218, arce_blocker_budget_mean=18.680782, arce_blocker_entropy_mean=4.989282, arce_gamma_max=0.835270, arce_gamma_mean=0.173288, arce_gamma_min=0.052866, arce_gamma_std=0.097767, arce_sampled_teacher_overlap_mean=0.626384
09/05/2026,06:01:40: Training...
09/05/2026,06:01:41: Evaluating...
09/05/2026,06:01:41: 	Train Loss: 3425801.0000 (base: 340.3853, kd: 6850.9209), Elapsed: train 2.43 test 0.27 *
09/05/2026,06:01:41: 	Recall@10: 0.06744 Recall@20: 0.09584 NDCG@10: 0.04040 NDCG@20: 0.04838 
09/05/2026,06:01:41: 	Recall@10: 0.02729 Recall@20: 0.04122 NDCG@10: 0.01524 NDCG@20: 0.01905 
09/05/2026,06:01:41: Epoch [64/1000]
09/05/2026,06:01:41: Negative sampling...
09/05/2026,06:01:43: Model's personal time...
09/05/2026,06:01:43: Model diagnostics: arce_anchor_count_mean=31.422495, arce_blocker_budget_mean=18.577505, arce_blocker_entropy_mean=4.988686, arce_gamma_max=0.835270, arce_gamma_mean=0.172139, arce_gamma_min=0.052866, arce_gamma_std=0.096966, arce_sampled_teacher_overlap_mean=0.628450
09/05/2026,06:01:43: Training...
09/05/2026,06:01:44: Evaluating...
09/05/2026,06:01:44: 	Train Loss: 3426162.7500 (base: 335.6711, kd: 6851.6543), Elapsed: train 2.47 test 0.32 *
09/05/2026,06:01:44: 	Recall@10: 0.06641 Recall@20: 0.09649 NDCG@10: 0.04028 NDCG@20: 0.04863 
09/05/2026,06:01:44: 	Recall@10: 0.02770 Recall@20: 0.04092 NDCG@10: 0.01527 NDCG@20: 0.01889 
09/05/2026,06:01:44: Epoch [65/1000]
09/05/2026,06:01:44: Negative sampling...
09/05/2026,06:01:46: Model's personal time...
09/05/2026,06:01:46: Model diagnostics: arce_anchor_count_mean=31.489174, arce_blocker_budget_mean=18.510826, arce_blocker_entropy_mean=4.988141, arce_gamma_max=0.786628, arce_gamma_mean=0.171349, arce_gamma_min=0.052866, arce_gamma_std=0.096302, arce_sampled_teacher_overlap_mean=0.629783
09/05/2026,06:01:46: Training...
09/05/2026,06:01:47: Evaluating...
09/05/2026,06:01:47: 	Train Loss: 3425614.2500 (base: 334.9728, kd: 6850.5596), Elapsed: train 2.37 test 0.26
09/05/2026,06:01:47: 	Recall@10: 0.06692 Recall@20: 0.09640 NDCG@10: 0.04040 NDCG@20: 0.04859 
09/05/2026,06:01:47: 	Recall@10: 0.02774 Recall@20: 0.04126 NDCG@10: 0.01532 NDCG@20: 0.01901 
09/05/2026,06:01:47: Epoch [66/1000]
09/05/2026,06:01:47: Negative sampling...
09/05/2026,06:01:48: Model's personal time...
09/05/2026,06:01:48: Model diagnostics: arce_anchor_count_mean=31.569458, arce_blocker_budget_mean=18.430542, arce_blocker_entropy_mean=4.987687, arce_gamma_max=0.786628, arce_gamma_mean=0.170564, arce_gamma_min=0.049787, arce_gamma_std=0.096147, arce_sampled_teacher_overlap_mean=0.631389
09/05/2026,06:01:48: Training...
09/05/2026,06:01:50: Evaluating...
09/05/2026,06:01:50: 	Train Loss: 3425514.7500 (base: 327.2520, kd: 6850.3750), Elapsed: train 2.69 test 0.27 *
09/05/2026,06:01:50: 	Recall@10: 0.06585 Recall@20: 0.09616 NDCG@10: 0.04027 NDCG@20: 0.04872 
09/05/2026,06:01:50: 	Recall@10: 0.02707 Recall@20: 0.04132 NDCG@10: 0.01513 NDCG@20: 0.01901 
09/05/2026,06:01:50: Epoch [67/1000]
09/05/2026,06:01:50: Negative sampling...
09/05/2026,06:01:51: Model's personal time...
09/05/2026,06:01:51: Model diagnostics: arce_anchor_count_mean=31.648975, arce_blocker_budget_mean=18.351025, arce_blocker_entropy_mean=4.986758, arce_gamma_max=0.786628, arce_gamma_mean=0.169684, arce_gamma_min=0.052866, arce_gamma_std=0.095570, arce_sampled_teacher_overlap_mean=0.632980
09/05/2026,06:01:51: Training...
09/05/2026,06:01:52: Evaluating...
09/05/2026,06:01:53: 	Train Loss: 3425690.7500 (base: 327.6161, kd: 6850.7256), Elapsed: train 2.50 test 0.28 *
09/05/2026,06:01:53: 	Recall@10: 0.06708 Recall@20: 0.09663 NDCG@10: 0.04060 NDCG@20: 0.04882 
09/05/2026,06:01:53: 	Recall@10: 0.02769 Recall@20: 0.04144 NDCG@10: 0.01544 NDCG@20: 0.01919 
09/05/2026,06:01:53: Epoch [68/1000]
09/05/2026,06:01:53: Negative sampling...
09/05/2026,06:01:54: Model's personal time...
09/05/2026,06:01:54: Model diagnostics: arce_anchor_count_mean=31.734240, arce_blocker_budget_mean=18.265760, arce_blocker_entropy_mean=4.986594, arce_gamma_max=0.786628, arce_gamma_mean=0.168691, arce_gamma_min=0.052866, arce_gamma_std=0.094689, arce_sampled_teacher_overlap_mean=0.634685
09/05/2026,06:01:54: Training...
09/05/2026,06:01:55: Evaluating...
09/05/2026,06:01:56: 	Train Loss: 3426311.0000 (base: 321.2190, kd: 6851.9795), Elapsed: train 2.64 test 0.33
09/05/2026,06:01:56: 	Recall@10: 0.06650 Recall@20: 0.09664 NDCG@10: 0.04044 NDCG@20: 0.04880 
09/05/2026,06:01:56: 	Recall@10: 0.02780 Recall@20: 0.04115 NDCG@10: 0.01543 NDCG@20: 0.01905 
09/05/2026,06:01:56: Epoch [69/1000]
09/05/2026,06:01:56: Negative sampling...
09/05/2026,06:01:57: Model's personal time...
09/05/2026,06:01:57: Model diagnostics: arce_anchor_count_mean=31.806477, arce_blocker_budget_mean=18.193523, arce_blocker_entropy_mean=4.986105, arce_gamma_max=0.786628, arce_gamma_mean=0.168012, arce_gamma_min=0.052866, arce_gamma_std=0.094621, arce_sampled_teacher_overlap_mean=0.636129
09/05/2026,06:01:57: Training...
09/05/2026,06:01:59: Evaluating...
09/05/2026,06:01:59: 	Train Loss: 3426211.2500 (base: 319.9765, kd: 6851.7822), Elapsed: train 2.93 test 0.35 *
09/05/2026,06:01:59: 	Recall@10: 0.06604 Recall@20: 0.09634 NDCG@10: 0.04039 NDCG@20: 0.04885 
09/05/2026,06:01:59: 	Recall@10: 0.02818 Recall@20: 0.04112 NDCG@10: 0.01553 NDCG@20: 0.01909 
09/05/2026,06:01:59: Epoch [70/1000]
09/05/2026,06:01:59: Negative sampling...
09/05/2026,06:02:00: Model's personal time...
09/05/2026,06:02:00: Model diagnostics: arce_anchor_count_mean=31.894615, arce_blocker_budget_mean=18.105385, arce_blocker_entropy_mean=4.985411, arce_gamma_max=0.786628, arce_gamma_mean=0.167042, arce_gamma_min=0.052866, arce_gamma_std=0.094002, arce_sampled_teacher_overlap_mean=0.637892
09/05/2026,06:02:00: Training...
09/05/2026,06:02:02: Evaluating...
09/05/2026,06:02:02: 	Train Loss: 3427368.5000 (base: 315.5447, kd: 6854.1060), Elapsed: train 2.67 test 0.27
09/05/2026,06:02:02: 	Recall@10: 0.06652 Recall@20: 0.09607 NDCG@10: 0.04057 NDCG@20: 0.04877 
09/05/2026,06:02:02: 	Recall@10: 0.02795 Recall@20: 0.04072 NDCG@10: 0.01541 NDCG@20: 0.01891 
09/05/2026,06:02:02: Epoch [71/1000]
09/05/2026,06:02:02: Negative sampling...
09/05/2026,06:02:03: Model's personal time...
09/05/2026,06:02:03: Model diagnostics: arce_anchor_count_mean=31.967043, arce_blocker_budget_mean=18.032957, arce_blocker_entropy_mean=4.984978, arce_gamma_max=0.786628, arce_gamma_mean=0.166304, arce_gamma_min=0.052866, arce_gamma_std=0.093605, arce_sampled_teacher_overlap_mean=0.639341
09/05/2026,06:02:03: Training...
09/05/2026,06:02:05: Evaluating...
09/05/2026,06:02:05: 	Train Loss: 3426441.5000 (base: 314.2201, kd: 6852.2544), Elapsed: train 2.93 test 0.33 *
09/05/2026,06:02:05: 	Recall@10: 0.06615 Recall@20: 0.09682 NDCG@10: 0.04042 NDCG@20: 0.04895 
09/05/2026,06:02:05: 	Recall@10: 0.02816 Recall@20: 0.04099 NDCG@10: 0.01554 NDCG@20: 0.01908 
09/05/2026,06:02:05: Epoch [72/1000]
09/05/2026,06:02:05: Negative sampling...
09/05/2026,06:02:07: Model's personal time...
09/05/2026,06:02:07: Model diagnostics: arce_anchor_count_mean=32.035831, arce_blocker_budget_mean=17.964169, arce_blocker_entropy_mean=4.984216, arce_gamma_max=0.740818, arce_gamma_mean=0.165523, arce_gamma_min=0.052866, arce_gamma_std=0.092933, arce_sampled_teacher_overlap_mean=0.640717
09/05/2026,06:02:07: Training...
09/05/2026,06:02:08: Evaluating...
09/05/2026,06:02:08: 	Train Loss: 3426653.7500 (base: 312.9531, kd: 6852.6812), Elapsed: train 2.86 test 0.29
09/05/2026,06:02:08: 	Recall@10: 0.06679 Recall@20: 0.09613 NDCG@10: 0.04055 NDCG@20: 0.04871 
09/05/2026,06:02:08: 	Recall@10: 0.02837 Recall@20: 0.04113 NDCG@10: 0.01555 NDCG@20: 0.01905 
09/05/2026,06:02:08: Epoch [73/1000]
09/05/2026,06:02:08: Negative sampling...
09/05/2026,06:02:10: Model's personal time...
09/05/2026,06:02:10: Model diagnostics: arce_anchor_count_mean=32.103085, arce_blocker_budget_mean=17.896915, arce_blocker_entropy_mean=4.983927, arce_gamma_max=0.740818, arce_gamma_mean=0.164753, arce_gamma_min=0.052866, arce_gamma_std=0.092279, arce_sampled_teacher_overlap_mean=0.642062
09/05/2026,06:02:10: Training...
09/05/2026,06:02:11: Evaluating...
09/05/2026,06:02:11: 	Train Loss: 3426513.5000 (base: 308.2253, kd: 6852.4106), Elapsed: train 2.52 test 0.33
09/05/2026,06:02:11: 	Recall@10: 0.06688 Recall@20: 0.09575 NDCG@10: 0.04084 NDCG@20: 0.04888 
09/05/2026,06:02:11: 	Recall@10: 0.02805 Recall@20: 0.04130 NDCG@10: 0.01554 NDCG@20: 0.01914 
09/05/2026,06:02:11: Epoch [74/1000]
09/05/2026,06:02:11: Negative sampling...
09/05/2026,06:02:13: Model's personal time...
09/05/2026,06:02:13: Model diagnostics: arce_anchor_count_mean=32.184708, arce_blocker_budget_mean=17.815290, arce_blocker_entropy_mean=4.983238, arce_gamma_max=0.740818, arce_gamma_mean=0.163833, arce_gamma_min=0.052866, arce_gamma_std=0.091430, arce_sampled_teacher_overlap_mean=0.643694
09/05/2026,06:02:13: Training...
09/05/2026,06:02:14: Evaluating...
09/05/2026,06:02:14: 	Train Loss: 3427220.2500 (base: 305.2191, kd: 6853.8301), Elapsed: train 2.87 test 0.33 *
09/05/2026,06:02:14: 	Recall@10: 0.06674 Recall@20: 0.09688 NDCG@10: 0.04087 NDCG@20: 0.04923 
09/05/2026,06:02:14: 	Recall@10: 0.02794 Recall@20: 0.04110 NDCG@10: 0.01551 NDCG@20: 0.01913 
09/05/2026,06:02:14: Epoch [75/1000]
09/05/2026,06:02:14: Negative sampling...
09/05/2026,06:02:16: Model's personal time...
09/05/2026,06:02:16: Model diagnostics: arce_anchor_count_mean=32.259243, arce_blocker_budget_mean=17.740755, arce_blocker_entropy_mean=4.983129, arce_gamma_max=0.740818, arce_gamma_mean=0.163019, arce_gamma_min=0.052866, arce_gamma_std=0.090831, arce_sampled_teacher_overlap_mean=0.645185
09/05/2026,06:02:16: Training...
09/05/2026,06:02:17: Evaluating...
09/05/2026,06:02:17: 	Train Loss: 3426626.5000 (base: 300.9966, kd: 6852.6509), Elapsed: train 2.86 test 0.27 *
09/05/2026,06:02:17: 	Recall@10: 0.06670 Recall@20: 0.09642 NDCG@10: 0.04116 NDCG@20: 0.04936 
09/05/2026,06:02:17: 	Recall@10: 0.02788 Recall@20: 0.04086 NDCG@10: 0.01552 NDCG@20: 0.01908 
09/05/2026,06:02:17: Epoch [76/1000]
09/05/2026,06:02:17: Negative sampling...
09/05/2026,06:02:19: Model's personal time...
09/05/2026,06:02:19: Model diagnostics: arce_anchor_count_mean=32.332439, arce_blocker_budget_mean=17.667561, arce_blocker_entropy_mean=4.982251, arce_gamma_max=0.740818, arce_gamma_mean=0.162203, arce_gamma_min=0.052866, arce_gamma_std=0.090216, arce_sampled_teacher_overlap_mean=0.646649
09/05/2026,06:02:19: Training...
09/05/2026,06:02:20: Evaluating...
09/05/2026,06:02:20: 	Train Loss: 3427138.5000 (base: 298.4284, kd: 6853.6797), Elapsed: train 2.57 test 0.29
09/05/2026,06:02:20: 	Recall@10: 0.06643 Recall@20: 0.09684 NDCG@10: 0.04083 NDCG@20: 0.04918 
09/05/2026,06:02:20: 	Recall@10: 0.02801 Recall@20: 0.04071 NDCG@10: 0.01556 NDCG@20: 0.01904 
09/05/2026,06:02:20: Epoch [77/1000]
09/05/2026,06:02:20: Negative sampling...
09/05/2026,06:02:22: Model's personal time...
09/05/2026,06:02:22: Model diagnostics: arce_anchor_count_mean=32.406017, arce_blocker_budget_mean=17.593983, arce_blocker_entropy_mean=4.982002, arce_gamma_max=0.740818, arce_gamma_mean=0.161406, arce_gamma_min=0.052866, arce_gamma_std=0.089766, arce_sampled_teacher_overlap_mean=0.648120
09/05/2026,06:02:22: Training...
09/05/2026,06:02:23: Evaluating...
09/05/2026,06:02:23: 	Train Loss: 3426791.7500 (base: 295.4460, kd: 6852.9927), Elapsed: train 2.49 test 0.30 *
09/05/2026,06:02:23: 	Recall@10: 0.06709 Recall@20: 0.09696 NDCG@10: 0.04120 NDCG@20: 0.04938 
09/05/2026,06:02:23: 	Recall@10: 0.02804 Recall@20: 0.04074 NDCG@10: 0.01552 NDCG@20: 0.01900 
09/05/2026,06:02:23: Epoch [78/1000]
09/05/2026,06:02:23: Negative sampling...
09/05/2026,06:02:25: Model's personal time...
09/05/2026,06:02:25: Model diagnostics: arce_anchor_count_mean=32.477486, arce_blocker_budget_mean=17.522514, arce_blocker_entropy_mean=4.981587, arce_gamma_max=0.740818, arce_gamma_mean=0.160630, arce_gamma_min=0.052866, arce_gamma_std=0.089052, arce_sampled_teacher_overlap_mean=0.649550
09/05/2026,06:02:25: Training...
09/05/2026,06:02:26: Evaluating...
09/05/2026,06:02:26: 	Train Loss: 3427243.2500 (base: 295.4305, kd: 6853.8960), Elapsed: train 2.63 test 0.27 *
09/05/2026,06:02:26: 	Recall@10: 0.06693 Recall@20: 0.09773 NDCG@10: 0.04098 NDCG@20: 0.04941 
09/05/2026,06:02:26: 	Recall@10: 0.02808 Recall@20: 0.04054 NDCG@10: 0.01564 NDCG@20: 0.01905 
09/05/2026,06:02:26: Epoch [79/1000]
09/05/2026,06:02:26: Negative sampling...
09/05/2026,06:02:27: Model's personal time...
09/05/2026,06:02:27: Model diagnostics: arce_anchor_count_mean=32.539566, arce_blocker_budget_mean=17.460432, arce_blocker_entropy_mean=4.981226, arce_gamma_max=0.740818, arce_gamma_mean=0.159948, arce_gamma_min=0.049787, arce_gamma_std=0.088603, arce_sampled_teacher_overlap_mean=0.650791
09/05/2026,06:02:27: Training...
09/05/2026,06:02:29: Evaluating...
09/05/2026,06:02:29: 	Train Loss: 3427160.0000 (base: 291.6758, kd: 6853.7358), Elapsed: train 2.60 test 0.27 *
09/05/2026,06:02:29: 	Recall@10: 0.06582 Recall@20: 0.09738 NDCG@10: 0.04092 NDCG@20: 0.04954 
09/05/2026,06:02:29: 	Recall@10: 0.02817 Recall@20: 0.04051 NDCG@10: 0.01565 NDCG@20: 0.01900 
09/05/2026,06:02:29: Epoch [80/1000]
09/05/2026,06:02:29: Negative sampling...
09/05/2026,06:02:30: Model's personal time...
09/05/2026,06:02:30: Model diagnostics: arce_anchor_count_mean=32.600113, arce_blocker_budget_mean=17.399885, arce_blocker_entropy_mean=4.980789, arce_gamma_max=0.740818, arce_gamma_mean=0.159306, arce_gamma_min=0.049787, arce_gamma_std=0.088007, arce_sampled_teacher_overlap_mean=0.652002
09/05/2026,06:02:30: Training...
09/05/2026,06:02:32: Evaluating...
09/05/2026,06:02:32: 	Train Loss: 3427068.7500 (base: 289.7814, kd: 6853.5571), Elapsed: train 2.81 test 0.33
09/05/2026,06:02:32: 	Recall@10: 0.06664 Recall@20: 0.09670 NDCG@10: 0.04056 NDCG@20: 0.04886 
09/05/2026,06:02:32: 	Recall@10: 0.02778 Recall@20: 0.04110 NDCG@10: 0.01549 NDCG@20: 0.01915 
09/05/2026,06:02:32: Epoch [81/1000]
09/05/2026,06:02:32: Negative sampling...
09/05/2026,06:02:33: Model's personal time...
09/05/2026,06:02:33: Model diagnostics: arce_anchor_count_mean=32.671585, arce_blocker_budget_mean=17.328415, arce_blocker_entropy_mean=4.980191, arce_gamma_max=0.740818, arce_gamma_mean=0.158510, arce_gamma_min=0.052866, arce_gamma_std=0.087337, arce_sampled_teacher_overlap_mean=0.653432
09/05/2026,06:02:33: Training...
09/05/2026,06:02:35: Evaluating...
09/05/2026,06:02:35: 	Train Loss: 3427368.5000 (base: 286.3279, kd: 6854.1636), Elapsed: train 2.54 test 0.31
09/05/2026,06:02:35: 	Recall@10: 0.06647 Recall@20: 0.09777 NDCG@10: 0.04069 NDCG@20: 0.04926 
09/05/2026,06:02:35: 	Recall@10: 0.02780 Recall@20: 0.04149 NDCG@10: 0.01546 NDCG@20: 0.01918 
09/05/2026,06:02:35: Epoch [82/1000]
09/05/2026,06:02:35: Negative sampling...
09/05/2026,06:02:36: Model's personal time...
09/05/2026,06:02:36: Model diagnostics: arce_anchor_count_mean=32.741905, arce_blocker_budget_mean=17.258095, arce_blocker_entropy_mean=4.979933, arce_gamma_max=0.740818, arce_gamma_mean=0.157746, arce_gamma_min=0.049787, arce_gamma_std=0.086647, arce_sampled_teacher_overlap_mean=0.654838
09/05/2026,06:02:36: Training...
09/05/2026,06:02:38: Evaluating...
09/05/2026,06:02:38: 	Train Loss: 3427761.5000 (base: 280.9119, kd: 6854.9609), Elapsed: train 2.70 test 0.33
09/05/2026,06:02:38: 	Recall@10: 0.06648 Recall@20: 0.09705 NDCG@10: 0.04090 NDCG@20: 0.04933 
09/05/2026,06:02:38: 	Recall@10: 0.02826 Recall@20: 0.04179 NDCG@10: 0.01570 NDCG@20: 0.01934 
09/05/2026,06:02:38: Epoch [83/1000]
09/05/2026,06:02:38: Negative sampling...
09/05/2026,06:02:39: Model's personal time...
09/05/2026,06:02:39: Model diagnostics: arce_anchor_count_mean=32.812798, arce_blocker_budget_mean=17.187201, arce_blocker_entropy_mean=4.979745, arce_gamma_max=0.740818, arce_gamma_mean=0.156953, arce_gamma_min=0.049787, arce_gamma_std=0.085922, arce_sampled_teacher_overlap_mean=0.656256
09/05/2026,06:02:39: Training...
09/05/2026,06:02:41: Evaluating...
09/05/2026,06:02:41: 	Train Loss: 3428040.5000 (base: 280.2251, kd: 6855.5205), Elapsed: train 2.65 test 0.33
09/05/2026,06:02:41: 	Recall@10: 0.06666 Recall@20: 0.09795 NDCG@10: 0.04061 NDCG@20: 0.04919 
09/05/2026,06:02:41: 	Recall@10: 0.02788 Recall@20: 0.04225 NDCG@10: 0.01555 NDCG@20: 0.01941 
09/05/2026,06:02:41: Epoch [84/1000]
09/05/2026,06:02:41: Negative sampling...
09/05/2026,06:02:43: Model's personal time...
09/05/2026,06:02:43: Model diagnostics: arce_anchor_count_mean=32.869900, arce_blocker_budget_mean=17.130102, arce_blocker_entropy_mean=4.979066, arce_gamma_max=0.740818, arce_gamma_mean=0.156386, arce_gamma_min=0.049787, arce_gamma_std=0.085666, arce_sampled_teacher_overlap_mean=0.657398
09/05/2026,06:02:43: Training...
09/05/2026,06:02:44: Evaluating...
09/05/2026,06:02:44: 	Train Loss: 3427819.0000 (base: 277.8066, kd: 6855.0820), Elapsed: train 3.03 test 0.33
09/05/2026,06:02:44: 	Recall@10: 0.06587 Recall@20: 0.09772 NDCG@10: 0.04036 NDCG@20: 0.04915 
09/05/2026,06:02:44: 	Recall@10: 0.02740 Recall@20: 0.04177 NDCG@10: 0.01536 NDCG@20: 0.01924 
09/05/2026,06:02:44: Epoch [85/1000]
09/05/2026,06:02:44: Negative sampling...
09/05/2026,06:02:46: Model's personal time...
09/05/2026,06:02:46: Model diagnostics: arce_anchor_count_mean=32.934662, arce_blocker_budget_mean=17.065338, arce_blocker_entropy_mean=4.978977, arce_gamma_max=0.740818, arce_gamma_mean=0.155678, arce_gamma_min=0.052866, arce_gamma_std=0.085045, arce_sampled_teacher_overlap_mean=0.658693
09/05/2026,06:02:46: Training...
09/05/2026,06:02:47: Evaluating...
09/05/2026,06:02:47: 	Train Loss: 3427958.7500 (base: 275.0729, kd: 6855.3672), Elapsed: train 2.79 test 0.27 *
09/05/2026,06:02:47: 	Recall@10: 0.06497 Recall@20: 0.09853 NDCG@10: 0.04047 NDCG@20: 0.04966 
09/05/2026,06:02:47: 	Recall@10: 0.02798 Recall@20: 0.04237 NDCG@10: 0.01535 NDCG@20: 0.01921 
09/05/2026,06:02:47: Epoch [86/1000]
09/05/2026,06:02:47: Negative sampling...
09/05/2026,06:02:49: Model's personal time...
09/05/2026,06:02:49: Model diagnostics: arce_anchor_count_mean=33.003067, arce_blocker_budget_mean=16.996935, arce_blocker_entropy_mean=4.978548, arce_gamma_max=0.740818, arce_gamma_mean=0.154994, arce_gamma_min=0.049787, arce_gamma_std=0.084602, arce_sampled_teacher_overlap_mean=0.660061
09/05/2026,06:02:49: Training...
09/05/2026,06:02:50: Evaluating...
09/05/2026,06:02:50: 	Train Loss: 3428338.2500 (base: 273.1450, kd: 6856.1304), Elapsed: train 2.85 test 0.33
09/05/2026,06:02:50: 	Recall@10: 0.06524 Recall@20: 0.09812 NDCG@10: 0.04017 NDCG@20: 0.04916 
09/05/2026,06:02:50: 	Recall@10: 0.02788 Recall@20: 0.04182 NDCG@10: 0.01559 NDCG@20: 0.01937 
09/05/2026,06:02:50: Epoch [87/1000]
09/05/2026,06:02:50: Negative sampling...
09/05/2026,06:02:52: Model's personal time...
09/05/2026,06:02:52: Model diagnostics: arce_anchor_count_mean=33.063995, arce_blocker_budget_mean=16.936003, arce_blocker_entropy_mean=4.978255, arce_gamma_max=0.740818, arce_gamma_mean=0.154287, arce_gamma_min=0.052866, arce_gamma_std=0.083851, arce_sampled_teacher_overlap_mean=0.661280
09/05/2026,06:02:52: Training...
09/05/2026,06:02:53: Evaluating...
09/05/2026,06:02:53: 	Train Loss: 3427970.0000 (base: 271.1870, kd: 6855.3979), Elapsed: train 2.65 test 0.30
09/05/2026,06:02:53: 	Recall@10: 0.06577 Recall@20: 0.09901 NDCG@10: 0.04027 NDCG@20: 0.04933 
09/05/2026,06:02:53: 	Recall@10: 0.02778 Recall@20: 0.04247 NDCG@10: 0.01556 NDCG@20: 0.01951 
09/05/2026,06:02:53: Epoch [88/1000]
09/05/2026,06:02:53: Negative sampling...
09/05/2026,06:02:55: Model's personal time...
09/05/2026,06:02:55: Model diagnostics: arce_anchor_count_mean=33.122627, arce_blocker_budget_mean=16.877371, arce_blocker_entropy_mean=4.977820, arce_gamma_max=0.740818, arce_gamma_mean=0.153675, arce_gamma_min=0.052866, arce_gamma_std=0.083392, arce_sampled_teacher_overlap_mean=0.662453
09/05/2026,06:02:55: Training...
09/05/2026,06:02:56: Evaluating...
09/05/2026,06:02:56: 	Train Loss: 3428164.5000 (base: 270.1285, kd: 6855.7896), Elapsed: train 2.52 test 0.30
09/05/2026,06:02:56: 	Recall@10: 0.06474 Recall@20: 0.09863 NDCG@10: 0.04030 NDCG@20: 0.04958 
09/05/2026,06:02:56: 	Recall@10: 0.02772 Recall@20: 0.04163 NDCG@10: 0.01547 NDCG@20: 0.01925 
09/05/2026,06:02:56: Epoch [89/1000]
09/05/2026,06:02:56: Negative sampling...
09/05/2026,06:02:58: Model's personal time...
09/05/2026,06:02:58: Model diagnostics: arce_anchor_count_mean=33.177044, arce_blocker_budget_mean=16.822954, arce_blocker_entropy_mean=4.977407, arce_gamma_max=0.740818, arce_gamma_mean=0.153160, arce_gamma_min=0.049787, arce_gamma_std=0.083237, arce_sampled_teacher_overlap_mean=0.663541
09/05/2026,06:02:58: Training...
09/05/2026,06:02:59: Evaluating...
09/05/2026,06:02:59: 	Train Loss: 3429033.0000 (base: 267.8482, kd: 6857.5303), Elapsed: train 2.55 test 0.30
09/05/2026,06:02:59: 	Recall@10: 0.06569 Recall@20: 0.09937 NDCG@10: 0.04043 NDCG@20: 0.04965 
09/05/2026,06:02:59: 	Recall@10: 0.02798 Recall@20: 0.04159 NDCG@10: 0.01559 NDCG@20: 0.01928 
09/05/2026,06:02:59: Epoch [90/1000]
09/05/2026,06:02:59: Negative sampling...
09/05/2026,06:03:00: Model's personal time...
09/05/2026,06:03:00: Model diagnostics: arce_anchor_count_mean=33.245640, arce_blocker_budget_mean=16.754358, arce_blocker_entropy_mean=4.977183, arce_gamma_max=0.740818, arce_gamma_mean=0.152489, arce_gamma_min=0.052866, arce_gamma_std=0.082828, arce_sampled_teacher_overlap_mean=0.664913
09/05/2026,06:03:00: Training...
09/05/2026,06:03:02: Evaluating...
09/05/2026,06:03:02: 	Train Loss: 3429167.5000 (base: 266.1206, kd: 6857.8027), Elapsed: train 2.77 test 0.28 *
09/05/2026,06:03:02: 	Recall@10: 0.06551 Recall@20: 0.09938 NDCG@10: 0.04056 NDCG@20: 0.04978 
09/05/2026,06:03:02: 	Recall@10: 0.02798 Recall@20: 0.04276 NDCG@10: 0.01563 NDCG@20: 0.01960 
09/05/2026,06:03:02: Epoch [91/1000]
09/05/2026,06:03:02: Negative sampling...
09/05/2026,06:03:04: Model's personal time...
09/05/2026,06:03:04: Model diagnostics: arce_anchor_count_mean=33.311745, arce_blocker_budget_mean=16.688253, arce_blocker_entropy_mean=4.976991, arce_gamma_max=0.740818, arce_gamma_mean=0.151789, arce_gamma_min=0.052866, arce_gamma_std=0.082172, arce_sampled_teacher_overlap_mean=0.666235
09/05/2026,06:03:04: Training...
09/05/2026,06:03:05: Evaluating...
09/05/2026,06:03:05: 	Train Loss: 3429453.0000 (base: 264.8646, kd: 6858.3760), Elapsed: train 2.51 test 0.27 *
09/05/2026,06:03:05: 	Recall@10: 0.06628 Recall@20: 0.09985 NDCG@10: 0.04069 NDCG@20: 0.04982 
09/05/2026,06:03:05: 	Recall@10: 0.02845 Recall@20: 0.04294 NDCG@10: 0.01567 NDCG@20: 0.01955 
09/05/2026,06:03:05: Epoch [92/1000]
09/05/2026,06:03:05: Negative sampling...
09/05/2026,06:03:06: Model's personal time...
09/05/2026,06:03:06: Model diagnostics: arce_anchor_count_mean=33.371910, arce_blocker_budget_mean=16.628090, arce_blocker_entropy_mean=4.976487, arce_gamma_max=0.740818, arce_gamma_mean=0.151106, arce_gamma_min=0.049787, arce_gamma_std=0.081405, arce_sampled_teacher_overlap_mean=0.667438
09/05/2026,06:03:06: Training...
09/05/2026,06:03:07: Evaluating...
09/05/2026,06:03:08: 	Train Loss: 3429451.0000 (base: 262.7134, kd: 6858.3760), Elapsed: train 2.48 test 0.26
09/05/2026,06:03:08: 	Recall@10: 0.06626 Recall@20: 0.09929 NDCG@10: 0.04081 NDCG@20: 0.04981 
09/05/2026,06:03:08: 	Recall@10: 0.02824 Recall@20: 0.04243 NDCG@10: 0.01577 NDCG@20: 0.01960 
09/05/2026,06:03:08: Epoch [93/1000]
09/05/2026,06:03:08: Negative sampling...
09/05/2026,06:03:09: Model's personal time...
09/05/2026,06:03:09: Model diagnostics: arce_anchor_count_mean=33.429775, arce_blocker_budget_mean=16.570225, arce_blocker_entropy_mean=4.976226, arce_gamma_max=0.740818, arce_gamma_mean=0.150563, arce_gamma_min=0.052866, arce_gamma_std=0.081162, arce_sampled_teacher_overlap_mean=0.668595
09/05/2026,06:03:09: Training...
09/05/2026,06:03:10: Evaluating...
09/05/2026,06:03:10: 	Train Loss: 3429708.0000 (base: 254.4800, kd: 6858.9067), Elapsed: train 2.47 test 0.27
09/05/2026,06:03:10: 	Recall@10: 0.06639 Recall@20: 0.09869 NDCG@10: 0.04075 NDCG@20: 0.04957 
09/05/2026,06:03:10: 	Recall@10: 0.02808 Recall@20: 0.04259 NDCG@10: 0.01571 NDCG@20: 0.01963 
09/05/2026,06:03:10: Epoch [94/1000]
09/05/2026,06:03:10: Negative sampling...
09/05/2026,06:03:12: Model's personal time...
09/05/2026,06:03:12: Model diagnostics: arce_anchor_count_mean=33.481125, arce_blocker_budget_mean=16.518873, arce_blocker_entropy_mean=4.975588, arce_gamma_max=0.740818, arce_gamma_mean=0.150015, arce_gamma_min=0.052866, arce_gamma_std=0.080631, arce_sampled_teacher_overlap_mean=0.669623
09/05/2026,06:03:12: Training...
09/05/2026,06:03:13: Evaluating...
09/05/2026,06:03:13: 	Train Loss: 3430330.7500 (base: 258.5918, kd: 6860.1440), Elapsed: train 2.56 test 0.29
09/05/2026,06:03:13: 	Recall@10: 0.06632 Recall@20: 0.09962 NDCG@10: 0.04066 NDCG@20: 0.04970 
09/05/2026,06:03:13: 	Recall@10: 0.02826 Recall@20: 0.04247 NDCG@10: 0.01575 NDCG@20: 0.01960 
09/05/2026,06:03:13: Epoch [95/1000]
09/05/2026,06:03:13: Negative sampling...
09/05/2026,06:03:15: Model's personal time...
09/05/2026,06:03:15: Model diagnostics: arce_anchor_count_mean=33.546082, arce_blocker_budget_mean=16.453918, arce_blocker_entropy_mean=4.975482, arce_gamma_max=0.740818, arce_gamma_mean=0.149275, arce_gamma_min=0.049787, arce_gamma_std=0.079785, arce_sampled_teacher_overlap_mean=0.670922
09/05/2026,06:03:15: Training...
09/05/2026,06:03:16: Evaluating...
09/05/2026,06:03:16: 	Train Loss: 3429812.2500 (base: 256.7085, kd: 6859.1113), Elapsed: train 2.49 test 0.27 *
09/05/2026,06:03:16: 	Recall@10: 0.06654 Recall@20: 0.10025 NDCG@10: 0.04068 NDCG@20: 0.04982 
09/05/2026,06:03:16: 	Recall@10: 0.02823 Recall@20: 0.04217 NDCG@10: 0.01575 NDCG@20: 0.01954 
09/05/2026,06:03:16: Epoch [96/1000]
09/05/2026,06:03:16: Negative sampling...
09/05/2026,06:03:17: Model's personal time...
09/05/2026,06:03:17: Model diagnostics: arce_anchor_count_mean=33.605289, arce_blocker_budget_mean=16.394711, arce_blocker_entropy_mean=4.975252, arce_gamma_max=0.740818, arce_gamma_mean=0.148714, arce_gamma_min=0.052866, arce_gamma_std=0.079460, arce_sampled_teacher_overlap_mean=0.672106
09/05/2026,06:03:17: Training...
09/05/2026,06:03:18: Evaluating...
09/05/2026,06:03:19: 	Train Loss: 3430505.0000 (base: 255.8350, kd: 6860.4985), Elapsed: train 2.46 test 0.26 *
09/05/2026,06:03:19: 	Recall@10: 0.06625 Recall@20: 0.10059 NDCG@10: 0.04056 NDCG@20: 0.04988 
09/05/2026,06:03:19: 	Recall@10: 0.02826 Recall@20: 0.04242 NDCG@10: 0.01571 NDCG@20: 0.01953 
09/05/2026,06:03:19: Epoch [97/1000]
09/05/2026,06:03:19: Negative sampling...
09/05/2026,06:03:20: Model's personal time...
09/05/2026,06:03:20: Model diagnostics: arce_anchor_count_mean=33.655491, arce_blocker_budget_mean=16.344511, arce_blocker_entropy_mean=4.974809, arce_gamma_max=0.740818, arce_gamma_mean=0.148170, arce_gamma_min=0.052866, arce_gamma_std=0.078907, arce_sampled_teacher_overlap_mean=0.673110
09/05/2026,06:03:20: Training...
09/05/2026,06:03:21: Evaluating...
09/05/2026,06:03:21: 	Train Loss: 3430082.5000 (base: 250.1598, kd: 6859.6646), Elapsed: train 2.38 test 0.27 *
09/05/2026,06:03:21: 	Recall@10: 0.06620 Recall@20: 0.10133 NDCG@10: 0.04050 NDCG@20: 0.05008 
09/05/2026,06:03:21: 	Recall@10: 0.02841 Recall@20: 0.04299 NDCG@10: 0.01572 NDCG@20: 0.01968 
09/05/2026,06:03:21: Epoch [98/1000]
09/05/2026,06:03:21: Negative sampling...
09/05/2026,06:03:23: Model's personal time...
09/05/2026,06:03:23: Model diagnostics: arce_anchor_count_mean=33.708179, arce_blocker_budget_mean=16.291819, arce_blocker_entropy_mean=4.974437, arce_gamma_max=0.740818, arce_gamma_mean=0.147633, arce_gamma_min=0.052866, arce_gamma_std=0.078445, arce_sampled_teacher_overlap_mean=0.674164
09/05/2026,06:03:23: Training...
09/05/2026,06:03:24: Evaluating...
09/05/2026,06:03:24: 	Train Loss: 3430446.2500 (base: 249.2785, kd: 6860.3940), Elapsed: train 2.65 test 0.27
09/05/2026,06:03:24: 	Recall@10: 0.06609 Recall@20: 0.10111 NDCG@10: 0.04032 NDCG@20: 0.04984 
09/05/2026,06:03:24: 	Recall@10: 0.02793 Recall@20: 0.04163 NDCG@10: 0.01569 NDCG@20: 0.01942 
09/05/2026,06:03:24: Epoch [99/1000]
09/05/2026,06:03:24: Negative sampling...
09/05/2026,06:03:26: Model's personal time...
09/05/2026,06:03:26: Model diagnostics: arce_anchor_count_mean=33.771412, arce_blocker_budget_mean=16.228588, arce_blocker_entropy_mean=4.973986, arce_gamma_max=0.740818, arce_gamma_mean=0.147005, arce_gamma_min=0.052866, arce_gamma_std=0.078007, arce_sampled_teacher_overlap_mean=0.675428
09/05/2026,06:03:26: Training...
09/05/2026,06:03:27: Evaluating...
09/05/2026,06:03:27: 	Train Loss: 3430691.2500 (base: 248.1235, kd: 6860.8857), Elapsed: train 2.58 test 0.28
09/05/2026,06:03:27: 	Recall@10: 0.06600 Recall@20: 0.09962 NDCG@10: 0.04041 NDCG@20: 0.04967 
09/05/2026,06:03:27: 	Recall@10: 0.02778 Recall@20: 0.04219 NDCG@10: 0.01552 NDCG@20: 0.01946 
09/05/2026,06:03:27: Epoch [100/1000]
09/05/2026,06:03:27: Negative sampling...
09/05/2026,06:03:29: Model's personal time...
09/05/2026,06:03:29: Model diagnostics: arce_anchor_count_mean=33.810307, arce_blocker_budget_mean=16.189692, arce_blocker_entropy_mean=4.973588, arce_gamma_max=0.740818, arce_gamma_mean=0.146604, arce_gamma_min=0.052866, arce_gamma_std=0.077621, arce_sampled_teacher_overlap_mean=0.676206
09/05/2026,06:03:29: Training...
09/05/2026,06:03:30: Evaluating...
09/05/2026,06:03:30: 	Train Loss: 3430407.0000 (base: 242.7916, kd: 6860.3291), Elapsed: train 2.41 test 0.27
09/05/2026,06:03:30: 	Recall@10: 0.06647 Recall@20: 0.10064 NDCG@10: 0.04041 NDCG@20: 0.04971 
09/05/2026,06:03:30: 	Recall@10: 0.02817 Recall@20: 0.04178 NDCG@10: 0.01553 NDCG@20: 0.01928 
09/05/2026,06:03:30: Epoch [101/1000]
09/05/2026,06:03:30: Negative sampling...
09/05/2026,06:03:31: Model's personal time...
09/05/2026,06:03:31: Model diagnostics: arce_anchor_count_mean=33.872772, arce_blocker_budget_mean=16.127228, arce_blocker_entropy_mean=4.973257, arce_gamma_max=0.740818, arce_gamma_mean=0.145969, arce_gamma_min=0.052866, arce_gamma_std=0.077011, arce_sampled_teacher_overlap_mean=0.677455
09/05/2026,06:03:31: Training...
09/05/2026,06:03:32: Evaluating...
09/05/2026,06:03:33: 	Train Loss: 3431274.5000 (base: 242.4886, kd: 6862.0635), Elapsed: train 2.61 test 0.32
09/05/2026,06:03:33: 	Recall@10: 0.06626 Recall@20: 0.10104 NDCG@10: 0.04047 NDCG@20: 0.04999 
09/05/2026,06:03:33: 	Recall@10: 0.02793 Recall@20: 0.04200 NDCG@10: 0.01543 NDCG@20: 0.01927 
09/05/2026,06:03:33: Epoch [102/1000]
09/05/2026,06:03:33: Negative sampling...
09/05/2026,06:03:34: Model's personal time...
09/05/2026,06:03:34: Model diagnostics: arce_anchor_count_mean=33.927380, arce_blocker_budget_mean=16.072618, arce_blocker_entropy_mean=4.973060, arce_gamma_max=0.740818, arce_gamma_mean=0.145426, arce_gamma_min=0.052866, arce_gamma_std=0.076443, arce_sampled_teacher_overlap_mean=0.678548
09/05/2026,06:03:34: Training...
09/05/2026,06:03:36: Evaluating...
09/05/2026,06:03:36: 	Train Loss: 3431137.5000 (base: 240.4141, kd: 6861.7944), Elapsed: train 2.75 test 0.29
09/05/2026,06:03:36: 	Recall@10: 0.06670 Recall@20: 0.10065 NDCG@10: 0.04062 NDCG@20: 0.04983 
09/05/2026,06:03:36: 	Recall@10: 0.02812 Recall@20: 0.04262 NDCG@10: 0.01549 NDCG@20: 0.01940 
09/05/2026,06:03:36: Epoch [103/1000]
09/05/2026,06:03:36: Negative sampling...
09/05/2026,06:03:37: Model's personal time...
09/05/2026,06:03:37: Model diagnostics: arce_anchor_count_mean=33.968769, arce_blocker_budget_mean=16.031231, arce_blocker_entropy_mean=4.972710, arce_gamma_max=0.740818, arce_gamma_mean=0.144980, arce_gamma_min=0.052866, arce_gamma_std=0.075984, arce_sampled_teacher_overlap_mean=0.679375
09/05/2026,06:03:37: Training...
09/05/2026,06:03:39: Evaluating...
09/05/2026,06:03:39: 	Train Loss: 3430861.0000 (base: 242.4514, kd: 6861.2373), Elapsed: train 2.90 test 0.27
09/05/2026,06:03:39: 	Recall@10: 0.06731 Recall@20: 0.10026 NDCG@10: 0.04088 NDCG@20: 0.04985 
09/05/2026,06:03:39: 	Recall@10: 0.02797 Recall@20: 0.04362 NDCG@10: 0.01546 NDCG@20: 0.01969 
09/05/2026,06:03:39: Epoch [104/1000]
09/05/2026,06:03:39: Negative sampling...
09/05/2026,06:03:41: Model's personal time...
09/05/2026,06:03:41: Model diagnostics: arce_anchor_count_mean=34.025867, arce_blocker_budget_mean=15.974133, arce_blocker_entropy_mean=4.972411, arce_gamma_max=0.740818, arce_gamma_mean=0.144435, arce_gamma_min=0.052866, arce_gamma_std=0.075610, arce_sampled_teacher_overlap_mean=0.680517
09/05/2026,06:03:41: Training...
09/05/2026,06:03:42: Evaluating...
09/05/2026,06:03:42: 	Train Loss: 3431643.2500 (base: 241.8309, kd: 6862.8032), Elapsed: train 2.77 test 0.27
09/05/2026,06:03:42: 	Recall@10: 0.06705 Recall@20: 0.09999 NDCG@10: 0.04080 NDCG@20: 0.04978 
09/05/2026,06:03:42: 	Recall@10: 0.02828 Recall@20: 0.04302 NDCG@10: 0.01562 NDCG@20: 0.01959 
09/05/2026,06:03:42: Epoch [105/1000]
09/05/2026,06:03:42: Negative sampling...
09/05/2026,06:03:43: Model's personal time...
09/05/2026,06:03:43: Model diagnostics: arce_anchor_count_mean=34.067253, arce_blocker_budget_mean=15.932746, arce_blocker_entropy_mean=4.972322, arce_gamma_max=0.740818, arce_gamma_mean=0.143959, arce_gamma_min=0.052866, arce_gamma_std=0.075065, arce_sampled_teacher_overlap_mean=0.681345
09/05/2026,06:03:43: Training...
09/05/2026,06:03:45: Evaluating...
09/05/2026,06:03:45: 	Train Loss: 3430939.2500 (base: 239.8494, kd: 6861.3989), Elapsed: train 2.50 test 0.27 *
09/05/2026,06:03:45: 	Recall@10: 0.06722 Recall@20: 0.10071 NDCG@10: 0.04095 NDCG@20: 0.05009 
09/05/2026,06:03:45: 	Recall@10: 0.02829 Recall@20: 0.04341 NDCG@10: 0.01558 NDCG@20: 0.01969 
09/05/2026,06:03:45: Epoch [106/1000]
09/05/2026,06:03:45: Negative sampling...
09/05/2026,06:03:46: Model's personal time...
09/05/2026,06:03:46: Model diagnostics: arce_anchor_count_mean=34.117645, arce_blocker_budget_mean=15.882353, arce_blocker_entropy_mean=4.972166, arce_gamma_max=0.740818, arce_gamma_mean=0.143501, arce_gamma_min=0.052866, arce_gamma_std=0.074678, arce_sampled_teacher_overlap_mean=0.682353
09/05/2026,06:03:46: Training...
09/05/2026,06:03:47: Evaluating...
09/05/2026,06:03:48: 	Train Loss: 3431524.5000 (base: 233.0541, kd: 6862.5835), Elapsed: train 2.48 test 0.26 *
09/05/2026,06:03:48: 	Recall@10: 0.06747 Recall@20: 0.10103 NDCG@10: 0.04100 NDCG@20: 0.05010 
09/05/2026,06:03:48: 	Recall@10: 0.02894 Recall@20: 0.04279 NDCG@10: 0.01583 NDCG@20: 0.01958 
09/05/2026,06:03:48: Epoch [107/1000]
09/05/2026,06:03:48: Negative sampling...
09/05/2026,06:03:49: Model's personal time...
09/05/2026,06:03:49: Model diagnostics: arce_anchor_count_mean=34.167847, arce_blocker_budget_mean=15.832151, arce_blocker_entropy_mean=4.971855, arce_gamma_max=0.740818, arce_gamma_mean=0.142987, arce_gamma_min=0.052866, arce_gamma_std=0.074135, arce_sampled_teacher_overlap_mean=0.683357
09/05/2026,06:03:49: Training...
09/05/2026,06:03:50: Evaluating...
09/05/2026,06:03:50: 	Train Loss: 3431857.5000 (base: 235.0031, kd: 6863.2446), Elapsed: train 2.48 test 0.26
09/05/2026,06:03:50: 	Recall@10: 0.06809 Recall@20: 0.10064 NDCG@10: 0.04099 NDCG@20: 0.04984 
09/05/2026,06:03:50: 	Recall@10: 0.02836 Recall@20: 0.04264 NDCG@10: 0.01560 NDCG@20: 0.01951 
09/05/2026,06:03:50: Epoch [108/1000]
09/05/2026,06:03:50: Negative sampling...
09/05/2026,06:03:52: Model's personal time...
09/05/2026,06:03:52: Model diagnostics: arce_anchor_count_mean=34.214409, arce_blocker_budget_mean=15.785591, arce_blocker_entropy_mean=4.971583, arce_gamma_max=0.740818, arce_gamma_mean=0.142530, arce_gamma_min=0.052866, arce_gamma_std=0.073629, arce_sampled_teacher_overlap_mean=0.684288
09/05/2026,06:03:52: Training...
09/05/2026,06:03:53: Evaluating...
09/05/2026,06:03:53: 	Train Loss: 3431620.5000 (base: 233.8514, kd: 6862.7734), Elapsed: train 2.44 test 0.27 *
09/05/2026,06:03:53: 	Recall@10: 0.06719 Recall@20: 0.10165 NDCG@10: 0.04086 NDCG@20: 0.05020 
09/05/2026,06:03:53: 	Recall@10: 0.02854 Recall@20: 0.04292 NDCG@10: 0.01559 NDCG@20: 0.01949 
09/05/2026,06:03:53: Epoch [109/1000]
09/05/2026,06:03:53: Negative sampling...
09/05/2026,06:03:54: Model's personal time...
09/05/2026,06:03:54: Model diagnostics: arce_anchor_count_mean=34.263844, arce_blocker_budget_mean=15.736156, arce_blocker_entropy_mean=4.971394, arce_gamma_max=0.740818, arce_gamma_mean=0.142055, arce_gamma_min=0.052866, arce_gamma_std=0.073335, arce_sampled_teacher_overlap_mean=0.685277
09/05/2026,06:03:54: Training...
09/05/2026,06:03:55: Evaluating...
09/05/2026,06:03:56: 	Train Loss: 3432505.5000 (base: 231.8359, kd: 6864.5479), Elapsed: train 2.41 test 0.27
09/05/2026,06:03:56: 	Recall@10: 0.06718 Recall@20: 0.10118 NDCG@10: 0.04096 NDCG@20: 0.05019 
09/05/2026,06:03:56: 	Recall@10: 0.02834 Recall@20: 0.04342 NDCG@10: 0.01552 NDCG@20: 0.01962 
09/05/2026,06:03:56: Epoch [110/1000]
09/05/2026,06:03:56: Negative sampling...
09/05/2026,06:03:57: Model's personal time...
09/05/2026,06:03:57: Model diagnostics: arce_anchor_count_mean=34.313087, arce_blocker_budget_mean=15.686913, arce_blocker_entropy_mean=4.971125, arce_gamma_max=0.740818, arce_gamma_mean=0.141542, arce_gamma_min=0.052866, arce_gamma_std=0.072802, arce_sampled_teacher_overlap_mean=0.686262
09/05/2026,06:03:57: Training...
09/05/2026,06:03:58: Evaluating...
09/05/2026,06:03:58: 	Train Loss: 3432238.2500 (base: 233.2958, kd: 6864.0103), Elapsed: train 2.52 test 0.27
09/05/2026,06:03:58: 	Recall@10: 0.06693 Recall@20: 0.10138 NDCG@10: 0.04059 NDCG@20: 0.04999 
09/05/2026,06:03:58: 	Recall@10: 0.02822 Recall@20: 0.04314 NDCG@10: 0.01546 NDCG@20: 0.01952 
09/05/2026,06:03:58: Epoch [111/1000]
09/05/2026,06:03:58: Negative sampling...
09/05/2026,06:04:00: Model's personal time...
09/05/2026,06:04:00: Model diagnostics: arce_anchor_count_mean=34.349876, arce_blocker_budget_mean=15.650125, arce_blocker_entropy_mean=4.970786, arce_gamma_max=0.740818, arce_gamma_mean=0.141189, arce_gamma_min=0.052866, arce_gamma_std=0.072487, arce_sampled_teacher_overlap_mean=0.686997
09/05/2026,06:04:00: Training...
09/05/2026,06:04:01: Evaluating...
09/05/2026,06:04:01: 	Train Loss: 3432796.7500 (base: 225.7777, kd: 6865.1416), Elapsed: train 2.40 test 0.26
09/05/2026,06:04:01: 	Recall@10: 0.06658 Recall@20: 0.10102 NDCG@10: 0.04079 NDCG@20: 0.05019 
09/05/2026,06:04:01: 	Recall@10: 0.02831 Recall@20: 0.04290 NDCG@10: 0.01547 NDCG@20: 0.01947 
09/05/2026,06:04:01: Epoch [112/1000]
09/05/2026,06:04:01: Negative sampling...
09/05/2026,06:04:03: Model's personal time...
09/05/2026,06:04:03: Model diagnostics: arce_anchor_count_mean=34.400841, arce_blocker_budget_mean=15.599156, arce_blocker_entropy_mean=4.970784, arce_gamma_max=0.740818, arce_gamma_mean=0.140713, arce_gamma_min=0.052866, arce_gamma_std=0.072095, arce_sampled_teacher_overlap_mean=0.688017
09/05/2026,06:04:03: Training...
09/05/2026,06:04:04: Evaluating...
09/05/2026,06:04:04: 	Train Loss: 3432774.5000 (base: 226.6574, kd: 6865.0957), Elapsed: train 2.52 test 0.28
09/05/2026,06:04:04: 	Recall@10: 0.06751 Recall@20: 0.10100 NDCG@10: 0.04104 NDCG@20: 0.05008 
09/05/2026,06:04:04: 	Recall@10: 0.02851 Recall@20: 0.04296 NDCG@10: 0.01561 NDCG@20: 0.01954 
09/05/2026,06:04:04: Epoch [113/1000]
09/05/2026,06:04:04: Negative sampling...
09/05/2026,06:04:05: Model's personal time...
09/05/2026,06:04:05: Model diagnostics: arce_anchor_count_mean=34.446255, arce_blocker_budget_mean=15.553745, arce_blocker_entropy_mean=4.970426, arce_gamma_max=0.740818, arce_gamma_mean=0.140273, arce_gamma_min=0.049787, arce_gamma_std=0.071714, arce_sampled_teacher_overlap_mean=0.688925
09/05/2026,06:04:05: Training...
09/05/2026,06:04:06: Evaluating...
09/05/2026,06:04:07: 	Train Loss: 3433283.7500 (base: 224.0625, kd: 6866.1196), Elapsed: train 2.31 test 0.34
09/05/2026,06:04:07: 	Recall@10: 0.06741 Recall@20: 0.10028 NDCG@10: 0.04087 NDCG@20: 0.04984 
09/05/2026,06:04:07: 	Recall@10: 0.02836 Recall@20: 0.04226 NDCG@10: 0.01557 NDCG@20: 0.01937 
09/05/2026,06:04:07: Epoch [114/1000]
09/05/2026,06:04:07: Negative sampling...
09/05/2026,06:04:08: Model's personal time...
09/05/2026,06:04:08: Model diagnostics: arce_anchor_count_mean=34.482277, arce_blocker_budget_mean=15.517723, arce_blocker_entropy_mean=4.970261, arce_gamma_max=0.740818, arce_gamma_mean=0.139897, arce_gamma_min=0.049787, arce_gamma_std=0.071377, arce_sampled_teacher_overlap_mean=0.689646
09/05/2026,06:04:08: Training...
09/05/2026,06:04:09: Evaluating...
09/05/2026,06:04:09: 	Train Loss: 3432975.5000 (base: 228.1063, kd: 6865.4946), Elapsed: train 2.47 test 0.26
09/05/2026,06:04:09: 	Recall@10: 0.06765 Recall@20: 0.10031 NDCG@10: 0.04106 NDCG@20: 0.04991 
09/05/2026,06:04:09: 	Recall@10: 0.02823 Recall@20: 0.04257 NDCG@10: 0.01554 NDCG@20: 0.01945 
09/05/2026,06:04:09: Epoch [115/1000]
09/05/2026,06:04:09: Negative sampling...
09/05/2026,06:04:11: Model's personal time...
09/05/2026,06:04:11: Model diagnostics: arce_anchor_count_mean=34.523281, arce_blocker_budget_mean=15.476720, arce_blocker_entropy_mean=4.970134, arce_gamma_max=0.740818, arce_gamma_mean=0.139531, arce_gamma_min=0.049787, arce_gamma_std=0.071143, arce_sampled_teacher_overlap_mean=0.690466
09/05/2026,06:04:11: Training...
09/05/2026,06:04:12: Evaluating...
09/05/2026,06:04:12: 	Train Loss: 3433373.7500 (base: 225.5086, kd: 6866.2969), Elapsed: train 2.38 test 0.26
09/05/2026,06:04:12: 	Recall@10: 0.06746 Recall@20: 0.10005 NDCG@10: 0.04080 NDCG@20: 0.04968 
09/05/2026,06:04:12: 	Recall@10: 0.02793 Recall@20: 0.04228 NDCG@10: 0.01548 NDCG@20: 0.01940 
09/05/2026,06:04:12: Epoch [116/1000]
09/05/2026,06:04:12: Negative sampling...
09/05/2026,06:04:13: Model's personal time...
09/05/2026,06:04:13: Model diagnostics: arce_anchor_count_mean=34.579037, arce_blocker_budget_mean=15.420961, arce_blocker_entropy_mean=4.970151, arce_gamma_max=0.740818, arce_gamma_mean=0.138958, arce_gamma_min=0.049787, arce_gamma_std=0.070507, arce_sampled_teacher_overlap_mean=0.691581
09/05/2026,06:04:13: Training...
09/05/2026,06:04:15: Evaluating...
09/05/2026,06:04:15: 	Train Loss: 3433493.5000 (base: 221.5198, kd: 6866.5439), Elapsed: train 2.54 test 0.27
09/05/2026,06:04:15: 	Recall@10: 0.06683 Recall@20: 0.10114 NDCG@10: 0.04072 NDCG@20: 0.05008 
09/05/2026,06:04:15: 	Recall@10: 0.02903 Recall@20: 0.04178 NDCG@10: 0.01576 NDCG@20: 0.01926 
09/05/2026,06:04:15: Epoch [117/1000]
09/05/2026,06:04:15: Negative sampling...
09/05/2026,06:04:16: Model's personal time...
09/05/2026,06:04:16: Model diagnostics: arce_anchor_count_mean=34.612953, arce_blocker_budget_mean=15.387047, arce_blocker_entropy_mean=4.970064, arce_gamma_max=0.740818, arce_gamma_mean=0.138613, arce_gamma_min=0.049787, arce_gamma_std=0.070140, arce_sampled_teacher_overlap_mean=0.692259
09/05/2026,06:04:16: Training...
09/05/2026,06:04:17: Evaluating...
09/05/2026,06:04:18: 	Train Loss: 3433563.2500 (base: 220.5014, kd: 6866.6860), Elapsed: train 2.66 test 0.33
09/05/2026,06:04:18: 	Recall@10: 0.06743 Recall@20: 0.10037 NDCG@10: 0.04075 NDCG@20: 0.04976 
09/05/2026,06:04:18: 	Recall@10: 0.02859 Recall@20: 0.04283 NDCG@10: 0.01560 NDCG@20: 0.01947 
09/05/2026,06:04:18: Epoch [118/1000]
09/05/2026,06:04:18: Negative sampling...
09/05/2026,06:04:19: Model's personal time...
09/05/2026,06:04:19: Model diagnostics: arce_anchor_count_mean=34.657406, arce_blocker_budget_mean=15.342594, arce_blocker_entropy_mean=4.969819, arce_gamma_max=0.740818, arce_gamma_mean=0.138232, arce_gamma_min=0.049787, arce_gamma_std=0.069883, arce_sampled_teacher_overlap_mean=0.693148
09/05/2026,06:04:19: Training...
09/05/2026,06:04:21: Evaluating...
09/05/2026,06:04:21: 	Train Loss: 3433542.2500 (base: 219.0331, kd: 6866.6465), Elapsed: train 2.89 test 0.32
09/05/2026,06:04:21: 	Recall@10: 0.06796 Recall@20: 0.10061 NDCG@10: 0.04107 NDCG@20: 0.04996 
09/05/2026,06:04:21: 	Recall@10: 0.02855 Recall@20: 0.04219 NDCG@10: 0.01567 NDCG@20: 0.01939 
09/05/2026,06:04:21: Epoch [119/1000]
09/05/2026,06:04:21: Negative sampling...
09/05/2026,06:04:22: Model's personal time...
09/05/2026,06:04:22: Model diagnostics: arce_anchor_count_mean=34.702816, arce_blocker_budget_mean=15.297183, arce_blocker_entropy_mean=4.969708, arce_gamma_max=0.740818, arce_gamma_mean=0.137755, arce_gamma_min=0.052866, arce_gamma_std=0.069332, arce_sampled_teacher_overlap_mean=0.694056
09/05/2026,06:04:22: Training...
09/05/2026,06:04:24: Evaluating...
09/05/2026,06:04:24: 	Train Loss: 3433964.2500 (base: 214.2379, kd: 6867.5010), Elapsed: train 2.57 test 0.33
09/05/2026,06:04:24: 	Recall@10: 0.06748 Recall@20: 0.10034 NDCG@10: 0.04067 NDCG@20: 0.04965 
09/05/2026,06:04:24: 	Recall@10: 0.02859 Recall@20: 0.04230 NDCG@10: 0.01572 NDCG@20: 0.01945 
09/05/2026,06:04:24: Epoch [120/1000]
09/05/2026,06:04:24: Negative sampling...
09/05/2026,06:04:25: Model's personal time...
09/05/2026,06:04:25: Model diagnostics: arce_anchor_count_mean=34.741138, arce_blocker_budget_mean=15.258862, arce_blocker_entropy_mean=4.969808, arce_gamma_max=0.740818, arce_gamma_mean=0.137422, arce_gamma_min=0.049787, arce_gamma_std=0.069146, arce_sampled_teacher_overlap_mean=0.694823
09/05/2026,06:04:25: Training...
09/05/2026,06:04:27: Evaluating...
09/05/2026,06:04:27: 	Train Loss: 3433889.2500 (base: 214.7211, kd: 6867.3491), Elapsed: train 2.65 test 0.28
09/05/2026,06:04:27: 	Recall@10: 0.06729 Recall@20: 0.10053 NDCG@10: 0.04091 NDCG@20: 0.05005 
09/05/2026,06:04:27: 	Recall@10: 0.02868 Recall@20: 0.04199 NDCG@10: 0.01559 NDCG@20: 0.01925 
09/05/2026,06:04:27: Epoch [121/1000]
09/05/2026,06:04:27: Negative sampling...
09/05/2026,06:04:28: Model's personal time...
09/05/2026,06:04:28: Model diagnostics: arce_anchor_count_mean=34.775436, arce_blocker_budget_mean=15.224564, arce_blocker_entropy_mean=4.969649, arce_gamma_max=0.740818, arce_gamma_mean=0.137118, arce_gamma_min=0.049787, arce_gamma_std=0.068965, arce_sampled_teacher_overlap_mean=0.695509
09/05/2026,06:04:28: Training...
09/05/2026,06:04:29: Evaluating...
09/05/2026,06:04:29: 	Train Loss: 3433942.2500 (base: 216.5593, kd: 6867.4507), Elapsed: train 2.36 test 0.28
09/05/2026,06:04:29: 	Recall@10: 0.06743 Recall@20: 0.10006 NDCG@10: 0.04115 NDCG@20: 0.05009 
09/05/2026,06:04:29: 	Recall@10: 0.02855 Recall@20: 0.04230 NDCG@10: 0.01554 NDCG@20: 0.01930 
09/05/2026,06:04:29: Epoch [122/1000]
09/05/2026,06:04:29: Negative sampling...
09/05/2026,06:04:31: Model's personal time...
09/05/2026,06:04:31: Model diagnostics: arce_anchor_count_mean=34.818737, arce_blocker_budget_mean=15.181261, arce_blocker_entropy_mean=4.969312, arce_gamma_max=0.740818, arce_gamma_mean=0.136717, arce_gamma_min=0.049787, arce_gamma_std=0.068611, arce_sampled_teacher_overlap_mean=0.696375
09/05/2026,06:04:31: Training...
09/05/2026,06:04:32: Evaluating...
09/05/2026,06:04:32: 	Train Loss: 3434577.5000 (base: 213.2514, kd: 6868.7280), Elapsed: train 2.46 test 0.26 *
09/05/2026,06:04:32: 	Recall@10: 0.06729 Recall@20: 0.10059 NDCG@10: 0.04127 NDCG@20: 0.05038 
09/05/2026,06:04:32: 	Recall@10: 0.02799 Recall@20: 0.04182 NDCG@10: 0.01534 NDCG@20: 0.01915 
09/05/2026,06:04:32: Epoch [123/1000]
09/05/2026,06:04:32: Negative sampling...
09/05/2026,06:04:34: Model's personal time...
09/05/2026,06:04:34: Model diagnostics: arce_anchor_count_mean=34.857059, arce_blocker_budget_mean=15.142939, arce_blocker_entropy_mean=4.969383, arce_gamma_max=0.740818, arce_gamma_mean=0.136396, arce_gamma_min=0.049787, arce_gamma_std=0.068531, arce_sampled_teacher_overlap_mean=0.697141
09/05/2026,06:04:34: Training...
09/05/2026,06:04:35: Evaluating...
09/05/2026,06:04:35: 	Train Loss: 3434315.7500 (base: 211.8984, kd: 6868.2080), Elapsed: train 2.48 test 0.27
09/05/2026,06:04:35: 	Recall@10: 0.06747 Recall@20: 0.10110 NDCG@10: 0.04106 NDCG@20: 0.05028 
09/05/2026,06:04:35: 	Recall@10: 0.02836 Recall@20: 0.04310 NDCG@10: 0.01561 NDCG@20: 0.01962 
09/05/2026,06:04:35: Epoch [124/1000]
09/05/2026,06:04:35: Negative sampling...
09/05/2026,06:04:36: Model's personal time...
09/05/2026,06:04:36: Model diagnostics: arce_anchor_count_mean=34.909943, arce_blocker_budget_mean=15.090055, arce_blocker_entropy_mean=4.969238, arce_gamma_max=0.740818, arce_gamma_mean=0.135879, arce_gamma_min=0.049787, arce_gamma_std=0.067934, arce_sampled_teacher_overlap_mean=0.698199
09/05/2026,06:04:36: Training...
09/05/2026,06:04:37: Evaluating...
09/05/2026,06:04:38: 	Train Loss: 3434757.5000 (base: 209.3823, kd: 6869.0962), Elapsed: train 2.53 test 0.28
09/05/2026,06:04:38: 	Recall@10: 0.06657 Recall@20: 0.10024 NDCG@10: 0.04090 NDCG@20: 0.05016 
09/05/2026,06:04:38: 	Recall@10: 0.02825 Recall@20: 0.04247 NDCG@10: 0.01559 NDCG@20: 0.01949 
09/05/2026,06:04:38: Epoch [125/1000]
09/05/2026,06:04:38: Negative sampling...
09/05/2026,06:04:39: Model's personal time...
09/05/2026,06:04:39: Model diagnostics: arce_anchor_count_mean=34.954971, arce_blocker_budget_mean=15.045028, arce_blocker_entropy_mean=4.968963, arce_gamma_max=0.740818, arce_gamma_mean=0.135465, arce_gamma_min=0.049787, arce_gamma_std=0.067640, arce_sampled_teacher_overlap_mean=0.699099
09/05/2026,06:04:39: Training...
09/05/2026,06:04:40: Evaluating...
09/05/2026,06:04:41: 	Train Loss: 3435166.5000 (base: 207.5551, kd: 6869.9175), Elapsed: train 2.56 test 0.30
09/05/2026,06:04:41: 	Recall@10: 0.06754 Recall@20: 0.10054 NDCG@10: 0.04112 NDCG@20: 0.05010 
09/05/2026,06:04:41: 	Recall@10: 0.02842 Recall@20: 0.04259 NDCG@10: 0.01552 NDCG@20: 0.01940 
09/05/2026,06:04:41: Epoch [126/1000]
09/05/2026,06:04:41: Negative sampling...
09/05/2026,06:04:42: Model's personal time...
09/05/2026,06:04:42: Model diagnostics: arce_anchor_count_mean=34.997509, arce_blocker_budget_mean=15.002491, arce_blocker_entropy_mean=4.968884, arce_gamma_max=0.740818, arce_gamma_mean=0.135032, arce_gamma_min=0.049787, arce_gamma_std=0.067224, arce_sampled_teacher_overlap_mean=0.699950
09/05/2026,06:04:42: Training...
09/05/2026,06:04:43: Evaluating...
09/05/2026,06:04:43: 	Train Loss: 3435042.5000 (base: 209.9641, kd: 6869.6650), Elapsed: train 2.54 test 0.30
09/05/2026,06:04:43: 	Recall@10: 0.06671 Recall@20: 0.10069 NDCG@10: 0.04080 NDCG@20: 0.05005 
09/05/2026,06:04:43: 	Recall@10: 0.02813 Recall@20: 0.04192 NDCG@10: 0.01554 NDCG@20: 0.01938 
09/05/2026,06:04:43: Epoch [127/1000]
09/05/2026,06:04:43: Negative sampling...
09/05/2026,06:04:45: Model's personal time...
09/05/2026,06:04:45: Model diagnostics: arce_anchor_count_mean=35.033340, arce_blocker_budget_mean=14.966660, arce_blocker_entropy_mean=4.968598, arce_gamma_max=0.740818, arce_gamma_mean=0.134681, arce_gamma_min=0.052866, arce_gamma_std=0.066903, arce_sampled_teacher_overlap_mean=0.700667
09/05/2026,06:04:45: Training...
09/05/2026,06:04:46: Evaluating...
09/05/2026,06:04:46: 	Train Loss: 3435169.2500 (base: 210.5304, kd: 6869.9175), Elapsed: train 2.52 test 0.29
09/05/2026,06:04:46: 	Recall@10: 0.06763 Recall@20: 0.09981 NDCG@10: 0.04133 NDCG@20: 0.05017 
09/05/2026,06:04:46: 	Recall@10: 0.02849 Recall@20: 0.04211 NDCG@10: 0.01569 NDCG@20: 0.01941 
09/05/2026,06:04:46: Epoch [128/1000]
09/05/2026,06:04:46: Negative sampling...
09/05/2026,06:04:48: Model's personal time...
09/05/2026,06:04:48: Model diagnostics: arce_anchor_count_mean=35.072426, arce_blocker_budget_mean=14.927572, arce_blocker_entropy_mean=4.968626, arce_gamma_max=0.740818, arce_gamma_mean=0.134248, arce_gamma_min=0.049787, arce_gamma_std=0.066243, arce_sampled_teacher_overlap_mean=0.701449
09/05/2026,06:04:48: Training...
09/05/2026,06:04:49: Evaluating...
09/05/2026,06:04:49: 	Train Loss: 3435658.5000 (base: 206.8629, kd: 6870.9033), Elapsed: train 2.55 test 0.26 *
09/05/2026,06:04:49: 	Recall@10: 0.06722 Recall@20: 0.10144 NDCG@10: 0.04108 NDCG@20: 0.05038 
09/05/2026,06:04:49: 	Recall@10: 0.02788 Recall@20: 0.04212 NDCG@10: 0.01540 NDCG@20: 0.01932 
09/05/2026,06:04:49: Epoch [129/1000]
09/05/2026,06:04:49: Negative sampling...
09/05/2026,06:04:50: Model's personal time...
09/05/2026,06:04:50: Model diagnostics: arce_anchor_count_mean=35.109024, arce_blocker_budget_mean=14.890975, arce_blocker_entropy_mean=4.968647, arce_gamma_max=0.740818, arce_gamma_mean=0.133963, arce_gamma_min=0.049787, arce_gamma_std=0.066159, arce_sampled_teacher_overlap_mean=0.702180
09/05/2026,06:04:50: Training...
09/05/2026,06:04:52: Evaluating...
09/05/2026,06:04:52: 	Train Loss: 3435350.5000 (base: 205.2061, kd: 6870.2905), Elapsed: train 2.46 test 0.27
09/05/2026,06:04:52: 	Recall@10: 0.06789 Recall@20: 0.10059 NDCG@10: 0.04135 NDCG@20: 0.05025 
09/05/2026,06:04:52: 	Recall@10: 0.02816 Recall@20: 0.04277 NDCG@10: 0.01569 NDCG@20: 0.01969 
09/05/2026,06:04:52: Epoch [130/1000]
09/05/2026,06:04:52: Negative sampling...
09/05/2026,06:04:53: Model's personal time...
09/05/2026,06:04:53: Model diagnostics: arce_anchor_count_mean=35.133358, arce_blocker_budget_mean=14.866641, arce_blocker_entropy_mean=4.968573, arce_gamma_max=0.740818, arce_gamma_mean=0.133708, arce_gamma_min=0.049787, arce_gamma_std=0.065872, arce_sampled_teacher_overlap_mean=0.702667
09/05/2026,06:04:53: Training...
09/05/2026,06:04:54: Evaluating...
09/05/2026,06:04:55: 	Train Loss: 3435122.0000 (base: 201.8754, kd: 6869.8403), Elapsed: train 2.65 test 0.28 *
09/05/2026,06:04:55: 	Recall@10: 0.06732 Recall@20: 0.10172 NDCG@10: 0.04099 NDCG@20: 0.05039 
09/05/2026,06:04:55: 	Recall@10: 0.02811 Recall@20: 0.04271 NDCG@10: 0.01554 NDCG@20: 0.01953 
09/05/2026,06:04:55: Epoch [131/1000]
09/05/2026,06:04:55: Negative sampling...
09/05/2026,06:04:56: Model's personal time...
09/05/2026,06:04:56: Model diagnostics: arce_anchor_count_mean=35.180687, arce_blocker_budget_mean=14.819314, arce_blocker_entropy_mean=4.968358, arce_gamma_max=0.740818, arce_gamma_mean=0.133290, arce_gamma_min=0.049787, arce_gamma_std=0.065712, arce_sampled_teacher_overlap_mean=0.703614
09/05/2026,06:04:56: Training...
09/05/2026,06:04:57: Evaluating...
09/05/2026,06:04:57: 	Train Loss: 3435594.0000 (base: 203.0730, kd: 6870.7817), Elapsed: train 2.49 test 0.28
09/05/2026,06:04:57: 	Recall@10: 0.06807 Recall@20: 0.10127 NDCG@10: 0.04128 NDCG@20: 0.05035 
09/05/2026,06:04:57: 	Recall@10: 0.02784 Recall@20: 0.04179 NDCG@10: 0.01550 NDCG@20: 0.01936 
09/05/2026,06:04:57: Epoch [132/1000]
09/05/2026,06:04:57: Negative sampling...
09/05/2026,06:04:59: Model's personal time...
09/05/2026,06:04:59: Model diagnostics: arce_anchor_count_mean=35.217281, arce_blocker_budget_mean=14.782717, arce_blocker_entropy_mean=4.968465, arce_gamma_max=0.740818, arce_gamma_mean=0.132933, arce_gamma_min=0.049787, arce_gamma_std=0.065243, arce_sampled_teacher_overlap_mean=0.704346
09/05/2026,06:04:59: Training...
09/05/2026,06:05:00: Evaluating...
09/05/2026,06:05:00: 	Train Loss: 3435619.2500 (base: 202.5563, kd: 6870.8330), Elapsed: train 2.45 test 0.26
09/05/2026,06:05:00: 	Recall@10: 0.06751 Recall@20: 0.10081 NDCG@10: 0.04085 NDCG@20: 0.05000 
09/05/2026,06:05:00: 	Recall@10: 0.02793 Recall@20: 0.04241 NDCG@10: 0.01556 NDCG@20: 0.01954 
09/05/2026,06:05:00: Epoch [133/1000]
09/05/2026,06:05:00: Negative sampling...
09/05/2026,06:05:02: Model's personal time...
09/05/2026,06:05:02: Model diagnostics: arce_anchor_count_mean=35.265186, arce_blocker_budget_mean=14.734815, arce_blocker_entropy_mean=4.968153, arce_gamma_max=0.740818, arce_gamma_mean=0.132477, arce_gamma_min=0.052866, arce_gamma_std=0.064840, arce_sampled_teacher_overlap_mean=0.705304
09/05/2026,06:05:02: Training...
09/05/2026,06:05:03: Evaluating...
09/05/2026,06:05:03: 	Train Loss: 3435975.5000 (base: 203.1581, kd: 6871.5444), Elapsed: train 2.62 test 0.26
09/05/2026,06:05:03: 	Recall@10: 0.06868 Recall@20: 0.09961 NDCG@10: 0.04119 NDCG@20: 0.04969 
09/05/2026,06:05:03: 	Recall@10: 0.02798 Recall@20: 0.04275 NDCG@10: 0.01558 NDCG@20: 0.01964 
09/05/2026,06:05:03: Epoch [134/1000]
09/05/2026,06:05:03: Negative sampling...
09/05/2026,06:05:04: Model's personal time...
09/05/2026,06:05:04: Model diagnostics: arce_anchor_count_mean=35.290668, arce_blocker_budget_mean=14.709332, arce_blocker_entropy_mean=4.968153, arce_gamma_max=0.740818, arce_gamma_mean=0.132266, arce_gamma_min=0.049787, arce_gamma_std=0.064741, arce_sampled_teacher_overlap_mean=0.705813
09/05/2026,06:05:04: Training...
09/05/2026,06:05:06: Evaluating...
09/05/2026,06:05:06: 	Train Loss: 3435838.0000 (base: 202.4055, kd: 6871.2710), Elapsed: train 2.55 test 0.28
09/05/2026,06:05:06: 	Recall@10: 0.06744 Recall@20: 0.10079 NDCG@10: 0.04087 NDCG@20: 0.05005 
09/05/2026,06:05:06: 	Recall@10: 0.02779 Recall@20: 0.04286 NDCG@10: 0.01551 NDCG@20: 0.01961 
09/05/2026,06:05:06: Epoch [135/1000]
09/05/2026,06:05:06: Negative sampling...
09/05/2026,06:05:07: Model's personal time...
09/05/2026,06:05:07: Model diagnostics: arce_anchor_count_mean=35.331673, arce_blocker_budget_mean=14.668327, arce_blocker_entropy_mean=4.967915, arce_gamma_max=0.740818, arce_gamma_mean=0.131842, arce_gamma_min=0.049787, arce_gamma_std=0.064263, arce_sampled_teacher_overlap_mean=0.706633
09/05/2026,06:05:07: Training...
09/05/2026,06:05:08: Evaluating...
09/05/2026,06:05:09: 	Train Loss: 3436019.7500 (base: 198.1671, kd: 6871.6426), Elapsed: train 2.52 test 0.28
09/05/2026,06:05:09: 	Recall@10: 0.06851 Recall@20: 0.10078 NDCG@10: 0.04113 NDCG@20: 0.04998 
09/05/2026,06:05:09: 	Recall@10: 0.02721 Recall@20: 0.04285 NDCG@10: 0.01522 NDCG@20: 0.01952 
09/05/2026,06:05:09: Epoch [136/1000]
09/05/2026,06:05:09: Negative sampling...
09/05/2026,06:05:10: Model's personal time...
09/05/2026,06:05:10: Model diagnostics: arce_anchor_count_mean=35.358498, arce_blocker_budget_mean=14.641502, arce_blocker_entropy_mean=4.967793, arce_gamma_max=0.740818, arce_gamma_mean=0.131635, arce_gamma_min=0.049787, arce_gamma_std=0.064014, arce_sampled_teacher_overlap_mean=0.707170
09/05/2026,06:05:10: Training...
09/05/2026,06:05:11: Evaluating...
09/05/2026,06:05:12: 	Train Loss: 3436572.7500 (base: 196.6264, kd: 6872.7520), Elapsed: train 2.58 test 0.26
09/05/2026,06:05:12: 	Recall@10: 0.06780 Recall@20: 0.10080 NDCG@10: 0.04097 NDCG@20: 0.05000 
09/05/2026,06:05:12: 	Recall@10: 0.02768 Recall@20: 0.04263 NDCG@10: 0.01541 NDCG@20: 0.01947 
09/05/2026,06:05:12: Epoch [137/1000]
09/05/2026,06:05:12: Negative sampling...
09/05/2026,06:05:13: Model's personal time...
09/05/2026,06:05:13: Model diagnostics: arce_anchor_count_mean=35.401417, arce_blocker_budget_mean=14.598582, arce_blocker_entropy_mean=4.967618, arce_gamma_max=0.740818, arce_gamma_mean=0.131237, arce_gamma_min=0.049787, arce_gamma_std=0.063693, arce_sampled_teacher_overlap_mean=0.708028
09/05/2026,06:05:13: Training...
09/05/2026,06:05:14: Evaluating...
09/05/2026,06:05:14: 	Train Loss: 3436768.5000 (base: 194.6718, kd: 6873.1479), Elapsed: train 2.31 test 0.27
09/05/2026,06:05:14: 	Recall@10: 0.06792 Recall@20: 0.10055 NDCG@10: 0.04118 NDCG@20: 0.05015 
09/05/2026,06:05:14: 	Recall@10: 0.02768 Recall@20: 0.04347 NDCG@10: 0.01543 NDCG@20: 0.01971 
09/05/2026,06:05:14: Epoch [138/1000]
09/05/2026,06:05:14: Negative sampling...
09/05/2026,06:05:16: Model's personal time...
09/05/2026,06:05:16: Model diagnostics: arce_anchor_count_mean=35.424984, arce_blocker_budget_mean=14.575014, arce_blocker_entropy_mean=4.967302, arce_gamma_max=0.740818, arce_gamma_mean=0.131013, arce_gamma_min=0.049787, arce_gamma_std=0.063486, arce_sampled_teacher_overlap_mean=0.708500
09/05/2026,06:05:16: Training...
09/05/2026,06:05:17: Evaluating...
09/05/2026,06:05:17: 	Train Loss: 3436381.7500 (base: 195.9853, kd: 6872.3711), Elapsed: train 2.47 test 0.27 *
09/05/2026,06:05:17: 	Recall@10: 0.06792 Recall@20: 0.10124 NDCG@10: 0.04135 NDCG@20: 0.05045 
09/05/2026,06:05:17: 	Recall@10: 0.02777 Recall@20: 0.04339 NDCG@10: 0.01549 NDCG@20: 0.01973 
09/05/2026,06:05:17: Epoch [139/1000]
09/05/2026,06:05:17: Negative sampling...
09/05/2026,06:05:18: Model's personal time...
09/05/2026,06:05:18: Model diagnostics: arce_anchor_count_mean=35.467331, arce_blocker_budget_mean=14.532669, arce_blocker_entropy_mean=4.967299, arce_gamma_max=0.740818, arce_gamma_mean=0.130666, arce_gamma_min=0.049787, arce_gamma_std=0.063259, arce_sampled_teacher_overlap_mean=0.709347
09/05/2026,06:05:18: Training...
09/05/2026,06:05:19: Evaluating...
09/05/2026,06:05:20: 	Train Loss: 3436445.7500 (base: 192.8037, kd: 6872.5049), Elapsed: train 2.49 test 0.27
09/05/2026,06:05:20: 	Recall@10: 0.06792 Recall@20: 0.10171 NDCG@10: 0.04107 NDCG@20: 0.05031 
09/05/2026,06:05:20: 	Recall@10: 0.02778 Recall@20: 0.04373 NDCG@10: 0.01532 NDCG@20: 0.01963 
09/05/2026,06:05:20: Epoch [140/1000]
09/05/2026,06:05:20: Negative sampling...
09/05/2026,06:05:21: Model's personal time...
09/05/2026,06:05:21: Model diagnostics: arce_anchor_count_mean=35.496838, arce_blocker_budget_mean=14.503161, arce_blocker_entropy_mean=4.967021, arce_gamma_max=0.740818, arce_gamma_mean=0.130350, arce_gamma_min=0.049787, arce_gamma_std=0.062755, arce_sampled_teacher_overlap_mean=0.709937
09/05/2026,06:05:21: Training...
09/05/2026,06:05:22: Evaluating...
09/05/2026,06:05:22: 	Train Loss: 3436853.7500 (base: 193.2277, kd: 6873.3213), Elapsed: train 2.50 test 0.27 *
09/05/2026,06:05:22: 	Recall@10: 0.06865 Recall@20: 0.10149 NDCG@10: 0.04149 NDCG@20: 0.05047 
09/05/2026,06:05:22: 	Recall@10: 0.02717 Recall@20: 0.04258 NDCG@10: 0.01517 NDCG@20: 0.01941 
09/05/2026,06:05:22: Epoch [141/1000]
09/05/2026,06:05:22: Negative sampling...
09/05/2026,06:05:24: Model's personal time...
09/05/2026,06:05:24: Model diagnostics: arce_anchor_count_mean=35.541676, arce_blocker_budget_mean=14.458325, arce_blocker_entropy_mean=4.966988, arce_gamma_max=0.740818, arce_gamma_mean=0.130012, arce_gamma_min=0.049787, arce_gamma_std=0.062718, arce_sampled_teacher_overlap_mean=0.710833
09/05/2026,06:05:24: Training...
09/05/2026,06:05:25: Evaluating...
09/05/2026,06:05:25: 	Train Loss: 3437257.5000 (base: 193.0204, kd: 6874.1289), Elapsed: train 2.55 test 0.29
09/05/2026,06:05:25: 	Recall@10: 0.06735 Recall@20: 0.10016 NDCG@10: 0.04079 NDCG@20: 0.04984 
09/05/2026,06:05:25: 	Recall@10: 0.02682 Recall@20: 0.04297 NDCG@10: 0.01521 NDCG@20: 0.01961 
09/05/2026,06:05:25: Epoch [142/1000]
09/05/2026,06:05:25: Negative sampling...
09/05/2026,06:05:27: Model's personal time...
09/05/2026,06:05:27: Model diagnostics: arce_anchor_count_mean=35.570225, arce_blocker_budget_mean=14.429775, arce_blocker_entropy_mean=4.966968, arce_gamma_max=0.740818, arce_gamma_mean=0.129725, arce_gamma_min=0.049787, arce_gamma_std=0.062376, arce_sampled_teacher_overlap_mean=0.711404
09/05/2026,06:05:27: Training...
09/05/2026,06:05:28: Evaluating...
09/05/2026,06:05:28: 	Train Loss: 3437274.0000 (base: 189.4132, kd: 6874.1694), Elapsed: train 2.51 test 0.27
09/05/2026,06:05:28: 	Recall@10: 0.06842 Recall@20: 0.10161 NDCG@10: 0.04124 NDCG@20: 0.05029 
09/05/2026,06:05:28: 	Recall@10: 0.02730 Recall@20: 0.04342 NDCG@10: 0.01535 NDCG@20: 0.01974 
09/05/2026,06:05:28: Epoch [143/1000]
09/05/2026,06:05:28: Negative sampling...
09/05/2026,06:05:29: Model's personal time...
09/05/2026,06:05:29: Model diagnostics: arce_anchor_count_mean=35.608929, arce_blocker_budget_mean=14.391071, arce_blocker_entropy_mean=4.966487, arce_gamma_max=0.697676, arce_gamma_mean=0.129409, arce_gamma_min=0.052866, arce_gamma_std=0.062098, arce_sampled_teacher_overlap_mean=0.712179
09/05/2026,06:05:29: Training...
09/05/2026,06:05:31: Evaluating...
09/05/2026,06:05:31: 	Train Loss: 3438022.5000 (base: 189.9392, kd: 6875.6655), Elapsed: train 2.55 test 0.26
09/05/2026,06:05:31: 	Recall@10: 0.06777 Recall@20: 0.10106 NDCG@10: 0.04110 NDCG@20: 0.05025 
09/05/2026,06:05:31: 	Recall@10: 0.02673 Recall@20: 0.04328 NDCG@10: 0.01510 NDCG@20: 0.01960 
09/05/2026,06:05:31: Epoch [144/1000]
09/05/2026,06:05:31: Negative sampling...
09/05/2026,06:05:32: Model's personal time...
09/05/2026,06:05:32: Model diagnostics: arce_anchor_count_mean=35.632687, arce_blocker_budget_mean=14.367311, arce_blocker_entropy_mean=4.966345, arce_gamma_max=0.697676, arce_gamma_mean=0.129209, arce_gamma_min=0.049787, arce_gamma_std=0.061991, arce_sampled_teacher_overlap_mean=0.712654
09/05/2026,06:05:32: Training...
09/05/2026,06:05:33: Evaluating...
09/05/2026,06:05:34: 	Train Loss: 3437982.5000 (base: 188.2422, kd: 6875.5884), Elapsed: train 2.51 test 0.27
09/05/2026,06:05:34: 	Recall@10: 0.06810 Recall@20: 0.10133 NDCG@10: 0.04093 NDCG@20: 0.04996 
09/05/2026,06:05:34: 	Recall@10: 0.02756 Recall@20: 0.04282 NDCG@10: 0.01539 NDCG@20: 0.01956 
09/05/2026,06:05:34: Epoch [145/1000]
09/05/2026,06:05:34: Negative sampling...
09/05/2026,06:05:35: Model's personal time...
09/05/2026,06:05:35: Model diagnostics: arce_anchor_count_mean=35.657982, arce_blocker_budget_mean=14.342019, arce_blocker_entropy_mean=4.966546, arce_gamma_max=0.740818, arce_gamma_mean=0.129004, arce_gamma_min=0.049787, arce_gamma_std=0.061836, arce_sampled_teacher_overlap_mean=0.713160
09/05/2026,06:05:35: Training...
09/05/2026,06:05:36: Evaluating...
09/05/2026,06:05:36: 	Train Loss: 3437982.0000 (base: 187.3186, kd: 6875.5894), Elapsed: train 2.37 test 0.32
09/05/2026,06:05:36: 	Recall@10: 0.06840 Recall@20: 0.10180 NDCG@10: 0.04115 NDCG@20: 0.05025 
09/05/2026,06:05:36: 	Recall@10: 0.02711 Recall@20: 0.04385 NDCG@10: 0.01522 NDCG@20: 0.01975 
09/05/2026,06:05:36: Epoch [146/1000]
09/05/2026,06:05:36: Negative sampling...
09/05/2026,06:05:38: Model's personal time...
09/05/2026,06:05:38: Model diagnostics: arce_anchor_count_mean=35.688061, arce_blocker_budget_mean=14.311937, arce_blocker_entropy_mean=4.966254, arce_gamma_max=0.740818, arce_gamma_mean=0.128703, arce_gamma_min=0.049787, arce_gamma_std=0.061532, arce_sampled_teacher_overlap_mean=0.713761
09/05/2026,06:05:38: Training...
09/05/2026,06:05:39: Evaluating...
09/05/2026,06:05:39: 	Train Loss: 3437998.2500 (base: 182.5245, kd: 6875.6313), Elapsed: train 2.39 test 0.29
09/05/2026,06:05:39: 	Recall@10: 0.06852 Recall@20: 0.10182 NDCG@10: 0.04118 NDCG@20: 0.05022 
09/05/2026,06:05:39: 	Recall@10: 0.02731 Recall@20: 0.04326 NDCG@10: 0.01540 NDCG@20: 0.01976 
09/05/2026,06:05:39: Epoch [147/1000]
09/05/2026,06:05:39: Negative sampling...
09/05/2026,06:05:40: Model's personal time...
09/05/2026,06:05:40: Model diagnostics: arce_anchor_count_mean=35.718338, arce_blocker_budget_mean=14.281663, arce_blocker_entropy_mean=4.966067, arce_gamma_max=0.740818, arce_gamma_mean=0.128474, arce_gamma_min=0.049787, arce_gamma_std=0.061429, arce_sampled_teacher_overlap_mean=0.714367
09/05/2026,06:05:40: Training...
09/05/2026,06:05:41: Evaluating...
09/05/2026,06:05:42: 	Train Loss: 3437963.7500 (base: 186.0464, kd: 6875.5547), Elapsed: train 2.45 test 0.28
09/05/2026,06:05:42: 	Recall@10: 0.06804 Recall@20: 0.10144 NDCG@10: 0.04085 NDCG@20: 0.05006 
09/05/2026,06:05:42: 	Recall@10: 0.02751 Recall@20: 0.04386 NDCG@10: 0.01538 NDCG@20: 0.01980 
09/05/2026,06:05:42: Epoch [148/1000]
09/05/2026,06:05:42: Negative sampling...
09/05/2026,06:05:43: Model's personal time...
09/05/2026,06:05:43: Model diagnostics: arce_anchor_count_mean=35.738071, arce_blocker_budget_mean=14.261928, arce_blocker_entropy_mean=4.966204, arce_gamma_max=0.786628, arce_gamma_mean=0.128271, arce_gamma_min=0.052866, arce_gamma_std=0.061203, arce_sampled_teacher_overlap_mean=0.714761
09/05/2026,06:05:43: Training...
09/05/2026,06:05:44: Evaluating...
09/05/2026,06:05:45: 	Train Loss: 3438085.2500 (base: 186.8617, kd: 6875.7969), Elapsed: train 2.63 test 0.27
09/05/2026,06:05:45: 	Recall@10: 0.06849 Recall@20: 0.10162 NDCG@10: 0.04098 NDCG@20: 0.05008 
09/05/2026,06:05:45: 	Recall@10: 0.02701 Recall@20: 0.04357 NDCG@10: 0.01530 NDCG@20: 0.01982 
09/05/2026,06:05:45: Epoch [149/1000]
09/05/2026,06:05:45: Negative sampling...
09/05/2026,06:05:46: Model's personal time...
09/05/2026,06:05:46: Model diagnostics: arce_anchor_count_mean=35.769497, arce_blocker_budget_mean=14.230504, arce_blocker_entropy_mean=4.965842, arce_gamma_max=0.786628, arce_gamma_mean=0.127969, arce_gamma_min=0.049787, arce_gamma_std=0.060901, arce_sampled_teacher_overlap_mean=0.715390
09/05/2026,06:05:46: Training...
09/05/2026,06:05:47: Evaluating...
09/05/2026,06:05:48: 	Train Loss: 3437987.7500 (base: 179.0259, kd: 6875.6172), Elapsed: train 2.62 test 0.30
09/05/2026,06:05:48: 	Recall@10: 0.06822 Recall@20: 0.10121 NDCG@10: 0.04101 NDCG@20: 0.05005 
09/05/2026,06:05:48: 	Recall@10: 0.02717 Recall@20: 0.04357 NDCG@10: 0.01518 NDCG@20: 0.01967 
09/05/2026,06:05:48: Epoch [150/1000]
09/05/2026,06:05:48: Negative sampling...
09/05/2026,06:05:49: Model's personal time...
09/05/2026,06:05:49: Model diagnostics: arce_anchor_count_mean=35.790382, arce_blocker_budget_mean=14.209619, arce_blocker_entropy_mean=4.965554, arce_gamma_max=0.740818, arce_gamma_mean=0.127778, arce_gamma_min=0.049787, arce_gamma_std=0.060652, arce_sampled_teacher_overlap_mean=0.715808
09/05/2026,06:05:49: Training...
09/05/2026,06:05:50: Evaluating...
09/05/2026,06:05:50: 	Train Loss: 3438280.5000 (base: 177.6620, kd: 6876.2061), Elapsed: train 2.56 test 0.26
09/05/2026,06:05:50: 	Recall@10: 0.06820 Recall@20: 0.10142 NDCG@10: 0.04106 NDCG@20: 0.05009 
09/05/2026,06:05:50: 	Recall@10: 0.02740 Recall@20: 0.04335 NDCG@10: 0.01545 NDCG@20: 0.01979 
09/05/2026,06:05:50: Epoch [151/1000]
09/05/2026,06:05:50: Negative sampling...
09/05/2026,06:05:52: Model's personal time...
09/05/2026,06:05:52: Model diagnostics: arce_anchor_count_mean=35.826977, arce_blocker_budget_mean=14.173021, arce_blocker_entropy_mean=4.965745, arce_gamma_max=0.740818, arce_gamma_mean=0.127450, arce_gamma_min=0.049787, arce_gamma_std=0.060358, arce_sampled_teacher_overlap_mean=0.716540
09/05/2026,06:05:52: Training...
09/05/2026,06:05:53: Evaluating...
09/05/2026,06:05:53: 	Train Loss: 3438515.2500 (base: 178.5634, kd: 6876.6733), Elapsed: train 2.49 test 0.28
09/05/2026,06:05:53: 	Recall@10: 0.06819 Recall@20: 0.10102 NDCG@10: 0.04117 NDCG@20: 0.05009 
09/05/2026,06:05:53: 	Recall@10: 0.02721 Recall@20: 0.04329 NDCG@10: 0.01544 NDCG@20: 0.01981 
09/05/2026,06:05:53: Epoch [152/1000]
09/05/2026,06:05:53: Negative sampling...
09/05/2026,06:05:54: Model's personal time...
09/05/2026,06:05:54: Model diagnostics: arce_anchor_count_mean=35.844604, arce_blocker_budget_mean=14.155394, arce_blocker_entropy_mean=4.965769, arce_gamma_max=0.697676, arce_gamma_mean=0.127298, arce_gamma_min=0.049787, arce_gamma_std=0.060267, arce_sampled_teacher_overlap_mean=0.716892
09/05/2026,06:05:54: Training...
09/05/2026,06:05:56: Evaluating...
09/05/2026,06:05:56: 	Train Loss: 3438905.7500 (base: 178.4840, kd: 6877.4541), Elapsed: train 2.49 test 0.26
09/05/2026,06:05:56: 	Recall@10: 0.06837 Recall@20: 0.10060 NDCG@10: 0.04100 NDCG@20: 0.04981 
09/05/2026,06:05:56: 	Recall@10: 0.02692 Recall@20: 0.04358 NDCG@10: 0.01524 NDCG@20: 0.01978 
09/05/2026,06:05:56: Epoch [153/1000]
09/05/2026,06:05:56: Negative sampling...
09/05/2026,06:05:57: Model's personal time...
09/05/2026,06:05:57: Model diagnostics: arce_anchor_count_mean=35.880821, arce_blocker_budget_mean=14.119180, arce_blocker_entropy_mean=4.965614, arce_gamma_max=0.697676, arce_gamma_mean=0.126950, arce_gamma_min=0.049787, arce_gamma_std=0.059813, arce_sampled_teacher_overlap_mean=0.717616
09/05/2026,06:05:57: Training...
09/05/2026,06:05:58: Evaluating...
09/05/2026,06:05:59: 	Train Loss: 3438863.2500 (base: 178.5719, kd: 6877.3696), Elapsed: train 2.35 test 0.29
09/05/2026,06:05:59: 	Recall@10: 0.06797 Recall@20: 0.10140 NDCG@10: 0.04083 NDCG@20: 0.04990 
09/05/2026,06:05:59: 	Recall@10: 0.02701 Recall@20: 0.04417 NDCG@10: 0.01529 NDCG@20: 0.01993 
09/05/2026,06:05:59: Epoch [154/1000]
09/05/2026,06:05:59: Negative sampling...
09/05/2026,06:06:00: Model's personal time...
09/05/2026,06:06:00: Model diagnostics: arce_anchor_count_mean=35.910709, arce_blocker_budget_mean=14.089289, arce_blocker_entropy_mean=4.965338, arce_gamma_max=0.697676, arce_gamma_mean=0.126704, arce_gamma_min=0.049787, arce_gamma_std=0.059656, arce_sampled_teacher_overlap_mean=0.718214
09/05/2026,06:06:00: Training...
09/05/2026,06:06:01: Evaluating...
09/05/2026,06:06:02: 	Train Loss: 3438799.2500 (base: 184.9302, kd: 6877.2290), Elapsed: train 2.78 test 0.26
09/05/2026,06:06:02: 	Recall@10: 0.06834 Recall@20: 0.10152 NDCG@10: 0.04079 NDCG@20: 0.04986 
09/05/2026,06:06:02: 	Recall@10: 0.02727 Recall@20: 0.04355 NDCG@10: 0.01541 NDCG@20: 0.01987 
09/05/2026,06:06:02: Epoch [155/1000]
09/05/2026,06:06:02: Negative sampling...
09/05/2026,06:06:03: Model's personal time...
09/05/2026,06:06:03: Model diagnostics: arce_anchor_count_mean=35.932171, arce_blocker_budget_mean=14.067829, arce_blocker_entropy_mean=4.965384, arce_gamma_max=0.740818, arce_gamma_mean=0.126513, arce_gamma_min=0.049787, arce_gamma_std=0.059553, arce_sampled_teacher_overlap_mean=0.718643
09/05/2026,06:06:03: Training...
09/05/2026,06:06:04: Evaluating...
09/05/2026,06:06:04: 	Train Loss: 3439204.2500 (base: 184.2222, kd: 6878.0400), Elapsed: train 2.56 test 0.26
09/05/2026,06:06:04: 	Recall@10: 0.06852 Recall@20: 0.10116 NDCG@10: 0.04093 NDCG@20: 0.04987 
09/05/2026,06:06:04: 	Recall@10: 0.02740 Recall@20: 0.04341 NDCG@10: 0.01540 NDCG@20: 0.01979 
09/05/2026,06:06:04: Epoch [156/1000]
09/05/2026,06:06:04: Negative sampling...
09/05/2026,06:06:06: Model's personal time...
09/05/2026,06:06:06: Model diagnostics: arce_anchor_count_mean=35.960144, arce_blocker_budget_mean=14.039854, arce_blocker_entropy_mean=4.965385, arce_gamma_max=0.697676, arce_gamma_mean=0.126276, arce_gamma_min=0.049787, arce_gamma_std=0.059251, arce_sampled_teacher_overlap_mean=0.719203
09/05/2026,06:06:06: Training...
09/05/2026,06:06:07: Evaluating...
09/05/2026,06:06:07: 	Train Loss: 3439237.7500 (base: 184.0098, kd: 6878.1084), Elapsed: train 2.47 test 0.30
09/05/2026,06:06:07: 	Recall@10: 0.06900 Recall@20: 0.10187 NDCG@10: 0.04118 NDCG@20: 0.05015 
09/05/2026,06:06:07: 	Recall@10: 0.02692 Recall@20: 0.04353 NDCG@10: 0.01524 NDCG@20: 0.01981 
09/05/2026,06:06:07: Epoch [157/1000]
09/05/2026,06:06:07: Negative sampling...
09/05/2026,06:06:09: Model's personal time...
09/05/2026,06:06:09: Model diagnostics: arce_anchor_count_mean=35.984673, arce_blocker_budget_mean=14.015328, arce_blocker_entropy_mean=4.964956, arce_gamma_max=0.697676, arce_gamma_mean=0.126023, arce_gamma_min=0.049787, arce_gamma_std=0.058861, arce_sampled_teacher_overlap_mean=0.719693
09/05/2026,06:06:09: Training...
09/05/2026,06:06:10: Evaluating...
09/05/2026,06:06:10: 	Train Loss: 3439027.7500 (base: 188.1918, kd: 6877.6797), Elapsed: train 2.58 test 0.27
09/05/2026,06:06:10: 	Recall@10: 0.06892 Recall@20: 0.10115 NDCG@10: 0.04105 NDCG@20: 0.04984 
09/05/2026,06:06:10: 	Recall@10: 0.02682 Recall@20: 0.04337 NDCG@10: 0.01527 NDCG@20: 0.01980 
09/05/2026,06:06:10: Epoch [158/1000]
09/05/2026,06:06:10: Negative sampling...
09/05/2026,06:06:11: Model's personal time...
09/05/2026,06:06:11: Model diagnostics: arce_anchor_count_mean=36.011688, arce_blocker_budget_mean=13.988312, arce_blocker_entropy_mean=4.965016, arce_gamma_max=0.697676, arce_gamma_mean=0.125804, arce_gamma_min=0.049787, arce_gamma_std=0.058727, arce_sampled_teacher_overlap_mean=0.720234
09/05/2026,06:06:11: Training...
09/05/2026,06:06:12: Evaluating...
09/05/2026,06:06:13: 	Train Loss: 3439460.5000 (base: 183.6067, kd: 6878.5532), Elapsed: train 2.44 test 0.32
09/05/2026,06:06:13: 	Recall@10: 0.06886 Recall@20: 0.10136 NDCG@10: 0.04107 NDCG@20: 0.05001 
09/05/2026,06:06:13: 	Recall@10: 0.02694 Recall@20: 0.04380 NDCG@10: 0.01518 NDCG@20: 0.01976 
09/05/2026,06:06:13: Epoch [159/1000]
09/05/2026,06:06:13: Negative sampling...
09/05/2026,06:06:14: Model's personal time...
09/05/2026,06:06:14: Model diagnostics: arce_anchor_count_mean=36.038513, arce_blocker_budget_mean=13.961487, arce_blocker_entropy_mean=4.964778, arce_gamma_max=0.697676, arce_gamma_mean=0.125551, arce_gamma_min=0.049787, arce_gamma_std=0.058468, arce_sampled_teacher_overlap_mean=0.720770
09/05/2026,06:06:14: Training...
09/05/2026,06:06:15: Evaluating...
09/05/2026,06:06:15: 	Train Loss: 3439072.2500 (base: 184.9823, kd: 6877.7749), Elapsed: train 2.47 test 0.27
09/05/2026,06:06:15: 	Recall@10: 0.06934 Recall@20: 0.10158 NDCG@10: 0.04120 NDCG@20: 0.05005 
09/05/2026,06:06:15: 	Recall@10: 0.02701 Recall@20: 0.04365 NDCG@10: 0.01521 NDCG@20: 0.01977 
09/05/2026,06:06:15: Epoch [160/1000]
09/05/2026,06:06:15: Negative sampling...
09/05/2026,06:06:17: Model's personal time...
09/05/2026,06:06:17: Model diagnostics: arce_anchor_count_mean=36.057098, arce_blocker_budget_mean=13.942901, arce_blocker_entropy_mean=4.964679, arce_gamma_max=0.697676, arce_gamma_mean=0.125392, arce_gamma_min=0.049787, arce_gamma_std=0.058359, arce_sampled_teacher_overlap_mean=0.721142
09/05/2026,06:06:17: Training...
09/05/2026,06:06:18: Evaluating...
09/05/2026,06:06:18: 	Train Loss: 3440090.5000 (base: 182.0781, kd: 6879.8164), Elapsed: train 2.53 test 0.28
09/05/2026,06:06:18: 	Recall@10: 0.06883 Recall@20: 0.10146 NDCG@10: 0.04123 NDCG@20: 0.05017 
09/05/2026,06:06:18: 	Recall@10: 0.02698 Recall@20: 0.04362 NDCG@10: 0.01530 NDCG@20: 0.01984 
09/05/2026,06:06:18: Epoch [161/1000]
09/05/2026,06:06:18: Negative sampling...
09/05/2026,06:06:20: Model's personal time...
09/05/2026,06:06:20: Model diagnostics: arce_anchor_count_mean=36.081623, arce_blocker_budget_mean=13.918375, arce_blocker_entropy_mean=4.964580, arce_gamma_max=0.697676, arce_gamma_mean=0.125190, arce_gamma_min=0.049787, arce_gamma_std=0.058286, arce_sampled_teacher_overlap_mean=0.721632
09/05/2026,06:06:20: Training...
09/05/2026,06:06:21: Evaluating...
09/05/2026,06:06:21: 	Train Loss: 3439764.2500 (base: 181.2352, kd: 6879.1665), Elapsed: train 2.40 test 0.27
09/05/2026,06:06:21: 	Recall@10: 0.06882 Recall@20: 0.10070 NDCG@10: 0.04104 NDCG@20: 0.04973 
09/05/2026,06:06:21: 	Recall@10: 0.02715 Recall@20: 0.04336 NDCG@10: 0.01546 NDCG@20: 0.01993 
09/05/2026,06:06:21: Epoch [162/1000]
09/05/2026,06:06:21: Negative sampling...
09/05/2026,06:06:22: Model's personal time...
09/05/2026,06:06:22: Model diagnostics: arce_anchor_count_mean=36.106342, arce_blocker_budget_mean=13.893658, arce_blocker_entropy_mean=4.964633, arce_gamma_max=0.697676, arce_gamma_mean=0.124944, arce_gamma_min=0.049787, arce_gamma_std=0.057960, arce_sampled_teacher_overlap_mean=0.722127
09/05/2026,06:06:22: Training...
09/05/2026,06:06:23: Evaluating...
09/05/2026,06:06:24: 	Train Loss: 3439595.2500 (base: 179.8202, kd: 6878.8315), Elapsed: train 2.52 test 0.26
09/05/2026,06:06:24: 	Recall@10: 0.06951 Recall@20: 0.10046 NDCG@10: 0.04115 NDCG@20: 0.04962 
09/05/2026,06:06:24: 	Recall@10: 0.02666 Recall@20: 0.04350 NDCG@10: 0.01528 NDCG@20: 0.01988 
09/05/2026,06:06:24: Epoch [163/1000]
09/05/2026,06:06:24: Negative sampling...
09/05/2026,06:06:25: Model's personal time...
09/05/2026,06:06:25: Model diagnostics: arce_anchor_count_mean=36.130867, arce_blocker_budget_mean=13.869132, arce_blocker_entropy_mean=4.964839, arce_gamma_max=0.697676, arce_gamma_mean=0.124753, arce_gamma_min=0.049787, arce_gamma_std=0.057773, arce_sampled_teacher_overlap_mean=0.722617
09/05/2026,06:06:25: Training...
09/05/2026,06:06:26: Evaluating...
09/05/2026,06:06:27: 	Train Loss: 3440056.5000 (base: 177.8455, kd: 6879.7568), Elapsed: train 2.50 test 0.26
09/05/2026,06:06:27: 	Recall@10: 0.06877 Recall@20: 0.10110 NDCG@10: 0.04096 NDCG@20: 0.04982 
09/05/2026,06:06:27: 	Recall@10: 0.02718 Recall@20: 0.04269 NDCG@10: 0.01545 NDCG@20: 0.01972 
09/05/2026,06:06:27: Epoch [164/1000]
09/05/2026,06:06:27: Negative sampling...
09/05/2026,06:06:28: Model's personal time...
09/05/2026,06:06:28: Model diagnostics: arce_anchor_count_mean=36.155586, arce_blocker_budget_mean=13.844415, arce_blocker_entropy_mean=4.964702, arce_gamma_max=0.697676, arce_gamma_mean=0.124538, arce_gamma_min=0.049787, arce_gamma_std=0.057590, arce_sampled_teacher_overlap_mean=0.723112
09/05/2026,06:06:28: Training...
09/05/2026,06:06:29: Evaluating...
09/05/2026,06:06:29: 	Train Loss: 3440459.2500 (base: 179.4603, kd: 6880.5596), Elapsed: train 2.47 test 0.26
09/05/2026,06:06:29: 	Recall@10: 0.07015 Recall@20: 0.10091 NDCG@10: 0.04161 NDCG@20: 0.05007 
09/05/2026,06:06:29: 	Recall@10: 0.02785 Recall@20: 0.04287 NDCG@10: 0.01542 NDCG@20: 0.01956 
09/05/2026,06:06:29: Epoch [165/1000]
09/05/2026,06:06:29: Negative sampling...
09/05/2026,06:06:31: Model's personal time...
09/05/2026,06:06:31: Model diagnostics: arce_anchor_count_mean=36.179726, arce_blocker_budget_mean=13.820271, arce_blocker_entropy_mean=4.964479, arce_gamma_max=0.697676, arce_gamma_mean=0.124329, arce_gamma_min=0.049787, arce_gamma_std=0.057361, arce_sampled_teacher_overlap_mean=0.723595
09/05/2026,06:06:31: Training...
09/05/2026,06:06:32: Evaluating...
09/05/2026,06:06:32: 	Train Loss: 3440789.5000 (base: 178.9503, kd: 6881.2217), Elapsed: train 2.43 test 0.27
09/05/2026,06:06:32: 	Recall@10: 0.06956 Recall@20: 0.10134 NDCG@10: 0.04113 NDCG@20: 0.04979 
09/05/2026,06:06:32: 	Recall@10: 0.02805 Recall@20: 0.04262 NDCG@10: 0.01552 NDCG@20: 0.01953 
09/05/2026,06:06:32: Epoch [166/1000]
09/05/2026,06:06:32: Negative sampling...
09/05/2026,06:06:33: Model's personal time...
09/05/2026,06:06:33: Model diagnostics: arce_anchor_count_mean=36.202335, arce_blocker_budget_mean=13.797662, arce_blocker_entropy_mean=4.964446, arce_gamma_max=0.697676, arce_gamma_mean=0.124118, arce_gamma_min=0.049787, arce_gamma_std=0.057124, arce_sampled_teacher_overlap_mean=0.724047
09/05/2026,06:06:33: Training...
09/05/2026,06:06:34: Evaluating...
09/05/2026,06:06:35: 	Train Loss: 3440246.7500 (base: 178.4199, kd: 6880.1362), Elapsed: train 2.45 test 0.26
09/05/2026,06:06:35: 	Recall@10: 0.06876 Recall@20: 0.10072 NDCG@10: 0.04103 NDCG@20: 0.04981 
09/05/2026,06:06:35: 	Recall@10: 0.02747 Recall@20: 0.04358 NDCG@10: 0.01534 NDCG@20: 0.01974 
09/05/2026,06:06:35: Epoch [167/1000]
09/05/2026,06:06:35: Negative sampling...
09/05/2026,06:06:36: Model's personal time...
09/05/2026,06:06:36: Model diagnostics: arce_anchor_count_mean=36.232227, arce_blocker_budget_mean=13.767772, arce_blocker_entropy_mean=4.964401, arce_gamma_max=0.697676, arce_gamma_mean=0.123859, arce_gamma_min=0.049787, arce_gamma_std=0.056918, arce_sampled_teacher_overlap_mean=0.724645
09/05/2026,06:06:36: Training...
09/05/2026,06:06:37: Evaluating...
09/05/2026,06:06:37: 	Train Loss: 3440716.2500 (base: 174.5164, kd: 6881.0835), Elapsed: train 2.47 test 0.32
09/05/2026,06:06:37: 	Recall@10: 0.06907 Recall@20: 0.10149 NDCG@10: 0.04130 NDCG@20: 0.05012 
09/05/2026,06:06:37: 	Recall@10: 0.02700 Recall@20: 0.04260 NDCG@10: 0.01521 NDCG@20: 0.01949 
09/05/2026,06:06:37: Epoch [168/1000]
09/05/2026,06:06:37: Negative sampling...
09/05/2026,06:06:39: Model's personal time...
09/05/2026,06:06:39: Model diagnostics: arce_anchor_count_mean=36.253689, arce_blocker_budget_mean=13.746311, arce_blocker_entropy_mean=4.964285, arce_gamma_max=0.697676, arce_gamma_mean=0.123700, arce_gamma_min=0.049787, arce_gamma_std=0.056873, arce_sampled_teacher_overlap_mean=0.725074
09/05/2026,06:06:39: Training...
09/05/2026,06:06:40: Evaluating...
09/05/2026,06:06:40: 	Train Loss: 3440453.2500 (base: 176.0962, kd: 6880.5542), Elapsed: train 2.52 test 0.26
09/05/2026,06:06:40: 	Recall@10: 0.06932 Recall@20: 0.10080 NDCG@10: 0.04104 NDCG@20: 0.04967 
09/05/2026,06:06:40: 	Recall@10: 0.02710 Recall@20: 0.04355 NDCG@10: 0.01531 NDCG@20: 0.01982 
09/05/2026,06:06:40: Epoch [169/1000]
09/05/2026,06:06:40: Negative sampling...
09/05/2026,06:06:42: Model's personal time...
09/05/2026,06:06:42: Model diagnostics: arce_anchor_count_mean=36.275913, arce_blocker_budget_mean=13.724085, arce_blocker_entropy_mean=4.964452, arce_gamma_max=0.697676, arce_gamma_mean=0.123513, arce_gamma_min=0.049787, arce_gamma_std=0.056731, arce_sampled_teacher_overlap_mean=0.725518
09/05/2026,06:06:42: Training...
09/05/2026,06:06:43: Evaluating...
09/05/2026,06:06:43: 	Train Loss: 3440980.7500 (base: 173.4191, kd: 6881.6143), Elapsed: train 2.38 test 0.27
09/05/2026,06:06:43: 	Recall@10: 0.06934 Recall@20: 0.10129 NDCG@10: 0.04137 NDCG@20: 0.05008 
09/05/2026,06:06:43: 	Recall@10: 0.02728 Recall@20: 0.04349 NDCG@10: 0.01523 NDCG@20: 0.01967 
09/05/2026,06:06:43: Epoch [170/1000]
09/05/2026,06:06:43: Negative sampling...
09/05/2026,06:06:44: Model's personal time...
09/05/2026,06:06:44: Model diagnostics: arce_anchor_count_mean=36.301208, arce_blocker_budget_mean=13.698792, arce_blocker_entropy_mean=4.964439, arce_gamma_max=0.697676, arce_gamma_mean=0.123294, arce_gamma_min=0.049787, arce_gamma_std=0.056599, arce_sampled_teacher_overlap_mean=0.726024
09/05/2026,06:06:44: Training...
09/05/2026,06:06:46: Evaluating...
09/05/2026,06:06:46: 	Train Loss: 3440491.7500 (base: 176.8369, kd: 6880.6299), Elapsed: train 2.64 test 0.30
09/05/2026,06:06:46: 	Recall@10: 0.06957 Recall@20: 0.10149 NDCG@10: 0.04133 NDCG@20: 0.05001 
09/05/2026,06:06:46: 	Recall@10: 0.02699 Recall@20: 0.04426 NDCG@10: 0.01508 NDCG@20: 0.01977 
09/05/2026,06:06:46: ------------------------------
09/05/2026,06:06:46: valid Recall@10: 0.06865 Recall@20: 0.10149 NDCG@10: 0.04149 NDCG@20: 0.05047
09/05/2026,06:06:46: test Recall@10: 0.02717 Recall@20: 0.04258 NDCG@10: 0.01517 NDCG@20: 0.01941
